{"type":"FeatureCollection","features":[{"type":"Feature","geometry":{"type":"LineString","coordinates":[[7.01613,45.76053],[7.01486,45.7607],[7.01263,45.76123],[7.01124,45.76145],[7.01028,45.76155],[7.00986,45.76155],[7.0084,45.76137],[7.00786,45.76141],[7.00616,45.76183],[7.00501,45.76226],[7.00471,45.76233],[7.00335,45.7625],[7.00296,45.76251],[7.00214,45.76243],[7.00151,45.76249],[7.00098,45.76266],[7.0,45.76312]]},"properties":{}},{"type":"Feature","geometry":{"type":"LineString","coordinates":[[7.0,45.77341],[7.00227,45.7726],[7.00373,45.77193],[7.00576,45.77058],[7.00706,45.7694],[7.01138,45.76527],[7.01289,45.76372],[7.01613,45.76053]]},"properties":{}},{"type":"Feature","geometry":{"type":"LineString","coordinates":[[7.01655,45.76047],[7.00932,45.76763],[7.00725,45.76963],[7.00589,45.77081],[7.00427,45.77195],[7.00256,45.77288],[7.00017,45.77376],[7.0,45.77379]]},"properties":{}},{"type":"Feature","geometry":{"type":"LineString","coordinates":[[7.04987,45.87052],[7.04913,45.87008],[7.04891,45.86984],[7.04863,45.86932],[7.04852,45.8692],[7.04835,45.86907],[7.04787,45.86879],[7.04717,45.86856],[7.04575,45.86795],[7.04549,45.8678],[7.0448,45.86681],[7.04468,45.86655],[7.04436,45.86627],[7.04406,45.86585],[7.04386,45.86564],[7.04353,45.86535],[7.04331,45.86508],[7.0432,45.86498],[7.04279,45.86472],[7.04263,45.8645],[7.04254,45.86444],[7.04237,45.86436],[7.04186,45.86422],[7.04133,45.86403],[7.04042,45.86365],[7.04003,45.86362],[7.03974,45.86365],[7.03933,45.86375],[7.03895,45.86368],[7.03874,45.86358],[7.03862,45.86349],[7.03826,45.86304],[7.03802,45.86287],[7.03759,45.86271],[7.03723,45.86189],[7.03699,45.86155],[7.03659,45.86117],[7.03627,45.8607],[7.0356,45.86015],[7.03543,45.85989],[7.03523,45.85934],[7.03508,45.85912],[7.0349,45.85898],[7.03418,45.85858],[7.03407,45.85825],[7.03374,45.85775],[7.03357,45.85744],[7.03315,45.85686],[7.03181,45.85578],[7.03132,45.85523],[7.03093,45.8549],[7.0306,45.85442],[7.03048,45.85429],[7.02932,45.85339],[7.0292,45.85335],[7.02897,45.85335],[7.02739,45.8534],[7.0265,45.8533],[7.02604,45.85331],[7.02595,45.85327],[7.02587,45.85318],[7.02587,45.85302],[7.0261,45.85274],[7.02639,45.85223],[7.02639,45.85218],[7.02632,45.85216],[7.02591,45.85245],[7.02526,45.85284],[7.02518,45.853],[7.02519,45.85325],[7.02516,45.85329],[7.02507,45.8533],[7.02492,45.85312],[7.02489,45.85305],[7.02492,45.85247],[7.02489,45.85237],[7.0248,45.85224],[7.023,45.851],[7.02258,45.85075],[7.02144,45.85028],[7.02022,45.84985],[7.02003,45.84983],[7.01964,45.84987],[7.01947,45.84984],[7.01869,45.84953],[7.01821,45.84911],[7.01797,45.84897],[7.01586,45.84829],[7.01573,45.84821],[7.01565,45.84808],[7.01564,45.8479],[7.0159,45.84661],[7.01591,45.84645],[7.01588,45.84627],[7.01577,45.84603],[7.01536,45.84558],[7.01446,45.84492],[7.01436,45.84479],[7.01419,45.84435],[7.01409,45.84425],[7.01391,45.84413],[7.01219,45.84341],[7.01209,45.84333],[7.01169,45.84288],[7.01126,45.84236],[7.01115,45.84228],[7.01056,45.84204],[7.00897,45.8415],[7.00866,45.84136],[7.00744,45.84066],[7.00433,45.83932],[7.0041,45.83925],[7.00338,45.83913],[7.00299,45.83901],[7.00202,45.83829],[7.0016,45.83787],[7.00082,45.83751],[7.00033,45.83699],[7.0,45.83674]]},"properties":{}},{"type":"Feature","geometry":{"type":"LineString","coordinates":[[7.01613,45.76053],[7.02236,45.75435],[7.02355,45.75321],[7.0248,45.75223],[7.02604,45.75148],[7.02775,45.75067],[7.02932,45.75016],[7.03134,45.74978],[7.03315,45.74962],[7.03531,45.74968],[7.04053,45.75017],[7.0427,45.75031],[7.04366,45.7503],[7.04432,45.75023],[7.0453,45.75004],[7.04584,45.74988],[7.0466,45.74958],[7.04727,45.74924],[7.04875,45.74834],[7.05086,45.74699],[7.05222,45.7463],[7.0536,45.74582],[7.05678,45.74494],[7.05797,45.74454],[7.05955,45.74362],[7.06037,45.74295],[7.06074,45.74257],[7.06103,45.74218],[7.06148,45.74144],[7.06237,45.73938],[7.06258,45.739],[7.063,45.73845],[7.06347,45.73795],[7.06389,45.73762],[7.06465,45.73717],[7.06524,45.73688],[7.0661,45.73658],[7.06719,45.73635],[7.06832,45.73629],[7.06924,45.73629],[7.0703,45.73644],[7.07106,45.73663]]},"properties":{}},{"type":"Feature","geometry":{"type":"LineString","coordinates":[[7.01655,45.76047],[7.01613,45.76053]]},"properties":{}},{"type":"Feature","geometry":{"type":"LineString","coordinates":[[7.0709,45.7368],[7.06972,45.73656],[7.06918,45.73651],[7.0683,45.73651],[7.06744,45.73657],[7.06623,45.73682],[7.06492,45.73733],[7.06383,45.73803],[7.06325,45.73859],[7.06281,45.73917],[7.06242,45.73985],[7.06156,45.74177],[7.0613,45.74217],[7.06079,45.74278],[7.06039,45.74316],[7.05954,45.74377],[7.05897,45.74414],[7.05805,45.74461],[7.05688,45.74501],[7.05454,45.74563],[7.05312,45.74607],[7.05185,45.74658],[7.05079,45.74714],[7.048,45.74892],[7.04727,45.74934],[7.04648,45.74974],[7.04588,45.74997],[7.04501,45.75023],[7.04431,45.75037],[7.04355,45.75046],[7.04265,45.75049],[7.04177,45.75045],[7.03527,45.74991],[7.03331,45.74987],[7.03138,45.75003],[7.02954,45.75045],[7.02796,45.75093],[7.02635,45.75162],[7.025,45.7524],[7.02387,45.75326],[7.01655,45.76047]]},"properties":{}},{"type":"Feature","geometry":{"type":"LineString","coordinates":[[7.03051,45.75966],[7.03022,45.75982],[7.02929,45.7602],[7.02887,45.7603],[7.02841,45.76036],[7.02777,45.76035],[7.02614,45.76019],[7.02316,45.76029],[7.02242,45.76037],[7.02111,45.76064],[7.02063,45.76069],[7.02001,45.76066],[7.01793,45.76038],[7.0172,45.76039],[7.01655,45.76047]]},"properties":{}},{"type":"Feature","geometry":{"type":"LineString","coordinates":[[7.03088,45.75951],[7.03088,45.75962],[7.03078,45.7597],[7.03065,45.75972],[7.03051,45.75966]]},"properties":{}},{"type":"Feature","geometry":{"type":"LineString","coordinates":[[7.03051,45.75966],[7.03047,45.75955],[7.03053,45.75947],[7.03059,45.75944],[7.03076,45.75943],[7.03088,45.75951]]},"properties":{}},{"type":"Feature","geometry":{"type":"LineString","coordinates":[[7.04364,45.75381],[7.03861,45.75602],[7.03822,45.75628],[7.03639,45.75786],[7.03603,45.75811],[7.03553,45.75836],[7.03513,45.75851],[7.03468,45.75863],[7.03088,45.75951]]},"properties":{}},{"type":"Feature","geometry":{"type":"LineString","coordinates":[[7.04364,45.75381],[7.04375,45.75367],[7.04375,45.75358],[7.04384,45.75349],[7.04399,45.75346],[7.04413,45.7535],[7.04437,45.75349]]},"properties":{}},{"type":"Feature","geometry":{"type":"LineString","coordinates":[[7.04437,45.75349],[7.04421,45.75359],[7.0442,45.7537],[7.04408,45.75378],[7.04393,45.75379],[7.04384,45.75376],[7.04364,45.75381]]},"properties":{}},{"type":"Feature","geometry":{"type":"LineString","coordinates":[[7.06132,45.745],[7.06121,45.74527],[7.061,45.74555],[7.06083,45.74569],[7.05906,45.74693],[7.05847,45.74728],[7.051,45.75059],[7.04437,45.75349]]},"properties":{}},{"type":"Feature","geometry":{"type":"LineString","coordinates":[[7.04987,45.87052],[7.05001,45.87061],[7.04996,45.87072],[7.04988,45.87076],[7.04979,45.87074],[7.04976,45.87069],[7.04987,45.87052]]},"properties":{}},{"type":"Feature","geometry":{"type":"LineString","coordinates":[[7.06455,45.63147],[7.06445,45.63124],[7.06449,45.63098],[7.06459,45.63069],[7.06459,45.63052],[7.06454,45.63034],[7.06443,45.63017],[7.06312,45.62882],[7.0628,45.62866],[7.06177,45.62823],[7.06157,45.62809],[7.06112,45.62733],[7.06083,45.62658],[7.06068,45.62637],[7.0601,45.62595],[7.05993,45.62561],[7.0598,45.62526],[7.05981,45.62507],[7.05988,45.62488],[7.05997,45.62443],[7.06014,45.62398],[7.06014,45.6239],[7.06006,45.62386],[7.06,45.62387],[7.05992,45.62396],[7.05967,45.62476],[7.0594,45.62508],[7.05924,45.6255],[7.05922,45.62566],[7.05923,45.62577],[7.05931,45.626],[7.05939,45.62612],[7.05978,45.62643],[7.06011,45.62661],[7.06013,45.62668],[7.05999,45.62671],[7.05948,45.62642],[7.05915,45.62617],[7.05876,45.62568],[7.05874,45.62548],[7.059,45.62452],[7.05909,45.62383],[7.05911,45.62335],[7.05905,45.62238],[7.05902,45.62234],[7.05893,45.62232],[7.05884,45.62238],[7.05887,45.62271],[7.05877,45.62316],[7.05867,45.62348],[7.05864,45.62352],[7.05855,45.62352],[7.05851,45.62349],[7.05829,45.62246],[7.05806,45.62206],[7.05786,45.62191]]},"properties":{}},{"type":"Feature","geometry":{"type":"LineString","coordinates":[[7.06132,45.745],[7.06134,45.74482],[7.06125,45.74454],[7.06137,45.74445],[7.06159,45.74417]]},"properties":{}},{"type":"Feature","geometry":{"type":"LineString","coordinates":[[7.06159,45.74417],[7.06153,45.74447],[7.06159,45.74453],[7.06159,45.74461],[7.06148,45.74468],[7.06132,45.745]]},"properties":{}},{"type":"Feature","geometry":{"type":"LineString","coordinates":[[7.06159,45.74417],[7.0617,45.74377],[7.06198,45.74302],[7.06218,45.74275],[7.06256,45.74246],[7.06282,45.74234],[7.06323,45.74221],[7.06439,45.74196],[7.06592,45.74119],[7.06633,45.74108],[7.06746,45.74089],[7.06782,45.74075],[7.06812,45.74056],[7.06834,45.74034],[7.06847,45.7401],[7.06879,45.73907],[7.06897,45.73871],[7.06943,45.7382],[7.0709,45.7368]]},"properties":{}},{"type":"Feature","geometry":{"type":"LineString","coordinates":[[7.06455,45.63147],[7.06485,45.63161],[7.06496,45.63186],[7.06487,45.63193]]},"properties":{}},{"type":"Feature","geometry":{"type":"LineString","coordinates":[[7.06487,45.63193],[7.06455,45.63147]]},"properties":{}},{"type":"Feature","geometry":{"type":"LineString","coordinates":[[7.07802,45.66787],[7.07812,45.66749],[7.07809,45.66733],[7.07766,45.66663],[7.07742,45.66596],[7.07651,45.66456],[7.07643,45.66435],[7.07642,45.66417],[7.07647,45.66386],[7.07642,45.66364],[7.07627,45.66345],[7.07591,45.66322],[7.07573,45.66304],[7.07572,45.66281],[7.07588,45.66214],[7.07583,45.66185],[7.07444,45.65968],[7.07436,45.65931],[7.07441,45.65898],[7.07459,45.65826],[7.07462,45.65789],[7.07411,45.65579],[7.07397,45.65562],[7.07353,45.65523],[7.07329,45.65494],[7.07316,45.65462],[7.07311,45.65341],[7.07298,45.65303],[7.07274,45.65272],[7.07132,45.65151],[7.07121,45.65135],[7.07116,45.65123],[7.07065,45.64895],[7.07055,45.64885],[7.07042,45.64882],[7.07028,45.64888],[7.07014,45.64928],[7.07005,45.64947],[7.06988,45.6495],[7.0698,45.64946],[7.06978,45.64935],[7.07,45.64851],[7.06996,45.64837],[7.06984,45.64823],[7.06934,45.64781],[7.0692,45.64738],[7.06877,45.64703],[7.06836,45.64417],[7.06827,45.64407],[7.06809,45.64394],[7.06771,45.64376],[7.06685,45.64344],[7.06665,45.64327],[7.06622,45.64269],[7.06587,45.64174],[7.06579,45.64145],[7.06575,45.64117],[7.06576,45.64028],[7.06587,45.63867],[7.06587,45.63833],[7.06581,45.63802],[7.06555,45.63738],[7.06535,45.63667],[7.06482,45.63448],[7.06481,45.63434],[7.06488,45.63421],[7.06542,45.63363],[7.06548,45.63342],[7.06539,45.63306],[7.06504,45.63221],[7.06487,45.63193]]},"properties":{}},{"type":"Feature","geometry":{"type":"LineString","coordinates":[[7.13436,45.70571],[7.1334,45.70625],[7.13229,45.70705],[7.13122,45.70795],[7.12493,45.71362],[7.12328,45.71496],[7.12183,45.71605],[7.11985,45.71733],[7.11766,45.71857],[7.11411,45.72029],[7.1124,45.72097],[7.11001,45.72176],[7.10732,45.72257],[7.10013,45.72448],[7.09946,45.72478],[7.09882,45.72512],[7.09822,45.72558],[7.09768,45.72606],[7.09087,45.73416],[7.08907,45.73586],[7.08808,45.73662],[7.08675,45.73745],[7.08568,45.73792],[7.08479,45.73827],[7.08394,45.73851],[7.08237,45.73878],[7.08057,45.7389],[7.07934,45.73883],[7.07655,45.73848],[7.07477,45.73806],[7.07179,45.73706],[7.0709,45.7368]]},"properties":{}},{"type":"Feature","geometry":{"type":"LineString","coordinates":[[7.07106,45.73663],[7.0709,45.7368]]},"properties":{}},{"type":"Feature","geometry":{"type":"LineString","coordinates":[[7.07106,45.73663],[7.07319,45.73736],[7.07467,45.73782],[7.07598,45.73815],[7.07754,45.73839],[7.07889,45.73851],[7.08002,45.73853],[7.08215,45.73832],[7.08431,45.73787],[7.08563,45.73736],[7.08779,45.7364],[7.08897,45.73556],[7.09002,45.73464],[7.09732,45.72605],[7.09796,45.72549],[7.09865,45.72496],[7.0995,45.72452],[7.10036,45.72415],[7.10757,45.72218],[7.11223,45.72071],[7.11528,45.7194],[7.11741,45.71832],[7.11932,45.71727],[7.12314,45.71468],[7.12472,45.71335],[7.13088,45.70786],[7.13201,45.7069],[7.13327,45.70604],[7.13393,45.70567]]},"properties":{}},{"type":"Feature","geometry":{"type":"LineString","coordinates":[[7.13393,45.70567],[7.13136,45.70547],[7.13091,45.70547],[7.13035,45.70552],[7.12891,45.70587],[7.12595,45.70668],[7.1249,45.70707],[7.12451,45.70728],[7.124,45.7076],[7.12078,45.71003],[7.12033,45.71033],[7.11989,45.71055],[7.11789,45.71129],[7.1171,45.71162],[7.11586,45.71233],[7.1142,45.71305],[7.1135,45.71346],[7.11139,45.71506],[7.11124,45.71524],[7.11114,45.71545],[7.11112,45.716],[7.11102,45.71626],[7.11078,45.71655],[7.11009,45.71706],[7.10943,45.7174],[7.10821,45.71772],[7.10742,45.71802],[7.10342,45.72016],[7.1029,45.72047],[7.1021,45.7211],[7.10161,45.72142],[7.09389,45.72601],[7.09043,45.72788],[7.0902,45.72806],[7.08974,45.72854],[7.08944,45.72875],[7.08896,45.72895],[7.08758,45.72922],[7.08703,45.72937],[7.08523,45.73026],[7.08478,45.73044],[7.08435,45.73057],[7.0816,45.73088],[7.08116,45.73095],[7.08028,45.73118],[7.07945,45.73134],[7.07894,45.73139],[7.07743,45.73141],[7.07714,45.73146],[7.07682,45.73155],[7.07653,45.7317],[7.07447,45.73342],[7.0732,45.73432],[7.07272,45.73471],[7.07106,45.73663]]},"properties":{}},{"type":"Feature","geometry":{"type":"LineString","coordinates":[[7.15053,45.70005],[7.15017,45.69971],[7.15012,45.69962],[7.15011,45.69951],[7.15028,45.69916],[7.15018,45.69906],[7.15008,45.69907],[7.14989,45.6992],[7.14928,45.69975],[7.14925,45.69982],[7.14924,45.70033],[7.14913,45.70038],[7.14904,45.70036],[7.14899,45.70029],[7.14895,45.69997],[7.1488,45.69958],[7.1487,45.69945],[7.14832,45.69922],[7.14812,45.69873],[7.14767,45.69812],[7.14762,45.69801],[7.14776,45.69758],[7.14766,45.69753],[7.14753,45.69758],[7.14747,45.69766],[7.14724,45.69817],[7.14718,45.6982],[7.14704,45.69819],[7.147,45.69812],[7.14691,45.69761],[7.14695,45.69744],[7.14702,45.69737],[7.14725,45.69728],[7.14819,45.69739],[7.14841,45.69738],[7.14867,45.69723],[7.14871,45.69714],[7.14867,45.69705],[7.14847,45.69689],[7.14824,45.69658],[7.14782,45.6963],[7.14766,45.69615],[7.14751,45.69595],[7.14732,45.69557],[7.14711,45.69534],[7.1465,45.69491],[7.14564,45.69466],[7.14546,45.69457],[7.14504,45.6943],[7.14464,45.694],[7.14459,45.69394],[7.14447,45.6936],[7.14443,45.69319],[7.14394,45.69246],[7.14374,45.69233],[7.14362,45.6923],[7.14323,45.69228],[7.14201,45.69213],[7.14141,45.69217],[7.14114,45.69214],[7.1409,45.69207],[7.14053,45.69188],[7.14033,45.69184],[7.14005,45.69183],[7.13993,45.6918],[7.13972,45.69168],[7.13946,45.69143],[7.1393,45.69123],[7.13909,45.69086],[7.13894,45.69015],[7.13868,45.68973],[7.13849,45.68928],[7.13809,45.6888],[7.13786,45.68859],[7.13758,45.68841],[7.13736,45.68831],[7.13719,45.68825],[7.13311,45.68778],[7.13097,45.68739],[7.13063,45.6873],[7.12987,45.68728],[7.12911,45.687],[7.12813,45.68658],[7.12682,45.68591],[7.12642,45.68563],[7.1262,45.68551],[7.12519,45.68508],[7.12487,45.68496],[7.124,45.68473],[7.12293,45.68451],[7.12241,45.68436],[7.12167,45.68437],[7.12132,45.68432],[7.12107,45.68427],[7.12062,45.68407],[7.12033,45.68402],[7.12004,45.68401],[7.11927,45.68409],[7.11894,45.68408],[7.11824,45.68399],[7.11761,45.68388],[7.11706,45.68393],[7.11587,45.68422],[7.11557,45.68418],[7.11402,45.68338],[7.11373,45.68316],[7.11218,45.68174],[7.11181,45.68149],[7.11085,45.68097],[7.11011,45.68068],[7.1097,45.68042],[7.10942,45.68014],[7.10927,45.68006],[7.10879,45.67994],[7.10679,45.679],[7.10632,45.67871],[7.10568,45.67821],[7.10518,45.67795],[7.10506,45.67785],[7.10485,45.67756],[7.10468,45.67749],[7.10287,45.67718],[7.10254,45.67703],[7.10229,45.67682],[7.10172,45.67618],[7.10161,45.6761],[7.1009,45.6758],[7.10048,45.67557],[7.09997,45.67538],[7.09803,45.6751],[7.09759,45.67496],[7.09586,45.6746],[7.09433,45.67411],[7.09368,45.67394],[7.09311,45.6737],[7.09276,45.67361],[7.09214,45.67334],[7.09199,45.67331],[7.09177,45.67332],[7.09096,45.67342],[7.09029,45.67329],[7.09008,45.67328],[7.08958,45.67335],[7.08919,45.6733],[7.08909,45.67332],[7.08906,45.67342],[7.08911,45.67346],[7.08923,45.67348],[7.08976,45.67351],[7.09015,45.67345],[7.09024,45.67353],[7.09021,45.67358],[7.09012,45.67361],[7.08934,45.67363],[7.08862,45.67356],[7.08804,45.67344],[7.08714,45.67345],[7.08667,45.67328],[7.08634,45.6732],[7.08511,45.67243],[7.08477,45.6723],[7.0839,45.67179],[7.08326,45.67151],[7.08301,45.67131],[7.08216,45.67099],[7.08196,45.67088],[7.08023,45.66963],[7.07987,45.66925],[7.07955,45.66906],[7.07894,45.66878],[7.07808,45.66827],[7.07799,45.66817],[7.07797,45.66808],[7.07802,45.66787]]},"properties":{}},{"type":"Feature","geometry":{"type":"LineString","coordinates":[[7.07993,45.67216],[7.07998,45.67145],[7.08008,45.67071],[7.08001,45.6705],[7.07954,45.66985],[7.07926,45.66957],[7.07867,45.66909],[7.07832,45.66885],[7.07777,45.66831],[7.07768,45.66817],[7.07768,45.66803],[7.07773,45.66792],[7.0778,45.66786],[7.0779,45.66784],[7.07802,45.66787]]},"properties":{}},{"type":"Feature","geometry":{"type":"LineString","coordinates":[[7.11808,45.56965],[7.11794,45.56966],[7.11796,45.57005],[7.11802,45.57023],[7.11833,45.5707],[7.11935,45.572],[7.12039,45.57366],[7.12069,45.57423],[7.1209,45.57512],[7.12089,45.57655],[7.121,45.5769],[7.12123,45.57728],[7.12245,45.57862],[7.12269,45.57884],[7.12422,45.58002],[7.12488,45.58038],[7.12527,45.58086],[7.12556,45.58112],[7.12563,45.58123],[7.12588,45.5818],[7.12635,45.58235],[7.12652,45.58251],[7.12701,45.58272],[7.12714,45.58282],[7.12715,45.58291],[7.12711,45.58329],[7.12714,45.58358],[7.12746,45.5843],[7.12755,45.58442],[7.12812,45.58488],[7.12837,45.58548],[7.12847,45.58563],[7.12931,45.58654],[7.12945,45.58663],[7.12973,45.58672],[7.12992,45.58675],[7.13082,45.58677],[7.13098,45.58683],[7.13155,45.58747],[7.13204,45.58795],[7.13249,45.5887],[7.13266,45.58903],[7.13268,45.58913],[7.13263,45.58929],[7.13179,45.59061],[7.13173,45.59087],[7.13173,45.5917],[7.13189,45.59189],[7.13346,45.5934],[7.13358,45.59357],[7.1336,45.59373],[7.13333,45.59484],[7.13325,45.59578],[7.13328,45.59614],[7.13345,45.59695],[7.13356,45.59717],[7.13371,45.59737],[7.13511,45.5991],[7.13668,45.602],[7.13689,45.60252],[7.13695,45.60319],[7.13711,45.60706],[7.13719,45.60727],[7.13754,45.60781],[7.13763,45.60802],[7.13794,45.60954],[7.13819,45.61037],[7.13824,45.61064],[7.1382,45.61088],[7.13783,45.6117],[7.13778,45.61256],[7.13746,45.61318],[7.13745,45.61329],[7.13768,45.61407],[7.13774,45.61448],[7.13774,45.61475],[7.13761,45.61533],[7.13769,45.61587],[7.13783,45.61634],[7.13779,45.61695],[7.13793,45.61721],[7.13818,45.61752],[7.13833,45.61782],[7.13847,45.61823],[7.13863,45.61857],[7.139,45.61918],[7.1392,45.61978],[7.13921,45.62017],[7.13924,45.62028],[7.13955,45.62096],[7.13975,45.62243],[7.13982,45.62259],[7.13999,45.62279],[7.14073,45.62318],[7.14091,45.62333],[7.14194,45.62483],[7.14221,45.62515],[7.14226,45.62532],[7.14222,45.6256],[7.14228,45.62577],[7.14287,45.62644],[7.14336,45.62683],[7.14433,45.62742],[7.14453,45.6276],[7.14465,45.62777],[7.14474,45.62807],[7.14481,45.62857],[7.1447,45.62905],[7.14468,45.62938],[7.14454,45.6298],[7.14451,45.63001],[7.14454,45.63034],[7.14489,45.63113],[7.14662,45.63251],[7.14675,45.63266],[7.14684,45.6331],[7.14792,45.63459],[7.14796,45.63477],[7.148,45.63658],[7.14785,45.63717],[7.14781,45.63929],[7.14784,45.64],[7.14788,45.64035],[7.14799,45.6408],[7.14811,45.64117],[7.14833,45.64163],[7.14865,45.64219],[7.1508,45.64509],[7.15155,45.64581],[7.15197,45.64639],[7.1524,45.64711],[7.1529,45.64826],[7.15324,45.64951],[7.15348,45.65184],[7.15361,45.6521],[7.15387,45.65247],[7.15419,45.6532],[7.15428,45.6538],[7.1543,45.65439],[7.15427,45.65452],[7.15403,45.65486],[7.15387,45.65515],[7.15383,45.65524],[7.15383,45.65537],[7.15386,45.65546],[7.15402,45.65566],[7.15422,45.65622],[7.1545,45.65651],[7.15463,45.65671],[7.15475,45.65707],[7.15496,45.65755],[7.1552,45.65774],[7.1557,45.65798],[7.15623,45.65839],[7.15668,45.65868],[7.15726,45.65915],[7.15787,45.65988],[7.15912,45.66124],[7.15924,45.66143],[7.1593,45.66161],[7.15937,45.66215],[7.15953,45.66246],[7.15977,45.66266],[7.16051,45.66302],[7.16093,45.66347],[7.16117,45.66368],[7.16162,45.66433],[7.16208,45.66467],[7.16262,45.66497],[7.16282,45.66511],[7.16324,45.66567],[7.16385,45.66618],[7.16509,45.66756],[7.16715,45.66896],[7.16792,45.6693],[7.16823,45.66939],[7.16919,45.66944],[7.16986,45.66957],[7.17018,45.6697],[7.17154,45.67065],[7.17186,45.67078],[7.17288,45.67132],[7.17344,45.67179],[7.17386,45.67222],[7.17471,45.67289],[7.17598,45.67349],[7.1762,45.67368],[7.1767,45.67399],[7.17736,45.67434],[7.17804,45.67486],[7.17851,45.67542],[7.17883,45.67595],[7.17898,45.67606],[7.17919,45.67611],[7.17935,45.6762],[7.17949,45.6764],[7.17951,45.67652],[7.17945,45.67664],[7.17944,45.67682],[7.17954,45.67698],[7.17976,45.6771],[7.17981,45.67726],[7.17993,45.67738],[7.17995,45.67749],[7.17989,45.67775],[7.17987,45.67822],[7.17991,45.67854],[7.17998,45.67875],[7.18013,45.67889],[7.18032,45.67959],[7.18041,45.67982],[7.18058,45.68005],[7.18077,45.68041],[7.18125,45.68159],[7.18136,45.68203],[7.18124,45.68237],[7.18125,45.6825],[7.18182,45.68345],[7.18233,45.6839],[7.18263,45.68407],[7.18479,45.68484],[7.18493,45.68492],[7.1856,45.68542],[7.18646,45.68588],[7.18676,45.68599]]},"properties":{}},{"type":"Feature","geometry":{"type":"LineString","coordinates":[[7.13436,45.70571],[7.13393,45.70567]]},"properties":{}},{"type":"Feature","geometry":{"type":"LineString","coordinates":[[7.13393,45.70567],[7.13446,45.70538],[7.13544,45.70494],[7.13748,45.70421],[7.14877,45.70058],[7.15053,45.70005]]},"properties":{}},{"type":"Feature","geometry":{"type":"LineString","coordinates":[[7.13572,45.7061],[7.13519,45.70588],[7.1347,45.70576],[7.13436,45.70571]]},"properties":{}},{"type":"Feature","geometry":{"type":"LineString","coordinates":[[7.15065,45.7002],[7.13718,45.70451],[7.13578,45.70502],[7.13472,45.70551],[7.13436,45.70571]]},"properties":{}},{"type":"Feature","geometry":{"type":"LineString","coordinates":[[7.13572,45.7061],[7.13604,45.70632],[7.13644,45.70647]]},"properties":{}},{"type":"Feature","geometry":{"type":"LineString","coordinates":[[7.13644,45.70647],[7.13602,45.70643],[7.13593,45.70647],[7.13582,45.70646],[7.13574,45.70639],[7.13573,45.70634],[7.13578,45.70628],[7.13572,45.7061]]},"properties":{}},{"type":"Feature","geometry":{"type":"LineString","coordinates":[[7.1546,45.70308],[7.15401,45.70331],[7.15355,45.70344],[7.14844,45.70435],[7.14458,45.70545],[7.14338,45.70563],[7.14223,45.7059],[7.13998,45.7063],[7.13887,45.70658],[7.13838,45.70664],[7.13747,45.70663],[7.13708,45.7066],[7.13644,45.70647]]},"properties":{}},{"type":"Feature","geometry":{"type":"LineString","coordinates":[[7.15065,45.7002],[7.15053,45.70005]]},"properties":{}},{"type":"Feature","geometry":{"type":"LineString","coordinates":[[7.15053,45.70005],[7.15398,45.69907],[7.15611,45.69859],[7.15805,45.69824],[7.16236,45.69783],[7.16558,45.69764],[7.16812,45.69765],[7.18831,45.69816],[7.18918,45.69815],[7.19088,45.69806],[7.1921,45.69791],[7.19344,45.69767],[7.1948,45.69733]]},"properties":{}},{"type":"Feature","geometry":{"type":"LineString","coordinates":[[7.15423,45.70197],[7.15348,45.70226],[7.15322,45.70247],[7.15308,45.70249],[7.15299,45.70246],[7.15294,45.70239],[7.15294,45.70235],[7.15303,45.70226],[7.15341,45.70204],[7.15368,45.70198],[7.15378,45.70192],[7.15378,45.70183],[7.15371,45.70175],[7.1536,45.70174],[7.15341,45.7018],[7.15276,45.70211],[7.15267,45.70222],[7.15264,45.70234],[7.15276,45.70257],[7.15275,45.70262],[7.15263,45.70271],[7.15248,45.70269],[7.15241,45.70261],[7.15237,45.70224],[7.1524,45.70205],[7.15253,45.70183],[7.15298,45.70158],[7.15305,45.70149],[7.15304,45.70146],[7.15292,45.70136],[7.15278,45.70138],[7.15261,45.70147],[7.15248,45.7016],[7.15238,45.70164],[7.15221,45.70157],[7.1522,45.70149],[7.15222,45.70145],[7.15263,45.70128],[7.15337,45.70129],[7.15348,45.70123],[7.1535,45.70115],[7.15347,45.70112],[7.15342,45.70108],[7.15328,45.70106],[7.15304,45.70118],[7.15292,45.7012],[7.1521,45.70106],[7.15054,45.701],[7.15047,45.70098],[7.15041,45.70089],[7.15046,45.70078],[7.15063,45.7006],[7.1507,45.70031],[7.15065,45.7002]]},"properties":{}},{"type":"Feature","geometry":{"type":"LineString","coordinates":[[7.19479,45.69746],[7.19384,45.69771],[7.19213,45.69803],[7.19069,45.69821],[7.18923,45.6983],[7.18709,45.6983],[7.17576,45.69812],[7.16802,45.69796],[7.1646,45.69793],[7.16204,45.69803],[7.15877,45.69833],[7.15615,45.69877],[7.15408,45.69923],[7.15065,45.7002]]},"properties":{}},{"type":"Feature","geometry":{"type":"LineString","coordinates":[[7.15423,45.70197],[7.15413,45.70207],[7.15374,45.70222],[7.15337,45.70247],[7.15329,45.70254],[7.15327,45.70261],[7.15331,45.70282],[7.1534,45.703],[7.15347,45.70305],[7.15375,45.70311],[7.15396,45.70306],[7.15427,45.70291],[7.1545,45.70284]]},"properties":{}},{"type":"Feature","geometry":{"type":"LineString","coordinates":[[7.1625,45.70225],[7.16246,45.70217],[7.16225,45.70203],[7.16043,45.70114],[7.15963,45.70061],[7.15913,45.70052],[7.15803,45.70045],[7.15773,45.7004],[7.157,45.70005],[7.15678,45.69981],[7.1567,45.6998],[7.15608,45.70004],[7.15575,45.70025],[7.15544,45.70084],[7.15472,45.70116],[7.15465,45.70124],[7.15463,45.70133],[7.15467,45.70157],[7.15461,45.70167],[7.15443,45.70186],[7.15423,45.70197]]},"properties":{}},{"type":"Feature","geometry":{"type":"LineString","coordinates":[[7.1546,45.70308],[7.15459,45.70288],[7.1545,45.70284]]},"properties":{}},{"type":"Feature","geometry":{"type":"LineString","coordinates":[[7.1545,45.70284],[7.15487,45.70283],[7.15493,45.70289],[7.15493,45.70294]]},"properties":{}},{"type":"Feature","geometry":{"type":"LineString","coordinates":[[7.15493,45.70294],[7.1546,45.70308]]},"properties":{}},{"type":"Feature","geometry":{"type":"LineString","coordinates":[[7.1624,45.70231],[7.16183,45.70208],[7.16141,45.70197],[7.1609,45.70192],[7.16042,45.70193],[7.15635,45.70242],[7.15598,45.70252],[7.15493,45.70294]]},"properties":{}},{"type":"Feature","geometry":{"type":"LineString","coordinates":[[7.16272,45.70252],[7.16258,45.70255],[7.16243,45.70251],[7.16236,45.70241],[7.1624,45.70231]]},"properties":{}},{"type":"Feature","geometry":{"type":"LineString","coordinates":[[7.1624,45.70231],[7.1625,45.70225]]},"properties":{}},{"type":"Feature","geometry":{"type":"LineString","coordinates":[[7.1625,45.70225],[7.16265,45.70224],[7.16277,45.70229],[7.16282,45.70239],[7.16281,45.70244],[7.16272,45.70252]]},"properties":{}},{"type":"Feature","geometry":{"type":"LineString","coordinates":[[7.16272,45.70252],[7.1634,45.70316],[7.16389,45.70357],[7.16419,45.70372],[7.16454,45.70384],[7.16494,45.70389],[7.16528,45.70389],[7.1684,45.70334],[7.16896,45.7033],[7.16949,45.70334],[7.17008,45.70346],[7.17047,45.70361],[7.17164,45.70448],[7.17217,45.7047],[7.17525,45.70554],[7.17686,45.70581],[7.17783,45.70587],[7.17817,45.70582],[7.17867,45.70567],[7.17894,45.70555],[7.17946,45.7052],[7.18007,45.70477],[7.18045,45.70446],[7.18123,45.70358],[7.18161,45.70331],[7.18193,45.70318],[7.18222,45.70311],[7.18267,45.70307],[7.18435,45.70313],[7.18487,45.70304],[7.18514,45.70296],[7.18538,45.70285],[7.19053,45.69995]]},"properties":{}},{"type":"Feature","geometry":{"type":"LineString","coordinates":[[7.1948,45.69733],[7.19483,45.69704],[7.19489,45.69686],[7.1953,45.69638],[7.19534,45.69617],[7.1953,45.696],[7.19521,45.69588],[7.19503,45.69576],[7.19487,45.69571],[7.19451,45.6957],[7.19395,45.69574],[7.19299,45.6959],[7.19236,45.69596],[7.19211,45.69605],[7.1918,45.69638],[7.19154,45.69647],[7.19097,45.6964],[7.19077,45.69642],[7.19032,45.69657],[7.19006,45.69662],[7.1876,45.6967],[7.18687,45.69667],[7.18663,45.6966],[7.18642,45.69648],[7.18588,45.69603],[7.18473,45.69564],[7.1847,45.69559],[7.18472,45.69553],[7.18485,45.69547],[7.18586,45.69561],[7.1863,45.6957],[7.1864,45.69568],[7.18645,45.69564],[7.18646,45.69559],[7.18642,45.69552],[7.18536,45.69495],[7.18508,45.69493],[7.18463,45.69505],[7.18417,45.69507],[7.18405,45.69503],[7.18336,45.69458],[7.18274,45.69426],[7.18224,45.69406],[7.1814,45.69383],[7.18105,45.69365],[7.18084,45.69361],[7.18029,45.69364],[7.17929,45.69347],[7.17897,45.69347],[7.17866,45.69352],[7.17855,45.69347],[7.17856,45.69338],[7.1787,45.69334],[7.17949,45.69335],[7.17988,45.69342],[7.18015,45.69341],[7.1813,45.69316],[7.18284,45.69275],[7.18298,45.6927],[7.18344,45.69236],[7.18363,45.69227],[7.18383,45.69225],[7.18432,45.69236],[7.1845,45.69234],[7.18465,45.69226],[7.18485,45.69199],[7.18489,45.69189],[7.18487,45.69165],[7.18495,45.69161],[7.18543,45.6915],[7.18555,45.69144],[7.18557,45.69112],[7.18564,45.69101],[7.18607,45.69081],[7.18657,45.69051],[7.18698,45.69041],[7.18736,45.68998],[7.18786,45.68984],[7.18907,45.68916],[7.18914,45.68906],[7.18916,45.68889],[7.1891,45.68877],[7.18897,45.68869],[7.18872,45.68863],[7.18731,45.68844],[7.18707,45.68833],[7.18705,45.68825],[7.18708,45.68814],[7.18728,45.68801],[7.18749,45.68793],[7.18807,45.68787],[7.18817,45.6878],[7.1882,45.68771],[7.18814,45.68763],[7.18798,45.68758],[7.187,45.68748],[7.18695,45.68744],[7.18698,45.68734],[7.18761,45.68723],[7.18789,45.68705],[7.188,45.68701],[7.18821,45.68702],[7.18838,45.68705],[7.18847,45.68712],[7.18862,45.68732],[7.18867,45.68734],[7.18883,45.68732],[7.18888,45.68722],[7.18841,45.68662],[7.18812,45.68639],[7.18772,45.68623],[7.18676,45.68599]]},"properties":{}},{"type":"Feature","geometry":{"type":"LineString","coordinates":[[7.18676,45.68599],[7.18652,45.68581],[7.18589,45.68545],[7.18583,45.68538],[7.18587,45.68527],[7.186,45.68521],[7.18761,45.68523],[7.18826,45.6853],[7.18836,45.68528],[7.18841,45.68519],[7.18837,45.68514],[7.18823,45.68509],[7.18779,45.68504],[7.18688,45.68462],[7.18631,45.68441],[7.18617,45.68433],[7.18599,45.68413],[7.18577,45.68403],[7.18531,45.68392],[7.18465,45.68383],[7.18409,45.6837],[7.18367,45.6837],[7.18361,45.68366],[7.18361,45.6836],[7.18377,45.68356],[7.18449,45.68358],[7.18518,45.68352],[7.18584,45.68366],[7.18631,45.68366],[7.18817,45.68381],[7.18827,45.68381],[7.18844,45.68375],[7.18865,45.68374],[7.18879,45.68376],[7.18898,45.68386],[7.18935,45.68392],[7.18994,45.68417],[7.19046,45.6842],[7.19104,45.68436],[7.19135,45.68436],[7.19234,45.68418],[7.19242,45.68413],[7.19243,45.68407],[7.1924,45.68401],[7.19233,45.68398],[7.19197,45.68398],[7.19153,45.68387],[7.19115,45.68384],[7.19092,45.68379],[7.19023,45.68355],[7.19017,45.68349],[7.19018,45.6834],[7.19026,45.68335],[7.1907,45.68326],[7.192,45.6831],[7.19291,45.68315],[7.19354,45.68328],[7.19373,45.68329],[7.19394,45.68318],[7.19444,45.68277],[7.19463,45.68255],[7.19475,45.68155],[7.19478,45.68147],[7.19575,45.68075],[7.19604,45.68008],[7.19627,45.67973],[7.1964,45.67927],[7.19651,45.67913],[7.19712,45.67877],[7.19716,45.67862],[7.1972,45.67801],[7.19723,45.67794],[7.19767,45.67742],[7.19779,45.6771],[7.19782,45.67674],[7.19788,45.67664],[7.19811,45.67645],[7.19823,45.67631],[7.19836,45.67604],[7.19864,45.67506],[7.19882,45.67456],[7.1988,45.67403],[7.19882,45.6739],[7.19941,45.67292],[7.19946,45.67258],[7.19956,45.67227],[7.19986,45.67172],[7.20001,45.67131],[7.20037,45.67074],[7.20076,45.67006],[7.20081,45.66972],[7.20081,45.66913],[7.20095,45.66893],[7.20121,45.66811],[7.20187,45.66695],[7.20191,45.66677],[7.20194,45.66621],[7.20234,45.66499],[7.20238,45.66393],[7.20243,45.6634],[7.20295,45.66234],[7.20308,45.66199],[7.20302,45.6615],[7.20261,45.65992],[7.2026,45.65965],[7.20275,45.65929],[7.20275,45.65917],[7.20253,45.65859],[7.20247,45.65829],[7.20247,45.65801],[7.20251,45.65788],[7.20251,45.65773],[7.20239,45.65715],[7.20242,45.65696],[7.20256,45.65659],[7.20259,45.65635],[7.20257,45.6557],[7.20254,45.65549],[7.20239,45.65502],[7.20237,45.65472],[7.20246,45.6542],[7.20288,45.65243],[7.2029,45.65159],[7.20274,45.65061],[7.20237,45.64982],[7.20199,45.64917],[7.20177,45.64827],[7.20163,45.64794],[7.20161,45.64782],[7.20164,45.64759],[7.20171,45.6475],[7.20231,45.64708],[7.20235,45.64688],[7.20231,45.64676],[7.20221,45.64662],[7.20171,45.64601],[7.20158,45.6458],[7.20152,45.64556],[7.2015,45.64506],[7.20143,45.64491],[7.2007,45.64415],[7.20046,45.64403],[7.20007,45.64396],[7.19992,45.64377],[7.19966,45.64309],[7.19954,45.6424],[7.19958,45.64212],[7.1998,45.64162],[7.19984,45.64139],[7.19978,45.64125],[7.1997,45.64114],[7.19937,45.64091],[7.19934,45.6408],[7.19939,45.64073],[7.19951,45.64068],[7.19967,45.64072],[7.20011,45.64133],[7.20015,45.64151],[7.2001,45.64172],[7.20012,45.64178],[7.20019,45.64184],[7.20028,45.64185],[7.20043,45.64179],[7.20048,45.64163],[7.20036,45.64091],[7.20032,45.64083],[7.19989,45.64047],[7.19963,45.6403],[7.19954,45.64016],[7.19958,45.64],[7.19976,45.6397],[7.19976,45.63871],[7.19982,45.63848],[7.19982,45.63835],[7.19965,45.63737],[7.19926,45.63649],[7.1992,45.63624],[7.1992,45.63598],[7.1996,45.63509],[7.19965,45.6349],[7.19962,45.63456],[7.1992,45.63297],[7.19928,45.63185],[7.19934,45.63155],[7.19983,45.62993],[7.19986,45.62976],[7.19981,45.62846],[7.20005,45.62773],[7.19987,45.62685],[7.19972,45.62663],[7.19944,45.62637],[7.19913,45.62565],[7.19912,45.62555],[7.1992,45.62536],[7.1996,45.62473],[7.19969,45.624],[7.20018,45.622],[7.20062,45.62089],[7.20067,45.62065],[7.20064,45.61975],[7.2006,45.61958],[7.20017,45.61862],[7.19967,45.61779],[7.19969,45.61773],[7.19984,45.61767],[7.20008,45.61777],[7.20039,45.61807],[7.20086,45.61839],[7.20093,45.61853],[7.20093,45.61876],[7.20098,45.6188],[7.20112,45.61883],[7.20127,45.61879],[7.20137,45.61871],[7.20157,45.61843],[7.20176,45.61795],[7.20179,45.61777],[7.2017,45.61757],[7.20102,45.61695],[7.20081,45.6167],[7.20066,45.61561],[7.20001,45.61423],[7.20001,45.61403],[7.20033,45.61316],[7.20039,45.61291],[7.2001,45.61192],[7.20007,45.61177],[7.20009,45.61141],[7.20018,45.61091],[7.20036,45.61057],[7.20055,45.6101],[7.20058,45.60942],[7.20062,45.60921],[7.20216,45.60669],[7.20219,45.60658],[7.20219,45.60593],[7.20227,45.6051],[7.20302,45.60337],[7.20313,45.60287],[7.20321,45.60274],[7.20331,45.60268],[7.20392,45.60245],[7.20416,45.60229],[7.20502,45.60104],[7.20517,45.60039],[7.20518,45.60022],[7.20516,45.59987],[7.20519,45.59971],[7.20529,45.59956],[7.20584,45.59918],[7.20593,45.59902],[7.20597,45.59862],[7.20589,45.59828],[7.2059,45.59804],[7.20633,45.59743],[7.20684,45.59702],[7.20693,45.5969],[7.20694,45.59675],[7.20681,45.59618],[7.2067,45.5949],[7.2067,45.59479],[7.20676,45.59463],[7.20763,45.59373],[7.20834,45.59333],[7.20854,45.59314],[7.20872,45.59292],[7.20975,45.59057],[7.20971,45.59033],[7.2093,45.5896],[7.2091,45.58932],[7.20886,45.58913],[7.20797,45.58871],[7.20788,45.58863],[7.20781,45.5884],[7.20787,45.58803],[7.20787,45.58739],[7.2079,45.58718],[7.20802,45.58699],[7.20813,45.5869],[7.20916,45.58643],[7.20936,45.58625],[7.20959,45.58571],[7.20962,45.58555],[7.2096,45.58527],[7.20942,45.58481],[7.20941,45.58472],[7.20943,45.58464],[7.20957,45.58439],[7.20978,45.58423],[7.21098,45.58372],[7.21152,45.5834],[7.21161,45.58332],[7.21188,45.58277],[7.21193,45.58265],[7.21188,45.58239],[7.21115,45.58106],[7.21109,45.5809],[7.21106,45.58063],[7.21117,45.58041],[7.21225,45.57902],[7.21234,45.57886],[7.21252,45.57833],[7.21278,45.57654],[7.21275,45.57641],[7.21242,45.57574],[7.21183,45.5747],[7.21169,45.57423],[7.21121,45.57355],[7.21018,45.57156],[7.21016,45.57134],[7.21027,45.57101],[7.21028,45.57078],[7.20974,45.56957],[7.20979,45.56928],[7.21003,45.56869],[7.21003,45.56864],[7.20979,45.56852],[7.20974,45.56845],[7.20969,45.56821],[7.20964,45.56811],[7.20862,45.56714],[7.20806,45.56654],[7.20798,45.56637],[7.20778,45.56553],[7.20789,45.56478],[7.20781,45.5639],[7.20788,45.56358],[7.20797,45.56335],[7.20879,45.56207],[7.20883,45.56193],[7.2087,45.56162],[7.20872,45.56142],[7.20884,45.56127],[7.20906,45.56111],[7.20913,45.56089],[7.20935,45.56049],[7.20963,45.55985],[7.21006,45.55948],[7.21046,45.55932],[7.21058,45.55919],[7.21095,45.55859],[7.21103,45.55823],[7.21107,45.55787],[7.21114,45.55773],[7.21146,45.55745],[7.21185,45.55733],[7.21186,45.55704],[7.21172,45.55518],[7.21182,45.55514],[7.21196,45.55517],[7.21204,45.55584],[7.21208,45.5559],[7.21222,45.55591],[7.21228,45.55582],[7.21231,45.55456],[7.21239,45.55347],[7.21239,45.55299],[7.21238,45.55284],[7.21232,45.55267],[7.2122,45.55246],[7.21216,45.55225],[7.21243,45.55151],[7.21227,45.55096],[7.21233,45.5507],[7.21208,45.55059],[7.21202,45.55053],[7.21185,45.54968],[7.21158,45.54858],[7.21154,45.54781],[7.21156,45.54763],[7.21173,45.54713],[7.21175,45.54657],[7.21203,45.54626],[7.21214,45.54607],[7.21232,45.5449],[7.21223,45.5447],[7.21213,45.54458],[7.21146,45.54388],[7.21124,45.54361],[7.21114,45.54344],[7.2111,45.54321],[7.2111,45.54284],[7.21117,45.54209],[7.21129,45.54179],[7.2116,45.54122],[7.21163,45.54107],[7.21161,45.54098],[7.21156,45.54089],[7.21137,45.54073],[7.21042,45.54004],[7.21035,45.53997],[7.21028,45.53976],[7.21023,45.53939],[7.20998,45.5389],[7.20965,45.53851],[7.20959,45.53838],[7.20956,45.53814],[7.2095,45.53801],[7.20876,45.53728],[7.20873,45.53721],[7.20871,45.53701],[7.20863,45.53683],[7.20813,45.53634],[7.20797,45.53607],[7.20793,45.53578],[7.20738,45.53503],[7.20711,45.53476],[7.20641,45.53419],[7.20582,45.5335],[7.2053,45.53319],[7.20438,45.53222],[7.20351,45.53166],[7.20336,45.53149],[7.20329,45.53132],[7.20329,45.53085],[7.20323,45.53062],[7.20249,45.5296],[7.20241,45.52923],[7.20245,45.52812],[7.20234,45.5277],[7.20228,45.52761],[7.20163,45.5272],[7.20152,45.52708],[7.20141,45.52647],[7.20132,45.52619],[7.20118,45.52589],[7.20068,45.52538],[7.20051,45.52504]]},"properties":{}},{"type":"Feature","geometry":{"type":"LineString","coordinates":[[7.19184,45.69966],[7.19197,45.69971],[7.19254,45.69981],[7.19257,45.69993],[7.19249,45.69998],[7.19095,45.7001],[7.19065,45.70006],[7.19053,45.69995]]},"properties":{}},{"type":"Feature","geometry":{"type":"LineString","coordinates":[[7.19053,45.69995],[7.19054,45.69987],[7.1906,45.69979],[7.19128,45.69947],[7.1915,45.6993],[7.19168,45.69911]]},"properties":{}},{"type":"Feature","geometry":{"type":"LineString","coordinates":[[7.19139,45.69969],[7.19093,45.69979],[7.19053,45.69995]]},"properties":{}},{"type":"Feature","geometry":{"type":"LineString","coordinates":[[7.19139,45.69969],[7.19159,45.69962],[7.19252,45.69965],[7.19266,45.69962],[7.19278,45.69951],[7.19277,45.69938],[7.1927,45.69929]]},"properties":{}},{"type":"Feature","geometry":{"type":"LineString","coordinates":[[7.19184,45.69966],[7.19139,45.69969]]},"properties":{}},{"type":"Feature","geometry":{"type":"LineString","coordinates":[[7.19199,45.69917],[7.19168,45.69911]]},"properties":{}},{"type":"Feature","geometry":{"type":"LineString","coordinates":[[7.19168,45.69911],[7.1918,45.69891]]},"properties":{}},{"type":"Feature","geometry":{"type":"LineString","coordinates":[[7.1918,45.69891],[7.19186,45.6991],[7.19199,45.69917]]},"properties":{}},{"type":"Feature","geometry":{"type":"LineString","coordinates":[[7.1918,45.69891],[7.19192,45.69867],[7.19206,45.69855],[7.19428,45.69814]]},"properties":{}},{"type":"Feature","geometry":{"type":"LineString","coordinates":[[7.19447,45.70024],[7.19253,45.69974],[7.19184,45.69966]]},"properties":{}},{"type":"Feature","geometry":{"type":"LineString","coordinates":[[7.1927,45.69929],[7.19261,45.69925],[7.19199,45.69917]]},"properties":{}},{"type":"Feature","geometry":{"type":"LineString","coordinates":[[7.1927,45.69929],[7.19289,45.69938],[7.1932,45.6997],[7.19346,45.69988],[7.19359,45.69995],[7.19423,45.70012],[7.19447,45.70024]]},"properties":{}},{"type":"Feature","geometry":{"type":"LineString","coordinates":[[7.19428,45.69814],[7.19463,45.69796],[7.19469,45.69786]]},"properties":{}},{"type":"Feature","geometry":{"type":"LineString","coordinates":[[7.19484,45.69799],[7.19449,45.6981],[7.19428,45.69814]]},"properties":{}},{"type":"Feature","geometry":{"type":"LineString","coordinates":[[7.2039,45.70275],[7.20341,45.70257],[7.19447,45.70024]]},"properties":{}},{"type":"Feature","geometry":{"type":"LineString","coordinates":[[7.19484,45.69799],[7.19473,45.69795],[7.19469,45.69786]]},"properties":{}},{"type":"Feature","geometry":{"type":"LineString","coordinates":[[7.19469,45.69786],[7.19469,45.69784]]},"properties":{}},{"type":"Feature","geometry":{"type":"LineString","coordinates":[[7.19469,45.69784],[7.19476,45.69773],[7.19479,45.69757]]},"properties":{}},{"type":"Feature","geometry":{"type":"LineString","coordinates":[[7.19469,45.69784],[7.19473,45.69779],[7.19486,45.69775]]},"properties":{}},{"type":"Feature","geometry":{"type":"LineString","coordinates":[[7.19479,45.69757],[7.19486,45.69775]]},"properties":{}},{"type":"Feature","geometry":{"type":"LineString","coordinates":[[7.19479,45.69746],[7.19479,45.69757]]},"properties":{}},{"type":"Feature","geometry":{"type":"LineString","coordinates":[[7.1948,45.69733],[7.19479,45.69746]]},"properties":{}},{"type":"Feature","geometry":{"type":"LineString","coordinates":[[7.24152,45.7071],[7.24058,45.70681],[7.23796,45.7059],[7.23626,45.70518],[7.22004,45.69753],[7.21743,45.69637],[7.21549,45.69572],[7.21286,45.69506],[7.21222,45.69496],[7.20954,45.69465],[7.20708,45.69466],[7.20521,45.6948],[7.20284,45.69516],[7.20037,45.69567],[7.19847,45.69633],[7.19606,45.6971],[7.19479,45.69746]]},"properties":{}},{"type":"Feature","geometry":{"type":"LineString","coordinates":[[7.1948,45.69733],[7.19605,45.69694],[7.20021,45.69553],[7.20253,45.69494],[7.20498,45.69456],[7.20731,45.69438],[7.20947,45.6944],[7.21106,45.69455],[7.21294,45.69483],[7.21407,45.69508],[7.21573,45.69555],[7.21754,45.69616],[7.2201,45.69732],[7.22383,45.69913],[7.22664,45.70039],[7.2307,45.70234],[7.23766,45.70562],[7.23929,45.70627],[7.24024,45.70659]]},"properties":{}},{"type":"Feature","geometry":{"type":"LineString","coordinates":[[7.19501,45.69791],[7.19494,45.69797],[7.19484,45.69799]]},"properties":{}},{"type":"Feature","geometry":{"type":"LineString","coordinates":[[7.19486,45.69775],[7.19499,45.6978]]},"properties":{}},{"type":"Feature","geometry":{"type":"LineString","coordinates":[[7.19499,45.6978],[7.19502,45.69788]]},"properties":{}},{"type":"Feature","geometry":{"type":"LineString","coordinates":[[7.19499,45.6978],[7.19534,45.6978]]},"properties":{}},{"type":"Feature","geometry":{"type":"LineString","coordinates":[[7.19501,45.69791],[7.19503,45.698],[7.19513,45.69813],[7.19554,45.69841],[7.19725,45.69919],[7.19736,45.69918],[7.19781,45.69868]]},"properties":{}},{"type":"Feature","geometry":{"type":"LineString","coordinates":[[7.19502,45.69788],[7.19501,45.69791]]},"properties":{}},{"type":"Feature","geometry":{"type":"LineString","coordinates":[[7.19534,45.6978],[7.19502,45.69788]]},"properties":{}},{"type":"Feature","geometry":{"type":"LineString","coordinates":[[7.19534,45.6978],[7.19585,45.69774],[7.19598,45.69776],[7.19672,45.69817],[7.19781,45.69868]]},"properties":{}},{"type":"Feature","geometry":{"type":"LineString","coordinates":[[7.19781,45.69868],[7.19871,45.69904],[7.19905,45.69904],[7.19928,45.69893],[7.19943,45.69877],[7.19964,45.69819],[7.19972,45.69808],[7.19983,45.69801],[7.20001,45.69797],[7.20078,45.69797],[7.20095,45.69799],[7.20189,45.6985],[7.20365,45.69953],[7.2064,45.70122],[7.20656,45.70135],[7.20688,45.70169],[7.20704,45.70181],[7.20735,45.70224],[7.20737,45.70248]]},"properties":{}},{"type":"Feature","geometry":{"type":"LineString","coordinates":[[7.20051,45.52504],[7.20046,45.52484],[7.20055,45.52483],[7.20058,45.52497],[7.20051,45.52504]]},"properties":{}},{"type":"Feature","geometry":{"type":"LineString","coordinates":[[7.20737,45.70248],[7.20718,45.70248],[7.20698,45.70252],[7.20556,45.70298],[7.20525,45.70304],[7.20507,45.70303],[7.20421,45.7028],[7.2039,45.70275]]},"properties":{}},{"type":"Feature","geometry":{"type":"LineString","coordinates":[[7.20984,45.70417],[7.20955,45.70421],[7.20908,45.70413],[7.20657,45.70395],[7.20581,45.70392],[7.20558,45.70387],[7.20522,45.70376],[7.20499,45.70363],[7.20424,45.70297],[7.2039,45.70275]]},"properties":{}},{"type":"Feature","geometry":{"type":"LineString","coordinates":[[7.21025,45.7041],[7.21059,45.70357],[7.21054,45.70349],[7.21032,45.70334],[7.21014,45.70325],[7.20951,45.70307],[7.20901,45.70299],[7.2083,45.70273],[7.20767,45.70259],[7.20737,45.70248]]},"properties":{}},{"type":"Feature","geometry":{"type":"LineString","coordinates":[[7.21016,45.70447],[7.20985,45.7043],[7.20982,45.70424],[7.20984,45.70417]]},"properties":{}},{"type":"Feature","geometry":{"type":"LineString","coordinates":[[7.20984,45.70417],[7.20996,45.70412],[7.21012,45.70413],[7.21025,45.7041]]},"properties":{}},{"type":"Feature","geometry":{"type":"LineString","coordinates":[[7.22558,45.70809],[7.22436,45.70671],[7.22419,45.70655],[7.22385,45.70633],[7.22349,45.70616],[7.22297,45.706],[7.22245,45.70594],[7.21621,45.70597],[7.21561,45.70602],[7.21464,45.70622],[7.21425,45.70624],[7.21401,45.70622],[7.21288,45.70605],[7.21229,45.70586],[7.2119,45.70563],[7.21016,45.70447]]},"properties":{}},{"type":"Feature","geometry":{"type":"LineString","coordinates":[[7.21025,45.7041],[7.21014,45.70428],[7.21016,45.70447]]},"properties":{}},{"type":"Feature","geometry":{"type":"LineString","coordinates":[[7.22112,45.70853],[7.22116,45.70858],[7.22111,45.70868],[7.221,45.70871],[7.22088,45.70865],[7.22087,45.70857],[7.22094,45.70851],[7.22112,45.70853]]},"properties":{}},{"type":"Feature","geometry":{"type":"LineString","coordinates":[[7.22112,45.70853],[7.22181,45.70829]]},"properties":{}},{"type":"Feature","geometry":{"type":"LineString","coordinates":[[7.22476,45.70805],[7.2245,45.70797],[7.22418,45.70801],[7.22304,45.70878],[7.22289,45.70885],[7.22265,45.70891],[7.2225,45.70892],[7.22246,45.70869],[7.22238,45.70856],[7.22189,45.70837],[7.22181,45.70829]]},"properties":{}},{"type":"Feature","geometry":{"type":"LineString","coordinates":[[7.22181,45.70829],[7.22184,45.70819],[7.22232,45.70752],[7.22263,45.70701],[7.22297,45.70705],[7.22375,45.7073],[7.22392,45.70739],[7.22443,45.70778],[7.22448,45.70787],[7.22454,45.70789],[7.22456,45.70793],[7.22476,45.70805]]},"properties":{}},{"type":"Feature","geometry":{"type":"LineString","coordinates":[[7.22476,45.70805],[7.22538,45.70846],[7.22579,45.7086]]},"properties":{}},{"type":"Feature","geometry":{"type":"LineString","coordinates":[[7.22558,45.70809],[7.22576,45.70818],[7.22619,45.70862],[7.2264,45.70877],[7.22672,45.70895],[7.22698,45.70902]]},"properties":{}},{"type":"Feature","geometry":{"type":"LineString","coordinates":[[7.22579,45.7086],[7.22583,45.70847],[7.22582,45.70837],[7.22558,45.70809]]},"properties":{}},{"type":"Feature","geometry":{"type":"LineString","coordinates":[[7.22638,45.7092],[7.22594,45.70868],[7.22579,45.7086]]},"properties":{}},{"type":"Feature","geometry":{"type":"LineString","coordinates":[[7.22638,45.7092],[7.22645,45.70925],[7.2266,45.70926],[7.22698,45.70902]]},"properties":{}},{"type":"Feature","geometry":{"type":"LineString","coordinates":[[7.23757,45.70809],[7.23713,45.70818],[7.23654,45.70837],[7.23286,45.70986],[7.23237,45.71001],[7.23187,45.71009],[7.23135,45.71011],[7.23099,45.71008],[7.22826,45.70966],[7.2278,45.70965],[7.22657,45.70936],[7.22648,45.70932],[7.22638,45.7092]]},"properties":{}},{"type":"Feature","geometry":{"type":"LineString","coordinates":[[7.22698,45.70902],[7.2274,45.7091],[7.22795,45.70914],[7.23261,45.70936],[7.23315,45.70935],[7.23417,45.70922],[7.23456,45.70907],[7.23475,45.70896],[7.23516,45.70854],[7.23555,45.70835],[7.23718,45.7081],[7.23757,45.70809]]},"properties":{}},{"type":"Feature","geometry":{"type":"LineString","coordinates":[[7.25551,45.71276],[7.2549,45.71226],[7.25462,45.71209],[7.25421,45.71194],[7.25383,45.71187],[7.2532,45.71188],[7.25244,45.71198],[7.25206,45.71212],[7.25111,45.71257],[7.25089,45.71264],[7.25054,45.71271],[7.25013,45.71272],[7.24768,45.71248],[7.24634,45.71212],[7.24446,45.71177],[7.24395,45.71162],[7.24347,45.71138],[7.24324,45.71123],[7.24241,45.71052],[7.24225,45.71028],[7.24215,45.70998],[7.24215,45.70919],[7.24209,45.70895],[7.24201,45.7088],[7.24182,45.70855],[7.24159,45.70836],[7.24138,45.70823],[7.24088,45.70804],[7.24038,45.70797],[7.23833,45.70803],[7.23757,45.70809]]},"properties":{}},{"type":"Feature","geometry":{"type":"LineString","coordinates":[[7.24024,45.70659],[7.24097,45.70677],[7.24133,45.7068],[7.24164,45.70673],[7.24207,45.70647],[7.24225,45.70644],[7.24249,45.70645],[7.24285,45.70663],[7.24333,45.70697],[7.2437,45.70732],[7.24398,45.7077]]},"properties":{}},{"type":"Feature","geometry":{"type":"LineString","coordinates":[[7.24024,45.70659],[7.243,45.70747],[7.24398,45.7077]]},"properties":{}},{"type":"Feature","geometry":{"type":"LineString","coordinates":[[7.24073,45.70114],[7.24079,45.70115],[7.24084,45.7012]]},"properties":{}},{"type":"Feature","geometry":{"type":"LineString","coordinates":[[7.24073,45.70128],[7.24064,45.70122],[7.24066,45.70116],[7.24073,45.70114]]},"properties":{}},{"type":"Feature","geometry":{"type":"LineString","coordinates":[[7.24073,45.70114],[7.24056,45.70098],[7.23905,45.70017],[7.2389,45.70002],[7.23893,45.69989],[7.23901,45.69982],[7.2392,45.69979],[7.24094,45.6997],[7.24206,45.69951],[7.24245,45.6995],[7.2429,45.6996],[7.24345,45.69982],[7.24382,45.70003],[7.2444,45.70045],[7.24587,45.70111],[7.24606,45.70112],[7.2462,45.70106],[7.24627,45.70095],[7.24629,45.70074],[7.24634,45.70063],[7.24645,45.70055],[7.24666,45.70051],[7.24688,45.70055],[7.24805,45.70109]]},"properties":{}},{"type":"Feature","geometry":{"type":"LineString","coordinates":[[7.24746,45.70803],[7.24735,45.70767],[7.24656,45.70625],[7.24633,45.70601],[7.24618,45.70591],[7.24502,45.70523],[7.24488,45.70511],[7.24426,45.70425],[7.2442,45.70408],[7.2442,45.70383],[7.24413,45.70372],[7.24183,45.70202],[7.24081,45.70151],[7.24076,45.70143],[7.24073,45.70128]]},"properties":{}},{"type":"Feature","geometry":{"type":"LineString","coordinates":[[7.24084,45.7012],[7.2408,45.70127],[7.24073,45.70128]]},"properties":{}},{"type":"Feature","geometry":{"type":"LineString","coordinates":[[7.24084,45.7012],[7.24106,45.70129],[7.24174,45.70166],[7.24188,45.7017],[7.24404,45.70196],[7.24444,45.7021],[7.24469,45.70235],[7.24515,45.70293],[7.24521,45.70314],[7.24514,45.70364],[7.24516,45.70373],[7.24521,45.7038],[7.24536,45.70389],[7.24669,45.70416],[7.24772,45.70417],[7.24798,45.70423],[7.24816,45.70446],[7.24882,45.70562],[7.24896,45.70583],[7.25223,45.70804],[7.25281,45.7084]]},"properties":{}},{"type":"Feature","geometry":{"type":"LineString","coordinates":[[7.24408,45.70785],[7.24277,45.7075],[7.24152,45.7071]]},"properties":{}},{"type":"Feature","geometry":{"type":"LineString","coordinates":[[7.25168,45.7116],[7.24988,45.71166],[7.24925,45.71163],[7.24853,45.71149],[7.24775,45.71122],[7.24729,45.71097],[7.24689,45.71059],[7.24585,45.70975],[7.24534,45.70922],[7.24461,45.70858],[7.24403,45.70818],[7.24329,45.70779],[7.24152,45.7071]]},"properties":{}},{"type":"Feature","geometry":{"type":"LineString","coordinates":[[7.24398,45.7077],[7.24521,45.70788],[7.24746,45.70803]]},"properties":{}},{"type":"Feature","geometry":{"type":"LineString","coordinates":[[7.24398,45.7077],[7.24408,45.70785]]},"properties":{}},{"type":"Feature","geometry":{"type":"LineString","coordinates":[[7.24747,45.70824],[7.24612,45.70817],[7.24488,45.708],[7.24408,45.70785]]},"properties":{}},{"type":"Feature","geometry":{"type":"LineString","coordinates":[[7.24408,45.70785],[7.24437,45.70823],[7.24462,45.70849],[7.24655,45.71016],[7.24731,45.7109],[7.24757,45.71104],[7.24784,45.71113],[7.24812,45.71117],[7.24843,45.71116]]},"properties":{}},{"type":"Feature","geometry":{"type":"LineString","coordinates":[[7.24746,45.70803],[7.25214,45.70832],[7.25281,45.7084]]},"properties":{}},{"type":"Feature","geometry":{"type":"LineString","coordinates":[[7.24747,45.70824],[7.24746,45.70803]]},"properties":{}},{"type":"Feature","geometry":{"type":"LineString","coordinates":[[7.25332,45.70868],[7.25207,45.70851],[7.24747,45.70824]]},"properties":{}},{"type":"Feature","geometry":{"type":"LineString","coordinates":[[7.24843,45.71116],[7.24818,45.71092],[7.24805,45.7107],[7.24746,45.70919],[7.24742,45.7089],[7.24747,45.70824]]},"properties":{}},{"type":"Feature","geometry":{"type":"LineString","coordinates":[[7.24805,45.70109],[7.24826,45.7011],[7.2484,45.70114],[7.24855,45.70125],[7.24854,45.7013]]},"properties":{}},{"type":"Feature","geometry":{"type":"LineString","coordinates":[[7.24805,45.70109],[7.24854,45.7013]]},"properties":{}},{"type":"Feature","geometry":{"type":"LineString","coordinates":[[7.25168,45.7116],[7.24919,45.71144],[7.24878,45.71134],[7.24843,45.71116]]},"properties":{}},{"type":"Feature","geometry":{"type":"LineString","coordinates":[[7.24843,45.71116],[7.24953,45.71107],[7.25054,45.71105],[7.25084,45.71108],[7.25102,45.71111],[7.25115,45.71117],[7.25161,45.71149],[7.25195,45.71161]]},"properties":{}},{"type":"Feature","geometry":{"type":"LineString","coordinates":[[7.24854,45.7013],[7.24886,45.7014],[7.24905,45.70135],[7.24913,45.70126],[7.24906,45.70051],[7.24898,45.70016],[7.24883,45.69997],[7.24864,45.69982],[7.24784,45.6995],[7.24749,45.69928],[7.24713,45.69896],[7.24695,45.69876],[7.24679,45.69849],[7.2467,45.69823],[7.24662,45.69781],[7.24649,45.69762],[7.24632,45.69752],[7.24476,45.69695],[7.24449,45.69691],[7.24355,45.69693],[7.24331,45.69689],[7.24306,45.69679],[7.24278,45.69655],[7.24252,45.69588],[7.24242,45.69574],[7.24191,45.69518],[7.24174,45.69506],[7.2415,45.69502],[7.24127,45.69505],[7.24114,45.69512],[7.24083,45.69536],[7.24043,45.69551],[7.23999,45.69552],[7.23966,45.69543],[7.23947,45.69532],[7.2393,45.69517],[7.23901,45.69459],[7.23882,45.69436],[7.2386,45.69419],[7.23713,45.69345],[7.23679,45.69338],[7.23623,45.69333],[7.23596,45.69325],[7.23448,45.69228],[7.2342,45.69202],[7.23408,45.6917],[7.23399,45.69163],[7.23367,45.69154],[7.23324,45.6912],[7.23298,45.6909],[7.23282,45.6906],[7.23264,45.69053],[7.23218,45.69048],[7.23202,45.69038],[7.23136,45.68962],[7.23128,45.68947],[7.23119,45.68911],[7.23085,45.68866],[7.23063,45.68816],[7.23013,45.68786],[7.22979,45.68739],[7.22912,45.68689],[7.22893,45.68669],[7.22854,45.68644],[7.2285,45.68635],[7.2285,45.68587],[7.22843,45.68563],[7.22833,45.68548],[7.22796,45.68522],[7.22784,45.68507],[7.22774,45.68442],[7.22754,45.68394],[7.22719,45.68273],[7.22679,45.68176],[7.22651,45.68077],[7.22611,45.67987],[7.22606,45.67967],[7.22605,45.67948],[7.22615,45.67882],[7.22619,45.67807],[7.22633,45.67764],[7.22632,45.67719],[7.22635,45.67682],[7.22706,45.67529],[7.22757,45.67495],[7.22764,45.67486],[7.22765,45.67471],[7.22758,45.67411],[7.22759,45.67392],[7.22765,45.67379],[7.22785,45.67358],[7.22795,45.67337],[7.22794,45.67328],[7.22771,45.67293],[7.22765,45.6727],[7.22769,45.67206],[7.22762,45.67144],[7.22764,45.67129],[7.22772,45.67109],[7.22788,45.67099],[7.22803,45.67098],[7.22883,45.67112],[7.22901,45.67107],[7.22916,45.671],[7.22923,45.67089],[7.22924,45.67069],[7.22933,45.67052],[7.22953,45.67021],[7.2301,45.66951],[7.2302,45.66923],[7.23029,45.66874],[7.23038,45.66866],[7.23075,45.66848],[7.23099,45.66821],[7.23094,45.66811],[7.23021,45.66795],[7.23007,45.66791],[7.22999,45.66784],[7.22996,45.66771],[7.22999,45.66722],[7.22997,45.66705],[7.2297,45.66634],[7.22967,45.66616],[7.22996,45.6657],[7.23012,45.66509],[7.23038,45.66484],[7.23067,45.66465],[7.2307,45.66456],[7.23038,45.66411],[7.23035,45.66402],[7.23069,45.66354],[7.23123,45.66271],[7.2314,45.6622],[7.23145,45.6618],[7.23162,45.66159],[7.23256,45.6607],[7.23302,45.66039],[7.23394,45.65995],[7.2342,45.65988],[7.2349,45.65974],[7.23504,45.65968],[7.23535,45.65917],[7.23604,45.65858],[7.23671,45.65787],[7.23733,45.65683],[7.23752,45.65665],[7.23805,45.65631],[7.23857,45.65574],[7.239,45.65552],[7.23919,45.65538],[7.23951,45.65503],[7.23999,45.65476],[7.24098,45.6541],[7.2411,45.654],[7.24148,45.65355],[7.24186,45.65329],[7.24215,45.6529],[7.24234,45.65276],[7.24257,45.65264],[7.24374,45.65223],[7.24414,45.65205],[7.24445,45.65177],[7.24474,45.6514],[7.24495,45.65126],[7.24525,45.65117],[7.24604,45.65102],[7.24624,45.65093],[7.24703,45.65047],[7.24751,45.65026],[7.24783,45.6502],[7.24957,45.64999],[7.25022,45.64985],[7.25093,45.64958],[7.25123,45.64952],[7.25391,45.64949],[7.25433,45.64946],[7.25513,45.64933],[7.25536,45.64926],[7.2555,45.64916],[7.25553,45.64896],[7.25552,45.6487],[7.25563,45.64831],[7.25572,45.6482],[7.25589,45.64815],[7.25601,45.64816],[7.25614,45.64822],[7.25637,45.64862],[7.25652,45.64878],[7.25663,45.64884],[7.25686,45.64886],[7.25803,45.64878],[7.2585,45.64879],[7.25916,45.64871],[7.26208,45.64862],[7.26311,45.6485],[7.26422,45.64844],[7.26447,45.6484],[7.26522,45.64821],[7.26591,45.64797],[7.26771,45.64717],[7.26785,45.64705],[7.26807,45.64673],[7.26817,45.64615],[7.26926,45.64537],[7.26978,45.64517],[7.2711,45.64494],[7.27257,45.64451],[7.27319,45.64446],[7.2746,45.6444],[7.27629,45.64406],[7.27748,45.64415],[7.27897,45.64389],[7.28089,45.64409],[7.28147,45.64405],[7.2822,45.64404],[7.28269,45.64398],[7.2838,45.64376],[7.28469,45.6437],[7.28602,45.64376],[7.28658,45.64386],[7.28683,45.64402],[7.28709,45.6443],[7.28737,45.64468],[7.28747,45.64476],[7.28822,45.64474],[7.28906,45.64482],[7.2897,45.64483],[7.28994,45.64481],[7.29084,45.64452],[7.29158,45.64434],[7.29244,45.64398],[7.29316,45.64379],[7.29439,45.64319],[7.29512,45.64269],[7.29526,45.64256],[7.29574,45.64191],[7.29604,45.64161],[7.29675,45.64101],[7.29708,45.64081],[7.2977,45.64055],[7.29843,45.64037],[7.30137,45.63995],[7.30194,45.63964],[7.3028,45.63883],[7.30303,45.6388],[7.30362,45.63893],[7.30378,45.63891],[7.30489,45.63838],[7.30558,45.6381],[7.30649,45.63766],[7.30894,45.63697],[7.31012,45.63656],[7.31256,45.63539],[7.31397,45.63492],[7.31471,45.63462],[7.31571,45.63404],[7.31637,45.6336],[7.31749,45.63317],[7.32077,45.63164],[7.32096,45.63151],[7.32105,45.6314],[7.32134,45.63034],[7.32141,45.63017],[7.32162,45.62987],[7.32195,45.62958],[7.32328,45.62857],[7.32348,45.62847],[7.32418,45.62833],[7.32435,45.62833],[7.32449,45.62835],[7.32529,45.62862],[7.32552,45.62862],[7.32566,45.62858],[7.32606,45.62841],[7.32702,45.62767],[7.32774,45.62719],[7.32803,45.62688],[7.32915,45.62547],[7.3293,45.62532],[7.33006,45.62478],[7.33042,45.62435],[7.33099,45.62291],[7.33119,45.62256],[7.33159,45.62203],[7.33192,45.62184],[7.33271,45.62155],[7.33476,45.62045],[7.33488,45.62028],[7.3352,45.61925],[7.3353,45.61911],[7.33892,45.61768],[7.34124,45.61645],[7.34154,45.61627],[7.34265,45.61537],[7.34374,45.61492],[7.34484,45.61431],[7.34507,45.61407],[7.34572,45.61295],[7.346,45.61265],[7.3462,45.61251],[7.35048,45.61063],[7.35069,45.61056]]},"properties":{}},{"type":"Feature","geometry":{"type":"LineString","coordinates":[[7.25195,45.71161],[7.25168,45.7116]]},"properties":{}},{"type":"Feature","geometry":{"type":"LineString","coordinates":[[7.25615,45.71271],[7.25608,45.71252],[7.25598,45.71235],[7.25575,45.71213],[7.25549,45.71197],[7.25515,45.71185],[7.25469,45.71178],[7.25195,45.71161]]},"properties":{}},{"type":"Feature","geometry":{"type":"LineString","coordinates":[[7.25281,45.7084],[7.25409,45.70856],[7.2559,45.70898],[7.2577,45.70963],[7.25797,45.70974]]},"properties":{}},{"type":"Feature","geometry":{"type":"LineString","coordinates":[[7.25281,45.7084],[7.25332,45.70868]]},"properties":{}},{"type":"Feature","geometry":{"type":"LineString","coordinates":[[7.25758,45.70986],[7.25587,45.70922],[7.25401,45.70878],[7.25332,45.70868]]},"properties":{}},{"type":"Feature","geometry":{"type":"LineString","coordinates":[[7.25332,45.70868],[7.25467,45.70923],[7.25608,45.70968],[7.25722,45.70987],[7.25758,45.70986]]},"properties":{}},{"type":"Feature","geometry":{"type":"LineString","coordinates":[[7.25551,45.71276],[7.25575,45.71287],[7.25594,45.71291]]},"properties":{}},{"type":"Feature","geometry":{"type":"LineString","coordinates":[[7.25582,45.71303],[7.25551,45.71276]]},"properties":{}},{"type":"Feature","geometry":{"type":"LineString","coordinates":[[7.25636,45.7134],[7.25616,45.71326],[7.25589,45.71315],[7.25582,45.71303]]},"properties":{}},{"type":"Feature","geometry":{"type":"LineString","coordinates":[[7.25582,45.71303],[7.25585,45.71297],[7.25594,45.71291]]},"properties":{}},{"type":"Feature","geometry":{"type":"LineString","coordinates":[[7.25594,45.71291],[7.25601,45.71289]]},"properties":{}},{"type":"Feature","geometry":{"type":"LineString","coordinates":[[7.25601,45.71289],[7.25615,45.71271]]},"properties":{}},{"type":"Feature","geometry":{"type":"LineString","coordinates":[[7.25601,45.71289],[7.25621,45.71294]]},"properties":{}},{"type":"Feature","geometry":{"type":"LineString","coordinates":[[7.25615,45.71271],[7.25621,45.71294]]},"properties":{}},{"type":"Feature","geometry":{"type":"LineString","coordinates":[[7.25621,45.71294],[7.25627,45.71302],[7.25624,45.71313],[7.25625,45.71321],[7.25636,45.7134]]},"properties":{}},{"type":"Feature","geometry":{"type":"LineString","coordinates":[[7.26236,45.71822],[7.26195,45.71794],[7.25673,45.71374],[7.25636,45.7134]]},"properties":{}},{"type":"Feature","geometry":{"type":"LineString","coordinates":[[7.32214,45.73014],[7.32022,45.73024],[7.31814,45.73024],[7.3165,45.7301],[7.31568,45.72996],[7.31481,45.72978],[7.31306,45.72927],[7.31243,45.72904],[7.30979,45.72792],[7.30916,45.7277],[7.30818,45.72745],[7.30702,45.7273],[7.30619,45.72728],[7.29936,45.72739],[7.2919,45.72767],[7.28968,45.72769],[7.28858,45.72762],[7.28802,45.72754],[7.28741,45.72743],[7.28641,45.72713],[7.28573,45.72686],[7.28483,45.72642],[7.27542,45.72139],[7.27392,45.72064],[7.27111,45.71946],[7.26975,45.71895],[7.26807,45.71842],[7.2673,45.71814],[7.26661,45.71787],[7.266,45.71753],[7.26522,45.71698],[7.26493,45.71673],[7.26426,45.71604],[7.26328,45.71452],[7.26209,45.71292],[7.26119,45.71205],[7.26014,45.71121],[7.25873,45.71038],[7.25758,45.70986]]},"properties":{}},{"type":"Feature","geometry":{"type":"LineString","coordinates":[[7.25758,45.70986],[7.25797,45.70974]]},"properties":{}},{"type":"Feature","geometry":{"type":"LineString","coordinates":[[7.25797,45.70974],[7.25868,45.71007],[7.26036,45.71106],[7.26143,45.71188],[7.26228,45.71277],[7.26294,45.71359],[7.26409,45.71552],[7.26464,45.71628],[7.26523,45.71687],[7.26564,45.71719],[7.26611,45.7175],[7.26664,45.71777],[7.26733,45.71806],[7.2698,45.71888],[7.27116,45.71938],[7.27244,45.71989],[7.27391,45.72055],[7.27543,45.7213],[7.28495,45.72637],[7.28586,45.72682],[7.28651,45.72707],[7.28745,45.72737],[7.28859,45.72754],[7.28967,45.72762],[7.29116,45.72761],[7.29938,45.72731],[7.30619,45.7272],[7.30702,45.72723],[7.3078,45.7273],[7.30829,45.72739],[7.3092,45.72762],[7.30967,45.72778],[7.31251,45.72897],[7.31311,45.72919],[7.31365,45.72937],[7.31489,45.72971],[7.3157,45.72989],[7.31758,45.73014],[7.31898,45.73019],[7.32032,45.73016],[7.32213,45.73006]]},"properties":{}},{"type":"Feature","geometry":{"type":"LineString","coordinates":[[7.25797,45.70974],[7.25873,45.70949],[7.25906,45.70949],[7.25964,45.70969],[7.26082,45.71021],[7.26097,45.71029],[7.26113,45.71045],[7.26143,45.71075],[7.26163,45.71101],[7.26307,45.71231],[7.26412,45.71285],[7.26454,45.71302],[7.26492,45.71315],[7.26668,45.71349],[7.26909,45.71357]]},"properties":{}},{"type":"Feature","geometry":{"type":"LineString","coordinates":[[7.26236,45.71822],[7.26265,45.7184]]},"properties":{}},{"type":"Feature","geometry":{"type":"LineString","coordinates":[[7.26248,45.71845],[7.26236,45.71822]]},"properties":{}},{"type":"Feature","geometry":{"type":"LineString","coordinates":[[7.26263,45.71857],[7.2625,45.71853],[7.26248,45.71845]]},"properties":{}},{"type":"Feature","geometry":{"type":"LineString","coordinates":[[7.26248,45.71845],[7.26254,45.71841],[7.26265,45.7184]]},"properties":{}},{"type":"Feature","geometry":{"type":"LineString","coordinates":[[7.26292,45.71874],[7.26263,45.71857]]},"properties":{}},{"type":"Feature","geometry":{"type":"LineString","coordinates":[[7.26273,45.71846],[7.26272,45.71852],[7.26263,45.71857]]},"properties":{}},{"type":"Feature","geometry":{"type":"LineString","coordinates":[[7.26265,45.7184],[7.26273,45.71846]]},"properties":{}},{"type":"Feature","geometry":{"type":"LineString","coordinates":[[7.26273,45.71846],[7.26292,45.71874]]},"properties":{}},{"type":"Feature","geometry":{"type":"LineString","coordinates":[[7.28347,45.72936],[7.28313,45.72924],[7.2827,45.72901],[7.27522,45.7245],[7.27484,45.72435],[7.27424,45.72418],[7.27378,45.72412],[7.27199,45.72399],[7.27138,45.7239],[7.27059,45.72365],[7.27022,45.72349],[7.2677,45.72186],[7.26738,45.72172],[7.2662,45.72133],[7.26568,45.72108],[7.26542,45.7209],[7.26465,45.72026],[7.26292,45.71874]]},"properties":{}},{"type":"Feature","geometry":{"type":"LineString","coordinates":[[7.26924,45.71362],[7.26914,45.71364],[7.2691,45.71362],[7.26909,45.71357]]},"properties":{}},{"type":"Feature","geometry":{"type":"LineString","coordinates":[[7.26909,45.71357],[7.26914,45.71353],[7.26922,45.71354],[7.26926,45.71359],[7.26924,45.71362]]},"properties":{}},{"type":"Feature","geometry":{"type":"LineString","coordinates":[[7.26924,45.71362],[7.26937,45.71369],[7.2697,45.71412],[7.26993,45.71431],[7.27075,45.7148],[7.27159,45.71518],[7.27256,45.71567],[7.27284,45.71574],[7.27329,45.71573],[7.27351,45.71583],[7.27425,45.71655],[7.2761,45.71761],[7.27655,45.71784],[7.27747,45.7182],[7.27988,45.719]]},"properties":{}},{"type":"Feature","geometry":{"type":"LineString","coordinates":[[7.28006,45.71906],[7.28003,45.71909],[7.27991,45.71911],[7.27987,45.71908],[7.27988,45.719]]},"properties":{}},{"type":"Feature","geometry":{"type":"LineString","coordinates":[[7.27988,45.719],[7.28,45.71898],[7.28006,45.71906]]},"properties":{}},{"type":"Feature","geometry":{"type":"LineString","coordinates":[[7.28006,45.71906],[7.2822,45.71951],[7.28309,45.71983],[7.28459,45.72013],[7.28529,45.7204],[7.28634,45.72058],[7.28867,45.72125],[7.28913,45.72136],[7.28961,45.72143]]},"properties":{}},{"type":"Feature","geometry":{"type":"LineString","coordinates":[[7.28347,45.72936],[7.28382,45.72937]]},"properties":{}},{"type":"Feature","geometry":{"type":"LineString","coordinates":[[7.28376,45.72949],[7.28347,45.72936]]},"properties":{}},{"type":"Feature","geometry":{"type":"LineString","coordinates":[[7.28365,45.73179],[7.28377,45.73186]]},"properties":{}},{"type":"Feature","geometry":{"type":"LineString","coordinates":[[7.28397,45.72957],[7.28385,45.72957],[7.28376,45.72949]]},"properties":{}},{"type":"Feature","geometry":{"type":"LineString","coordinates":[[7.28376,45.72949],[7.28376,45.72943],[7.28382,45.72937]]},"properties":{}},{"type":"Feature","geometry":{"type":"LineString","coordinates":[[7.28382,45.72937],[7.28397,45.72935],[7.28405,45.72939],[7.28409,45.72945]]},"properties":{}},{"type":"Feature","geometry":{"type":"LineString","coordinates":[[7.28409,45.72945],[7.28404,45.72954],[7.28397,45.72957]]},"properties":{}},{"type":"Feature","geometry":{"type":"LineString","coordinates":[[7.28429,45.7296],[7.28397,45.72957]]},"properties":{}},{"type":"Feature","geometry":{"type":"LineString","coordinates":[[7.28409,45.72945],[7.28429,45.7296]]},"properties":{}},{"type":"Feature","geometry":{"type":"LineString","coordinates":[[7.28476,45.72973],[7.28429,45.7296]]},"properties":{}},{"type":"Feature","geometry":{"type":"LineString","coordinates":[[7.28476,45.72973],[7.28597,45.72968],[7.28724,45.72957],[7.28789,45.72959],[7.28822,45.72967],[7.28859,45.72981],[7.28884,45.73],[7.28901,45.73018],[7.28929,45.73031]]},"properties":{}},{"type":"Feature","geometry":{"type":"LineString","coordinates":[[7.28929,45.73031],[7.28866,45.73015],[7.28539,45.72983],[7.28476,45.72973]]},"properties":{}},{"type":"Feature","geometry":{"type":"LineString","coordinates":[[7.28642,45.73263],[7.2858,45.73296],[7.28536,45.73331],[7.28506,45.73371],[7.28487,45.73414],[7.28435,45.73486],[7.28428,45.73481],[7.28421,45.73464],[7.2841,45.73454],[7.28388,45.73424],[7.28379,45.73419],[7.28329,45.73401],[7.28271,45.73399],[7.28247,45.73391],[7.28213,45.7337],[7.28203,45.73356],[7.2819,45.73326],[7.28193,45.73313],[7.28205,45.73295],[7.28205,45.73283],[7.28195,45.73261],[7.2818,45.73246],[7.28178,45.73241],[7.28197,45.73212],[7.28197,45.73189],[7.28199,45.7318],[7.28203,45.73176],[7.2834,45.73168],[7.28384,45.73194],[7.28436,45.73218],[7.28584,45.73245],[7.28642,45.73263]]},"properties":{}},{"type":"Feature","geometry":{"type":"LineString","coordinates":[[7.29628,45.73478],[7.29736,45.73315],[7.29443,45.73209],[7.29374,45.73266],[7.29365,45.7327],[7.29122,45.73312],[7.291,45.73312],[7.28987,45.73302],[7.2892,45.73306],[7.28844,45.733],[7.28827,45.73294],[7.28766,45.73229],[7.28758,45.73223],[7.28743,45.73219],[7.28731,45.73218],[7.28717,45.73221],[7.28642,45.73263]]},"properties":{}},{"type":"Feature","geometry":{"type":"LineString","coordinates":[[7.2935,45.73162],[7.28929,45.73031]]},"properties":{}},{"type":"Feature","geometry":{"type":"LineString","coordinates":[[7.28989,45.72146],[7.28983,45.72151],[7.28973,45.72153],[7.28966,45.7215],[7.28961,45.72143]]},"properties":{}},{"type":"Feature","geometry":{"type":"LineString","coordinates":[[7.28961,45.72143],[7.28966,45.72136],[7.28978,45.72133],[7.28987,45.72137],[7.28989,45.72146]]},"properties":{}},{"type":"Feature","geometry":{"type":"LineString","coordinates":[[7.32183,45.72811],[7.32158,45.72809],[7.32085,45.72817],[7.32025,45.72816],[7.31773,45.72785],[7.31635,45.72784],[7.31564,45.7278],[7.31417,45.72742],[7.31356,45.7273],[7.31183,45.72705],[7.30688,45.72615],[7.30604,45.72587],[7.30553,45.72574],[7.30344,45.72528],[7.3029,45.72513],[7.30078,45.72428],[7.30028,45.72406],[7.29918,45.72348],[7.29685,45.72278],[7.29465,45.72206],[7.29088,45.72166],[7.28989,45.72146]]},"properties":{}},{"type":"Feature","geometry":{"type":"LineString","coordinates":[[7.29424,45.73185],[7.2935,45.73162]]},"properties":{}},{"type":"Feature","geometry":{"type":"LineString","coordinates":[[7.2935,45.73162],[7.29344,45.73147],[7.29352,45.73145],[7.29386,45.73156],[7.29433,45.73171],[7.29424,45.73185]]},"properties":{}},{"type":"Feature","geometry":{"type":"LineString","coordinates":[[7.3019,45.73311],[7.299,45.73268],[7.29585,45.73225],[7.29498,45.73206],[7.29424,45.73185]]},"properties":{}},{"type":"Feature","geometry":{"type":"LineString","coordinates":[[7.29628,45.73478],[7.29632,45.73489],[7.29685,45.73504]]},"properties":{}},{"type":"Feature","geometry":{"type":"LineString","coordinates":[[7.29685,45.73504],[7.29613,45.73503],[7.29628,45.73478]]},"properties":{}},{"type":"Feature","geometry":{"type":"LineString","coordinates":[[7.29977,45.73508],[7.29916,45.73501],[7.29733,45.73508],[7.29685,45.73504]]},"properties":{}},{"type":"Feature","geometry":{"type":"LineString","coordinates":[[7.29977,45.73508],[7.30172,45.73563],[7.3032,45.7362],[7.30396,45.73661],[7.30408,45.7366]]},"properties":{}},{"type":"Feature","geometry":{"type":"LineString","coordinates":[[7.29977,45.73508],[7.30107,45.73433],[7.30166,45.73479],[7.30196,45.73495],[7.30237,45.73508],[7.30366,45.73529],[7.30398,45.73625],[7.30401,45.73637],[7.30399,45.73645],[7.30406,45.73646],[7.30413,45.73651],[7.30413,45.73656],[7.30408,45.7366]]},"properties":{}},{"type":"Feature","geometry":{"type":"LineString","coordinates":[[7.3019,45.73311],[7.30237,45.7332],[7.30287,45.73323],[7.3037,45.73266],[7.304,45.73262],[7.31326,45.73402],[7.3136,45.73405],[7.31374,45.73398],[7.31384,45.73383]]},"properties":{}},{"type":"Feature","geometry":{"type":"LineString","coordinates":[[7.31412,45.73394],[7.31384,45.73405],[7.31365,45.73417],[7.31321,45.73488],[7.31309,45.73503],[7.31265,45.73491],[7.31169,45.73472],[7.3036,45.73341],[7.30318,45.73335],[7.30309,45.73343],[7.30293,45.73344],[7.30285,45.7334],[7.30281,45.73332],[7.30238,45.73325],[7.3019,45.73311]]},"properties":{}},{"type":"Feature","geometry":{"type":"LineString","coordinates":[[7.30408,45.7366],[7.30437,45.73694],[7.30495,45.73728],[7.30742,45.73837],[7.31008,45.73883],[7.31091,45.73885]]},"properties":{}},{"type":"Feature","geometry":{"type":"LineString","coordinates":[[7.31106,45.73887],[7.31096,45.73891],[7.31091,45.73885]]},"properties":{}},{"type":"Feature","geometry":{"type":"LineString","coordinates":[[7.31091,45.73885],[7.31098,45.7388],[7.31106,45.73883],[7.31106,45.73887]]},"properties":{}},{"type":"Feature","geometry":{"type":"LineString","coordinates":[[7.31093,45.77313],[7.3105,45.7743],[7.3103,45.77476],[7.31006,45.77498],[7.30948,45.77536],[7.30924,45.77555],[7.30848,45.77647],[7.30838,45.77663],[7.30824,45.77698],[7.30809,45.77715],[7.30785,45.77727],[7.30769,45.77731],[7.30667,45.77736],[7.30642,45.77741],[7.30607,45.77758],[7.30576,45.77778],[7.30528,45.77818],[7.30516,45.77834],[7.30504,45.77885],[7.30488,45.78025],[7.30521,45.78072],[7.30524,45.78083],[7.30522,45.78093],[7.30511,45.78108],[7.30476,45.78132],[7.30463,45.7818],[7.30431,45.7824],[7.30427,45.78259],[7.30451,45.78346],[7.30486,45.7842],[7.3053,45.78537],[7.30527,45.7855],[7.30514,45.78569],[7.30509,45.78584],[7.3051,45.78618],[7.30513,45.7863],[7.30541,45.78666],[7.30547,45.78701],[7.3055,45.78778],[7.30539,45.78798],[7.30505,45.78834],[7.30505,45.78862],[7.30516,45.78905],[7.30575,45.78952],[7.30585,45.7897],[7.30599,45.7906],[7.30604,45.79076],[7.30643,45.79139],[7.30754,45.79218],[7.30771,45.79236],[7.30776,45.79247],[7.30789,45.79285],[7.30793,45.79319],[7.30772,45.79402],[7.30772,45.79421],[7.30776,45.7944],[7.30781,45.79455],[7.308,45.79488],[7.30814,45.795],[7.30836,45.79527],[7.30869,45.79634],[7.3087,45.79667],[7.30853,45.79757],[7.30857,45.79771],[7.30863,45.79787],[7.30877,45.79809],[7.31007,45.80001],[7.31095,45.8012],[7.31183,45.80116],[7.3119,45.80114],[7.31198,45.80104],[7.31194,45.80004],[7.3119,45.79967],[7.31184,45.79949],[7.31131,45.79838],[7.31117,45.79789],[7.31122,45.79698],[7.31147,45.79642],[7.31157,45.79589],[7.31164,45.79506],[7.3117,45.79483],[7.31169,45.79463],[7.31159,45.7945],[7.31155,45.7944],[7.31147,45.79388],[7.3114,45.79378],[7.31143,45.79347],[7.3113,45.79306],[7.31139,45.79249],[7.31133,45.79198],[7.31127,45.79157],[7.31114,45.79131],[7.3111,45.79104],[7.3112,45.79076],[7.31121,45.79049],[7.31145,45.79014],[7.31151,45.79],[7.31144,45.78984],[7.31116,45.78964],[7.31053,45.78879],[7.31047,45.78821],[7.31033,45.78781],[7.31034,45.78768],[7.31064,45.78678],[7.3108,45.78648],[7.31093,45.78635],[7.31112,45.78625],[7.31194,45.78617],[7.31203,45.78613],[7.31206,45.78599],[7.31203,45.78585],[7.31195,45.78574],[7.31096,45.78461],[7.31085,45.78443],[7.31085,45.78419],[7.31092,45.78401],[7.31124,45.7836],[7.31234,45.78166],[7.31249,45.7803],[7.31263,45.77949],[7.31263,45.77937],[7.31245,45.77884],[7.31239,45.77852],[7.31245,45.77844],[7.3126,45.77834],[7.31337,45.77823],[7.31348,45.77818],[7.31356,45.7781],[7.31362,45.77785],[7.31357,45.77775],[7.31324,45.77752],[7.31311,45.77739],[7.31305,45.77725],[7.31314,45.77708],[7.31323,45.77697],[7.31347,45.77677],[7.31371,45.77644],[7.31389,45.77599],[7.31392,45.77566],[7.31401,45.77555],[7.31423,45.77551],[7.31546,45.77571],[7.31627,45.77577],[7.3165,45.77574],[7.3167,45.7756],[7.31671,45.77548],[7.31663,45.7754],[7.31578,45.77492],[7.31567,45.77482],[7.31568,45.77472],[7.31574,45.77468],[7.31627,45.77459],[7.31646,45.7745],[7.31665,45.77436],[7.31713,45.77426],[7.31743,45.77398],[7.31784,45.77381],[7.3179,45.7737],[7.31788,45.77333],[7.31806,45.77313],[7.31833,45.77297],[7.31836,45.77264],[7.31867,45.77234],[7.3187,45.77227],[7.31872,45.77217],[7.31863,45.77191],[7.31868,45.77173],[7.31906,45.77144],[7.31926,45.77133],[7.31976,45.77116],[7.31996,45.77104],[7.32169,45.76861],[7.32187,45.76828],[7.32216,45.76664],[7.32169,45.76592],[7.32122,45.76554],[7.32116,45.76546],[7.32114,45.76528],[7.32116,45.76518],[7.32127,45.7651],[7.32247,45.76486],[7.32254,45.76484],[7.32263,45.76476],[7.32265,45.76466],[7.32235,45.76406],[7.32231,45.76352],[7.32227,45.76336],[7.32214,45.76305],[7.32215,45.7627],[7.32229,45.7625],[7.32276,45.76203],[7.32326,45.76168],[7.32373,45.76145],[7.32424,45.76132],[7.3243,45.7612],[7.32416,45.76089],[7.32424,45.76065],[7.32433,45.76055],[7.3251,45.76008],[7.32523,45.75995],[7.32533,45.75925],[7.32534,45.75878],[7.32525,45.75844],[7.32496,45.75803],[7.32494,45.75794],[7.32499,45.75775],[7.32539,45.75701],[7.3256,45.75684],[7.32581,45.75676],[7.32612,45.75677],[7.32663,45.75696],[7.3268,45.75694],[7.32696,45.75681],[7.32697,45.75655],[7.32678,45.75537],[7.32638,45.7524],[7.32642,45.75212],[7.32742,45.74963],[7.32742,45.74956],[7.32728,45.74925],[7.32727,45.74902],[7.32738,45.7487],[7.32758,45.7479],[7.32759,45.74773],[7.32757,45.74762],[7.32729,45.74703],[7.3273,45.74676],[7.32738,45.74638],[7.32735,45.74626],[7.32718,45.74595],[7.32717,45.74575],[7.32756,45.74518],[7.32766,45.74482],[7.32776,45.74465],[7.328,45.74445],[7.32895,45.74391],[7.32977,45.74336],[7.32983,45.7433],[7.32983,45.74324],[7.32978,45.74317],[7.32965,45.74315],[7.32899,45.74324],[7.32727,45.7434],[7.32566,45.74375],[7.32553,45.74374],[7.32546,45.74369],[7.32544,45.74364],[7.32549,45.74355],[7.32622,45.74323]]},"properties":{}},{"type":"Feature","geometry":{"type":"LineString","coordinates":[[7.31093,45.77313],[7.31099,45.77296],[7.31101,45.77273]]},"properties":{}},{"type":"Feature","geometry":{"type":"LineString","coordinates":[[7.31101,45.77273],[7.31108,45.77287],[7.3111,45.77304],[7.31102,45.77312],[7.31093,45.77313]]},"properties":{}},{"type":"Feature","geometry":{"type":"LineString","coordinates":[[7.31101,45.77273],[7.31112,45.77153],[7.31109,45.77138],[7.31095,45.77123],[7.3103,45.77092],[7.30994,45.77056],[7.30992,45.77042],[7.31001,45.77014],[7.31021,45.76977],[7.31046,45.76945],[7.31138,45.76793],[7.31184,45.76729],[7.31193,45.76695],[7.3118,45.76681]]},"properties":{}},{"type":"Feature","geometry":{"type":"LineString","coordinates":[[7.31106,45.73887],[7.31503,45.73997]]},"properties":{}},{"type":"Feature","geometry":{"type":"LineString","coordinates":[[7.3118,45.76681],[7.31172,45.76679],[7.31142,45.76663],[7.31092,45.76646],[7.31082,45.7664],[7.31063,45.76623],[7.31059,45.76608],[7.31066,45.76591],[7.31084,45.76575],[7.31143,45.7656],[7.31165,45.76547],[7.31173,45.76536],[7.31184,45.76504],[7.3119,45.76499]]},"properties":{}},{"type":"Feature","geometry":{"type":"LineString","coordinates":[[7.3119,45.76499],[7.3118,45.76549],[7.31184,45.76564],[7.31184,45.76579],[7.31161,45.76646],[7.31163,45.76657],[7.3117,45.76663],[7.31183,45.76666],[7.31188,45.76671],[7.31187,45.76677],[7.3118,45.76681]]},"properties":{}},{"type":"Feature","geometry":{"type":"LineString","coordinates":[[7.3119,45.76499],[7.31187,45.76492],[7.31189,45.76484],[7.31211,45.76438],[7.31282,45.76365],[7.31357,45.76275],[7.31416,45.76236],[7.31443,45.76202],[7.3146,45.76172],[7.31475,45.76135],[7.31511,45.76007],[7.31526,45.75976]]},"properties":{}},{"type":"Feature","geometry":{"type":"LineString","coordinates":[[7.31526,45.75976],[7.31491,45.76146],[7.31482,45.76175],[7.31464,45.7621],[7.31425,45.76256],[7.31379,45.76301],[7.31307,45.76368],[7.31236,45.76427],[7.31207,45.76462],[7.3119,45.76499]]},"properties":{}},{"type":"Feature","geometry":{"type":"LineString","coordinates":[[7.31412,45.73394],[7.31396,45.73392],[7.31384,45.73383]]},"properties":{}},{"type":"Feature","geometry":{"type":"LineString","coordinates":[[7.31384,45.73383],[7.31381,45.73371],[7.31385,45.73364],[7.31393,45.73358]]},"properties":{}},{"type":"Feature","geometry":{"type":"LineString","coordinates":[[7.31393,45.73358],[7.31386,45.73329],[7.31386,45.7331],[7.31429,45.73211],[7.31437,45.73206],[7.31448,45.73205],[7.31497,45.73219]]},"properties":{}},{"type":"Feature","geometry":{"type":"LineString","coordinates":[[7.31393,45.73358],[7.31406,45.73354],[7.31426,45.73323]]},"properties":{}},{"type":"Feature","geometry":{"type":"LineString","coordinates":[[7.31417,45.73394],[7.31412,45.73394]]},"properties":{}},{"type":"Feature","geometry":{"type":"LineString","coordinates":[[7.32125,45.73598],[7.32085,45.73592],[7.31869,45.73533],[7.31457,45.73426],[7.31441,45.73415],[7.31433,45.73403],[7.31417,45.73394]]},"properties":{}},{"type":"Feature","geometry":{"type":"LineString","coordinates":[[7.31426,45.73323],[7.31425,45.73357],[7.31437,45.73366],[7.31438,45.73379],[7.31427,45.7339],[7.31417,45.73394]]},"properties":{}},{"type":"Feature","geometry":{"type":"LineString","coordinates":[[7.31461,45.73295],[7.31436,45.73308],[7.31426,45.73323]]},"properties":{}},{"type":"Feature","geometry":{"type":"LineString","coordinates":[[7.31431,45.74161],[7.31423,45.74158],[7.31419,45.74151],[7.31423,45.74146],[7.31431,45.74144]]},"properties":{}},{"type":"Feature","geometry":{"type":"LineString","coordinates":[[7.31503,45.73997],[7.31434,45.74119],[7.31431,45.74144]]},"properties":{}},{"type":"Feature","geometry":{"type":"LineString","coordinates":[[7.31431,45.74144],[7.31439,45.74145],[7.31444,45.74152]]},"properties":{}},{"type":"Feature","geometry":{"type":"LineString","coordinates":[[7.31444,45.74152],[7.3144,45.74158],[7.31431,45.74161]]},"properties":{}},{"type":"Feature","geometry":{"type":"LineString","coordinates":[[7.31431,45.74161],[7.31436,45.74174],[7.315,45.74239],[7.31524,45.74253],[7.31578,45.74269],[7.31602,45.74283],[7.31627,45.74339],[7.31632,45.74345],[7.31703,45.74384],[7.31774,45.7443],[7.31812,45.74441],[7.31947,45.7447],[7.32198,45.74475],[7.32219,45.74481],[7.32231,45.74505],[7.32231,45.74534],[7.32206,45.74583],[7.32185,45.7461],[7.32161,45.74635],[7.32135,45.74693],[7.32116,45.74706],[7.31998,45.74718],[7.31971,45.74715],[7.31895,45.74694],[7.31879,45.74696],[7.3181,45.74717],[7.31789,45.74715],[7.31702,45.74695],[7.31688,45.747],[7.31683,45.74705],[7.31679,45.74714],[7.31682,45.74723],[7.317,45.74736],[7.31896,45.74841],[7.31917,45.74855],[7.3193,45.74871],[7.31935,45.74886],[7.31934,45.74901],[7.31917,45.74932],[7.31903,45.74975],[7.31882,45.75001],[7.31854,45.75022],[7.31847,45.75042]]},"properties":{}},{"type":"Feature","geometry":{"type":"LineString","coordinates":[[7.31896,45.74114],[7.31952,45.74129],[7.32203,45.74164],[7.32438,45.74195],[7.32479,45.74195],[7.32489,45.74199],[7.32492,45.74206],[7.32469,45.74228],[7.32446,45.74244],[7.32411,45.74275],[7.32396,45.74292],[7.32392,45.74304],[7.3238,45.74318],[7.32367,45.74326],[7.32345,45.74331],[7.32324,45.74331],[7.32253,45.74293],[7.32227,45.74285],[7.32112,45.74287],[7.32027,45.74284],[7.3193,45.74274],[7.31806,45.74255],[7.31602,45.74207],[7.31579,45.74198],[7.31524,45.74167],[7.31494,45.74156],[7.31444,45.74152]]},"properties":{}},{"type":"Feature","geometry":{"type":"LineString","coordinates":[[7.31497,45.73219],[7.31449,45.73209],[7.3144,45.73211],[7.31398,45.7331],[7.31406,45.73319],[7.31413,45.73318],[7.31433,45.73301],[7.31449,45.73295],[7.31461,45.73295]]},"properties":{}},{"type":"Feature","geometry":{"type":"LineString","coordinates":[[7.32168,45.73435],[7.32154,45.73421],[7.32145,45.73417],[7.31871,45.73358],[7.31835,45.73348],[7.31765,45.73321],[7.31677,45.73293],[7.31634,45.73289],[7.31461,45.73295]]},"properties":{}},{"type":"Feature","geometry":{"type":"LineString","coordinates":[[7.31497,45.73219],[7.31644,45.73256],[7.318,45.73285],[7.31863,45.73303],[7.32034,45.73337]]},"properties":{}},{"type":"Feature","geometry":{"type":"LineString","coordinates":[[7.31503,45.73997],[7.31896,45.74114]]},"properties":{}},{"type":"Feature","geometry":{"type":"LineString","coordinates":[[7.31526,45.75976],[7.31534,45.75941],[7.31564,45.75862],[7.31581,45.75829],[7.31682,45.75671],[7.31693,45.75644],[7.31715,45.75561],[7.3172,45.75507],[7.31733,45.75438],[7.31738,45.75427],[7.31767,45.75397],[7.31771,45.75383],[7.3177,45.75373],[7.31755,45.75347],[7.31753,45.75337],[7.31758,45.75322],[7.31774,45.75293],[7.31778,45.75277],[7.31773,45.75225],[7.31774,45.75192],[7.31782,45.75172],[7.31835,45.75121],[7.31844,45.75106],[7.31848,45.75096],[7.3185,45.7507]]},"properties":{}},{"type":"Feature","geometry":{"type":"LineString","coordinates":[[7.3185,45.7507],[7.31841,45.75065],[7.31836,45.75058],[7.31839,45.75047],[7.31847,45.75042]]},"properties":{}},{"type":"Feature","geometry":{"type":"LineString","coordinates":[[7.31847,45.75042],[7.31869,45.75042],[7.31877,45.75047],[7.3188,45.75055],[7.31878,45.75062],[7.31871,45.75068],[7.3185,45.7507]]},"properties":{}},{"type":"Feature","geometry":{"type":"LineString","coordinates":[[7.31896,45.74114],[7.3197,45.73983],[7.31987,45.73957],[7.32003,45.73941],[7.32061,45.73845],[7.32104,45.73765],[7.32122,45.7374],[7.32048,45.73719],[7.32125,45.73598]]},"properties":{}},{"type":"Feature","geometry":{"type":"LineString","coordinates":[[7.32034,45.73337],[7.32078,45.7334],[7.32098,45.73335],[7.32116,45.73328],[7.32127,45.73319],[7.32144,45.73296]]},"properties":{}},{"type":"Feature","geometry":{"type":"LineString","coordinates":[[7.32144,45.73296],[7.32139,45.73318],[7.32132,45.73334],[7.32135,45.73343],[7.32125,45.73352],[7.32111,45.73353],[7.32034,45.73337]]},"properties":{}},{"type":"Feature","geometry":{"type":"LineString","coordinates":[[7.32367,45.7367],[7.32326,45.73654],[7.32125,45.73598]]},"properties":{}},{"type":"Feature","geometry":{"type":"LineString","coordinates":[[7.32125,45.73598],[7.32196,45.73482]]},"properties":{}},{"type":"Feature","geometry":{"type":"LineString","coordinates":[[7.32144,45.73296],[7.32174,45.73224],[7.32192,45.73194],[7.32222,45.73158]]},"properties":{}},{"type":"Feature","geometry":{"type":"LineString","coordinates":[[7.32168,45.73435],[7.32207,45.73449]]},"properties":{}},{"type":"Feature","geometry":{"type":"LineString","coordinates":[[7.32198,45.73459],[7.32183,45.7345],[7.32168,45.73435]]},"properties":{}},{"type":"Feature","geometry":{"type":"LineString","coordinates":[[7.32183,45.72811],[7.32194,45.72815],[7.32207,45.72828]]},"properties":{}},{"type":"Feature","geometry":{"type":"LineString","coordinates":[[7.32198,45.72836],[7.32183,45.72811]]},"properties":{}},{"type":"Feature","geometry":{"type":"LineString","coordinates":[[7.32196,45.73482],[7.32201,45.73465]]},"properties":{}},{"type":"Feature","geometry":{"type":"LineString","coordinates":[[7.32216,45.73469],[7.32196,45.73482]]},"properties":{}},{"type":"Feature","geometry":{"type":"LineString","coordinates":[[7.32197,45.72715],[7.32223,45.72723],[7.32238,45.72736],[7.32241,45.72775],[7.32233,45.72813],[7.32226,45.72831]]},"properties":{}},{"type":"Feature","geometry":{"type":"LineString","coordinates":[[7.3221,45.72828],[7.32226,45.72814],[7.32229,45.72749],[7.32224,45.72734],[7.32197,45.72715]]},"properties":{}},{"type":"Feature","geometry":{"type":"LineString","coordinates":[[7.32197,45.72715],[7.32135,45.72692],[7.32101,45.72685],[7.32012,45.72687],[7.31896,45.72683],[7.31869,45.72678],[7.31593,45.72559],[7.31563,45.72537],[7.31485,45.72458],[7.31477,45.72443],[7.31478,45.72434],[7.31486,45.72424],[7.31501,45.72418],[7.31519,45.7242],[7.31615,45.72447],[7.31687,45.72437],[7.3172,45.72425],[7.31794,45.72378],[7.31805,45.72369],[7.31809,45.72359],[7.31798,45.72343],[7.31776,45.72333],[7.31761,45.72332],[7.31692,45.7234],[7.31674,45.72334],[7.31668,45.72326],[7.31672,45.72314],[7.31713,45.72289],[7.31741,45.72262],[7.31746,45.7225],[7.31748,45.72235],[7.31744,45.72225],[7.31739,45.72221],[7.31718,45.72218],[7.31632,45.72221],[7.31621,45.72224],[7.31609,45.72233],[7.31598,45.72282],[7.31586,45.72289],[7.31566,45.72288],[7.3153,45.72269],[7.31514,45.72254],[7.31514,45.72238],[7.31526,45.72215],[7.31581,45.72185],[7.3161,45.72153],[7.31616,45.72138],[7.31618,45.72095],[7.31614,45.7205],[7.31619,45.72044],[7.31628,45.7204],[7.31646,45.72042],[7.31668,45.72054],[7.31699,45.72096],[7.31711,45.72127],[7.31723,45.72139],[7.31739,45.72143],[7.31821,45.72143],[7.31902,45.72152],[7.31914,45.72148],[7.31926,45.72136],[7.31931,45.72127],[7.31936,45.7209],[7.31949,45.72071],[7.31972,45.72054],[7.31993,45.72047],[7.32013,45.72047],[7.32024,45.72052],[7.32031,45.72061],[7.32038,45.72094],[7.32043,45.72099],[7.32059,45.72103],[7.3207,45.72101],[7.32163,45.72065],[7.32201,45.72046],[7.32233,45.72044],[7.32272,45.72059],[7.32316,45.72062],[7.32345,45.72057],[7.32384,45.72041],[7.32421,45.72035]]},"properties":{}},{"type":"Feature","geometry":{"type":"LineString","coordinates":[[7.32201,45.73465],[7.32198,45.73459]]},"properties":{}},{"type":"Feature","geometry":{"type":"LineString","coordinates":[[7.32198,45.73459],[7.32201,45.73453],[7.32207,45.73449]]},"properties":{}},{"type":"Feature","geometry":{"type":"LineString","coordinates":[[7.32201,45.72928],[7.32197,45.72915],[7.32194,45.72868],[7.322,45.72853],[7.32198,45.72836]]},"properties":{}},{"type":"Feature","geometry":{"type":"LineString","coordinates":[[7.32198,45.72836],[7.32207,45.72828]]},"properties":{}},{"type":"Feature","geometry":{"type":"LineString","coordinates":[[7.322,45.729],[7.32201,45.72928]]},"properties":{}},{"type":"Feature","geometry":{"type":"LineString","coordinates":[[7.3223,45.72838],[7.32226,45.72846],[7.32214,45.7285],[7.32202,45.72864],[7.32198,45.72878],[7.322,45.729]]},"properties":{}},{"type":"Feature","geometry":{"type":"LineString","coordinates":[[7.32281,45.72861],[7.32214,45.72883],[7.322,45.729]]},"properties":{}},{"type":"Feature","geometry":{"type":"LineString","coordinates":[[7.32213,45.73006],[7.32201,45.72928]]},"properties":{}},{"type":"Feature","geometry":{"type":"LineString","coordinates":[[7.32216,45.73469],[7.32201,45.73465]]},"properties":{}},{"type":"Feature","geometry":{"type":"LineString","coordinates":[[7.32207,45.73449],[7.32218,45.73449],[7.32225,45.73453]]},"properties":{}},{"type":"Feature","geometry":{"type":"LineString","coordinates":[[7.32207,45.72828],[7.3221,45.72828]]},"properties":{}},{"type":"Feature","geometry":{"type":"LineString","coordinates":[[7.3221,45.72828],[7.32226,45.72831]]},"properties":{}},{"type":"Feature","geometry":{"type":"LineString","coordinates":[[7.32214,45.73014],[7.32213,45.73006]]},"properties":{}},{"type":"Feature","geometry":{"type":"LineString","coordinates":[[7.32213,45.73006],[7.33111,45.72957],[7.33419,45.7293],[7.3351,45.72928],[7.33609,45.72936],[7.33697,45.72951],[7.33768,45.72972],[7.33864,45.73015],[7.33907,45.73039],[7.33946,45.73063],[7.34004,45.73108],[7.34245,45.73351],[7.34298,45.73399],[7.34345,45.73437],[7.34392,45.73468],[7.34452,45.73497],[7.34495,45.73516],[7.34594,45.73547],[7.3466,45.73559],[7.34742,45.7357],[7.36032,45.7371],[7.36391,45.73746],[7.37137,45.73796],[7.3728,45.73799],[7.374,45.73793],[7.3773,45.73747],[7.37842,45.73741],[7.37922,45.73745],[7.38005,45.73757],[7.38085,45.73775],[7.38188,45.73811],[7.38423,45.73907],[7.38497,45.73931]]},"properties":{}},{"type":"Feature","geometry":{"type":"LineString","coordinates":[[7.32231,45.73127],[7.32214,45.73014]]},"properties":{}},{"type":"Feature","geometry":{"type":"LineString","coordinates":[[7.38493,45.73938],[7.38414,45.73913],[7.38176,45.73816],[7.38095,45.73787],[7.38018,45.73768],[7.37915,45.73753],[7.37813,45.7375],[7.37723,45.73756],[7.3745,45.73795],[7.37324,45.73807],[7.37237,45.73808],[7.37132,45.73804],[7.36639,45.73773],[7.36326,45.73749],[7.3474,45.7358],[7.34651,45.73567],[7.34579,45.73552],[7.34478,45.73522],[7.34393,45.73478],[7.34323,45.73433],[7.34287,45.73403],[7.34235,45.73355],[7.34018,45.73136],[7.33952,45.73079],[7.33882,45.73035],[7.33842,45.73015],[7.33763,45.72981],[7.33678,45.72957],[7.33602,45.72943],[7.33505,45.72936],[7.33446,45.72937],[7.33109,45.72966],[7.32214,45.73014]]},"properties":{}},{"type":"Feature","geometry":{"type":"LineString","coordinates":[[7.32222,45.73467],[7.32216,45.73469]]},"properties":{}},{"type":"Feature","geometry":{"type":"LineString","coordinates":[[7.32231,45.73127],[7.32251,45.73132],[7.32256,45.73139],[7.32256,45.73147],[7.32252,45.73154],[7.32243,45.73158],[7.32222,45.73158]]},"properties":{}},{"type":"Feature","geometry":{"type":"LineString","coordinates":[[7.32222,45.73158],[7.32212,45.7315],[7.3221,45.73142],[7.32216,45.73132],[7.32231,45.73127]]},"properties":{}},{"type":"Feature","geometry":{"type":"LineString","coordinates":[[7.32275,45.7347],[7.32222,45.73467]]},"properties":{}},{"type":"Feature","geometry":{"type":"LineString","coordinates":[[7.32225,45.73453],[7.32227,45.73461],[7.32222,45.73467]]},"properties":{}},{"type":"Feature","geometry":{"type":"LineString","coordinates":[[7.32225,45.73453],[7.32291,45.73472]]},"properties":{}},{"type":"Feature","geometry":{"type":"LineString","coordinates":[[7.32226,45.72831],[7.3223,45.72838]]},"properties":{}},{"type":"Feature","geometry":{"type":"LineString","coordinates":[[7.3223,45.72838],[7.32234,45.72849],[7.32249,45.72859],[7.32281,45.72861]]},"properties":{}},{"type":"Feature","geometry":{"type":"LineString","coordinates":[[7.32291,45.73472],[7.32275,45.7347]]},"properties":{}},{"type":"Feature","geometry":{"type":"LineString","coordinates":[[7.32415,45.73524],[7.32398,45.73506],[7.32299,45.7348],[7.32275,45.7347]]},"properties":{}},{"type":"Feature","geometry":{"type":"LineString","coordinates":[[7.32281,45.72861],[7.32706,45.72747],[7.32773,45.7274],[7.32986,45.72731],[7.33178,45.72709],[7.33306,45.72722],[7.3333,45.72717],[7.33349,45.72719],[7.33392,45.72714],[7.33498,45.72718],[7.33641,45.72709],[7.33772,45.72712],[7.33952,45.7274],[7.34129,45.72747],[7.34302,45.72777],[7.34397,45.72802],[7.34534,45.72846],[7.3456,45.72853],[7.34758,45.72867],[7.34796,45.72866],[7.34927,45.72853],[7.35044,45.72857],[7.35266,45.72848],[7.35368,45.72855],[7.35445,45.72853],[7.35714,45.72825],[7.35737,45.72823],[7.35784,45.72825]]},"properties":{}},{"type":"Feature","geometry":{"type":"LineString","coordinates":[[7.32509,45.73528],[7.32291,45.73472]]},"properties":{}},{"type":"Feature","geometry":{"type":"LineString","coordinates":[[7.32447,45.73693],[7.32404,45.73686],[7.32367,45.7367]]},"properties":{}},{"type":"Feature","geometry":{"type":"LineString","coordinates":[[7.32367,45.7367],[7.32426,45.73685],[7.32447,45.73693]]},"properties":{}},{"type":"Feature","geometry":{"type":"LineString","coordinates":[[7.32415,45.73524],[7.32388,45.73514]]},"properties":{}},{"type":"Feature","geometry":{"type":"LineString","coordinates":[[7.32443,45.73531],[7.32415,45.73524]]},"properties":{}},{"type":"Feature","geometry":{"type":"LineString","coordinates":[[7.32443,45.73531],[7.32438,45.73519]]},"properties":{}},{"type":"Feature","geometry":{"type":"LineString","coordinates":[[7.32445,45.73524],[7.32443,45.73517]]},"properties":{}},{"type":"Feature","geometry":{"type":"LineString","coordinates":[[7.32452,45.73534],[7.32443,45.73531]]},"properties":{}},{"type":"Feature","geometry":{"type":"LineString","coordinates":[[7.32776,45.73787],[7.32447,45.73693]]},"properties":{}},{"type":"Feature","geometry":{"type":"LineString","coordinates":[[7.32452,45.73534],[7.32448,45.73521]]},"properties":{}},{"type":"Feature","geometry":{"type":"LineString","coordinates":[[7.32461,45.73537],[7.32452,45.73534]]},"properties":{}},{"type":"Feature","geometry":{"type":"LineString","coordinates":[[7.32461,45.73537],[7.32456,45.73523]]},"properties":{}},{"type":"Feature","geometry":{"type":"LineString","coordinates":[[7.32469,45.73539],[7.32461,45.73537]]},"properties":{}},{"type":"Feature","geometry":{"type":"LineString","coordinates":[[7.32469,45.73539],[7.32463,45.73525]]},"properties":{}},{"type":"Feature","geometry":{"type":"LineString","coordinates":[[7.32509,45.73528],[7.32497,45.73547],[7.32469,45.73539]]},"properties":{}},{"type":"Feature","geometry":{"type":"LineString","coordinates":[[7.32767,45.7354],[7.32695,45.73532],[7.32614,45.73532],[7.32509,45.73528]]},"properties":{}},{"type":"Feature","geometry":{"type":"LineString","coordinates":[[7.32622,45.74323],[7.32627,45.74314],[7.32628,45.74302],[7.32625,45.74298],[7.32628,45.74291],[7.3265,45.74285],[7.32662,45.74278]]},"properties":{}},{"type":"Feature","geometry":{"type":"LineString","coordinates":[[7.32662,45.74278],[7.32649,45.74294],[7.32648,45.74302],[7.32639,45.74306],[7.32633,45.74316],[7.32622,45.74323]]},"properties":{}},{"type":"Feature","geometry":{"type":"LineString","coordinates":[[7.32972,45.74124],[7.32859,45.7416],[7.32739,45.74207],[7.32702,45.74231],[7.32662,45.74278]]},"properties":{}},{"type":"Feature","geometry":{"type":"LineString","coordinates":[[7.32767,45.7354],[7.32891,45.7356],[7.32932,45.73574]]},"properties":{}},{"type":"Feature","geometry":{"type":"LineString","coordinates":[[7.32914,45.73587],[7.32898,45.73571],[7.32876,45.73562],[7.32767,45.7354]]},"properties":{}},{"type":"Feature","geometry":{"type":"LineString","coordinates":[[7.32775,45.73881],[7.32782,45.73893],[7.32827,45.73912],[7.32834,45.73917],[7.32837,45.73927],[7.32833,45.73938]]},"properties":{}},{"type":"Feature","geometry":{"type":"LineString","coordinates":[[7.32833,45.73938],[7.32822,45.73943],[7.32799,45.73944],[7.32764,45.73932],[7.32757,45.73921],[7.32756,45.73912],[7.32775,45.73881]]},"properties":{}},{"type":"Feature","geometry":{"type":"LineString","coordinates":[[7.32775,45.73881],[7.32816,45.73813],[7.32818,45.73797]]},"properties":{}},{"type":"Feature","geometry":{"type":"LineString","coordinates":[[7.32776,45.73787],[7.32804,45.73786]]},"properties":{}},{"type":"Feature","geometry":{"type":"LineString","coordinates":[[7.32806,45.73794],[7.32789,45.73793],[7.32776,45.73787]]},"properties":{}},{"type":"Feature","geometry":{"type":"LineString","coordinates":[[7.32806,45.73794],[7.32804,45.73786]]},"properties":{}},{"type":"Feature","geometry":{"type":"LineString","coordinates":[[7.32804,45.73786],[7.32808,45.73781],[7.32821,45.73781]]},"properties":{}},{"type":"Feature","geometry":{"type":"LineString","coordinates":[[7.32818,45.73797],[7.32806,45.73794]]},"properties":{}},{"type":"Feature","geometry":{"type":"LineString","coordinates":[[7.3281,45.74035],[7.32843,45.74055]]},"properties":{}},{"type":"Feature","geometry":{"type":"LineString","coordinates":[[7.32843,45.74055],[7.32816,45.74051],[7.32806,45.74053],[7.32794,45.74048],[7.32793,45.74043],[7.32797,45.74037],[7.3281,45.74035]]},"properties":{}},{"type":"Feature","geometry":{"type":"LineString","coordinates":[[7.3281,45.74035],[7.32903,45.73952]]},"properties":{}},{"type":"Feature","geometry":{"type":"LineString","coordinates":[[7.32821,45.73781],[7.32827,45.73789],[7.32818,45.73797]]},"properties":{}},{"type":"Feature","geometry":{"type":"LineString","coordinates":[[7.32908,45.73619],[7.32837,45.73755],[7.32821,45.73781]]},"properties":{}},{"type":"Feature","geometry":{"type":"LineString","coordinates":[[7.32833,45.73938],[7.32845,45.73936],[7.32903,45.73952]]},"properties":{}},{"type":"Feature","geometry":{"type":"LineString","coordinates":[[7.32843,45.74055],[7.3293,45.74096],[7.32972,45.74124]]},"properties":{}},{"type":"Feature","geometry":{"type":"LineString","coordinates":[[7.32979,45.73933],[7.32935,45.73949],[7.32903,45.73952]]},"properties":{}},{"type":"Feature","geometry":{"type":"LineString","coordinates":[[7.32908,45.73619],[7.32914,45.73587]]},"properties":{}},{"type":"Feature","geometry":{"type":"LineString","coordinates":[[7.32929,45.7359],[7.32908,45.73619]]},"properties":{}},{"type":"Feature","geometry":{"type":"LineString","coordinates":[[7.32929,45.7359],[7.32914,45.73587]]},"properties":{}},{"type":"Feature","geometry":{"type":"LineString","coordinates":[[7.32937,45.73585],[7.32929,45.7359]]},"properties":{}},{"type":"Feature","geometry":{"type":"LineString","coordinates":[[7.32932,45.73574],[7.32987,45.73586]]},"properties":{}},{"type":"Feature","geometry":{"type":"LineString","coordinates":[[7.32932,45.73574],[7.32937,45.73578],[7.32937,45.73585]]},"properties":{}},{"type":"Feature","geometry":{"type":"LineString","coordinates":[[7.32987,45.73586],[7.32937,45.73585]]},"properties":{}},{"type":"Feature","geometry":{"type":"LineString","coordinates":[[7.32972,45.74124],[7.33135,45.74077],[7.33195,45.74063],[7.33236,45.74058],[7.33302,45.74059],[7.33351,45.74081],[7.33425,45.74095],[7.33494,45.74092],[7.33562,45.74083],[7.33577,45.74079],[7.33638,45.74051],[7.33661,45.7405],[7.33776,45.74088],[7.33845,45.74098],[7.3386,45.74114],[7.33858,45.74141],[7.33865,45.74156],[7.33881,45.74168],[7.33959,45.7421],[7.33993,45.74239],[7.34031,45.74246],[7.34188,45.74254],[7.34334,45.7429],[7.3443,45.74303],[7.34521,45.74324],[7.34539,45.74332],[7.34547,45.74339],[7.34567,45.74389],[7.34575,45.74401],[7.34587,45.74409],[7.3464,45.74429],[7.34664,45.74447],[7.34688,45.7446],[7.34751,45.7448],[7.34815,45.74492],[7.34869,45.74513],[7.3494,45.7453],[7.35053,45.74569],[7.35109,45.74596],[7.35139,45.74605],[7.35252,45.74627],[7.35291,45.74628],[7.35326,45.74633],[7.35417,45.7467],[7.35442,45.74685],[7.35511,45.74686],[7.35575,45.74707],[7.35589,45.74709],[7.35711,45.74704],[7.35778,45.74689]]},"properties":{}},{"type":"Feature","geometry":{"type":"LineString","coordinates":[[7.32998,45.73929],[7.32996,45.73934],[7.32991,45.73936],[7.32979,45.73933]]},"properties":{}},{"type":"Feature","geometry":{"type":"LineString","coordinates":[[7.32979,45.73933],[7.32978,45.73928],[7.32985,45.73922],[7.32995,45.73924],[7.32998,45.73929]]},"properties":{}},{"type":"Feature","geometry":{"type":"LineString","coordinates":[[7.33347,45.73715],[7.33335,45.73701],[7.33304,45.73682],[7.33221,45.73647],[7.33127,45.73617],[7.32987,45.73586]]},"properties":{}},{"type":"Feature","geometry":{"type":"LineString","coordinates":[[7.32998,45.73929],[7.33077,45.73922],[7.33341,45.73918],[7.33488,45.73922],[7.3356,45.7393],[7.3358,45.73927],[7.33589,45.73921],[7.33594,45.73914],[7.33592,45.73899]]},"properties":{}},{"type":"Feature","geometry":{"type":"LineString","coordinates":[[7.33362,45.73727],[7.33353,45.7373],[7.33345,45.73727],[7.33342,45.73722],[7.33347,45.73715]]},"properties":{}},{"type":"Feature","geometry":{"type":"LineString","coordinates":[[7.33347,45.73715],[7.33354,45.73713],[7.33363,45.73717],[7.33366,45.73721],[7.33362,45.73727]]},"properties":{}},{"type":"Feature","geometry":{"type":"LineString","coordinates":[[7.33592,45.73899],[7.33389,45.73743],[7.33362,45.73727]]},"properties":{}},{"type":"Feature","geometry":{"type":"LineString","coordinates":[[7.33592,45.73899],[7.33652,45.73942],[7.33775,45.74001],[7.33806,45.74011],[7.33844,45.74016],[7.3413,45.74004],[7.34329,45.74009],[7.34516,45.73987],[7.34753,45.73991],[7.35178,45.7398],[7.35401,45.7398],[7.35434,45.73974],[7.35449,45.73961],[7.35468,45.73957],[7.35484,45.73961],[7.35501,45.73979],[7.35531,45.73987],[7.35671,45.74001],[7.36121,45.7409],[7.36192,45.741],[7.36227,45.74102],[7.36292,45.741],[7.36542,45.74057],[7.36629,45.7405],[7.36669,45.74052],[7.36737,45.74059],[7.36817,45.74071],[7.36982,45.74117],[7.37067,45.74134],[7.37488,45.74149],[7.37536,45.74148],[7.37645,45.74137],[7.37749,45.74135],[7.37842,45.74144],[7.37963,45.74167]]},"properties":{}},{"type":"Feature","geometry":{"type":"LineString","coordinates":[[7.38,45.74174],[7.37948,45.7417],[7.3783,45.74147],[7.37758,45.74142],[7.37652,45.74144],[7.37487,45.74156],[7.37071,45.74142],[7.36985,45.74127],[7.36812,45.74078],[7.36736,45.74065],[7.36662,45.74058],[7.36597,45.74058],[7.36534,45.74065],[7.36301,45.74106],[7.3625,45.7411],[7.36173,45.74106],[7.35671,45.74009],[7.35502,45.73991],[7.35487,45.73991],[7.35477,45.73996],[7.35463,45.73997],[7.35432,45.73988],[7.35241,45.73985],[7.34751,45.73998],[7.34527,45.73993],[7.34494,45.73994],[7.34373,45.74012],[7.34335,45.74015],[7.34097,45.74012],[7.34055,45.74015],[7.33905,45.74046],[7.33865,45.74045],[7.33844,45.74041],[7.33697,45.73971],[7.33652,45.73953],[7.33629,45.73937],[7.33592,45.73899]]},"properties":{}},{"type":"Feature","geometry":{"type":"LineString","coordinates":[[7.35069,45.61056],[7.35094,45.61045],[7.35109,45.61043],[7.35117,45.61034],[7.35152,45.61016],[7.35483,45.60871],[7.35533,45.60853],[7.35605,45.60835],[7.3564,45.60818],[7.35703,45.60811],[7.35775,45.60812],[7.35859,45.6078],[7.35917,45.60768],[7.35998,45.6077],[7.36081,45.60757],[7.36169,45.60761],[7.36209,45.60771],[7.36225,45.608],[7.36222,45.60806],[7.36213,45.60808],[7.36205,45.60804],[7.36204,45.60797],[7.36195,45.60795],[7.36097,45.60798],[7.36082,45.60802],[7.35944,45.60868],[7.3584,45.60903],[7.35754,45.60963],[7.35704,45.61003],[7.35619,45.61079],[7.35591,45.61113],[7.35557,45.61125],[7.35476,45.61126],[7.35408,45.61132],[7.35272,45.6113],[7.3525,45.61125],[7.35233,45.61117],[7.35186,45.61071],[7.35173,45.61062],[7.35152,45.61056],[7.35122,45.61056],[7.35111,45.61062],[7.35092,45.61055],[7.35069,45.61056]]},"properties":{}},{"type":"Feature","geometry":{"type":"LineString","coordinates":[[7.35778,45.74689],[7.35818,45.74683],[7.35825,45.74708],[7.35791,45.74714],[7.35778,45.74689]]},"properties":{}},{"type":"Feature","geometry":{"type":"LineString","coordinates":[[7.35784,45.72825],[7.3582,45.72826],[7.35826,45.72828]]},"properties":{}},{"type":"Feature","geometry":{"type":"LineString","coordinates":[[7.35821,45.72838],[7.35784,45.72825]]},"properties":{}},{"type":"Feature","geometry":{"type":"LineString","coordinates":[[7.35834,45.72861],[7.35821,45.72838]]},"properties":{}},{"type":"Feature","geometry":{"type":"LineString","coordinates":[[7.35821,45.72838],[7.3582,45.72834],[7.35826,45.72828]]},"properties":{}},{"type":"Feature","geometry":{"type":"LineString","coordinates":[[7.35826,45.72828],[7.35834,45.72835]]},"properties":{}},{"type":"Feature","geometry":{"type":"LineString","coordinates":[[7.35826,45.72828],[7.35848,45.72824]]},"properties":{}},{"type":"Feature","geometry":{"type":"LineString","coordinates":[[7.35834,45.72835],[7.35834,45.72861]]},"properties":{}},{"type":"Feature","geometry":{"type":"LineString","coordinates":[[7.35848,45.72824],[7.35837,45.72829],[7.35834,45.72835]]},"properties":{}},{"type":"Feature","geometry":{"type":"LineString","coordinates":[[7.35896,45.7324],[7.35885,45.73218],[7.35875,45.73171],[7.35874,45.73025],[7.35871,45.72994],[7.35834,45.72861]]},"properties":{}},{"type":"Feature","geometry":{"type":"LineString","coordinates":[[7.40877,45.737],[7.40869,45.73686],[7.4086,45.73678],[7.40842,45.73672],[7.40781,45.73668],[7.40727,45.73661],[7.40688,45.73653],[7.40661,45.73643],[7.40505,45.73513],[7.40482,45.735],[7.40415,45.73479],[7.40294,45.73433],[7.39994,45.73358],[7.39748,45.73362],[7.39697,45.73373],[7.39632,45.734],[7.39613,45.73406],[7.39467,45.73416],[7.39361,45.73438],[7.39323,45.73438],[7.39236,45.73422],[7.39203,45.73419],[7.39094,45.73419],[7.39036,45.73422],[7.38785,45.73481],[7.3859,45.73478],[7.38558,45.73476],[7.38521,45.73467],[7.38472,45.73451],[7.3845,45.73437],[7.38427,45.73414],[7.38418,45.73397],[7.38414,45.73382],[7.38419,45.73371],[7.38438,45.73356],[7.38464,45.73346],[7.38551,45.73327],[7.38562,45.7332],[7.38566,45.73308],[7.3856,45.73301],[7.385,45.73275],[7.38483,45.73264],[7.38359,45.73138],[7.3834,45.73122],[7.38322,45.73111],[7.38305,45.73105],[7.38113,45.73063],[7.38088,45.73064],[7.38009,45.73081],[7.37889,45.73087],[7.37837,45.73084],[7.37781,45.73074],[7.37737,45.73057],[7.37684,45.7303],[7.37639,45.73011],[7.37455,45.72956],[7.37367,45.72937],[7.37359,45.72933],[7.3735,45.72923],[7.37318,45.72867],[7.37306,45.72858],[7.3728,45.72846],[7.37238,45.72831],[7.37198,45.72824],[7.37154,45.72822],[7.37098,45.72822],[7.3708,45.72826],[7.37063,45.72833],[7.37053,45.7284],[7.37011,45.72895],[7.36999,45.72905],[7.36878,45.72959],[7.36845,45.72972],[7.3681,45.7298],[7.36701,45.72989],[7.3651,45.72982],[7.36335,45.72958],[7.36247,45.72951],[7.35958,45.72835],[7.35894,45.72825],[7.35848,45.72824]]},"properties":{}},{"type":"Feature","geometry":{"type":"LineString","coordinates":[[7.35896,45.7324],[7.35907,45.73249],[7.35921,45.73252],[7.35928,45.73258],[7.35928,45.73265],[7.35922,45.73272],[7.35922,45.73284]]},"properties":{}},{"type":"Feature","geometry":{"type":"LineString","coordinates":[[7.35922,45.73284],[7.35913,45.73275],[7.35903,45.73275],[7.35892,45.73267],[7.35896,45.7324]]},"properties":{}},{"type":"Feature","geometry":{"type":"LineString","coordinates":[[7.35999,45.73651],[7.36002,45.73619],[7.35995,45.73491],[7.35988,45.73432],[7.35968,45.73379],[7.35922,45.73284]]},"properties":{}},{"type":"Feature","geometry":{"type":"LineString","coordinates":[[7.35999,45.73651],[7.36002,45.73679],[7.36023,45.73693],[7.36047,45.73698]]},"properties":{}},{"type":"Feature","geometry":{"type":"LineString","coordinates":[[7.36047,45.73698],[7.3601,45.73698],[7.35991,45.73702],[7.35981,45.73697],[7.35977,45.73688],[7.35992,45.73671],[7.35999,45.73651]]},"properties":{}},{"type":"Feature","geometry":{"type":"LineString","coordinates":[[7.36227,45.73719],[7.36047,45.73698]]},"properties":{}},{"type":"Feature","geometry":{"type":"LineString","coordinates":[[7.36321,45.73724],[7.36282,45.73721],[7.36269,45.73726],[7.36256,45.73721],[7.36227,45.73719]]},"properties":{}},{"type":"Feature","geometry":{"type":"LineString","coordinates":[[7.36227,45.73719],[7.36248,45.73715],[7.36259,45.73706],[7.36269,45.73704],[7.36279,45.73706],[7.36289,45.73716],[7.36321,45.73724]]},"properties":{}},{"type":"Feature","geometry":{"type":"LineString","coordinates":[[7.36839,45.73759],[7.36764,45.73758],[7.36564,45.73745],[7.36321,45.73724]]},"properties":{}},{"type":"Feature","geometry":{"type":"LineString","coordinates":[[7.36839,45.73759],[7.36868,45.73749],[7.36882,45.73736],[7.36887,45.73725],[7.36893,45.7368]]},"properties":{}},{"type":"Feature","geometry":{"type":"LineString","coordinates":[[7.36904,45.73685],[7.369,45.73691],[7.36895,45.73728],[7.3689,45.73739],[7.36871,45.73754],[7.36839,45.73759]]},"properties":{}},{"type":"Feature","geometry":{"type":"LineString","coordinates":[[7.36904,45.73685],[7.36893,45.7368]]},"properties":{}},{"type":"Feature","geometry":{"type":"LineString","coordinates":[[7.36893,45.7368],[7.36892,45.73675],[7.36896,45.73671]]},"properties":{}},{"type":"Feature","geometry":{"type":"LineString","coordinates":[[7.36896,45.73671],[7.36903,45.73618],[7.36912,45.73607],[7.36916,45.73615],[7.36911,45.73671]]},"properties":{}},{"type":"Feature","geometry":{"type":"LineString","coordinates":[[7.36896,45.73671],[7.36911,45.73671]]},"properties":{}},{"type":"Feature","geometry":{"type":"LineString","coordinates":[[7.36911,45.73671],[7.36914,45.73679],[7.36904,45.73685]]},"properties":{}},{"type":"Feature","geometry":{"type":"LineString","coordinates":[[7.37963,45.74167],[7.38,45.74169],[7.38243,45.74173],[7.3827,45.7417],[7.38316,45.74157],[7.38357,45.74135],[7.38372,45.74121],[7.38388,45.74096],[7.38401,45.74084],[7.38493,45.73938]]},"properties":{}},{"type":"Feature","geometry":{"type":"LineString","coordinates":[[7.37963,45.74167],[7.38,45.74174]]},"properties":{}},{"type":"Feature","geometry":{"type":"LineString","coordinates":[[7.38,45.74174],[7.38043,45.74178],[7.3829,45.74186]]},"properties":{}},{"type":"Feature","geometry":{"type":"LineString","coordinates":[[7.3829,45.74186],[7.38345,45.74191]]},"properties":{}},{"type":"Feature","geometry":{"type":"LineString","coordinates":[[7.3829,45.74186],[7.38349,45.74184]]},"properties":{}},{"type":"Feature","geometry":{"type":"LineString","coordinates":[[7.38413,45.742],[7.38391,45.74194],[7.38345,45.74191]]},"properties":{}},{"type":"Feature","geometry":{"type":"LineString","coordinates":[[7.38345,45.74191],[7.38325,45.74224],[7.38322,45.74245],[7.38327,45.74255],[7.38339,45.74268],[7.3836,45.74276],[7.38373,45.74278],[7.38408,45.74275],[7.38425,45.74266],[7.38436,45.74251],[7.38439,45.74236],[7.38435,45.74223],[7.38413,45.742]]},"properties":{}},{"type":"Feature","geometry":{"type":"LineString","coordinates":[[7.38349,45.74184],[7.38345,45.74191]]},"properties":{}},{"type":"Feature","geometry":{"type":"LineString","coordinates":[[7.38349,45.74184],[7.38429,45.74186],[7.38628,45.7418],[7.38672,45.74174],[7.38713,45.74163],[7.38782,45.74162],[7.39021,45.74111]]},"properties":{}},{"type":"Feature","geometry":{"type":"LineString","coordinates":[[7.39905,45.73667],[7.39702,45.73711],[7.39469,45.7378],[7.39134,45.73894],[7.3898,45.7396],[7.38938,45.73973],[7.38852,45.73987],[7.38713,45.73978],[7.38568,45.73982],[7.38526,45.7399],[7.38476,45.74012],[7.3845,45.74034],[7.38417,45.74074],[7.38386,45.74121],[7.38373,45.74135],[7.38362,45.74153],[7.38349,45.74184]]},"properties":{}},{"type":"Feature","geometry":{"type":"LineString","coordinates":[[7.39021,45.74111],[7.38782,45.74209],[7.38728,45.74223],[7.38686,45.74225],[7.38521,45.74208],[7.38454,45.7421],[7.38413,45.742]]},"properties":{}},{"type":"Feature","geometry":{"type":"LineString","coordinates":[[7.39905,45.73667],[7.39751,45.73692],[7.39582,45.73733],[7.39461,45.73769],[7.39051,45.73911],[7.38943,45.73941],[7.38813,45.73962],[7.38727,45.73968],[7.38596,45.7396],[7.38493,45.73938]]},"properties":{}},{"type":"Feature","geometry":{"type":"LineString","coordinates":[[7.38493,45.73938],[7.38497,45.73931]]},"properties":{}},{"type":"Feature","geometry":{"type":"LineString","coordinates":[[7.38497,45.73931],[7.38563,45.73947],[7.38625,45.73955],[7.38692,45.73957],[7.38746,45.73955],[7.38877,45.73938],[7.38971,45.7392],[7.39073,45.73891]]},"properties":{}},{"type":"Feature","geometry":{"type":"LineString","coordinates":[[7.38497,45.73931],[7.38504,45.7392]]},"properties":{}},{"type":"Feature","geometry":{"type":"LineString","coordinates":[[7.38504,45.7392],[7.38605,45.73938],[7.38662,45.73943],[7.3874,45.73941],[7.38871,45.73924],[7.39073,45.73891]]},"properties":{}},{"type":"Feature","geometry":{"type":"LineString","coordinates":[[7.38504,45.7392],[7.38529,45.73877],[7.38536,45.73851],[7.38533,45.73833],[7.38526,45.73822],[7.38513,45.73807],[7.38504,45.73801],[7.38483,45.73792],[7.38361,45.73764],[7.3834,45.73762],[7.38312,45.73767],[7.38298,45.73773],[7.38285,45.73788],[7.38279,45.73804],[7.38282,45.73824],[7.38289,45.73833],[7.38306,45.73846],[7.38419,45.73894],[7.38504,45.7392]]},"properties":{}},{"type":"Feature","geometry":{"type":"LineString","coordinates":[[7.40835,45.74161],[7.40786,45.7417],[7.40729,45.74169],[7.40211,45.74148],[7.40179,45.74145],[7.40119,45.74132],[7.40007,45.74093],[7.39894,45.74062],[7.39449,45.74041],[7.39371,45.74046],[7.39119,45.74089],[7.39021,45.74111]]},"properties":{}},{"type":"Feature","geometry":{"type":"LineString","coordinates":[[7.39073,45.73891],[7.39506,45.73746],[7.39576,45.73725],[7.39749,45.73684],[7.39853,45.73666],[7.3996,45.73652],[7.40077,45.73642],[7.40193,45.73637],[7.4029,45.73637],[7.40407,45.73642],[7.4054,45.73654],[7.40877,45.737]]},"properties":{}},{"type":"Feature","geometry":{"type":"LineString","coordinates":[[7.40881,45.73708],[7.40537,45.73662],[7.40358,45.73647],[7.40241,45.73644],[7.40157,45.73646],[7.40019,45.73654],[7.39905,45.73667]]},"properties":{}},{"type":"Feature","geometry":{"type":"LineString","coordinates":[[7.40871,45.74158],[7.40867,45.74167],[7.40856,45.74171],[7.40843,45.74169],[7.40835,45.74161]]},"properties":{}},{"type":"Feature","geometry":{"type":"LineString","coordinates":[[7.40835,45.74161],[7.40838,45.74151],[7.40851,45.74146],[7.40865,45.74149],[7.40871,45.74158]]},"properties":{}},{"type":"Feature","geometry":{"type":"LineString","coordinates":[[7.4118,45.74084],[7.40937,45.7415],[7.40904,45.74156],[7.40871,45.74158]]},"properties":{}},{"type":"Feature","geometry":{"type":"LineString","coordinates":[[7.40877,45.737],[7.41033,45.73718],[7.41217,45.73725],[7.41377,45.73719],[7.41467,45.73711],[7.41565,45.73698]]},"properties":{}},{"type":"Feature","geometry":{"type":"LineString","coordinates":[[7.40881,45.73708],[7.40877,45.737]]},"properties":{}},{"type":"Feature","geometry":{"type":"LineString","coordinates":[[7.41568,45.73706],[7.41379,45.73728],[7.41217,45.73733],[7.41032,45.73726],[7.40881,45.73708]]},"properties":{}},{"type":"Feature","geometry":{"type":"LineString","coordinates":[[7.41707,45.73818],[7.41683,45.73852],[7.41676,45.73858],[7.4166,45.73862],[7.41645,45.7386],[7.41536,45.73819],[7.41508,45.73813],[7.41213,45.73835],[7.41129,45.73836],[7.41052,45.73833],[7.4101,45.73823],[7.40925,45.73776],[7.40902,45.7375],[7.40881,45.73708]]},"properties":{}},{"type":"Feature","geometry":{"type":"LineString","coordinates":[[7.4118,45.74084],[7.41202,45.74073],[7.41204,45.74052],[7.41193,45.74049],[7.41188,45.7404],[7.41191,45.74034],[7.41199,45.7403],[7.4121,45.74031],[7.41217,45.74035],[7.4122,45.74042],[7.41216,45.74047],[7.41226,45.74057],[7.41241,45.74063],[7.41268,45.74061]]},"properties":{}},{"type":"Feature","geometry":{"type":"LineString","coordinates":[[7.41268,45.74061],[7.4118,45.74084]]},"properties":{}},{"type":"Feature","geometry":{"type":"LineString","coordinates":[[7.41746,45.73978],[7.41661,45.73984],[7.41509,45.74003],[7.41414,45.74024],[7.41268,45.74061]]},"properties":{}},{"type":"Feature","geometry":{"type":"LineString","coordinates":[[7.41565,45.73698],[7.41561,45.73674],[7.41571,45.7366],[7.41585,45.73652],[7.41652,45.73636],[7.4169,45.73622],[7.41704,45.7361],[7.41707,45.736],[7.41705,45.73588],[7.41684,45.73568],[7.4165,45.73551],[7.41635,45.7354],[7.41609,45.73511],[7.41595,45.7348],[7.41588,45.73384],[7.41606,45.73245],[7.41605,45.73239],[7.41565,45.73206],[7.41536,45.73205],[7.41446,45.73211]]},"properties":{}},{"type":"Feature","geometry":{"type":"LineString","coordinates":[[7.41568,45.73706],[7.41565,45.73698]]},"properties":{}},{"type":"Feature","geometry":{"type":"LineString","coordinates":[[7.41565,45.73698],[7.41738,45.73664],[7.41882,45.73623],[7.42001,45.73581],[7.42253,45.73481],[7.42353,45.73446],[7.42445,45.7342],[7.42578,45.73391],[7.42669,45.73377],[7.42813,45.73363],[7.42909,45.7336],[7.43008,45.73361],[7.43106,45.73367],[7.43211,45.73379],[7.43318,45.73397],[7.43438,45.73424],[7.44741,45.7377],[7.44836,45.73789],[7.44962,45.73804],[7.45091,45.73805],[7.45217,45.73791],[7.46099,45.73617],[7.46231,45.73594],[7.46333,45.73585],[7.46462,45.73587],[7.46531,45.73593],[7.46636,45.73611],[7.46735,45.73637],[7.468,45.73661],[7.46882,45.73698],[7.46944,45.73732],[7.4728,45.73945],[7.47378,45.73998],[7.47441,45.74028],[7.47569,45.74083],[7.47733,45.7414],[7.47867,45.74178],[7.47975,45.74201],[7.48196,45.74241],[7.48354,45.74263],[7.48504,45.7428],[7.48646,45.74292],[7.48928,45.74308],[7.49306,45.74322],[7.49535,45.74326],[7.5,45.74326]]},"properties":{}},{"type":"Feature","geometry":{"type":"LineString","coordinates":[[7.41701,45.73782],[7.41666,45.73764],[7.41599,45.73746],[7.41581,45.73733],[7.41568,45.73706]]},"properties":{}},{"type":"Feature","geometry":{"type":"LineString","coordinates":[[7.5,45.74334],[7.49403,45.74333],[7.4906,45.74322],[7.48645,45.743],[7.4845,45.74284],[7.48305,45.74265],[7.4812,45.74237],[7.47928,45.742],[7.47809,45.74172],[7.47681,45.74134],[7.47561,45.74091],[7.47433,45.74036],[7.47336,45.73987],[7.47272,45.73951],[7.46936,45.73738],[7.46821,45.73679],[7.46731,45.73645],[7.4667,45.73628],[7.46598,45.73612],[7.46494,45.73598],[7.46432,45.73594],[7.46332,45.73594],[7.46198,45.73607],[7.45219,45.73799],[7.45091,45.73813],[7.44961,45.73812],[7.44876,45.73804],[7.44737,45.73777],[7.43374,45.73417],[7.4326,45.73394],[7.43157,45.7338],[7.43054,45.73371],[7.42909,45.73368],[7.42766,45.73374],[7.42671,45.73385],[7.42541,45.73407],[7.42449,45.73428],[7.42308,45.7347],[7.42006,45.73588],[7.41886,45.73631],[7.41741,45.73671],[7.41568,45.73706]]},"properties":{}},{"type":"Feature","geometry":{"type":"LineString","coordinates":[[7.41701,45.73782],[7.41718,45.73795],[7.41723,45.73804],[7.41718,45.73812],[7.41707,45.73818]]},"properties":{}},{"type":"Feature","geometry":{"type":"LineString","coordinates":[[7.41707,45.73818],[7.41708,45.73794],[7.41701,45.73782]]},"properties":{}},{"type":"Feature","geometry":{"type":"LineString","coordinates":[[7.41778,45.73977],[7.41772,45.73983],[7.41761,45.73985],[7.41751,45.73983],[7.41746,45.73978]]},"properties":{}},{"type":"Feature","geometry":{"type":"LineString","coordinates":[[7.41746,45.73978],[7.41744,45.73973],[7.41747,45.73966],[7.41761,45.73961],[7.41775,45.73966],[7.41778,45.73977]]},"properties":{}},{"type":"Feature","geometry":{"type":"LineString","coordinates":[[7.4255,45.73962],[7.42467,45.73959],[7.42384,45.73961],[7.42139,45.7399],[7.42043,45.73994],[7.41778,45.73977]]},"properties":{}},{"type":"Feature","geometry":{"type":"LineString","coordinates":[[7.42659,45.73961],[7.42629,45.7397],[7.42621,45.73978],[7.42607,45.73981],[7.42593,45.73978],[7.42571,45.73966],[7.4255,45.73962]]},"properties":{}},{"type":"Feature","geometry":{"type":"LineString","coordinates":[[7.4255,45.73962],[7.42573,45.7396],[7.42597,45.73949],[7.42608,45.73947],[7.42627,45.73955],[7.42659,45.73961]]},"properties":{}},{"type":"Feature","geometry":{"type":"LineString","coordinates":[[7.43785,45.73991],[7.43467,45.73983],[7.43321,45.73959],[7.43226,45.7395],[7.42952,45.73947],[7.42659,45.73961]]},"properties":{}},{"type":"Feature","geometry":{"type":"LineString","coordinates":[[7.44297,45.73982],[7.44231,45.73991],[7.44086,45.7403],[7.44051,45.74033],[7.44017,45.7403],[7.4388,45.73997],[7.43866,45.73999],[7.43853,45.73995],[7.43785,45.73991]]},"properties":{}},{"type":"Feature","geometry":{"type":"LineString","coordinates":[[7.43785,45.73991],[7.43817,45.73987],[7.43861,45.73971],[7.43873,45.7397],[7.43883,45.73974],[7.43888,45.73979],[7.4389,45.73987],[7.43908,45.73996],[7.44019,45.74024],[7.44041,45.74026],[7.44085,45.74022],[7.44196,45.7399],[7.44256,45.73983],[7.44297,45.73982]]},"properties":{}},{"type":"Feature","geometry":{"type":"LineString","coordinates":[[7.4577,45.73885],[7.45721,45.73894],[7.45347,45.73947],[7.45079,45.74],[7.45002,45.7401],[7.44924,45.74011],[7.44731,45.73992],[7.44447,45.73975],[7.44297,45.73982]]},"properties":{}},{"type":"Feature","geometry":{"type":"LineString","coordinates":[[7.4577,45.73885],[7.45849,45.73862],[7.45885,45.73841],[7.45899,45.73842],[7.4593,45.73856],[7.45969,45.73861]]},"properties":{}},{"type":"Feature","geometry":{"type":"LineString","coordinates":[[7.45969,45.73861],[7.45916,45.73864],[7.4589,45.7387],[7.45852,45.73868],[7.4577,45.73885]]},"properties":{}},{"type":"Feature","geometry":{"type":"LineString","coordinates":[[7.47596,45.74231],[7.47341,45.74107],[7.47294,45.74081],[7.47193,45.74016],[7.47098,45.73963],[7.47031,45.73935],[7.46978,45.73918],[7.46886,45.73894],[7.46761,45.73876],[7.46563,45.73866],[7.46096,45.73852],[7.46032,45.73853],[7.45969,45.73861]]},"properties":{}},{"type":"Feature","geometry":{"type":"LineString","coordinates":[[7.47633,45.74249],[7.47612,45.74248],[7.47601,45.74242],[7.47596,45.74231]]},"properties":{}},{"type":"Feature","geometry":{"type":"LineString","coordinates":[[7.47596,45.74231],[7.47602,45.7422],[7.47616,45.74213],[7.47625,45.74213],[7.47641,45.74217],[7.4765,45.74228],[7.4765,45.74234],[7.47643,45.74244],[7.47633,45.74249]]},"properties":{}},{"type":"Feature","geometry":{"type":"LineString","coordinates":[[7.5,45.74586],[7.49803,45.74618],[7.49678,45.74631],[7.49459,45.7463],[7.49393,45.74619],[7.48766,45.74466],[7.48726,45.74462],[7.48676,45.74467],[7.48529,45.74537],[7.48488,45.74549],[7.48282,45.74557],[7.48217,45.74547],[7.48182,45.74537],[7.48095,45.74479],[7.48047,45.74453],[7.47633,45.74249]]},"properties":{}}]}