{"type":"FeatureCollection","features":[{"type":"Feature","geometry":{"type":"LineString","coordinates":[[8.00412,44.68344],[8.00365,44.68326],[8.0,44.68148]]},"properties":{}},{"type":"Feature","geometry":{"type":"LineString","coordinates":[[8.0,44.7081],[8.00211,44.70872]]},"properties":{}},{"type":"Feature","geometry":{"type":"LineString","coordinates":[[8.0,44.93224],[8.02378,44.92123],[8.04341,44.91209],[8.04742,44.90997],[8.05797,44.90401],[8.05965,44.90315],[8.06154,44.90245],[8.06357,44.90199],[8.06574,44.90175],[8.06766,44.90181],[8.06962,44.90196],[8.07509,44.90268],[8.09715,44.90455],[8.09882,44.90463],[8.10021,44.90464],[8.10193,44.90459],[8.10368,44.90448],[8.10634,44.90418],[8.11536,44.90266],[8.11787,44.90221],[8.12075,44.90178],[8.12212,44.90161],[8.1235,44.90148],[8.12481,44.90139],[8.13124,44.90139],[8.13349,44.90147],[8.13593,44.90169],[8.14294,44.9026],[8.14502,44.90283],[8.16136,44.90452],[8.16264,44.90468],[8.16532,44.90508],[8.16622,44.90525],[8.16796,44.9057],[8.17067,44.90647],[8.17344,44.90743],[8.17695,44.90894],[8.179,44.90996],[8.18075,44.91091],[8.18159,44.91143]]},"properties":{}},{"type":"Feature","geometry":{"type":"LineString","coordinates":[[8.18153,44.91152],[8.18065,44.91096],[8.17856,44.90985],[8.17688,44.90904],[8.17335,44.90751],[8.17059,44.90655],[8.16688,44.9055],[8.16614,44.90533],[8.16527,44.90516],[8.1626,44.90477],[8.16131,44.90461],[8.14396,44.90281],[8.1419,44.90256],[8.13591,44.90173],[8.13345,44.90154],[8.13117,44.90146],[8.12678,44.90146],[8.12479,44.90149],[8.12347,44.90155],[8.12076,44.90185],[8.11789,44.9023],[8.11093,44.90352],[8.10633,44.90427],[8.10523,44.90441],[8.10271,44.90465],[8.10019,44.90473],[8.09883,44.90472],[8.09713,44.90464],[8.07506,44.90277],[8.07204,44.90241],[8.06956,44.90206],[8.06768,44.9019],[8.06576,44.90187],[8.06358,44.90211],[8.06157,44.90257],[8.0597,44.90322],[8.05802,44.90409],[8.04753,44.91004],[8.04559,44.91108],[8.04346,44.91217],[8.03941,44.91404],[8.03473,44.91626],[8.0,44.93238]]},"properties":{}},{"type":"Feature","geometry":{"type":"LineString","coordinates":[[8.00211,44.70872],[8.00369,44.70892]]},"properties":{}},{"type":"Feature","geometry":{"type":"LineString","coordinates":[[8.00211,44.70872],[8.00261,44.70888],[8.00369,44.70892]]},"properties":{}},{"type":"Feature","geometry":{"type":"LineString","coordinates":[[8.00369,44.70892],[8.00539,44.70905],[8.006,44.70919],[8.00684,44.70943]]},"properties":{}},{"type":"Feature","geometry":{"type":"LineString","coordinates":[[8.00424,44.68354],[8.00415,44.68353],[8.00412,44.68344]]},"properties":{}},{"type":"Feature","geometry":{"type":"LineString","coordinates":[[8.00412,44.68344],[8.00425,44.6834],[8.00432,44.68345],[8.00432,44.6835]]},"properties":{}},{"type":"Feature","geometry":{"type":"LineString","coordinates":[[8.00601,44.68473],[8.00586,44.68465],[8.00581,44.68457],[8.0058,44.68449],[8.00545,44.68419],[8.00424,44.68354]]},"properties":{}},{"type":"Feature","geometry":{"type":"LineString","coordinates":[[8.00432,44.6835],[8.00424,44.68354]]},"properties":{}},{"type":"Feature","geometry":{"type":"LineString","coordinates":[[8.00432,44.6835],[8.00598,44.68431],[8.00614,44.68428],[8.00634,44.68434]]},"properties":{}},{"type":"Feature","geometry":{"type":"LineString","coordinates":[[8.00636,44.68467],[8.0062,44.68474],[8.00601,44.68473]]},"properties":{}},{"type":"Feature","geometry":{"type":"LineString","coordinates":[[8.0086,44.68697],[8.00804,44.6867],[8.00768,44.68649],[8.00715,44.68607],[8.00688,44.68582],[8.00607,44.68477],[8.00601,44.68473]]},"properties":{}},{"type":"Feature","geometry":{"type":"LineString","coordinates":[[8.00634,44.68434],[8.00707,44.68452]]},"properties":{}},{"type":"Feature","geometry":{"type":"LineString","coordinates":[[8.00634,44.68434],[8.00643,44.68445],[8.00643,44.68458]]},"properties":{}},{"type":"Feature","geometry":{"type":"LineString","coordinates":[[8.00636,44.68467],[8.00673,44.68543],[8.00725,44.68605],[8.00786,44.68652],[8.00864,44.68692]]},"properties":{}},{"type":"Feature","geometry":{"type":"LineString","coordinates":[[8.00643,44.68458],[8.00636,44.68467]]},"properties":{}},{"type":"Feature","geometry":{"type":"LineString","coordinates":[[8.00707,44.68452],[8.00679,44.68449],[8.0066,44.68451],[8.00643,44.68458]]},"properties":{}},{"type":"Feature","geometry":{"type":"LineString","coordinates":[[8.00665,44.72865],[8.00647,44.72879],[8.00728,44.72896]]},"properties":{}},{"type":"Feature","geometry":{"type":"LineString","coordinates":[[8.00684,44.70943],[8.00738,44.7095],[8.00798,44.70947],[8.00927,44.70923],[8.01031,44.70909]]},"properties":{}},{"type":"Feature","geometry":{"type":"LineString","coordinates":[[8.00684,44.70943],[8.01038,44.71046]]},"properties":{}},{"type":"Feature","geometry":{"type":"LineString","coordinates":[[8.00707,44.68452],[8.00859,44.68486],[8.00897,44.68498],[8.01191,44.68617],[8.01317,44.68672],[8.01674,44.68849],[8.01864,44.68933]]},"properties":{}},{"type":"Feature","geometry":{"type":"LineString","coordinates":[[8.00728,44.72896],[8.00765,44.72892]]},"properties":{}},{"type":"Feature","geometry":{"type":"LineString","coordinates":[[8.00768,44.72906],[8.00728,44.72896]]},"properties":{}},{"type":"Feature","geometry":{"type":"LineString","coordinates":[[8.00768,44.72906],[8.00765,44.72892]]},"properties":{}},{"type":"Feature","geometry":{"type":"LineString","coordinates":[[8.00765,44.72892],[8.00772,44.72884],[8.00784,44.72879]]},"properties":{}},{"type":"Feature","geometry":{"type":"LineString","coordinates":[[8.00812,44.729],[8.00802,44.7291],[8.00791,44.72914],[8.00778,44.72912],[8.00768,44.72906]]},"properties":{}},{"type":"Feature","geometry":{"type":"LineString","coordinates":[[8.00784,44.72879],[8.00798,44.72855],[8.00949,44.72159],[8.00943,44.72138],[8.00933,44.72133],[8.00928,44.72121],[8.00934,44.72111],[8.00956,44.72102],[8.00965,44.72086],[8.01033,44.71775]]},"properties":{}},{"type":"Feature","geometry":{"type":"LineString","coordinates":[[8.00784,44.72879],[8.00806,44.72884],[8.00813,44.72894],[8.00812,44.729]]},"properties":{}},{"type":"Feature","geometry":{"type":"LineString","coordinates":[[8.01269,44.71904],[8.01261,44.71932],[8.0126,44.71953],[8.01293,44.72048],[8.01334,44.72152],[8.01336,44.72168],[8.01332,44.72182],[8.01323,44.72191],[8.01253,44.72232],[8.01233,44.72256],[8.0122,44.72256],[8.01212,44.72262],[8.01204,44.72277],[8.0117,44.72401],[8.01164,44.72412],[8.01145,44.72434],[8.01141,44.72444],[8.01142,44.72488],[8.01112,44.72592],[8.01104,44.72637],[8.01105,44.72696],[8.01069,44.72812],[8.01058,44.7283],[8.01045,44.72837],[8.01012,44.72913],[8.01006,44.72923],[8.01002,44.72925],[8.0098,44.72924],[8.00844,44.72895],[8.00812,44.729]]},"properties":{}},{"type":"Feature","geometry":{"type":"LineString","coordinates":[[8.00888,44.68708],[8.00875,44.68707],[8.0086,44.68697]]},"properties":{}},{"type":"Feature","geometry":{"type":"LineString","coordinates":[[8.0086,44.68697],[8.00864,44.68692]]},"properties":{}},{"type":"Feature","geometry":{"type":"LineString","coordinates":[[8.00864,44.68692],[8.00876,44.68692],[8.00892,44.68702]]},"properties":{}},{"type":"Feature","geometry":{"type":"LineString","coordinates":[[8.01246,44.68871],[8.00888,44.68708]]},"properties":{}},{"type":"Feature","geometry":{"type":"LineString","coordinates":[[8.00892,44.68702],[8.00888,44.68708]]},"properties":{}},{"type":"Feature","geometry":{"type":"LineString","coordinates":[[8.00892,44.68702],[8.01026,44.68767],[8.01249,44.68867]]},"properties":{}},{"type":"Feature","geometry":{"type":"LineString","coordinates":[[8.01031,44.70909],[8.00938,44.70931],[8.00924,44.70937],[8.00908,44.70949],[8.009,44.70969],[8.00905,44.70988],[8.00923,44.71005],[8.00936,44.71011],[8.00991,44.71027],[8.01038,44.71046]]},"properties":{}},{"type":"Feature","geometry":{"type":"LineString","coordinates":[[8.01031,44.70909],[8.01074,44.70905],[8.01117,44.7091],[8.01163,44.70927],[8.01191,44.70947],[8.01218,44.70984],[8.01259,44.71091]]},"properties":{}},{"type":"Feature","geometry":{"type":"LineString","coordinates":[[8.01065,44.7177],[8.01062,44.71776],[8.0105,44.71781],[8.0104,44.7178],[8.01033,44.71775]]},"properties":{}},{"type":"Feature","geometry":{"type":"LineString","coordinates":[[8.01033,44.71775],[8.01031,44.71766],[8.01037,44.71759]]},"properties":{}},{"type":"Feature","geometry":{"type":"LineString","coordinates":[[8.01037,44.71759],[8.01079,44.71728]]},"properties":{}},{"type":"Feature","geometry":{"type":"LineString","coordinates":[[8.01037,44.71759],[8.01047,44.71756],[8.0106,44.7176]]},"properties":{}},{"type":"Feature","geometry":{"type":"LineString","coordinates":[[8.01038,44.71046],[8.01132,44.71073]]},"properties":{}},{"type":"Feature","geometry":{"type":"LineString","coordinates":[[8.0106,44.7176],[8.01065,44.7177]]},"properties":{}},{"type":"Feature","geometry":{"type":"LineString","coordinates":[[8.01079,44.71728],[8.01063,44.71747],[8.0106,44.7176]]},"properties":{}},{"type":"Feature","geometry":{"type":"LineString","coordinates":[[8.01065,44.7177],[8.01085,44.71785],[8.01148,44.71807],[8.01197,44.71828],[8.01253,44.71873],[8.01265,44.7189]]},"properties":{}},{"type":"Feature","geometry":{"type":"LineString","coordinates":[[8.01079,44.71728],[8.01297,44.71576]]},"properties":{}},{"type":"Feature","geometry":{"type":"LineString","coordinates":[[8.01132,44.71073],[8.01217,44.71088],[8.01259,44.71091]]},"properties":{}},{"type":"Feature","geometry":{"type":"LineString","coordinates":[[8.01291,44.71181],[8.01259,44.71145],[8.01232,44.71124],[8.01202,44.71104],[8.01132,44.71073]]},"properties":{}},{"type":"Feature","geometry":{"type":"LineString","coordinates":[[8.01261,44.68878],[8.01251,44.68879],[8.01246,44.68871]]},"properties":{}},{"type":"Feature","geometry":{"type":"LineString","coordinates":[[8.01246,44.68871],[8.01249,44.68867]]},"properties":{}},{"type":"Feature","geometry":{"type":"LineString","coordinates":[[8.01249,44.68867],[8.01261,44.68866],[8.01265,44.68873]]},"properties":{}},{"type":"Feature","geometry":{"type":"LineString","coordinates":[[8.01259,44.71091],[8.01321,44.7109],[8.01389,44.71081],[8.01634,44.7102]]},"properties":{}},{"type":"Feature","geometry":{"type":"LineString","coordinates":[[8.01259,44.71091],[8.01291,44.71181]]},"properties":{}},{"type":"Feature","geometry":{"type":"LineString","coordinates":[[8.01667,44.69064],[8.01261,44.68878]]},"properties":{}},{"type":"Feature","geometry":{"type":"LineString","coordinates":[[8.01265,44.68873],[8.01261,44.68878]]},"properties":{}},{"type":"Feature","geometry":{"type":"LineString","coordinates":[[8.01265,44.68873],[8.01673,44.69059]]},"properties":{}},{"type":"Feature","geometry":{"type":"LineString","coordinates":[[8.01269,44.71904],[8.0126,44.71898],[8.01265,44.7189]]},"properties":{}},{"type":"Feature","geometry":{"type":"LineString","coordinates":[[8.01265,44.7189],[8.01275,44.7189],[8.01281,44.71895],[8.01279,44.71901],[8.01269,44.71904]]},"properties":{}},{"type":"Feature","geometry":{"type":"LineString","coordinates":[[8.01291,44.71181],[8.01295,44.71193]]},"properties":{}},{"type":"Feature","geometry":{"type":"LineString","coordinates":[[8.01295,44.71193],[8.01364,44.71393],[8.01372,44.71444],[8.0137,44.71465]]},"properties":{}},{"type":"Feature","geometry":{"type":"LineString","coordinates":[[8.01634,44.7102],[8.01344,44.7112],[8.01331,44.71129],[8.01313,44.71147],[8.01295,44.71193]]},"properties":{}},{"type":"Feature","geometry":{"type":"LineString","coordinates":[[8.01297,44.71576],[8.01338,44.71533],[8.0135,44.71515],[8.01353,44.71506]]},"properties":{}},{"type":"Feature","geometry":{"type":"LineString","coordinates":[[8.01385,44.71515],[8.01297,44.71576]]},"properties":{}},{"type":"Feature","geometry":{"type":"LineString","coordinates":[[8.01385,44.71515],[8.01366,44.71517],[8.01353,44.71506]]},"properties":{}},{"type":"Feature","geometry":{"type":"LineString","coordinates":[[8.01353,44.71506],[8.01353,44.71501],[8.01359,44.71493]]},"properties":{}},{"type":"Feature","geometry":{"type":"LineString","coordinates":[[8.01359,44.71493],[8.0137,44.71465]]},"properties":{}},{"type":"Feature","geometry":{"type":"LineString","coordinates":[[8.01359,44.71493],[8.01369,44.71489],[8.0138,44.71489]]},"properties":{}},{"type":"Feature","geometry":{"type":"LineString","coordinates":[[8.0137,44.71465],[8.0138,44.71489]]},"properties":{}},{"type":"Feature","geometry":{"type":"LineString","coordinates":[[8.0138,44.71489],[8.01404,44.71493],[8.01421,44.71491]]},"properties":{}},{"type":"Feature","geometry":{"type":"LineString","coordinates":[[8.01421,44.71491],[8.01385,44.71515]]},"properties":{}},{"type":"Feature","geometry":{"type":"LineString","coordinates":[[8.01421,44.71491],[8.0147,44.71459]]},"properties":{}},{"type":"Feature","geometry":{"type":"LineString","coordinates":[[8.0147,44.71459],[8.01555,44.71397]]},"properties":{}},{"type":"Feature","geometry":{"type":"LineString","coordinates":[[8.0158,44.71421],[8.01539,44.71432],[8.0147,44.71459]]},"properties":{}},{"type":"Feature","geometry":{"type":"LineString","coordinates":[[8.01555,44.71397],[8.0158,44.71381]]},"properties":{}},{"type":"Feature","geometry":{"type":"LineString","coordinates":[[8.01555,44.71397],[8.01567,44.71394],[8.0158,44.71397]]},"properties":{}},{"type":"Feature","geometry":{"type":"LineString","coordinates":[[8.0158,44.71397],[8.01586,44.71402]]},"properties":{}},{"type":"Feature","geometry":{"type":"LineString","coordinates":[[8.0158,44.71381],[8.01576,44.71392],[8.0158,44.71397]]},"properties":{}},{"type":"Feature","geometry":{"type":"LineString","coordinates":[[8.01654,44.71329],[8.0158,44.71381]]},"properties":{}},{"type":"Feature","geometry":{"type":"LineString","coordinates":[[8.01586,44.71402],[8.01589,44.7141],[8.0158,44.71421]]},"properties":{}},{"type":"Feature","geometry":{"type":"LineString","coordinates":[[8.01667,44.71415],[8.0158,44.71421]]},"properties":{}},{"type":"Feature","geometry":{"type":"LineString","coordinates":[[8.01586,44.71402],[8.01667,44.71415]]},"properties":{}},{"type":"Feature","geometry":{"type":"LineString","coordinates":[[8.01969,44.7088],[8.01874,44.70936],[8.01825,44.70962],[8.01782,44.70978],[8.01634,44.7102]]},"properties":{}},{"type":"Feature","geometry":{"type":"LineString","coordinates":[[8.01654,44.71329],[8.01662,44.71317],[8.0166,44.71308],[8.01663,44.71304],[8.01703,44.71295]]},"properties":{}},{"type":"Feature","geometry":{"type":"LineString","coordinates":[[8.01703,44.71295],[8.01654,44.71329]]},"properties":{}},{"type":"Feature","geometry":{"type":"LineString","coordinates":[[8.01667,44.71415],[8.01767,44.71408],[8.01835,44.71397],[8.01885,44.71384],[8.02097,44.71311],[8.02348,44.7122],[8.02398,44.71194],[8.02437,44.7117],[8.02502,44.71122],[8.0253,44.71096],[8.02565,44.71056],[8.026,44.71002]]},"properties":{}},{"type":"Feature","geometry":{"type":"LineString","coordinates":[[8.01681,44.69071],[8.01671,44.6907],[8.01667,44.69064]]},"properties":{}},{"type":"Feature","geometry":{"type":"LineString","coordinates":[[8.01667,44.69064],[8.01673,44.69059]]},"properties":{}},{"type":"Feature","geometry":{"type":"LineString","coordinates":[[8.01673,44.69059],[8.0168,44.69058],[8.01686,44.69064]]},"properties":{}},{"type":"Feature","geometry":{"type":"LineString","coordinates":[[8.02141,44.69278],[8.01681,44.69071]]},"properties":{}},{"type":"Feature","geometry":{"type":"LineString","coordinates":[[8.01686,44.69064],[8.01681,44.69071]]},"properties":{}},{"type":"Feature","geometry":{"type":"LineString","coordinates":[[8.01686,44.69064],[8.02057,44.69232],[8.0215,44.69271]]},"properties":{}},{"type":"Feature","geometry":{"type":"LineString","coordinates":[[8.01703,44.71295],[8.02562,44.70931],[8.0258,44.70925],[8.02599,44.70927]]},"properties":{}},{"type":"Feature","geometry":{"type":"LineString","coordinates":[[8.01892,44.6895],[8.01867,44.68942],[8.01864,44.68933]]},"properties":{}},{"type":"Feature","geometry":{"type":"LineString","coordinates":[[8.01864,44.68933],[8.01874,44.68932],[8.01894,44.68936]]},"properties":{}},{"type":"Feature","geometry":{"type":"LineString","coordinates":[[8.01913,44.68952],[8.01902,44.68954],[8.01892,44.6895]]},"properties":{}},{"type":"Feature","geometry":{"type":"LineString","coordinates":[[8.01892,44.6895],[8.01889,44.68943],[8.01894,44.68936]]},"properties":{}},{"type":"Feature","geometry":{"type":"LineString","coordinates":[[8.01894,44.68936],[8.01905,44.68933],[8.01915,44.68937]]},"properties":{}},{"type":"Feature","geometry":{"type":"LineString","coordinates":[[8.01913,44.68952],[8.02112,44.69071],[8.02279,44.69152]]},"properties":{}},{"type":"Feature","geometry":{"type":"LineString","coordinates":[[8.01915,44.68937],[8.01918,44.68944],[8.01913,44.68952]]},"properties":{}},{"type":"Feature","geometry":{"type":"LineString","coordinates":[[8.03404,44.68892],[8.02767,44.68561],[8.02727,44.68544],[8.02715,44.68549],[8.0261,44.6854],[8.02412,44.68531],[8.02398,44.68534],[8.02384,44.68546],[8.02336,44.68612],[8.02283,44.68666],[8.02218,44.68707],[8.02057,44.68839],[8.01915,44.68937]]},"properties":{}},{"type":"Feature","geometry":{"type":"LineString","coordinates":[[8.01935,44.69482],[8.01947,44.69486],[8.01955,44.69494]]},"properties":{}},{"type":"Feature","geometry":{"type":"LineString","coordinates":[[8.01945,44.69515],[8.01926,44.69518],[8.01912,44.69535],[8.01895,44.69529],[8.01911,44.69511],[8.01906,44.69503],[8.01908,44.69492],[8.01918,44.69484],[8.01935,44.69482]]},"properties":{}},{"type":"Feature","geometry":{"type":"LineString","coordinates":[[8.01935,44.69482],[8.01954,44.69469],[8.02137,44.69293],[8.02142,44.69285]]},"properties":{}},{"type":"Feature","geometry":{"type":"LineString","coordinates":[[8.02107,44.69561],[8.02057,44.6955],[8.01945,44.69515]]},"properties":{}},{"type":"Feature","geometry":{"type":"LineString","coordinates":[[8.01957,44.69497],[8.01954,44.69508],[8.01945,44.69515]]},"properties":{}},{"type":"Feature","geometry":{"type":"LineString","coordinates":[[8.01955,44.69494],[8.01957,44.69497]]},"properties":{}},{"type":"Feature","geometry":{"type":"LineString","coordinates":[[8.02157,44.69291],[8.02146,44.69298],[8.01967,44.69475],[8.01955,44.69494]]},"properties":{}},{"type":"Feature","geometry":{"type":"LineString","coordinates":[[8.01957,44.69497],[8.02024,44.6953],[8.02107,44.69561]]},"properties":{}},{"type":"Feature","geometry":{"type":"LineString","coordinates":[[8.01969,44.7088],[8.02035,44.70813],[8.02053,44.70787],[8.02097,44.70707],[8.02112,44.7069],[8.02143,44.70662],[8.02192,44.70636],[8.02211,44.70634],[8.02243,44.70637],[8.02429,44.70706],[8.02523,44.70731],[8.02539,44.70738],[8.0268,44.70768]]},"properties":{}},{"type":"Feature","geometry":{"type":"LineString","coordinates":[[8.02677,44.70775],[8.02537,44.70746],[8.02516,44.70746],[8.02411,44.70729],[8.02352,44.70728],[8.02283,44.70733],[8.02228,44.70745],[8.02149,44.70773],[8.0209,44.70802],[8.0202,44.7085],[8.01969,44.7088]]},"properties":{}},{"type":"Feature","geometry":{"type":"LineString","coordinates":[[8.02074,44.69948],[8.02198,44.69907],[8.02228,44.69886]]},"properties":{}},{"type":"Feature","geometry":{"type":"LineString","coordinates":[[8.0221,44.69591],[8.02107,44.69561]]},"properties":{}},{"type":"Feature","geometry":{"type":"LineString","coordinates":[[8.02142,44.69285],[8.02141,44.69278]]},"properties":{}},{"type":"Feature","geometry":{"type":"LineString","coordinates":[[8.02141,44.69278],[8.0215,44.69271]]},"properties":{}},{"type":"Feature","geometry":{"type":"LineString","coordinates":[[8.02157,44.69291],[8.02148,44.6929],[8.02142,44.69285]]},"properties":{}},{"type":"Feature","geometry":{"type":"LineString","coordinates":[[8.0215,44.69271],[8.02162,44.69272]]},"properties":{}},{"type":"Feature","geometry":{"type":"LineString","coordinates":[[8.02164,44.69289],[8.02157,44.69291]]},"properties":{}},{"type":"Feature","geometry":{"type":"LineString","coordinates":[[8.02162,44.69272],[8.02169,44.69277]]},"properties":{}},{"type":"Feature","geometry":{"type":"LineString","coordinates":[[8.02162,44.69272],[8.02277,44.6916],[8.02279,44.69152]]},"properties":{}},{"type":"Feature","geometry":{"type":"LineString","coordinates":[[8.02408,44.694],[8.02164,44.69289]]},"properties":{}},{"type":"Feature","geometry":{"type":"LineString","coordinates":[[8.0217,44.69282],[8.02164,44.69289]]},"properties":{}},{"type":"Feature","geometry":{"type":"LineString","coordinates":[[8.02169,44.69277],[8.0217,44.69282]]},"properties":{}},{"type":"Feature","geometry":{"type":"LineString","coordinates":[[8.02285,44.69163],[8.02169,44.69277]]},"properties":{}},{"type":"Feature","geometry":{"type":"LineString","coordinates":[[8.0217,44.69282],[8.02412,44.69395]]},"properties":{}},{"type":"Feature","geometry":{"type":"LineString","coordinates":[[8.0221,44.69591],[8.02258,44.69603]]},"properties":{}},{"type":"Feature","geometry":{"type":"LineString","coordinates":[[8.0225,44.6961],[8.0221,44.69591]]},"properties":{}},{"type":"Feature","geometry":{"type":"LineString","coordinates":[[8.02228,44.69886],[8.02244,44.69866],[8.0226,44.69833],[8.02267,44.69788]]},"properties":{}},{"type":"Feature","geometry":{"type":"LineString","coordinates":[[8.02267,44.69788],[8.02277,44.69804],[8.02302,44.69869],[8.02228,44.69886]]},"properties":{}},{"type":"Feature","geometry":{"type":"LineString","coordinates":[[8.02258,44.69625],[8.0225,44.69619],[8.0225,44.6961]]},"properties":{}},{"type":"Feature","geometry":{"type":"LineString","coordinates":[[8.0225,44.6961],[8.02258,44.69603]]},"properties":{}},{"type":"Feature","geometry":{"type":"LineString","coordinates":[[8.02273,44.69626],[8.02258,44.69625]]},"properties":{}},{"type":"Feature","geometry":{"type":"LineString","coordinates":[[8.02264,44.69677],[8.02258,44.69625]]},"properties":{}},{"type":"Feature","geometry":{"type":"LineString","coordinates":[[8.02258,44.69603],[8.02274,44.69602],[8.02285,44.6961],[8.02282,44.69622],[8.02273,44.69626]]},"properties":{}},{"type":"Feature","geometry":{"type":"LineString","coordinates":[[8.02267,44.69788],[8.02264,44.69677]]},"properties":{}},{"type":"Feature","geometry":{"type":"LineString","coordinates":[[8.02273,44.69626],[8.02264,44.69677]]},"properties":{}},{"type":"Feature","geometry":{"type":"LineString","coordinates":[[8.02279,44.69152],[8.02289,44.69152],[8.02292,44.69159],[8.02452,44.69224],[8.02536,44.69264]]},"properties":{}},{"type":"Feature","geometry":{"type":"LineString","coordinates":[[8.02418,44.69404],[8.02408,44.694]]},"properties":{}},{"type":"Feature","geometry":{"type":"LineString","coordinates":[[8.02408,44.694],[8.02412,44.69395]]},"properties":{}},{"type":"Feature","geometry":{"type":"LineString","coordinates":[[8.02412,44.69395],[8.02418,44.69395],[8.02422,44.69399]]},"properties":{}},{"type":"Feature","geometry":{"type":"LineString","coordinates":[[8.02663,44.69514],[8.02418,44.69404]]},"properties":{}},{"type":"Feature","geometry":{"type":"LineString","coordinates":[[8.02422,44.69399],[8.02418,44.69404]]},"properties":{}},{"type":"Feature","geometry":{"type":"LineString","coordinates":[[8.02422,44.69399],[8.02666,44.69508]]},"properties":{}},{"type":"Feature","geometry":{"type":"LineString","coordinates":[[8.02536,44.69264],[8.02852,44.69408],[8.03098,44.69528]]},"properties":{}},{"type":"Feature","geometry":{"type":"LineString","coordinates":[[8.03063,44.69329],[8.03057,44.69313],[8.03028,44.69273],[8.02987,44.69242],[8.0296,44.69227],[8.02899,44.69204],[8.02725,44.69155],[8.02657,44.69131],[8.02536,44.69264]]},"properties":{}},{"type":"Feature","geometry":{"type":"LineString","coordinates":[[8.02616,44.70943],[8.02599,44.70927]]},"properties":{}},{"type":"Feature","geometry":{"type":"LineString","coordinates":[[8.02599,44.70927],[8.02616,44.70925],[8.02624,44.7092],[8.02633,44.70881],[8.02649,44.70857]]},"properties":{}},{"type":"Feature","geometry":{"type":"LineString","coordinates":[[8.026,44.71002],[8.02619,44.70955]]},"properties":{}},{"type":"Feature","geometry":{"type":"LineString","coordinates":[[8.0264,44.70965],[8.02617,44.70976],[8.026,44.71002]]},"properties":{}},{"type":"Feature","geometry":{"type":"LineString","coordinates":[[8.02619,44.70955],[8.02616,44.70943]]},"properties":{}},{"type":"Feature","geometry":{"type":"LineString","coordinates":[[8.02616,44.70943],[8.02621,44.70934],[8.0263,44.70928]]},"properties":{}},{"type":"Feature","geometry":{"type":"LineString","coordinates":[[8.0264,44.70965],[8.02628,44.70962],[8.02619,44.70955]]},"properties":{}},{"type":"Feature","geometry":{"type":"LineString","coordinates":[[8.0263,44.70928],[8.02637,44.70892],[8.02649,44.70857]]},"properties":{}},{"type":"Feature","geometry":{"type":"LineString","coordinates":[[8.0263,44.70928],[8.02643,44.70926],[8.02662,44.70931]]},"properties":{}},{"type":"Feature","geometry":{"type":"LineString","coordinates":[[8.02661,44.70961],[8.0264,44.70965]]},"properties":{}},{"type":"Feature","geometry":{"type":"LineString","coordinates":[[8.02649,44.70857],[8.02656,44.70842]]},"properties":{}},{"type":"Feature","geometry":{"type":"LineString","coordinates":[[8.02656,44.70842],[8.02643,44.70893],[8.02643,44.70903],[8.02646,44.7091],[8.02662,44.70931]]},"properties":{}},{"type":"Feature","geometry":{"type":"LineString","coordinates":[[8.02677,44.70775],[8.02656,44.70842]]},"properties":{}},{"type":"Feature","geometry":{"type":"LineString","coordinates":[[8.02714,44.70986],[8.02695,44.70967],[8.02686,44.70962],[8.02661,44.70961]]},"properties":{}},{"type":"Feature","geometry":{"type":"LineString","coordinates":[[8.02669,44.70938],[8.02671,44.7095],[8.02661,44.70961]]},"properties":{}},{"type":"Feature","geometry":{"type":"LineString","coordinates":[[8.02662,44.70931],[8.02669,44.70938]]},"properties":{}},{"type":"Feature","geometry":{"type":"LineString","coordinates":[[8.02676,44.69518],[8.0267,44.69519],[8.02663,44.69514]]},"properties":{}},{"type":"Feature","geometry":{"type":"LineString","coordinates":[[8.02663,44.69514],[8.02666,44.69508]]},"properties":{}},{"type":"Feature","geometry":{"type":"LineString","coordinates":[[8.02666,44.69508],[8.02674,44.69507],[8.0268,44.69512]]},"properties":{}},{"type":"Feature","geometry":{"type":"LineString","coordinates":[[8.02669,44.70938],[8.02689,44.70954],[8.02714,44.70986]]},"properties":{}},{"type":"Feature","geometry":{"type":"LineString","coordinates":[[8.02839,44.69549],[8.02735,44.69531],[8.02676,44.69518]]},"properties":{}},{"type":"Feature","geometry":{"type":"LineString","coordinates":[[8.0268,44.69512],[8.02676,44.69518]]},"properties":{}},{"type":"Feature","geometry":{"type":"LineString","coordinates":[[8.21485,44.87714],[8.21488,44.87688],[8.21483,44.8767],[8.21471,44.87654],[8.21451,44.87636],[8.21433,44.87614],[8.21405,44.87549],[8.21381,44.8751],[8.21344,44.87486],[8.21287,44.87462],[8.21261,44.87445],[8.21125,44.87382],[8.21054,44.87344],[8.20951,44.87279],[8.20847,44.87194],[8.20786,44.87133],[8.20699,44.87015],[8.20663,44.86947],[8.20634,44.86876],[8.20599,44.86759],[8.2054,44.86468],[8.20513,44.86361],[8.20489,44.86307],[8.20459,44.86254],[8.20396,44.86173],[8.20243,44.85998],[8.19893,44.85562],[8.1921,44.84729],[8.18976,44.84481],[8.18906,44.84409],[8.18831,44.84339],[8.1875,44.84269],[8.18601,44.84165],[8.18542,44.84126],[8.18392,44.84042],[8.183,44.84003],[8.18227,44.83977],[8.18115,44.83944],[8.17822,44.83869],[8.1764,44.83811],[8.17561,44.83776],[8.17342,44.8366],[8.17071,44.83507],[8.16193,44.83021],[8.15128,44.82376],[8.14775,44.82158],[8.14639,44.82067],[8.1453,44.81987],[8.14332,44.81835],[8.14009,44.8157],[8.1387,44.81444],[8.13783,44.81357],[8.1369,44.8125],[8.13606,44.8114],[8.13546,44.81054],[8.13482,44.80947],[8.13418,44.80828],[8.13371,44.8072],[8.13325,44.80594],[8.13186,44.80145],[8.13132,44.79975],[8.1311,44.79915],[8.12992,44.7952],[8.12931,44.79332],[8.1285,44.79136],[8.12785,44.79031],[8.12723,44.78949],[8.12629,44.78844],[8.12538,44.78758],[8.12383,44.78635],[8.12314,44.78585],[8.12241,44.7854],[8.12156,44.78494],[8.11978,44.784],[8.1168,44.78253],[8.11505,44.78157],[8.11348,44.78055],[8.11265,44.77993],[8.11171,44.77913],[8.11076,44.77825],[8.10718,44.7747],[8.10184,44.76932],[8.10044,44.76821],[8.09986,44.76766],[8.09968,44.76744],[8.0994,44.76695],[8.0991,44.76655],[8.09703,44.76448],[8.09471,44.76224],[8.09339,44.76117],[8.09153,44.75981],[8.08735,44.75697],[8.08427,44.75472],[8.08313,44.75378],[8.08174,44.75253],[8.07454,44.7453],[8.0735,44.74429],[8.05588,44.72782],[8.05204,44.72433],[8.04673,44.71991],[8.04599,44.71924],[8.04519,44.71843],[8.0392,44.7119],[8.03881,44.71149],[8.03822,44.71096],[8.03758,44.71051],[8.03705,44.71022],[8.03636,44.7099],[8.03563,44.70963],[8.03438,44.70932],[8.02677,44.70775]]},"properties":{}},{"type":"Feature","geometry":{"type":"LineString","coordinates":[[8.0268,44.70768],[8.02677,44.70775]]},"properties":{}},{"type":"Feature","geometry":{"type":"LineString","coordinates":[[8.0268,44.70768],[8.0351,44.70939],[8.03612,44.7097],[8.03677,44.70998],[8.0374,44.71029],[8.03796,44.71064],[8.03832,44.71091],[8.0389,44.71143],[8.0393,44.71185],[8.04529,44.71838],[8.04609,44.7192],[8.04728,44.72024],[8.04853,44.72125],[8.05215,44.72427],[8.056,44.72776],[8.06202,44.73343],[8.07249,44.74317],[8.07509,44.74566],[8.07989,44.75052],[8.08228,44.75285],[8.08372,44.7541],[8.08557,44.75551],[8.08701,44.75653],[8.09226,44.76015],[8.09377,44.76128],[8.09502,44.76235],[8.09651,44.76375],[8.09728,44.76454],[8.09871,44.7659],[8.09982,44.76676],[8.10033,44.76724],[8.10066,44.76759],[8.1012,44.76842],[8.10201,44.76929],[8.11046,44.77778],[8.11143,44.77872],[8.11219,44.77939],[8.11288,44.77996],[8.11372,44.78057],[8.11456,44.78113],[8.11651,44.78225],[8.11981,44.78389],[8.1211,44.78455],[8.12232,44.78523],[8.12334,44.78585],[8.12396,44.78628],[8.12563,44.78752],[8.12652,44.78841],[8.12744,44.78945],[8.12806,44.79033],[8.12867,44.79134],[8.12916,44.79241],[8.12947,44.79326],[8.13009,44.79519],[8.13062,44.797],[8.13127,44.79904],[8.1314,44.79955],[8.13284,44.80423],[8.1334,44.80592],[8.13387,44.80717],[8.13432,44.80825],[8.13495,44.80942],[8.13559,44.81049],[8.13618,44.81134],[8.13702,44.81245],[8.13794,44.81351],[8.13879,44.81436],[8.14019,44.81563],[8.14343,44.81829],[8.14651,44.82062],[8.14784,44.8215],[8.15709,44.82715],[8.16207,44.83012],[8.16922,44.83413],[8.17353,44.83652],[8.17462,44.83708],[8.17571,44.83769],[8.17649,44.83802],[8.1783,44.8386],[8.18121,44.83934],[8.18233,44.83968],[8.18307,44.83994],[8.18402,44.84033],[8.18488,44.84079],[8.18553,44.84119],[8.18669,44.84196],[8.18762,44.84263],[8.18847,44.84331],[8.18998,44.84472],[8.19158,44.84642],[8.19219,44.84724],[8.20468,44.86251],[8.205,44.86304],[8.20525,44.86359],[8.20538,44.86412],[8.20611,44.86758],[8.20644,44.86874],[8.20673,44.86945],[8.20709,44.87012],[8.20794,44.87125],[8.20855,44.87188],[8.2092,44.87244],[8.20959,44.87275],[8.2106,44.87338],[8.2113,44.87375],[8.21265,44.87439],[8.21474,44.87523],[8.21498,44.87528],[8.21549,44.87549]]},"properties":{}},{"type":"Feature","geometry":{"type":"LineString","coordinates":[[8.0268,44.70768],[8.02756,44.7048]]},"properties":{}},{"type":"Feature","geometry":{"type":"LineString","coordinates":[[8.0268,44.69512],[8.02737,44.69526],[8.02842,44.69541]]},"properties":{}},{"type":"Feature","geometry":{"type":"LineString","coordinates":[[8.02714,44.70986],[8.02843,44.71123]]},"properties":{}},{"type":"Feature","geometry":{"type":"LineString","coordinates":[[8.02756,44.7048],[8.0276,44.70463],[8.0278,44.70419]]},"properties":{}},{"type":"Feature","geometry":{"type":"LineString","coordinates":[[8.02827,44.70433],[8.02766,44.7047],[8.02756,44.7048]]},"properties":{}},{"type":"Feature","geometry":{"type":"LineString","coordinates":[[8.02827,44.70433],[8.02811,44.70436],[8.02794,44.70433],[8.0278,44.70419]]},"properties":{}},{"type":"Feature","geometry":{"type":"LineString","coordinates":[[8.0278,44.70419],[8.0278,44.70413],[8.02785,44.70403]]},"properties":{}},{"type":"Feature","geometry":{"type":"LineString","coordinates":[[8.02785,44.70403],[8.02823,44.70298]]},"properties":{}},{"type":"Feature","geometry":{"type":"LineString","coordinates":[[8.02785,44.70403],[8.02799,44.70394],[8.02821,44.70394]]},"properties":{}},{"type":"Feature","geometry":{"type":"LineString","coordinates":[[8.02821,44.70394],[8.02831,44.70398]]},"properties":{}},{"type":"Feature","geometry":{"type":"LineString","coordinates":[[8.02823,44.70298],[8.02819,44.70325],[8.02804,44.70374],[8.02809,44.70384],[8.02821,44.70394]]},"properties":{}},{"type":"Feature","geometry":{"type":"LineString","coordinates":[[8.02823,44.70298],[8.02873,44.70166]]},"properties":{}},{"type":"Feature","geometry":{"type":"LineString","coordinates":[[8.02838,44.70424],[8.02827,44.70433]]},"properties":{}},{"type":"Feature","geometry":{"type":"LineString","coordinates":[[8.02831,44.70398],[8.02863,44.70404],[8.02891,44.704],[8.02914,44.70392]]},"properties":{}},{"type":"Feature","geometry":{"type":"LineString","coordinates":[[8.02831,44.70398],[8.02841,44.70412],[8.02838,44.70424]]},"properties":{}},{"type":"Feature","geometry":{"type":"LineString","coordinates":[[8.02914,44.70392],[8.02898,44.70403],[8.02838,44.70424]]},"properties":{}},{"type":"Feature","geometry":{"type":"LineString","coordinates":[[8.02864,44.69552],[8.02848,44.69556],[8.02839,44.69549]]},"properties":{}},{"type":"Feature","geometry":{"type":"LineString","coordinates":[[8.02839,44.69549],[8.02842,44.69541]]},"properties":{}},{"type":"Feature","geometry":{"type":"LineString","coordinates":[[8.02842,44.69541],[8.02855,44.69537],[8.02866,44.69544]]},"properties":{}},{"type":"Feature","geometry":{"type":"LineString","coordinates":[[8.02843,44.71123],[8.02867,44.71133]]},"properties":{}},{"type":"Feature","geometry":{"type":"LineString","coordinates":[[8.02847,44.71143],[8.02843,44.71123]]},"properties":{}},{"type":"Feature","geometry":{"type":"LineString","coordinates":[[8.02875,44.71167],[8.0286,44.71167],[8.02849,44.71161],[8.02844,44.71152],[8.02847,44.71143]]},"properties":{}},{"type":"Feature","geometry":{"type":"LineString","coordinates":[[8.02847,44.71143],[8.02855,44.71136],[8.02867,44.71133]]},"properties":{}},{"type":"Feature","geometry":{"type":"LineString","coordinates":[[8.03139,44.69627],[8.03114,44.69621],[8.0302,44.69576],[8.02864,44.69552]]},"properties":{}},{"type":"Feature","geometry":{"type":"LineString","coordinates":[[8.02866,44.69544],[8.02864,44.69552]]},"properties":{}},{"type":"Feature","geometry":{"type":"LineString","coordinates":[[8.02866,44.69544],[8.03024,44.69573],[8.03113,44.69613],[8.03132,44.6961]]},"properties":{}},{"type":"Feature","geometry":{"type":"LineString","coordinates":[[8.02867,44.71133],[8.02881,44.71136],[8.02891,44.71143],[8.02893,44.71152],[8.02889,44.7116]]},"properties":{}},{"type":"Feature","geometry":{"type":"LineString","coordinates":[[8.02873,44.70166],[8.02879,44.70149],[8.029,44.7015],[8.02908,44.70145],[8.02913,44.70123],[8.02954,44.70158],[8.02903,44.70158],[8.02887,44.70164],[8.02873,44.70166]]},"properties":{}},{"type":"Feature","geometry":{"type":"LineString","coordinates":[[8.02892,44.71177],[8.02875,44.71167]]},"properties":{}},{"type":"Feature","geometry":{"type":"LineString","coordinates":[[8.02889,44.7116],[8.02875,44.71167]]},"properties":{}},{"type":"Feature","geometry":{"type":"LineString","coordinates":[[8.02889,44.7116],[8.02892,44.71177]]},"properties":{}},{"type":"Feature","geometry":{"type":"LineString","coordinates":[[8.03468,44.71797],[8.02892,44.71177]]},"properties":{}},{"type":"Feature","geometry":{"type":"LineString","coordinates":[[8.02914,44.70392],[8.03184,44.70255]]},"properties":{}},{"type":"Feature","geometry":{"type":"LineString","coordinates":[[8.03028,44.69895],[8.03034,44.69901],[8.03033,44.69907],[8.03026,44.69912],[8.03017,44.69913]]},"properties":{}},{"type":"Feature","geometry":{"type":"LineString","coordinates":[[8.03053,44.70025],[8.03015,44.69964],[8.03009,44.69945],[8.03011,44.69926],[8.03017,44.69913]]},"properties":{}},{"type":"Feature","geometry":{"type":"LineString","coordinates":[[8.03017,44.69913],[8.03007,44.69908],[8.03006,44.699],[8.03015,44.69893],[8.03028,44.69895]]},"properties":{}},{"type":"Feature","geometry":{"type":"LineString","coordinates":[[8.03028,44.69895],[8.0322,44.69697]]},"properties":{}},{"type":"Feature","geometry":{"type":"LineString","coordinates":[[8.0306,44.70038],[8.03049,44.70034],[8.03048,44.7003],[8.03053,44.70025]]},"properties":{}},{"type":"Feature","geometry":{"type":"LineString","coordinates":[[8.03053,44.70025],[8.03061,44.70025],[8.03066,44.70029],[8.03066,44.70034],[8.0306,44.70038]]},"properties":{}},{"type":"Feature","geometry":{"type":"LineString","coordinates":[[8.03207,44.70217],[8.03121,44.70133],[8.03077,44.70072],[8.0306,44.70038]]},"properties":{}},{"type":"Feature","geometry":{"type":"LineString","coordinates":[[8.03063,44.69329],[8.03074,44.69334],[8.03076,44.69338],[8.03073,44.69345],[8.03066,44.69348]]},"properties":{}},{"type":"Feature","geometry":{"type":"LineString","coordinates":[[8.03066,44.69348],[8.03058,44.69348],[8.03049,44.6934],[8.03052,44.69333],[8.03063,44.69329]]},"properties":{}},{"type":"Feature","geometry":{"type":"LineString","coordinates":[[8.03182,44.69497],[8.03135,44.69435],[8.03109,44.69414],[8.03066,44.69348]]},"properties":{}},{"type":"Feature","geometry":{"type":"LineString","coordinates":[[8.03107,44.69532],[8.03102,44.69532],[8.03098,44.69528]]},"properties":{}},{"type":"Feature","geometry":{"type":"LineString","coordinates":[[8.03098,44.69528],[8.03104,44.69524],[8.0311,44.69526]]},"properties":{}},{"type":"Feature","geometry":{"type":"LineString","coordinates":[[8.03107,44.69532],[8.03159,44.69559]]},"properties":{}},{"type":"Feature","geometry":{"type":"LineString","coordinates":[[8.0311,44.69526],[8.0311,44.6953],[8.03107,44.69532]]},"properties":{}},{"type":"Feature","geometry":{"type":"LineString","coordinates":[[8.03182,44.69497],[8.0311,44.69526]]},"properties":{}},{"type":"Feature","geometry":{"type":"LineString","coordinates":[[8.03139,44.69627],[8.03134,44.69622],[8.03132,44.6961]]},"properties":{}},{"type":"Feature","geometry":{"type":"LineString","coordinates":[[8.03132,44.6961],[8.03166,44.6958]]},"properties":{}},{"type":"Feature","geometry":{"type":"LineString","coordinates":[[8.03178,44.69609],[8.03159,44.69625],[8.03139,44.69627]]},"properties":{}},{"type":"Feature","geometry":{"type":"LineString","coordinates":[[8.03159,44.69559],[8.03179,44.6957],[8.03186,44.69579]]},"properties":{}},{"type":"Feature","geometry":{"type":"LineString","coordinates":[[8.03166,44.6958],[8.03164,44.69567],[8.03159,44.69559]]},"properties":{}},{"type":"Feature","geometry":{"type":"LineString","coordinates":[[8.03166,44.6958],[8.03186,44.69579]]},"properties":{}},{"type":"Feature","geometry":{"type":"LineString","coordinates":[[8.03194,44.69587],[8.03192,44.69595],[8.03178,44.69609]]},"properties":{}},{"type":"Feature","geometry":{"type":"LineString","coordinates":[[8.03262,44.69651],[8.0322,44.69621],[8.03201,44.69612],[8.03178,44.69609]]},"properties":{}},{"type":"Feature","geometry":{"type":"LineString","coordinates":[[8.03366,44.69426],[8.03182,44.69497]]},"properties":{}},{"type":"Feature","geometry":{"type":"LineString","coordinates":[[8.03184,44.70255],[8.03202,44.70243]]},"properties":{}},{"type":"Feature","geometry":{"type":"LineString","coordinates":[[8.03209,44.70252],[8.03184,44.70255]]},"properties":{}},{"type":"Feature","geometry":{"type":"LineString","coordinates":[[8.03186,44.69579],[8.03194,44.69587]]},"properties":{}},{"type":"Feature","geometry":{"type":"LineString","coordinates":[[8.03186,44.69579],[8.03194,44.69587]]},"properties":{}},{"type":"Feature","geometry":{"type":"LineString","coordinates":[[8.03194,44.69587],[8.0323,44.69615],[8.03282,44.69639]]},"properties":{}},{"type":"Feature","geometry":{"type":"LineString","coordinates":[[8.03209,44.70252],[8.03202,44.70243]]},"properties":{}},{"type":"Feature","geometry":{"type":"LineString","coordinates":[[8.03202,44.70243],[8.03205,44.70234],[8.03209,44.7023]]},"properties":{}},{"type":"Feature","geometry":{"type":"LineString","coordinates":[[8.03207,44.70217],[8.03221,44.70227]]},"properties":{}},{"type":"Feature","geometry":{"type":"LineString","coordinates":[[8.03209,44.7023],[8.03207,44.70217]]},"properties":{}},{"type":"Feature","geometry":{"type":"LineString","coordinates":[[8.03235,44.70252],[8.03224,44.70255],[8.03209,44.70252]]},"properties":{}},{"type":"Feature","geometry":{"type":"LineString","coordinates":[[8.03209,44.7023],[8.03221,44.70227]]},"properties":{}},{"type":"Feature","geometry":{"type":"LineString","coordinates":[[8.0322,44.69697],[8.03262,44.69655],[8.03262,44.69651]]},"properties":{}},{"type":"Feature","geometry":{"type":"LineString","coordinates":[[8.033,44.69668],[8.03291,44.69671],[8.03273,44.6967],[8.03258,44.69674],[8.0322,44.69697]]},"properties":{}},{"type":"Feature","geometry":{"type":"LineString","coordinates":[[8.03221,44.70227],[8.03232,44.70229]]},"properties":{}},{"type":"Feature","geometry":{"type":"LineString","coordinates":[[8.03232,44.70229],[8.0324,44.70235]]},"properties":{}},{"type":"Feature","geometry":{"type":"LineString","coordinates":[[8.03232,44.70229],[8.03262,44.70211],[8.0328,44.70212],[8.03285,44.70217],[8.03285,44.70229],[8.03315,44.70268],[8.03308,44.70273],[8.03298,44.7027],[8.03298,44.70263],[8.0327,44.70232],[8.03254,44.70227],[8.0324,44.70235]]},"properties":{}},{"type":"Feature","geometry":{"type":"LineString","coordinates":[[8.0333,44.7033],[8.03258,44.7026],[8.03235,44.70252]]},"properties":{}},{"type":"Feature","geometry":{"type":"LineString","coordinates":[[8.0324,44.70235],[8.03241,44.70244],[8.03235,44.70252]]},"properties":{}},{"type":"Feature","geometry":{"type":"LineString","coordinates":[[8.03262,44.69651],[8.0327,44.69643],[8.03282,44.69639]]},"properties":{}},{"type":"Feature","geometry":{"type":"LineString","coordinates":[[8.03282,44.69639],[8.03302,44.69645]]},"properties":{}},{"type":"Feature","geometry":{"type":"LineString","coordinates":[[8.03302,44.69645],[8.03308,44.69656],[8.033,44.69668]]},"properties":{}},{"type":"Feature","geometry":{"type":"LineString","coordinates":[[8.03425,44.69641],[8.03423,44.6965],[8.03417,44.69654],[8.03404,44.69654],[8.03369,44.69662],[8.033,44.69668]]},"properties":{}},{"type":"Feature","geometry":{"type":"LineString","coordinates":[[8.03302,44.69645],[8.03333,44.69656],[8.03358,44.69659],[8.03384,44.69653],[8.03395,44.69645],[8.03396,44.6964],[8.03401,44.69635],[8.03405,44.69588],[8.03406,44.69428]]},"properties":{}},{"type":"Feature","geometry":{"type":"LineString","coordinates":[[8.03338,44.70342],[8.0333,44.70343],[8.03325,44.70339],[8.03324,44.70334],[8.0333,44.7033]]},"properties":{}},{"type":"Feature","geometry":{"type":"LineString","coordinates":[[8.0333,44.7033],[8.03342,44.70333],[8.03343,44.70337],[8.03338,44.70342]]},"properties":{}},{"type":"Feature","geometry":{"type":"LineString","coordinates":[[8.03999,44.70072],[8.03981,44.70111],[8.03963,44.70139],[8.03865,44.70276],[8.0385,44.70293],[8.03829,44.70306],[8.038,44.7031],[8.03338,44.70342]]},"properties":{}},{"type":"Feature","geometry":{"type":"LineString","coordinates":[[8.03366,44.69426],[8.03396,44.69415]]},"properties":{}},{"type":"Feature","geometry":{"type":"LineString","coordinates":[[8.03397,44.69423],[8.03366,44.69426]]},"properties":{}},{"type":"Feature","geometry":{"type":"LineString","coordinates":[[8.03397,44.69423],[8.03396,44.69415]]},"properties":{}},{"type":"Feature","geometry":{"type":"LineString","coordinates":[[8.03396,44.69415],[8.03406,44.69408]]},"properties":{}},{"type":"Feature","geometry":{"type":"LineString","coordinates":[[8.03406,44.69428],[8.03397,44.69423]]},"properties":{}},{"type":"Feature","geometry":{"type":"LineString","coordinates":[[8.0341,44.68899],[8.03404,44.68892]]},"properties":{}},{"type":"Feature","geometry":{"type":"LineString","coordinates":[[8.03404,44.68892],[8.03408,44.68883],[8.03418,44.68881]]},"properties":{}},{"type":"Feature","geometry":{"type":"LineString","coordinates":[[8.03406,44.69408],[8.03408,44.69382],[8.03398,44.69368],[8.03402,44.69362],[8.03408,44.69358],[8.03413,44.69301]]},"properties":{}},{"type":"Feature","geometry":{"type":"LineString","coordinates":[[8.03406,44.69408],[8.03416,44.69408]]},"properties":{}},{"type":"Feature","geometry":{"type":"LineString","coordinates":[[8.03416,44.69427],[8.03406,44.69428]]},"properties":{}},{"type":"Feature","geometry":{"type":"LineString","coordinates":[[8.03423,44.68899],[8.0341,44.68899]]},"properties":{}},{"type":"Feature","geometry":{"type":"LineString","coordinates":[[8.03417,44.68937],[8.0341,44.68899]]},"properties":{}},{"type":"Feature","geometry":{"type":"LineString","coordinates":[[8.03413,44.69301],[8.03416,44.69358],[8.03425,44.69362],[8.03428,44.69368],[8.03427,44.69374],[8.03417,44.69383],[8.03416,44.69408]]},"properties":{}},{"type":"Feature","geometry":{"type":"LineString","coordinates":[[8.03413,44.69301],[8.03417,44.68937]]},"properties":{}},{"type":"Feature","geometry":{"type":"LineString","coordinates":[[8.03416,44.69408],[8.03424,44.69417],[8.03416,44.69427]]},"properties":{}},{"type":"Feature","geometry":{"type":"LineString","coordinates":[[8.03416,44.69427],[8.03414,44.69616],[8.03418,44.69634],[8.03425,44.69641]]},"properties":{}},{"type":"Feature","geometry":{"type":"LineString","coordinates":[[8.0342,44.68636],[8.03409,44.6863],[8.03411,44.68623],[8.03417,44.68621]]},"properties":{}},{"type":"Feature","geometry":{"type":"LineString","coordinates":[[8.03417,44.68621],[8.03432,44.68592]]},"properties":{}},{"type":"Feature","geometry":{"type":"LineString","coordinates":[[8.03417,44.68621],[8.03427,44.68622]]},"properties":{}},{"type":"Feature","geometry":{"type":"LineString","coordinates":[[8.03423,44.68899],[8.03417,44.68937]]},"properties":{}},{"type":"Feature","geometry":{"type":"LineString","coordinates":[[8.03418,44.68881],[8.0343,44.68888],[8.03429,44.68895],[8.03423,44.68899]]},"properties":{}},{"type":"Feature","geometry":{"type":"LineString","coordinates":[[8.03418,44.68881],[8.03416,44.6887],[8.0342,44.68636]]},"properties":{}},{"type":"Feature","geometry":{"type":"LineString","coordinates":[[8.03427,44.68622],[8.03431,44.68625],[8.0343,44.68631],[8.0342,44.68636]]},"properties":{}},{"type":"Feature","geometry":{"type":"LineString","coordinates":[[8.03425,44.69641],[8.03445,44.69653],[8.03461,44.69653],[8.03566,44.69644],[8.03661,44.69642],[8.03705,44.69635],[8.03723,44.69627],[8.03733,44.69629],[8.03736,44.69636],[8.0373,44.69641],[8.03736,44.6965],[8.03738,44.69708],[8.03711,44.6973],[8.03749,44.69739],[8.03787,44.69755],[8.03999,44.69889],[8.0402,44.69907],[8.04027,44.69917],[8.04033,44.69936],[8.04033,44.69957],[8.04005,44.70052]]},"properties":{}},{"type":"Feature","geometry":{"type":"LineString","coordinates":[[8.03432,44.68592],[8.03426,44.68617],[8.03427,44.68622]]},"properties":{}},{"type":"Feature","geometry":{"type":"LineString","coordinates":[[8.03432,44.68592],[8.03762,44.6786]]},"properties":{}},{"type":"Feature","geometry":{"type":"LineString","coordinates":[[8.03468,44.71797],[8.03497,44.71815]]},"properties":{}},{"type":"Feature","geometry":{"type":"LineString","coordinates":[[8.03481,44.71822],[8.03468,44.71797]]},"properties":{}},{"type":"Feature","geometry":{"type":"LineString","coordinates":[[8.03497,44.71844],[8.03481,44.71837],[8.03478,44.71827],[8.03481,44.71822]]},"properties":{}},{"type":"Feature","geometry":{"type":"LineString","coordinates":[[8.03481,44.71822],[8.03497,44.71815]]},"properties":{}},{"type":"Feature","geometry":{"type":"LineString","coordinates":[[8.0353,44.71864],[8.03512,44.7185],[8.03497,44.71844]]},"properties":{}},{"type":"Feature","geometry":{"type":"LineString","coordinates":[[8.03515,44.71838],[8.03507,44.71843],[8.03497,44.71844]]},"properties":{}},{"type":"Feature","geometry":{"type":"LineString","coordinates":[[8.03497,44.71815],[8.0351,44.71818],[8.03517,44.71824],[8.03519,44.71831],[8.03515,44.71838]]},"properties":{}},{"type":"Feature","geometry":{"type":"LineString","coordinates":[[8.03515,44.71838],[8.0353,44.71864]]},"properties":{}},{"type":"Feature","geometry":{"type":"LineString","coordinates":[[8.03702,44.72049],[8.0353,44.71864]]},"properties":{}},{"type":"Feature","geometry":{"type":"LineString","coordinates":[[8.03702,44.72049],[8.03713,44.72058],[8.03734,44.72063]]},"properties":{}},{"type":"Feature","geometry":{"type":"LineString","coordinates":[[8.03719,44.72078],[8.03702,44.72049]]},"properties":{}},{"type":"Feature","geometry":{"type":"LineString","coordinates":[[8.03725,44.72088],[8.03719,44.72078]]},"properties":{}},{"type":"Feature","geometry":{"type":"LineString","coordinates":[[8.03719,44.72078],[8.03723,44.72069],[8.03734,44.72063]]},"properties":{}},{"type":"Feature","geometry":{"type":"LineString","coordinates":[[8.03758,44.72083],[8.03743,44.72092],[8.03725,44.72088]]},"properties":{}},{"type":"Feature","geometry":{"type":"LineString","coordinates":[[8.03749,44.72139],[8.0374,44.72107],[8.03725,44.72088]]},"properties":{}},{"type":"Feature","geometry":{"type":"LineString","coordinates":[[8.03734,44.72063],[8.03752,44.72066],[8.03759,44.72073],[8.03758,44.72083]]},"properties":{}},{"type":"Feature","geometry":{"type":"LineString","coordinates":[[8.03773,44.72158],[8.03755,44.72154],[8.03749,44.72147],[8.03749,44.72139]]},"properties":{}},{"type":"Feature","geometry":{"type":"LineString","coordinates":[[8.03749,44.72139],[8.03756,44.72132],[8.03768,44.72129],[8.03784,44.72134]]},"properties":{}},{"type":"Feature","geometry":{"type":"LineString","coordinates":[[8.03758,44.72083],[8.03768,44.7211],[8.03784,44.72134]]},"properties":{}},{"type":"Feature","geometry":{"type":"LineString","coordinates":[[8.03769,44.67848],[8.03774,44.67851],[8.03775,44.67857],[8.0377,44.6786],[8.03762,44.6786]]},"properties":{}},{"type":"Feature","geometry":{"type":"LineString","coordinates":[[8.03762,44.6786],[8.03757,44.67856],[8.03758,44.67852],[8.03769,44.67848]]},"properties":{}},{"type":"Feature","geometry":{"type":"LineString","coordinates":[[8.03769,44.67848],[8.04113,44.67085],[8.04153,44.66988],[8.04217,44.66852],[8.0429,44.66684],[8.04836,44.65469],[8.04854,44.6544],[8.04881,44.65411],[8.05028,44.65307]]},"properties":{}},{"type":"Feature","geometry":{"type":"LineString","coordinates":[[8.03823,44.72178],[8.03801,44.72163],[8.03773,44.72158]]},"properties":{}},{"type":"Feature","geometry":{"type":"LineString","coordinates":[[8.03788,44.72138],[8.03788,44.72148],[8.03773,44.72158]]},"properties":{}},{"type":"Feature","geometry":{"type":"LineString","coordinates":[[8.03784,44.72134],[8.03788,44.72138]]},"properties":{}},{"type":"Feature","geometry":{"type":"LineString","coordinates":[[8.03788,44.72138],[8.03823,44.72178]]},"properties":{}},{"type":"Feature","geometry":{"type":"LineString","coordinates":[[8.04473,44.72877],[8.03823,44.72178]]},"properties":{}},{"type":"Feature","geometry":{"type":"LineString","coordinates":[[8.03999,44.70072],[8.03983,44.70069],[8.03965,44.70084],[8.03923,44.70094],[8.03916,44.70051],[8.03972,44.70056],[8.0398,44.70056],[8.03994,44.70049],[8.04005,44.70052]]},"properties":{}},{"type":"Feature","geometry":{"type":"LineString","coordinates":[[8.04005,44.70052],[8.0401,44.70058],[8.0401,44.70064],[8.03999,44.70072]]},"properties":{}},{"type":"Feature","geometry":{"type":"LineString","coordinates":[[8.04473,44.72877],[8.04488,44.72876],[8.04493,44.72881],[8.04494,44.72886],[8.04486,44.72892],[8.04475,44.72891],[8.04469,44.72884],[8.04473,44.72877]]},"properties":{}},{"type":"Feature","geometry":{"type":"LineString","coordinates":[[8.05049,44.65294],[8.05053,44.653],[8.05047,44.65309],[8.05041,44.65311],[8.05028,44.65307]]},"properties":{}},{"type":"Feature","geometry":{"type":"LineString","coordinates":[[8.05028,44.65307],[8.05025,44.65299],[8.05031,44.65293],[8.05041,44.65291],[8.05049,44.65294]]},"properties":{}},{"type":"Feature","geometry":{"type":"LineString","coordinates":[[8.05049,44.65294],[8.05416,44.6505]]},"properties":{}},{"type":"Feature","geometry":{"type":"LineString","coordinates":[[8.05416,44.6505],[8.05439,44.65036],[8.05445,44.65046],[8.05442,44.65052],[8.05431,44.65055],[8.05416,44.6505]]},"properties":{}},{"type":"Feature","geometry":{"type":"LineString","coordinates":[[8.16164,44.90093],[8.16168,44.90094],[8.16165,44.90105],[8.16147,44.90101],[8.1615,44.90091],[8.16164,44.90093]]},"properties":{}},{"type":"Feature","geometry":{"type":"LineString","coordinates":[[8.16164,44.90093],[8.16168,44.90086],[8.1722,44.90317],[8.17579,44.90399]]},"properties":{}},{"type":"Feature","geometry":{"type":"LineString","coordinates":[[8.17362,44.92057],[8.17301,44.92126],[8.17295,44.92124],[8.17356,44.92054],[8.17362,44.92057]]},"properties":{}},{"type":"Feature","geometry":{"type":"LineString","coordinates":[[8.17362,44.92057],[8.18153,44.91152]]},"properties":{}},{"type":"Feature","geometry":{"type":"LineString","coordinates":[[8.17579,44.90399],[8.17597,44.904],[8.17643,44.90417]]},"properties":{}},{"type":"Feature","geometry":{"type":"LineString","coordinates":[[8.17631,44.9043],[8.17612,44.90416],[8.17579,44.90399]]},"properties":{}},{"type":"Feature","geometry":{"type":"LineString","coordinates":[[8.17601,44.86596],[8.17675,44.87037],[8.1768,44.87051],[8.17699,44.8708],[8.1771,44.87092],[8.17748,44.87123],[8.1792,44.8724],[8.17969,44.87281],[8.17987,44.87303],[8.17997,44.8732],[8.1804,44.87424],[8.18258,44.87679],[8.18275,44.87692],[8.18319,44.8771],[8.18367,44.87718],[8.18502,44.87728],[8.18538,44.87735],[8.18572,44.87746],[8.18596,44.87759],[8.18663,44.87811],[8.18942,44.88058],[8.19018,44.88145],[8.19358,44.8856],[8.19378,44.88603],[8.19387,44.8864],[8.19389,44.88688],[8.19385,44.88734],[8.19391,44.88771],[8.19399,44.88793],[8.1944,44.88883]]},"properties":{}},{"type":"Feature","geometry":{"type":"LineString","coordinates":[[8.17601,44.86596],[8.17587,44.86588],[8.17516,44.86518],[8.17524,44.86514],[8.17585,44.86509],[8.17601,44.86596]]},"properties":{}},{"type":"Feature","geometry":{"type":"LineString","coordinates":[[8.17679,44.90439],[8.17666,44.90449],[8.17646,44.90449],[8.17633,44.90441],[8.17631,44.9043]]},"properties":{}},{"type":"Feature","geometry":{"type":"LineString","coordinates":[[8.17631,44.9043],[8.17643,44.90417]]},"properties":{}},{"type":"Feature","geometry":{"type":"LineString","coordinates":[[8.17643,44.90417],[8.17657,44.90415],[8.17676,44.90422]]},"properties":{}},{"type":"Feature","geometry":{"type":"LineString","coordinates":[[8.17676,44.90422],[8.1771,44.90426],[8.17761,44.90439]]},"properties":{}},{"type":"Feature","geometry":{"type":"LineString","coordinates":[[8.17676,44.90422],[8.17681,44.90433],[8.17679,44.90439]]},"properties":{}},{"type":"Feature","geometry":{"type":"LineString","coordinates":[[8.17761,44.90439],[8.17722,44.90435],[8.17679,44.90439]]},"properties":{}},{"type":"Feature","geometry":{"type":"LineString","coordinates":[[8.17761,44.90439],[8.18041,44.90496]]},"properties":{}},{"type":"Feature","geometry":{"type":"LineString","coordinates":[[8.18057,44.90503],[8.18041,44.90496]]},"properties":{}},{"type":"Feature","geometry":{"type":"LineString","coordinates":[[8.18041,44.90496],[8.18063,44.90494]]},"properties":{}},{"type":"Feature","geometry":{"type":"LineString","coordinates":[[8.18091,44.90513],[8.18082,44.90517],[8.18067,44.90516],[8.1806,44.90511],[8.18057,44.90503]]},"properties":{}},{"type":"Feature","geometry":{"type":"LineString","coordinates":[[8.18057,44.90503],[8.18063,44.90494]]},"properties":{}},{"type":"Feature","geometry":{"type":"LineString","coordinates":[[8.18063,44.90494],[8.18072,44.9049],[8.18084,44.90491],[8.18093,44.90497],[8.18096,44.90502]]},"properties":{}},{"type":"Feature","geometry":{"type":"LineString","coordinates":[[8.18096,44.90502],[8.18091,44.90513]]},"properties":{}},{"type":"Feature","geometry":{"type":"LineString","coordinates":[[8.18111,44.90511],[8.18091,44.90513]]},"properties":{}},{"type":"Feature","geometry":{"type":"LineString","coordinates":[[8.18096,44.90502],[8.18111,44.90511]]},"properties":{}},{"type":"Feature","geometry":{"type":"LineString","coordinates":[[8.18111,44.90511],[8.18439,44.90583],[8.1848,44.90589],[8.18523,44.9059]]},"properties":{}},{"type":"Feature","geometry":{"type":"LineString","coordinates":[[8.21919,44.91485],[8.21541,44.91517],[8.21346,44.91539],[8.21163,44.91571],[8.20979,44.91619],[8.20777,44.91681],[8.20685,44.91704],[8.20464,44.91749],[8.2023,44.91778],[8.20046,44.91787],[8.19869,44.91786],[8.19736,44.9178],[8.19602,44.91766],[8.19458,44.91745],[8.19276,44.91708],[8.19072,44.91654],[8.1889,44.9159],[8.18718,44.91515],[8.18565,44.91434],[8.18431,44.91349],[8.18246,44.9121],[8.18153,44.91152]]},"properties":{}},{"type":"Feature","geometry":{"type":"LineString","coordinates":[[8.18153,44.91152],[8.18159,44.91143]]},"properties":{}},{"type":"Feature","geometry":{"type":"LineString","coordinates":[[8.18159,44.91143],[8.18254,44.91204],[8.18446,44.91339],[8.18575,44.91422],[8.18723,44.91502],[8.18897,44.91578],[8.19078,44.91642],[8.1928,44.91699],[8.19464,44.91736],[8.19728,44.91765],[8.1987,44.91772],[8.20048,44.91775],[8.20229,44.91765],[8.2046,44.9174],[8.20681,44.91695],[8.2077,44.91672],[8.20977,44.91611],[8.21164,44.91561],[8.21342,44.91528],[8.21537,44.91505],[8.21917,44.91472]]},"properties":{}},{"type":"Feature","geometry":{"type":"LineString","coordinates":[[8.18159,44.91143],[8.18166,44.9113],[8.18201,44.9101],[8.18211,44.90988]]},"properties":{}},{"type":"Feature","geometry":{"type":"LineString","coordinates":[[8.18218,44.90974],[8.18208,44.90975]]},"properties":{}},{"type":"Feature","geometry":{"type":"LineString","coordinates":[[8.18211,44.90988],[8.18208,44.90975]]},"properties":{}},{"type":"Feature","geometry":{"type":"LineString","coordinates":[[8.18208,44.90975],[8.18202,44.90972],[8.182,44.90966],[8.18206,44.90961],[8.18214,44.9096]]},"properties":{}},{"type":"Feature","geometry":{"type":"LineString","coordinates":[[8.18218,44.90974],[8.18211,44.90988]]},"properties":{}},{"type":"Feature","geometry":{"type":"LineString","coordinates":[[8.18214,44.9096],[8.18222,44.90967]]},"properties":{}},{"type":"Feature","geometry":{"type":"LineString","coordinates":[[8.18214,44.9096],[8.18233,44.90953]]},"properties":{}},{"type":"Feature","geometry":{"type":"LineString","coordinates":[[8.18222,44.90967],[8.18218,44.90974]]},"properties":{}},{"type":"Feature","geometry":{"type":"LineString","coordinates":[[8.18233,44.90953],[8.18222,44.90967]]},"properties":{}},{"type":"Feature","geometry":{"type":"LineString","coordinates":[[8.18233,44.90953],[8.18255,44.90925]]},"properties":{}},{"type":"Feature","geometry":{"type":"LineString","coordinates":[[8.18255,44.90925],[8.18264,44.90911],[8.18285,44.90889],[8.18317,44.90881]]},"properties":{}},{"type":"Feature","geometry":{"type":"LineString","coordinates":[[8.18317,44.90888],[8.18291,44.90892],[8.18255,44.90925]]},"properties":{}},{"type":"Feature","geometry":{"type":"LineString","coordinates":[[8.18317,44.90888],[8.18317,44.90881]]},"properties":{}},{"type":"Feature","geometry":{"type":"LineString","coordinates":[[8.18317,44.90881],[8.1832,44.90879]]},"properties":{}},{"type":"Feature","geometry":{"type":"LineString","coordinates":[[8.18331,44.9088],[8.18334,44.90884],[8.18331,44.90889],[8.18323,44.90891],[8.18317,44.90888]]},"properties":{}},{"type":"Feature","geometry":{"type":"LineString","coordinates":[[8.1832,44.90879],[8.18326,44.90865]]},"properties":{}},{"type":"Feature","geometry":{"type":"LineString","coordinates":[[8.1832,44.90879],[8.18331,44.9088]]},"properties":{}},{"type":"Feature","geometry":{"type":"LineString","coordinates":[[8.18326,44.90865],[8.18331,44.9088]]},"properties":{}},{"type":"Feature","geometry":{"type":"LineString","coordinates":[[8.18326,44.90865],[8.18333,44.90843],[8.18379,44.90792],[8.18438,44.90734]]},"properties":{}},{"type":"Feature","geometry":{"type":"LineString","coordinates":[[8.18435,44.8959],[8.18351,44.8958],[8.18332,44.89583],[8.18269,44.8971],[8.18259,44.89746],[8.18258,44.89786],[8.18269,44.89966],[8.18385,44.89925],[8.18381,44.89918],[8.18373,44.89824],[8.18366,44.89792],[8.18369,44.89788],[8.18415,44.89768],[8.18419,44.8976],[8.18414,44.89665],[8.1842,44.89636],[8.18435,44.8959]]},"properties":{}},{"type":"Feature","geometry":{"type":"LineString","coordinates":[[8.18757,44.89544],[8.18657,44.89509],[8.1863,44.89504],[8.18583,44.89499],[8.18488,44.89497],[8.18435,44.8959]]},"properties":{}},{"type":"Feature","geometry":{"type":"LineString","coordinates":[[8.18452,44.90716],[8.18444,44.90717],[8.18436,44.90713]]},"properties":{}},{"type":"Feature","geometry":{"type":"LineString","coordinates":[[8.18438,44.90734],[8.18436,44.90713]]},"properties":{}},{"type":"Feature","geometry":{"type":"LineString","coordinates":[[8.18436,44.90713],[8.18433,44.90705],[8.18438,44.907],[8.18454,44.907]]},"properties":{}},{"type":"Feature","geometry":{"type":"LineString","coordinates":[[8.18452,44.90716],[8.18438,44.90734]]},"properties":{}},{"type":"Feature","geometry":{"type":"LineString","coordinates":[[8.18459,44.90705],[8.18458,44.90712],[8.18452,44.90716]]},"properties":{}},{"type":"Feature","geometry":{"type":"LineString","coordinates":[[8.18454,44.907],[8.18459,44.90705]]},"properties":{}},{"type":"Feature","geometry":{"type":"LineString","coordinates":[[8.18454,44.907],[8.18478,44.90691]]},"properties":{}},{"type":"Feature","geometry":{"type":"LineString","coordinates":[[8.18478,44.90691],[8.18459,44.90705]]},"properties":{}},{"type":"Feature","geometry":{"type":"LineString","coordinates":[[8.18478,44.90691],[8.18552,44.90615]]},"properties":{}},{"type":"Feature","geometry":{"type":"LineString","coordinates":[[8.18552,44.90596],[8.18523,44.9059]]},"properties":{}},{"type":"Feature","geometry":{"type":"LineString","coordinates":[[8.18523,44.9059],[8.18556,44.90585]]},"properties":{}},{"type":"Feature","geometry":{"type":"LineString","coordinates":[[8.18552,44.90615],[8.18557,44.90602]]},"properties":{}},{"type":"Feature","geometry":{"type":"LineString","coordinates":[[8.18572,44.90605],[8.18552,44.90615]]},"properties":{}},{"type":"Feature","geometry":{"type":"LineString","coordinates":[[8.18557,44.90602],[8.18552,44.90596]]},"properties":{}},{"type":"Feature","geometry":{"type":"LineString","coordinates":[[8.18552,44.90596],[8.18552,44.9059],[8.18556,44.90585]]},"properties":{}},{"type":"Feature","geometry":{"type":"LineString","coordinates":[[8.18556,44.90585],[8.18572,44.90581]]},"properties":{}},{"type":"Feature","geometry":{"type":"LineString","coordinates":[[8.18572,44.90605],[8.18557,44.90602]]},"properties":{}},{"type":"Feature","geometry":{"type":"LineString","coordinates":[[8.18581,44.90601],[8.18572,44.90605]]},"properties":{}},{"type":"Feature","geometry":{"type":"LineString","coordinates":[[8.18572,44.90581],[8.18581,44.90584],[8.18585,44.90591]]},"properties":{}},{"type":"Feature","geometry":{"type":"LineString","coordinates":[[8.18572,44.90581],[8.18592,44.90574],[8.18953,44.90322],[8.18957,44.90313],[8.18975,44.90306],[8.19086,44.90225]]},"properties":{}},{"type":"Feature","geometry":{"type":"LineString","coordinates":[[8.18581,44.90601],[8.18816,44.90708]]},"properties":{}},{"type":"Feature","geometry":{"type":"LineString","coordinates":[[8.18585,44.90591],[8.18581,44.90601]]},"properties":{}},{"type":"Feature","geometry":{"type":"LineString","coordinates":[[8.19093,44.90232],[8.18982,44.90311],[8.18971,44.90323],[8.18961,44.90324],[8.18607,44.90571],[8.18585,44.90591]]},"properties":{}},{"type":"Feature","geometry":{"type":"LineString","coordinates":[[8.18757,44.89544],[8.18781,44.89549]]},"properties":{}},{"type":"Feature","geometry":{"type":"LineString","coordinates":[[8.1877,44.89555],[8.18757,44.89544]]},"properties":{}},{"type":"Feature","geometry":{"type":"LineString","coordinates":[[8.18787,44.89562],[8.18775,44.89563],[8.1877,44.8956],[8.1877,44.89555]]},"properties":{}},{"type":"Feature","geometry":{"type":"LineString","coordinates":[[8.1877,44.89555],[8.18781,44.89549]]},"properties":{}},{"type":"Feature","geometry":{"type":"LineString","coordinates":[[8.18781,44.89549],[8.18789,44.89553]]},"properties":{}},{"type":"Feature","geometry":{"type":"LineString","coordinates":[[8.18789,44.89553],[8.18791,44.89556],[8.18787,44.89562]]},"properties":{}},{"type":"Feature","geometry":{"type":"LineString","coordinates":[[8.18806,44.8956],[8.18787,44.89562]]},"properties":{}},{"type":"Feature","geometry":{"type":"LineString","coordinates":[[8.18789,44.89553],[8.18806,44.8956]]},"properties":{}},{"type":"Feature","geometry":{"type":"LineString","coordinates":[[8.19032,44.89608],[8.18878,44.89579],[8.18806,44.8956]]},"properties":{}},{"type":"Feature","geometry":{"type":"LineString","coordinates":[[8.18816,44.90708],[8.18903,44.90746],[8.18953,44.90756],[8.1899,44.90758],[8.19022,44.90755],[8.1908,44.90741]]},"properties":{}},{"type":"Feature","geometry":{"type":"LineString","coordinates":[[8.18816,44.90708],[8.18939,44.90585],[8.19063,44.90647],[8.19093,44.90701],[8.19097,44.90723]]},"properties":{}},{"type":"Feature","geometry":{"type":"LineString","coordinates":[[8.18948,44.89051],[8.18956,44.89067],[8.18894,44.89083],[8.18878,44.89051],[8.1894,44.89035],[8.18948,44.89051]]},"properties":{}},{"type":"Feature","geometry":{"type":"LineString","coordinates":[[8.18948,44.89051],[8.19196,44.88993],[8.19329,44.88909],[8.1944,44.88883]]},"properties":{}},{"type":"Feature","geometry":{"type":"LineString","coordinates":[[8.19043,44.89614],[8.19032,44.89608]]},"properties":{}},{"type":"Feature","geometry":{"type":"LineString","coordinates":[[8.19032,44.89608],[8.19046,44.89607]]},"properties":{}},{"type":"Feature","geometry":{"type":"LineString","coordinates":[[8.19078,44.89622],[8.19069,44.89627],[8.19057,44.89627],[8.19047,44.89623],[8.19043,44.89614]]},"properties":{}},{"type":"Feature","geometry":{"type":"LineString","coordinates":[[8.19043,44.89614],[8.19046,44.89607]]},"properties":{}},{"type":"Feature","geometry":{"type":"LineString","coordinates":[[8.19046,44.89607],[8.19056,44.89601],[8.19068,44.89601],[8.19077,44.89606],[8.19081,44.89614]]},"properties":{}},{"type":"Feature","geometry":{"type":"LineString","coordinates":[[8.19081,44.89614],[8.19078,44.89622]]},"properties":{}},{"type":"Feature","geometry":{"type":"LineString","coordinates":[[8.19092,44.89621],[8.19078,44.89622]]},"properties":{}},{"type":"Feature","geometry":{"type":"LineString","coordinates":[[8.1911,44.90729],[8.19111,44.90738],[8.19105,44.90745],[8.19088,44.90747],[8.1908,44.90741]]},"properties":{}},{"type":"Feature","geometry":{"type":"LineString","coordinates":[[8.1908,44.90741],[8.19077,44.90734],[8.19082,44.90727],[8.19097,44.90723]]},"properties":{}},{"type":"Feature","geometry":{"type":"LineString","coordinates":[[8.19081,44.89614],[8.19092,44.89621]]},"properties":{}},{"type":"Feature","geometry":{"type":"LineString","coordinates":[[8.19093,44.90232],[8.19087,44.90229],[8.19086,44.90225]]},"properties":{}},{"type":"Feature","geometry":{"type":"LineString","coordinates":[[8.19086,44.90225],[8.19103,44.90217],[8.19138,44.90193],[8.19142,44.90182],[8.19154,44.9018],[8.19333,44.90055],[8.19347,44.90041],[8.19351,44.90022]]},"properties":{}},{"type":"Feature","geometry":{"type":"LineString","coordinates":[[8.19313,44.89666],[8.19092,44.89621]]},"properties":{}},{"type":"Feature","geometry":{"type":"LineString","coordinates":[[8.19106,44.90229],[8.19093,44.90232]]},"properties":{}},{"type":"Feature","geometry":{"type":"LineString","coordinates":[[8.19097,44.90723],[8.1911,44.90729]]},"properties":{}},{"type":"Feature","geometry":{"type":"LineString","coordinates":[[8.19106,44.90229],[8.19253,44.90342]]},"properties":{}},{"type":"Feature","geometry":{"type":"LineString","coordinates":[[8.19385,44.90021],[8.19353,44.90052],[8.19163,44.90186],[8.19158,44.90192],[8.19145,44.90197],[8.1911,44.90221],[8.19106,44.90229]]},"properties":{}},{"type":"Feature","geometry":{"type":"LineString","coordinates":[[8.1911,44.90729],[8.19348,44.90629]]},"properties":{}},{"type":"Feature","geometry":{"type":"LineString","coordinates":[[8.19253,44.90342],[8.19288,44.90365],[8.19318,44.90377],[8.19646,44.90497]]},"properties":{}},{"type":"Feature","geometry":{"type":"LineString","coordinates":[[8.19253,44.90342],[8.19083,44.90457],[8.19348,44.90629]]},"properties":{}},{"type":"Feature","geometry":{"type":"LineString","coordinates":[[8.19313,44.89666],[8.19333,44.89668]]},"properties":{}},{"type":"Feature","geometry":{"type":"LineString","coordinates":[[8.19326,44.89674],[8.19313,44.89666]]},"properties":{}},{"type":"Feature","geometry":{"type":"LineString","coordinates":[[8.19329,44.89679],[8.19326,44.89674]]},"properties":{}},{"type":"Feature","geometry":{"type":"LineString","coordinates":[[8.19326,44.89674],[8.19333,44.89668]]},"properties":{}},{"type":"Feature","geometry":{"type":"LineString","coordinates":[[8.19343,44.89677],[8.19336,44.8968],[8.19329,44.89679]]},"properties":{}},{"type":"Feature","geometry":{"type":"LineString","coordinates":[[8.19337,44.89709],[8.19329,44.89679]]},"properties":{}},{"type":"Feature","geometry":{"type":"LineString","coordinates":[[8.19333,44.89668],[8.19339,44.89669]]},"properties":{}},{"type":"Feature","geometry":{"type":"LineString","coordinates":[[8.19337,44.89709],[8.19338,44.8996]]},"properties":{}},{"type":"Feature","geometry":{"type":"LineString","coordinates":[[8.19343,44.89677],[8.19337,44.89709]]},"properties":{}},{"type":"Feature","geometry":{"type":"LineString","coordinates":[[8.19338,44.8996],[8.19345,44.89969],[8.19364,44.89985]]},"properties":{}},{"type":"Feature","geometry":{"type":"LineString","coordinates":[[8.19344,44.90002],[8.19338,44.89983],[8.19338,44.8996]]},"properties":{}},{"type":"Feature","geometry":{"type":"LineString","coordinates":[[8.19339,44.89669],[8.19344,44.89674]]},"properties":{}},{"type":"Feature","geometry":{"type":"LineString","coordinates":[[8.19339,44.89669],[8.19359,44.8966]]},"properties":{}},{"type":"Feature","geometry":{"type":"LineString","coordinates":[[8.19344,44.89674],[8.19343,44.89677]]},"properties":{}},{"type":"Feature","geometry":{"type":"LineString","coordinates":[[8.19359,44.8966],[8.19344,44.89674]]},"properties":{}},{"type":"Feature","geometry":{"type":"LineString","coordinates":[[8.19351,44.90022],[8.19344,44.90009],[8.19344,44.90002]]},"properties":{}},{"type":"Feature","geometry":{"type":"LineString","coordinates":[[8.19344,44.90002],[8.19351,44.89992],[8.19364,44.89985]]},"properties":{}},{"type":"Feature","geometry":{"type":"LineString","coordinates":[[8.19348,44.90629],[8.19484,44.90567],[8.19648,44.90504]]},"properties":{}},{"type":"Feature","geometry":{"type":"LineString","coordinates":[[8.19385,44.90021],[8.19368,44.90026],[8.19351,44.90022]]},"properties":{}},{"type":"Feature","geometry":{"type":"LineString","coordinates":[[8.19753,44.89408],[8.19359,44.8966]]},"properties":{}},{"type":"Feature","geometry":{"type":"LineString","coordinates":[[8.19364,44.89985],[8.19384,44.89989],[8.19394,44.89999]]},"properties":{}},{"type":"Feature","geometry":{"type":"LineString","coordinates":[[8.19389,44.90016],[8.19385,44.90021]]},"properties":{}},{"type":"Feature","geometry":{"type":"LineString","coordinates":[[8.19394,44.89999],[8.19395,44.90005],[8.19389,44.90016]]},"properties":{}},{"type":"Feature","geometry":{"type":"LineString","coordinates":[[8.19429,44.90014],[8.19405,44.90013],[8.19389,44.90016]]},"properties":{}},{"type":"Feature","geometry":{"type":"LineString","coordinates":[[8.19394,44.89999],[8.19405,44.90007],[8.19429,44.90014]]},"properties":{}},{"type":"Feature","geometry":{"type":"LineString","coordinates":[[8.19429,44.90014],[8.19486,44.9006],[8.19535,44.90106],[8.1961,44.90227],[8.19641,44.90258],[8.19883,44.90371]]},"properties":{}},{"type":"Feature","geometry":{"type":"LineString","coordinates":[[8.1944,44.88883],[8.19559,44.89139],[8.19573,44.89159],[8.19605,44.89191],[8.19622,44.89204],[8.19812,44.89274],[8.19872,44.89283]]},"properties":{}},{"type":"Feature","geometry":{"type":"LineString","coordinates":[[8.1962,44.91445],[8.19599,44.91444],[8.19589,44.91436],[8.19588,44.91424],[8.19596,44.91416]]},"properties":{}},{"type":"Feature","geometry":{"type":"LineString","coordinates":[[8.19596,44.91416],[8.19589,44.9135],[8.19593,44.9133],[8.196,44.91312],[8.19624,44.9128],[8.19656,44.91253],[8.19687,44.91234],[8.19699,44.91221],[8.19704,44.91211],[8.19703,44.91205],[8.1972,44.91194],[8.19763,44.91142],[8.19766,44.91132],[8.19763,44.91122]]},"properties":{}},{"type":"Feature","geometry":{"type":"LineString","coordinates":[[8.19596,44.91416],[8.19617,44.91412]]},"properties":{}},{"type":"Feature","geometry":{"type":"LineString","coordinates":[[8.19617,44.91412],[8.19633,44.91422],[8.19635,44.91427],[8.19633,44.91437]]},"properties":{}},{"type":"Feature","geometry":{"type":"LineString","coordinates":[[8.19781,44.91125],[8.19771,44.91137],[8.1976,44.91159],[8.19731,44.91194],[8.19722,44.91212],[8.19715,44.91215],[8.19701,44.91231],[8.19634,44.9128],[8.19613,44.91307],[8.196,44.9134],[8.19598,44.91358],[8.19607,44.91394],[8.19617,44.91412]]},"properties":{}},{"type":"Feature","geometry":{"type":"LineString","coordinates":[[8.19671,44.91458],[8.1962,44.91445]]},"properties":{}},{"type":"Feature","geometry":{"type":"LineString","coordinates":[[8.19633,44.91437],[8.1962,44.91445]]},"properties":{}},{"type":"Feature","geometry":{"type":"LineString","coordinates":[[8.19633,44.91437],[8.19671,44.91458]]},"properties":{}},{"type":"Feature","geometry":{"type":"LineString","coordinates":[[8.19648,44.90504],[8.19646,44.90497]]},"properties":{}},{"type":"Feature","geometry":{"type":"LineString","coordinates":[[8.19646,44.90497],[8.19656,44.90492],[8.19666,44.90499],[8.1966,44.90507],[8.19648,44.90504]]},"properties":{}},{"type":"Feature","geometry":{"type":"LineString","coordinates":[[8.19671,44.91458],[8.19754,44.91505],[8.19792,44.91538]]},"properties":{}},{"type":"Feature","geometry":{"type":"LineString","coordinates":[[8.19752,44.9109],[8.19769,44.91097]]},"properties":{}},{"type":"Feature","geometry":{"type":"LineString","coordinates":[[8.19759,44.91103],[8.19752,44.9109]]},"properties":{}},{"type":"Feature","geometry":{"type":"LineString","coordinates":[[8.19752,44.9109],[8.19721,44.91065],[8.19708,44.9105],[8.197,44.91029],[8.19701,44.91016],[8.19844,44.90684],[8.19846,44.90641],[8.19839,44.90485]]},"properties":{}},{"type":"Feature","geometry":{"type":"LineString","coordinates":[[8.19753,44.89408],[8.19779,44.89389]]},"properties":{}},{"type":"Feature","geometry":{"type":"LineString","coordinates":[[8.19793,44.894],[8.19753,44.89408]]},"properties":{}},{"type":"Feature","geometry":{"type":"LineString","coordinates":[[8.19763,44.91122],[8.19757,44.91113],[8.19759,44.91103]]},"properties":{}},{"type":"Feature","geometry":{"type":"LineString","coordinates":[[8.19759,44.91103],[8.19769,44.91097]]},"properties":{}},{"type":"Feature","geometry":{"type":"LineString","coordinates":[[8.19781,44.91125],[8.19763,44.91122]]},"properties":{}},{"type":"Feature","geometry":{"type":"LineString","coordinates":[[8.19769,44.91097],[8.1978,44.91096],[8.19791,44.91099]]},"properties":{}},{"type":"Feature","geometry":{"type":"LineString","coordinates":[[8.19793,44.894],[8.19781,44.89395],[8.19779,44.89389]]},"properties":{}},{"type":"Feature","geometry":{"type":"LineString","coordinates":[[8.19779,44.89389],[8.19784,44.89383],[8.19793,44.89381],[8.19823,44.89384],[8.19868,44.89376],[8.19876,44.89381]]},"properties":{}},{"type":"Feature","geometry":{"type":"LineString","coordinates":[[8.19785,44.91125],[8.19781,44.91125]]},"properties":{}},{"type":"Feature","geometry":{"type":"LineString","coordinates":[[8.19803,44.91127],[8.19785,44.91125]]},"properties":{}},{"type":"Feature","geometry":{"type":"LineString","coordinates":[[8.19797,44.91118],[8.19785,44.91125]]},"properties":{}},{"type":"Feature","geometry":{"type":"LineString","coordinates":[[8.19791,44.91099],[8.19798,44.91107]]},"properties":{}},{"type":"Feature","geometry":{"type":"LineString","coordinates":[[8.19791,44.91099],[8.19808,44.91095]]},"properties":{}},{"type":"Feature","geometry":{"type":"LineString","coordinates":[[8.19807,44.91542],[8.19803,44.91549],[8.19794,44.9155],[8.19788,44.91545],[8.19792,44.91538]]},"properties":{}},{"type":"Feature","geometry":{"type":"LineString","coordinates":[[8.19792,44.91538],[8.19801,44.91537],[8.19807,44.91542]]},"properties":{}},{"type":"Feature","geometry":{"type":"LineString","coordinates":[[8.19859,44.89399],[8.19823,44.89396],[8.19793,44.894]]},"properties":{}},{"type":"Feature","geometry":{"type":"LineString","coordinates":[[8.19797,44.91118],[8.19803,44.91127]]},"properties":{}},{"type":"Feature","geometry":{"type":"LineString","coordinates":[[8.19798,44.91107],[8.19797,44.91118]]},"properties":{}},{"type":"Feature","geometry":{"type":"LineString","coordinates":[[8.19808,44.91095],[8.19798,44.91107]]},"properties":{}},{"type":"Feature","geometry":{"type":"LineString","coordinates":[[8.19803,44.91127],[8.19985,44.91251],[8.20195,44.91382],[8.20339,44.91462]]},"properties":{}},{"type":"Feature","geometry":{"type":"LineString","coordinates":[[8.19807,44.91542],[8.19924,44.91549],[8.19984,44.91564],[8.20027,44.91568],[8.20206,44.91534],[8.20343,44.91586],[8.2036,44.91559],[8.20367,44.91541],[8.20368,44.91507],[8.2036,44.91486]]},"properties":{}},{"type":"Feature","geometry":{"type":"LineString","coordinates":[[8.19972,44.90895],[8.19808,44.91095]]},"properties":{}},{"type":"Feature","geometry":{"type":"LineString","coordinates":[[8.1984,44.90468],[8.1983,44.9047]]},"properties":{}},{"type":"Feature","geometry":{"type":"LineString","coordinates":[[8.19839,44.90485],[8.1983,44.9047]]},"properties":{}},{"type":"Feature","geometry":{"type":"LineString","coordinates":[[8.1983,44.9047],[8.19825,44.90466],[8.19825,44.90462],[8.19834,44.90457]]},"properties":{}},{"type":"Feature","geometry":{"type":"LineString","coordinates":[[8.19834,44.90457],[8.19843,44.90461]]},"properties":{}},{"type":"Feature","geometry":{"type":"LineString","coordinates":[[8.19834,44.90457],[8.19856,44.90444]]},"properties":{}},{"type":"Feature","geometry":{"type":"LineString","coordinates":[[8.1984,44.90468],[8.19839,44.90485]]},"properties":{}},{"type":"Feature","geometry":{"type":"LineString","coordinates":[[8.19843,44.90461],[8.1984,44.90468]]},"properties":{}},{"type":"Feature","geometry":{"type":"LineString","coordinates":[[8.19856,44.90444],[8.19843,44.90461]]},"properties":{}},{"type":"Feature","geometry":{"type":"LineString","coordinates":[[8.19856,44.90444],[8.19898,44.90412]]},"properties":{}},{"type":"Feature","geometry":{"type":"LineString","coordinates":[[8.20711,44.89588],[8.20543,44.89569],[8.20475,44.89555],[8.19949,44.89424],[8.19859,44.89399]]},"properties":{}},{"type":"Feature","geometry":{"type":"LineString","coordinates":[[8.19875,44.89394],[8.19859,44.89399]]},"properties":{}},{"type":"Feature","geometry":{"type":"LineString","coordinates":[[8.19903,44.89287],[8.19872,44.89283]]},"properties":{}},{"type":"Feature","geometry":{"type":"LineString","coordinates":[[8.19872,44.89283],[8.19903,44.89278]]},"properties":{}},{"type":"Feature","geometry":{"type":"LineString","coordinates":[[8.19876,44.89381],[8.19878,44.89388],[8.19875,44.89394]]},"properties":{}},{"type":"Feature","geometry":{"type":"LineString","coordinates":[[8.19895,44.89387],[8.19875,44.89394]]},"properties":{}},{"type":"Feature","geometry":{"type":"LineString","coordinates":[[8.19876,44.89381],[8.19895,44.89387]]},"properties":{}},{"type":"Feature","geometry":{"type":"LineString","coordinates":[[8.19883,44.90371],[8.19914,44.9038]]},"properties":{}},{"type":"Feature","geometry":{"type":"LineString","coordinates":[[8.19904,44.90387],[8.19883,44.90371]]},"properties":{}},{"type":"Feature","geometry":{"type":"LineString","coordinates":[[8.20049,44.89309],[8.2003,44.89359],[8.20009,44.89376],[8.19972,44.89387],[8.19895,44.89387]]},"properties":{}},{"type":"Feature","geometry":{"type":"LineString","coordinates":[[8.19898,44.90412],[8.19905,44.90394]]},"properties":{}},{"type":"Feature","geometry":{"type":"LineString","coordinates":[[8.19917,44.904],[8.19898,44.90412]]},"properties":{}},{"type":"Feature","geometry":{"type":"LineString","coordinates":[[8.19912,44.8929],[8.19903,44.89287]]},"properties":{}},{"type":"Feature","geometry":{"type":"LineString","coordinates":[[8.19903,44.89287],[8.19903,44.89278]]},"properties":{}},{"type":"Feature","geometry":{"type":"LineString","coordinates":[[8.19903,44.89278],[8.19914,44.89275]]},"properties":{}},{"type":"Feature","geometry":{"type":"LineString","coordinates":[[8.19905,44.90394],[8.19904,44.90387]]},"properties":{}},{"type":"Feature","geometry":{"type":"LineString","coordinates":[[8.19904,44.90387],[8.19914,44.9038]]},"properties":{}},{"type":"Feature","geometry":{"type":"LineString","coordinates":[[8.19917,44.904],[8.19905,44.90394]]},"properties":{}},{"type":"Feature","geometry":{"type":"LineString","coordinates":[[8.1994,44.89293],[8.19912,44.8929]]},"properties":{}},{"type":"Feature","geometry":{"type":"LineString","coordinates":[[8.19922,44.89283],[8.1992,44.89287],[8.19912,44.8929]]},"properties":{}},{"type":"Feature","geometry":{"type":"LineString","coordinates":[[8.19914,44.89275],[8.1992,44.89278],[8.19922,44.89283]]},"properties":{}},{"type":"Feature","geometry":{"type":"LineString","coordinates":[[8.19914,44.89275],[8.19953,44.89266],[8.20044,44.89231],[8.20123,44.89189]]},"properties":{}},{"type":"Feature","geometry":{"type":"LineString","coordinates":[[8.19914,44.9038],[8.19929,44.90382],[8.19934,44.90391]]},"properties":{}},{"type":"Feature","geometry":{"type":"LineString","coordinates":[[8.19925,44.90399],[8.19917,44.904]]},"properties":{}},{"type":"Feature","geometry":{"type":"LineString","coordinates":[[8.19922,44.89283],[8.1994,44.89293]]},"properties":{}},{"type":"Feature","geometry":{"type":"LineString","coordinates":[[8.19945,44.90407],[8.19925,44.90399]]},"properties":{}},{"type":"Feature","geometry":{"type":"LineString","coordinates":[[8.19934,44.90391],[8.19925,44.90399]]},"properties":{}},{"type":"Feature","geometry":{"type":"LineString","coordinates":[[8.19934,44.90391],[8.19945,44.90407]]},"properties":{}},{"type":"Feature","geometry":{"type":"LineString","coordinates":[[8.20049,44.89309],[8.1994,44.89293]]},"properties":{}},{"type":"Feature","geometry":{"type":"LineString","coordinates":[[8.20158,44.9056],[8.20121,44.90538],[8.20041,44.90476],[8.19945,44.90407]]},"properties":{}},{"type":"Feature","geometry":{"type":"LineString","coordinates":[[8.19981,44.90883],[8.19986,44.90888],[8.19985,44.90893],[8.1998,44.90896],[8.19972,44.90895]]},"properties":{}},{"type":"Feature","geometry":{"type":"LineString","coordinates":[[8.19972,44.90895],[8.19967,44.90891],[8.19968,44.90886],[8.19975,44.90882],[8.19981,44.90883]]},"properties":{}},{"type":"Feature","geometry":{"type":"LineString","coordinates":[[8.20202,44.9061],[8.19981,44.90883]]},"properties":{}},{"type":"Feature","geometry":{"type":"LineString","coordinates":[[8.2011,44.89311],[8.20049,44.89309]]},"properties":{}},{"type":"Feature","geometry":{"type":"LineString","coordinates":[[8.20063,44.89271],[8.20049,44.89309]]},"properties":{}},{"type":"Feature","geometry":{"type":"LineString","coordinates":[[8.20123,44.89189],[8.20086,44.89223],[8.20074,44.89243],[8.20063,44.89271]]},"properties":{}},{"type":"Feature","geometry":{"type":"LineString","coordinates":[[8.20063,44.89271],[8.2008,44.89259],[8.20089,44.89256],[8.20109,44.89258],[8.20117,44.89262],[8.20123,44.89268],[8.20127,44.89284],[8.20111,44.89302],[8.2011,44.89311]]},"properties":{}},{"type":"Feature","geometry":{"type":"LineString","coordinates":[[8.20524,44.89188],[8.20442,44.89199],[8.20418,44.89206],[8.20399,44.89218],[8.20353,44.89267],[8.20337,44.89278],[8.20318,44.89282],[8.20218,44.89292],[8.20163,44.89304],[8.2011,44.89311]]},"properties":{}},{"type":"Feature","geometry":{"type":"LineString","coordinates":[[8.20522,44.89166],[8.20274,44.89134],[8.2024,44.89134],[8.20214,44.89138],[8.20196,44.89146],[8.20123,44.89189]]},"properties":{}},{"type":"Feature","geometry":{"type":"LineString","coordinates":[[8.20158,44.9056],[8.20214,44.90568]]},"properties":{}},{"type":"Feature","geometry":{"type":"LineString","coordinates":[[8.20203,44.90583],[8.20158,44.9056]]},"properties":{}},{"type":"Feature","geometry":{"type":"LineString","coordinates":[[8.2019,44.91189],[8.20188,44.91168],[8.20283,44.91161],[8.20285,44.91177],[8.20475,44.9116]]},"properties":{}},{"type":"Feature","geometry":{"type":"LineString","coordinates":[[8.20202,44.9061],[8.20208,44.90587]]},"properties":{}},{"type":"Feature","geometry":{"type":"LineString","coordinates":[[8.2022,44.90587],[8.20214,44.90601],[8.20202,44.9061]]},"properties":{}},{"type":"Feature","geometry":{"type":"LineString","coordinates":[[8.20208,44.90587],[8.20203,44.90583]]},"properties":{}},{"type":"Feature","geometry":{"type":"LineString","coordinates":[[8.20203,44.90583],[8.20203,44.90573],[8.20214,44.90568]]},"properties":{}},{"type":"Feature","geometry":{"type":"LineString","coordinates":[[8.2022,44.90587],[8.20208,44.90587]]},"properties":{}},{"type":"Feature","geometry":{"type":"LineString","coordinates":[[8.20214,44.90568],[8.20221,44.90569]]},"properties":{}},{"type":"Feature","geometry":{"type":"LineString","coordinates":[[8.20229,44.90577],[8.20227,44.90583],[8.2022,44.90587]]},"properties":{}},{"type":"Feature","geometry":{"type":"LineString","coordinates":[[8.20221,44.90569],[8.20229,44.90577]]},"properties":{}},{"type":"Feature","geometry":{"type":"LineString","coordinates":[[8.20221,44.90569],[8.20247,44.90555]]},"properties":{}},{"type":"Feature","geometry":{"type":"LineString","coordinates":[[8.20247,44.90555],[8.20241,44.90567],[8.20229,44.90577]]},"properties":{}},{"type":"Feature","geometry":{"type":"LineString","coordinates":[[8.20442,44.90318],[8.20247,44.90555]]},"properties":{}},{"type":"Feature","geometry":{"type":"LineString","coordinates":[[8.20349,44.91474],[8.20339,44.9147],[8.20339,44.91462]]},"properties":{}},{"type":"Feature","geometry":{"type":"LineString","coordinates":[[8.20339,44.91462],[8.20352,44.91459]]},"properties":{}},{"type":"Feature","geometry":{"type":"LineString","coordinates":[[8.2036,44.91486],[8.20349,44.91474]]},"properties":{}},{"type":"Feature","geometry":{"type":"LineString","coordinates":[[8.20355,44.91472],[8.20349,44.91474]]},"properties":{}},{"type":"Feature","geometry":{"type":"LineString","coordinates":[[8.20352,44.91459],[8.20357,44.91463]]},"properties":{}},{"type":"Feature","geometry":{"type":"LineString","coordinates":[[8.20352,44.91459],[8.20364,44.91447]]},"properties":{}},{"type":"Feature","geometry":{"type":"LineString","coordinates":[[8.20355,44.91472],[8.2036,44.91486]]},"properties":{}},{"type":"Feature","geometry":{"type":"LineString","coordinates":[[8.20357,44.91463],[8.20355,44.91472]]},"properties":{}},{"type":"Feature","geometry":{"type":"LineString","coordinates":[[8.20364,44.91447],[8.20357,44.91463]]},"properties":{}},{"type":"Feature","geometry":{"type":"LineString","coordinates":[[8.20364,44.91447],[8.20434,44.91339]]},"properties":{}},{"type":"Feature","geometry":{"type":"LineString","coordinates":[[8.20434,44.91339],[8.2044,44.91326]]},"properties":{}},{"type":"Feature","geometry":{"type":"LineString","coordinates":[[8.20446,44.91328],[8.20434,44.91339]]},"properties":{}},{"type":"Feature","geometry":{"type":"LineString","coordinates":[[8.20446,44.91328],[8.2044,44.91326]]},"properties":{}},{"type":"Feature","geometry":{"type":"LineString","coordinates":[[8.2044,44.91326],[8.20437,44.91318],[8.20445,44.91314]]},"properties":{}},{"type":"Feature","geometry":{"type":"LineString","coordinates":[[8.20442,44.90318],[8.20448,44.90302]]},"properties":{}},{"type":"Feature","geometry":{"type":"LineString","coordinates":[[8.20464,44.90308],[8.20442,44.90318]]},"properties":{}},{"type":"Feature","geometry":{"type":"LineString","coordinates":[[8.20445,44.91314],[8.20452,44.91315]]},"properties":{}},{"type":"Feature","geometry":{"type":"LineString","coordinates":[[8.20445,44.91314],[8.20454,44.91303]]},"properties":{}},{"type":"Feature","geometry":{"type":"LineString","coordinates":[[8.20452,44.91315],[8.20456,44.91322],[8.20446,44.91328]]},"properties":{}},{"type":"Feature","geometry":{"type":"LineString","coordinates":[[8.20464,44.90308],[8.20454,44.90307],[8.20448,44.90302]]},"properties":{}},{"type":"Feature","geometry":{"type":"LineString","coordinates":[[8.20448,44.90302],[8.20448,44.90294],[8.20457,44.90288]]},"properties":{}},{"type":"Feature","geometry":{"type":"LineString","coordinates":[[8.20454,44.91303],[8.20452,44.91315]]},"properties":{}},{"type":"Feature","geometry":{"type":"LineString","coordinates":[[8.20454,44.91303],[8.20514,44.91185]]},"properties":{}},{"type":"Feature","geometry":{"type":"LineString","coordinates":[[8.20457,44.90288],[8.20469,44.90283],[8.20481,44.9027]]},"properties":{}},{"type":"Feature","geometry":{"type":"LineString","coordinates":[[8.20457,44.90288],[8.20473,44.90292]]},"properties":{}},{"type":"Feature","geometry":{"type":"LineString","coordinates":[[8.2047,44.90306],[8.20464,44.90308]]},"properties":{}},{"type":"Feature","geometry":{"type":"LineString","coordinates":[[8.20475,44.90295],[8.20475,44.90302],[8.2047,44.90306]]},"properties":{}},{"type":"Feature","geometry":{"type":"LineString","coordinates":[[8.20499,44.90301],[8.20484,44.90302],[8.2047,44.90306]]},"properties":{}},{"type":"Feature","geometry":{"type":"LineString","coordinates":[[8.20473,44.90292],[8.20475,44.90295]]},"properties":{}},{"type":"Feature","geometry":{"type":"LineString","coordinates":[[8.20481,44.9027],[8.20473,44.90292]]},"properties":{}},{"type":"Feature","geometry":{"type":"LineString","coordinates":[[8.20475,44.90295],[8.20499,44.90301]]},"properties":{}},{"type":"Feature","geometry":{"type":"LineString","coordinates":[[8.20509,44.91166],[8.20475,44.9116]]},"properties":{}},{"type":"Feature","geometry":{"type":"LineString","coordinates":[[8.20475,44.9116],[8.2051,44.91156]]},"properties":{}},{"type":"Feature","geometry":{"type":"LineString","coordinates":[[8.2065,44.90074],[8.20638,44.90079],[8.20623,44.90095],[8.20481,44.9027]]},"properties":{}},{"type":"Feature","geometry":{"type":"LineString","coordinates":[[8.211,44.90462],[8.20953,44.90339],[8.20941,44.90332],[8.20499,44.90301]]},"properties":{}},{"type":"Feature","geometry":{"type":"LineString","coordinates":[[8.20512,44.91168],[8.20509,44.91166]]},"properties":{}},{"type":"Feature","geometry":{"type":"LineString","coordinates":[[8.20509,44.91166],[8.20507,44.91161],[8.2051,44.91156]]},"properties":{}},{"type":"Feature","geometry":{"type":"LineString","coordinates":[[8.2051,44.91156],[8.20515,44.91153],[8.20526,44.91153]]},"properties":{}},{"type":"Feature","geometry":{"type":"LineString","coordinates":[[8.20528,44.91168],[8.20512,44.91168]]},"properties":{}},{"type":"Feature","geometry":{"type":"LineString","coordinates":[[8.20514,44.91185],[8.20512,44.91168]]},"properties":{}},{"type":"Feature","geometry":{"type":"LineString","coordinates":[[8.20528,44.91168],[8.20514,44.91185]]},"properties":{}},{"type":"Feature","geometry":{"type":"LineString","coordinates":[[8.20603,44.89177],[8.20522,44.89166]]},"properties":{}},{"type":"Feature","geometry":{"type":"LineString","coordinates":[[8.20522,44.89166],[8.20526,44.89177],[8.20524,44.89188]]},"properties":{}},{"type":"Feature","geometry":{"type":"LineString","coordinates":[[8.20603,44.89177],[8.20524,44.89188]]},"properties":{}},{"type":"Feature","geometry":{"type":"LineString","coordinates":[[8.20526,44.91153],[8.20532,44.91162]]},"properties":{}},{"type":"Feature","geometry":{"type":"LineString","coordinates":[[8.20526,44.91153],[8.20547,44.91147]]},"properties":{}},{"type":"Feature","geometry":{"type":"LineString","coordinates":[[8.20532,44.91162],[8.20528,44.91168]]},"properties":{}},{"type":"Feature","geometry":{"type":"LineString","coordinates":[[8.20547,44.91147],[8.20541,44.91155],[8.20532,44.91162]]},"properties":{}},{"type":"Feature","geometry":{"type":"LineString","coordinates":[[8.20547,44.91147],[8.20563,44.9112],[8.20624,44.91041],[8.20642,44.91026],[8.2069,44.91003],[8.20696,44.90996],[8.20706,44.90975],[8.20729,44.90783],[8.20697,44.90726],[8.20695,44.90713],[8.207,44.9069],[8.20719,44.90653],[8.20754,44.90618],[8.20802,44.90587],[8.21099,44.90465]]},"properties":{}},{"type":"Feature","geometry":{"type":"LineString","coordinates":[[8.20566,44.86218],[8.20848,44.86549],[8.20877,44.86585],[8.20898,44.86625],[8.20913,44.86685],[8.20903,44.87163],[8.20917,44.87198],[8.20956,44.87236],[8.2097,44.87245],[8.20989,44.87252],[8.21223,44.87306],[8.21347,44.87354],[8.2152,44.87461],[8.21541,44.87487],[8.21548,44.87503],[8.21556,44.87531]]},"properties":{}},{"type":"Feature","geometry":{"type":"LineString","coordinates":[[8.20566,44.86218],[8.20549,44.86199],[8.20569,44.86193],[8.20582,44.8621],[8.20566,44.86218]]},"properties":{}},{"type":"Feature","geometry":{"type":"LineString","coordinates":[[8.20637,44.89176],[8.20603,44.89177]]},"properties":{}},{"type":"Feature","geometry":{"type":"LineString","coordinates":[[8.20656,44.89182],[8.20645,44.89182],[8.20637,44.89176]]},"properties":{}},{"type":"Feature","geometry":{"type":"LineString","coordinates":[[8.20637,44.89176],[8.20635,44.89172],[8.20637,44.89164],[8.20651,44.89158],[8.20665,44.89162],[8.20669,44.89167],[8.20669,44.89174]]},"properties":{}},{"type":"Feature","geometry":{"type":"LineString","coordinates":[[8.2065,44.90074],[8.20671,44.90075]]},"properties":{}},{"type":"Feature","geometry":{"type":"LineString","coordinates":[[8.20674,44.90082],[8.20654,44.90079],[8.2065,44.90074]]},"properties":{}},{"type":"Feature","geometry":{"type":"LineString","coordinates":[[8.2068,44.89183],[8.20656,44.89182]]},"properties":{}},{"type":"Feature","geometry":{"type":"LineString","coordinates":[[8.20669,44.89174],[8.20656,44.89182]]},"properties":{}},{"type":"Feature","geometry":{"type":"LineString","coordinates":[[8.20669,44.89174],[8.2068,44.89183]]},"properties":{}},{"type":"Feature","geometry":{"type":"LineString","coordinates":[[8.20674,44.90082],[8.20671,44.90075]]},"properties":{}},{"type":"Feature","geometry":{"type":"LineString","coordinates":[[8.20671,44.90075],[8.20679,44.90068],[8.2069,44.90069]]},"properties":{}},{"type":"Feature","geometry":{"type":"LineString","coordinates":[[8.20689,44.90081],[8.20682,44.90084],[8.20674,44.90082]]},"properties":{}},{"type":"Feature","geometry":{"type":"LineString","coordinates":[[8.2103,44.89224],[8.21009,44.89225],[8.2068,44.89183]]},"properties":{}},{"type":"Feature","geometry":{"type":"LineString","coordinates":[[8.20689,44.90081],[8.20697,44.90091],[8.20946,44.90183],[8.21359,44.90296]]},"properties":{}},{"type":"Feature","geometry":{"type":"LineString","coordinates":[[8.20693,44.90078],[8.20689,44.90081]]},"properties":{}},{"type":"Feature","geometry":{"type":"LineString","coordinates":[[8.2069,44.90069],[8.20712,44.90067]]},"properties":{}},{"type":"Feature","geometry":{"type":"LineString","coordinates":[[8.2069,44.90069],[8.20694,44.90074],[8.20693,44.90078]]},"properties":{}},{"type":"Feature","geometry":{"type":"LineString","coordinates":[[8.20712,44.90067],[8.20693,44.90078]]},"properties":{}},{"type":"Feature","geometry":{"type":"LineString","coordinates":[[8.20711,44.89588],[8.20728,44.8961]]},"properties":{}},{"type":"Feature","geometry":{"type":"LineString","coordinates":[[8.20711,44.89588],[8.20744,44.89582]]},"properties":{}},{"type":"Feature","geometry":{"type":"LineString","coordinates":[[8.2085,44.89983],[8.20712,44.90067]]},"properties":{}},{"type":"Feature","geometry":{"type":"LineString","coordinates":[[8.20743,44.8962],[8.20732,44.89617],[8.20728,44.8961]]},"properties":{}},{"type":"Feature","geometry":{"type":"LineString","coordinates":[[8.20728,44.8961],[8.20731,44.89604],[8.20738,44.896]]},"properties":{}},{"type":"Feature","geometry":{"type":"LineString","coordinates":[[8.20738,44.896],[8.20743,44.89591]]},"properties":{}},{"type":"Feature","geometry":{"type":"LineString","coordinates":[[8.20738,44.896],[8.20747,44.896],[8.20754,44.89604]]},"properties":{}},{"type":"Feature","geometry":{"type":"LineString","coordinates":[[8.20752,44.89641],[8.20743,44.8962]]},"properties":{}},{"type":"Feature","geometry":{"type":"LineString","coordinates":[[8.20756,44.8961],[8.20754,44.89616],[8.20743,44.8962]]},"properties":{}},{"type":"Feature","geometry":{"type":"LineString","coordinates":[[8.20771,44.89598],[8.20743,44.89591]]},"properties":{}},{"type":"Feature","geometry":{"type":"LineString","coordinates":[[8.20743,44.89591],[8.20744,44.89582]]},"properties":{}},{"type":"Feature","geometry":{"type":"LineString","coordinates":[[8.20744,44.89582],[8.20759,44.8954],[8.20793,44.89547]]},"properties":{}},{"type":"Feature","geometry":{"type":"LineString","coordinates":[[8.20786,44.89836],[8.20681,44.89771],[8.20679,44.89761],[8.20687,44.8974],[8.20752,44.89641]]},"properties":{}},{"type":"Feature","geometry":{"type":"LineString","coordinates":[[8.20752,44.89641],[8.20767,44.89625],[8.20791,44.89624]]},"properties":{}},{"type":"Feature","geometry":{"type":"LineString","coordinates":[[8.20754,44.89604],[8.20756,44.8961]]},"properties":{}},{"type":"Feature","geometry":{"type":"LineString","coordinates":[[8.20771,44.89598],[8.20754,44.89604]]},"properties":{}},{"type":"Feature","geometry":{"type":"LineString","coordinates":[[8.20756,44.8961],[8.20781,44.89617]]},"properties":{}},{"type":"Feature","geometry":{"type":"LineString","coordinates":[[8.20771,44.89598],[8.20781,44.89617]]},"properties":{}},{"type":"Feature","geometry":{"type":"LineString","coordinates":[[8.20793,44.89547],[8.20771,44.89598]]},"properties":{}},{"type":"Feature","geometry":{"type":"LineString","coordinates":[[8.20902,44.89599],[8.20771,44.89598]]},"properties":{}},{"type":"Feature","geometry":{"type":"LineString","coordinates":[[8.20781,44.89617],[8.20791,44.89624]]},"properties":{}},{"type":"Feature","geometry":{"type":"LineString","coordinates":[[8.20863,44.8986],[8.20821,44.89852],[8.20786,44.89836]]},"properties":{}},{"type":"Feature","geometry":{"type":"LineString","coordinates":[[8.20836,44.89881],[8.20786,44.89836]]},"properties":{}},{"type":"Feature","geometry":{"type":"LineString","coordinates":[[8.20791,44.89624],[8.2092,44.89646]]},"properties":{}},{"type":"Feature","geometry":{"type":"LineString","coordinates":[[8.20902,44.89599],[8.20897,44.89571],[8.20793,44.89547]]},"properties":{}},{"type":"Feature","geometry":{"type":"LineString","coordinates":[[8.20836,44.89881],[8.20858,44.89931]]},"properties":{}},{"type":"Feature","geometry":{"type":"LineString","coordinates":[[8.20863,44.8986],[8.20849,44.8986],[8.20841,44.89864],[8.20836,44.89873],[8.20836,44.89881]]},"properties":{}},{"type":"Feature","geometry":{"type":"LineString","coordinates":[[8.2085,44.89983],[8.20858,44.89969]]},"properties":{}},{"type":"Feature","geometry":{"type":"LineString","coordinates":[[8.20865,44.89971],[8.2085,44.89983]]},"properties":{}},{"type":"Feature","geometry":{"type":"LineString","coordinates":[[8.20858,44.89969],[8.20853,44.89962],[8.20858,44.89955]]},"properties":{}},{"type":"Feature","geometry":{"type":"LineString","coordinates":[[8.20858,44.89955],[8.20858,44.89931]]},"properties":{}},{"type":"Feature","geometry":{"type":"LineString","coordinates":[[8.20858,44.89955],[8.20873,44.89954]]},"properties":{}},{"type":"Feature","geometry":{"type":"LineString","coordinates":[[8.20865,44.89971],[8.20858,44.89969]]},"properties":{}},{"type":"Feature","geometry":{"type":"LineString","coordinates":[[8.20858,44.89931],[8.20873,44.89954]]},"properties":{}},{"type":"Feature","geometry":{"type":"LineString","coordinates":[[8.21023,44.89853],[8.21018,44.8986],[8.21004,44.8987],[8.20984,44.89874],[8.20863,44.8986]]},"properties":{}},{"type":"Feature","geometry":{"type":"LineString","coordinates":[[8.20872,44.8997],[8.20865,44.89971]]},"properties":{}},{"type":"Feature","geometry":{"type":"LineString","coordinates":[[8.20897,44.89974],[8.20872,44.8997]]},"properties":{}},{"type":"Feature","geometry":{"type":"LineString","coordinates":[[8.20879,44.89961],[8.20872,44.8997]]},"properties":{}},{"type":"Feature","geometry":{"type":"LineString","coordinates":[[8.20873,44.89954],[8.20879,44.89961]]},"properties":{}},{"type":"Feature","geometry":{"type":"LineString","coordinates":[[8.20879,44.89961],[8.20897,44.89974]]},"properties":{}},{"type":"Feature","geometry":{"type":"LineString","coordinates":[[8.20897,44.89974],[8.2107,44.90023]]},"properties":{}},{"type":"Feature","geometry":{"type":"LineString","coordinates":[[8.20952,44.89602],[8.20902,44.89599]]},"properties":{}},{"type":"Feature","geometry":{"type":"LineString","coordinates":[[8.2092,44.89646],[8.20949,44.89653]]},"properties":{}},{"type":"Feature","geometry":{"type":"LineString","coordinates":[[8.2092,44.89646],[8.20943,44.89636]]},"properties":{}},{"type":"Feature","geometry":{"type":"LineString","coordinates":[[8.20943,44.89636],[8.20949,44.89653]]},"properties":{}},{"type":"Feature","geometry":{"type":"LineString","coordinates":[[8.20952,44.89602],[8.20943,44.89636]]},"properties":{}},{"type":"Feature","geometry":{"type":"LineString","coordinates":[[8.20949,44.89653],[8.21091,44.89724]]},"properties":{}},{"type":"Feature","geometry":{"type":"LineString","coordinates":[[8.21091,44.89724],[8.21195,44.89694],[8.2118,44.89673],[8.21165,44.89659],[8.21118,44.8964],[8.20952,44.89602]]},"properties":{}},{"type":"Feature","geometry":{"type":"LineString","coordinates":[[8.21043,44.89232],[8.21016,44.89336],[8.20969,44.89544],[8.20952,44.89602]]},"properties":{}},{"type":"Feature","geometry":{"type":"LineString","coordinates":[[8.21043,44.89821],[8.21023,44.89853]]},"properties":{}},{"type":"Feature","geometry":{"type":"LineString","coordinates":[[8.21072,44.89854],[8.21039,44.89848],[8.21023,44.89853]]},"properties":{}},{"type":"Feature","geometry":{"type":"LineString","coordinates":[[8.21043,44.89232],[8.21035,44.8923],[8.2103,44.89224]]},"properties":{}},{"type":"Feature","geometry":{"type":"LineString","coordinates":[[8.2103,44.89224],[8.21032,44.89216],[8.21044,44.89212]]},"properties":{}},{"type":"Feature","geometry":{"type":"LineString","coordinates":[[8.21043,44.89821],[8.21042,44.89833],[8.21046,44.89837],[8.21072,44.89854]]},"properties":{}},{"type":"Feature","geometry":{"type":"LineString","coordinates":[[8.21091,44.89724],[8.21095,44.89745],[8.21043,44.89821]]},"properties":{}},{"type":"Feature","geometry":{"type":"LineString","coordinates":[[8.21057,44.89225],[8.21052,44.8923],[8.21043,44.89232]]},"properties":{}},{"type":"Feature","geometry":{"type":"LineString","coordinates":[[8.21044,44.89212],[8.21055,44.89216],[8.21057,44.89225]]},"properties":{}},{"type":"Feature","geometry":{"type":"LineString","coordinates":[[8.21168,44.88712],[8.21106,44.88971],[8.21044,44.89212]]},"properties":{}},{"type":"Feature","geometry":{"type":"LineString","coordinates":[[8.21057,44.89225],[8.21129,44.8924],[8.21327,44.89264]]},"properties":{}},{"type":"Feature","geometry":{"type":"LineString","coordinates":[[8.2107,44.90023],[8.21094,44.90025],[8.21416,44.90128]]},"properties":{}},{"type":"Feature","geometry":{"type":"LineString","coordinates":[[8.2141,44.90138],[8.2109,44.90034],[8.2107,44.90023]]},"properties":{}},{"type":"Feature","geometry":{"type":"LineString","coordinates":[[8.21072,44.89854],[8.21266,44.89925],[8.21518,44.90004]]},"properties":{}},{"type":"Feature","geometry":{"type":"LineString","coordinates":[[8.21105,44.90465],[8.21099,44.90465]]},"properties":{}},{"type":"Feature","geometry":{"type":"LineString","coordinates":[[8.21099,44.90465],[8.211,44.90462]]},"properties":{}},{"type":"Feature","geometry":{"type":"LineString","coordinates":[[8.211,44.90462],[8.21105,44.90465]]},"properties":{}},{"type":"Feature","geometry":{"type":"LineString","coordinates":[[8.21245,44.9053],[8.21133,44.90475],[8.21105,44.90465]]},"properties":{}},{"type":"Feature","geometry":{"type":"LineString","coordinates":[[8.2116,44.88696],[8.2115,44.88692],[8.21147,44.88685],[8.2115,44.88679],[8.21158,44.88675]]},"properties":{}},{"type":"Feature","geometry":{"type":"LineString","coordinates":[[8.21158,44.88675],[8.21171,44.88668],[8.21183,44.8865]]},"properties":{}},{"type":"Feature","geometry":{"type":"LineString","coordinates":[[8.21158,44.88675],[8.21171,44.88676],[8.21177,44.88684]]},"properties":{}},{"type":"Feature","geometry":{"type":"LineString","coordinates":[[8.21168,44.88712],[8.21167,44.88704],[8.2116,44.88696]]},"properties":{}},{"type":"Feature","geometry":{"type":"LineString","coordinates":[[8.21176,44.8869],[8.21169,44.88695],[8.2116,44.88696]]},"properties":{}},{"type":"Feature","geometry":{"type":"LineString","coordinates":[[8.21176,44.8869],[8.21175,44.88702],[8.21168,44.88712]]},"properties":{}},{"type":"Feature","geometry":{"type":"LineString","coordinates":[[8.21177,44.88684],[8.21176,44.8869]]},"properties":{}},{"type":"Feature","geometry":{"type":"LineString","coordinates":[[8.21183,44.8865],[8.21177,44.88684]]},"properties":{}},{"type":"Feature","geometry":{"type":"LineString","coordinates":[[8.21196,44.88596],[8.21183,44.8865]]},"properties":{}},{"type":"Feature","geometry":{"type":"LineString","coordinates":[[8.21196,44.88596],[8.21198,44.88578],[8.21209,44.88561]]},"properties":{}},{"type":"Feature","geometry":{"type":"LineString","coordinates":[[8.21209,44.88561],[8.21212,44.88568],[8.21224,44.88576],[8.21225,44.88582],[8.21219,44.88588],[8.21204,44.88591],[8.21196,44.88596]]},"properties":{}},{"type":"Feature","geometry":{"type":"LineString","coordinates":[[8.21256,44.88358],[8.21209,44.88561]]},"properties":{}},{"type":"Feature","geometry":{"type":"LineString","coordinates":[[8.2126,44.90537],[8.21248,44.90539],[8.21245,44.90536],[8.21245,44.9053]]},"properties":{}},{"type":"Feature","geometry":{"type":"LineString","coordinates":[[8.21245,44.9053],[8.2125,44.90527],[8.21259,44.90528]]},"properties":{}},{"type":"Feature","geometry":{"type":"LineString","coordinates":[[8.21485,44.87714],[8.21293,44.88224],[8.21256,44.88358]]},"properties":{}},{"type":"Feature","geometry":{"type":"LineString","coordinates":[[8.21256,44.88358],[8.21279,44.88354],[8.21336,44.88354],[8.21408,44.88347],[8.21503,44.88357]]},"properties":{}},{"type":"Feature","geometry":{"type":"LineString","coordinates":[[8.21259,44.90528],[8.21262,44.90532],[8.2126,44.90537]]},"properties":{}},{"type":"Feature","geometry":{"type":"LineString","coordinates":[[8.21259,44.90528],[8.21362,44.90385],[8.21398,44.90331]]},"properties":{}},{"type":"Feature","geometry":{"type":"LineString","coordinates":[[8.21927,44.90924],[8.2177,44.90804],[8.21656,44.90728],[8.2126,44.90537]]},"properties":{}},{"type":"Feature","geometry":{"type":"LineString","coordinates":[[8.21327,44.89264],[8.2159,44.89296]]},"properties":{}},{"type":"Feature","geometry":{"type":"LineString","coordinates":[[8.21327,44.89264],[8.21302,44.89357],[8.21309,44.8936],[8.21304,44.89382],[8.21563,44.89414]]},"properties":{}},{"type":"Feature","geometry":{"type":"LineString","coordinates":[[8.21386,44.90315],[8.21363,44.90308],[8.21359,44.90302],[8.21359,44.90296]]},"properties":{}},{"type":"Feature","geometry":{"type":"LineString","coordinates":[[8.21359,44.90296],[8.21389,44.90268]]},"properties":{}},{"type":"Feature","geometry":{"type":"LineString","coordinates":[[8.214,44.90315],[8.21386,44.90315]]},"properties":{}},{"type":"Feature","geometry":{"type":"LineString","coordinates":[[8.21398,44.90331],[8.21386,44.90315]]},"properties":{}},{"type":"Feature","geometry":{"type":"LineString","coordinates":[[8.21389,44.90268],[8.21389,44.90288],[8.21405,44.90297]]},"properties":{}},{"type":"Feature","geometry":{"type":"LineString","coordinates":[[8.21389,44.90268],[8.21434,44.90172]]},"properties":{}},{"type":"Feature","geometry":{"type":"LineString","coordinates":[[8.214,44.90315],[8.21403,44.90325],[8.21398,44.90331]]},"properties":{}},{"type":"Feature","geometry":{"type":"LineString","coordinates":[[8.21404,44.90312],[8.214,44.90315]]},"properties":{}},{"type":"Feature","geometry":{"type":"LineString","coordinates":[[8.21463,44.90321],[8.21449,44.90322],[8.21404,44.90312]]},"properties":{}},{"type":"Feature","geometry":{"type":"LineString","coordinates":[[8.21407,44.90304],[8.21404,44.90312]]},"properties":{}},{"type":"Feature","geometry":{"type":"LineString","coordinates":[[8.21405,44.90297],[8.21407,44.90304]]},"properties":{}},{"type":"Feature","geometry":{"type":"LineString","coordinates":[[8.21519,44.90155],[8.21435,44.90256],[8.21412,44.90291],[8.21405,44.90297]]},"properties":{}},{"type":"Feature","geometry":{"type":"LineString","coordinates":[[8.21407,44.90304],[8.21448,44.90313],[8.21463,44.90321]]},"properties":{}},{"type":"Feature","geometry":{"type":"LineString","coordinates":[[8.21434,44.90172],[8.21423,44.90168],[8.21412,44.90157],[8.2141,44.90138]]},"properties":{}},{"type":"Feature","geometry":{"type":"LineString","coordinates":[[8.2141,44.90138],[8.21416,44.90128]]},"properties":{}},{"type":"Feature","geometry":{"type":"LineString","coordinates":[[8.21416,44.90128],[8.21434,44.90117],[8.21462,44.90117]]},"properties":{}},{"type":"Feature","geometry":{"type":"LineString","coordinates":[[8.21462,44.90117],[8.21434,44.90172]]},"properties":{}},{"type":"Feature","geometry":{"type":"LineString","coordinates":[[8.21518,44.90004],[8.21462,44.90117]]},"properties":{}},{"type":"Feature","geometry":{"type":"LineString","coordinates":[[8.21463,44.90321],[8.21675,44.90376]]},"properties":{}},{"type":"Feature","geometry":{"type":"LineString","coordinates":[[8.21549,44.87549],[8.21485,44.87714]]},"properties":{}},{"type":"Feature","geometry":{"type":"LineString","coordinates":[[8.21503,44.88357],[8.21523,44.88356],[8.21589,44.88345],[8.21677,44.88337],[8.21778,44.88301],[8.21913,44.88264],[8.22001,44.88236],[8.22036,44.88231],[8.22247,44.88223],[8.22256,44.88224],[8.22264,44.88233],[8.22264,44.88302],[8.22274,44.8841],[8.22272,44.88425],[8.22266,44.88438],[8.22245,44.88456],[8.22219,44.88485],[8.22206,44.88502],[8.22204,44.88517],[8.2215,44.88523],[8.22112,44.88523],[8.21986,44.88502],[8.21917,44.8847],[8.21854,44.88446],[8.21806,44.88433],[8.21554,44.88391],[8.21535,44.88384],[8.21503,44.88357]]},"properties":{}},{"type":"Feature","geometry":{"type":"LineString","coordinates":[[8.21512,44.91211],[8.21593,44.91225],[8.21607,44.91316],[8.21615,44.91325],[8.21657,44.91347],[8.217,44.91391]]},"properties":{}},{"type":"Feature","geometry":{"type":"LineString","coordinates":[[8.21518,44.90004],[8.21545,44.90012],[8.21559,44.90025],[8.21574,44.90049],[8.21576,44.90062],[8.21573,44.90083],[8.21519,44.90155]]},"properties":{}},{"type":"Feature","geometry":{"type":"LineString","coordinates":[[8.21519,44.90155],[8.21782,44.90247]]},"properties":{}},{"type":"Feature","geometry":{"type":"LineString","coordinates":[[8.21549,44.87549],[8.2157,44.87558],[8.21598,44.87561],[8.21607,44.87558],[8.21623,44.87545],[8.21623,44.87532]]},"properties":{}},{"type":"Feature","geometry":{"type":"LineString","coordinates":[[8.21556,44.87531],[8.21549,44.87549]]},"properties":{}},{"type":"Feature","geometry":{"type":"LineString","coordinates":[[8.21556,44.87531],[8.21561,44.87524],[8.21574,44.87516],[8.2159,44.87514],[8.21607,44.87516]]},"properties":{}},{"type":"Feature","geometry":{"type":"LineString","coordinates":[[8.2159,44.89296],[8.22155,44.89364],[8.22143,44.89391],[8.22102,44.89431],[8.2188,44.89539],[8.21854,44.89549],[8.21841,44.89535],[8.21859,44.89451],[8.21563,44.89414]]},"properties":{}},{"type":"Feature","geometry":{"type":"LineString","coordinates":[[8.21563,44.89414],[8.21586,44.89306],[8.2159,44.89296]]},"properties":{}},{"type":"Feature","geometry":{"type":"LineString","coordinates":[[8.21607,44.87516],[8.21649,44.87522],[8.21705,44.87524]]},"properties":{}},{"type":"Feature","geometry":{"type":"LineString","coordinates":[[8.21607,44.87516],[8.21623,44.87532]]},"properties":{}},{"type":"Feature","geometry":{"type":"LineString","coordinates":[[8.21705,44.87524],[8.21651,44.87533],[8.21623,44.87532]]},"properties":{}},{"type":"Feature","geometry":{"type":"LineString","coordinates":[[8.21675,44.90376],[8.21706,44.90381]]},"properties":{}},{"type":"Feature","geometry":{"type":"LineString","coordinates":[[8.21735,44.90391],[8.21723,44.90392],[8.21685,44.90382],[8.21675,44.90376]]},"properties":{}},{"type":"Feature","geometry":{"type":"LineString","coordinates":[[8.217,44.91391],[8.21712,44.91404]]},"properties":{}},{"type":"Feature","geometry":{"type":"LineString","coordinates":[[8.217,44.91391],[8.21679,44.91401],[8.2168,44.91409],[8.21687,44.91414],[8.21712,44.91404]]},"properties":{}},{"type":"Feature","geometry":{"type":"LineString","coordinates":[[8.21705,44.87524],[8.2177,44.87517],[8.21828,44.87521],[8.22723,44.87622],[8.22797,44.87635]]},"properties":{}},{"type":"Feature","geometry":{"type":"LineString","coordinates":[[8.21706,44.90381],[8.21731,44.90387],[8.21735,44.90391]]},"properties":{}},{"type":"Feature","geometry":{"type":"LineString","coordinates":[[8.21782,44.90247],[8.21736,44.90328],[8.21734,44.90338],[8.21726,44.90345],[8.21706,44.90381]]},"properties":{}},{"type":"Feature","geometry":{"type":"LineString","coordinates":[[8.21712,44.91404],[8.21778,44.91385],[8.21857,44.91391],[8.21882,44.91403],[8.21903,44.91425],[8.21917,44.91472]]},"properties":{}},{"type":"Feature","geometry":{"type":"LineString","coordinates":[[8.21735,44.90391],[8.21864,44.90427]]},"properties":{}},{"type":"Feature","geometry":{"type":"LineString","coordinates":[[8.22111,44.89736],[8.22034,44.89716],[8.22011,44.89714],[8.21996,44.8972],[8.2197,44.89777],[8.2198,44.89781],[8.21988,44.8979],[8.2199,44.89819],[8.21868,44.90128],[8.21782,44.90247]]},"properties":{}},{"type":"Feature","geometry":{"type":"LineString","coordinates":[[8.21873,44.90435],[8.21864,44.90433],[8.21864,44.90427]]},"properties":{}},{"type":"Feature","geometry":{"type":"LineString","coordinates":[[8.21864,44.90427],[8.21873,44.90425],[8.21879,44.90429]]},"properties":{}},{"type":"Feature","geometry":{"type":"LineString","coordinates":[[8.21873,44.90435],[8.21873,44.90453],[8.21882,44.90535],[8.21931,44.90847],[8.21997,44.90848],[8.21998,44.90884],[8.22013,44.90906],[8.22036,44.90921],[8.22147,44.90966],[8.22309,44.91039],[8.22495,44.91058],[8.22517,44.91056],[8.22536,44.91049],[8.22551,44.91038],[8.22563,44.91024],[8.2264,44.90901],[8.22642,44.9089],[8.22637,44.90874],[8.22626,44.90864],[8.22531,44.90809],[8.22388,44.90764],[8.2237,44.90766],[8.22347,44.90775],[8.22305,44.90778]]},"properties":{}},{"type":"Feature","geometry":{"type":"LineString","coordinates":[[8.21879,44.90429],[8.21873,44.90435]]},"properties":{}},{"type":"Feature","geometry":{"type":"LineString","coordinates":[[8.22305,44.90541],[8.22179,44.9051],[8.22043,44.90471],[8.21879,44.90429]]},"properties":{}},{"type":"Feature","geometry":{"type":"LineString","coordinates":[[8.21906,44.91912],[8.21936,44.91922]]},"properties":{}},{"type":"Feature","geometry":{"type":"LineString","coordinates":[[8.21936,44.91922],[8.21897,44.91927],[8.21906,44.91912]]},"properties":{}},{"type":"Feature","geometry":{"type":"LineString","coordinates":[[8.21906,44.91912],[8.21953,44.9182],[8.22003,44.91688],[8.22012,44.91661],[8.2203,44.91563],[8.22041,44.91531]]},"properties":{}},{"type":"Feature","geometry":{"type":"LineString","coordinates":[[8.21917,44.91472],[8.21919,44.91485]]},"properties":{}},{"type":"Feature","geometry":{"type":"LineString","coordinates":[[8.21917,44.91472],[8.22131,44.91455]]},"properties":{}},{"type":"Feature","geometry":{"type":"LineString","coordinates":[[8.21919,44.91485],[8.21924,44.91505],[8.21936,44.91515],[8.21955,44.91522],[8.22013,44.91518],[8.22033,44.91521]]},"properties":{}},{"type":"Feature","geometry":{"type":"LineString","coordinates":[[8.22139,44.91466],[8.21919,44.91485]]},"properties":{}},{"type":"Feature","geometry":{"type":"LineString","coordinates":[[8.21938,44.90933],[8.2193,44.90931],[8.21927,44.90924]]},"properties":{}},{"type":"Feature","geometry":{"type":"LineString","coordinates":[[8.21927,44.90924],[8.21937,44.90918],[8.21947,44.90921],[8.21947,44.90929],[8.21938,44.90933]]},"properties":{}},{"type":"Feature","geometry":{"type":"LineString","coordinates":[[8.22212,44.91553],[8.22333,44.91706],[8.22287,44.91728],[8.22171,44.91813],[8.22149,44.91836],[8.22119,44.91884],[8.22109,44.91891],[8.2206,44.91906],[8.21995,44.91919],[8.21936,44.91922]]},"properties":{}},{"type":"Feature","geometry":{"type":"LineString","coordinates":[[8.21938,44.90933],[8.21985,44.91232],[8.21997,44.91267]]},"properties":{}},{"type":"Feature","geometry":{"type":"LineString","coordinates":[[8.21997,44.91267],[8.22022,44.91279]]},"properties":{}},{"type":"Feature","geometry":{"type":"LineString","coordinates":[[8.22013,44.91286],[8.21998,44.91273],[8.21997,44.91267]]},"properties":{}},{"type":"Feature","geometry":{"type":"LineString","coordinates":[[8.22018,44.91295],[8.22013,44.91286]]},"properties":{}},{"type":"Feature","geometry":{"type":"LineString","coordinates":[[8.22013,44.91286],[8.22022,44.91279]]},"properties":{}},{"type":"Feature","geometry":{"type":"LineString","coordinates":[[8.22032,44.91295],[8.22018,44.91295]]},"properties":{}},{"type":"Feature","geometry":{"type":"LineString","coordinates":[[8.22023,44.91313],[8.22018,44.91295]]},"properties":{}},{"type":"Feature","geometry":{"type":"LineString","coordinates":[[8.22022,44.91279],[8.22032,44.9128],[8.22037,44.91284],[8.22038,44.91289],[8.22032,44.91295]]},"properties":{}},{"type":"Feature","geometry":{"type":"LineString","coordinates":[[8.22023,44.91313],[8.22026,44.9132],[8.22131,44.91455]]},"properties":{}},{"type":"Feature","geometry":{"type":"LineString","coordinates":[[8.22032,44.91295],[8.22023,44.91313]]},"properties":{}},{"type":"Feature","geometry":{"type":"LineString","coordinates":[[8.22041,44.91531],[8.22033,44.91526],[8.22033,44.91521]]},"properties":{}},{"type":"Feature","geometry":{"type":"LineString","coordinates":[[8.22033,44.91521],[8.22043,44.91516],[8.22052,44.91519],[8.22052,44.91528],[8.22041,44.91531]]},"properties":{}},{"type":"Feature","geometry":{"type":"LineString","coordinates":[[8.22197,44.89715],[8.22333,44.89689],[8.22418,44.89447],[8.22966,44.89523],[8.22977,44.89543],[8.22985,44.89579],[8.2299,44.89681],[8.22979,44.89721],[8.22905,44.89821],[8.22728,44.8982],[8.22661,44.89829],[8.2253,44.89861],[8.22497,44.89855],[8.2224,44.89793],[8.22163,44.89753],[8.22111,44.89736]]},"properties":{}},{"type":"Feature","geometry":{"type":"LineString","coordinates":[[8.22111,44.89736],[8.2218,44.89719]]},"properties":{}},{"type":"Feature","geometry":{"type":"LineString","coordinates":[[8.22131,44.91455],[8.22139,44.91466]]},"properties":{}},{"type":"Feature","geometry":{"type":"LineString","coordinates":[[8.22131,44.91455],[8.22439,44.91423],[8.22653,44.91395],[8.22829,44.91368],[8.22977,44.9134],[8.23421,44.91239],[8.2378,44.91144],[8.24013,44.91087],[8.24141,44.91058],[8.24392,44.91007],[8.24489,44.90991]]},"properties":{}},{"type":"Feature","geometry":{"type":"LineString","coordinates":[[8.22139,44.91466],[8.22159,44.91494]]},"properties":{}},{"type":"Feature","geometry":{"type":"LineString","coordinates":[[8.24492,44.91],[8.24301,44.91034],[8.24016,44.91095],[8.23257,44.91289],[8.22981,44.91351],[8.22833,44.91379],[8.22657,44.91406],[8.22441,44.91435],[8.22139,44.91466]]},"properties":{}},{"type":"Feature","geometry":{"type":"LineString","coordinates":[[8.22159,44.91494],[8.22187,44.91503]]},"properties":{}},{"type":"Feature","geometry":{"type":"LineString","coordinates":[[8.22178,44.91512],[8.22167,44.91505],[8.22159,44.91494]]},"properties":{}},{"type":"Feature","geometry":{"type":"LineString","coordinates":[[8.22196,44.9153],[8.22182,44.91523],[8.22178,44.91512]]},"properties":{}},{"type":"Feature","geometry":{"type":"LineString","coordinates":[[8.22178,44.91512],[8.22187,44.91503]]},"properties":{}},{"type":"Feature","geometry":{"type":"LineString","coordinates":[[8.22197,44.89715],[8.22196,44.89719],[8.2219,44.89723],[8.2218,44.89719]]},"properties":{}},{"type":"Feature","geometry":{"type":"LineString","coordinates":[[8.2218,44.89719],[8.2218,44.89715],[8.22185,44.89711],[8.22193,44.89712],[8.22197,44.89715]]},"properties":{}},{"type":"Feature","geometry":{"type":"LineString","coordinates":[[8.22187,44.91503],[8.22204,44.915],[8.22217,44.91507],[8.2222,44.91517],[8.22214,44.91525]]},"properties":{}},{"type":"Feature","geometry":{"type":"LineString","coordinates":[[8.22214,44.91525],[8.22196,44.9153]]},"properties":{}},{"type":"Feature","geometry":{"type":"LineString","coordinates":[[8.22212,44.91553],[8.22196,44.9153]]},"properties":{}},{"type":"Feature","geometry":{"type":"LineString","coordinates":[[8.22214,44.91525],[8.22212,44.91553]]},"properties":{}},{"type":"Feature","geometry":{"type":"LineString","coordinates":[[8.22287,44.89963],[8.22288,44.89969],[8.22286,44.89974],[8.22279,44.89977],[8.22268,44.89977]]},"properties":{}},{"type":"Feature","geometry":{"type":"LineString","coordinates":[[8.225,44.90462],[8.22118,44.90398],[8.22211,44.90123],[8.22268,44.89977]]},"properties":{}},{"type":"Feature","geometry":{"type":"LineString","coordinates":[[8.22268,44.89977],[8.22261,44.8997],[8.22264,44.89962],[8.22276,44.89958],[8.22287,44.89963]]},"properties":{}},{"type":"Feature","geometry":{"type":"LineString","coordinates":[[8.22287,44.89963],[8.22648,44.90032]]},"properties":{}},{"type":"Feature","geometry":{"type":"LineString","coordinates":[[8.22297,44.90729],[8.22307,44.90736],[8.22303,44.90745],[8.22305,44.90752],[8.22305,44.90778]]},"properties":{}},{"type":"Feature","geometry":{"type":"LineString","coordinates":[[8.22305,44.90778],[8.22283,44.90777],[8.22283,44.90752],[8.22285,44.90745],[8.2228,44.90736],[8.22287,44.9073],[8.22297,44.90729]]},"properties":{}},{"type":"Feature","geometry":{"type":"LineString","coordinates":[[8.22322,44.90563],[8.22305,44.90644],[8.22297,44.90729]]},"properties":{}},{"type":"Feature","geometry":{"type":"LineString","coordinates":[[8.22305,44.90541],[8.22322,44.90544]]},"properties":{}},{"type":"Feature","geometry":{"type":"LineString","coordinates":[[8.22317,44.9055],[8.22305,44.90541]]},"properties":{}},{"type":"Feature","geometry":{"type":"LineString","coordinates":[[8.2232,44.90553],[8.22317,44.9055]]},"properties":{}},{"type":"Feature","geometry":{"type":"LineString","coordinates":[[8.22317,44.9055],[8.22322,44.90544]]},"properties":{}},{"type":"Feature","geometry":{"type":"LineString","coordinates":[[8.22329,44.90555],[8.2232,44.90553]]},"properties":{}},{"type":"Feature","geometry":{"type":"LineString","coordinates":[[8.22322,44.90563],[8.2232,44.90553]]},"properties":{}},{"type":"Feature","geometry":{"type":"LineString","coordinates":[[8.22322,44.90544],[8.22333,44.90547]]},"properties":{}},{"type":"Feature","geometry":{"type":"LineString","coordinates":[[8.22329,44.90555],[8.22322,44.90563]]},"properties":{}},{"type":"Feature","geometry":{"type":"LineString","coordinates":[[8.22333,44.90552],[8.22329,44.90555]]},"properties":{}},{"type":"Feature","geometry":{"type":"LineString","coordinates":[[8.22333,44.90547],[8.22333,44.90552]]},"properties":{}},{"type":"Feature","geometry":{"type":"LineString","coordinates":[[8.22345,44.90549],[8.22333,44.90552]]},"properties":{}},{"type":"Feature","geometry":{"type":"LineString","coordinates":[[8.22333,44.90547],[8.22345,44.90549]]},"properties":{}},{"type":"Feature","geometry":{"type":"LineString","coordinates":[[8.22474,44.90557],[8.22345,44.90549]]},"properties":{}},{"type":"Feature","geometry":{"type":"LineString","coordinates":[[8.22984,44.9057],[8.22657,44.90559],[8.22474,44.90557]]},"properties":{}},{"type":"Feature","geometry":{"type":"LineString","coordinates":[[8.22474,44.90557],[8.22506,44.9047]]},"properties":{}},{"type":"Feature","geometry":{"type":"LineString","coordinates":[[8.22506,44.9047],[8.225,44.90462]]},"properties":{}},{"type":"Feature","geometry":{"type":"LineString","coordinates":[[8.225,44.90462],[8.22503,44.90457],[8.22509,44.90454],[8.2252,44.90457]]},"properties":{}},{"type":"Feature","geometry":{"type":"LineString","coordinates":[[8.22523,44.90463],[8.22517,44.9047],[8.22506,44.9047]]},"properties":{}},{"type":"Feature","geometry":{"type":"LineString","coordinates":[[8.2252,44.90457],[8.22523,44.90463]]},"properties":{}},{"type":"Feature","geometry":{"type":"LineString","coordinates":[[8.22655,44.90044],[8.22642,44.90092],[8.2252,44.90457]]},"properties":{}},{"type":"Feature","geometry":{"type":"LineString","coordinates":[[8.23005,44.90557],[8.22967,44.90543],[8.22741,44.90505],[8.22523,44.90463]]},"properties":{}},{"type":"Feature","geometry":{"type":"LineString","coordinates":[[8.22655,44.90044],[8.22646,44.9004],[8.22648,44.90032]]},"properties":{}},{"type":"Feature","geometry":{"type":"LineString","coordinates":[[8.22648,44.90032],[8.22657,44.9003],[8.22664,44.90035],[8.22663,44.90041],[8.22655,44.90044]]},"properties":{}},{"type":"Feature","geometry":{"type":"LineString","coordinates":[[8.22797,44.87635],[8.22861,44.87653],[8.22949,44.87684],[8.22969,44.87647],[8.22965,44.87639],[8.22889,44.87616],[8.22861,44.87617],[8.2283,44.87624],[8.22797,44.87635]]},"properties":{}},{"type":"Feature","geometry":{"type":"LineString","coordinates":[[8.23026,44.90572],[8.23018,44.90584],[8.23,44.90587],[8.22988,44.90581],[8.22984,44.9057]]},"properties":{}},{"type":"Feature","geometry":{"type":"LineString","coordinates":[[8.22984,44.9057],[8.22989,44.90562],[8.23005,44.90557]]},"properties":{}},{"type":"Feature","geometry":{"type":"LineString","coordinates":[[8.23005,44.90557],[8.23017,44.9056],[8.23026,44.90572]]},"properties":{}},{"type":"Feature","geometry":{"type":"LineString","coordinates":[[8.23026,44.90572],[8.23134,44.90576]]},"properties":{}},{"type":"Feature","geometry":{"type":"LineString","coordinates":[[8.23177,44.90578],[8.23171,44.90588],[8.23152,44.90593],[8.2314,44.90588],[8.23134,44.90576]]},"properties":{}},{"type":"Feature","geometry":{"type":"LineString","coordinates":[[8.23134,44.90576],[8.2314,44.90567],[8.23146,44.90564],[8.2316,44.90562],[8.2317,44.90566],[8.23177,44.90578]]},"properties":{}},{"type":"Feature","geometry":{"type":"LineString","coordinates":[[8.23391,44.90582],[8.23228,44.90577],[8.23177,44.90578]]},"properties":{}},{"type":"Feature","geometry":{"type":"LineString","coordinates":[[8.23564,44.90586],[8.2353,44.90588],[8.23472,44.90606],[8.23461,44.90605],[8.23417,44.90585],[8.23391,44.90582]]},"properties":{}},{"type":"Feature","geometry":{"type":"LineString","coordinates":[[8.23391,44.90582],[8.23473,44.90578],[8.23498,44.90583],[8.23564,44.90586]]},"properties":{}},{"type":"Feature","geometry":{"type":"LineString","coordinates":[[8.23564,44.90586],[8.23912,44.90597]]},"properties":{}},{"type":"Feature","geometry":{"type":"LineString","coordinates":[[8.23931,44.90598],[8.23929,44.90602],[8.23921,44.90605],[8.23913,44.90601],[8.23912,44.90597]]},"properties":{}},{"type":"Feature","geometry":{"type":"LineString","coordinates":[[8.23912,44.90597],[8.23918,44.90592],[8.23923,44.90592],[8.23931,44.90598]]},"properties":{}},{"type":"Feature","geometry":{"type":"LineString","coordinates":[[8.23931,44.90598],[8.25106,44.90634]]},"properties":{}},{"type":"Feature","geometry":{"type":"LineString","coordinates":[[8.24489,44.90991],[8.24492,44.91]]},"properties":{}},{"type":"Feature","geometry":{"type":"LineString","coordinates":[[8.24489,44.90991],[8.24477,44.90952],[8.24477,44.90934],[8.2448,44.90913],[8.24488,44.90893],[8.24519,44.90855],[8.24541,44.90839],[8.24585,44.90818],[8.24656,44.90801],[8.24698,44.90786],[8.24753,44.90758],[8.24813,44.90747],[8.24879,44.90747],[8.2499,44.90761],[8.25306,44.90776],[8.25335,44.90776],[8.25356,44.90773],[8.25395,44.90755],[8.2541,44.90743],[8.2542,44.90729],[8.25432,44.90693],[8.25432,44.9067],[8.25418,44.90654],[8.25381,44.90641]]},"properties":{}},{"type":"Feature","geometry":{"type":"LineString","coordinates":[[8.24489,44.90991],[8.24764,44.90946]]},"properties":{}},{"type":"Feature","geometry":{"type":"LineString","coordinates":[[8.24492,44.91],[8.24517,44.91071],[8.24542,44.911],[8.24584,44.9112],[8.24632,44.91125],[8.24673,44.91115],[8.24693,44.91103],[8.24715,44.91081],[8.24745,44.91026],[8.24763,44.91002],[8.24801,44.90973],[8.24837,44.90955],[8.24863,44.90948],[8.25086,44.90922],[8.25157,44.90911]]},"properties":{}},{"type":"Feature","geometry":{"type":"LineString","coordinates":[[8.25157,44.90911],[8.24766,44.90955],[8.24492,44.91]]},"properties":{}},{"type":"Feature","geometry":{"type":"LineString","coordinates":[[8.25381,44.90641],[8.25404,44.90637],[8.2542,44.90631],[8.25435,44.90616],[8.25464,44.90608],[8.25488,44.90612],[8.255,44.90618],[8.25515,44.90635],[8.25515,44.90653],[8.25506,44.90666],[8.25497,44.90672],[8.25488,44.90725],[8.25482,44.90739],[8.25457,44.90766],[8.2544,44.90776],[8.25417,44.90784],[8.25393,44.90788],[8.25304,44.90788],[8.25232,44.90782],[8.24954,44.90769],[8.24691,44.90804],[8.24634,44.90819],[8.24598,44.90828],[8.24577,44.90837],[8.24558,44.90851],[8.24542,44.90878],[8.24541,44.90894],[8.24545,44.90909],[8.24556,44.90928],[8.2457,44.9094],[8.24603,44.90955],[8.24633,44.9096],[8.24764,44.90946]]},"properties":{}},{"type":"Feature","geometry":{"type":"LineString","coordinates":[[8.24764,44.90946],[8.25675,44.90843],[8.25751,44.90837],[8.25943,44.90828],[8.26181,44.9082],[8.26483,44.90824],[8.26997,44.90837],[8.27738,44.90859],[8.27917,44.90871],[8.28119,44.90898],[8.28345,44.90937],[8.28722,44.9102],[8.28817,44.91034],[8.28966,44.91053],[8.29132,44.91065],[8.29305,44.91071],[8.29427,44.91072],[8.29539,44.91067],[8.29787,44.91038],[8.30333,44.90956],[8.30615,44.90923],[8.30753,44.90911],[8.3137,44.90871],[8.31639,44.90859],[8.31772,44.90863],[8.3187,44.9087],[8.32097,44.90899],[8.32378,44.90951],[8.32566,44.90981],[8.32712,44.90993],[8.32907,44.90983],[8.33042,44.9096],[8.33181,44.90923],[8.3329,44.90878],[8.33622,44.90716],[8.33779,44.90651],[8.34001,44.90573],[8.34253,44.90505],[8.34565,44.90441],[8.34851,44.90406],[8.35075,44.90393],[8.35329,44.90392],[8.37053,44.90442],[8.37429,44.90456],[8.3775,44.90477],[8.38121,44.90512],[8.39596,44.90729],[8.39859,44.90775],[8.40122,44.90826],[8.41576,44.91122],[8.4239,44.91291],[8.43044,44.91417],[8.4386,44.91585],[8.44317,44.91673],[8.45468,44.91854],[8.46474,44.92004],[8.4709,44.92083],[8.4852,44.92277],[8.48871,44.92327],[8.49285,44.92395],[8.5,44.92519]]},"properties":{}},{"type":"Feature","geometry":{"type":"LineString","coordinates":[[8.25106,44.90634],[8.25165,44.90635]]},"properties":{}},{"type":"Feature","geometry":{"type":"LineString","coordinates":[[8.25165,44.90635],[8.25165,44.90682],[8.25106,44.90681],[8.25098,44.90675],[8.25097,44.90657],[8.25097,44.90653],[8.25106,44.90645],[8.25106,44.90634]]},"properties":{}},{"type":"Feature","geometry":{"type":"LineString","coordinates":[[8.5,44.92528],[8.4928,44.92403],[8.48866,44.92335],[8.48692,44.92309],[8.47084,44.92091],[8.46471,44.92016],[8.45872,44.91922],[8.45465,44.91869],[8.4431,44.91687],[8.43851,44.91599],[8.43042,44.9143],[8.42386,44.91302],[8.41568,44.91132],[8.40766,44.90972],[8.40113,44.90835],[8.39854,44.90784],[8.39592,44.90737],[8.3915,44.90677],[8.38172,44.90529],[8.38121,44.90522],[8.3775,44.90492],[8.37052,44.90452],[8.3533,44.90404],[8.35073,44.90406],[8.34849,44.90418],[8.34565,44.90455],[8.34257,44.90517],[8.34006,44.90584],[8.33785,44.9066],[8.33628,44.90725],[8.33297,44.90888],[8.33185,44.90935],[8.33048,44.90975],[8.32908,44.90999],[8.32714,44.91006],[8.32566,44.90995],[8.32375,44.90967],[8.32096,44.90908],[8.31867,44.90879],[8.3177,44.90872],[8.31639,44.90869],[8.31504,44.90873],[8.30755,44.9092],[8.30335,44.90968],[8.29789,44.9105],[8.2954,44.91078],[8.29427,44.9108],[8.29302,44.9108],[8.29131,44.91073],[8.28965,44.91062],[8.28815,44.91045],[8.28614,44.9101],[8.28339,44.90948],[8.28114,44.9091],[8.27913,44.90885],[8.27735,44.90871],[8.26995,44.90847],[8.26482,44.90834],[8.26179,44.90831],[8.25752,44.90846],[8.25387,44.90883],[8.25157,44.90911]]},"properties":{}},{"type":"Feature","geometry":{"type":"LineString","coordinates":[[8.25165,44.90635],[8.25381,44.90641]]},"properties":{}},{"type":"Feature","geometry":{"type":"LineString","coordinates":[[8.47722,44.67304],[8.4772,44.67311],[8.47712,44.67314],[8.477,44.6731],[8.477,44.67301],[8.47694,44.67299],[8.47435,44.67295],[8.47437,44.6728],[8.47442,44.67276],[8.4759,44.67273],[8.47632,44.67267],[8.47661,44.67267],[8.47697,44.67274],[8.47714,44.67289],[8.47714,44.67297],[8.47722,44.67304]]},"properties":{}},{"type":"Feature","geometry":{"type":"LineString","coordinates":[[8.47722,44.67304],[8.47759,44.673],[8.47837,44.67301],[8.47891,44.67306],[8.47952,44.67326],[8.48023,44.67363],[8.48065,44.67392],[8.48189,44.67526],[8.48219,44.67573],[8.48237,44.67608],[8.48253,44.67647],[8.48281,44.67788],[8.48296,44.67835],[8.48309,44.67855],[8.48366,44.67926],[8.48432,44.67986],[8.48462,44.68007],[8.48556,44.68055],[8.48584,44.68064],[8.48687,44.6809],[8.48758,44.681],[8.48929,44.68085],[8.48953,44.6808],[8.49058,44.68048]]},"properties":{}},{"type":"Feature","geometry":{"type":"LineString","coordinates":[[8.49725,44.68036],[8.49699,44.68038],[8.49675,44.68045],[8.49662,44.68051],[8.49657,44.68063],[8.49648,44.68069],[8.49633,44.68073],[8.49611,44.68069],[8.49599,44.68056],[8.49563,44.68044],[8.49415,44.6806],[8.49348,44.68063],[8.49242,44.68058],[8.49166,44.68047],[8.49104,44.68049],[8.49058,44.68048]]},"properties":{}},{"type":"Feature","geometry":{"type":"LineString","coordinates":[[8.49058,44.68048],[8.49324,44.68004],[8.49397,44.67996],[8.49563,44.68015],[8.49611,44.68031],[8.4963,44.68027],[8.49725,44.68036]]},"properties":{}},{"type":"Feature","geometry":{"type":"LineString","coordinates":[[8.49725,44.68036],[8.5,44.68106]]},"properties":{}}]}