{"type":"FeatureCollection","features":[{"type":"Feature","geometry":{"type":"LineString","coordinates":[[9.0,39.00401],[9.00181,39.0067],[9.00188,39.00704],[9.0018,39.00717],[9.00203,39.0073],[9.00225,39.00748],[9.00313,39.00785],[9.00538,39.00595]]},"properties":{}},{"type":"Feature","geometry":{"type":"LineString","coordinates":[[9.0,39.03228],[9.00055,39.03234],[9.00063,39.03238]]},"properties":{}},{"type":"Feature","geometry":{"type":"LineString","coordinates":[[9.0,39.0356],[9.00011,39.03559]]},"properties":{}},{"type":"Feature","geometry":{"type":"LineString","coordinates":[[9.0,39.04063],[9.0001,39.03975],[9.00039,39.03578]]},"properties":{}},{"type":"Feature","geometry":{"type":"LineString","coordinates":[[9.00049,39.06043],[9.0,39.05998]]},"properties":{}},{"type":"Feature","geometry":{"type":"LineString","coordinates":[[9.0,39.29684],[9.00065,39.29651]]},"properties":{}},{"type":"Feature","geometry":{"type":"LineString","coordinates":[[9.00068,39.29661],[9.0,39.29694]]},"properties":{}},{"type":"Feature","geometry":{"type":"LineString","coordinates":[[9.00029,39.03564],[9.00011,39.03559]]},"properties":{}},{"type":"Feature","geometry":{"type":"LineString","coordinates":[[9.00011,39.03559],[9.00027,39.03556]]},"properties":{}},{"type":"Feature","geometry":{"type":"LineString","coordinates":[[9.00029,39.03564],[9.00027,39.03556]]},"properties":{}},{"type":"Feature","geometry":{"type":"LineString","coordinates":[[9.00027,39.03556],[9.00032,39.0355]]},"properties":{}},{"type":"Feature","geometry":{"type":"LineString","coordinates":[[9.00032,39.03566],[9.00029,39.03564]]},"properties":{}},{"type":"Feature","geometry":{"type":"LineString","coordinates":[[9.00032,39.0355],[9.00042,39.03535]]},"properties":{}},{"type":"Feature","geometry":{"type":"LineString","coordinates":[[9.00032,39.0355],[9.00046,39.0355]]},"properties":{}},{"type":"Feature","geometry":{"type":"LineString","coordinates":[[9.00043,39.03567],[9.00032,39.03566]]},"properties":{}},{"type":"Feature","geometry":{"type":"LineString","coordinates":[[9.00039,39.03578],[9.00032,39.03566]]},"properties":{}},{"type":"Feature","geometry":{"type":"LineString","coordinates":[[9.00043,39.03567],[9.00039,39.03578]]},"properties":{}},{"type":"Feature","geometry":{"type":"LineString","coordinates":[[9.00042,39.03535],[9.00046,39.0355]]},"properties":{}},{"type":"Feature","geometry":{"type":"LineString","coordinates":[[9.00042,39.03535],[9.00063,39.03238]]},"properties":{}},{"type":"Feature","geometry":{"type":"LineString","coordinates":[[9.00046,39.0355],[9.00051,39.03559],[9.00043,39.03567]]},"properties":{}},{"type":"Feature","geometry":{"type":"LineString","coordinates":[[9.00049,39.06043],[9.00088,39.06048],[9.00134,39.0604]]},"properties":{}},{"type":"Feature","geometry":{"type":"LineString","coordinates":[[9.00134,39.0604],[9.00098,39.06059],[9.00089,39.06066],[9.00083,39.06078],[9.00049,39.06043]]},"properties":{}},{"type":"Feature","geometry":{"type":"LineString","coordinates":[[9.00063,39.03238],[9.00112,39.02605],[9.00126,39.02374],[9.00131,39.02365],[9.00133,39.02345],[9.00155,39.0227],[9.00385,39.01727],[9.00436,39.01591],[9.00435,39.01579],[9.00424,39.01557],[9.00406,39.01542],[9.00381,39.01532],[9.0018,39.01516],[9.00139,39.01508],[9.00165,39.0146],[9.0018,39.01461],[9.00231,39.01473],[9.00247,39.01466],[9.00258,39.01404],[9.00295,39.01294],[9.00366,39.01114],[9.0041,39.0102],[9.00435,39.00992],[9.00486,39.00951],[9.00543,39.00916],[9.0055,39.00887],[9.00649,39.00697],[9.00651,39.00678]]},"properties":{}},{"type":"Feature","geometry":{"type":"LineString","coordinates":[[9.00076,39.29647],[9.0013,39.29629],[9.00176,39.29584],[9.00433,39.29434],[9.00456,39.29407],[9.00504,39.29366],[9.00681,39.29236],[9.00736,39.292],[9.0075,39.29175],[9.00752,39.29149],[9.00734,39.29052],[9.00723,39.28958],[9.00731,39.28885],[9.00727,39.28864],[9.00732,39.2885],[9.00735,39.28808],[9.00725,39.28797],[9.00712,39.2879],[9.00623,39.28795],[9.00598,39.28788],[9.00589,39.28778]]},"properties":{}},{"type":"Feature","geometry":{"type":"LineString","coordinates":[[9.00589,39.28778],[9.00615,39.28789],[9.00633,39.28791],[9.00713,39.28784],[9.00731,39.28794],[9.00742,39.2881],[9.00743,39.28845],[9.00738,39.28859],[9.00738,39.28897],[9.00731,39.28948],[9.00743,39.29053],[9.00761,39.29155],[9.00757,39.29185],[9.00741,39.29207],[9.00639,39.29278],[9.00631,39.29286],[9.00618,39.29341],[9.00559,39.29388],[9.00487,39.29459],[9.00195,39.29625],[9.00138,39.29634],[9.00084,39.29653]]},"properties":{}},{"type":"Feature","geometry":{"type":"LineString","coordinates":[[9.00493,39.06281],[9.00483,39.06263],[9.00453,39.0619],[9.00437,39.06159],[9.00405,39.0611],[9.00396,39.06087],[9.00395,39.06076],[9.00418,39.06043],[9.00421,39.06033],[9.0042,39.0602],[9.00412,39.06003],[9.00398,39.05987],[9.00381,39.05986],[9.00366,39.05991],[9.00346,39.06009],[9.0031,39.06029],[9.00289,39.0605],[9.00263,39.06061],[9.00214,39.06066],[9.002,39.06063],[9.00151,39.06041],[9.00134,39.0604]]},"properties":{}},{"type":"Feature","geometry":{"type":"LineString","coordinates":[[9.00376,39.0624],[9.00367,39.06239]]},"properties":{}},{"type":"Feature","geometry":{"type":"LineString","coordinates":[[9.00374,39.06252],[9.00367,39.06239]]},"properties":{}},{"type":"Feature","geometry":{"type":"LineString","coordinates":[[9.00367,39.06239],[9.00365,39.06236],[9.00368,39.06231],[9.00378,39.06232]]},"properties":{}},{"type":"Feature","geometry":{"type":"LineString","coordinates":[[9.00374,39.06252],[9.00448,39.06381],[9.00514,39.06456],[9.00568,39.06509],[9.0065,39.06568],[9.00676,39.0659],[9.00809,39.06739],[9.00845,39.06773],[9.00903,39.06794],[9.00957,39.06772],[9.01076,39.0663]]},"properties":{}},{"type":"Feature","geometry":{"type":"LineString","coordinates":[[9.00376,39.0624],[9.00374,39.06252]]},"properties":{}},{"type":"Feature","geometry":{"type":"LineString","coordinates":[[9.00377,39.06239],[9.00376,39.0624]]},"properties":{}},{"type":"Feature","geometry":{"type":"LineString","coordinates":[[9.00378,39.06232],[9.00377,39.06239]]},"properties":{}},{"type":"Feature","geometry":{"type":"LineString","coordinates":[[9.00391,39.06237],[9.00377,39.06239]]},"properties":{}},{"type":"Feature","geometry":{"type":"LineString","coordinates":[[9.00378,39.06232],[9.00391,39.06237]]},"properties":{}},{"type":"Feature","geometry":{"type":"LineString","coordinates":[[9.00493,39.06281],[9.00391,39.06237]]},"properties":{}},{"type":"Feature","geometry":{"type":"LineString","coordinates":[[9.00462,39.12204],[9.00455,39.12209],[9.00446,39.12209]]},"properties":{}},{"type":"Feature","geometry":{"type":"LineString","coordinates":[[9.00469,39.12226],[9.00446,39.12209]]},"properties":{}},{"type":"Feature","geometry":{"type":"LineString","coordinates":[[9.00446,39.12209],[9.00437,39.12204],[9.00436,39.12194],[9.00442,39.12189],[9.00453,39.12188]]},"properties":{}},{"type":"Feature","geometry":{"type":"LineString","coordinates":[[9.00453,39.12188],[9.00462,39.12194],[9.00463,39.122]]},"properties":{}},{"type":"Feature","geometry":{"type":"LineString","coordinates":[[9.00453,39.12188],[9.00475,39.12178]]},"properties":{}},{"type":"Feature","geometry":{"type":"LineString","coordinates":[[9.00462,39.12204],[9.00469,39.12226]]},"properties":{}},{"type":"Feature","geometry":{"type":"LineString","coordinates":[[9.00463,39.122],[9.00462,39.12204]]},"properties":{}},{"type":"Feature","geometry":{"type":"LineString","coordinates":[[9.00475,39.12178],[9.00463,39.122]]},"properties":{}},{"type":"Feature","geometry":{"type":"LineString","coordinates":[[9.00869,39.13103],[9.00802,39.12943],[9.00597,39.12491],[9.00496,39.12275],[9.00469,39.12226]]},"properties":{}},{"type":"Feature","geometry":{"type":"LineString","coordinates":[[9.00475,39.12178],[9.00484,39.12151],[9.00504,39.12063],[9.00683,39.11412],[9.0076,39.11175],[9.00839,39.10952],[9.00852,39.1091],[9.0086,39.10861],[9.00861,39.10797],[9.00854,39.10755],[9.00843,39.10716],[9.00741,39.10486],[9.00716,39.10414],[9.0071,39.10367],[9.00712,39.1033],[9.00717,39.10302],[9.00722,39.10281],[9.00895,39.09824],[9.00901,39.098],[9.00967,39.09315],[9.00988,39.09228],[9.01108,39.08892],[9.01162,39.08781]]},"properties":{}},{"type":"Feature","geometry":{"type":"LineString","coordinates":[[9.01076,39.0663],[9.01077,39.06564],[9.01033,39.06498],[9.01008,39.06469],[9.00841,39.06358],[9.0061,39.06321],[9.00543,39.06303],[9.00493,39.06281]]},"properties":{}},{"type":"Feature","geometry":{"type":"LineString","coordinates":[[9.00566,39.28731],[9.00553,39.28714],[9.00536,39.28701]]},"properties":{}},{"type":"Feature","geometry":{"type":"LineString","coordinates":[[9.00538,39.00595],[9.00559,39.00579]]},"properties":{}},{"type":"Feature","geometry":{"type":"LineString","coordinates":[[9.00565,39.00587],[9.00538,39.00595]]},"properties":{}},{"type":"Feature","geometry":{"type":"LineString","coordinates":[[9.00545,39.28683],[9.00555,39.28687],[9.00579,39.28674],[9.00584,39.28666],[9.00594,39.28665],[9.00604,39.28656]]},"properties":{}},{"type":"Feature","geometry":{"type":"LineString","coordinates":[[9.00565,39.00587],[9.00559,39.00579]]},"properties":{}},{"type":"Feature","geometry":{"type":"LineString","coordinates":[[9.00559,39.00579],[9.00566,39.0057],[9.00577,39.00571],[9.00582,39.00577],[9.00579,39.00585]]},"properties":{}},{"type":"Feature","geometry":{"type":"LineString","coordinates":[[9.00568,39.00588],[9.00565,39.00587]]},"properties":{}},{"type":"Feature","geometry":{"type":"LineString","coordinates":[[9.00589,39.28778],[9.00566,39.28731]]},"properties":{}},{"type":"Feature","geometry":{"type":"LineString","coordinates":[[9.00604,39.28656],[9.00602,39.28667],[9.00624,39.28673],[9.00628,39.2868],[9.00568,39.2872],[9.00566,39.28731]]},"properties":{}},{"type":"Feature","geometry":{"type":"LineString","coordinates":[[9.00579,39.00585],[9.00568,39.00588]]},"properties":{}},{"type":"Feature","geometry":{"type":"LineString","coordinates":[[9.00576,39.00595],[9.00568,39.00588]]},"properties":{}},{"type":"Feature","geometry":{"type":"LineString","coordinates":[[9.00576,39.00595],[9.00613,39.00632]]},"properties":{}},{"type":"Feature","geometry":{"type":"LineString","coordinates":[[9.00579,39.00585],[9.00576,39.00595]]},"properties":{}},{"type":"Feature","geometry":{"type":"LineString","coordinates":[[9.00604,39.28656],[9.00785,39.28536],[9.00885,39.28482],[9.01103,39.28387],[9.02228,39.27916],[9.0272,39.27702],[9.02877,39.27639],[9.03659,39.27308],[9.03665,39.27304]]},"properties":{}},{"type":"Feature","geometry":{"type":"LineString","coordinates":[[9.00613,39.00632],[9.00632,39.00639],[9.00649,39.0066]]},"properties":{}},{"type":"Feature","geometry":{"type":"LineString","coordinates":[[9.00644,39.00664],[9.00637,39.0066],[9.00615,39.00638],[9.00613,39.00632]]},"properties":{}},{"type":"Feature","geometry":{"type":"LineString","coordinates":[[9.00751,39.14182],[9.00744,39.14173],[9.0075,39.14164]]},"properties":{}},{"type":"Feature","geometry":{"type":"LineString","coordinates":[[9.0075,39.14164],[9.0076,39.14137]]},"properties":{}},{"type":"Feature","geometry":{"type":"LineString","coordinates":[[9.0075,39.14164],[9.00757,39.14162],[9.00767,39.14166]]},"properties":{}},{"type":"Feature","geometry":{"type":"LineString","coordinates":[[9.00768,39.14178],[9.00759,39.14183],[9.00751,39.14182]]},"properties":{}},{"type":"Feature","geometry":{"type":"LineString","coordinates":[[9.00776,39.14201],[9.00751,39.14182]]},"properties":{}},{"type":"Feature","geometry":{"type":"LineString","coordinates":[[9.0076,39.14137],[9.00767,39.14166]]},"properties":{}},{"type":"Feature","geometry":{"type":"LineString","coordinates":[[9.0076,39.14137],[9.00755,39.14096],[9.00758,39.14031],[9.00755,39.14014],[9.0074,39.13998],[9.00673,39.13962],[9.00665,39.13953],[9.00662,39.13943],[9.00662,39.13934],[9.00668,39.13919],[9.00726,39.13825],[9.00726,39.13808],[9.00718,39.13798],[9.00655,39.13763],[9.00644,39.13748],[9.00643,39.13733],[9.00654,39.1372],[9.00675,39.13709],[9.00878,39.1366],[9.00903,39.13658],[9.00933,39.13662],[9.00956,39.1366],[9.00971,39.1365],[9.0098,39.13638]]},"properties":{}},{"type":"Feature","geometry":{"type":"LineString","coordinates":[[9.00767,39.14166],[9.0077,39.14172],[9.00768,39.14178]]},"properties":{}},{"type":"Feature","geometry":{"type":"LineString","coordinates":[[9.00768,39.14178],[9.00776,39.14201]]},"properties":{}},{"type":"Feature","geometry":{"type":"LineString","coordinates":[[9.00875,39.14325],[9.00776,39.14201]]},"properties":{}},{"type":"Feature","geometry":{"type":"LineString","coordinates":[[9.00869,39.13103],[9.00883,39.13114]]},"properties":{}},{"type":"Feature","geometry":{"type":"LineString","coordinates":[[9.0087,39.13115],[9.00869,39.13103]]},"properties":{}},{"type":"Feature","geometry":{"type":"LineString","coordinates":[[9.00909,39.13177],[9.00896,39.13151],[9.00869,39.13125],[9.0087,39.13115]]},"properties":{}},{"type":"Feature","geometry":{"type":"LineString","coordinates":[[9.0087,39.13115],[9.00883,39.13114]]},"properties":{}},{"type":"Feature","geometry":{"type":"LineString","coordinates":[[9.00875,39.14325],[9.00903,39.14351],[9.00925,39.14364]]},"properties":{}},{"type":"Feature","geometry":{"type":"LineString","coordinates":[[9.00918,39.14372],[9.00897,39.14353],[9.00875,39.14325]]},"properties":{}},{"type":"Feature","geometry":{"type":"LineString","coordinates":[[9.00883,39.13114],[9.00899,39.13141],[9.0093,39.13162],[9.00932,39.13172],[9.0093,39.13176]]},"properties":{}},{"type":"Feature","geometry":{"type":"LineString","coordinates":[[9.0093,39.13176],[9.00921,39.1318],[9.00909,39.13177]]},"properties":{}},{"type":"Feature","geometry":{"type":"LineString","coordinates":[[9.00924,39.13202],[9.00909,39.13177]]},"properties":{}},{"type":"Feature","geometry":{"type":"LineString","coordinates":[[9.00925,39.14384],[9.00919,39.14379],[9.00918,39.14372]]},"properties":{}},{"type":"Feature","geometry":{"type":"LineString","coordinates":[[9.00918,39.14372],[9.00925,39.14364]]},"properties":{}},{"type":"Feature","geometry":{"type":"LineString","coordinates":[[9.01002,39.13568],[9.01011,39.13492],[9.01011,39.1347],[9.01009,39.13436],[9.00997,39.13379],[9.00986,39.13347],[9.00924,39.13202]]},"properties":{}},{"type":"Feature","geometry":{"type":"LineString","coordinates":[[9.0093,39.13176],[9.00924,39.13202]]},"properties":{}},{"type":"Feature","geometry":{"type":"LineString","coordinates":[[9.00944,39.14381],[9.00937,39.14385],[9.00925,39.14384]]},"properties":{}},{"type":"Feature","geometry":{"type":"LineString","coordinates":[[9.00943,39.14409],[9.00925,39.14384]]},"properties":{}},{"type":"Feature","geometry":{"type":"LineString","coordinates":[[9.00925,39.14364],[9.00932,39.14363]]},"properties":{}},{"type":"Feature","geometry":{"type":"LineString","coordinates":[[9.00932,39.14363],[9.00942,39.14365],[9.00947,39.14376]]},"properties":{}},{"type":"Feature","geometry":{"type":"LineString","coordinates":[[9.00932,39.14363],[9.00964,39.14359],[9.00978,39.14351],[9.0107,39.14328]]},"properties":{}},{"type":"Feature","geometry":{"type":"LineString","coordinates":[[9.01376,39.1483],[9.01,39.14475],[9.00943,39.14409]]},"properties":{}},{"type":"Feature","geometry":{"type":"LineString","coordinates":[[9.00944,39.14381],[9.00943,39.14409]]},"properties":{}},{"type":"Feature","geometry":{"type":"LineString","coordinates":[[9.00947,39.14376],[9.00944,39.14381]]},"properties":{}},{"type":"Feature","geometry":{"type":"LineString","coordinates":[[9.01083,39.14336],[9.00974,39.14361],[9.00958,39.14367],[9.00947,39.14376]]},"properties":{}},{"type":"Feature","geometry":{"type":"LineString","coordinates":[[9.00998,39.13612],[9.0099,39.13615],[9.00978,39.13612]]},"properties":{}},{"type":"Feature","geometry":{"type":"LineString","coordinates":[[9.0098,39.13638],[9.00978,39.13612]]},"properties":{}},{"type":"Feature","geometry":{"type":"LineString","coordinates":[[9.00978,39.13612],[9.00974,39.13607],[9.00974,39.136],[9.0098,39.13594],[9.00988,39.13592]]},"properties":{}},{"type":"Feature","geometry":{"type":"LineString","coordinates":[[9.00998,39.13612],[9.0098,39.13638]]},"properties":{}},{"type":"Feature","geometry":{"type":"LineString","coordinates":[[9.00988,39.13592],[9.00999,39.13596]]},"properties":{}},{"type":"Feature","geometry":{"type":"LineString","coordinates":[[9.00988,39.13592],[9.01002,39.13568]]},"properties":{}},{"type":"Feature","geometry":{"type":"LineString","coordinates":[[9.00999,39.13596],[9.01003,39.13603],[9.00998,39.13612]]},"properties":{}},{"type":"Feature","geometry":{"type":"LineString","coordinates":[[9.01002,39.13568],[9.00999,39.13596]]},"properties":{}},{"type":"Feature","geometry":{"type":"LineString","coordinates":[[9.01036,39.0752],[9.01047,39.07507],[9.01059,39.07248],[9.01076,39.0663]]},"properties":{}},{"type":"Feature","geometry":{"type":"LineString","coordinates":[[9.01198,39.08705],[9.01276,39.08546],[9.01291,39.08506],[9.01298,39.08478],[9.01305,39.08423],[9.013,39.08351],[9.01293,39.08317],[9.01271,39.0826],[9.01179,39.08088],[9.01076,39.07836],[9.01068,39.078],[9.01054,39.07684]]},"properties":{}},{"type":"Feature","geometry":{"type":"LineString","coordinates":[[9.01083,39.14336],[9.01076,39.14334],[9.0107,39.14328]]},"properties":{}},{"type":"Feature","geometry":{"type":"LineString","coordinates":[[9.0107,39.14328],[9.01071,39.1432],[9.01077,39.14316],[9.01092,39.14317],[9.01096,39.14323],[9.01096,39.14329],[9.01083,39.14336]]},"properties":{}},{"type":"Feature","geometry":{"type":"LineString","coordinates":[[9.01162,39.08781],[9.01165,39.08766],[9.01163,39.08752]]},"properties":{}},{"type":"Feature","geometry":{"type":"LineString","coordinates":[[9.01185,39.08759],[9.01162,39.08781]]},"properties":{}},{"type":"Feature","geometry":{"type":"LineString","coordinates":[[9.01178,39.08724],[9.01198,39.08705]]},"properties":{}},{"type":"Feature","geometry":{"type":"LineString","coordinates":[[9.01198,39.08705],[9.01198,39.0873]]},"properties":{}},{"type":"Feature","geometry":{"type":"LineString","coordinates":[[9.01376,39.1483],[9.01382,39.14833],[9.01427,39.14873],[9.01489,39.14936]]},"properties":{}},{"type":"Feature","geometry":{"type":"LineString","coordinates":[[9.01489,39.14936],[9.01428,39.14883],[9.01376,39.1483]]},"properties":{}},{"type":"Feature","geometry":{"type":"LineString","coordinates":[[9.01717,39.15138],[9.01662,39.15096],[9.01489,39.14936]]},"properties":{}},{"type":"Feature","geometry":{"type":"LineString","coordinates":[[9.01717,39.15138],[9.01783,39.15153],[9.01914,39.15153],[9.01937,39.15156],[9.01964,39.15167],[9.01989,39.15185],[9.02258,39.15417],[9.02275,39.15449],[9.02279,39.1547],[9.0228,39.15478],[9.0227,39.15496]]},"properties":{}},{"type":"Feature","geometry":{"type":"LineString","coordinates":[[9.01808,39.15179],[9.01771,39.15165],[9.01717,39.15138]]},"properties":{}},{"type":"Feature","geometry":{"type":"LineString","coordinates":[[9.01808,39.15179],[9.01842,39.15194]]},"properties":{}},{"type":"Feature","geometry":{"type":"LineString","coordinates":[[9.01829,39.15202],[9.01818,39.15186],[9.01808,39.15179]]},"properties":{}},{"type":"Feature","geometry":{"type":"LineString","coordinates":[[9.01851,39.15213],[9.01835,39.15213],[9.0183,39.15208],[9.01829,39.15202]]},"properties":{}},{"type":"Feature","geometry":{"type":"LineString","coordinates":[[9.01829,39.15202],[9.01834,39.15196],[9.01842,39.15194]]},"properties":{}},{"type":"Feature","geometry":{"type":"LineString","coordinates":[[9.01842,39.15194],[9.01855,39.152]]},"properties":{}},{"type":"Feature","geometry":{"type":"LineString","coordinates":[[9.01883,39.15214],[9.01851,39.15213]]},"properties":{}},{"type":"Feature","geometry":{"type":"LineString","coordinates":[[9.01855,39.152],[9.01855,39.15208],[9.01851,39.15213]]},"properties":{}},{"type":"Feature","geometry":{"type":"LineString","coordinates":[[9.01855,39.152],[9.01883,39.15214]]},"properties":{}},{"type":"Feature","geometry":{"type":"LineString","coordinates":[[9.01883,39.15214],[9.01974,39.15249],[9.02032,39.15282],[9.02065,39.15305],[9.02124,39.1536],[9.02215,39.15462],[9.02236,39.15489],[9.02239,39.15496]]},"properties":{}},{"type":"Feature","geometry":{"type":"LineString","coordinates":[[9.02251,39.15508],[9.02242,39.15504],[9.02239,39.15496]]},"properties":{}},{"type":"Feature","geometry":{"type":"LineString","coordinates":[[9.02239,39.15496],[9.02242,39.1549],[9.02253,39.15484],[9.02267,39.15489],[9.0227,39.15496]]},"properties":{}},{"type":"Feature","geometry":{"type":"LineString","coordinates":[[9.0227,39.15496],[9.02264,39.15506],[9.02251,39.15508]]},"properties":{}},{"type":"Feature","geometry":{"type":"LineString","coordinates":[[9.02251,39.15508],[9.02273,39.1553],[9.02314,39.15586],[9.0247,39.15769],[9.02626,39.159],[9.02659,39.15933],[9.02687,39.15967],[9.02952,39.16361],[9.02984,39.16397],[9.03096,39.16493],[9.03131,39.16527],[9.03197,39.16598],[9.03264,39.1668],[9.03343,39.16787]]},"properties":{}},{"type":"Feature","geometry":{"type":"LineString","coordinates":[[9.03354,39.16826],[9.03342,39.16819],[9.03342,39.16808]]},"properties":{}},{"type":"Feature","geometry":{"type":"LineString","coordinates":[[9.03342,39.16808],[9.03343,39.16787]]},"properties":{}},{"type":"Feature","geometry":{"type":"LineString","coordinates":[[9.03342,39.16808],[9.03354,39.16801],[9.03365,39.16802]]},"properties":{}},{"type":"Feature","geometry":{"type":"LineString","coordinates":[[9.03343,39.16787],[9.03365,39.16802]]},"properties":{}},{"type":"Feature","geometry":{"type":"LineString","coordinates":[[9.03373,39.16811],[9.03372,39.16818],[9.03366,39.16823],[9.03354,39.16826]]},"properties":{}},{"type":"Feature","geometry":{"type":"LineString","coordinates":[[9.03386,39.16839],[9.03354,39.16826]]},"properties":{}},{"type":"Feature","geometry":{"type":"LineString","coordinates":[[9.03365,39.16802],[9.03373,39.16811]]},"properties":{}},{"type":"Feature","geometry":{"type":"LineString","coordinates":[[9.03373,39.16811],[9.03386,39.16839]]},"properties":{}},{"type":"Feature","geometry":{"type":"LineString","coordinates":[[9.03386,39.16839],[9.03417,39.16865],[9.03695,39.17197],[9.03768,39.17273],[9.04937,39.18324],[9.05108,39.18483],[9.05456,39.18832],[9.05763,39.19144],[9.05837,39.19227],[9.05902,39.1932],[9.05931,39.19371]]},"properties":{}},{"type":"Feature","geometry":{"type":"LineString","coordinates":[[9.0367,39.27302],[9.04138,39.27105]]},"properties":{}},{"type":"Feature","geometry":{"type":"LineString","coordinates":[[9.04138,39.27105],[9.04165,39.2709],[9.04195,39.27081]]},"properties":{}},{"type":"Feature","geometry":{"type":"LineString","coordinates":[[9.04162,39.27101],[9.04138,39.27105]]},"properties":{}},{"type":"Feature","geometry":{"type":"LineString","coordinates":[[9.04195,39.27081],[9.04173,39.271],[9.04165,39.27101]]},"properties":{}},{"type":"Feature","geometry":{"type":"LineString","coordinates":[[9.04195,39.27081],[9.04779,39.26832]]},"properties":{}},{"type":"Feature","geometry":{"type":"LineString","coordinates":[[9.07535,39.25682],[9.07426,39.25737],[9.07415,39.25737],[9.06761,39.26018],[9.06422,39.2616],[9.06353,39.26197],[9.063,39.26236],[9.06247,39.26285],[9.06225,39.26309],[9.06195,39.26352],[9.0617,39.26401],[9.05973,39.26943],[9.05954,39.26993],[9.0593,39.2704],[9.05897,39.27086],[9.05871,39.27111],[9.05806,39.27158],[9.05748,39.27188],[9.05603,39.27239],[9.05389,39.27279],[9.05163,39.27116],[9.05137,39.27101],[9.05107,39.27087],[9.04952,39.27031],[9.04908,39.27022],[9.04905,39.27013],[9.04913,39.27007],[9.04908,39.26998],[9.04806,39.26843],[9.04779,39.26832]]},"properties":{}},{"type":"Feature","geometry":{"type":"LineString","coordinates":[[9.04779,39.26832],[9.05116,39.26691],[9.05155,39.26678],[9.0519,39.26669],[9.05355,39.26644],[9.05402,39.26633],[9.05969,39.26348],[9.06105,39.26286],[9.06113,39.26277],[9.06117,39.26267]]},"properties":{}},{"type":"Feature","geometry":{"type":"LineString","coordinates":[[9.05931,39.19371],[9.05944,39.19387],[9.05956,39.1941],[9.05985,39.19479],[9.06004,39.19545],[9.06018,39.19606],[9.06023,39.19667],[9.06025,39.1972],[9.06023,39.19772],[9.06012,39.19847],[9.05993,39.19932],[9.05495,39.21628],[9.05444,39.21757],[9.05432,39.21794],[9.05426,39.21831],[9.05422,39.21893],[9.05428,39.2194],[9.05444,39.22003],[9.05461,39.22041],[9.05491,39.22091],[9.05524,39.22133],[9.05575,39.22182],[9.05633,39.22225],[9.05704,39.22265],[9.05796,39.22304],[9.05851,39.22322],[9.06022,39.22366],[9.06666,39.22503],[9.0674,39.22527],[9.06889,39.22594],[9.0695,39.22617],[9.07016,39.22632],[9.07082,39.2264],[9.07126,39.22641],[9.07237,39.22631],[9.07636,39.22548],[9.0774,39.22524],[9.07794,39.22507],[9.07839,39.22487],[9.07886,39.22461],[9.07935,39.22424],[9.08443,39.22012],[9.08558,39.21901],[9.08785,39.21643],[9.08894,39.21514],[9.08925,39.21493],[9.0896,39.2148],[9.09001,39.21476],[9.09043,39.21482]]},"properties":{}},{"type":"Feature","geometry":{"type":"LineString","coordinates":[[9.08934,39.21502],[9.08907,39.2152],[9.0889,39.21538],[9.08631,39.21832],[9.08547,39.21921],[9.08426,39.2204],[9.0792,39.22448],[9.07849,39.22492],[9.07766,39.22526],[9.0771,39.2254],[9.07497,39.22586],[9.07306,39.22627],[9.0721,39.22643],[9.07112,39.22649],[9.07014,39.2264],[9.06915,39.22613],[9.0676,39.22543],[9.06692,39.22519],[9.06645,39.22506],[9.06008,39.22372],[9.05834,39.22326],[9.05714,39.22279],[9.05653,39.22248],[9.05605,39.22219],[9.05562,39.22184],[9.05515,39.22137],[9.05483,39.22097],[9.05445,39.22031],[9.05427,39.21986],[9.05416,39.21939],[9.05412,39.21886],[9.05415,39.21829],[9.05427,39.21777],[9.05475,39.21653],[9.05498,39.21581],[9.05913,39.20173],[9.05983,39.19932],[9.05998,39.19867],[9.06013,39.19769],[9.06014,39.19716],[9.0601,39.19632],[9.05996,39.1955],[9.05984,39.1951],[9.05935,39.1939],[9.05931,39.19371]]},"properties":{}},{"type":"Feature","geometry":{"type":"LineString","coordinates":[[9.06171,39.26237],[9.06199,39.26236],[9.06227,39.26244],[9.06248,39.26245],[9.0627,39.26239],[9.06312,39.26208],[9.06321,39.26208]]},"properties":{}},{"type":"Feature","geometry":{"type":"LineString","coordinates":[[9.06286,39.31476],[9.06497,39.31271],[9.06591,39.31129],[9.06609,39.31112],[9.0663,39.311],[9.06657,39.3109],[9.06687,39.31087],[9.06772,39.31085],[9.06826,39.31077],[9.07215,39.30961],[9.07282,39.30947],[9.07522,39.3093],[9.0758,39.30919],[9.08178,39.30728],[9.0848,39.30653],[9.08521,39.30648],[9.08565,39.30652],[9.08626,39.30667],[9.08697,39.30702],[9.08727,39.30707],[9.08744,39.30704],[9.08759,39.30695],[9.08788,39.30664],[9.09048,39.30756],[9.09035,39.30792]]},"properties":{}},{"type":"Feature","geometry":{"type":"LineString","coordinates":[[9.06396,39.26164],[9.0647,39.2613],[9.07335,39.25762],[9.07411,39.25727],[9.07422,39.25717],[9.07456,39.25698],[9.07502,39.25665],[9.07536,39.25631],[9.07563,39.25588],[9.07574,39.25576],[9.07605,39.25557],[9.07644,39.2555],[9.0771,39.25551],[9.07756,39.25536]]},"properties":{}},{"type":"Feature","geometry":{"type":"LineString","coordinates":[[9.07113,39.27807],[9.07102,39.27839],[9.07103,39.27845],[9.07115,39.27863],[9.07129,39.27872],[9.0714,39.27876],[9.07158,39.27877],[9.07174,39.27874],[9.07188,39.27866],[9.07201,39.27852],[9.07236,39.27784],[9.07255,39.27762]]},"properties":{}},{"type":"Feature","geometry":{"type":"LineString","coordinates":[[9.07211,39.27785],[9.07159,39.27775],[9.07141,39.2778],[9.07127,39.27789]]},"properties":{}},{"type":"Feature","geometry":{"type":"LineString","coordinates":[[9.07359,39.27804],[9.07358,39.27821],[9.07368,39.27835],[9.07404,39.27854],[9.07408,39.27861]]},"properties":{}},{"type":"Feature","geometry":{"type":"LineString","coordinates":[[9.08408,39.25947],[9.08379,39.25889],[9.08322,39.25822],[9.08287,39.25788],[9.08236,39.25749],[9.0805,39.25637],[9.08025,39.25627],[9.07963,39.25579],[9.07942,39.25568],[9.07923,39.25563],[9.07886,39.25561],[9.07774,39.25579],[9.07735,39.25588],[9.07653,39.25618],[9.07555,39.25676],[9.07543,39.25682],[9.07535,39.25682]]},"properties":{}},{"type":"Feature","geometry":{"type":"LineString","coordinates":[[9.07756,39.25536],[9.07602,39.25641],[9.07535,39.25682]]},"properties":{}},{"type":"Feature","geometry":{"type":"LineString","coordinates":[[9.07584,39.2795],[9.07568,39.27955],[9.07553,39.27953],[9.07542,39.27944],[9.07538,39.27933]]},"properties":{}},{"type":"Feature","geometry":{"type":"LineString","coordinates":[[9.07538,39.27933],[9.0752,39.27915],[9.07545,39.2792]]},"properties":{}},{"type":"Feature","geometry":{"type":"LineString","coordinates":[[9.07538,39.27933],[9.07545,39.2792]]},"properties":{}},{"type":"Feature","geometry":{"type":"LineString","coordinates":[[9.07545,39.2792],[9.07559,39.27913],[9.07575,39.27914],[9.07588,39.27921],[9.07593,39.27934]]},"properties":{}},{"type":"Feature","geometry":{"type":"LineString","coordinates":[[9.07614,39.27955],[9.07584,39.2795]]},"properties":{}},{"type":"Feature","geometry":{"type":"LineString","coordinates":[[9.07593,39.27934],[9.07589,39.27946],[9.07584,39.2795]]},"properties":{}},{"type":"Feature","geometry":{"type":"LineString","coordinates":[[9.07593,39.27934],[9.07614,39.27955]]},"properties":{}},{"type":"Feature","geometry":{"type":"LineString","coordinates":[[9.08197,39.28564],[9.08121,39.28499],[9.07884,39.28282],[9.07865,39.28262],[9.07764,39.28134],[9.07686,39.28013],[9.07663,39.27988],[9.07637,39.27968],[9.07614,39.27955]]},"properties":{}},{"type":"Feature","geometry":{"type":"LineString","coordinates":[[9.07873,39.25462],[9.07756,39.25536]]},"properties":{}},{"type":"Feature","geometry":{"type":"LineString","coordinates":[[9.0783,39.25418],[9.07865,39.25455]]},"properties":{}},{"type":"Feature","geometry":{"type":"LineString","coordinates":[[9.07865,39.25455],[9.07873,39.25462]]},"properties":{}},{"type":"Feature","geometry":{"type":"LineString","coordinates":[[9.07904,39.25443],[9.07907,39.25434],[9.0792,39.25421],[9.07933,39.25397],[9.07935,39.25385],[9.07931,39.25371],[9.07911,39.25352],[9.07896,39.25346],[9.07873,39.25345],[9.07854,39.2535],[9.0784,39.2536],[9.07832,39.25371],[9.07827,39.25385],[9.07834,39.25413],[9.07864,39.25445],[9.07865,39.25455]]},"properties":{}},{"type":"Feature","geometry":{"type":"LineString","coordinates":[[9.07873,39.25462],[9.08023,39.25609],[9.08076,39.25645],[9.08242,39.25744],[9.08295,39.25784],[9.08324,39.2581],[9.08366,39.25857],[9.08399,39.25903],[9.08458,39.26029]]},"properties":{}},{"type":"Feature","geometry":{"type":"LineString","coordinates":[[9.07904,39.25443],[9.07873,39.25462]]},"properties":{}},{"type":"Feature","geometry":{"type":"LineString","coordinates":[[9.07904,39.25443],[9.08311,39.25197],[9.08354,39.25164],[9.08379,39.2514],[9.08427,39.25083],[9.08792,39.24612],[9.09111,39.2419]]},"properties":{}},{"type":"Feature","geometry":{"type":"LineString","coordinates":[[9.0809,39.21067],[9.08032,39.21115],[9.0803,39.21123],[9.08034,39.21133],[9.08549,39.21514],[9.08562,39.21525],[9.08571,39.21541],[9.08573,39.21551],[9.08568,39.21564],[9.08554,39.2158],[9.0838,39.21717]]},"properties":{}},{"type":"Feature","geometry":{"type":"LineString","coordinates":[[9.0809,39.21067],[9.08071,39.21051],[9.08202,39.20948],[9.0822,39.20964]]},"properties":{}},{"type":"Feature","geometry":{"type":"LineString","coordinates":[[9.0822,39.20964],[9.0809,39.21067]]},"properties":{}},{"type":"Feature","geometry":{"type":"LineString","coordinates":[[9.08197,39.28564],[9.0822,39.28582],[9.08229,39.28586]]},"properties":{}},{"type":"Feature","geometry":{"type":"LineString","coordinates":[[9.0821,39.28597],[9.08208,39.2858],[9.08197,39.28564]]},"properties":{}},{"type":"Feature","geometry":{"type":"LineString","coordinates":[[9.08217,39.28615],[9.0821,39.28607],[9.0821,39.28597]]},"properties":{}},{"type":"Feature","geometry":{"type":"LineString","coordinates":[[9.0821,39.28597],[9.08217,39.28589],[9.08229,39.28586]]},"properties":{}},{"type":"Feature","geometry":{"type":"LineString","coordinates":[[9.0825,39.286],[9.08247,39.2861],[9.08239,39.28616],[9.08228,39.28618],[9.08217,39.28615]]},"properties":{}},{"type":"Feature","geometry":{"type":"LineString","coordinates":[[9.08763,39.29402],[9.08728,39.29376],[9.08662,39.29337],[9.08296,39.29093],[9.08252,39.29061],[9.08225,39.29031],[9.08214,39.29011],[9.0821,39.28996],[9.08206,39.2898],[9.08207,39.28953],[9.08244,39.28741],[9.08244,39.28719],[9.08241,39.28694],[9.08229,39.28656],[9.08226,39.28638],[9.08217,39.28615]]},"properties":{}},{"type":"Feature","geometry":{"type":"LineString","coordinates":[[9.09157,39.21381],[9.09216,39.21294],[9.09218,39.21279],[9.09207,39.21259],[9.08932,39.2114],[9.0886,39.21104],[9.08486,39.2084],[9.0842,39.20807],[9.0822,39.20964]]},"properties":{}},{"type":"Feature","geometry":{"type":"LineString","coordinates":[[9.08229,39.28586],[9.08245,39.28591],[9.0825,39.286]]},"properties":{}},{"type":"Feature","geometry":{"type":"LineString","coordinates":[[9.0825,39.286],[9.08276,39.28617],[9.08742,39.29004]]},"properties":{}},{"type":"Feature","geometry":{"type":"LineString","coordinates":[[9.0838,39.21717],[9.08389,39.21726],[9.08387,39.21738],[9.08381,39.21755],[9.08369,39.21768],[9.0835,39.2178],[9.08311,39.21788],[9.08302,39.2178],[9.08272,39.21709],[9.08277,39.217],[9.0829,39.21696],[9.0838,39.21717]]},"properties":{}},{"type":"Feature","geometry":{"type":"LineString","coordinates":[[9.08446,39.26027],[9.08408,39.25947]]},"properties":{}},{"type":"Feature","geometry":{"type":"LineString","coordinates":[[9.08408,39.25947],[9.08387,39.25927],[9.0836,39.25921],[9.08346,39.25923],[9.08322,39.25937],[9.08313,39.25953],[9.08315,39.25967],[9.0832,39.2598],[9.08335,39.25997],[9.08358,39.26012],[9.08446,39.26027]]},"properties":{}},{"type":"Feature","geometry":{"type":"LineString","coordinates":[[9.08446,39.26027],[9.08458,39.26029]]},"properties":{}},{"type":"Feature","geometry":{"type":"LineString","coordinates":[[9.0861,39.26153],[9.08545,39.26122],[9.08511,39.26099],[9.08465,39.26054],[9.08446,39.26027]]},"properties":{}},{"type":"Feature","geometry":{"type":"LineString","coordinates":[[9.08458,39.26029],[9.08593,39.26045],[9.08635,39.26042],[9.08651,39.26038],[9.08674,39.26023],[9.08706,39.25984],[9.08716,39.25979],[9.08739,39.25956]]},"properties":{}},{"type":"Feature","geometry":{"type":"LineString","coordinates":[[9.08458,39.26029],[9.08475,39.26052],[9.08514,39.26093],[9.08544,39.26112],[9.08619,39.26149],[9.08714,39.26192],[9.08749,39.262]]},"properties":{}},{"type":"Feature","geometry":{"type":"LineString","coordinates":[[9.08785,39.26211],[9.08755,39.26208],[9.08717,39.26198],[9.0861,39.26153]]},"properties":{}},{"type":"Feature","geometry":{"type":"LineString","coordinates":[[9.08785,39.26211],[9.08766,39.26227],[9.0874,39.26237],[9.08698,39.26237],[9.08674,39.26232],[9.0865,39.26223],[9.08637,39.2621],[9.08623,39.26174],[9.0861,39.26153]]},"properties":{}},{"type":"Feature","geometry":{"type":"LineString","coordinates":[[9.0861,39.38691],[9.08602,39.38632],[9.08606,39.38608],[9.08614,39.38589],[9.08671,39.38512],[9.08688,39.38484],[9.08713,39.384],[9.08727,39.38365],[9.08787,39.38247],[9.08807,39.38216],[9.08905,39.38093],[9.08917,39.38069],[9.08959,39.37944],[9.09034,39.37743],[9.0904,39.37716],[9.09048,39.37621],[9.0909,39.37453],[9.09096,39.37399],[9.09097,39.37286],[9.09112,39.37109],[9.09112,39.37061],[9.09101,39.36925],[9.09102,39.36808],[9.09076,39.36642],[9.09078,39.36612],[9.0911,39.36404],[9.09113,39.36359],[9.09122,39.36325],[9.09182,39.36183],[9.09196,39.3613],[9.09229,39.35966],[9.09357,39.35602],[9.09364,39.35554],[9.09361,39.35471],[9.09363,39.35449],[9.09392,39.35318],[9.09393,39.35185],[9.09376,39.3512],[9.09356,39.35023],[9.09351,39.3492],[9.09334,39.34854],[9.09334,39.34763],[9.09331,39.34744],[9.09306,39.34663],[9.09301,39.34637],[9.09309,39.34531],[9.09285,39.3419],[9.09285,39.3415],[9.09326,39.3385],[9.09328,39.33815],[9.09321,39.33684],[9.09324,39.33544],[9.09313,39.33451],[9.09324,39.33362],[9.09324,39.33341],[9.09226,39.32926],[9.09227,39.32882],[9.09243,39.32794],[9.09244,39.32747],[9.09163,39.32526],[9.0909,39.32206],[9.09039,39.32048],[9.09033,39.32007],[9.09029,39.31899],[9.09041,39.31701],[9.09046,39.31655],[9.09081,39.31469],[9.09085,39.31415],[9.09052,39.31131],[9.09037,39.30829],[9.09034,39.30819]]},"properties":{}},{"type":"Feature","geometry":{"type":"LineString","coordinates":[[9.08739,39.25956],[9.08736,39.25966],[9.08723,39.25982],[9.08722,39.25992],[9.08701,39.26019],[9.08688,39.26045],[9.08673,39.26088],[9.08669,39.26117],[9.08675,39.26142],[9.08689,39.26162],[9.08714,39.26182],[9.08749,39.262]]},"properties":{}},{"type":"Feature","geometry":{"type":"LineString","coordinates":[[9.08853,39.25812],[9.08739,39.25956]]},"properties":{}},{"type":"Feature","geometry":{"type":"LineString","coordinates":[[9.08749,39.262],[9.08792,39.26204]]},"properties":{}},{"type":"Feature","geometry":{"type":"LineString","coordinates":[[9.0929,39.29943],[9.09259,39.29915],[9.09236,39.29885],[9.09208,39.29838],[9.09191,39.29801],[9.09064,39.29705],[9.0892,39.29544],[9.08763,39.29402]]},"properties":{}},{"type":"Feature","geometry":{"type":"LineString","coordinates":[[9.08763,39.29402],[9.08833,39.29354],[9.0893,39.29294]]},"properties":{}},{"type":"Feature","geometry":{"type":"LineString","coordinates":[[9.09229,39.26041],[9.09211,39.26027],[9.09198,39.26023],[9.09186,39.26023],[9.09165,39.26032],[9.09158,39.26031],[9.08982,39.26153],[9.0892,39.26189],[9.08895,39.26198],[9.08854,39.26207],[9.08819,39.26212],[9.08785,39.26211]]},"properties":{}},{"type":"Feature","geometry":{"type":"LineString","coordinates":[[9.08792,39.26204],[9.08785,39.26211]]},"properties":{}},{"type":"Feature","geometry":{"type":"LineString","coordinates":[[9.08792,39.26204],[9.08845,39.262],[9.08908,39.26185],[9.08954,39.26161],[9.09017,39.26118]]},"properties":{}},{"type":"Feature","geometry":{"type":"LineString","coordinates":[[9.09017,39.26118],[9.09027,39.26087],[9.09025,39.26078],[9.09017,39.26066],[9.08991,39.26053],[9.08962,39.26055],[9.08945,39.26066],[9.08869,39.26138],[9.08792,39.26204]]},"properties":{}},{"type":"Feature","geometry":{"type":"LineString","coordinates":[[9.08846,39.29109],[9.08861,39.29132],[9.08909,39.29253],[9.0893,39.29294]]},"properties":{}},{"type":"Feature","geometry":{"type":"LineString","coordinates":[[9.08853,39.25812],[9.08915,39.25825],[9.08983,39.25827],[9.09044,39.25822],[9.09089,39.25813]]},"properties":{}},{"type":"Feature","geometry":{"type":"LineString","coordinates":[[9.09671,39.24312],[9.09667,39.24347],[9.09669,39.24376],[9.09661,39.24681],[9.09652,39.24742],[9.09637,39.24791],[9.0963,39.24807],[9.09585,39.2488],[9.0952,39.24971],[9.08853,39.25812]]},"properties":{}},{"type":"Feature","geometry":{"type":"LineString","coordinates":[[9.0893,39.29294],[9.08974,39.29371],[9.0907,39.29506],[9.09151,39.2965],[9.0917,39.29676],[9.09211,39.29655]]},"properties":{}},{"type":"Feature","geometry":{"type":"LineString","coordinates":[[9.08934,39.21502],[9.08919,39.21518],[9.08911,39.21535],[9.08909,39.21543],[9.08914,39.21558],[9.08929,39.21573],[9.08949,39.21581],[9.08969,39.21581],[9.08999,39.21572],[9.09032,39.21552],[9.09068,39.21504]]},"properties":{}},{"type":"Feature","geometry":{"type":"LineString","coordinates":[[9.09068,39.21504],[9.09046,39.21494],[9.09003,39.21487],[9.08969,39.2149],[9.08934,39.21502]]},"properties":{}},{"type":"Feature","geometry":{"type":"LineString","coordinates":[[9.09017,39.26118],[9.09317,39.25913],[9.09397,39.25873],[9.09413,39.25858],[9.09383,39.25848],[9.09257,39.25837],[9.09149,39.25817],[9.09101,39.25812],[9.09089,39.25813]]},"properties":{}},{"type":"Feature","geometry":{"type":"LineString","coordinates":[[9.09034,39.30819],[9.09025,39.30819],[9.09021,39.30815],[9.09023,39.30808],[9.09028,39.30806]]},"properties":{}},{"type":"Feature","geometry":{"type":"LineString","coordinates":[[9.09028,39.30806],[9.09035,39.30792]]},"properties":{}},{"type":"Feature","geometry":{"type":"LineString","coordinates":[[9.09028,39.30806],[9.09034,39.30806]]},"properties":{}},{"type":"Feature","geometry":{"type":"LineString","coordinates":[[9.09038,39.30815],[9.09034,39.30819]]},"properties":{}},{"type":"Feature","geometry":{"type":"LineString","coordinates":[[9.09034,39.30806],[9.09038,39.3081],[9.09038,39.30815]]},"properties":{}},{"type":"Feature","geometry":{"type":"LineString","coordinates":[[9.09035,39.30792],[9.09034,39.30806]]},"properties":{}},{"type":"Feature","geometry":{"type":"LineString","coordinates":[[9.09038,39.30815],[9.09147,39.30851],[9.09279,39.30759],[9.09404,39.30649],[9.09477,39.30608],[9.09501,39.30591],[9.09568,39.30568],[9.09567,39.30555],[9.09548,39.3049],[9.09492,39.30372],[9.09422,39.30287],[9.0941,39.30203],[9.09393,39.30173],[9.09365,39.30139],[9.09268,39.29998],[9.09267,39.29991],[9.0929,39.29943]]},"properties":{}},{"type":"Feature","geometry":{"type":"LineString","coordinates":[[9.09043,39.21482],[9.09075,39.21495]]},"properties":{}},{"type":"Feature","geometry":{"type":"LineString","coordinates":[[9.09073,39.21415],[9.09056,39.21432],[9.09035,39.21465],[9.09037,39.21477],[9.09043,39.21482]]},"properties":{}},{"type":"Feature","geometry":{"type":"LineString","coordinates":[[9.09532,39.21697],[9.09068,39.21504]]},"properties":{}},{"type":"Feature","geometry":{"type":"LineString","coordinates":[[9.09068,39.21504],[9.09075,39.21495]]},"properties":{}},{"type":"Feature","geometry":{"type":"LineString","coordinates":[[9.09073,39.21415],[9.09088,39.21406],[9.0912,39.21399],[9.09142,39.21389]]},"properties":{}},{"type":"Feature","geometry":{"type":"LineString","coordinates":[[9.09112,39.21406],[9.09073,39.21415]]},"properties":{}},{"type":"Feature","geometry":{"type":"LineString","coordinates":[[9.09075,39.21495],[9.0951,39.21679]]},"properties":{}},{"type":"Feature","geometry":{"type":"LineString","coordinates":[[9.09075,39.21495],[9.09107,39.2145],[9.09109,39.21439],[9.09107,39.21418],[9.09112,39.21406]]},"properties":{}},{"type":"Feature","geometry":{"type":"LineString","coordinates":[[9.09332,39.25385],[9.09283,39.25546],[9.09268,39.25578],[9.09244,39.25613],[9.09174,39.25696],[9.09088,39.25808],[9.09089,39.25813]]},"properties":{}},{"type":"Feature","geometry":{"type":"LineString","coordinates":[[9.09111,39.2419],[9.09211,39.24065],[9.09239,39.24057],[9.09427,39.24154],[9.09534,39.24205],[9.09668,39.24205],[9.09668,39.24179],[9.09676,39.24169],[9.09691,39.24165],[9.0972,39.24165]]},"properties":{}},{"type":"Feature","geometry":{"type":"LineString","coordinates":[[9.09669,39.24307],[9.09654,39.24304],[9.0936,39.24296],[9.09335,39.24289],[9.09136,39.24186],[9.09128,39.24185],[9.09111,39.2419]]},"properties":{}},{"type":"Feature","geometry":{"type":"LineString","coordinates":[[9.09112,39.21406],[9.09139,39.21394],[9.09142,39.21389]]},"properties":{}},{"type":"Feature","geometry":{"type":"LineString","coordinates":[[9.09157,39.21381],[9.09155,39.21387],[9.09143,39.21395],[9.09112,39.21406]]},"properties":{}},{"type":"Feature","geometry":{"type":"LineString","coordinates":[[9.09142,39.21389],[9.09157,39.21381]]},"properties":{}},{"type":"Feature","geometry":{"type":"LineString","coordinates":[[9.09211,39.29655],[9.09393,39.29754]]},"properties":{}},{"type":"Feature","geometry":{"type":"LineString","coordinates":[[9.09211,39.29655],[9.0927,39.2961],[9.09498,39.29362],[9.09523,39.29341],[9.09524,39.29337],[9.09529,39.29337]]},"properties":{}},{"type":"Feature","geometry":{"type":"LineString","coordinates":[[9.0922,39.22995],[9.0925,39.23059]]},"properties":{}},{"type":"Feature","geometry":{"type":"LineString","coordinates":[[9.0925,39.23059],[9.0924,39.23067],[9.09183,39.23025],[9.0922,39.22995]]},"properties":{}},{"type":"Feature","geometry":{"type":"LineString","coordinates":[[9.0922,39.22995],[9.09216,39.22951],[9.0922,39.22898],[9.0923,39.2287],[9.09261,39.22829],[9.09262,39.22819],[9.09257,39.22795],[9.09262,39.22771],[9.0928,39.22747],[9.09371,39.22655],[9.09418,39.22594],[9.095,39.22444],[9.0952,39.22411],[9.09528,39.22404],[9.09692,39.22099],[9.09715,39.22051],[9.09724,39.22017],[9.09728,39.21993],[9.09722,39.21871],[9.09719,39.2185],[9.09705,39.2181],[9.09691,39.2179],[9.0965,39.21757],[9.09532,39.21697]]},"properties":{}},{"type":"Feature","geometry":{"type":"LineString","coordinates":[[9.09227,39.26057],[9.09203,39.26067],[9.09287,39.26191],[9.0931,39.26181],[9.09227,39.26057]]},"properties":{}},{"type":"Feature","geometry":{"type":"LineString","coordinates":[[9.09227,39.26057],[9.09236,39.26053],[9.09229,39.26041]]},"properties":{}},{"type":"Feature","geometry":{"type":"LineString","coordinates":[[9.10645,39.2597],[9.10526,39.2594],[9.10467,39.25939],[9.10419,39.2595],[9.1028,39.26006],[9.10248,39.26013],[9.10219,39.26015],[9.10181,39.26012],[9.09578,39.25888],[9.09526,39.25883],[9.0948,39.25883],[9.09418,39.25891],[9.09383,39.259],[9.09305,39.25935],[9.09246,39.25972],[9.09246,39.25977],[9.09231,39.2599],[9.09225,39.26006],[9.09229,39.26041]]},"properties":{}},{"type":"Feature","geometry":{"type":"LineString","coordinates":[[9.09464,39.22891],[9.09452,39.2295],[9.09428,39.23003],[9.09367,39.23099],[9.09339,39.23125],[9.09328,39.23132],[9.09313,39.23133],[9.09292,39.23126],[9.09271,39.23103],[9.0925,39.23059]]},"properties":{}},{"type":"Feature","geometry":{"type":"LineString","coordinates":[[9.09393,39.29754],[9.09306,39.2992],[9.0929,39.29943]]},"properties":{}},{"type":"Feature","geometry":{"type":"LineString","coordinates":[[9.09475,39.25321],[9.09408,39.25325],[9.09355,39.25332],[9.09343,39.25349],[9.09332,39.25385]]},"properties":{}},{"type":"Feature","geometry":{"type":"LineString","coordinates":[[9.09332,39.25385],[9.09477,39.25382]]},"properties":{}},{"type":"Feature","geometry":{"type":"LineString","coordinates":[[9.09393,39.29754],[9.09419,39.297],[9.09476,39.29566],[9.0953,39.2935],[9.09529,39.29343],[9.09532,39.2934],[9.09529,39.29337]]},"properties":{}},{"type":"Feature","geometry":{"type":"LineString","coordinates":[[9.09464,39.22891],[9.09462,39.22887],[9.09471,39.22856],[9.09474,39.22832]]},"properties":{}},{"type":"Feature","geometry":{"type":"LineString","coordinates":[[9.0948,39.22856],[9.09464,39.22891]]},"properties":{}},{"type":"Feature","geometry":{"type":"LineString","coordinates":[[9.09474,39.22832],[9.0948,39.22837],[9.09482,39.22844],[9.0948,39.22856]]},"properties":{}},{"type":"Feature","geometry":{"type":"LineString","coordinates":[[9.09877,39.21693],[9.09885,39.21717],[9.0988,39.21752],[9.09803,39.21885],[9.0972,39.2207],[9.09475,39.22529],[9.09471,39.22542],[9.09376,39.22756],[9.09362,39.22798],[9.09365,39.22811],[9.09372,39.22821],[9.09383,39.22827],[9.09402,39.22832],[9.09437,39.22834],[9.09474,39.22832]]},"properties":{}},{"type":"Feature","geometry":{"type":"LineString","coordinates":[[9.09474,39.22832],[9.09513,39.22801],[9.09586,39.22704],[9.09662,39.22594],[9.09689,39.2255]]},"properties":{}},{"type":"Feature","geometry":{"type":"LineString","coordinates":[[9.09475,39.25321],[9.09613,39.25333],[9.09657,39.2533],[9.09677,39.25323]]},"properties":{}},{"type":"Feature","geometry":{"type":"LineString","coordinates":[[9.09475,39.25321],[9.09477,39.25382]]},"properties":{}},{"type":"Feature","geometry":{"type":"LineString","coordinates":[[9.09555,39.25413],[9.09475,39.25414],[9.09477,39.25382]]},"properties":{}},{"type":"Feature","geometry":{"type":"LineString","coordinates":[[9.09477,39.25382],[9.0955,39.25382],[9.09557,39.25389],[9.09555,39.25413]]},"properties":{}},{"type":"Feature","geometry":{"type":"LineString","coordinates":[[9.09689,39.2255],[9.09686,39.22567],[9.09657,39.22619],[9.09547,39.22772],[9.095,39.22823],[9.0948,39.22856]]},"properties":{}},{"type":"Feature","geometry":{"type":"LineString","coordinates":[[9.0951,39.21679],[9.09539,39.21686],[9.09578,39.21689],[9.09613,39.21686],[9.09663,39.21672],[9.09735,39.21642],[9.09781,39.21637],[9.09809,39.21641],[9.09837,39.21653],[9.09854,39.21664],[9.09871,39.21685]]},"properties":{}},{"type":"Feature","geometry":{"type":"LineString","coordinates":[[9.0951,39.21679],[9.09595,39.21711],[9.09623,39.21719],[9.09676,39.21726],[9.09702,39.21727],[9.09768,39.21721],[9.09801,39.21714],[9.09829,39.21705],[9.09871,39.21685]]},"properties":{}},{"type":"Feature","geometry":{"type":"LineString","coordinates":[[9.09529,39.29337],[9.09533,39.29333],[9.09576,39.29162],[9.09583,39.29153]]},"properties":{}},{"type":"Feature","geometry":{"type":"LineString","coordinates":[[9.09877,39.21693],[9.09832,39.21713],[9.09803,39.21722],[9.09754,39.21732],[9.09706,39.21735],[9.09669,39.21734],[9.09614,39.21725],[9.09532,39.21697]]},"properties":{}},{"type":"Feature","geometry":{"type":"LineString","coordinates":[[9.09555,39.25413],[9.09556,39.25473],[9.09559,39.25478],[9.09569,39.25482],[9.09783,39.25518],[9.099,39.25548],[9.09937,39.25565],[9.09965,39.2559],[9.09973,39.25604],[9.09996,39.25703],[9.1,39.25716],[9.10011,39.25731],[9.1003,39.25745],[9.10048,39.25749],[9.10116,39.25762],[9.10137,39.25763],[9.10183,39.25753],[9.10203,39.25746],[9.10216,39.25714],[9.10204,39.25602],[9.10235,39.25492],[9.1025,39.25385]]},"properties":{}},{"type":"Feature","geometry":{"type":"LineString","coordinates":[[9.09583,39.29153],[9.09576,39.29147],[9.09585,39.29142]]},"properties":{}},{"type":"Feature","geometry":{"type":"LineString","coordinates":[[9.09585,39.29142],[9.0959,39.29146],[9.0959,39.29149],[9.09583,39.29153]]},"properties":{}},{"type":"Feature","geometry":{"type":"LineString","coordinates":[[9.09585,39.29142],[9.09584,39.2913],[9.09621,39.28898],[9.09668,39.28799],[9.09722,39.2871],[9.09751,39.28601],[9.09761,39.28576],[9.09786,39.28539],[9.09831,39.28499]]},"properties":{}},{"type":"Feature","geometry":{"type":"LineString","coordinates":[[9.09671,39.24312],[9.09669,39.24307]]},"properties":{}},{"type":"Feature","geometry":{"type":"LineString","coordinates":[[9.09669,39.24307],[9.09675,39.24296],[9.09689,39.24291],[9.09702,39.24295],[9.0977,39.24297]]},"properties":{}},{"type":"Feature","geometry":{"type":"LineString","coordinates":[[9.10136,39.24322],[9.10086,39.24313],[9.09733,39.24305],[9.09708,39.2431],[9.09701,39.24319],[9.09686,39.24321],[9.09677,39.24318],[9.09671,39.24312]]},"properties":{}},{"type":"Feature","geometry":{"type":"LineString","coordinates":[[9.09677,39.25323],[9.09787,39.25282],[9.09927,39.25235],[9.09955,39.25226],[9.10005,39.25218]]},"properties":{}},{"type":"Feature","geometry":{"type":"LineString","coordinates":[[9.10017,39.25227],[9.09957,39.25235],[9.09722,39.25312],[9.09677,39.25323]]},"properties":{}},{"type":"Feature","geometry":{"type":"LineString","coordinates":[[9.09689,39.2255],[9.09727,39.22362],[9.09737,39.22341],[9.09757,39.2232],[9.09782,39.22306],[9.09799,39.22302],[9.09855,39.22299],[9.09891,39.22289],[9.09911,39.22271],[9.09919,39.22252],[9.09927,39.22208],[9.09959,39.21712]]},"properties":{}},{"type":"Feature","geometry":{"type":"LineString","coordinates":[[9.0972,39.24165],[9.09976,39.24169],[9.09988,39.24165],[9.1008,39.24108]]},"properties":{}},{"type":"Feature","geometry":{"type":"LineString","coordinates":[[9.0972,39.24165],[9.09697,39.2417],[9.09687,39.24175],[9.09681,39.24183],[9.09679,39.24195],[9.09673,39.24203],[9.09672,39.24261],[9.09698,39.24281],[9.09718,39.2429],[9.09765,39.24293],[9.0977,39.24297]]},"properties":{}},{"type":"Feature","geometry":{"type":"LineString","coordinates":[[9.09723,39.23403],[9.09727,39.23412],[9.09727,39.23429],[9.09768,39.23534],[9.09784,39.23552],[9.09925,39.23671]]},"properties":{}},{"type":"Feature","geometry":{"type":"LineString","coordinates":[[9.09723,39.23403],[9.0971,39.23399],[9.09708,39.23386],[9.09713,39.2338],[9.09722,39.23378],[9.09743,39.23358]]},"properties":{}},{"type":"Feature","geometry":{"type":"LineString","coordinates":[[9.09743,39.23358],[9.09738,39.23376],[9.09737,39.23394],[9.0973,39.23401],[9.09723,39.23403]]},"properties":{}},{"type":"Feature","geometry":{"type":"LineString","coordinates":[[9.10032,39.22652],[9.09793,39.23181],[9.09775,39.23233],[9.09743,39.23358]]},"properties":{}},{"type":"Feature","geometry":{"type":"LineString","coordinates":[[9.0977,39.24297],[9.10079,39.24305],[9.10126,39.24302]]},"properties":{}},{"type":"Feature","geometry":{"type":"LineString","coordinates":[[9.09831,39.28499],[9.09838,39.28487]]},"properties":{}},{"type":"Feature","geometry":{"type":"LineString","coordinates":[[9.09848,39.28498],[9.09831,39.28499]]},"properties":{}},{"type":"Feature","geometry":{"type":"LineString","coordinates":[[9.09848,39.28498],[9.09841,39.28494],[9.09838,39.28487]]},"properties":{}},{"type":"Feature","geometry":{"type":"LineString","coordinates":[[9.09838,39.28487],[9.09844,39.28478],[9.09853,39.28476]]},"properties":{}},{"type":"Feature","geometry":{"type":"LineString","coordinates":[[9.09865,39.28481],[9.09868,39.28488],[9.09864,39.28495],[9.09857,39.28498],[9.09848,39.28498]]},"properties":{}},{"type":"Feature","geometry":{"type":"LineString","coordinates":[[9.09853,39.28476],[9.09865,39.28481]]},"properties":{}},{"type":"Feature","geometry":{"type":"LineString","coordinates":[[9.09853,39.28476],[9.09865,39.28464]]},"properties":{}},{"type":"Feature","geometry":{"type":"LineString","coordinates":[[9.09865,39.28464],[9.09865,39.28481]]},"properties":{}},{"type":"Feature","geometry":{"type":"LineString","coordinates":[[9.09865,39.28464],[9.09879,39.28446],[9.09902,39.28427],[9.09934,39.28405],[9.09991,39.28372],[9.10026,39.28345],[9.10127,39.2822],[9.10221,39.28093],[9.10257,39.28054],[9.10402,39.2791],[9.10471,39.2785],[9.10602,39.27777],[9.10695,39.27734],[9.10763,39.27715],[9.10926,39.27677],[9.11036,39.27671],[9.11068,39.27665],[9.11097,39.27654],[9.11202,39.27582],[9.11237,39.27566],[9.1145,39.27508],[9.11487,39.27493],[9.11516,39.2747],[9.11584,39.2738],[9.11607,39.27359],[9.11742,39.27281],[9.11851,39.27228],[9.11928,39.27173],[9.11963,39.2714],[9.12159,39.26914]]},"properties":{}},{"type":"Feature","geometry":{"type":"LineString","coordinates":[[9.09871,39.21685],[9.09877,39.21693]]},"properties":{}},{"type":"Feature","geometry":{"type":"LineString","coordinates":[[9.09871,39.21685],[9.09887,39.21677],[9.09925,39.21647]]},"properties":{}},{"type":"Feature","geometry":{"type":"LineString","coordinates":[[9.09933,39.21652],[9.09909,39.21673],[9.09877,39.21693]]},"properties":{}},{"type":"Feature","geometry":{"type":"LineString","coordinates":[[9.09925,39.23671],[9.09935,39.23674],[9.10013,39.23741],[9.10067,39.23759]]},"properties":{}},{"type":"Feature","geometry":{"type":"LineString","coordinates":[[9.09978,39.238],[9.09981,39.23791],[9.10007,39.23767],[9.1001,39.23762],[9.10007,39.23751],[9.09928,39.2368],[9.09925,39.23671]]},"properties":{}},{"type":"Feature","geometry":{"type":"LineString","coordinates":[[9.10679,39.23025],[9.10362,39.23208],[9.10338,39.23226],[9.10227,39.23344],[9.10147,39.23439],[9.10098,39.23487],[9.10028,39.23544],[9.09925,39.23671]]},"properties":{}},{"type":"Feature","geometry":{"type":"LineString","coordinates":[[9.09933,39.21652],[9.09925,39.21647]]},"properties":{}},{"type":"Feature","geometry":{"type":"LineString","coordinates":[[9.09925,39.21647],[9.09919,39.21641],[9.09915,39.21633],[9.0992,39.21622],[9.09959,39.21566],[9.09977,39.21555],[9.10004,39.21549],[9.10046,39.21533],[9.10086,39.21513]]},"properties":{}},{"type":"Feature","geometry":{"type":"LineString","coordinates":[[9.09925,39.21647],[9.09959,39.21612],[9.09971,39.21604],[9.09962,39.2162],[9.09933,39.21652]]},"properties":{}},{"type":"Feature","geometry":{"type":"LineString","coordinates":[[9.09959,39.21712],[9.09955,39.21678],[9.09944,39.2166],[9.09933,39.21652]]},"properties":{}},{"type":"Feature","geometry":{"type":"LineString","coordinates":[[9.10086,39.21513],[9.10032,39.21565],[9.0997,39.21641],[9.09965,39.2166],[9.09959,39.21712]]},"properties":{}},{"type":"Feature","geometry":{"type":"LineString","coordinates":[[9.10002,39.23877],[9.09978,39.23807],[9.09978,39.238]]},"properties":{}},{"type":"Feature","geometry":{"type":"LineString","coordinates":[[9.09978,39.238],[9.1004,39.23761],[9.10067,39.23759]]},"properties":{}},{"type":"Feature","geometry":{"type":"LineString","coordinates":[[9.10048,39.23901],[9.10035,39.23902],[9.1002,39.23897],[9.10002,39.23877]]},"properties":{}},{"type":"Feature","geometry":{"type":"LineString","coordinates":[[9.10018,39.23927],[9.10002,39.23884],[9.10002,39.23877]]},"properties":{}},{"type":"Feature","geometry":{"type":"LineString","coordinates":[[9.10017,39.25227],[9.10005,39.25218]]},"properties":{}},{"type":"Feature","geometry":{"type":"LineString","coordinates":[[9.10013,39.25109],[9.10004,39.25136],[9.10005,39.25218]]},"properties":{}},{"type":"Feature","geometry":{"type":"LineString","coordinates":[[9.10005,39.25218],[9.10255,39.2518],[9.10268,39.25174]]},"properties":{}},{"type":"Feature","geometry":{"type":"LineString","coordinates":[[9.10013,39.25109],[9.09991,39.25105],[9.09615,39.2511],[9.09598,39.25108],[9.09589,39.25101],[9.09593,39.25089],[9.09667,39.24975],[9.09693,39.24962],[9.1011,39.24956]]},"properties":{}},{"type":"Feature","geometry":{"type":"LineString","coordinates":[[9.1011,39.24956],[9.10102,39.24976],[9.10025,39.25085],[9.10013,39.25109]]},"properties":{}},{"type":"Feature","geometry":{"type":"LineString","coordinates":[[9.10272,39.25187],[9.10017,39.25227]]},"properties":{}},{"type":"Feature","geometry":{"type":"LineString","coordinates":[[9.1008,39.24108],[9.10018,39.23927]]},"properties":{}},{"type":"Feature","geometry":{"type":"LineString","coordinates":[[9.10048,39.23901],[9.10025,39.23917],[9.10018,39.23927]]},"properties":{}},{"type":"Feature","geometry":{"type":"LineString","coordinates":[[9.1005,39.22608],[9.10032,39.22652]]},"properties":{}},{"type":"Feature","geometry":{"type":"LineString","coordinates":[[9.10097,39.22601],[9.10057,39.22629],[9.10032,39.22652]]},"properties":{}},{"type":"Feature","geometry":{"type":"LineString","coordinates":[[9.10189,39.23822],[9.10048,39.23901]]},"properties":{}},{"type":"Feature","geometry":{"type":"LineString","coordinates":[[9.10243,39.2218],[9.1008,39.22534],[9.1005,39.22608]]},"properties":{}},{"type":"Feature","geometry":{"type":"LineString","coordinates":[[9.1005,39.22608],[9.10068,39.22603],[9.10097,39.22601]]},"properties":{}},{"type":"Feature","geometry":{"type":"LineString","coordinates":[[9.10067,39.23759],[9.10168,39.23781]]},"properties":{}},{"type":"Feature","geometry":{"type":"LineString","coordinates":[[9.10131,39.24256],[9.1008,39.24108]]},"properties":{}},{"type":"Feature","geometry":{"type":"LineString","coordinates":[[9.10086,39.21513],[9.1025,39.21467]]},"properties":{}},{"type":"Feature","geometry":{"type":"LineString","coordinates":[[9.10486,39.22312],[9.10097,39.22601]]},"properties":{}},{"type":"Feature","geometry":{"type":"LineString","coordinates":[[9.1011,39.24956],[9.10261,39.24952]]},"properties":{}},{"type":"Feature","geometry":{"type":"LineString","coordinates":[[9.10136,39.24322],[9.10126,39.24314],[9.10126,39.24302]]},"properties":{}},{"type":"Feature","geometry":{"type":"LineString","coordinates":[[9.10126,39.24302],[9.10128,39.24299]]},"properties":{}},{"type":"Feature","geometry":{"type":"LineString","coordinates":[[9.10127,39.25384],[9.1025,39.25385]]},"properties":{}},{"type":"Feature","geometry":{"type":"LineString","coordinates":[[9.10127,39.25384],[9.10128,39.25541],[9.10121,39.25547],[9.10107,39.25549],[9.10102,39.25546],[9.10056,39.25464],[9.10052,39.25383],[9.10127,39.25384]]},"properties":{}},{"type":"Feature","geometry":{"type":"LineString","coordinates":[[9.10128,39.24299],[9.10134,39.2429],[9.10131,39.24256]]},"properties":{}},{"type":"Feature","geometry":{"type":"LineString","coordinates":[[9.10128,39.24299],[9.10139,39.24294],[9.10152,39.24295]]},"properties":{}},{"type":"Feature","geometry":{"type":"LineString","coordinates":[[9.10131,39.24256],[9.10152,39.24295]]},"properties":{}},{"type":"Feature","geometry":{"type":"LineString","coordinates":[[9.10145,39.24323],[9.10136,39.24322]]},"properties":{}},{"type":"Feature","geometry":{"type":"LineString","coordinates":[[9.10422,39.24613],[9.10408,39.24596],[9.1029,39.24484],[9.1026,39.24412],[9.10249,39.24394],[9.10207,39.2435],[9.10188,39.24336],[9.10145,39.24323]]},"properties":{}},{"type":"Feature","geometry":{"type":"LineString","coordinates":[[9.10163,39.24306],[9.10163,39.24311],[9.10157,39.2432],[9.10145,39.24323]]},"properties":{}},{"type":"Feature","geometry":{"type":"LineString","coordinates":[[9.10152,39.24295],[9.10163,39.24306]]},"properties":{}},{"type":"Feature","geometry":{"type":"LineString","coordinates":[[9.10163,39.24306],[9.10187,39.24321],[9.10259,39.24391],[9.10267,39.24402],[9.10291,39.24465],[9.10306,39.24488],[9.10402,39.2458],[9.10422,39.24586]]},"properties":{}},{"type":"Feature","geometry":{"type":"LineString","coordinates":[[9.10168,39.23781],[9.10232,39.23784],[9.10317,39.23781]]},"properties":{}},{"type":"Feature","geometry":{"type":"LineString","coordinates":[[9.10168,39.23781],[9.10192,39.23798],[9.10193,39.23804],[9.10189,39.23822]]},"properties":{}},{"type":"Feature","geometry":{"type":"LineString","coordinates":[[9.10317,39.23781],[9.10244,39.238],[9.10189,39.23822]]},"properties":{}},{"type":"Feature","geometry":{"type":"LineString","coordinates":[[9.10486,39.22312],[9.10243,39.2218]]},"properties":{}},{"type":"Feature","geometry":{"type":"LineString","coordinates":[[9.10424,39.21978],[9.10366,39.22017],[9.10335,39.22043],[9.10317,39.22064],[9.10266,39.22133],[9.10243,39.2218]]},"properties":{}},{"type":"Feature","geometry":{"type":"LineString","coordinates":[[9.1078,39.21416],[9.10602,39.21473],[9.10521,39.21495],[9.1025,39.21467]]},"properties":{}},{"type":"Feature","geometry":{"type":"LineString","coordinates":[[9.1025,39.21467],[9.10608,39.21373],[9.10649,39.21371],[9.10737,39.21379]]},"properties":{}},{"type":"Feature","geometry":{"type":"LineString","coordinates":[[9.1025,39.25385],[9.10264,39.25251],[9.10279,39.25202],[9.10276,39.2519]]},"properties":{}},{"type":"Feature","geometry":{"type":"LineString","coordinates":[[9.10285,39.24967],[9.10261,39.24952]]},"properties":{}},{"type":"Feature","geometry":{"type":"LineString","coordinates":[[9.10261,39.24952],[9.10292,39.24944]]},"properties":{}},{"type":"Feature","geometry":{"type":"LineString","coordinates":[[9.10293,39.24976],[9.10285,39.24967]]},"properties":{}},{"type":"Feature","geometry":{"type":"LineString","coordinates":[[9.10285,39.24967],[9.10283,39.24956],[9.10292,39.24944]]},"properties":{}},{"type":"Feature","geometry":{"type":"LineString","coordinates":[[9.10292,39.24944],[9.10298,39.24941]]},"properties":{}},{"type":"Feature","geometry":{"type":"LineString","coordinates":[[9.10318,39.24978],[9.10305,39.24979],[9.10293,39.24976]]},"properties":{}},{"type":"Feature","geometry":{"type":"LineString","coordinates":[[9.10305,39.24997],[9.10293,39.24976]]},"properties":{}},{"type":"Feature","geometry":{"type":"LineString","coordinates":[[9.10296,39.25121],[9.10293,39.25148],[9.10296,39.25167]]},"properties":{}},{"type":"Feature","geometry":{"type":"LineString","coordinates":[[9.10296,39.25121],[9.10303,39.25128],[9.10302,39.25159],[9.10316,39.25176]]},"properties":{}},{"type":"Feature","geometry":{"type":"LineString","coordinates":[[9.10296,39.25121],[9.10295,39.2511],[9.10305,39.24997]]},"properties":{}},{"type":"Feature","geometry":{"type":"LineString","coordinates":[[9.10298,39.24941],[9.10321,39.24919],[9.10338,39.24885],[9.10422,39.24613]]},"properties":{}},{"type":"Feature","geometry":{"type":"LineString","coordinates":[[9.10298,39.24941],[9.10313,39.2494],[9.10327,39.24945]]},"properties":{}},{"type":"Feature","geometry":{"type":"LineString","coordinates":[[9.1091,39.25112],[9.10761,39.25149],[9.10298,39.25187]]},"properties":{}},{"type":"Feature","geometry":{"type":"LineString","coordinates":[[9.10302,39.25174],[9.10316,39.25176]]},"properties":{}},{"type":"Feature","geometry":{"type":"LineString","coordinates":[[9.10318,39.24978],[9.10305,39.24997]]},"properties":{}},{"type":"Feature","geometry":{"type":"LineString","coordinates":[[9.10316,39.25176],[9.10744,39.25144],[9.10774,39.25139],[9.10849,39.25119],[9.10874,39.2511],[9.10891,39.25098]]},"properties":{}},{"type":"Feature","geometry":{"type":"LineString","coordinates":[[9.10317,39.23781],[9.10333,39.23777]]},"properties":{}},{"type":"Feature","geometry":{"type":"LineString","coordinates":[[9.10327,39.24945],[9.10333,39.24954],[9.10334,39.24964],[9.10328,39.24972],[9.10318,39.24978]]},"properties":{}},{"type":"Feature","geometry":{"type":"LineString","coordinates":[[9.10434,39.24608],[9.10352,39.24876],[9.10332,39.24922],[9.10327,39.24945]]},"properties":{}},{"type":"Feature","geometry":{"type":"LineString","coordinates":[[9.10333,39.23777],[9.10417,39.23858],[9.10436,39.23866],[9.10476,39.23894],[9.10552,39.23854]]},"properties":{}},{"type":"Feature","geometry":{"type":"LineString","coordinates":[[9.10333,39.23777],[9.10426,39.23753]]},"properties":{}},{"type":"Feature","geometry":{"type":"LineString","coordinates":[[9.10422,39.24613],[9.10422,39.24607],[9.10416,39.24592],[9.10422,39.24586]]},"properties":{}},{"type":"Feature","geometry":{"type":"LineString","coordinates":[[9.10422,39.24586],[9.10431,39.24587],[9.10434,39.2459],[9.10434,39.24608]]},"properties":{}},{"type":"Feature","geometry":{"type":"LineString","coordinates":[[9.10424,39.21978],[9.10445,39.21999],[9.10568,39.22067]]},"properties":{}},{"type":"Feature","geometry":{"type":"LineString","coordinates":[[9.10514,39.21924],[9.10424,39.21978]]},"properties":{}},{"type":"Feature","geometry":{"type":"LineString","coordinates":[[9.10552,39.23854],[9.10495,39.23815],[9.10426,39.23753]]},"properties":{}},{"type":"Feature","geometry":{"type":"LineString","coordinates":[[9.10426,39.23753],[9.10584,39.23703],[9.10906,39.23566],[9.11045,39.23459]]},"properties":{}},{"type":"Feature","geometry":{"type":"LineString","coordinates":[[9.10434,39.24608],[9.10447,39.24569],[9.10459,39.2452],[9.10466,39.24476],[9.10479,39.24431],[9.10514,39.24359],[9.10549,39.24276],[9.10587,39.24195],[9.10601,39.24173],[9.10713,39.24062]]},"properties":{}},{"type":"Feature","geometry":{"type":"LineString","coordinates":[[9.10529,39.22282],[9.10486,39.22312]]},"properties":{}},{"type":"Feature","geometry":{"type":"LineString","coordinates":[[9.10514,39.21924],[9.10703,39.21721],[9.10747,39.21687],[9.10806,39.21647]]},"properties":{}},{"type":"Feature","geometry":{"type":"LineString","coordinates":[[9.10806,39.21647],[9.1087,39.21708],[9.10611,39.21867],[9.10514,39.21924]]},"properties":{}},{"type":"Feature","geometry":{"type":"LineString","coordinates":[[9.10745,39.22288],[9.10692,39.22283],[9.1065,39.22284],[9.1059,39.22295],[9.10577,39.22295],[9.10529,39.22282]]},"properties":{}},{"type":"Feature","geometry":{"type":"LineString","coordinates":[[9.10619,39.22193],[9.10529,39.22282]]},"properties":{}},{"type":"Feature","geometry":{"type":"LineString","coordinates":[[9.10552,39.23854],[9.10597,39.23874],[9.10641,39.23888],[9.10724,39.239],[9.10809,39.2392],[9.1087,39.23948],[9.10713,39.24062]]},"properties":{}},{"type":"Feature","geometry":{"type":"LineString","coordinates":[[9.10568,39.22067],[9.1067,39.22123]]},"properties":{}},{"type":"Feature","geometry":{"type":"LineString","coordinates":[[9.10568,39.22067],[9.10608,39.22035],[9.1087,39.21862],[9.10958,39.21828],[9.11109,39.21748],[9.11206,39.21705],[9.11212,39.21699],[9.11209,39.21691],[9.11264,39.21661]]},"properties":{}},{"type":"Feature","geometry":{"type":"LineString","coordinates":[[9.10619,39.22193],[9.10745,39.22288]]},"properties":{}},{"type":"Feature","geometry":{"type":"LineString","coordinates":[[9.1067,39.22123],[9.10619,39.22193]]},"properties":{}},{"type":"Feature","geometry":{"type":"LineString","coordinates":[[9.10729,39.25993],[9.10645,39.2597]]},"properties":{}},{"type":"Feature","geometry":{"type":"LineString","coordinates":[[9.10645,39.2597],[9.10625,39.25971],[9.10595,39.25964],[9.10571,39.25963],[9.10539,39.2597],[9.1052,39.25979],[9.10502,39.25997],[9.10493,39.26017],[9.10491,39.26029],[9.10498,39.26051],[9.10519,39.26074],[9.10544,39.26085],[9.1057,39.26089],[9.10602,39.26084],[9.1062,39.26077],[9.10669,39.26046],[9.10729,39.25993]]},"properties":{}},{"type":"Feature","geometry":{"type":"LineString","coordinates":[[9.1065,39.23289],[9.10617,39.23309],[9.1059,39.23298],[9.1059,39.23293],[9.10623,39.23273],[9.10632,39.23271],[9.1065,39.23289]]},"properties":{}},{"type":"Feature","geometry":{"type":"LineString","coordinates":[[9.1065,39.23289],[9.10664,39.23277],[9.10641,39.23242],[9.10698,39.23203],[9.10719,39.23084],[9.10719,39.23069],[9.10679,39.23025]]},"properties":{}},{"type":"Feature","geometry":{"type":"LineString","coordinates":[[9.11399,39.22497],[9.11277,39.22438],[9.11193,39.22387],[9.11093,39.22335],[9.11049,39.22301],[9.1097,39.22221],[9.10961,39.22207],[9.10963,39.22187],[9.10987,39.22117],[9.10819,39.22081],[9.10743,39.22034],[9.1072,39.22058],[9.1067,39.22123]]},"properties":{}},{"type":"Feature","geometry":{"type":"LineString","coordinates":[[9.10932,39.22752],[9.10784,39.22959],[9.10756,39.2298],[9.10679,39.23025]]},"properties":{}},{"type":"Feature","geometry":{"type":"LineString","coordinates":[[9.1126,39.2354],[9.11258,39.2356],[9.11264,39.23645],[9.1126,39.23675],[9.1128,39.23869],[9.11271,39.23928],[9.11274,39.23982],[9.1126,39.23999],[9.11162,39.24077],[9.1114,39.24082],[9.1112,39.24077],[9.11091,39.24099],[9.11086,39.24108],[9.11085,39.2412],[9.11089,39.2413],[9.1116,39.24179],[9.11163,39.24193],[9.11157,39.24202],[9.11121,39.24207],[9.11055,39.24204],[9.10971,39.24191],[9.10857,39.24167],[9.10713,39.24062]]},"properties":{}},{"type":"Feature","geometry":{"type":"LineString","coordinates":[[9.10737,39.25995],[9.10729,39.25993]]},"properties":{}},{"type":"Feature","geometry":{"type":"LineString","coordinates":[[9.10729,39.25993],[9.11084,39.25658],[9.11115,39.25625],[9.11142,39.25587],[9.11398,39.25177],[9.11396,39.25167],[9.11407,39.25134],[9.11464,39.24999],[9.11462,39.24983],[9.11448,39.24969]]},"properties":{}},{"type":"Feature","geometry":{"type":"LineString","coordinates":[[9.10737,39.21379],[9.10807,39.21403],[9.10819,39.2141]]},"properties":{}},{"type":"Feature","geometry":{"type":"LineString","coordinates":[[9.10737,39.21379],[9.10746,39.21388],[9.10774,39.21399],[9.1079,39.21413]]},"properties":{}},{"type":"Feature","geometry":{"type":"LineString","coordinates":[[9.10765,39.26003],[9.10737,39.25995]]},"properties":{}},{"type":"Feature","geometry":{"type":"LineString","coordinates":[[9.10737,39.25995],[9.10724,39.26007],[9.10687,39.2606],[9.10684,39.26084],[9.10691,39.26103],[9.10702,39.26118],[9.10717,39.26128],[9.10735,39.26136],[9.10766,39.26141],[9.10796,39.26138],[9.1082,39.26126],[9.10838,39.26112],[9.10849,39.26091],[9.1085,39.26074],[9.10845,39.26055],[9.10833,39.26037],[9.10815,39.26025],[9.10768,39.26009],[9.10765,39.26003]]},"properties":{}},{"type":"Feature","geometry":{"type":"LineString","coordinates":[[9.10998,39.25748],[9.10737,39.25995]]},"properties":{}},{"type":"Feature","geometry":{"type":"LineString","coordinates":[[9.10745,39.22288],[9.109,39.22345],[9.10931,39.22367],[9.10999,39.22438],[9.11019,39.22469],[9.11046,39.2259],[9.11044,39.22618],[9.11034,39.22647],[9.11015,39.22671],[9.10959,39.22709],[9.10951,39.2272]]},"properties":{}},{"type":"Feature","geometry":{"type":"LineString","coordinates":[[9.12368,39.26745],[9.12464,39.26686],[9.12604,39.26586],[9.12614,39.26571],[9.1261,39.26549],[9.12597,39.26538],[9.12566,39.26526],[9.11837,39.26472],[9.11785,39.26466],[9.11681,39.26446],[9.11179,39.26333],[9.11145,39.26322],[9.11122,39.26307],[9.111,39.26287],[9.11087,39.26266],[9.1104,39.26128],[9.11025,39.26106],[9.11001,39.26082],[9.10972,39.26063],[9.10935,39.26048],[9.10765,39.26003]]},"properties":{}},{"type":"Feature","geometry":{"type":"LineString","coordinates":[[9.1078,39.21416],[9.10881,39.2152],[9.10904,39.21527]]},"properties":{}},{"type":"Feature","geometry":{"type":"LineString","coordinates":[[9.1079,39.21413],[9.1078,39.21416]]},"properties":{}},{"type":"Feature","geometry":{"type":"LineString","coordinates":[[9.10819,39.2141],[9.1079,39.21413]]},"properties":{}},{"type":"Feature","geometry":{"type":"LineString","coordinates":[[9.10938,39.21565],[9.10806,39.21647]]},"properties":{}},{"type":"Feature","geometry":{"type":"LineString","coordinates":[[9.10819,39.2141],[9.1091,39.21441],[9.10956,39.21453],[9.11042,39.21453],[9.11046,39.21459]]},"properties":{}},{"type":"Feature","geometry":{"type":"LineString","coordinates":[[9.1088,39.25057],[9.10861,39.25053],[9.10837,39.25006]]},"properties":{}},{"type":"Feature","geometry":{"type":"LineString","coordinates":[[9.10869,39.25014],[9.10909,39.25078]]},"properties":{}},{"type":"Feature","geometry":{"type":"LineString","coordinates":[[9.1088,39.25057],[9.10857,39.25018],[9.10869,39.25014]]},"properties":{}},{"type":"Feature","geometry":{"type":"LineString","coordinates":[[9.10869,39.25014],[9.10863,39.24996],[9.10872,39.24989],[9.11008,39.24939],[9.1103,39.24928],[9.11056,39.249],[9.11074,39.2489],[9.11121,39.24878],[9.11178,39.24857],[9.1127,39.24803],[9.11362,39.24784],[9.11463,39.24738]]},"properties":{}},{"type":"Feature","geometry":{"type":"LineString","coordinates":[[9.10894,39.25085],[9.1088,39.25057]]},"properties":{}},{"type":"Feature","geometry":{"type":"LineString","coordinates":[[9.1091,39.25112],[9.10899,39.25108],[9.10891,39.25098]]},"properties":{}},{"type":"Feature","geometry":{"type":"LineString","coordinates":[[9.10891,39.25098],[9.10894,39.25085]]},"properties":{}},{"type":"Feature","geometry":{"type":"LineString","coordinates":[[9.10894,39.25085],[9.10909,39.25078]]},"properties":{}},{"type":"Feature","geometry":{"type":"LineString","coordinates":[[9.10904,39.21527],[9.10938,39.21565]]},"properties":{}},{"type":"Feature","geometry":{"type":"LineString","coordinates":[[9.10909,39.2151],[9.10904,39.21517],[9.10904,39.21527]]},"properties":{}},{"type":"Feature","geometry":{"type":"LineString","coordinates":[[9.10909,39.2151],[9.10954,39.21556]]},"properties":{}},{"type":"Feature","geometry":{"type":"LineString","coordinates":[[9.10909,39.2151],[9.10912,39.21523],[9.10947,39.2156]]},"properties":{}},{"type":"Feature","geometry":{"type":"LineString","coordinates":[[9.10991,39.21466],[9.10973,39.21471],[9.10909,39.2151]]},"properties":{}},{"type":"Feature","geometry":{"type":"LineString","coordinates":[[9.10909,39.25078],[9.10923,39.2508]]},"properties":{}},{"type":"Feature","geometry":{"type":"LineString","coordinates":[[9.10932,39.25102],[9.10924,39.25109],[9.1091,39.25112]]},"properties":{}},{"type":"Feature","geometry":{"type":"LineString","coordinates":[[9.10923,39.2508],[9.10956,39.25086],[9.10998,39.25081],[9.11228,39.25021],[9.1142,39.24964],[9.11437,39.24955],[9.11448,39.24927],[9.11458,39.24916],[9.11471,39.24908],[9.11488,39.24903]]},"properties":{}},{"type":"Feature","geometry":{"type":"LineString","coordinates":[[9.10923,39.2508],[9.10933,39.25089],[9.10932,39.25102]]},"properties":{}},{"type":"Feature","geometry":{"type":"LineString","coordinates":[[9.10932,39.22752],[9.10939,39.22741]]},"properties":{}},{"type":"Feature","geometry":{"type":"LineString","coordinates":[[9.10945,39.22746],[9.10932,39.22752]]},"properties":{}},{"type":"Feature","geometry":{"type":"LineString","coordinates":[[9.11448,39.24969],[9.11434,39.24968],[9.11203,39.25036],[9.11001,39.25087],[9.10955,39.25093],[9.10932,39.25102]]},"properties":{}},{"type":"Feature","geometry":{"type":"LineString","coordinates":[[9.10947,39.2156],[9.10938,39.21565]]},"properties":{}},{"type":"Feature","geometry":{"type":"LineString","coordinates":[[9.10945,39.22746],[9.10939,39.22741]]},"properties":{}},{"type":"Feature","geometry":{"type":"LineString","coordinates":[[9.10939,39.22741],[9.10942,39.22736]]},"properties":{}},{"type":"Feature","geometry":{"type":"LineString","coordinates":[[9.10942,39.22736],[9.10951,39.2272]]},"properties":{}},{"type":"Feature","geometry":{"type":"LineString","coordinates":[[9.10942,39.22736],[9.10951,39.22736]]},"properties":{}},{"type":"Feature","geometry":{"type":"LineString","coordinates":[[9.10959,39.22748],[9.10945,39.22746]]},"properties":{}},{"type":"Feature","geometry":{"type":"LineString","coordinates":[[9.10954,39.21556],[9.10947,39.2156]]},"properties":{}},{"type":"Feature","geometry":{"type":"LineString","coordinates":[[9.10951,39.2272],[9.10951,39.22736]]},"properties":{}},{"type":"Feature","geometry":{"type":"LineString","coordinates":[[9.10951,39.22736],[9.10959,39.22748]]},"properties":{}},{"type":"Feature","geometry":{"type":"LineString","coordinates":[[9.10963,39.21552],[9.10954,39.21556]]},"properties":{}},{"type":"Feature","geometry":{"type":"LineString","coordinates":[[9.10959,39.22748],[9.11123,39.22821]]},"properties":{}},{"type":"Feature","geometry":{"type":"LineString","coordinates":[[9.10991,39.21466],[9.10922,39.21506],[9.10922,39.21511],[9.10963,39.21552]]},"properties":{}},{"type":"Feature","geometry":{"type":"LineString","coordinates":[[9.11075,39.21486],[9.10963,39.21552]]},"properties":{}},{"type":"Feature","geometry":{"type":"LineString","coordinates":[[9.11046,39.21459],[9.10991,39.21466]]},"properties":{}},{"type":"Feature","geometry":{"type":"LineString","coordinates":[[9.10998,39.25748],[9.10992,39.25761],[9.10969,39.25787],[9.1096,39.25803],[9.10952,39.25831],[9.10953,39.25846],[9.11095,39.26262],[9.11115,39.26291],[9.11137,39.26309],[9.11153,39.26317],[9.11186,39.26328],[9.11689,39.26439],[9.11809,39.26461],[9.12435,39.26508],[9.12752,39.26537]]},"properties":{}},{"type":"Feature","geometry":{"type":"LineString","coordinates":[[9.11396,39.25199],[9.11139,39.25605],[9.11113,39.25639],[9.10998,39.25748]]},"properties":{}},{"type":"Feature","geometry":{"type":"LineString","coordinates":[[9.11045,39.23459],[9.11054,39.23446],[9.11087,39.23418],[9.11091,39.23407]]},"properties":{}},{"type":"Feature","geometry":{"type":"LineString","coordinates":[[9.11107,39.23417],[9.11057,39.23454],[9.11045,39.23459]]},"properties":{}},{"type":"Feature","geometry":{"type":"LineString","coordinates":[[9.11075,39.21486],[9.11046,39.21459]]},"properties":{}},{"type":"Feature","geometry":{"type":"LineString","coordinates":[[9.11075,39.21486],[9.11096,39.21493],[9.11111,39.21509],[9.11111,39.21517]]},"properties":{}},{"type":"Feature","geometry":{"type":"LineString","coordinates":[[9.11111,39.21517],[9.11103,39.21515],[9.11075,39.21486]]},"properties":{}},{"type":"Feature","geometry":{"type":"LineString","coordinates":[[9.11075,39.21486],[9.11157,39.21437],[9.11167,39.21434]]},"properties":{}},{"type":"Feature","geometry":{"type":"LineString","coordinates":[[9.11167,39.21434],[9.1116,39.21442],[9.11095,39.21479],[9.11075,39.21486]]},"properties":{}},{"type":"Feature","geometry":{"type":"LineString","coordinates":[[9.111,39.23397],[9.11106,39.23369],[9.11112,39.23357]]},"properties":{}},{"type":"Feature","geometry":{"type":"LineString","coordinates":[[9.11112,39.23357],[9.1111,39.23397]]},"properties":{}},{"type":"Feature","geometry":{"type":"LineString","coordinates":[[9.11111,39.21517],[9.11213,39.21608]]},"properties":{}},{"type":"Feature","geometry":{"type":"LineString","coordinates":[[9.11152,39.23446],[9.11139,39.23439],[9.11112,39.23415]]},"properties":{}},{"type":"Feature","geometry":{"type":"LineString","coordinates":[[9.11123,39.22821],[9.11112,39.22845],[9.11099,39.22916],[9.1112,39.23308],[9.11112,39.23357]]},"properties":{}},{"type":"Feature","geometry":{"type":"LineString","coordinates":[[9.11115,39.234],[9.11168,39.23375]]},"properties":{}},{"type":"Feature","geometry":{"type":"LineString","coordinates":[[9.11117,39.2341],[9.11147,39.23438],[9.11152,39.23446]]},"properties":{}},{"type":"Feature","geometry":{"type":"LineString","coordinates":[[9.11168,39.23375],[9.11152,39.23389],[9.11118,39.23406]]},"properties":{}},{"type":"Feature","geometry":{"type":"LineString","coordinates":[[9.11161,39.22731],[9.11123,39.22821]]},"properties":{}},{"type":"Feature","geometry":{"type":"LineString","coordinates":[[9.11123,39.22821],[9.11308,39.22749],[9.11484,39.22691],[9.1158,39.22652],[9.1161,39.22634],[9.11632,39.22614],[9.11668,39.22568],[9.11771,39.22406]]},"properties":{}},{"type":"Feature","geometry":{"type":"LineString","coordinates":[[9.11125,39.25943],[9.11139,39.25948],[9.11172,39.2595],[9.11269,39.25996],[9.11327,39.25864],[9.11336,39.25854],[9.11353,39.25853],[9.11353,39.25825],[9.11356,39.25815],[9.11367,39.25804],[9.11385,39.25792],[9.11481,39.25742]]},"properties":{}},{"type":"Feature","geometry":{"type":"LineString","coordinates":[[9.11125,39.25943],[9.11084,39.25921],[9.11082,39.25918],[9.11083,39.25911],[9.11093,39.25913],[9.11117,39.25927],[9.11125,39.25943]]},"properties":{}},{"type":"Feature","geometry":{"type":"LineString","coordinates":[[9.11152,39.23446],[9.11232,39.2352],[9.1126,39.2354]]},"properties":{}},{"type":"Feature","geometry":{"type":"LineString","coordinates":[[9.11181,39.22703],[9.11167,39.2271],[9.11155,39.22709]]},"properties":{}},{"type":"Feature","geometry":{"type":"LineString","coordinates":[[9.11161,39.22731],[9.11159,39.22715],[9.11155,39.22709]]},"properties":{}},{"type":"Feature","geometry":{"type":"LineString","coordinates":[[9.11155,39.22709],[9.11143,39.22696],[9.11142,39.2269],[9.11151,39.22681],[9.11349,39.22531],[9.11399,39.22497]]},"properties":{}},{"type":"Feature","geometry":{"type":"LineString","coordinates":[[9.11181,39.22703],[9.11165,39.22721],[9.11161,39.22731]]},"properties":{}},{"type":"Feature","geometry":{"type":"LineString","coordinates":[[9.11659,39.21191],[9.11554,39.21222],[9.11524,39.21234],[9.11394,39.21309],[9.11167,39.21434]]},"properties":{}},{"type":"Feature","geometry":{"type":"LineString","coordinates":[[9.11168,39.23375],[9.1141,39.23232]]},"properties":{}},{"type":"Feature","geometry":{"type":"LineString","coordinates":[[9.11535,39.22403],[9.11533,39.22421],[9.11486,39.22466],[9.11181,39.22703]]},"properties":{}},{"type":"Feature","geometry":{"type":"LineString","coordinates":[[9.11213,39.21608],[9.11227,39.21614],[9.11316,39.21691],[9.11349,39.21715],[9.11341,39.21759]]},"properties":{}},{"type":"Feature","geometry":{"type":"LineString","coordinates":[[9.11264,39.21661],[9.11213,39.21608]]},"properties":{}},{"type":"Feature","geometry":{"type":"LineString","coordinates":[[9.11328,39.22183],[9.11298,39.22172],[9.11255,39.2209]]},"properties":{}},{"type":"Feature","geometry":{"type":"LineString","coordinates":[[9.11255,39.2209],[9.11249,39.22076],[9.11359,39.22054]]},"properties":{}},{"type":"Feature","geometry":{"type":"LineString","coordinates":[[9.11359,39.22054],[9.11355,39.22066],[9.11349,39.22071],[9.11255,39.2209]]},"properties":{}},{"type":"Feature","geometry":{"type":"LineString","coordinates":[[9.1126,39.2354],[9.11392,39.2362],[9.1144,39.23676],[9.11512,39.23738],[9.11539,39.23757],[9.11613,39.238],[9.11722,39.23852],[9.11832,39.23932]]},"properties":{}},{"type":"Feature","geometry":{"type":"LineString","coordinates":[[9.11341,39.21759],[9.1132,39.21725],[9.11264,39.21661]]},"properties":{}},{"type":"Feature","geometry":{"type":"LineString","coordinates":[[9.11492,39.22434],[9.11471,39.22364],[9.1146,39.22355],[9.11397,39.22324],[9.11394,39.22317],[9.11407,39.22305],[9.11407,39.22299],[9.11378,39.2229],[9.11368,39.22283],[9.11366,39.22276],[9.11387,39.22228],[9.11385,39.22224],[9.11363,39.22193],[9.11328,39.22183]]},"properties":{}},{"type":"Feature","geometry":{"type":"LineString","coordinates":[[9.11328,39.22183],[9.11397,39.22178],[9.11434,39.22183],[9.11503,39.22202],[9.11518,39.22199],[9.11567,39.22162],[9.11572,39.22084],[9.11579,39.2208],[9.11597,39.22098],[9.11601,39.22107],[9.11606,39.22159],[9.11605,39.22169],[9.1158,39.22198],[9.11579,39.22206],[9.11589,39.22212],[9.11605,39.22215]]},"properties":{}},{"type":"Feature","geometry":{"type":"LineString","coordinates":[[9.11341,39.21759],[9.11352,39.21788],[9.11383,39.21929],[9.11384,39.21955],[9.11359,39.22054]]},"properties":{}},{"type":"Feature","geometry":{"type":"LineString","coordinates":[[9.11486,39.24986],[9.11423,39.25146],[9.11396,39.25199]]},"properties":{}},{"type":"Feature","geometry":{"type":"LineString","coordinates":[[9.11502,39.24986],[9.11494,39.24992],[9.11489,39.25001],[9.11424,39.25164],[9.11412,39.25186],[9.11396,39.25199]]},"properties":{}},{"type":"Feature","geometry":{"type":"LineString","coordinates":[[9.11399,39.22497],[9.11478,39.22441],[9.11492,39.22434]]},"properties":{}},{"type":"Feature","geometry":{"type":"LineString","coordinates":[[9.1141,39.23232],[9.11489,39.23156]]},"properties":{}},{"type":"Feature","geometry":{"type":"LineString","coordinates":[[9.11886,39.2284],[9.11877,39.22837],[9.11864,39.22838],[9.11806,39.22863],[9.1178,39.22894],[9.11761,39.22932],[9.11742,39.22962],[9.11683,39.23021],[9.11657,39.23042],[9.11609,39.23071],[9.11575,39.23097],[9.11503,39.23156],[9.11435,39.23221],[9.1141,39.23232]]},"properties":{}},{"type":"Feature","geometry":{"type":"LineString","coordinates":[[9.11486,39.24986],[9.11471,39.24982],[9.11448,39.24969]]},"properties":{}},{"type":"Feature","geometry":{"type":"LineString","coordinates":[[9.11463,39.24741],[9.11463,39.24738]]},"properties":{}},{"type":"Feature","geometry":{"type":"LineString","coordinates":[[9.11463,39.24738],[9.1154,39.24519],[9.1161,39.24347],[9.11653,39.24262]]},"properties":{}},{"type":"Feature","geometry":{"type":"LineString","coordinates":[[9.11481,39.25742],[9.11566,39.25811],[9.11564,39.25827],[9.11596,39.25875],[9.11682,39.25947],[9.11721,39.25973]]},"properties":{}},{"type":"Feature","geometry":{"type":"LineString","coordinates":[[9.11481,39.25742],[9.11599,39.25658],[9.11663,39.2562]]},"properties":{}},{"type":"Feature","geometry":{"type":"LineString","coordinates":[[9.11502,39.24986],[9.11486,39.24986]]},"properties":{}},{"type":"Feature","geometry":{"type":"LineString","coordinates":[[9.11517,39.24906],[9.11486,39.24986]]},"properties":{}},{"type":"Feature","geometry":{"type":"LineString","coordinates":[[9.11488,39.24903],[9.11517,39.24906]]},"properties":{}},{"type":"Feature","geometry":{"type":"LineString","coordinates":[[9.11488,39.24903],[9.11506,39.24888],[9.11594,39.24665],[9.11624,39.24599],[9.11633,39.24589],[9.11748,39.24302],[9.11753,39.24271],[9.11751,39.24266],[9.11738,39.2426],[9.11694,39.24254]]},"properties":{}},{"type":"Feature","geometry":{"type":"LineString","coordinates":[[9.11489,39.23156],[9.11409,39.23078],[9.11321,39.23002],[9.11351,39.22967],[9.116,39.228],[9.11625,39.22754]]},"properties":{}},{"type":"Feature","geometry":{"type":"LineString","coordinates":[[9.11489,39.23156],[9.11575,39.23085],[9.11641,39.23043],[9.1167,39.23021],[9.11734,39.22956],[9.11753,39.22929],[9.11774,39.22873],[9.11786,39.22815],[9.11808,39.22754],[9.11822,39.22747],[9.11829,39.22751]]},"properties":{}},{"type":"Feature","geometry":{"type":"LineString","coordinates":[[9.11492,39.22434],[9.11522,39.22407],[9.11535,39.22403]]},"properties":{}},{"type":"Feature","geometry":{"type":"LineString","coordinates":[[9.11548,39.24959],[9.1153,39.24978],[9.11502,39.24986]]},"properties":{}},{"type":"Feature","geometry":{"type":"LineString","coordinates":[[9.11517,39.24906],[9.1153,39.24912]]},"properties":{}},{"type":"Feature","geometry":{"type":"LineString","coordinates":[[9.11641,39.24601],[9.11517,39.24906]]},"properties":{}},{"type":"Feature","geometry":{"type":"LineString","coordinates":[[9.1153,39.24912],[9.11543,39.24922]]},"properties":{}},{"type":"Feature","geometry":{"type":"LineString","coordinates":[[9.11641,39.24601],[9.11642,39.24613],[9.11632,39.24644],[9.11529,39.24899],[9.1153,39.24912]]},"properties":{}},{"type":"Feature","geometry":{"type":"LineString","coordinates":[[9.11535,39.22403],[9.11539,39.22373],[9.11605,39.22215]]},"properties":{}},{"type":"Feature","geometry":{"type":"LineString","coordinates":[[9.11543,39.24922],[9.11579,39.24936]]},"properties":{}},{"type":"Feature","geometry":{"type":"LineString","coordinates":[[9.11543,39.24922],[9.11549,39.24934],[9.11551,39.24947],[9.11548,39.24959]]},"properties":{}},{"type":"Feature","geometry":{"type":"LineString","coordinates":[[9.11579,39.24936],[9.11557,39.24947],[9.11548,39.24959]]},"properties":{}},{"type":"Feature","geometry":{"type":"LineString","coordinates":[[9.12065,39.24849],[9.11934,39.24898],[9.11864,39.24916],[9.11671,39.24936],[9.11579,39.24936]]},"properties":{}},{"type":"Feature","geometry":{"type":"LineString","coordinates":[[9.11605,39.22215],[9.11615,39.22191],[9.11626,39.22179],[9.11641,39.22172],[9.11663,39.2217]]},"properties":{}},{"type":"Feature","geometry":{"type":"LineString","coordinates":[[9.11829,39.22751],[9.1182,39.2274],[9.11803,39.22735],[9.11693,39.22745],[9.11677,39.2275],[9.11643,39.2277],[9.11625,39.22754]]},"properties":{}},{"type":"Feature","geometry":{"type":"LineString","coordinates":[[9.11625,39.22754],[9.11695,39.22636]]},"properties":{}},{"type":"Feature","geometry":{"type":"LineString","coordinates":[[9.119,39.24004],[9.11823,39.24167],[9.11813,39.24174],[9.11782,39.24246],[9.11641,39.24601]]},"properties":{}},{"type":"Feature","geometry":{"type":"LineString","coordinates":[[9.11653,39.24262],[9.11671,39.24229]]},"properties":{}},{"type":"Feature","geometry":{"type":"LineString","coordinates":[[9.11682,39.24252],[9.11663,39.24254],[9.11653,39.24262]]},"properties":{}},{"type":"Feature","geometry":{"type":"LineString","coordinates":[[9.11669,39.212],[9.11659,39.21191]]},"properties":{}},{"type":"Feature","geometry":{"type":"LineString","coordinates":[[9.11659,39.21191],[9.11663,39.21181],[9.11672,39.21178],[9.11681,39.21179],[9.11688,39.21188]]},"properties":{}},{"type":"Feature","geometry":{"type":"LineString","coordinates":[[9.11663,39.2217],[9.11683,39.22174],[9.11723,39.22173],[9.11746,39.22194],[9.11749,39.222],[9.1175,39.22269],[9.11755,39.22283],[9.11775,39.22313],[9.11797,39.22324],[9.11806,39.22323],[9.11814,39.22337]]},"properties":{}},{"type":"Feature","geometry":{"type":"LineString","coordinates":[[9.11663,39.2217],[9.11674,39.22114],[9.11624,39.22052],[9.11604,39.21996],[9.1161,39.21863],[9.11596,39.21799],[9.11597,39.21724],[9.11592,39.21689],[9.11597,39.21688],[9.1159,39.21669],[9.1161,39.21662],[9.11606,39.21658],[9.11569,39.21663],[9.11566,39.21659],[9.11597,39.21638],[9.11588,39.2163],[9.11566,39.21637],[9.11559,39.21634],[9.11557,39.21629],[9.11588,39.2158],[9.11621,39.21556],[9.11628,39.21553],[9.11641,39.21554],[9.11665,39.21562]]},"properties":{}},{"type":"Feature","geometry":{"type":"LineString","coordinates":[[9.11663,39.2562],[9.11575,39.25355],[9.11527,39.25237],[9.11573,39.25189],[9.11611,39.25158],[9.11832,39.25069]]},"properties":{}},{"type":"Feature","geometry":{"type":"LineString","coordinates":[[9.11663,39.2562],[9.11711,39.25593],[9.11729,39.25577],[9.11768,39.25533],[9.11782,39.25506],[9.11929,39.25363],[9.11987,39.25316],[9.12049,39.25276],[9.12064,39.25262]]},"properties":{}},{"type":"Feature","geometry":{"type":"LineString","coordinates":[[9.11677,39.21577],[9.11664,39.21572],[9.11665,39.21562]]},"properties":{}},{"type":"Feature","geometry":{"type":"LineString","coordinates":[[9.11665,39.21562],[9.11675,39.21559]]},"properties":{}},{"type":"Feature","geometry":{"type":"LineString","coordinates":[[9.11685,39.21195],[9.11678,39.21199],[9.11669,39.212]]},"properties":{}},{"type":"Feature","geometry":{"type":"LineString","coordinates":[[9.11669,39.212],[9.11662,39.21209],[9.1158,39.21283],[9.11577,39.21296],[9.11695,39.21452]]},"properties":{}},{"type":"Feature","geometry":{"type":"LineString","coordinates":[[9.11682,39.24252],[9.1167,39.2424],[9.11671,39.24229]]},"properties":{}},{"type":"Feature","geometry":{"type":"LineString","coordinates":[[9.11671,39.24229],[9.11675,39.24224]]},"properties":{}},{"type":"Feature","geometry":{"type":"LineString","coordinates":[[9.11675,39.21559],[9.11686,39.21565]]},"properties":{}},{"type":"Feature","geometry":{"type":"LineString","coordinates":[[9.11695,39.21452],[9.11675,39.21559]]},"properties":{}},{"type":"Feature","geometry":{"type":"LineString","coordinates":[[9.11675,39.24224],[9.11699,39.24193],[9.11714,39.24181]]},"properties":{}},{"type":"Feature","geometry":{"type":"LineString","coordinates":[[9.11675,39.24224],[9.11694,39.24218],[9.11711,39.24225]]},"properties":{}},{"type":"Feature","geometry":{"type":"LineString","coordinates":[[9.1171,39.21668],[9.11691,39.21607],[9.11677,39.21577]]},"properties":{}},{"type":"Feature","geometry":{"type":"LineString","coordinates":[[9.11686,39.21565],[9.11685,39.21573],[9.11677,39.21577]]},"properties":{}},{"type":"Feature","geometry":{"type":"LineString","coordinates":[[9.11694,39.24254],[9.11682,39.24252]]},"properties":{}},{"type":"Feature","geometry":{"type":"LineString","coordinates":[[9.11923,39.21339],[9.11904,39.21335],[9.11685,39.21195]]},"properties":{}},{"type":"Feature","geometry":{"type":"LineString","coordinates":[[9.11688,39.21188],[9.11685,39.21195]]},"properties":{}},{"type":"Feature","geometry":{"type":"LineString","coordinates":[[9.12146,39.22157],[9.12089,39.22082],[9.12018,39.22013],[9.11991,39.21995],[9.11961,39.21948],[9.11943,39.21956],[9.1191,39.21796],[9.11873,39.21732],[9.11822,39.21703],[9.11797,39.21675],[9.11737,39.2162],[9.11719,39.21597],[9.1171,39.21564],[9.11686,39.21565]]},"properties":{}},{"type":"Feature","geometry":{"type":"LineString","coordinates":[[9.11859,39.21134],[9.11688,39.21188]]},"properties":{}},{"type":"Feature","geometry":{"type":"LineString","coordinates":[[9.11711,39.24225],[9.11716,39.24233],[9.11713,39.24245],[9.11708,39.2425],[9.11694,39.24254]]},"properties":{}},{"type":"Feature","geometry":{"type":"LineString","coordinates":[[9.11695,39.21452],[9.11706,39.21445],[9.11723,39.21441],[9.11804,39.21466]]},"properties":{}},{"type":"Feature","geometry":{"type":"LineString","coordinates":[[9.11804,39.21466],[9.11778,39.21485],[9.11711,39.2145],[9.11695,39.21452]]},"properties":{}},{"type":"Feature","geometry":{"type":"LineString","coordinates":[[9.11695,39.22636],[9.11711,39.22639]]},"properties":{}},{"type":"Feature","geometry":{"type":"LineString","coordinates":[[9.11695,39.22636],[9.11708,39.22612]]},"properties":{}},{"type":"Feature","geometry":{"type":"LineString","coordinates":[[9.11708,39.22612],[9.11711,39.22639]]},"properties":{}},{"type":"Feature","geometry":{"type":"LineString","coordinates":[[9.11708,39.22612],[9.11754,39.22537],[9.11771,39.22406]]},"properties":{}},{"type":"Feature","geometry":{"type":"LineString","coordinates":[[9.1171,39.21668],[9.11733,39.21674]]},"properties":{}},{"type":"Feature","geometry":{"type":"LineString","coordinates":[[9.11806,39.22299],[9.118,39.22235],[9.11817,39.22178],[9.11819,39.22165],[9.11781,39.22061],[9.11791,39.21989],[9.11804,39.21925],[9.11803,39.21908],[9.11749,39.21797],[9.11728,39.21736],[9.1171,39.21668]]},"properties":{}},{"type":"Feature","geometry":{"type":"LineString","coordinates":[[9.11711,39.22639],[9.11713,39.22652],[9.11723,39.22666],[9.11743,39.22675],[9.11788,39.22688],[9.11801,39.22697],[9.11811,39.2271]]},"properties":{}},{"type":"Feature","geometry":{"type":"LineString","coordinates":[[9.11714,39.24181],[9.11709,39.242],[9.11711,39.24225]]},"properties":{}},{"type":"Feature","geometry":{"type":"LineString","coordinates":[[9.11714,39.24181],[9.11767,39.24123]]},"properties":{}},{"type":"Feature","geometry":{"type":"LineString","coordinates":[[9.11721,39.25973],[9.11642,39.26026],[9.1162,39.26044],[9.11582,39.26079],[9.11543,39.26124],[9.11597,39.26225],[9.11666,39.26366],[9.11744,39.26359],[9.11811,39.26345],[9.11976,39.26294],[9.11972,39.26285],[9.12075,39.26136],[9.12099,39.26108],[9.12146,39.26082],[9.12287,39.26031],[9.12308,39.26016],[9.12343,39.25969],[9.12393,39.2591],[9.12504,39.25757],[9.12587,39.25658],[9.12657,39.25587],[9.12693,39.25554],[9.12819,39.25454],[9.1282,39.25361],[9.12835,39.25285],[9.1284,39.25198],[9.12834,39.25058],[9.12844,39.25014],[9.12901,39.24833],[9.1304,39.24972],[9.13088,39.25031],[9.13213,39.24959]]},"properties":{}},{"type":"Feature","geometry":{"type":"LineString","coordinates":[[9.11721,39.25973],[9.11782,39.25942],[9.11881,39.25868],[9.11914,39.25851],[9.11955,39.25836],[9.12103,39.25704],[9.12138,39.25664],[9.12184,39.25572],[9.12216,39.25527],[9.12279,39.25451],[9.12148,39.25311],[9.12096,39.25272],[9.12069,39.25264]]},"properties":{}},{"type":"Feature","geometry":{"type":"LineString","coordinates":[[9.11739,39.21677],[9.11735,39.21677],[9.11733,39.21674]]},"properties":{}},{"type":"Feature","geometry":{"type":"LineString","coordinates":[[9.11733,39.21674],[9.11738,39.21672],[9.11739,39.21677]]},"properties":{}},{"type":"Feature","geometry":{"type":"LineString","coordinates":[[9.11739,39.21677],[9.11789,39.21722],[9.11835,39.21806],[9.11859,39.2192],[9.11885,39.22018],[9.11907,39.22063],[9.11911,39.22064],[9.1193,39.22093],[9.11947,39.22126],[9.11983,39.22225],[9.11989,39.22268],[9.11994,39.22378],[9.12035,39.2238],[9.12142,39.22311],[9.12146,39.22302],[9.12147,39.22285],[9.12159,39.22282]]},"properties":{}},{"type":"Feature","geometry":{"type":"LineString","coordinates":[[9.11767,39.24123],[9.11774,39.241]]},"properties":{}},{"type":"Feature","geometry":{"type":"LineString","coordinates":[[9.11786,39.241],[9.1178,39.24112],[9.11767,39.24123]]},"properties":{}},{"type":"Feature","geometry":{"type":"LineString","coordinates":[[9.11771,39.22406],[9.11814,39.22337]]},"properties":{}},{"type":"Feature","geometry":{"type":"LineString","coordinates":[[9.11786,39.241],[9.11774,39.241]]},"properties":{}},{"type":"Feature","geometry":{"type":"LineString","coordinates":[[9.11774,39.241],[9.11771,39.24092],[9.1178,39.24087]]},"properties":{}},{"type":"Feature","geometry":{"type":"LineString","coordinates":[[9.1178,39.24087],[9.11787,39.24089],[9.1179,39.24094]]},"properties":{}},{"type":"Feature","geometry":{"type":"LineString","coordinates":[[9.1178,39.24087],[9.11798,39.24077]]},"properties":{}},{"type":"Feature","geometry":{"type":"LineString","coordinates":[[9.1179,39.24094],[9.11786,39.241]]},"properties":{}},{"type":"Feature","geometry":{"type":"LineString","coordinates":[[9.11798,39.24077],[9.1179,39.24094]]},"properties":{}},{"type":"Feature","geometry":{"type":"LineString","coordinates":[[9.11798,39.24077],[9.1184,39.24019]]},"properties":{}},{"type":"Feature","geometry":{"type":"LineString","coordinates":[[9.11801,39.22312],[9.11806,39.22299]]},"properties":{}},{"type":"Feature","geometry":{"type":"LineString","coordinates":[[9.1187,39.21423],[9.1184,39.21456],[9.11804,39.21466]]},"properties":{}},{"type":"Feature","geometry":{"type":"LineString","coordinates":[[9.11806,39.22299],[9.11811,39.2231]]},"properties":{}},{"type":"Feature","geometry":{"type":"LineString","coordinates":[[9.11811,39.2271],[9.11948,39.22743],[9.11959,39.22741],[9.11974,39.22705],[9.11993,39.22698]]},"properties":{}},{"type":"Feature","geometry":{"type":"LineString","coordinates":[[9.11811,39.2271],[9.11835,39.22752]]},"properties":{}},{"type":"Feature","geometry":{"type":"LineString","coordinates":[[9.11816,39.2232],[9.11817,39.2233],[9.11814,39.22337]]},"properties":{}},{"type":"Feature","geometry":{"type":"LineString","coordinates":[[9.11829,39.22751],[9.11835,39.22752]]},"properties":{}},{"type":"Feature","geometry":{"type":"LineString","coordinates":[[9.11886,39.2284],[9.11873,39.22831],[9.11829,39.22751]]},"properties":{}},{"type":"Feature","geometry":{"type":"LineString","coordinates":[[9.11832,39.25069],[9.11958,39.25188],[9.12004,39.25224],[9.12046,39.25248]]},"properties":{}},{"type":"Feature","geometry":{"type":"LineString","coordinates":[[9.11832,39.25069],[9.11912,39.25023]]},"properties":{}},{"type":"Feature","geometry":{"type":"LineString","coordinates":[[9.11832,39.23932],[9.11859,39.23947],[9.11883,39.23955]]},"properties":{}},{"type":"Feature","geometry":{"type":"LineString","coordinates":[[9.11861,39.23974],[9.11856,39.2396],[9.11832,39.23932]]},"properties":{}},{"type":"Feature","geometry":{"type":"LineString","coordinates":[[9.11835,39.22752],[9.11875,39.22825],[9.11946,39.2286]]},"properties":{}},{"type":"Feature","geometry":{"type":"LineString","coordinates":[[9.1184,39.24019],[9.1186,39.23981]]},"properties":{}},{"type":"Feature","geometry":{"type":"LineString","coordinates":[[9.11878,39.24002],[9.11859,39.24007],[9.1184,39.24019]]},"properties":{}},{"type":"Feature","geometry":{"type":"LineString","coordinates":[[9.11927,39.21111],[9.1188,39.21131],[9.11859,39.21134]]},"properties":{}},{"type":"Feature","geometry":{"type":"LineString","coordinates":[[9.11859,39.21134],[9.11866,39.21129],[9.11927,39.21111]]},"properties":{}},{"type":"Feature","geometry":{"type":"LineString","coordinates":[[9.11878,39.24002],[9.11864,39.23991],[9.1186,39.23981]]},"properties":{}},{"type":"Feature","geometry":{"type":"LineString","coordinates":[[9.1186,39.23981],[9.11861,39.23974]]},"properties":{}},{"type":"Feature","geometry":{"type":"LineString","coordinates":[[9.11861,39.23974],[9.11867,39.23964],[9.11883,39.23955]]},"properties":{}},{"type":"Feature","geometry":{"type":"LineString","coordinates":[[9.1187,39.21423],[9.11917,39.21446],[9.11982,39.21431]]},"properties":{}},{"type":"Feature","geometry":{"type":"LineString","coordinates":[[9.11929,39.21352],[9.1187,39.21423]]},"properties":{}},{"type":"Feature","geometry":{"type":"LineString","coordinates":[[9.119,39.24004],[9.11878,39.24002]]},"properties":{}},{"type":"Feature","geometry":{"type":"LineString","coordinates":[[9.11883,39.23955],[9.11905,39.23956],[9.11917,39.23962],[9.11924,39.23972],[9.11925,39.23984]]},"properties":{}},{"type":"Feature","geometry":{"type":"LineString","coordinates":[[9.11936,39.22867],[9.11886,39.2284]]},"properties":{}},{"type":"Feature","geometry":{"type":"LineString","coordinates":[[9.11905,39.24003],[9.119,39.24004]]},"properties":{}},{"type":"Feature","geometry":{"type":"LineString","coordinates":[[9.11937,39.24015],[9.11905,39.24003]]},"properties":{}},{"type":"Feature","geometry":{"type":"LineString","coordinates":[[9.11924,39.23987],[9.11917,39.23997],[9.11905,39.24003]]},"properties":{}},{"type":"Feature","geometry":{"type":"LineString","coordinates":[[9.12149,39.25188],[9.11912,39.25023]]},"properties":{}},{"type":"Feature","geometry":{"type":"LineString","coordinates":[[9.11912,39.25023],[9.11958,39.24994],[9.12005,39.24947],[9.12075,39.24862],[9.12075,39.24851],[9.12065,39.24849]]},"properties":{}},{"type":"Feature","geometry":{"type":"LineString","coordinates":[[9.11929,39.21352],[9.11924,39.21346],[9.11923,39.21339]]},"properties":{}},{"type":"Feature","geometry":{"type":"LineString","coordinates":[[9.11923,39.21339],[9.11928,39.21334],[9.11936,39.21331],[9.1195,39.21337],[9.11989,39.21429]]},"properties":{}},{"type":"Feature","geometry":{"type":"LineString","coordinates":[[9.11924,39.23987],[9.11925,39.23999],[9.11937,39.24015]]},"properties":{}},{"type":"Feature","geometry":{"type":"LineString","coordinates":[[9.11925,39.23984],[9.11924,39.23987]]},"properties":{}},{"type":"Feature","geometry":{"type":"LineString","coordinates":[[9.12442,39.23651],[9.12132,39.2373],[9.12065,39.23763],[9.12027,39.23792],[9.1199,39.23837],[9.11981,39.23852],[9.11925,39.23984]]},"properties":{}},{"type":"Feature","geometry":{"type":"LineString","coordinates":[[9.11927,39.21111],[9.1228,39.21]]},"properties":{}},{"type":"Feature","geometry":{"type":"LineString","coordinates":[[9.11982,39.21431],[9.11957,39.21369],[9.11938,39.21354],[9.11929,39.21352]]},"properties":{}},{"type":"Feature","geometry":{"type":"LineString","coordinates":[[9.11995,39.22868],[9.11989,39.22871],[9.11962,39.22872],[9.11936,39.22867]]},"properties":{}},{"type":"Feature","geometry":{"type":"LineString","coordinates":[[9.11998,39.22914],[9.11993,39.22903],[9.1198,39.22891],[9.11936,39.22867]]},"properties":{}},{"type":"Feature","geometry":{"type":"LineString","coordinates":[[9.11999,39.24057],[9.11937,39.24015]]},"properties":{}},{"type":"Feature","geometry":{"type":"LineString","coordinates":[[9.11946,39.2286],[9.11958,39.22865],[9.11989,39.22865],[9.11995,39.22868]]},"properties":{}},{"type":"Feature","geometry":{"type":"LineString","coordinates":[[9.11946,39.2286],[9.11973,39.22854],[9.11992,39.22835]]},"properties":{}},{"type":"Feature","geometry":{"type":"LineString","coordinates":[[9.12148,39.21796],[9.12016,39.21518],[9.11982,39.21431]]},"properties":{}},{"type":"Feature","geometry":{"type":"LineString","coordinates":[[9.11982,39.21431],[9.11989,39.21429]]},"properties":{}},{"type":"Feature","geometry":{"type":"LineString","coordinates":[[9.11989,39.21429],[9.12013,39.21493],[9.1215,39.21792]]},"properties":{}},{"type":"Feature","geometry":{"type":"LineString","coordinates":[[9.11995,39.22868],[9.11992,39.22835]]},"properties":{}},{"type":"Feature","geometry":{"type":"LineString","coordinates":[[9.11992,39.22835],[9.11986,39.2274],[9.11988,39.22716],[9.11993,39.22698]]},"properties":{}},{"type":"Feature","geometry":{"type":"LineString","coordinates":[[9.11993,39.22698],[9.12051,39.22591]]},"properties":{}},{"type":"Feature","geometry":{"type":"LineString","coordinates":[[9.11998,39.22914],[9.11995,39.22868]]},"properties":{}},{"type":"Feature","geometry":{"type":"LineString","coordinates":[[9.12056,39.22593],[9.12014,39.22665],[9.11999,39.22701],[9.11994,39.22721],[9.11992,39.2275],[9.12,39.22865],[9.11995,39.22868]]},"properties":{}},{"type":"Feature","geometry":{"type":"LineString","coordinates":[[9.11998,39.22914],[9.12011,39.23003],[9.12028,39.23058],[9.12049,39.23097],[9.12064,39.23114],[9.12115,39.23155]]},"properties":{}},{"type":"Feature","geometry":{"type":"LineString","coordinates":[[9.12247,39.2424],[9.11999,39.24057]]},"properties":{}},{"type":"Feature","geometry":{"type":"LineString","coordinates":[[9.11999,39.24057],[9.12458,39.23742],[9.1248,39.23737]]},"properties":{}},{"type":"Feature","geometry":{"type":"LineString","coordinates":[[9.12051,39.22591],[9.12056,39.22593]]},"properties":{}},{"type":"Feature","geometry":{"type":"LineString","coordinates":[[9.12051,39.22591],[9.12163,39.22398],[9.12168,39.22384],[9.12172,39.22362],[9.12159,39.22282]]},"properties":{}},{"type":"Feature","geometry":{"type":"LineString","coordinates":[[9.12056,39.22593],[9.12263,39.22683],[9.12275,39.22851],[9.12288,39.22859],[9.12359,39.22859]]},"properties":{}},{"type":"Feature","geometry":{"type":"LineString","coordinates":[[9.12178,39.2236],[9.12173,39.22393],[9.12056,39.22593]]},"properties":{}},{"type":"Feature","geometry":{"type":"LineString","coordinates":[[9.12065,39.24849],[9.12121,39.2483]]},"properties":{}},{"type":"Feature","geometry":{"type":"LineString","coordinates":[[9.12149,39.25188],[9.12087,39.25243],[9.12075,39.25257]]},"properties":{}},{"type":"Feature","geometry":{"type":"LineString","coordinates":[[9.12115,39.23155],[9.1217,39.23214],[9.12356,39.23435],[9.12442,39.23651]]},"properties":{}},{"type":"Feature","geometry":{"type":"LineString","coordinates":[[9.12115,39.23155],[9.12137,39.23148],[9.12226,39.23104]]},"properties":{}},{"type":"Feature","geometry":{"type":"LineString","coordinates":[[9.12121,39.2483],[9.12306,39.24996],[9.12338,39.25028],[9.12311,39.25047],[9.12149,39.25188]]},"properties":{}},{"type":"Feature","geometry":{"type":"LineString","coordinates":[[9.12464,39.24468],[9.12394,39.2445],[9.12373,39.24512],[9.12447,39.24529],[9.12453,39.24533],[9.12479,39.24592],[9.12497,39.24615],[9.1245,39.24627],[9.12448,39.24635],[9.12372,39.24691],[9.12121,39.2483]]},"properties":{}},{"type":"Feature","geometry":{"type":"LineString","coordinates":[[9.12152,39.2221],[9.12146,39.22157]]},"properties":{}},{"type":"Feature","geometry":{"type":"LineString","coordinates":[[9.12146,39.22157],[9.12193,39.21956],[9.12189,39.21888]]},"properties":{}},{"type":"Feature","geometry":{"type":"LineString","coordinates":[[9.12189,39.21888],[9.12148,39.21796]]},"properties":{}},{"type":"Feature","geometry":{"type":"LineString","coordinates":[[9.12151,39.21795],[9.12148,39.21796]]},"properties":{}},{"type":"Feature","geometry":{"type":"LineString","coordinates":[[9.1215,39.21792],[9.12151,39.21795]]},"properties":{}},{"type":"Feature","geometry":{"type":"LineString","coordinates":[[9.1215,39.21792],[9.12224,39.21763],[9.12439,39.21663],[9.12483,39.21662]]},"properties":{}},{"type":"Feature","geometry":{"type":"LineString","coordinates":[[9.12151,39.21795],[9.12195,39.21892]]},"properties":{}},{"type":"Feature","geometry":{"type":"LineString","coordinates":[[9.12484,39.21669],[9.12436,39.2167],[9.12225,39.21765],[9.12151,39.21795]]},"properties":{}},{"type":"Feature","geometry":{"type":"LineString","coordinates":[[9.12159,39.22282],[9.12152,39.2221]]},"properties":{}},{"type":"Feature","geometry":{"type":"LineString","coordinates":[[9.12152,39.2221],[9.12157,39.22209]]},"properties":{}},{"type":"Feature","geometry":{"type":"LineString","coordinates":[[9.12157,39.22209],[9.12167,39.2228]]},"properties":{}},{"type":"Feature","geometry":{"type":"LineString","coordinates":[[9.12194,39.21894],[9.12198,39.21911],[9.12198,39.21957],[9.1215,39.22154],[9.12157,39.22209]]},"properties":{}},{"type":"Feature","geometry":{"type":"LineString","coordinates":[[9.12157,39.22209],[9.12486,39.22141]]},"properties":{}},{"type":"Feature","geometry":{"type":"LineString","coordinates":[[9.12159,39.26914],[9.12179,39.26883],[9.12184,39.26869]]},"properties":{}},{"type":"Feature","geometry":{"type":"LineString","coordinates":[[9.12202,39.26877],[9.12159,39.26914]]},"properties":{}},{"type":"Feature","geometry":{"type":"LineString","coordinates":[[9.12159,39.22282],[9.12167,39.2228]]},"properties":{}},{"type":"Feature","geometry":{"type":"LineString","coordinates":[[9.12167,39.2228],[9.12178,39.2236]]},"properties":{}},{"type":"Feature","geometry":{"type":"LineString","coordinates":[[9.12167,39.2228],[9.12357,39.22244],[9.12506,39.22239]]},"properties":{}},{"type":"Feature","geometry":{"type":"LineString","coordinates":[[9.12178,39.2236],[9.1222,39.22345],[9.12337,39.22322],[9.12359,39.22322],[9.12508,39.22333]]},"properties":{}},{"type":"Feature","geometry":{"type":"LineString","coordinates":[[9.12202,39.26877],[9.12193,39.26875],[9.12184,39.26869]]},"properties":{}},{"type":"Feature","geometry":{"type":"LineString","coordinates":[[9.12184,39.26869],[9.12184,39.26857],[9.12195,39.2685]]},"properties":{}},{"type":"Feature","geometry":{"type":"LineString","coordinates":[[9.12194,39.21894],[9.12189,39.21888]]},"properties":{}},{"type":"Feature","geometry":{"type":"LineString","coordinates":[[9.12488,39.22113],[9.12216,39.21939],[9.12212,39.21936],[9.12194,39.21894]]},"properties":{}},{"type":"Feature","geometry":{"type":"LineString","coordinates":[[9.12195,39.21892],[9.12194,39.21894]]},"properties":{}},{"type":"Feature","geometry":{"type":"LineString","coordinates":[[9.12195,39.21892],[9.122,39.21895],[9.1222,39.21936],[9.12491,39.22111]]},"properties":{}},{"type":"Feature","geometry":{"type":"LineString","coordinates":[[9.12195,39.2685],[9.12208,39.26845],[9.12232,39.26829]]},"properties":{}},{"type":"Feature","geometry":{"type":"LineString","coordinates":[[9.12195,39.2685],[9.1221,39.26852],[9.12217,39.26859]]},"properties":{}},{"type":"Feature","geometry":{"type":"LineString","coordinates":[[9.12205,39.26876],[9.12202,39.26877]]},"properties":{}},{"type":"Feature","geometry":{"type":"LineString","coordinates":[[9.12217,39.26864],[9.12237,39.26885],[9.12205,39.26876]]},"properties":{}},{"type":"Feature","geometry":{"type":"LineString","coordinates":[[9.12217,39.26864],[9.12212,39.26873],[9.12205,39.26876]]},"properties":{}},{"type":"Feature","geometry":{"type":"LineString","coordinates":[[9.12217,39.26859],[9.12217,39.26864]]},"properties":{}},{"type":"Feature","geometry":{"type":"LineString","coordinates":[[9.12232,39.26829],[9.12217,39.26859]]},"properties":{}},{"type":"Feature","geometry":{"type":"LineString","coordinates":[[9.12226,39.23104],[9.1228,39.23168],[9.12421,39.23321],[9.12477,39.2339],[9.12683,39.23277],[9.12822,39.23176]]},"properties":{}},{"type":"Feature","geometry":{"type":"LineString","coordinates":[[9.12359,39.22859],[9.12281,39.22864],[9.12172,39.22863],[9.12178,39.2304],[9.12199,39.23073],[9.12226,39.23104]]},"properties":{}},{"type":"Feature","geometry":{"type":"LineString","coordinates":[[9.12226,39.23104],[9.12487,39.22977],[9.12508,39.22973],[9.12635,39.2297]]},"properties":{}},{"type":"Feature","geometry":{"type":"LineString","coordinates":[[9.12326,39.27193],[9.12321,39.27181],[9.12316,39.27178],[9.12115,39.27073],[9.12114,39.2707],[9.12231,39.26933]]},"properties":{}},{"type":"Feature","geometry":{"type":"LineString","coordinates":[[9.12232,39.26829],[9.12257,39.26803],[9.12293,39.26778],[9.12337,39.26755],[9.12368,39.26745]]},"properties":{}},{"type":"Feature","geometry":{"type":"LineString","coordinates":[[9.12464,39.24468],[9.12349,39.24338],[9.12247,39.2424]]},"properties":{}},{"type":"Feature","geometry":{"type":"LineString","coordinates":[[9.12247,39.2424],[9.12577,39.24029]]},"properties":{}},{"type":"Feature","geometry":{"type":"LineString","coordinates":[[9.12262,39.26896],[9.12264,39.26888],[9.1228,39.26871]]},"properties":{}},{"type":"Feature","geometry":{"type":"LineString","coordinates":[[9.12595,39.26902],[9.1259,39.26897],[9.12453,39.26825],[9.12422,39.26813],[9.12396,39.26808],[9.12367,39.26811],[9.12336,39.26824],[9.12266,39.26897]]},"properties":{}},{"type":"Feature","geometry":{"type":"LineString","coordinates":[[9.1228,39.26871],[9.12245,39.26853],[9.12262,39.26833],[9.12297,39.26851]]},"properties":{}},{"type":"Feature","geometry":{"type":"LineString","coordinates":[[9.1228,39.26871],[9.12297,39.26851]]},"properties":{}},{"type":"Feature","geometry":{"type":"LineString","coordinates":[[9.1228,39.21],[9.12303,39.20987]]},"properties":{}},{"type":"Feature","geometry":{"type":"LineString","coordinates":[[9.12312,39.20998],[9.1228,39.21]]},"properties":{}},{"type":"Feature","geometry":{"type":"LineString","coordinates":[[9.12306,39.20977],[9.12295,39.20838]]},"properties":{}},{"type":"Feature","geometry":{"type":"LineString","coordinates":[[9.12295,39.20838],[9.12287,39.2083],[9.12371,39.20783],[9.12433,39.20735],[9.12541,39.2066],[9.12547,39.20651],[9.12657,39.20579],[9.13546,39.20485],[9.1376,39.20482],[9.13776,39.2048],[9.138,39.20472],[9.13808,39.20473]]},"properties":{}},{"type":"Feature","geometry":{"type":"LineString","coordinates":[[9.13789,39.20493],[9.13742,39.20497],[9.13572,39.20498],[9.13519,39.20502],[9.12765,39.2058],[9.12666,39.20592],[9.12646,39.20602],[9.12545,39.20669],[9.12462,39.20726],[9.12402,39.20773],[9.12295,39.20838]]},"properties":{}},{"type":"Feature","geometry":{"type":"LineString","coordinates":[[9.12297,39.26851],[9.12319,39.26828],[9.1235,39.26809],[9.12368,39.26803],[9.12411,39.26802],[9.12456,39.26817],[9.12602,39.26893]]},"properties":{}},{"type":"Feature","geometry":{"type":"LineString","coordinates":[[9.12303,39.20987],[9.12306,39.20977]]},"properties":{}},{"type":"Feature","geometry":{"type":"LineString","coordinates":[[9.12303,39.20987],[9.12311,39.20986]]},"properties":{}},{"type":"Feature","geometry":{"type":"LineString","coordinates":[[9.12306,39.20977],[9.12311,39.20986]]},"properties":{}},{"type":"Feature","geometry":{"type":"LineString","coordinates":[[9.12311,39.20986],[9.12313,39.20987]]},"properties":{}},{"type":"Feature","geometry":{"type":"LineString","coordinates":[[9.12316,39.21002],[9.12312,39.20998]]},"properties":{}},{"type":"Feature","geometry":{"type":"LineString","coordinates":[[9.12316,39.20995],[9.12312,39.20998]]},"properties":{}},{"type":"Feature","geometry":{"type":"LineString","coordinates":[[9.12313,39.20987],[9.12317,39.20993]]},"properties":{}},{"type":"Feature","geometry":{"type":"LineString","coordinates":[[9.12313,39.20987],[9.12323,39.2098],[9.12357,39.20946],[9.12461,39.20822],[9.1249,39.20794],[9.12512,39.20783],[9.12532,39.20783],[9.12574,39.2081],[9.13011,39.20799],[9.13064,39.20785],[9.1313,39.2075],[9.13167,39.20738],[9.13439,39.20713],[9.13453,39.20719]]},"properties":{}},{"type":"Feature","geometry":{"type":"LineString","coordinates":[[9.12316,39.21002],[9.12338,39.21308]]},"properties":{}},{"type":"Feature","geometry":{"type":"LineString","coordinates":[[9.12316,39.20995],[9.12316,39.21002]]},"properties":{}},{"type":"Feature","geometry":{"type":"LineString","coordinates":[[9.12317,39.20993],[9.12316,39.20995]]},"properties":{}},{"type":"Feature","geometry":{"type":"LineString","coordinates":[[9.12565,39.20819],[9.12525,39.20794],[9.1251,39.20793],[9.12497,39.20798],[9.12467,39.20825],[9.12374,39.20941],[9.12317,39.20993]]},"properties":{}},{"type":"Feature","geometry":{"type":"LineString","coordinates":[[9.12338,39.21308],[9.12366,39.21343],[9.12442,39.21419],[9.12475,39.21457],[9.12482,39.2147],[9.12493,39.21642]]},"properties":{}},{"type":"Feature","geometry":{"type":"LineString","coordinates":[[9.12483,39.21662],[9.12474,39.21484],[9.12469,39.2147],[9.12453,39.21447],[9.12346,39.21341],[9.12337,39.21325],[9.12338,39.21308]]},"properties":{}},{"type":"Feature","geometry":{"type":"LineString","coordinates":[[9.12602,39.26911],[9.12354,39.27192],[9.1234,39.27198]]},"properties":{}},{"type":"Feature","geometry":{"type":"LineString","coordinates":[[9.12359,39.22859],[9.12637,39.22851]]},"properties":{}},{"type":"Feature","geometry":{"type":"LineString","coordinates":[[9.12368,39.26745],[9.12487,39.26722],[9.12533,39.26708],[9.12578,39.26689],[9.12612,39.2667],[9.12653,39.26637]]},"properties":{}},{"type":"Feature","geometry":{"type":"LineString","coordinates":[[9.12442,39.23651],[9.1248,39.23737]]},"properties":{}},{"type":"Feature","geometry":{"type":"LineString","coordinates":[[9.1293,39.24622],[9.12924,39.24621],[9.12868,39.24578],[9.12805,39.24554],[9.12734,39.24548],[9.12656,39.24529],[9.12464,39.24468]]},"properties":{}},{"type":"Feature","geometry":{"type":"LineString","coordinates":[[9.1248,39.23737],[9.1255,39.23911],[9.12577,39.24029]]},"properties":{}},{"type":"Feature","geometry":{"type":"LineString","coordinates":[[9.12484,39.21669],[9.12483,39.21662]]},"properties":{}},{"type":"Feature","geometry":{"type":"LineString","coordinates":[[9.12483,39.21662],[9.12492,39.2166]]},"properties":{}},{"type":"Feature","geometry":{"type":"LineString","coordinates":[[9.12494,39.22109],[9.12497,39.22096],[9.12484,39.21669]]},"properties":{}},{"type":"Feature","geometry":{"type":"LineString","coordinates":[[9.12489,39.21669],[9.12484,39.21669]]},"properties":{}},{"type":"Feature","geometry":{"type":"LineString","coordinates":[[9.12502,39.22148],[9.12486,39.22141]]},"properties":{}},{"type":"Feature","geometry":{"type":"LineString","coordinates":[[9.12486,39.22141],[9.1248,39.22127],[9.12488,39.22113]]},"properties":{}},{"type":"Feature","geometry":{"type":"LineString","coordinates":[[9.12488,39.22113],[9.12491,39.22111]]},"properties":{}},{"type":"Feature","geometry":{"type":"LineString","coordinates":[[9.12669,39.21568],[9.12574,39.21629],[9.12535,39.2167],[9.12489,39.21669]]},"properties":{}},{"type":"Feature","geometry":{"type":"LineString","coordinates":[[9.12489,39.21669],[9.12492,39.21735],[9.125,39.21811],[9.12507,39.22088],[9.12511,39.22107]]},"properties":{}},{"type":"Feature","geometry":{"type":"LineString","coordinates":[[9.12492,39.2166],[9.12489,39.21669]]},"properties":{}},{"type":"Feature","geometry":{"type":"LineString","coordinates":[[9.12491,39.22111],[9.12494,39.22109]]},"properties":{}},{"type":"Feature","geometry":{"type":"LineString","coordinates":[[9.12493,39.21642],[9.12492,39.2166]]},"properties":{}},{"type":"Feature","geometry":{"type":"LineString","coordinates":[[9.12492,39.2166],[9.12522,39.21644],[9.12542,39.21637]]},"properties":{}},{"type":"Feature","geometry":{"type":"LineString","coordinates":[[9.12493,39.21642],[9.12542,39.21637]]},"properties":{}},{"type":"Feature","geometry":{"type":"LineString","coordinates":[[9.12494,39.22109],[9.12511,39.22107]]},"properties":{}},{"type":"Feature","geometry":{"type":"LineString","coordinates":[[9.12512,39.22147],[9.12502,39.22148]]},"properties":{}},{"type":"Feature","geometry":{"type":"LineString","coordinates":[[9.12502,39.22148],[9.12506,39.22239]]},"properties":{}},{"type":"Feature","geometry":{"type":"LineString","coordinates":[[9.12506,39.22239],[9.12515,39.2224]]},"properties":{}},{"type":"Feature","geometry":{"type":"LineString","coordinates":[[9.12506,39.22239],[9.12508,39.22333]]},"properties":{}},{"type":"Feature","geometry":{"type":"LineString","coordinates":[[9.12508,39.22333],[9.12518,39.2256],[9.12382,39.22564],[9.12371,39.22562],[9.12373,39.22573],[9.1237,39.22588],[9.12408,39.22631],[9.12457,39.22676],[9.12474,39.22683],[9.12501,39.22687],[9.12543,39.22685]]},"properties":{}},{"type":"Feature","geometry":{"type":"LineString","coordinates":[[9.12508,39.22333],[9.12518,39.22332]]},"properties":{}},{"type":"Feature","geometry":{"type":"LineString","coordinates":[[9.12511,39.22107],[9.12521,39.22111],[9.1253,39.22119],[9.12532,39.22131],[9.12528,39.22139]]},"properties":{}},{"type":"Feature","geometry":{"type":"LineString","coordinates":[[9.12512,39.22147],[9.12515,39.2224]]},"properties":{}},{"type":"Feature","geometry":{"type":"LineString","coordinates":[[9.12528,39.22139],[9.12512,39.22147]]},"properties":{}},{"type":"Feature","geometry":{"type":"LineString","coordinates":[[9.12515,39.2224],[9.12518,39.22332]]},"properties":{}},{"type":"Feature","geometry":{"type":"LineString","coordinates":[[9.12518,39.22332],[9.12533,39.22677],[9.12534,39.22682],[9.12543,39.22685]]},"properties":{}},{"type":"Feature","geometry":{"type":"LineString","coordinates":[[9.12518,39.22332],[9.1264,39.22328]]},"properties":{}},{"type":"Feature","geometry":{"type":"LineString","coordinates":[[9.12528,39.22139],[9.12672,39.2223],[9.12736,39.22282]]},"properties":{}},{"type":"Feature","geometry":{"type":"LineString","coordinates":[[9.12542,39.21637],[9.12564,39.21629],[9.12662,39.21564]]},"properties":{}},{"type":"Feature","geometry":{"type":"LineString","coordinates":[[9.12543,39.22685],[9.12606,39.22682],[9.12623,39.22685],[9.12631,39.22695]]},"properties":{}},{"type":"Feature","geometry":{"type":"LineString","coordinates":[[9.12577,39.24029],[9.12593,39.24091],[9.12606,39.24118],[9.12788,39.24376],[9.12822,39.24458],[9.12871,39.24531],[9.1288,39.24564],[9.129,39.24587]]},"properties":{}},{"type":"Feature","geometry":{"type":"LineString","coordinates":[[9.12602,39.26911],[9.12595,39.26902]]},"properties":{}},{"type":"Feature","geometry":{"type":"LineString","coordinates":[[9.12595,39.26902],[9.12602,39.26893]]},"properties":{}},{"type":"Feature","geometry":{"type":"LineString","coordinates":[[9.12613,39.26911],[9.12602,39.26911]]},"properties":{}},{"type":"Feature","geometry":{"type":"LineString","coordinates":[[9.12602,39.26893],[9.12616,39.26894],[9.12621,39.26902]]},"properties":{}},{"type":"Feature","geometry":{"type":"LineString","coordinates":[[9.12621,39.26902],[9.12646,39.26917],[9.12768,39.26978],[9.12808,39.26984],[9.12817,39.26994],[9.12818,39.27002],[9.12756,39.27124],[9.12713,39.27284],[9.12704,39.27297],[9.1269,39.27305],[9.12682,39.27306],[9.12604,39.27292],[9.12595,39.27288],[9.12595,39.27279],[9.12775,39.27066],[9.12799,39.27021],[9.12799,39.2701],[9.12793,39.27001],[9.12629,39.26917],[9.12613,39.26911]]},"properties":{}},{"type":"Feature","geometry":{"type":"LineString","coordinates":[[9.12621,39.26902],[9.12613,39.26911]]},"properties":{}},{"type":"Feature","geometry":{"type":"LineString","coordinates":[[9.12631,39.22695],[9.12633,39.22761]]},"properties":{}},{"type":"Feature","geometry":{"type":"LineString","coordinates":[[9.12667,39.22688],[9.12649,39.22686],[9.12631,39.22695]]},"properties":{}},{"type":"Feature","geometry":{"type":"LineString","coordinates":[[9.12633,39.22761],[9.12656,39.22762],[9.12668,39.22758]]},"properties":{}},{"type":"Feature","geometry":{"type":"LineString","coordinates":[[9.12633,39.22761],[9.12637,39.22851]]},"properties":{}},{"type":"Feature","geometry":{"type":"LineString","coordinates":[[9.12649,39.22987],[9.12636,39.22975],[9.12635,39.2297]]},"properties":{}},{"type":"Feature","geometry":{"type":"LineString","coordinates":[[9.12635,39.2297],[9.1263,39.22867],[9.12637,39.22861],[9.12637,39.22851]]},"properties":{}},{"type":"Feature","geometry":{"type":"LineString","coordinates":[[9.12635,39.2297],[9.12656,39.22968],[9.12663,39.22972]]},"properties":{}},{"type":"Feature","geometry":{"type":"LineString","coordinates":[[9.12637,39.22851],[9.12751,39.22848]]},"properties":{}},{"type":"Feature","geometry":{"type":"LineString","coordinates":[[9.12667,39.22688],[9.1266,39.22449],[9.1264,39.22328]]},"properties":{}},{"type":"Feature","geometry":{"type":"LineString","coordinates":[[9.1264,39.22328],[9.12687,39.22317],[9.12736,39.22282]]},"properties":{}},{"type":"Feature","geometry":{"type":"LineString","coordinates":[[9.12689,39.21579],[9.12659,39.21582],[9.12644,39.21588]]},"properties":{}},{"type":"Feature","geometry":{"type":"LineString","coordinates":[[9.12652,39.2299],[9.12649,39.22987]]},"properties":{}},{"type":"Feature","geometry":{"type":"LineString","coordinates":[[9.12649,39.22987],[9.12647,39.22982],[9.1265,39.22975],[9.12663,39.22972]]},"properties":{}},{"type":"Feature","geometry":{"type":"LineString","coordinates":[[9.12667,39.22991],[9.12652,39.2299]]},"properties":{}},{"type":"Feature","geometry":{"type":"LineString","coordinates":[[9.12822,39.23176],[9.12765,39.23107],[9.12656,39.22997],[9.12652,39.2299]]},"properties":{}},{"type":"Feature","geometry":{"type":"LineString","coordinates":[[9.12653,39.26637],[9.127,39.26595]]},"properties":{}},{"type":"Feature","geometry":{"type":"LineString","coordinates":[[9.13878,39.26621],[9.1387,39.26653],[9.13295,39.26599],[9.12934,39.26562],[9.12924,39.26567],[9.12898,39.26566],[9.12882,39.26569],[9.12858,39.26576],[9.12843,39.26585],[9.12798,39.26624],[9.12786,39.26633],[9.12771,39.26639],[9.12742,39.26638],[9.12722,39.26629],[9.127,39.26623],[9.1268,39.26625],[9.12653,39.26637]]},"properties":{}},{"type":"Feature","geometry":{"type":"LineString","coordinates":[[9.12662,39.21564],[9.12669,39.21568]]},"properties":{}},{"type":"Feature","geometry":{"type":"LineString","coordinates":[[9.12662,39.21564],[9.1275,39.21507],[9.12977,39.21289]]},"properties":{}},{"type":"Feature","geometry":{"type":"LineString","coordinates":[[9.12663,39.22972],[9.12671,39.22976],[9.12674,39.22981],[9.12667,39.22991]]},"properties":{}},{"type":"Feature","geometry":{"type":"LineString","coordinates":[[9.12667,39.22991],[9.12672,39.23001],[9.12785,39.23117],[9.1283,39.23172]]},"properties":{}},{"type":"Feature","geometry":{"type":"LineString","coordinates":[[9.12668,39.22758],[9.12667,39.22688]]},"properties":{}},{"type":"Feature","geometry":{"type":"LineString","coordinates":[[9.12755,39.22832],[9.12673,39.22772],[9.12668,39.22758]]},"properties":{}},{"type":"Feature","geometry":{"type":"LineString","coordinates":[[9.12669,39.21568],[9.12689,39.21579]]},"properties":{}},{"type":"Feature","geometry":{"type":"LineString","coordinates":[[9.1298,39.21291],[9.12753,39.2151],[9.12669,39.21568]]},"properties":{}},{"type":"Feature","geometry":{"type":"LineString","coordinates":[[9.12735,39.21578],[9.12689,39.21579]]},"properties":{}},{"type":"Feature","geometry":{"type":"LineString","coordinates":[[9.127,39.26595],[9.12709,39.26581],[9.12761,39.26538]]},"properties":{}},{"type":"Feature","geometry":{"type":"LineString","coordinates":[[9.12772,39.26539],[9.12722,39.26583],[9.127,39.26595]]},"properties":{}},{"type":"Feature","geometry":{"type":"LineString","coordinates":[[9.13027,39.21572],[9.12746,39.21583],[9.12735,39.21578]]},"properties":{}},{"type":"Feature","geometry":{"type":"LineString","coordinates":[[9.12735,39.21578],[9.12736,39.21569],[9.12743,39.21564],[9.13027,39.21559]]},"properties":{}},{"type":"Feature","geometry":{"type":"LineString","coordinates":[[9.13522,39.23191],[9.13357,39.23039],[9.13308,39.22988],[9.13202,39.22859],[9.12917,39.22497],[9.12871,39.22438],[9.12827,39.22373],[9.12777,39.22318],[9.12736,39.22282]]},"properties":{}},{"type":"Feature","geometry":{"type":"LineString","coordinates":[[9.12736,39.22282],[9.12974,39.221],[9.13027,39.2209],[9.13024,39.22046]]},"properties":{}},{"type":"Feature","geometry":{"type":"LineString","coordinates":[[9.12751,39.22848],[9.12782,39.22851]]},"properties":{}},{"type":"Feature","geometry":{"type":"LineString","coordinates":[[9.12751,39.22848],[9.12755,39.22832]]},"properties":{}},{"type":"Feature","geometry":{"type":"LineString","coordinates":[[9.12752,39.26537],[9.12761,39.26538]]},"properties":{}},{"type":"Feature","geometry":{"type":"LineString","coordinates":[[9.12789,39.26515],[9.12791,39.26496],[9.12789,39.26486],[9.12777,39.26474],[9.12757,39.26467],[9.12745,39.26467],[9.12723,39.26476],[9.12711,39.26496],[9.12712,39.26507],[9.12726,39.26523],[9.12752,39.26537]]},"properties":{}},{"type":"Feature","geometry":{"type":"LineString","coordinates":[[9.12782,39.22851],[9.12755,39.22832]]},"properties":{}},{"type":"Feature","geometry":{"type":"LineString","coordinates":[[9.12761,39.26538],[9.12772,39.26539]]},"properties":{}},{"type":"Feature","geometry":{"type":"LineString","coordinates":[[9.12761,39.26538],[9.12789,39.26515]]},"properties":{}},{"type":"Feature","geometry":{"type":"LineString","coordinates":[[9.12772,39.26539],[9.12831,39.26545]]},"properties":{}},{"type":"Feature","geometry":{"type":"LineString","coordinates":[[9.12803,39.26508],[9.12793,39.26521],[9.12772,39.26539]]},"properties":{}},{"type":"Feature","geometry":{"type":"LineString","coordinates":[[9.13173,39.23258],[9.13099,39.23118],[9.13083,39.23094],[9.13029,39.23033],[9.12998,39.23007],[9.12782,39.22851]]},"properties":{}},{"type":"Feature","geometry":{"type":"LineString","coordinates":[[9.12789,39.26515],[9.12803,39.26508]]},"properties":{}},{"type":"Feature","geometry":{"type":"LineString","coordinates":[[9.12803,39.26508],[9.12823,39.2649]]},"properties":{}},{"type":"Feature","geometry":{"type":"LineString","coordinates":[[9.12846,39.2321],[9.12822,39.23176]]},"properties":{}},{"type":"Feature","geometry":{"type":"LineString","coordinates":[[9.1283,39.23172],[9.12822,39.23176]]},"properties":{}},{"type":"Feature","geometry":{"type":"LineString","coordinates":[[9.12823,39.2649],[9.12943,39.26386],[9.12965,39.26364],[9.13083,39.26219],[9.13134,39.26161],[9.13151,39.26145]]},"properties":{}},{"type":"Feature","geometry":{"type":"LineString","coordinates":[[9.12831,39.26545],[9.12879,39.26538],[9.12892,39.26532],[9.12902,39.2652],[9.12904,39.26507],[9.129,39.26496],[9.12892,39.26488],[9.12879,39.2648],[9.1285,39.2648],[9.12823,39.2649]]},"properties":{}},{"type":"Feature","geometry":{"type":"LineString","coordinates":[[9.1283,39.23172],[9.12854,39.23207]]},"properties":{}},{"type":"Feature","geometry":{"type":"LineString","coordinates":[[9.12831,39.26545],[9.13535,39.26615],[9.13833,39.26642],[9.1386,39.26634],[9.13878,39.26621]]},"properties":{}},{"type":"Feature","geometry":{"type":"LineString","coordinates":[[9.13097,39.23807],[9.13042,39.23711],[9.12992,39.2363],[9.12986,39.23612],[9.12976,39.23528],[9.12966,39.23496],[9.12904,39.2332],[9.12889,39.23287],[9.12846,39.2321]]},"properties":{}},{"type":"Feature","geometry":{"type":"LineString","coordinates":[[9.12846,39.2321],[9.12854,39.23207]]},"properties":{}},{"type":"Feature","geometry":{"type":"LineString","coordinates":[[9.12854,39.23207],[9.12893,39.23276],[9.1292,39.2334],[9.12979,39.23507],[9.12985,39.23533],[9.12995,39.23606],[9.13001,39.23628],[9.13073,39.23747],[9.13103,39.23803]]},"properties":{}},{"type":"Feature","geometry":{"type":"LineString","coordinates":[[9.13173,39.23258],[9.13006,39.23319],[9.12985,39.23321],[9.12969,39.23311],[9.12954,39.23283],[9.12917,39.2318],[9.12854,39.23207]]},"properties":{}},{"type":"Feature","geometry":{"type":"LineString","coordinates":[[9.129,39.24587],[9.1293,39.24622]]},"properties":{}},{"type":"Feature","geometry":{"type":"LineString","coordinates":[[9.13252,39.24419],[9.13113,39.24502],[9.1298,39.24553],[9.129,39.24587]]},"properties":{}},{"type":"Feature","geometry":{"type":"LineString","coordinates":[[9.13004,39.24704],[9.12962,39.24651],[9.1293,39.24622]]},"properties":{}},{"type":"Feature","geometry":{"type":"LineString","coordinates":[[9.1298,39.21291],[9.12977,39.21289]]},"properties":{}},{"type":"Feature","geometry":{"type":"LineString","coordinates":[[9.12977,39.21289],[9.13002,39.21262],[9.13008,39.21259]]},"properties":{}},{"type":"Feature","geometry":{"type":"LineString","coordinates":[[9.13027,39.21559],[9.13016,39.21315],[9.1298,39.21291]]},"properties":{}},{"type":"Feature","geometry":{"type":"LineString","coordinates":[[9.13008,39.21259],[9.13006,39.21266],[9.1298,39.21291]]},"properties":{}},{"type":"Feature","geometry":{"type":"LineString","coordinates":[[9.13213,39.24959],[9.13151,39.24879],[9.13004,39.24704]]},"properties":{}},{"type":"Feature","geometry":{"type":"LineString","coordinates":[[9.13004,39.24704],[9.13081,39.24665]]},"properties":{}},{"type":"Feature","geometry":{"type":"LineString","coordinates":[[9.13008,39.21259],[9.1301,39.21272],[9.1303,39.21312],[9.13041,39.21551]]},"properties":{}},{"type":"Feature","geometry":{"type":"LineString","coordinates":[[9.13453,39.20719],[9.13381,39.20788],[9.13282,39.20868],[9.13268,39.20884],[9.13256,39.20901],[9.13243,39.20929],[9.1323,39.20971],[9.13211,39.21007],[9.13085,39.21176],[9.13008,39.21259]]},"properties":{}},{"type":"Feature","geometry":{"type":"LineString","coordinates":[[9.13024,39.22046],[9.13021,39.22041],[9.1302,39.22015],[9.13036,39.21977]]},"properties":{}},{"type":"Feature","geometry":{"type":"LineString","coordinates":[[9.1303,39.22023],[9.13024,39.22046]]},"properties":{}},{"type":"Feature","geometry":{"type":"LineString","coordinates":[[9.13027,39.21572],[9.13027,39.21559]]},"properties":{}},{"type":"Feature","geometry":{"type":"LineString","coordinates":[[9.13027,39.21559],[9.13041,39.21551]]},"properties":{}},{"type":"Feature","geometry":{"type":"LineString","coordinates":[[9.13036,39.21977],[9.13043,39.21934],[9.13027,39.21572]]},"properties":{}},{"type":"Feature","geometry":{"type":"LineString","coordinates":[[9.13041,39.21571],[9.13027,39.21572]]},"properties":{}},{"type":"Feature","geometry":{"type":"LineString","coordinates":[[9.1305,39.21981],[9.13032,39.22014],[9.1303,39.22023]]},"properties":{}},{"type":"Feature","geometry":{"type":"LineString","coordinates":[[9.13107,39.22003],[9.131,39.22006],[9.13075,39.22001],[9.13059,39.22003],[9.13041,39.22012],[9.1303,39.22023]]},"properties":{}},{"type":"Feature","geometry":{"type":"LineString","coordinates":[[9.13036,39.21977],[9.1305,39.21981]]},"properties":{}},{"type":"Feature","geometry":{"type":"LineString","coordinates":[[9.13041,39.21551],[9.13041,39.21571]]},"properties":{}},{"type":"Feature","geometry":{"type":"LineString","coordinates":[[9.13041,39.21551],[9.13095,39.2155],[9.13265,39.21411],[9.13267,39.21218],[9.13271,39.21196],[9.13264,39.21171],[9.1325,39.21135],[9.13247,39.21112],[9.13252,39.21098],[9.13309,39.21019],[9.13331,39.21005],[9.13442,39.20973],[9.13501,39.2092],[9.13503,39.20915],[9.1353,39.20915],[9.13582,39.2093]]},"properties":{}},{"type":"Feature","geometry":{"type":"LineString","coordinates":[[9.13041,39.21571],[9.13056,39.21939],[9.1305,39.21981]]},"properties":{}},{"type":"Feature","geometry":{"type":"LineString","coordinates":[[9.1305,39.21981],[9.13107,39.22003]]},"properties":{}},{"type":"Feature","geometry":{"type":"LineString","coordinates":[[9.13081,39.24665],[9.13145,39.24712],[9.13223,39.24672],[9.13237,39.24673],[9.1326,39.24657],[9.13179,39.24538],[9.13049,39.246],[9.13095,39.24658],[9.13081,39.24665]]},"properties":{}},{"type":"Feature","geometry":{"type":"LineString","coordinates":[[9.13578,39.24982],[9.13579,39.24971],[9.13583,39.24966],[9.13602,39.24951],[9.13622,39.24914],[9.13769,39.24671],[9.13784,39.24642],[9.13812,39.24409],[9.1381,39.24401],[9.13813,39.2436],[9.1381,39.24336],[9.13799,39.24315],[9.13766,39.24284],[9.13671,39.24225],[9.13592,39.24143],[9.13544,39.24106],[9.13426,39.24034],[9.13335,39.24004],[9.13198,39.23932],[9.13166,39.23903],[9.13126,39.23858],[9.13097,39.23807]]},"properties":{}},{"type":"Feature","geometry":{"type":"LineString","coordinates":[[9.13097,39.23807],[9.12997,39.23874],[9.12926,39.23929],[9.12814,39.24027],[9.12818,39.24037],[9.12845,39.24066],[9.1289,39.24106],[9.13042,39.24204],[9.13136,39.24347],[9.13189,39.24325],[9.13252,39.24419]]},"properties":{}},{"type":"Feature","geometry":{"type":"LineString","coordinates":[[9.13097,39.23807],[9.13103,39.23803]]},"properties":{}},{"type":"Feature","geometry":{"type":"LineString","coordinates":[[9.13103,39.23803],[9.13121,39.23834],[9.13141,39.23862],[9.13167,39.23893],[9.132,39.23923],[9.13343,39.24],[9.13412,39.2402],[9.13461,39.24044],[9.13584,39.24125],[9.13673,39.24216],[9.13794,39.24291],[9.1383,39.24318],[9.1384,39.24329],[9.13828,39.24373],[9.13794,39.24647],[9.13785,39.24668],[9.13747,39.24737],[9.13612,39.24939],[9.13613,39.24956],[9.13628,39.24973],[9.13627,39.24995],[9.13633,39.25011]]},"properties":{}},{"type":"Feature","geometry":{"type":"LineString","coordinates":[[9.13103,39.23803],[9.1322,39.23717],[9.13259,39.23683],[9.1329,39.23642],[9.133,39.23625],[9.1331,39.23598],[9.13314,39.23576]]},"properties":{}},{"type":"Feature","geometry":{"type":"LineString","coordinates":[[9.13107,39.22003],[9.13161,39.22017],[9.13223,39.22026],[9.1327,39.22037],[9.13308,39.22048],[9.13343,39.22064]]},"properties":{}},{"type":"Feature","geometry":{"type":"LineString","coordinates":[[9.13289,39.23527],[9.13286,39.23559],[9.13278,39.2358],[9.13264,39.23599],[9.13247,39.23615],[9.13204,39.23632],[9.13152,39.23635],[9.13132,39.2363],[9.13121,39.23623],[9.13092,39.23594],[9.13083,39.23578],[9.13076,39.23559],[9.13072,39.23528],[9.13079,39.2349],[9.13089,39.23475],[9.13106,39.23464],[9.13132,39.23457],[9.13164,39.23456],[9.13179,39.23459],[9.13197,39.23471],[9.13216,39.23493],[9.13222,39.23508],[9.13224,39.23531],[9.13216,39.23557],[9.13198,39.23575],[9.13178,39.23584],[9.13162,39.23584],[9.13138,39.23574],[9.13124,39.23549],[9.13127,39.23519]]},"properties":{}},{"type":"Feature","geometry":{"type":"LineString","coordinates":[[9.14002,39.26248],[9.13728,39.26107],[9.13719,39.26126],[9.13669,39.26199],[9.13586,39.26288],[9.13574,39.26291],[9.13575,39.26295],[9.13571,39.26299],[9.13566,39.26299],[9.13562,39.26295],[9.13479,39.26309],[9.13151,39.26145]]},"properties":{}},{"type":"Feature","geometry":{"type":"LineString","coordinates":[[9.13151,39.26145],[9.13259,39.2606],[9.13325,39.26001]]},"properties":{}},{"type":"Feature","geometry":{"type":"LineString","coordinates":[[9.13215,39.23338],[9.13173,39.23258]]},"properties":{}},{"type":"Feature","geometry":{"type":"LineString","coordinates":[[9.13438,39.25144],[9.13387,39.25101],[9.13317,39.25049],[9.13213,39.24959]]},"properties":{}},{"type":"Feature","geometry":{"type":"LineString","coordinates":[[9.13293,39.23489],[9.13232,39.23371]]},"properties":{}},{"type":"Feature","geometry":{"type":"LineString","coordinates":[[9.13252,39.24419],[9.13342,39.24352],[9.13372,39.24336],[9.134,39.24328],[9.1356,39.24302],[9.13601,39.24287],[9.13632,39.24271],[9.13648,39.24259],[9.13665,39.2424]]},"properties":{}},{"type":"Feature","geometry":{"type":"LineString","coordinates":[[9.13293,39.23489],[9.13289,39.23527]]},"properties":{}},{"type":"Feature","geometry":{"type":"LineString","coordinates":[[9.13289,39.23527],[9.13299,39.23525],[9.13309,39.23529]]},"properties":{}},{"type":"Feature","geometry":{"type":"LineString","coordinates":[[9.13309,39.23529],[9.13293,39.23489]]},"properties":{}},{"type":"Feature","geometry":{"type":"LineString","coordinates":[[9.13314,39.23576],[9.13314,39.23552],[9.13309,39.23529]]},"properties":{}},{"type":"Feature","geometry":{"type":"LineString","coordinates":[[9.13458,39.23599],[9.13438,39.23592],[9.13419,39.23591],[9.13391,39.23581],[9.13334,39.2358],[9.13314,39.23576]]},"properties":{}},{"type":"Feature","geometry":{"type":"LineString","coordinates":[[9.13314,39.23576],[9.13335,39.23572],[9.13443,39.23574],[9.13458,39.23599]]},"properties":{}},{"type":"Feature","geometry":{"type":"LineString","coordinates":[[9.13325,39.26001],[9.13338,39.25971]]},"properties":{}},{"type":"Feature","geometry":{"type":"LineString","coordinates":[[9.13353,39.25974],[9.13325,39.26001]]},"properties":{}},{"type":"Feature","geometry":{"type":"LineString","coordinates":[[9.13353,39.25974],[9.13345,39.25975],[9.13338,39.25971]]},"properties":{}},{"type":"Feature","geometry":{"type":"LineString","coordinates":[[9.13338,39.25971],[9.13336,39.25961],[9.13345,39.25956]]},"properties":{}},{"type":"Feature","geometry":{"type":"LineString","coordinates":[[9.13343,39.22064],[9.13364,39.22073],[9.13384,39.22075],[9.13391,39.22079],[9.13393,39.22085],[9.1339,39.22092],[9.13391,39.22112]]},"properties":{}},{"type":"Feature","geometry":{"type":"LineString","coordinates":[[9.13391,39.22112],[9.13343,39.22064]]},"properties":{}},{"type":"Feature","geometry":{"type":"LineString","coordinates":[[9.13345,39.25956],[9.13373,39.25952],[9.13413,39.25941]]},"properties":{}},{"type":"Feature","geometry":{"type":"LineString","coordinates":[[9.13345,39.25956],[9.13354,39.25957],[9.13359,39.25962],[9.13359,39.25968],[9.13355,39.25973]]},"properties":{}},{"type":"Feature","geometry":{"type":"LineString","coordinates":[[9.13355,39.25973],[9.13353,39.25974]]},"properties":{}},{"type":"Feature","geometry":{"type":"LineString","coordinates":[[9.13422,39.25965],[9.13373,39.25968],[9.13355,39.25973]]},"properties":{}},{"type":"Feature","geometry":{"type":"LineString","coordinates":[[9.13391,39.22112],[9.13483,39.22236],[9.13555,39.2232],[9.13574,39.22344],[9.1358,39.22357],[9.13586,39.22362]]},"properties":{}},{"type":"Feature","geometry":{"type":"LineString","coordinates":[[9.13422,39.25965],[9.1341,39.25954],[9.13413,39.25941]]},"properties":{}},{"type":"Feature","geometry":{"type":"LineString","coordinates":[[9.13413,39.25941],[9.13425,39.25934],[9.13441,39.25936]]},"properties":{}},{"type":"Feature","geometry":{"type":"LineString","coordinates":[[9.13414,39.25927],[9.13325,39.2574],[9.133,39.2568],[9.13292,39.25653],[9.1328,39.25582],[9.13265,39.25493],[9.13264,39.25464],[9.13276,39.25406],[9.13302,39.25363],[9.13332,39.25333],[9.1348,39.25202]]},"properties":{}},{"type":"Feature","geometry":{"type":"LineString","coordinates":[[9.1345,39.25953],[9.13439,39.25964],[9.13422,39.25965]]},"properties":{}},{"type":"Feature","geometry":{"type":"LineString","coordinates":[[9.1348,39.25202],[9.1346,39.2517],[9.13438,39.25144]]},"properties":{}},{"type":"Feature","geometry":{"type":"LineString","coordinates":[[9.13438,39.25144],[9.13549,39.25009],[9.13578,39.24982]]},"properties":{}},{"type":"Feature","geometry":{"type":"LineString","coordinates":[[9.13441,39.25936],[9.13449,39.25944],[9.1345,39.25953]]},"properties":{}},{"type":"Feature","geometry":{"type":"LineString","coordinates":[[9.13524,39.25244],[9.13416,39.25314],[9.13363,39.25361],[9.13337,39.25396],[9.1332,39.25426],[9.13307,39.25468],[9.13303,39.25493],[9.13302,39.25529],[9.1331,39.25571],[9.13316,39.25648],[9.13359,39.25758],[9.13401,39.25845],[9.13441,39.25936]]},"properties":{}},{"type":"Feature","geometry":{"type":"LineString","coordinates":[[9.1345,39.25953],[9.13479,39.25962],[9.13514,39.25957],[9.13601,39.25931],[9.13765,39.25892],[9.13774,39.25887],[9.13805,39.25853],[9.13871,39.25764],[9.13923,39.25703],[9.14043,39.25576]]},"properties":{}},{"type":"Feature","geometry":{"type":"LineString","coordinates":[[9.13766,39.20515],[9.13651,39.20554],[9.1361,39.20576],[9.13572,39.20607],[9.13453,39.20719]]},"properties":{}},{"type":"Feature","geometry":{"type":"LineString","coordinates":[[9.13458,39.23599],[9.13487,39.23632],[9.13508,39.23642],[9.1358,39.23637],[9.13693,39.23607],[9.137,39.2363],[9.13663,39.23758],[9.1366,39.23764],[9.13635,39.2378],[9.13624,39.23793]]},"properties":{}},{"type":"Feature","geometry":{"type":"LineString","coordinates":[[9.13524,39.25244],[9.13496,39.25221],[9.1348,39.25202]]},"properties":{}},{"type":"Feature","geometry":{"type":"LineString","coordinates":[[9.1348,39.25202],[9.13487,39.25197],[9.13494,39.25206],[9.13553,39.25248],[9.13576,39.25257],[9.13601,39.25261],[9.13634,39.25258],[9.13731,39.2523],[9.13742,39.25226],[9.13763,39.25209]]},"properties":{}},{"type":"Feature","geometry":{"type":"LineString","coordinates":[[9.13522,39.23191],[9.13532,39.23195],[9.13582,39.23243],[9.13662,39.23307],[9.13917,39.23497],[9.14017,39.23567],[9.14307,39.23738],[9.14892,39.24076]]},"properties":{}},{"type":"Feature","geometry":{"type":"LineString","coordinates":[[9.14892,39.24076],[9.14809,39.24035],[9.14018,39.23574],[9.13815,39.23429],[9.1366,39.23312],[9.13588,39.23254],[9.13522,39.23191]]},"properties":{}},{"type":"Feature","geometry":{"type":"LineString","coordinates":[[9.13628,39.25269],[9.13607,39.25272],[9.13573,39.25272],[9.13553,39.25264],[9.13531,39.25246],[9.13524,39.25244]]},"properties":{}},{"type":"Feature","geometry":{"type":"LineString","coordinates":[[9.1355,39.25267],[9.13524,39.25244]]},"properties":{}},{"type":"Feature","geometry":{"type":"LineString","coordinates":[[9.13545,39.22622],[9.13531,39.22662],[9.13688,39.2269],[9.13698,39.22701],[9.13678,39.2277],[9.1359,39.22843]]},"properties":{}},{"type":"Feature","geometry":{"type":"LineString","coordinates":[[9.13567,39.22388],[9.13502,39.22428],[9.13389,39.22592],[9.13545,39.22622]]},"properties":{}},{"type":"Feature","geometry":{"type":"LineString","coordinates":[[9.13567,39.22388],[9.13563,39.22402],[9.13572,39.22498],[9.13571,39.22527],[9.13568,39.22545],[9.13545,39.22622]]},"properties":{}},{"type":"Feature","geometry":{"type":"LineString","coordinates":[[9.13555,39.19534],[9.13565,39.19561],[9.13576,39.19578],[9.13602,39.19602],[9.13619,39.19613],[9.13669,39.19631],[9.13753,39.19642]]},"properties":{}},{"type":"Feature","geometry":{"type":"LineString","coordinates":[[9.13555,39.19534],[9.13514,39.19493],[9.13514,39.19482],[9.13518,39.19478],[9.13536,39.19473],[9.1355,39.19481],[9.13555,39.19534]]},"properties":{}},{"type":"Feature","geometry":{"type":"LineString","coordinates":[[9.13628,39.25269],[9.136,39.25286],[9.13578,39.25284],[9.1356,39.25275]]},"properties":{}},{"type":"Feature","geometry":{"type":"LineString","coordinates":[[9.13593,39.22373],[9.13567,39.22388]]},"properties":{}},{"type":"Feature","geometry":{"type":"LineString","coordinates":[[9.13633,39.25011],[9.13612,39.25],[9.13591,39.24996],[9.1358,39.24988],[9.13578,39.24982]]},"properties":{}},{"type":"Feature","geometry":{"type":"LineString","coordinates":[[9.13582,39.2093],[9.13796,39.20999],[9.13968,39.21064],[9.14019,39.21085],[9.14104,39.2113],[9.14118,39.21087],[9.14114,39.2107],[9.13931,39.20848],[9.13923,39.20833],[9.13864,39.20659],[9.13851,39.20659],[9.13844,39.20665],[9.13839,39.20675],[9.13797,39.20724],[9.13582,39.2093]]},"properties":{}},{"type":"Feature","geometry":{"type":"LineString","coordinates":[[9.1359,39.22843],[9.13569,39.22935],[9.13502,39.22926],[9.13494,39.22921],[9.1359,39.22843]]},"properties":{}},{"type":"Feature","geometry":{"type":"LineString","coordinates":[[9.13627,39.238],[9.13621,39.23803],[9.13615,39.23801]]},"properties":{}},{"type":"Feature","geometry":{"type":"LineString","coordinates":[[9.13615,39.23801],[9.13537,39.2387],[9.13637,39.23896],[9.13681,39.23885],[9.13688,39.23844],[9.13681,39.23837],[9.13627,39.238]]},"properties":{}},{"type":"Feature","geometry":{"type":"LineString","coordinates":[[9.13615,39.23801],[9.13614,39.23795],[9.13624,39.23793]]},"properties":{}},{"type":"Feature","geometry":{"type":"LineString","coordinates":[[9.13624,39.23793],[9.13627,39.238]]},"properties":{}},{"type":"Feature","geometry":{"type":"LineString","coordinates":[[9.13778,39.25231],[9.13747,39.25235],[9.13628,39.25269]]},"properties":{}},{"type":"Feature","geometry":{"type":"LineString","coordinates":[[9.13633,39.25011],[9.13727,39.25081],[9.13752,39.25105],[9.13763,39.25124],[9.13768,39.25157]]},"properties":{}},{"type":"Feature","geometry":{"type":"LineString","coordinates":[[9.13753,39.19642],[9.13827,39.19653]]},"properties":{}},{"type":"Feature","geometry":{"type":"LineString","coordinates":[[9.13789,39.19683],[9.13783,39.19664],[9.13768,39.19651],[9.13753,39.19642]]},"properties":{}},{"type":"Feature","geometry":{"type":"LineString","coordinates":[[9.13766,39.20515],[9.13782,39.20507],[9.13789,39.20495]]},"properties":{}},{"type":"Feature","geometry":{"type":"LineString","coordinates":[[9.13796,39.20506],[9.13766,39.20515]]},"properties":{}},{"type":"Feature","geometry":{"type":"LineString","coordinates":[[9.13768,39.25157],[9.13778,39.25184],[9.13793,39.25197]]},"properties":{}},{"type":"Feature","geometry":{"type":"LineString","coordinates":[[9.13768,39.25157],[9.13764,39.25208],[9.13773,39.25199],[9.13793,39.25197]]},"properties":{}},{"type":"Feature","geometry":{"type":"LineString","coordinates":[[9.13809,39.25218],[9.13801,39.25228],[9.13781,39.25232]]},"properties":{}},{"type":"Feature","geometry":{"type":"LineString","coordinates":[[9.13788,39.19726],[9.13792,39.1975],[9.13808,39.19771],[9.13821,39.19817],[9.13847,39.19825],[9.13859,39.19835],[9.13863,39.19844],[9.13863,39.19858],[9.13829,39.20013],[9.13818,39.20123]]},"properties":{}},{"type":"Feature","geometry":{"type":"LineString","coordinates":[[9.13808,39.20122],[9.1382,39.20002],[9.13856,39.19845],[9.13848,39.19831],[9.13818,39.19821],[9.13809,39.19811],[9.13797,39.1977],[9.13774,39.19752],[9.13775,39.19746],[9.13788,39.19726]]},"properties":{}},{"type":"Feature","geometry":{"type":"LineString","coordinates":[[9.13789,39.19683],[9.13788,39.19726]]},"properties":{}},{"type":"Feature","geometry":{"type":"LineString","coordinates":[[9.13827,39.19653],[9.13803,39.19661],[9.13798,39.19666],[9.13789,39.19683]]},"properties":{}},{"type":"Feature","geometry":{"type":"LineString","coordinates":[[9.13796,39.20506],[9.13789,39.20495]]},"properties":{}},{"type":"Feature","geometry":{"type":"LineString","coordinates":[[9.13789,39.20495],[9.13789,39.20493]]},"properties":{}},{"type":"Feature","geometry":{"type":"LineString","coordinates":[[9.13789,39.20493],[9.13808,39.20473]]},"properties":{}},{"type":"Feature","geometry":{"type":"LineString","coordinates":[[9.13793,39.25197],[9.13797,39.25198]]},"properties":{}},{"type":"Feature","geometry":{"type":"LineString","coordinates":[[9.13839,39.2048],[9.13819,39.20489],[9.13821,39.20496],[9.13816,39.20505],[9.13807,39.20508],[9.13796,39.20506]]},"properties":{}},{"type":"Feature","geometry":{"type":"LineString","coordinates":[[9.13797,39.25198],[9.13824,39.25201],[9.1384,39.25199],[9.13922,39.25174],[9.13954,39.2516],[9.14106,39.25069],[9.1416,39.2504],[9.14193,39.25028],[9.14299,39.25005],[9.14353,39.25013],[9.14384,39.2503],[9.14575,39.25198],[9.14589,39.25207],[9.14618,39.25213],[9.14643,39.25211]]},"properties":{}},{"type":"Feature","geometry":{"type":"LineString","coordinates":[[9.13797,39.25198],[9.13808,39.25208],[9.13809,39.25218]]},"properties":{}},{"type":"Feature","geometry":{"type":"LineString","coordinates":[[9.13808,39.20473],[9.1382,39.20472],[9.13833,39.20467],[9.13968,39.20383],[9.14,39.20352],[9.14052,39.20282]]},"properties":{}},{"type":"Feature","geometry":{"type":"LineString","coordinates":[[9.13818,39.20123],[9.13822,39.20127],[9.13822,39.20132],[9.13811,39.20137],[9.13802,39.20129],[9.13808,39.20122]]},"properties":{}},{"type":"Feature","geometry":{"type":"LineString","coordinates":[[9.13808,39.20122],[9.13818,39.20123]]},"properties":{}},{"type":"Feature","geometry":{"type":"LineString","coordinates":[[9.14635,39.2524],[9.14606,39.2523],[9.1457,39.25205],[9.14373,39.25033],[9.14338,39.25017],[9.14314,39.25014],[9.14264,39.2502],[9.14165,39.25048],[9.1413,39.25065],[9.13954,39.25172],[9.13809,39.25218]]},"properties":{}},{"type":"Feature","geometry":{"type":"LineString","coordinates":[[9.13827,39.19653],[9.13898,39.19662],[9.1393,39.1966],[9.13968,39.19651],[9.13993,39.19639],[9.1402,39.1962],[9.14036,39.19604],[9.14047,39.1958],[9.14052,39.19553],[9.14045,39.19515],[9.13909,39.19285]]},"properties":{}},{"type":"Feature","geometry":{"type":"LineString","coordinates":[[9.14009,39.20365],[9.14009,39.20372],[9.13965,39.20411],[9.13856,39.20479],[9.13839,39.2048]]},"properties":{}},{"type":"Feature","geometry":{"type":"LineString","coordinates":[[9.14009,39.20365],[9.13953,39.20411],[9.13839,39.2048]]},"properties":{}},{"type":"Feature","geometry":{"type":"LineString","coordinates":[[9.1395,39.26411],[9.13878,39.26621]]},"properties":{}},{"type":"Feature","geometry":{"type":"LineString","coordinates":[[9.13909,39.19285],[9.13896,39.19272],[9.13884,39.19268],[9.13882,39.19258],[9.13887,39.19252],[9.13919,39.1924]]},"properties":{}},{"type":"Feature","geometry":{"type":"LineString","coordinates":[[9.13919,39.1924],[9.13908,39.19258],[9.13909,39.19285]]},"properties":{}},{"type":"Feature","geometry":{"type":"LineString","coordinates":[[9.14376,39.19779],[9.1437,39.19757],[9.14354,39.19719],[9.14274,39.19581],[9.14198,39.19463],[9.14107,39.19305],[9.14002,39.1914],[9.1399,39.19112],[9.13974,39.19139],[9.13964,39.19194],[9.13955,39.19207],[9.13919,39.1924]]},"properties":{}},{"type":"Feature","geometry":{"type":"LineString","coordinates":[[9.1395,39.26411],[9.1395,39.26404],[9.13961,39.26385]]},"properties":{}},{"type":"Feature","geometry":{"type":"LineString","coordinates":[[9.13973,39.26394],[9.1395,39.26411]]},"properties":{}},{"type":"Feature","geometry":{"type":"LineString","coordinates":[[9.13962,39.26383],[9.13963,39.26364],[9.14002,39.26248]]},"properties":{}},{"type":"Feature","geometry":{"type":"LineString","coordinates":[[9.14288,39.26343],[9.14061,39.26395],[9.13979,39.26392]]},"properties":{}},{"type":"Feature","geometry":{"type":"LineString","coordinates":[[9.14002,39.26248],[9.14113,39.25911],[9.14132,39.25837],[9.1414,39.25774],[9.14137,39.25708],[9.14125,39.2566],[9.14091,39.2562],[9.14043,39.25576]]},"properties":{}},{"type":"Feature","geometry":{"type":"LineString","coordinates":[[9.14065,39.20291],[9.14009,39.20365]]},"properties":{}},{"type":"Feature","geometry":{"type":"LineString","coordinates":[[9.14043,39.25576],[9.14129,39.2547],[9.14309,39.25375],[9.14366,39.25334],[9.14381,39.25312],[9.14384,39.25285],[9.14376,39.25264]]},"properties":{}},{"type":"Feature","geometry":{"type":"LineString","coordinates":[[9.14052,39.20282],[9.14065,39.20291]]},"properties":{}},{"type":"Feature","geometry":{"type":"LineString","coordinates":[[9.14107,39.20207],[9.14108,39.2019],[9.14105,39.20173],[9.14089,39.20154],[9.14073,39.20144],[9.14052,39.20141],[9.14016,39.20143],[9.13992,39.20149],[9.13967,39.20165],[9.13953,39.20192],[9.13954,39.20207],[9.13963,39.20223],[9.1397,39.20231],[9.14052,39.20282]]},"properties":{}},{"type":"Feature","geometry":{"type":"LineString","coordinates":[[9.14052,39.20282],[9.14107,39.20207]]},"properties":{}},{"type":"Feature","geometry":{"type":"LineString","coordinates":[[9.14065,39.20291],[9.14304,39.2045],[9.14332,39.20443],[9.1434,39.20403]]},"properties":{}},{"type":"Feature","geometry":{"type":"LineString","coordinates":[[9.14344,39.2008],[9.142,39.20161],[9.14158,39.2018],[9.14151,39.20189],[9.1414,39.20192],[9.14116,39.20219],[9.14065,39.20291]]},"properties":{}},{"type":"Feature","geometry":{"type":"LineString","coordinates":[[9.14107,39.20207],[9.14115,39.20197],[9.14119,39.20176],[9.14124,39.20166],[9.14135,39.20161],[9.1415,39.20164]]},"properties":{}},{"type":"Feature","geometry":{"type":"LineString","coordinates":[[9.1415,39.20164],[9.14153,39.20166]]},"properties":{}},{"type":"Feature","geometry":{"type":"LineString","coordinates":[[9.1415,39.20164],[9.14168,39.20155],[9.14177,39.20145],[9.14341,39.19907],[9.14346,39.19887],[9.14345,39.19868],[9.14341,39.19859],[9.14342,39.1985],[9.14354,39.19841]]},"properties":{}},{"type":"Feature","geometry":{"type":"LineString","coordinates":[[9.14184,39.20157],[9.14188,39.2015],[9.14809,39.19807]]},"properties":{}},{"type":"Feature","geometry":{"type":"LineString","coordinates":[[9.14401,39.26441],[9.14288,39.26343]]},"properties":{}},{"type":"Feature","geometry":{"type":"LineString","coordinates":[[9.14288,39.26343],[9.14278,39.26336],[9.14288,39.26333],[9.14329,39.26309],[9.14375,39.26259],[9.14468,39.26145]]},"properties":{}},{"type":"Feature","geometry":{"type":"LineString","coordinates":[[9.14475,39.26148],[9.14336,39.26315],[9.14324,39.26327],[9.14288,39.26343]]},"properties":{}},{"type":"Feature","geometry":{"type":"LineString","coordinates":[[9.14916,39.2004],[9.14772,39.20145],[9.14658,39.20214],[9.14655,39.20221],[9.14705,39.20285],[9.14708,39.20289],[9.14706,39.20292],[9.14528,39.20371],[9.1451,39.20349],[9.14421,39.20388],[9.1439,39.20405],[9.1434,39.20403]]},"properties":{}},{"type":"Feature","geometry":{"type":"LineString","coordinates":[[9.14353,39.20259],[9.1434,39.20403]]},"properties":{}},{"type":"Feature","geometry":{"type":"LineString","coordinates":[[9.14353,39.20259],[9.14367,39.20092],[9.14362,39.20085],[9.14355,39.20081],[9.14344,39.2008]]},"properties":{}},{"type":"Feature","geometry":{"type":"LineString","coordinates":[[9.14821,39.19815],[9.14344,39.2008]]},"properties":{}},{"type":"Feature","geometry":{"type":"LineString","coordinates":[[9.14353,39.20259],[9.14433,39.20263],[9.14445,39.20261],[9.14452,39.20257],[9.1454,39.20181],[9.14608,39.20127],[9.14783,39.19968],[9.14867,39.19919],[9.14916,39.2004]]},"properties":{}},{"type":"Feature","geometry":{"type":"LineString","coordinates":[[9.14354,39.19841],[9.1437,39.19828],[9.14375,39.1982],[9.14376,39.19779]]},"properties":{}},{"type":"Feature","geometry":{"type":"LineString","coordinates":[[9.14354,39.19841],[9.14364,39.19839],[9.14402,39.19817]]},"properties":{}},{"type":"Feature","geometry":{"type":"LineString","coordinates":[[9.14371,39.25261],[9.1437,39.25256],[9.14374,39.25252],[9.14384,39.25252]]},"properties":{}},{"type":"Feature","geometry":{"type":"LineString","coordinates":[[9.14376,39.19779],[9.1438,39.19811],[9.14402,39.19817]]},"properties":{}},{"type":"Feature","geometry":{"type":"LineString","coordinates":[[9.14384,39.25252],[9.14386,39.25254]]},"properties":{}},{"type":"Feature","geometry":{"type":"LineString","coordinates":[[9.14384,39.25252],[9.14453,39.25245],[9.14493,39.25245],[9.14618,39.25252],[9.14629,39.25251],[9.1464,39.25244]]},"properties":{}},{"type":"Feature","geometry":{"type":"LineString","coordinates":[[9.14401,39.26441],[9.14417,39.26456],[9.1443,39.26482],[9.14445,39.26494],[9.14389,39.26482],[9.14401,39.26441]]},"properties":{}},{"type":"Feature","geometry":{"type":"LineString","coordinates":[[9.14402,39.19817],[9.14499,39.19696],[9.14509,39.19676]]},"properties":{}},{"type":"Feature","geometry":{"type":"LineString","coordinates":[[9.14475,39.26148],[9.14468,39.26145]]},"properties":{}},{"type":"Feature","geometry":{"type":"LineString","coordinates":[[9.14468,39.26145],[9.14472,39.2614]]},"properties":{}},{"type":"Feature","geometry":{"type":"LineString","coordinates":[[9.14472,39.2614],[9.14513,39.26085],[9.14519,39.2607],[9.14529,39.25989],[9.14555,39.25943],[9.14586,39.25899],[9.14586,39.25893],[9.1459,39.25889],[9.146,39.25891],[9.14619,39.25914]]},"properties":{}},{"type":"Feature","geometry":{"type":"LineString","coordinates":[[9.14472,39.2614],[9.14478,39.26142]]},"properties":{}},{"type":"Feature","geometry":{"type":"LineString","coordinates":[[9.14478,39.26142],[9.14475,39.26148]]},"properties":{}},{"type":"Feature","geometry":{"type":"LineString","coordinates":[[9.14619,39.25914],[9.14595,39.25911],[9.14587,39.25914],[9.14549,39.25971],[9.14538,39.26],[9.14527,39.26069],[9.14522,39.26084],[9.14478,39.26142]]},"properties":{}},{"type":"Feature","geometry":{"type":"LineString","coordinates":[[9.14509,39.19676],[9.14511,39.19668],[9.14567,39.19618]]},"properties":{}},{"type":"Feature","geometry":{"type":"LineString","coordinates":[[9.14509,39.19676],[9.14518,39.19667],[9.14536,39.19661],[9.1457,39.19657],[9.14593,39.19659]]},"properties":{}},{"type":"Feature","geometry":{"type":"LineString","coordinates":[[9.14567,39.19618],[9.14565,39.1963],[9.14592,39.19651],[9.14593,39.19659]]},"properties":{}},{"type":"Feature","geometry":{"type":"LineString","coordinates":[[9.14567,39.19618],[9.14584,39.19604],[9.146,39.19581],[9.14749,39.19459],[9.14776,39.19429],[9.15006,39.18998],[9.15017,39.18971],[9.15157,39.18703],[9.15161,39.18684]]},"properties":{}},{"type":"Feature","geometry":{"type":"LineString","coordinates":[[9.14593,39.19659],[9.14604,39.19662],[9.14809,39.19807]]},"properties":{}},{"type":"Feature","geometry":{"type":"LineString","coordinates":[[9.14619,39.25914],[9.14627,39.25924],[9.14655,39.25946],[9.14738,39.25995],[9.14802,39.26045],[9.14932,39.26177],[9.15015,39.26091],[9.15185,39.25882],[9.15457,39.25824],[9.15479,39.25814],[9.15499,39.258],[9.15689,39.25627],[9.15737,39.25527],[9.15782,39.25474],[9.15863,39.2543],[9.1589,39.25336]]},"properties":{}},{"type":"Feature","geometry":{"type":"LineString","coordinates":[[9.1464,39.25244],[9.14635,39.2524]]},"properties":{}},{"type":"Feature","geometry":{"type":"LineString","coordinates":[[9.14635,39.2524],[9.14631,39.25224],[9.14643,39.25211]]},"properties":{}},{"type":"Feature","geometry":{"type":"LineString","coordinates":[[9.14734,39.2526],[9.14679,39.25253],[9.14671,39.25246],[9.14653,39.25249],[9.1464,39.25244]]},"properties":{}},{"type":"Feature","geometry":{"type":"LineString","coordinates":[[9.14643,39.25211],[9.14656,39.25207],[9.14674,39.25212],[9.14684,39.25223],[9.14684,39.25233],[9.14679,39.25241],[9.14687,39.2525],[9.14734,39.2526]]},"properties":{}},{"type":"Feature","geometry":{"type":"LineString","coordinates":[[9.15748,39.25327],[9.14734,39.2526]]},"properties":{}},{"type":"Feature","geometry":{"type":"LineString","coordinates":[[9.14809,39.19807],[9.14821,39.19815]]},"properties":{}},{"type":"Feature","geometry":{"type":"LineString","coordinates":[[9.14809,39.19807],[9.15377,39.19488],[9.15425,39.19469],[9.1545,39.19465],[9.15604,39.19417],[9.15646,39.19407],[9.15676,39.19405]]},"properties":{}},{"type":"Feature","geometry":{"type":"LineString","coordinates":[[9.15719,39.19476],[9.15709,39.19459],[9.15683,39.19441],[9.15663,39.19437],[9.15625,39.19435],[9.15542,39.19447],[9.15415,39.19486],[9.15372,39.19505],[9.15036,39.19698],[9.14821,39.19815]]},"properties":{}},{"type":"Feature","geometry":{"type":"LineString","coordinates":[[9.14892,39.24076],[9.15005,39.24137]]},"properties":{}},{"type":"Feature","geometry":{"type":"LineString","coordinates":[[9.14916,39.2004],[9.14959,39.20117],[9.15008,39.2017],[9.15105,39.20134],[9.15118,39.20127],[9.15175,39.20074],[9.15319,39.19932],[9.15324,39.19914],[9.15318,39.19828],[9.15309,39.19814],[9.1529,39.19828],[9.14916,39.2004]]},"properties":{}},{"type":"Feature","geometry":{"type":"LineString","coordinates":[[9.15005,39.24137],[9.15063,39.24162],[9.15152,39.24212]]},"properties":{}},{"type":"Feature","geometry":{"type":"LineString","coordinates":[[9.15099,39.24194],[9.15005,39.24137]]},"properties":{}},{"type":"Feature","geometry":{"type":"LineString","coordinates":[[9.15514,39.24397],[9.15434,39.24377],[9.15393,39.24363],[9.15343,39.2434],[9.15209,39.24257],[9.15099,39.24194]]},"properties":{}},{"type":"Feature","geometry":{"type":"LineString","coordinates":[[9.15559,39.24423],[9.15498,39.24416],[9.15474,39.24422],[9.1545,39.24435],[9.15436,39.24437],[9.1538,39.24427],[9.15344,39.24411],[9.15313,39.24388],[9.15303,39.24375],[9.15297,39.24338],[9.15287,39.24326],[9.15189,39.2425],[9.15099,39.24194]]},"properties":{}},{"type":"Feature","geometry":{"type":"LineString","coordinates":[[9.15152,39.24212],[9.15333,39.24309],[9.1541,39.24339],[9.15474,39.24354],[9.15493,39.24372],[9.15504,39.24386]]},"properties":{}},{"type":"Feature","geometry":{"type":"LineString","coordinates":[[9.15152,39.24212],[9.15353,39.24336],[9.15416,39.24362],[9.15504,39.24386]]},"properties":{}},{"type":"Feature","geometry":{"type":"LineString","coordinates":[[9.15504,39.24386],[9.1568,39.24421],[9.15751,39.24424],[9.15797,39.24422],[9.16178,39.24375]]},"properties":{}},{"type":"Feature","geometry":{"type":"LineString","coordinates":[[9.15504,39.24386],[9.15514,39.24397]]},"properties":{}},{"type":"Feature","geometry":{"type":"LineString","coordinates":[[9.16178,39.24375],[9.1601,39.24407],[9.15862,39.24425],[9.15763,39.24433],[9.15678,39.24429],[9.15514,39.24397]]},"properties":{}},{"type":"Feature","geometry":{"type":"LineString","coordinates":[[9.15514,39.24397],[9.15518,39.24401]]},"properties":{}},{"type":"Feature","geometry":{"type":"LineString","coordinates":[[9.15518,39.24401],[9.15561,39.24415],[9.15652,39.24433],[9.15722,39.24443],[9.15731,39.24449],[9.15736,39.24457],[9.15738,39.24468],[9.15735,39.24478],[9.15715,39.24509],[9.15714,39.24521],[9.15722,39.24536]]},"properties":{}},{"type":"Feature","geometry":{"type":"LineString","coordinates":[[9.15518,39.24401],[9.15559,39.24423]]},"properties":{}},{"type":"Feature","geometry":{"type":"LineString","coordinates":[[9.15566,39.24424],[9.15559,39.24423]]},"properties":{}},{"type":"Feature","geometry":{"type":"LineString","coordinates":[[9.15566,39.24424],[9.15691,39.24448]]},"properties":{}},{"type":"Feature","geometry":{"type":"LineString","coordinates":[[9.15722,39.24536],[9.15678,39.24502],[9.15656,39.2448],[9.15616,39.24451],[9.15596,39.24438],[9.15566,39.24424]]},"properties":{}},{"type":"Feature","geometry":{"type":"LineString","coordinates":[[9.15719,39.19476],[9.15715,39.19457],[9.1571,39.19449],[9.15688,39.19434],[9.15672,39.1943],[9.15666,39.19423],[9.15667,39.19411],[9.15676,39.19405]]},"properties":{}},{"type":"Feature","geometry":{"type":"LineString","coordinates":[[9.15676,39.19405],[9.15688,39.19403],[9.15698,39.19407],[9.15717,39.19421],[9.15735,39.19448],[9.15911,39.2003],[9.15977,39.20139],[9.1615,39.20366],[9.16173,39.20405],[9.1618,39.20424]]},"properties":{}},{"type":"Feature","geometry":{"type":"LineString","coordinates":[[9.1618,39.20424],[9.16174,39.20422],[9.16146,39.20367],[9.15973,39.20141],[9.15906,39.20031],[9.15801,39.19684],[9.1578,39.19678],[9.15719,39.19476]]},"properties":{}},{"type":"Feature","geometry":{"type":"LineString","coordinates":[[9.15865,39.24641],[9.15722,39.24536]]},"properties":{}},{"type":"Feature","geometry":{"type":"LineString","coordinates":[[9.1589,39.25336],[9.15748,39.25327]]},"properties":{}},{"type":"Feature","geometry":{"type":"LineString","coordinates":[[9.15748,39.25327],[9.15838,39.24963],[9.15826,39.2492],[9.15818,39.24907],[9.15779,39.24869],[9.1568,39.24797],[9.15865,39.24641]]},"properties":{}},{"type":"Feature","geometry":{"type":"LineString","coordinates":[[9.16019,39.24759],[9.15865,39.24641]]},"properties":{}},{"type":"Feature","geometry":{"type":"LineString","coordinates":[[9.15998,39.25342],[9.1589,39.25336]]},"properties":{}},{"type":"Feature","geometry":{"type":"LineString","coordinates":[[9.16598,39.25432],[9.16364,39.25365],[9.15998,39.25342]]},"properties":{}},{"type":"Feature","geometry":{"type":"LineString","coordinates":[[9.16252,39.25986],[9.16221,39.26004],[9.1618,39.25971],[9.16162,39.25901],[9.16153,39.25882],[9.16124,39.25853],[9.1597,39.25728],[9.15962,39.25717],[9.15964,39.25672],[9.15991,39.25445],[9.15998,39.25342]]},"properties":{}},{"type":"Feature","geometry":{"type":"LineString","coordinates":[[9.16019,39.24759],[9.16034,39.24771],[9.16054,39.24779],[9.16066,39.24794],[9.16084,39.24805]]},"properties":{}},{"type":"Feature","geometry":{"type":"LineString","coordinates":[[9.16084,39.24805],[9.16066,39.24803],[9.16033,39.24809],[9.16025,39.24805],[9.16017,39.24795],[9.16024,39.24774],[9.16019,39.24759]]},"properties":{}},{"type":"Feature","geometry":{"type":"LineString","coordinates":[[9.16121,39.24834],[9.16103,39.24818],[9.16084,39.24805]]},"properties":{}},{"type":"Feature","geometry":{"type":"LineString","coordinates":[[9.16121,39.24834],[9.16138,39.24846],[9.16143,39.24854]]},"properties":{}},{"type":"Feature","geometry":{"type":"LineString","coordinates":[[9.16143,39.24854],[9.16121,39.24834]]},"properties":{}},{"type":"Feature","geometry":{"type":"LineString","coordinates":[[9.16372,39.25022],[9.16361,39.25018],[9.16214,39.24905],[9.16143,39.24854]]},"properties":{}},{"type":"Feature","geometry":{"type":"LineString","coordinates":[[9.16143,39.24854],[9.16233,39.24987],[9.16297,39.25071]]},"properties":{}},{"type":"Feature","geometry":{"type":"LineString","coordinates":[[9.17672,39.24179],[9.16178,39.24375]]},"properties":{}},{"type":"Feature","geometry":{"type":"LineString","coordinates":[[9.16471,39.20657],[9.16321,39.20535],[9.16316,39.20528],[9.16283,39.20501],[9.16213,39.20434],[9.1618,39.20424]]},"properties":{}},{"type":"Feature","geometry":{"type":"LineString","coordinates":[[9.1618,39.20424],[9.16275,39.20663],[9.16295,39.20721],[9.16313,39.20752],[9.16325,39.20753],[9.16388,39.20707],[9.16471,39.20657]]},"properties":{}},{"type":"Feature","geometry":{"type":"LineString","coordinates":[[9.17078,39.25342],[9.17153,39.25422],[9.17265,39.25337],[9.17405,39.25453],[9.17522,39.25544],[9.1747,39.25589],[9.17313,39.2569],[9.1765,39.25964],[9.17466,39.26121],[9.17392,39.26074],[9.17379,39.26076],[9.17369,39.26083],[9.17337,39.26046],[9.17115,39.25823],[9.17056,39.25751],[9.17023,39.2579],[9.16961,39.25889],[9.1692,39.25959],[9.16869,39.2606],[9.16846,39.26142],[9.16843,39.26245],[9.1679,39.26228],[9.16349,39.26024],[9.16304,39.25965],[9.16298,39.25962],[9.16282,39.25979]]},"properties":{}},{"type":"Feature","geometry":{"type":"LineString","coordinates":[[9.16609,39.25416],[9.16557,39.25367],[9.16464,39.25257],[9.16297,39.25071]]},"properties":{}},{"type":"Feature","geometry":{"type":"LineString","coordinates":[[9.16372,39.25022],[9.16297,39.25071]]},"properties":{}},{"type":"Feature","geometry":{"type":"LineString","coordinates":[[9.16899,39.25416],[9.16573,39.25169],[9.16372,39.25022]]},"properties":{}},{"type":"Feature","geometry":{"type":"LineString","coordinates":[[9.16386,39.24577],[9.16377,39.24588],[9.16367,39.24618],[9.16368,39.24628],[9.16376,39.24638],[9.16388,39.24647],[9.16436,39.24663],[9.16493,39.24662]]},"properties":{}},{"type":"Feature","geometry":{"type":"LineString","coordinates":[[9.16497,39.24661],[9.16533,39.24651],[9.16547,39.24643],[9.16587,39.24605],[9.16586,39.24601],[9.16701,39.2452],[9.16697,39.24505],[9.16687,39.24497],[9.1668,39.24496],[9.16664,39.24497],[9.16655,39.24502],[9.16566,39.2458],[9.16536,39.2459],[9.16518,39.24594],[9.16411,39.24574],[9.16389,39.24576]]},"properties":{}},{"type":"Feature","geometry":{"type":"LineString","coordinates":[[9.17313,39.21272],[9.17236,39.2123],[9.17125,39.21144],[9.16655,39.20766],[9.16527,39.20647],[9.16509,39.20645],[9.16494,39.20646],[9.16471,39.20657]]},"properties":{}},{"type":"Feature","geometry":{"type":"LineString","coordinates":[[9.16589,39.24723],[9.16544,39.24711],[9.16503,39.24713],[9.16482,39.24707],[9.16471,39.24694],[9.16471,39.24681],[9.16478,39.24669],[9.16493,39.24662]]},"properties":{}},{"type":"Feature","geometry":{"type":"LineString","coordinates":[[9.16493,39.24662],[9.16497,39.24661]]},"properties":{}},{"type":"Feature","geometry":{"type":"LineString","coordinates":[[9.16497,39.24661],[9.16522,39.24664],[9.16534,39.24675],[9.16538,39.24685]]},"properties":{}},{"type":"Feature","geometry":{"type":"LineString","coordinates":[[9.16538,39.24686],[9.16554,39.24704],[9.16589,39.24723]]},"properties":{}},{"type":"Feature","geometry":{"type":"LineString","coordinates":[[9.16589,39.24723],[9.16792,39.24804],[9.17018,39.24879],[9.17065,39.249],[9.17142,39.2494],[9.17241,39.25011],[9.17405,39.2511]]},"properties":{}},{"type":"Feature","geometry":{"type":"LineString","coordinates":[[9.16647,39.25444],[9.16598,39.25432]]},"properties":{}},{"type":"Feature","geometry":{"type":"LineString","coordinates":[[9.16609,39.25416],[9.16598,39.25432]]},"properties":{}},{"type":"Feature","geometry":{"type":"LineString","coordinates":[[9.16647,39.25444],[9.16609,39.25416]]},"properties":{}},{"type":"Feature","geometry":{"type":"LineString","coordinates":[[9.16647,39.25444],[9.16678,39.25452],[9.16711,39.25455],[9.16768,39.25442],[9.1681,39.25427],[9.16888,39.2542],[9.16899,39.25416]]},"properties":{}},{"type":"Feature","geometry":{"type":"LineString","coordinates":[[9.17078,39.25342],[9.16994,39.25385],[9.16916,39.2543],[9.16899,39.25416]]},"properties":{}},{"type":"Feature","geometry":{"type":"LineString","coordinates":[[9.17361,39.25146],[9.17117,39.25319],[9.17078,39.25342]]},"properties":{}},{"type":"Feature","geometry":{"type":"LineString","coordinates":[[9.17081,39.21495],[9.1709,39.21515],[9.17118,39.21537],[9.1715,39.21544],[9.17183,39.21541],[9.17291,39.21515],[9.17342,39.21513],[9.17378,39.21519],[9.17795,39.2164],[9.17906,39.21683]]},"properties":{}},{"type":"Feature","geometry":{"type":"LineString","coordinates":[[9.19374,39.2232],[9.19027,39.2222],[9.18895,39.2217],[9.1883,39.22138],[9.18525,39.21973],[9.17902,39.2169],[9.17833,39.21662],[9.17709,39.21622],[9.17436,39.21543],[9.17349,39.21522],[9.17298,39.21522],[9.17274,39.21527],[9.17156,39.21556],[9.17118,39.2157],[9.17108,39.2158],[9.17093,39.21587],[9.17066,39.21588],[9.17041,39.21575],[9.17033,39.21563],[9.17032,39.21548],[9.17039,39.21534],[9.17068,39.21515],[9.17081,39.21495]]},"properties":{}},{"type":"Feature","geometry":{"type":"LineString","coordinates":[[9.17081,39.21495],[9.17093,39.21473],[9.17313,39.21272]]},"properties":{}},{"type":"Feature","geometry":{"type":"LineString","coordinates":[[9.17906,39.21683],[9.17946,39.21683],[9.17973,39.21678],[9.17983,39.21662],[9.17985,39.21651],[9.17983,39.21641],[9.17689,39.21479],[9.17673,39.21493],[9.17654,39.2149],[9.17665,39.21473],[9.17665,39.21466],[9.17313,39.21272]]},"properties":{}},{"type":"Feature","geometry":{"type":"LineString","coordinates":[[9.17405,39.2511],[9.17538,39.25155],[9.17671,39.25229]]},"properties":{}},{"type":"Feature","geometry":{"type":"LineString","coordinates":[[9.17535,39.24825],[9.17529,39.24857],[9.1752,39.24874],[9.17483,39.24918],[9.17456,39.24962],[9.17405,39.2511]]},"properties":{}},{"type":"Feature","geometry":{"type":"LineString","coordinates":[[9.17941,39.23619],[9.17535,39.23429]]},"properties":{}},{"type":"Feature","geometry":{"type":"LineString","coordinates":[[9.17535,39.23429],[9.17479,39.2349],[9.18046,39.23805]]},"properties":{}},{"type":"Feature","geometry":{"type":"LineString","coordinates":[[9.17535,39.23429],[9.17699,39.23248]]},"properties":{}},{"type":"Feature","geometry":{"type":"LineString","coordinates":[[9.17535,39.24825],[9.17546,39.24803]]},"properties":{}},{"type":"Feature","geometry":{"type":"LineString","coordinates":[[9.17556,39.24812],[9.17535,39.24825]]},"properties":{}},{"type":"Feature","geometry":{"type":"LineString","coordinates":[[9.17546,39.24758],[9.17552,39.24779],[9.17562,39.24789]]},"properties":{}},{"type":"Feature","geometry":{"type":"LineString","coordinates":[[9.17547,39.24795],[9.17543,39.24774],[9.17546,39.24758]]},"properties":{}},{"type":"Feature","geometry":{"type":"LineString","coordinates":[[9.18065,39.24265],[9.17897,39.24377],[9.17833,39.24431],[9.17808,39.24456],[9.17784,39.24488],[9.17736,39.24581],[9.17696,39.24637],[9.17669,39.24664],[9.17572,39.24727],[9.17557,39.2474],[9.17546,39.24758]]},"properties":{}},{"type":"Feature","geometry":{"type":"LineString","coordinates":[[9.17556,39.24812],[9.17548,39.24808],[9.17546,39.24803]]},"properties":{}},{"type":"Feature","geometry":{"type":"LineString","coordinates":[[9.17546,39.24803],[9.17547,39.24795]]},"properties":{}},{"type":"Feature","geometry":{"type":"LineString","coordinates":[[9.17547,39.24795],[9.17552,39.24791],[9.17562,39.24789]]},"properties":{}},{"type":"Feature","geometry":{"type":"LineString","coordinates":[[9.1757,39.2481],[9.17556,39.24812]]},"properties":{}},{"type":"Feature","geometry":{"type":"LineString","coordinates":[[9.17562,39.24789],[9.17571,39.24792],[9.17576,39.24799]]},"properties":{}},{"type":"Feature","geometry":{"type":"LineString","coordinates":[[9.17612,39.24816],[9.1757,39.2481]]},"properties":{}},{"type":"Feature","geometry":{"type":"LineString","coordinates":[[9.17576,39.24799],[9.1757,39.2481]]},"properties":{}},{"type":"Feature","geometry":{"type":"LineString","coordinates":[[9.17576,39.24799],[9.17612,39.24816]]},"properties":{}},{"type":"Feature","geometry":{"type":"LineString","coordinates":[[9.17612,39.24816],[9.17762,39.24839],[9.17787,39.24855],[9.17888,39.24936],[9.17868,39.24968],[9.17818,39.25034],[9.17724,39.25185],[9.17694,39.25207],[9.17671,39.25229]]},"properties":{}},{"type":"Feature","geometry":{"type":"LineString","coordinates":[[9.17671,39.25229],[9.17748,39.25278],[9.17799,39.25306],[9.17917,39.25364],[9.17953,39.25386],[9.18143,39.25528]]},"properties":{}},{"type":"Feature","geometry":{"type":"LineString","coordinates":[[9.17672,39.24179],[9.17699,39.24173],[9.17715,39.24164]]},"properties":{}},{"type":"Feature","geometry":{"type":"LineString","coordinates":[[9.17719,39.24174],[9.17672,39.24179]]},"properties":{}},{"type":"Feature","geometry":{"type":"LineString","coordinates":[[9.17699,39.23248],[9.17853,39.2333],[9.17872,39.23353]]},"properties":{}},{"type":"Feature","geometry":{"type":"LineString","coordinates":[[9.17699,39.23248],[9.17798,39.23138]]},"properties":{}},{"type":"Feature","geometry":{"type":"LineString","coordinates":[[9.17719,39.24174],[9.17715,39.24164]]},"properties":{}},{"type":"Feature","geometry":{"type":"LineString","coordinates":[[9.17715,39.24164],[9.17726,39.24154]]},"properties":{}},{"type":"Feature","geometry":{"type":"LineString","coordinates":[[9.17759,39.24166],[9.17744,39.24171],[9.17735,39.24177],[9.17719,39.24174]]},"properties":{}},{"type":"Feature","geometry":{"type":"LineString","coordinates":[[9.17726,39.24154],[9.17732,39.2414],[9.17751,39.24124]]},"properties":{}},{"type":"Feature","geometry":{"type":"LineString","coordinates":[[9.17726,39.24154],[9.17742,39.24158]]},"properties":{}},{"type":"Feature","geometry":{"type":"LineString","coordinates":[[9.17742,39.24158],[9.17745,39.24163],[9.17759,39.24166]]},"properties":{}},{"type":"Feature","geometry":{"type":"LineString","coordinates":[[9.17751,39.24124],[9.17745,39.24137],[9.17742,39.24158]]},"properties":{}},{"type":"Feature","geometry":{"type":"LineString","coordinates":[[9.17751,39.24124],[9.18046,39.23805]]},"properties":{}},{"type":"Feature","geometry":{"type":"LineString","coordinates":[[9.17759,39.24166],[9.17836,39.24159],[9.17924,39.24166]]},"properties":{}},{"type":"Feature","geometry":{"type":"LineString","coordinates":[[9.17798,39.23138],[9.17807,39.23144],[9.17817,39.23159],[9.17886,39.23287],[9.17909,39.23323]]},"properties":{}},{"type":"Feature","geometry":{"type":"LineString","coordinates":[[9.17798,39.23138],[9.17856,39.23078],[9.17863,39.23075],[9.17885,39.23079],[9.18058,39.23144]]},"properties":{}},{"type":"Feature","geometry":{"type":"LineString","coordinates":[[9.17872,39.23353],[9.17881,39.23369]]},"properties":{}},{"type":"Feature","geometry":{"type":"LineString","coordinates":[[9.17872,39.23353],[9.17909,39.23323]]},"properties":{}},{"type":"Feature","geometry":{"type":"LineString","coordinates":[[9.1795,39.23386],[9.17881,39.23369]]},"properties":{}},{"type":"Feature","geometry":{"type":"LineString","coordinates":[[9.17881,39.23369],[9.17957,39.23488]]},"properties":{}},{"type":"Feature","geometry":{"type":"LineString","coordinates":[[9.17906,39.21683],[9.18514,39.21958],[9.18624,39.22015],[9.18834,39.22131],[9.18945,39.22182],[9.19081,39.22228],[9.19305,39.22291],[9.19503,39.22354],[9.19516,39.22354],[9.1954,39.22347]]},"properties":{}},{"type":"Feature","geometry":{"type":"LineString","coordinates":[[9.17909,39.23323],[9.17936,39.23358],[9.1795,39.23386]]},"properties":{}},{"type":"Feature","geometry":{"type":"LineString","coordinates":[[9.17909,39.23323],[9.18058,39.23144]]},"properties":{}},{"type":"Feature","geometry":{"type":"LineString","coordinates":[[9.17954,39.24183],[9.17924,39.24166]]},"properties":{}},{"type":"Feature","geometry":{"type":"LineString","coordinates":[[9.17924,39.24166],[9.17952,39.24168],[9.17966,39.24172]]},"properties":{}},{"type":"Feature","geometry":{"type":"LineString","coordinates":[[9.1813,39.2371],[9.17941,39.23619]]},"properties":{}},{"type":"Feature","geometry":{"type":"LineString","coordinates":[[9.17941,39.23619],[9.17975,39.2359],[9.179,39.23536],[9.17957,39.23488]]},"properties":{}},{"type":"Feature","geometry":{"type":"LineString","coordinates":[[9.18315,39.23504],[9.18154,39.23455],[9.1795,39.23386]]},"properties":{}},{"type":"Feature","geometry":{"type":"LineString","coordinates":[[9.18065,39.24265],[9.17954,39.24183]]},"properties":{}},{"type":"Feature","geometry":{"type":"LineString","coordinates":[[9.17954,39.24183],[9.17958,39.24176],[9.17966,39.24172]]},"properties":{}},{"type":"Feature","geometry":{"type":"LineString","coordinates":[[9.17957,39.23488],[9.17987,39.23524],[9.18039,39.236],[9.18066,39.23621],[9.18138,39.23699]]},"properties":{}},{"type":"Feature","geometry":{"type":"LineString","coordinates":[[9.17966,39.24172],[9.18139,39.24193],[9.18168,39.24192]]},"properties":{}},{"type":"Feature","geometry":{"type":"LineString","coordinates":[[9.18046,39.23805],[9.1813,39.2371]]},"properties":{}},{"type":"Feature","geometry":{"type":"LineString","coordinates":[[9.18509,39.23382],[9.18469,39.23356],[9.18449,39.23334],[9.18363,39.23283],[9.18256,39.23225],[9.18058,39.23144]]},"properties":{}},{"type":"Feature","geometry":{"type":"LineString","coordinates":[[9.18695,39.24714],[9.18218,39.24371],[9.18065,39.24265]]},"properties":{}},{"type":"Feature","geometry":{"type":"LineString","coordinates":[[9.18168,39.24192],[9.18065,39.24265]]},"properties":{}},{"type":"Feature","geometry":{"type":"LineString","coordinates":[[9.1813,39.2371],[9.18138,39.23699]]},"properties":{}},{"type":"Feature","geometry":{"type":"LineString","coordinates":[[9.18138,39.23699],[9.18243,39.23565],[9.18277,39.23532],[9.18315,39.23504]]},"properties":{}},{"type":"Feature","geometry":{"type":"LineString","coordinates":[[9.18143,39.25528],[9.18217,39.25579]]},"properties":{}},{"type":"Feature","geometry":{"type":"LineString","coordinates":[[9.18217,39.25579],[9.18194,39.25597],[9.18147,39.2554],[9.18143,39.25528]]},"properties":{}},{"type":"Feature","geometry":{"type":"LineString","coordinates":[[9.18168,39.24192],[9.18196,39.24198],[9.18222,39.24212]]},"properties":{}},{"type":"Feature","geometry":{"type":"LineString","coordinates":[[9.18217,39.25579],[9.18256,39.25601]]},"properties":{}},{"type":"Feature","geometry":{"type":"LineString","coordinates":[[9.18222,39.24212],[9.18272,39.24244],[9.18292,39.2425],[9.18346,39.24244],[9.18462,39.24224],[9.18499,39.24225],[9.18571,39.2426],[9.18743,39.24353],[9.1888,39.24405],[9.18941,39.24434]]},"properties":{}},{"type":"Feature","geometry":{"type":"LineString","coordinates":[[9.18222,39.24212],[9.18294,39.24179],[9.18387,39.24123],[9.18491,39.24081],[9.18559,39.24068],[9.18599,39.24085],[9.18623,39.24047],[9.18623,39.23995],[9.1862,39.23986],[9.18605,39.23984],[9.186,39.23947],[9.18579,39.23866],[9.18668,39.23879],[9.1876,39.239],[9.18841,39.23914],[9.19041,39.23966],[9.19052,39.23966]]},"properties":{}},{"type":"Feature","geometry":{"type":"LineString","coordinates":[[9.18279,39.25614],[9.18415,39.25689]]},"properties":{}},{"type":"Feature","geometry":{"type":"LineString","coordinates":[[9.18315,39.23504],[9.18462,39.23411]]},"properties":{}},{"type":"Feature","geometry":{"type":"LineString","coordinates":[[9.18415,39.25689],[9.18487,39.25621],[9.18525,39.25644],[9.18458,39.25713],[9.18415,39.25689]]},"properties":{}},{"type":"Feature","geometry":{"type":"LineString","coordinates":[[9.18462,39.23411],[9.19239,39.23663],[9.1945,39.23776],[9.19527,39.2382]]},"properties":{}},{"type":"Feature","geometry":{"type":"LineString","coordinates":[[9.18462,39.23411],[9.18509,39.23382]]},"properties":{}},{"type":"Feature","geometry":{"type":"LineString","coordinates":[[9.18509,39.23382],[9.1868,39.23434],[9.18707,39.23391],[9.18754,39.23406],[9.18803,39.23429],[9.18873,39.23449],[9.18889,39.2345],[9.18957,39.23442],[9.19096,39.23416],[9.19305,39.23412]]},"properties":{}},{"type":"Feature","geometry":{"type":"LineString","coordinates":[[9.18509,39.23382],[9.18719,39.23251],[9.1881,39.23185],[9.18859,39.23133]]},"properties":{}},{"type":"Feature","geometry":{"type":"LineString","coordinates":[[9.19092,39.24494],[9.18855,39.24752],[9.18804,39.24793],[9.18695,39.24714]]},"properties":{}},{"type":"Feature","geometry":{"type":"LineString","coordinates":[[9.18941,39.24434],[9.18744,39.24654],[9.18695,39.24714]]},"properties":{}},{"type":"Feature","geometry":{"type":"LineString","coordinates":[[9.18859,39.23133],[9.18882,39.23103]]},"properties":{}},{"type":"Feature","geometry":{"type":"LineString","coordinates":[[9.18887,39.23106],[9.18859,39.23133]]},"properties":{}},{"type":"Feature","geometry":{"type":"LineString","coordinates":[[9.18887,39.23106],[9.18882,39.23103]]},"properties":{}},{"type":"Feature","geometry":{"type":"LineString","coordinates":[[9.18882,39.23103],[9.18882,39.23099],[9.18888,39.23096]]},"properties":{}},{"type":"Feature","geometry":{"type":"LineString","coordinates":[[9.18891,39.23106],[9.18887,39.23106]]},"properties":{}},{"type":"Feature","geometry":{"type":"LineString","coordinates":[[9.18888,39.23096],[9.18893,39.23099]]},"properties":{}},{"type":"Feature","geometry":{"type":"LineString","coordinates":[[9.18888,39.23096],[9.18903,39.2308],[9.18909,39.23077]]},"properties":{}},{"type":"Feature","geometry":{"type":"LineString","coordinates":[[9.18923,39.23113],[9.18891,39.23106]]},"properties":{}},{"type":"Feature","geometry":{"type":"LineString","coordinates":[[9.18894,39.231],[9.18891,39.23106]]},"properties":{}},{"type":"Feature","geometry":{"type":"LineString","coordinates":[[9.18893,39.23099],[9.18894,39.231]]},"properties":{}},{"type":"Feature","geometry":{"type":"LineString","coordinates":[[9.18909,39.23077],[9.18893,39.23099]]},"properties":{}},{"type":"Feature","geometry":{"type":"LineString","coordinates":[[9.18894,39.231],[9.18914,39.23108]]},"properties":{}},{"type":"Feature","geometry":{"type":"LineString","coordinates":[[9.18909,39.23077],[9.18906,39.23095],[9.18914,39.23108]]},"properties":{}},{"type":"Feature","geometry":{"type":"LineString","coordinates":[[9.19499,39.22416],[9.18909,39.23077]]},"properties":{}},{"type":"Feature","geometry":{"type":"LineString","coordinates":[[9.18914,39.23108],[9.18923,39.23113]]},"properties":{}},{"type":"Feature","geometry":{"type":"LineString","coordinates":[[9.19985,39.23617],[9.19976,39.23607],[9.19476,39.23351],[9.18979,39.23131],[9.18923,39.23113]]},"properties":{}},{"type":"Feature","geometry":{"type":"LineString","coordinates":[[9.18941,39.24434],[9.19092,39.24494]]},"properties":{}},{"type":"Feature","geometry":{"type":"LineString","coordinates":[[9.19234,39.23967],[9.19204,39.23957],[9.1911,39.23979],[9.19057,39.23986],[9.19052,39.23966]]},"properties":{}},{"type":"Feature","geometry":{"type":"LineString","coordinates":[[9.19052,39.23966],[9.19227,39.23931],[9.19241,39.23946]]},"properties":{}},{"type":"Feature","geometry":{"type":"LineString","coordinates":[[9.19092,39.24494],[9.19126,39.24507]]},"properties":{}},{"type":"Feature","geometry":{"type":"LineString","coordinates":[[9.19126,39.24507],[9.19268,39.24568]]},"properties":{}},{"type":"Feature","geometry":{"type":"LineString","coordinates":[[9.19242,39.24359],[9.19126,39.24507]]},"properties":{}},{"type":"Feature","geometry":{"type":"LineString","coordinates":[[9.19315,39.23996],[9.19234,39.23967]]},"properties":{}},{"type":"Feature","geometry":{"type":"LineString","coordinates":[[9.19234,39.23967],[9.1923,39.2396],[9.19231,39.23954],[9.19241,39.23946]]},"properties":{}},{"type":"Feature","geometry":{"type":"LineString","coordinates":[[9.19241,39.23946],[9.19246,39.23954],[9.19354,39.2395]]},"properties":{}},{"type":"Feature","geometry":{"type":"LineString","coordinates":[[9.19241,39.23946],[9.19304,39.23915],[9.19413,39.23871]]},"properties":{}},{"type":"Feature","geometry":{"type":"LineString","coordinates":[[9.19242,39.24359],[9.19408,39.24428],[9.19268,39.24568]]},"properties":{}},{"type":"Feature","geometry":{"type":"LineString","coordinates":[[9.19242,39.24359],[9.19374,39.24189],[9.19391,39.24202],[9.19551,39.2427]]},"properties":{}},{"type":"Feature","geometry":{"type":"LineString","coordinates":[[9.19268,39.24568],[9.19309,39.24589],[9.19363,39.24627],[9.19502,39.2473],[9.19575,39.24787],[9.19751,39.24914],[9.19943,39.25057]]},"properties":{}},{"type":"Feature","geometry":{"type":"LineString","coordinates":[[9.19305,39.23412],[9.19407,39.23442],[9.19851,39.23682]]},"properties":{}},{"type":"Feature","geometry":{"type":"LineString","coordinates":[[9.19782,39.23711],[9.19372,39.23491],[9.19278,39.23458],[9.19305,39.23412]]},"properties":{}},{"type":"Feature","geometry":{"type":"LineString","coordinates":[[9.19315,39.23996],[9.19665,39.24116]]},"properties":{}},{"type":"Feature","geometry":{"type":"LineString","coordinates":[[9.19354,39.2395],[9.19315,39.23996]]},"properties":{}},{"type":"Feature","geometry":{"type":"LineString","coordinates":[[9.19413,39.23871],[9.19413,39.23882],[9.19354,39.2395]]},"properties":{}},{"type":"Feature","geometry":{"type":"LineString","coordinates":[[9.19354,39.2395],[9.19578,39.23943],[9.19675,39.23947],[9.19776,39.23972],[9.19969,39.24014],[9.2027,39.24054]]},"properties":{}},{"type":"Feature","geometry":{"type":"LineString","coordinates":[[9.19517,39.22374],[9.19485,39.22356],[9.19374,39.2232]]},"properties":{}},{"type":"Feature","geometry":{"type":"LineString","coordinates":[[9.19499,39.22416],[9.19504,39.22386],[9.19492,39.22367],[9.1947,39.22357],[9.19402,39.22334],[9.19374,39.2232]]},"properties":{}},{"type":"Feature","geometry":{"type":"LineString","coordinates":[[9.19527,39.2382],[9.19413,39.23871]]},"properties":{}},{"type":"Feature","geometry":{"type":"LineString","coordinates":[[9.19538,39.22396],[9.19519,39.224],[9.19499,39.22416]]},"properties":{}},{"type":"Feature","geometry":{"type":"LineString","coordinates":[[9.19538,39.22396],[9.19523,39.22387],[9.19517,39.22374]]},"properties":{}},{"type":"Feature","geometry":{"type":"LineString","coordinates":[[9.19517,39.22374],[9.19517,39.22367],[9.19525,39.22355],[9.1954,39.22347]]},"properties":{}},{"type":"Feature","geometry":{"type":"LineString","coordinates":[[9.19782,39.23711],[9.19527,39.2382]]},"properties":{}},{"type":"Feature","geometry":{"type":"LineString","coordinates":[[9.1957,39.22392],[9.19549,39.22398],[9.19538,39.22396]]},"properties":{}},{"type":"Feature","geometry":{"type":"LineString","coordinates":[[9.1954,39.22347],[9.19562,39.22347],[9.19578,39.22359],[9.19582,39.22367]]},"properties":{}},{"type":"Feature","geometry":{"type":"LineString","coordinates":[[9.19551,39.2427],[9.19603,39.24297],[9.19726,39.24135]]},"properties":{}},{"type":"Feature","geometry":{"type":"LineString","coordinates":[[9.19551,39.2427],[9.19665,39.24116]]},"properties":{}},{"type":"Feature","geometry":{"type":"LineString","coordinates":[[9.19582,39.22367],[9.19581,39.22381],[9.1957,39.22392]]},"properties":{}},{"type":"Feature","geometry":{"type":"LineString","coordinates":[[9.20527,39.22707],[9.20501,39.22693],[9.2036,39.22649],[9.19601,39.22394],[9.1957,39.22392]]},"properties":{}},{"type":"Feature","geometry":{"type":"LineString","coordinates":[[9.19582,39.22367],[9.19591,39.22381],[9.19608,39.22389],[9.20353,39.22638],[9.20488,39.22681],[9.20513,39.22686],[9.20542,39.22686]]},"properties":{}},{"type":"Feature","geometry":{"type":"LineString","coordinates":[[9.19726,39.24135],[9.19665,39.24116]]},"properties":{}},{"type":"Feature","geometry":{"type":"LineString","coordinates":[[9.2027,39.24054],[9.2012,39.24267],[9.19726,39.24135]]},"properties":{}},{"type":"Feature","geometry":{"type":"LineString","coordinates":[[9.19851,39.23682],[9.19782,39.23711]]},"properties":{}},{"type":"Feature","geometry":{"type":"LineString","coordinates":[[9.19985,39.23623],[9.19851,39.23682]]},"properties":{}},{"type":"Feature","geometry":{"type":"LineString","coordinates":[[9.19943,39.25057],[9.20098,39.25176],[9.20088,39.25183],[9.20055,39.25218],[9.19845,39.25182],[9.19943,39.25057]]},"properties":{}},{"type":"Feature","geometry":{"type":"LineString","coordinates":[[9.20496,39.23468],[9.2033,39.23496],[9.20286,39.23507],[9.20165,39.23547],[9.20116,39.2357],[9.19996,39.23618]]},"properties":{}},{"type":"Feature","geometry":{"type":"LineString","coordinates":[[9.2027,39.24054],[9.20515,39.24083],[9.20543,39.24083],[9.20757,39.24046]]},"properties":{}},{"type":"Feature","geometry":{"type":"LineString","coordinates":[[9.20496,39.23468],[9.20544,39.23456]]},"properties":{}},{"type":"Feature","geometry":{"type":"LineString","coordinates":[[9.20628,39.23485],[9.20616,39.2349],[9.20602,39.23489],[9.20569,39.23465],[9.20553,39.23462],[9.20496,39.23468]]},"properties":{}},{"type":"Feature","geometry":{"type":"LineString","coordinates":[[9.20546,39.22712],[9.20534,39.22711],[9.20527,39.22707]]},"properties":{}},{"type":"Feature","geometry":{"type":"LineString","coordinates":[[9.20527,39.22707],[9.20524,39.227],[9.20526,39.22693],[9.20533,39.22688],[9.20542,39.22686]]},"properties":{}},{"type":"Feature","geometry":{"type":"LineString","coordinates":[[9.20542,39.22686],[9.20555,39.22692]]},"properties":{}},{"type":"Feature","geometry":{"type":"LineString","coordinates":[[9.20544,39.23456],[9.20577,39.2346],[9.20591,39.23458],[9.20603,39.23452],[9.20617,39.23452],[9.2063,39.23457],[9.20636,39.23467]]},"properties":{}},{"type":"Feature","geometry":{"type":"LineString","coordinates":[[9.20544,39.23456],[9.2069,39.23437],[9.21791,39.23255],[9.2186,39.2323],[9.22005,39.23159],[9.22016,39.2315],[9.22025,39.23136],[9.22031,39.23089]]},"properties":{}},{"type":"Feature","geometry":{"type":"LineString","coordinates":[[9.22031,39.2307],[9.22027,39.2303],[9.22018,39.2301],[9.2198,39.22989],[9.21935,39.22975],[9.21416,39.22852],[9.21286,39.22829],[9.21229,39.22826],[9.2108,39.22838],[9.21034,39.22836],[9.20989,39.22829],[9.20588,39.22716],[9.20546,39.22712]]},"properties":{}},{"type":"Feature","geometry":{"type":"LineString","coordinates":[[9.20555,39.22692],[9.20557,39.22704],[9.20546,39.22712]]},"properties":{}},{"type":"Feature","geometry":{"type":"LineString","coordinates":[[9.20555,39.22692],[9.20594,39.2271],[9.2062,39.22718],[9.20984,39.22819],[9.21033,39.22828],[9.21082,39.22831],[9.21245,39.22818],[9.21299,39.22824],[9.21378,39.22836],[9.21958,39.22974],[9.2201,39.22995],[9.22048,39.23016],[9.22094,39.23024]]},"properties":{}},{"type":"Feature","geometry":{"type":"LineString","coordinates":[[9.20628,39.23485],[9.20627,39.23497],[9.20634,39.23543]]},"properties":{}},{"type":"Feature","geometry":{"type":"LineString","coordinates":[[9.20636,39.23467],[9.20633,39.2348],[9.20628,39.23485]]},"properties":{}},{"type":"Feature","geometry":{"type":"LineString","coordinates":[[9.20629,39.23841],[9.2066,39.23844],[9.20728,39.23905],[9.20734,39.23923],[9.20779,39.23964],[9.20821,39.23979],[9.20827,39.2399],[9.20828,39.24006],[9.20821,39.24035]]},"properties":{}},{"type":"Feature","geometry":{"type":"LineString","coordinates":[[9.20757,39.24046],[9.20757,39.24035],[9.20767,39.24],[9.20766,39.23973],[9.20759,39.23952],[9.20745,39.23937],[9.20629,39.23841]]},"properties":{}},{"type":"Feature","geometry":{"type":"LineString","coordinates":[[9.20778,39.23711],[9.20654,39.23797],[9.20626,39.23821],[9.20621,39.2383],[9.20623,39.23837],[9.20629,39.23841]]},"properties":{}},{"type":"Feature","geometry":{"type":"LineString","coordinates":[[9.21013,39.23391],[9.20666,39.23448],[9.20643,39.23457],[9.20636,39.23467]]},"properties":{}},{"type":"Feature","geometry":{"type":"LineString","coordinates":[[9.20636,39.23546],[9.21052,39.23561]]},"properties":{}},{"type":"Feature","geometry":{"type":"LineString","coordinates":[[9.20757,39.24046],[9.20821,39.24035]]},"properties":{}},{"type":"Feature","geometry":{"type":"LineString","coordinates":[[9.20778,39.23711],[9.20785,39.2369],[9.20785,39.23672],[9.20771,39.23642],[9.21054,39.23636]]},"properties":{}},{"type":"Feature","geometry":{"type":"LineString","coordinates":[[9.21054,39.23636],[9.21062,39.23639],[9.21059,39.23646],[9.20911,39.23647],[9.20894,39.23651],[9.20863,39.23669],[9.2083,39.23678],[9.20778,39.23711]]},"properties":{}},{"type":"Feature","geometry":{"type":"LineString","coordinates":[[9.20821,39.24035],[9.20863,39.24034],[9.20904,39.24036],[9.20994,39.24054]]},"properties":{}},{"type":"Feature","geometry":{"type":"LineString","coordinates":[[9.20994,39.24054],[9.21441,39.23695],[9.21507,39.23648],[9.21603,39.23582],[9.21681,39.23534],[9.22078,39.233],[9.22152,39.2325],[9.22172,39.23222],[9.22176,39.23203],[9.22173,39.23179],[9.22158,39.23158],[9.22139,39.23144],[9.22101,39.23132]]},"properties":{}},{"type":"Feature","geometry":{"type":"LineString","coordinates":[[9.20994,39.24054],[9.21007,39.24053]]},"properties":{}},{"type":"Feature","geometry":{"type":"LineString","coordinates":[[9.21007,39.24053],[9.21103,39.24067],[9.21136,39.24069],[9.21237,39.24066],[9.21326,39.24056],[9.21411,39.24058],[9.21661,39.24091],[9.2169,39.24091],[9.21716,39.24088],[9.21794,39.24066],[9.21997,39.24031],[9.22051,39.24026],[9.22187,39.24022],[9.22237,39.24018],[9.22373,39.2399],[9.22429,39.23982],[9.22749,39.23954],[9.22781,39.23958],[9.2294,39.24016],[9.23098,39.24054],[9.23178,39.24067],[9.23379,39.24074],[9.23393,39.24076],[9.23423,39.24091]]},"properties":{}},{"type":"Feature","geometry":{"type":"LineString","coordinates":[[9.22163,39.23101],[9.22158,39.23129],[9.2216,39.23139],[9.22182,39.23172],[9.2219,39.23192],[9.2219,39.23204],[9.22189,39.23217],[9.22179,39.23238],[9.22154,39.23263],[9.21741,39.23506],[9.21561,39.23619],[9.21434,39.2371],[9.21007,39.24053]]},"properties":{}},{"type":"Feature","geometry":{"type":"LineString","coordinates":[[9.21013,39.23391],[9.21036,39.23395],[9.21046,39.23417],[9.21052,39.23561]]},"properties":{}},{"type":"Feature","geometry":{"type":"LineString","coordinates":[[9.22095,39.23132],[9.22039,39.2315],[9.21991,39.23176],[9.21856,39.2324],[9.21799,39.2326],[9.21722,39.23275],[9.21013,39.23391]]},"properties":{}},{"type":"Feature","geometry":{"type":"LineString","coordinates":[[9.21052,39.23561],[9.21054,39.23636]]},"properties":{}},{"type":"Feature","geometry":{"type":"LineString","coordinates":[[9.22031,39.23089],[9.22031,39.2307]]},"properties":{}},{"type":"Feature","geometry":{"type":"LineString","coordinates":[[9.22031,39.2307],[9.22038,39.23053],[9.22052,39.23039],[9.22072,39.23029],[9.22094,39.23024]]},"properties":{}},{"type":"Feature","geometry":{"type":"LineString","coordinates":[[9.22095,39.23132],[9.2207,39.23127],[9.22053,39.23118],[9.2204,39.23106],[9.22031,39.23089]]},"properties":{}},{"type":"Feature","geometry":{"type":"LineString","coordinates":[[9.22094,39.23024],[9.22121,39.23027],[9.22145,39.23037]]},"properties":{}},{"type":"Feature","geometry":{"type":"LineString","coordinates":[[9.22101,39.23132],[9.22095,39.23132]]},"properties":{}},{"type":"Feature","geometry":{"type":"LineString","coordinates":[[9.22163,39.23101],[9.22141,39.23121],[9.22122,39.23129],[9.22101,39.23132]]},"properties":{}},{"type":"Feature","geometry":{"type":"LineString","coordinates":[[9.22145,39.23037],[9.22175,39.23047],[9.22206,39.2305],[9.22267,39.23039]]},"properties":{}},{"type":"Feature","geometry":{"type":"LineString","coordinates":[[9.22145,39.23037],[9.22158,39.23049],[9.22166,39.23062],[9.22169,39.23077],[9.22167,39.23092]]},"properties":{}},{"type":"Feature","geometry":{"type":"LineString","coordinates":[[9.22167,39.23092],[9.22163,39.23101]]},"properties":{}},{"type":"Feature","geometry":{"type":"LineString","coordinates":[[9.22267,39.23039],[9.22182,39.23082],[9.22167,39.23092]]},"properties":{}},{"type":"Feature","geometry":{"type":"LineString","coordinates":[[9.22267,39.23039],[9.22416,39.22967],[9.22446,39.22956],[9.22708,39.22871],[9.22776,39.22854],[9.22918,39.22835],[9.22977,39.22824],[9.2322,39.22754],[9.23373,39.22701],[9.23559,39.22681],[9.23708,39.22683]]},"properties":{}},{"type":"Feature","geometry":{"type":"LineString","coordinates":[[9.23445,39.24098],[9.23431,39.24099],[9.23423,39.24091]]},"properties":{}},{"type":"Feature","geometry":{"type":"LineString","coordinates":[[9.23423,39.24091],[9.23425,39.24083],[9.23429,39.2408],[9.23441,39.24079],[9.2345,39.24086],[9.2345,39.24093],[9.23445,39.24098]]},"properties":{}},{"type":"Feature","geometry":{"type":"LineString","coordinates":[[9.23445,39.24098],[9.23477,39.24105],[9.2372,39.24215],[9.23772,39.24228],[9.23868,39.24244],[9.23911,39.24243],[9.23968,39.2423],[9.24006,39.24225],[9.24035,39.24228],[9.24108,39.24244],[9.24152,39.24249],[9.24607,39.24253],[9.24731,39.24234],[9.2477,39.24231],[9.24914,39.24275],[9.24962,39.24286],[9.25,39.24289],[9.25373,39.24256],[9.25534,39.24198],[9.25667,39.24188],[9.25776,39.24193],[9.25814,39.24189],[9.25918,39.24167],[9.25999,39.24159],[9.26277,39.24188],[9.26306,39.24193],[9.26495,39.24255],[9.26643,39.24279],[9.26699,39.24293],[9.26732,39.24306],[9.27015,39.24442]]},"properties":{}},{"type":"Feature","geometry":{"type":"LineString","coordinates":[[9.2401,39.22643],[9.23815,39.22673],[9.23803,39.22677],[9.23777,39.22696],[9.23745,39.22686],[9.23708,39.22683]]},"properties":{}},{"type":"Feature","geometry":{"type":"LineString","coordinates":[[9.23708,39.22683],[9.23959,39.22647],[9.2401,39.22643]]},"properties":{}},{"type":"Feature","geometry":{"type":"LineString","coordinates":[[9.2401,39.22643],[9.24354,39.22596],[9.24403,39.22584],[9.24475,39.22554],[9.24546,39.22516],[9.24706,39.22438],[9.24738,39.22416],[9.24833,39.22335],[9.25004,39.22239],[9.25059,39.22214],[9.25198,39.22161],[9.25321,39.2213],[9.25391,39.22119],[9.25481,39.22111],[9.26033,39.22089],[9.26167,39.2208],[9.26953,39.22004],[9.27145,39.2195],[9.27301,39.21923],[9.27379,39.21916],[9.27463,39.21917],[9.27808,39.21958],[9.27953,39.21971],[9.27992,39.21972],[9.28017,39.2197],[9.2817,39.21933],[9.28417,39.21865]]},"properties":{}},{"type":"Feature","geometry":{"type":"LineString","coordinates":[[9.27015,39.24442],[9.27075,39.24467],[9.27089,39.24471],[9.27116,39.24472]]},"properties":{}},{"type":"Feature","geometry":{"type":"LineString","coordinates":[[9.27116,39.24472],[9.27086,39.24476],[9.27058,39.24487],[9.27044,39.24484],[9.27036,39.24478],[9.27032,39.2446],[9.27015,39.24442]]},"properties":{}},{"type":"Feature","geometry":{"type":"LineString","coordinates":[[9.28032,39.23102],[9.27807,39.23576],[9.27659,39.23896],[9.27503,39.24337],[9.27487,39.24369],[9.27473,39.24386],[9.27441,39.24409],[9.27398,39.24426],[9.27342,39.24442],[9.27234,39.24462],[9.27116,39.24472]]},"properties":{}},{"type":"Feature","geometry":{"type":"LineString","coordinates":[[9.28265,39.22621],[9.2825,39.22642],[9.28052,39.23059]]},"properties":{}},{"type":"Feature","geometry":{"type":"LineString","coordinates":[[9.28378,39.22353],[9.28369,39.22389],[9.28282,39.22572],[9.28281,39.22586]]},"properties":{}},{"type":"Feature","geometry":{"type":"LineString","coordinates":[[9.28516,39.22074],[9.28416,39.22289],[9.284,39.22309]]},"properties":{}},{"type":"Feature","geometry":{"type":"LineString","coordinates":[[9.28417,39.21865],[9.28567,39.21789]]},"properties":{}},{"type":"Feature","geometry":{"type":"LineString","coordinates":[[9.28587,39.2184],[9.28537,39.2184],[9.28417,39.21865]]},"properties":{}},{"type":"Feature","geometry":{"type":"LineString","coordinates":[[9.28551,39.2208],[9.28542,39.22081],[9.28516,39.22074]]},"properties":{}},{"type":"Feature","geometry":{"type":"LineString","coordinates":[[9.28526,39.22052],[9.28516,39.22074]]},"properties":{}},{"type":"Feature","geometry":{"type":"LineString","coordinates":[[9.28526,39.22052],[9.28534,39.22067],[9.28551,39.2208]]},"properties":{}},{"type":"Feature","geometry":{"type":"LineString","coordinates":[[9.28614,39.21869],[9.28526,39.22052]]},"properties":{}},{"type":"Feature","geometry":{"type":"LineString","coordinates":[[9.28551,39.2208],[9.28635,39.22103],[9.28618,39.2214]]},"properties":{}},{"type":"Feature","geometry":{"type":"LineString","coordinates":[[9.28587,39.2184],[9.28565,39.21825],[9.28557,39.21812],[9.28558,39.21799],[9.28567,39.21789]]},"properties":{}},{"type":"Feature","geometry":{"type":"LineString","coordinates":[[9.28567,39.21789],[9.28589,39.21776],[9.28658,39.21751],[9.2871,39.2175],[9.28755,39.21754],[9.28918,39.21779],[9.29195,39.21827],[9.29345,39.21857],[9.2945,39.21889],[9.29468,39.2189],[9.29641,39.21866],[9.29689,39.21863]]},"properties":{}},{"type":"Feature","geometry":{"type":"LineString","coordinates":[[9.28614,39.21869],[9.28607,39.21844],[9.28587,39.2184]]},"properties":{}},{"type":"Feature","geometry":{"type":"LineString","coordinates":[[9.28603,39.22145],[9.28612,39.22149]]},"properties":{}},{"type":"Feature","geometry":{"type":"LineString","coordinates":[[9.28612,39.22149],[9.2861,39.22158],[9.28597,39.22159],[9.28593,39.2215],[9.28603,39.22145]]},"properties":{}},{"type":"Feature","geometry":{"type":"LineString","coordinates":[[9.28603,39.22145],[9.28618,39.2214]]},"properties":{}},{"type":"Feature","geometry":{"type":"LineString","coordinates":[[9.28618,39.2214],[9.28612,39.22149]]},"properties":{}},{"type":"Feature","geometry":{"type":"LineString","coordinates":[[9.29689,39.21863],[9.29454,39.219],[9.29198,39.21966],[9.29158,39.21971],[9.29046,39.21961],[9.28956,39.21949],[9.28636,39.21853],[9.28614,39.21869]]},"properties":{}},{"type":"Feature","geometry":{"type":"LineString","coordinates":[[9.29689,39.21863],[9.29781,39.21845],[9.29818,39.21834],[9.29834,39.21827],[9.29878,39.21796],[9.29955,39.21715],[9.30215,39.21505],[9.30248,39.21471],[9.30351,39.21338],[9.30509,39.21202]]},"properties":{}},{"type":"Feature","geometry":{"type":"LineString","coordinates":[[9.30405,39.21138],[9.30467,39.21164]]},"properties":{}},{"type":"Feature","geometry":{"type":"LineString","coordinates":[[9.30405,39.21138],[9.30356,39.21159],[9.3038,39.21126],[9.30405,39.21138]]},"properties":{}},{"type":"Feature","geometry":{"type":"LineString","coordinates":[[9.30467,39.21164],[9.30513,39.21171],[9.30528,39.21187]]},"properties":{}},{"type":"Feature","geometry":{"type":"LineString","coordinates":[[9.30509,39.21202],[9.30505,39.21185],[9.30467,39.21164]]},"properties":{}},{"type":"Feature","geometry":{"type":"LineString","coordinates":[[9.30509,39.21202],[9.30528,39.21187]]},"properties":{}},{"type":"Feature","geometry":{"type":"LineString","coordinates":[[9.30528,39.21187],[9.3065,39.2109],[9.30714,39.21055],[9.31075,39.20926],[9.31123,39.20905],[9.31136,39.20897],[9.3122,39.20818],[9.31245,39.20797],[9.31297,39.20764],[9.31471,39.20698],[9.31765,39.20595],[9.31768,39.20592],[9.31877,39.20557],[9.32288,39.20412],[9.32306,39.20397],[9.3232,39.20371],[9.32353,39.20282],[9.32361,39.20201],[9.32395,39.20137],[9.32397,39.20122],[9.32373,39.20035],[9.32378,39.20013],[9.32384,39.20003],[9.32398,39.19993],[9.32417,39.19987],[9.32938,39.19858]]},"properties":{}},{"type":"Feature","geometry":{"type":"LineString","coordinates":[[9.32938,39.19858],[9.32942,39.19854],[9.3297,39.19842],[9.32998,39.19825],[9.33022,39.19816],[9.33134,39.19778],[9.33193,39.19765]]},"properties":{}},{"type":"Feature","geometry":{"type":"LineString","coordinates":[[9.33334,39.19803],[9.33378,39.19816],[9.33392,39.19826],[9.33408,39.1985],[9.33411,39.19864],[9.33408,39.19879],[9.33393,39.199],[9.33382,39.19908],[9.33329,39.19929],[9.33319,39.19939],[9.33313,39.19955],[9.33313,39.19987],[9.33307,39.1999],[9.33291,39.19989],[9.33235,39.19968],[9.33221,39.19959],[9.33141,39.19854],[9.33127,39.19842],[9.33102,39.19833],[9.33071,39.19827],[9.33046,39.19828],[9.33005,39.1984],[9.32995,39.19839],[9.32938,39.19858]]},"properties":{}},{"type":"Feature","geometry":{"type":"LineString","coordinates":[[9.33334,39.19803],[9.33318,39.19807],[9.33207,39.19778],[9.33193,39.19765]]},"properties":{}},{"type":"Feature","geometry":{"type":"LineString","coordinates":[[9.33193,39.19765],[9.33256,39.19743],[9.33299,39.19718]]},"properties":{}},{"type":"Feature","geometry":{"type":"LineString","coordinates":[[9.33297,39.19695],[9.33224,39.19622]]},"properties":{}},{"type":"Feature","geometry":{"type":"LineString","coordinates":[[9.33224,39.19622],[9.33212,39.19612],[9.3321,39.19607],[9.33213,39.19601],[9.33219,39.196],[9.33226,39.19605],[9.33224,39.19622]]},"properties":{}},{"type":"Feature","geometry":{"type":"LineString","coordinates":[[9.33297,39.19695],[9.33329,39.19696],[9.33428,39.19604],[9.33491,39.19555],[9.33527,39.19539],[9.33534,39.19539],[9.33592,39.19516]]},"properties":{}},{"type":"Feature","geometry":{"type":"LineString","coordinates":[[9.33297,39.19695],[9.33309,39.19701],[9.33313,39.19708],[9.33299,39.19718]]},"properties":{}},{"type":"Feature","geometry":{"type":"LineString","coordinates":[[9.33299,39.19718],[9.33297,39.19695]]},"properties":{}},{"type":"Feature","geometry":{"type":"LineString","coordinates":[[9.33334,39.19803],[9.33342,39.19769],[9.33354,39.19737],[9.33367,39.19714],[9.334,39.19674],[9.33441,39.19643],[9.33486,39.19621],[9.33523,39.19595],[9.33536,39.19584],[9.33536,39.19578]]},"properties":{}},{"type":"Feature","geometry":{"type":"LineString","coordinates":[[9.33536,39.19578],[9.33524,39.19578],[9.3352,39.19569],[9.33529,39.19563],[9.3354,39.19568]]},"properties":{}},{"type":"Feature","geometry":{"type":"LineString","coordinates":[[9.3354,39.19568],[9.3354,39.19574],[9.33536,39.19578]]},"properties":{}},{"type":"Feature","geometry":{"type":"LineString","coordinates":[[9.33592,39.19516],[9.33553,39.19542],[9.3354,39.19568]]},"properties":{}},{"type":"Feature","geometry":{"type":"LineString","coordinates":[[9.33592,39.19516],[9.34078,39.19328],[9.34134,39.19303],[9.34164,39.19281],[9.34186,39.19261],[9.34204,39.19238],[9.34189,39.19229],[9.34014,39.19159]]},"properties":{}},{"type":"Feature","geometry":{"type":"LineString","coordinates":[[9.34014,39.19159],[9.34005,39.19174],[9.33959,39.19157],[9.33968,39.19142],[9.34014,39.19159]]},"properties":{}},{"type":"Feature","geometry":{"type":"LineString","coordinates":[[9.06152,39.26245],[9.06143,39.26255],[9.0612,39.26258],[9.06106,39.2625],[9.06102,39.26237],[9.06105,39.2623],[9.06114,39.26222],[9.06136,39.2622],[9.06143,39.26223],[9.06152,39.26233],[9.06152,39.26245]]},"properties":{}}]}