{"type":"FeatureCollection","features":[{"type":"Feature","geometry":{"type":"LineString","coordinates":[[10.0,45.08925],[10.01159,45.09486],[10.03066,45.10397],[10.03608,45.10589],[10.0423,45.10797],[10.0482,45.11001],[10.05022,45.11077],[10.05183,45.11149],[10.05309,45.11213],[10.05423,45.1128],[10.05543,45.11359],[10.05637,45.11428],[10.05763,45.11535],[10.05843,45.11612],[10.05941,45.11721],[10.06005,45.11802]]},"properties":{}},{"type":"Feature","geometry":{"type":"LineString","coordinates":[[10.05982,45.11809],[10.05902,45.11708],[10.05834,45.11633],[10.05743,45.11545],[10.0562,45.1144],[10.05506,45.11356],[10.05407,45.11292],[10.05335,45.1125],[10.05177,45.11166],[10.05006,45.1109],[10.04838,45.11026],[10.03501,45.10563],[10.03054,45.10405],[10.01386,45.09604],[10.0,45.08945]]},"properties":{}},{"type":"Feature","geometry":{"type":"LineString","coordinates":[[10.0,45.15026],[10.00074,45.14973],[10.00085,45.1496],[10.00091,45.14939]]},"properties":{}},{"type":"Feature","geometry":{"type":"LineString","coordinates":[[10.00036,45.15014],[10.0,45.1504]]},"properties":{}},{"type":"Feature","geometry":{"type":"LineString","coordinates":[[10.00082,45.18335],[10.00021,45.18415],[10.0,45.18459]]},"properties":{}},{"type":"Feature","geometry":{"type":"LineString","coordinates":[[10.0,45.2691],[10.00453,45.26992],[10.00495,45.2699],[10.00882,45.26924],[10.00859,45.26997],[10.0085,45.27005],[10.00796,45.27026],[10.00783,45.27036],[10.00772,45.27056],[10.00762,45.27088],[10.00748,45.2721],[10.00741,45.27236]]},"properties":{}},{"type":"Feature","geometry":{"type":"LineString","coordinates":[[10.00372,45.31241],[10.00283,45.31233],[10.0,45.31174]]},"properties":{}},{"type":"Feature","geometry":{"type":"LineString","coordinates":[[10.0,45.31697],[10.00164,45.31632],[10.00182,45.31622],[10.00205,45.31565],[10.00218,45.31545],[10.00256,45.31516],[10.00322,45.31488],[10.00357,45.31347],[10.00381,45.31272]]},"properties":{}},{"type":"Feature","geometry":{"type":"LineString","coordinates":[[10.0,45.37482],[10.002,45.37416],[10.00284,45.37402],[10.00865,45.37391],[10.00967,45.37383],[10.01577,45.37308],[10.01831,45.37269],[10.01914,45.37252],[10.01933,45.37289],[10.0196,45.3739],[10.02259,45.37328],[10.02214,45.37227],[10.02219,45.37219],[10.02364,45.37179],[10.02315,45.37081],[10.02601,45.37007],[10.02661,45.36999],[10.0278,45.36994]]},"properties":{}},{"type":"Feature","geometry":{"type":"LineString","coordinates":[[10.0,45.40222],[10.00034,45.40216],[10.00046,45.40223],[10.00091,45.40348],[10.00131,45.40475],[10.00142,45.40525],[10.00208,45.40529],[10.00218,45.40533]]},"properties":{}},{"type":"Feature","geometry":{"type":"LineString","coordinates":[[10.0,45.44022],[10.00807,45.44705]]},"properties":{}},{"type":"Feature","geometry":{"type":"LineString","coordinates":[[10.0,45.4763],[10.00482,45.47706],[10.00557,45.47709]]},"properties":{}},{"type":"Feature","geometry":{"type":"LineString","coordinates":[[10.00139,45.14978],[10.00109,45.14977],[10.00091,45.1498],[10.00064,45.14993],[10.00036,45.15014]]},"properties":{}},{"type":"Feature","geometry":{"type":"LineString","coordinates":[[10.00994,45.15167],[10.00823,45.15166],[10.00719,45.15157],[10.00664,45.15157],[10.00576,45.15148],[10.00515,45.15135],[10.00404,45.151],[10.00361,45.15079],[10.00281,45.1503],[10.00243,45.1501],[10.0018,45.15004],[10.00162,45.1501],[10.00146,45.15024],[10.00146,45.15036],[10.00151,45.15041],[10.00195,45.15061],[10.00217,45.15068],[10.00222,45.15077],[10.00211,45.15083],[10.002,45.15079],[10.00184,45.15066],[10.00138,45.15038],[10.00134,45.15027],[10.0014,45.15008],[10.00133,45.14996],[10.00124,45.14992],[10.00104,45.1499],[10.00036,45.15014]]},"properties":{}},{"type":"Feature","geometry":{"type":"LineString","coordinates":[[10.00082,45.18335],[10.00092,45.18317],[10.00094,45.183]]},"properties":{}},{"type":"Feature","geometry":{"type":"LineString","coordinates":[[10.00118,45.1831],[10.00101,45.18319],[10.00082,45.18335]]},"properties":{}},{"type":"Feature","geometry":{"type":"LineString","coordinates":[[10.00139,45.14978],[10.0011,45.1496],[10.00091,45.14939]]},"properties":{}},{"type":"Feature","geometry":{"type":"LineString","coordinates":[[10.00091,45.14939],[10.00083,45.14908],[10.00087,45.14891],[10.00096,45.14882],[10.00111,45.14875],[10.0013,45.14872],[10.00152,45.14873],[10.00167,45.14879]]},"properties":{}},{"type":"Feature","geometry":{"type":"LineString","coordinates":[[10.00118,45.1831],[10.00094,45.183]]},"properties":{}},{"type":"Feature","geometry":{"type":"LineString","coordinates":[[10.00094,45.183],[10.00085,45.18287],[10.00085,45.1828],[10.00091,45.18266],[10.00107,45.18257],[10.00129,45.18254]]},"properties":{}},{"type":"Feature","geometry":{"type":"LineString","coordinates":[[10.00153,45.18262],[10.00164,45.18279],[10.00162,45.18293],[10.00149,45.18304],[10.00139,45.18308],[10.00118,45.1831]]},"properties":{}},{"type":"Feature","geometry":{"type":"LineString","coordinates":[[10.00129,45.18254],[10.00153,45.18262]]},"properties":{}},{"type":"Feature","geometry":{"type":"LineString","coordinates":[[10.00129,45.18254],[10.00167,45.18229]]},"properties":{}},{"type":"Feature","geometry":{"type":"LineString","coordinates":[[10.00216,45.14939],[10.00213,45.14959],[10.00206,45.14967],[10.00191,45.14975],[10.00174,45.1498],[10.00154,45.14981],[10.00139,45.14978]]},"properties":{}},{"type":"Feature","geometry":{"type":"LineString","coordinates":[[10.00167,45.18229],[10.00153,45.18262]]},"properties":{}},{"type":"Feature","geometry":{"type":"LineString","coordinates":[[10.01019,45.15192],[10.01022,45.15372],[10.01025,45.15416],[10.01037,45.15489],[10.01049,45.15535],[10.01181,45.15916],[10.01188,45.15948],[10.01186,45.16004],[10.00983,45.16608],[10.00965,45.16655],[10.0094,45.16704],[10.0089,45.16776],[10.00848,45.16827],[10.00644,45.17055],[10.00426,45.17307],[10.004,45.17351],[10.00387,45.17386],[10.00374,45.17445],[10.00321,45.17985],[10.00301,45.18045],[10.00284,45.18077],[10.00167,45.18229]]},"properties":{}},{"type":"Feature","geometry":{"type":"LineString","coordinates":[[10.00167,45.14879],[10.00197,45.14903]]},"properties":{}},{"type":"Feature","geometry":{"type":"LineString","coordinates":[[10.00167,45.14879],[10.00201,45.14876],[10.00217,45.14868],[10.00254,45.14838]]},"properties":{}},{"type":"Feature","geometry":{"type":"LineString","coordinates":[[10.00197,45.14903],[10.00216,45.14939]]},"properties":{}},{"type":"Feature","geometry":{"type":"LineString","coordinates":[[10.00261,45.14843],[10.00249,45.14849],[10.00208,45.14879],[10.00201,45.1489],[10.00197,45.14903]]},"properties":{}},{"type":"Feature","geometry":{"type":"LineString","coordinates":[[10.00216,45.14939],[10.0023,45.14957],[10.00294,45.15015],[10.0036,45.1506],[10.00442,45.151],[10.00531,45.1513],[10.00603,45.15144],[10.00649,45.15148],[10.00989,45.15149]]},"properties":{}},{"type":"Feature","geometry":{"type":"LineString","coordinates":[[10.00218,45.40533],[10.00218,45.40548],[10.00229,45.4063],[10.00308,45.40607],[10.0041,45.40574],[10.0039,45.40525],[10.00388,45.40504]]},"properties":{}},{"type":"Feature","geometry":{"type":"LineString","coordinates":[[10.00218,45.40533],[10.00248,45.40532],[10.00388,45.40504]]},"properties":{}},{"type":"Feature","geometry":{"type":"LineString","coordinates":[[10.00261,45.14843],[10.00254,45.14838]]},"properties":{}},{"type":"Feature","geometry":{"type":"LineString","coordinates":[[10.00254,45.14838],[10.00256,45.14832],[10.00265,45.14831]]},"properties":{}},{"type":"Feature","geometry":{"type":"LineString","coordinates":[[10.00271,45.14835],[10.00269,45.14841],[10.00261,45.14843]]},"properties":{}},{"type":"Feature","geometry":{"type":"LineString","coordinates":[[10.00265,45.14831],[10.00271,45.14835]]},"properties":{}},{"type":"Feature","geometry":{"type":"LineString","coordinates":[[10.00265,45.14831],[10.00286,45.14818]]},"properties":{}},{"type":"Feature","geometry":{"type":"LineString","coordinates":[[10.00286,45.14818],[10.00271,45.14835]]},"properties":{}},{"type":"Feature","geometry":{"type":"LineString","coordinates":[[10.00286,45.14818],[10.00538,45.14635],[10.00579,45.14603],[10.00656,45.14525],[10.00724,45.14474],[10.00807,45.14429],[10.00879,45.14396],[10.00909,45.1439],[10.00972,45.14387]]},"properties":{}},{"type":"Feature","geometry":{"type":"LineString","coordinates":[[10.00406,45.31242],[10.00372,45.31241]]},"properties":{}},{"type":"Feature","geometry":{"type":"LineString","coordinates":[[10.00381,45.31272],[10.00372,45.31241]]},"properties":{}},{"type":"Feature","geometry":{"type":"LineString","coordinates":[[10.00406,45.31242],[10.00392,45.31254],[10.00381,45.31272]]},"properties":{}},{"type":"Feature","geometry":{"type":"LineString","coordinates":[[10.00388,45.40504],[10.00408,45.40493],[10.00446,45.40464],[10.00463,45.40455],[10.00712,45.40369],[10.00795,45.40335],[10.00861,45.40319],[10.00958,45.40288],[10.00999,45.40268],[10.01072,45.40227],[10.01076,45.40219],[10.01353,45.40136],[10.01366,45.40138],[10.01378,45.40149],[10.01388,45.4015],[10.01466,45.4014],[10.01565,45.40137],[10.01614,45.40144],[10.02052,45.40227],[10.02132,45.40239],[10.02309,45.40252],[10.02935,45.40282],[10.0298,45.4029],[10.03939,45.40376],[10.04005,45.40375],[10.04053,45.40369],[10.04457,45.40313],[10.049,45.40247],[10.04915,45.40256],[10.04963,45.40371],[10.05017,45.40518],[10.05069,45.40589],[10.05093,45.40613],[10.05109,45.40618]]},"properties":{}},{"type":"Feature","geometry":{"type":"LineString","coordinates":[[10.00904,45.31244],[10.00763,45.31251],[10.00406,45.31242]]},"properties":{}},{"type":"Feature","geometry":{"type":"LineString","coordinates":[[10.00636,45.47706],[10.00606,45.47719],[10.00557,45.47709]]},"properties":{}},{"type":"Feature","geometry":{"type":"LineString","coordinates":[[10.00557,45.47709],[10.00606,45.47702],[10.00636,45.47706]]},"properties":{}},{"type":"Feature","geometry":{"type":"LineString","coordinates":[[10.00636,45.47706],[10.00717,45.477],[10.00801,45.47699],[10.0097,45.47724],[10.01063,45.47729],[10.01129,45.47728],[10.01285,45.47716],[10.01318,45.47722],[10.01414,45.47754],[10.01449,45.47762],[10.01628,45.47795],[10.01846,45.47786],[10.02021,45.47798]]},"properties":{}},{"type":"Feature","geometry":{"type":"LineString","coordinates":[[10.00741,45.27236],[10.00712,45.27316],[10.00897,45.27283],[10.00875,45.27242],[10.00866,45.27235],[10.00741,45.27236]]},"properties":{}},{"type":"Feature","geometry":{"type":"LineString","coordinates":[[10.00807,45.44705],[10.00825,45.44722],[10.00852,45.44763],[10.00864,45.44774],[10.0088,45.44775],[10.00893,45.4478],[10.00917,45.44797],[10.00947,45.44825]]},"properties":{}},{"type":"Feature","geometry":{"type":"LineString","coordinates":[[10.00947,45.44825],[10.00922,45.44813],[10.00891,45.44813],[10.00871,45.44819],[10.00856,45.44816],[10.00843,45.44809],[10.00838,45.44799],[10.00844,45.44783],[10.00827,45.44738],[10.00807,45.44705]]},"properties":{}},{"type":"Feature","geometry":{"type":"LineString","coordinates":[[10.00904,45.31244],[10.00906,45.31255],[10.00917,45.3126]]},"properties":{}},{"type":"Feature","geometry":{"type":"LineString","coordinates":[[10.00904,45.31244],[10.00949,45.31246],[10.00983,45.3126],[10.01002,45.31275],[10.01022,45.31302],[10.01039,45.31376],[10.01037,45.3139],[10.01029,45.31398],[10.00968,45.3144],[10.00962,45.31447],[10.0096,45.31464],[10.00977,45.31492],[10.01037,45.31572],[10.01045,45.31569],[10.01057,45.31574],[10.01066,45.31582],[10.01153,45.31685],[10.01286,45.31863],[10.01345,45.31937],[10.01646,45.32346],[10.01691,45.32404],[10.01716,45.32442]]},"properties":{}},{"type":"Feature","geometry":{"type":"LineString","coordinates":[[10.00917,45.3126],[10.00946,45.31268],[10.00959,45.31287],[10.00948,45.31294],[10.00937,45.31294],[10.00927,45.3129],[10.00929,45.31271],[10.00917,45.3126]]},"properties":{}},{"type":"Feature","geometry":{"type":"LineString","coordinates":[[10.00947,45.44825],[10.0145,45.45243]]},"properties":{}},{"type":"Feature","geometry":{"type":"LineString","coordinates":[[10.01023,45.14392],[10.00972,45.14387]]},"properties":{}},{"type":"Feature","geometry":{"type":"LineString","coordinates":[[10.00972,45.14387],[10.0101,45.14377],[10.01063,45.14306]]},"properties":{}},{"type":"Feature","geometry":{"type":"LineString","coordinates":[[10.00994,45.15167],[10.00988,45.15157],[10.00989,45.15149]]},"properties":{}},{"type":"Feature","geometry":{"type":"LineString","coordinates":[[10.00989,45.15149],[10.01001,45.15137],[10.01018,45.15134],[10.01028,45.15135]]},"properties":{}},{"type":"Feature","geometry":{"type":"LineString","coordinates":[[10.00989,45.15149],[10.01045,45.15149]]},"properties":{}},{"type":"Feature","geometry":{"type":"LineString","coordinates":[[10.01008,45.15174],[10.00994,45.15167]]},"properties":{}},{"type":"Feature","geometry":{"type":"LineString","coordinates":[[10.01028,45.15174],[10.01008,45.15174]]},"properties":{}},{"type":"Feature","geometry":{"type":"LineString","coordinates":[[10.01019,45.15192],[10.01008,45.15174]]},"properties":{}},{"type":"Feature","geometry":{"type":"LineString","coordinates":[[10.01028,45.15174],[10.01019,45.15192]]},"properties":{}},{"type":"Feature","geometry":{"type":"LineString","coordinates":[[10.01023,45.14392],[10.0101,45.14434],[10.0101,45.14563],[10.01018,45.15113],[10.01028,45.15135]]},"properties":{}},{"type":"Feature","geometry":{"type":"LineString","coordinates":[[10.01063,45.14306],[10.01048,45.14332],[10.01023,45.14392]]},"properties":{}},{"type":"Feature","geometry":{"type":"LineString","coordinates":[[10.01041,45.15167],[10.01028,45.15174]]},"properties":{}},{"type":"Feature","geometry":{"type":"LineString","coordinates":[[10.01028,45.15135],[10.01039,45.1514]]},"properties":{}},{"type":"Feature","geometry":{"type":"LineString","coordinates":[[10.01039,45.1514],[10.01379,45.15139]]},"properties":{}},{"type":"Feature","geometry":{"type":"LineString","coordinates":[[10.01039,45.1514],[10.01045,45.15149]]},"properties":{}},{"type":"Feature","geometry":{"type":"LineString","coordinates":[[10.03653,45.149],[10.03452,45.14928],[10.03151,45.14961],[10.02253,45.15052],[10.02024,45.15079],[10.01327,45.15151],[10.01251,45.15163],[10.01168,45.15167],[10.01041,45.15167]]},"properties":{}},{"type":"Feature","geometry":{"type":"LineString","coordinates":[[10.01045,45.15149],[10.01046,45.15156],[10.01041,45.15167]]},"properties":{}},{"type":"Feature","geometry":{"type":"LineString","coordinates":[[10.01045,45.15149],[10.01242,45.15148],[10.01379,45.15139]]},"properties":{}},{"type":"Feature","geometry":{"type":"LineString","coordinates":[[10.01063,45.14306],[10.01095,45.14289],[10.01118,45.14284],[10.01461,45.14287],[10.01482,45.14282],[10.0151,45.14264],[10.01529,45.14229]]},"properties":{}},{"type":"Feature","geometry":{"type":"LineString","coordinates":[[10.01379,45.15139],[10.0199,45.15076],[10.0222,45.15048],[10.03246,45.14943],[10.03456,45.14919],[10.0365,45.14891]]},"properties":{}},{"type":"Feature","geometry":{"type":"LineString","coordinates":[[10.0145,45.45243],[10.01485,45.45264],[10.01519,45.45266],[10.01539,45.45274],[10.01547,45.4529],[10.01546,45.45312],[10.01571,45.45344]]},"properties":{}},{"type":"Feature","geometry":{"type":"LineString","coordinates":[[10.01571,45.45344],[10.01529,45.4532],[10.01497,45.45315],[10.01481,45.45307],[10.01474,45.45294],[10.01473,45.45274],[10.0145,45.45243]]},"properties":{}},{"type":"Feature","geometry":{"type":"LineString","coordinates":[[10.01529,45.14229],[10.01535,45.14205],[10.01561,45.1416],[10.01564,45.14147],[10.01576,45.1413],[10.01609,45.14126],[10.01897,45.1411],[10.01853,45.14199],[10.0185,45.1421]]},"properties":{}},{"type":"Feature","geometry":{"type":"LineString","coordinates":[[10.0185,45.1421],[10.01741,45.14216],[10.01599,45.14215],[10.01529,45.14229]]},"properties":{}},{"type":"Feature","geometry":{"type":"LineString","coordinates":[[10.01571,45.45344],[10.03409,45.46871],[10.03725,45.47142],[10.04287,45.47607]]},"properties":{}},{"type":"Feature","geometry":{"type":"LineString","coordinates":[[10.01713,45.32524],[10.01696,45.32516],[10.0169,45.32508],[10.01688,45.32499],[10.01691,45.3249],[10.01704,45.32478]]},"properties":{}},{"type":"Feature","geometry":{"type":"LineString","coordinates":[[10.01704,45.32478],[10.01712,45.32466],[10.01716,45.32453],[10.01716,45.32442]]},"properties":{}},{"type":"Feature","geometry":{"type":"LineString","coordinates":[[10.01704,45.32478],[10.01722,45.32473],[10.01741,45.32475]]},"properties":{}},{"type":"Feature","geometry":{"type":"LineString","coordinates":[[10.01753,45.32518],[10.01737,45.32525],[10.01713,45.32524]]},"properties":{}},{"type":"Feature","geometry":{"type":"LineString","coordinates":[[10.01777,45.32563],[10.01728,45.32531],[10.01713,45.32524]]},"properties":{}},{"type":"Feature","geometry":{"type":"LineString","coordinates":[[10.01716,45.32442],[10.01724,45.32461],[10.01741,45.32475]]},"properties":{}},{"type":"Feature","geometry":{"type":"LineString","coordinates":[[10.01741,45.32475],[10.01759,45.32486],[10.01763,45.32493],[10.01762,45.32509],[10.01753,45.32518]]},"properties":{}},{"type":"Feature","geometry":{"type":"LineString","coordinates":[[10.01753,45.32518],[10.01751,45.32532],[10.01754,45.32539],[10.01777,45.32563]]},"properties":{}},{"type":"Feature","geometry":{"type":"LineString","coordinates":[[10.02532,45.33564],[10.02032,45.32882],[10.01883,45.32672],[10.01842,45.32623],[10.01777,45.32563]]},"properties":{}},{"type":"Feature","geometry":{"type":"LineString","coordinates":[[10.0185,45.1421],[10.0185,45.1428],[10.01854,45.14285],[10.02125,45.1428],[10.02134,45.14275],[10.02138,45.14264]]},"properties":{}},{"type":"Feature","geometry":{"type":"LineString","coordinates":[[10.01944,45.14204],[10.0185,45.1421]]},"properties":{}},{"type":"Feature","geometry":{"type":"LineString","coordinates":[[10.01944,45.14204],[10.01943,45.14197]]},"properties":{}},{"type":"Feature","geometry":{"type":"LineString","coordinates":[[10.01943,45.14197],[10.01877,45.14201],[10.01866,45.14194],[10.01886,45.14154],[10.01907,45.14138],[10.01931,45.14107],[10.02093,45.14093],[10.0263,45.13933],[10.0285,45.13835],[10.03106,45.13713],[10.03122,45.1371]]},"properties":{}},{"type":"Feature","geometry":{"type":"LineString","coordinates":[[10.02025,45.14187],[10.01998,45.14193],[10.01943,45.14197]]},"properties":{}},{"type":"Feature","geometry":{"type":"LineString","coordinates":[[10.02051,45.14188],[10.02,45.14199],[10.01944,45.14204]]},"properties":{}},{"type":"Feature","geometry":{"type":"LineString","coordinates":[[10.02092,45.478],[10.02063,45.47801],[10.02051,45.47806],[10.02021,45.47798]]},"properties":{}},{"type":"Feature","geometry":{"type":"LineString","coordinates":[[10.02021,45.47798],[10.02038,45.47795],[10.02042,45.4779],[10.02053,45.47787],[10.02065,45.47793],[10.02092,45.478]]},"properties":{}},{"type":"Feature","geometry":{"type":"LineString","coordinates":[[10.02051,45.14188],[10.02025,45.14187]]},"properties":{}},{"type":"Feature","geometry":{"type":"LineString","coordinates":[[10.02077,45.1418],[10.02073,45.14173],[10.02025,45.14187]]},"properties":{}},{"type":"Feature","geometry":{"type":"LineString","coordinates":[[10.02057,45.14202],[10.02051,45.14188]]},"properties":{}},{"type":"Feature","geometry":{"type":"LineString","coordinates":[[10.02077,45.1418],[10.02051,45.14188]]},"properties":{}},{"type":"Feature","geometry":{"type":"LineString","coordinates":[[10.02138,45.14264],[10.02092,45.14265],[10.02081,45.14261],[10.02056,45.1421],[10.02057,45.14202]]},"properties":{}},{"type":"Feature","geometry":{"type":"LineString","coordinates":[[10.02057,45.14202],[10.02085,45.14194]]},"properties":{}},{"type":"Feature","geometry":{"type":"LineString","coordinates":[[10.02077,45.1418],[10.02085,45.14194]]},"properties":{}},{"type":"Feature","geometry":{"type":"LineString","coordinates":[[10.03147,45.13765],[10.03132,45.13773],[10.03122,45.13785],[10.02822,45.13944],[10.02789,45.13957],[10.02077,45.1418]]},"properties":{}},{"type":"Feature","geometry":{"type":"LineString","coordinates":[[10.02085,45.14194],[10.02124,45.14202],[10.02154,45.14254]]},"properties":{}},{"type":"Feature","geometry":{"type":"LineString","coordinates":[[10.02092,45.478],[10.02331,45.47804],[10.0245,45.47812],[10.02548,45.47826],[10.03022,45.47907],[10.03055,45.47911],[10.03146,45.47913],[10.03195,45.4791],[10.03282,45.47898],[10.03719,45.47804]]},"properties":{}},{"type":"Feature","geometry":{"type":"LineString","coordinates":[[10.02138,45.14264],[10.0219,45.14266]]},"properties":{}},{"type":"Feature","geometry":{"type":"LineString","coordinates":[[10.02154,45.14254],[10.02151,45.14262],[10.02138,45.14264]]},"properties":{}},{"type":"Feature","geometry":{"type":"LineString","coordinates":[[10.02154,45.14254],[10.02158,45.1426],[10.02165,45.14264],[10.0219,45.14266]]},"properties":{}},{"type":"Feature","geometry":{"type":"LineString","coordinates":[[10.03336,45.14159],[10.03116,45.14215],[10.03019,45.14229],[10.02957,45.1423],[10.02847,45.1422],[10.02784,45.14219],[10.02688,45.14226],[10.02482,45.14251],[10.0234,45.14276],[10.02276,45.14275],[10.02269,45.14266],[10.02262,45.14264],[10.0219,45.14266]]},"properties":{}},{"type":"Feature","geometry":{"type":"LineString","coordinates":[[10.02532,45.33564],[10.02555,45.33584]]},"properties":{}},{"type":"Feature","geometry":{"type":"LineString","coordinates":[[10.02537,45.3359],[10.02538,45.33577],[10.02532,45.33564]]},"properties":{}},{"type":"Feature","geometry":{"type":"LineString","coordinates":[[10.0256,45.33622],[10.02546,45.3362],[10.02534,45.33612],[10.02531,45.336],[10.02537,45.3359]]},"properties":{}},{"type":"Feature","geometry":{"type":"LineString","coordinates":[[10.02537,45.3359],[10.02555,45.33584]]},"properties":{}},{"type":"Feature","geometry":{"type":"LineString","coordinates":[[10.02555,45.33584],[10.0257,45.33585],[10.02581,45.33592],[10.02585,45.33603],[10.0258,45.33614]]},"properties":{}},{"type":"Feature","geometry":{"type":"LineString","coordinates":[[10.02597,45.33652],[10.02579,45.33634],[10.0256,45.33622]]},"properties":{}},{"type":"Feature","geometry":{"type":"LineString","coordinates":[[10.0258,45.33614],[10.0256,45.33622]]},"properties":{}},{"type":"Feature","geometry":{"type":"LineString","coordinates":[[10.0258,45.33614],[10.02597,45.33652]]},"properties":{}},{"type":"Feature","geometry":{"type":"LineString","coordinates":[[10.04493,45.36255],[10.03078,45.34315],[10.02905,45.34086],[10.02816,45.33958],[10.02668,45.33759],[10.02597,45.33652]]},"properties":{}},{"type":"Feature","geometry":{"type":"LineString","coordinates":[[10.05656,45.37911],[10.05638,45.37904],[10.05576,45.37913],[10.05548,45.3791],[10.0552,45.37898],[10.05504,45.37883],[10.05466,45.37833],[10.05435,45.3782],[10.0541,45.37815],[10.05027,45.37841],[10.04951,45.37849],[10.04943,45.37847],[10.04939,45.37843],[10.04923,45.37793],[10.0491,45.37775],[10.04881,45.37763],[10.04842,45.37763],[10.04731,45.37774],[10.04664,45.37763],[10.04584,45.3776],[10.0417,45.37751],[10.04089,45.37736],[10.03951,45.37688],[10.03901,45.37677],[10.03805,45.37682],[10.03559,45.37717],[10.03413,45.37746],[10.03408,45.37753],[10.03407,45.37779],[10.03393,45.37787],[10.03324,45.37792],[10.03269,45.37792],[10.03073,45.37778],[10.03105,45.37701],[10.03111,45.37674],[10.03069,45.37512],[10.03037,45.37364],[10.02975,45.37242],[10.02894,45.37101],[10.02876,45.37081],[10.02858,45.37068],[10.02807,45.3705],[10.02785,45.3701],[10.0278,45.36994]]},"properties":{}},{"type":"Feature","geometry":{"type":"LineString","coordinates":[[10.0278,45.36994],[10.02834,45.36987],[10.03246,45.36867],[10.0357,45.36767],[10.03609,45.36752],[10.0365,45.36727],[10.03762,45.36639],[10.03818,45.36605],[10.03955,45.36536],[10.04449,45.3631]]},"properties":{}},{"type":"Feature","geometry":{"type":"LineString","coordinates":[[10.03122,45.1371],[10.03163,45.13718],[10.03212,45.13721],[10.03261,45.13696],[10.03295,45.13682]]},"properties":{}},{"type":"Feature","geometry":{"type":"LineString","coordinates":[[10.03122,45.1371],[10.03139,45.13725],[10.03156,45.1376]]},"properties":{}},{"type":"Feature","geometry":{"type":"LineString","coordinates":[[10.03172,45.13805],[10.03163,45.13796],[10.03147,45.13765]]},"properties":{}},{"type":"Feature","geometry":{"type":"LineString","coordinates":[[10.03156,45.1376],[10.03147,45.13765]]},"properties":{}},{"type":"Feature","geometry":{"type":"LineString","coordinates":[[10.03156,45.1376],[10.03171,45.13794],[10.03172,45.13805]]},"properties":{}},{"type":"Feature","geometry":{"type":"LineString","coordinates":[[10.03295,45.13682],[10.03216,45.1373],[10.03156,45.1376]]},"properties":{}},{"type":"Feature","geometry":{"type":"LineString","coordinates":[[10.03172,45.13805],[10.0327,45.13998]]},"properties":{}},{"type":"Feature","geometry":{"type":"LineString","coordinates":[[10.0327,45.13998],[10.03293,45.14008],[10.0351,45.14133]]},"properties":{}},{"type":"Feature","geometry":{"type":"LineString","coordinates":[[10.0327,45.13998],[10.03337,45.14139]]},"properties":{}},{"type":"Feature","geometry":{"type":"LineString","coordinates":[[10.03295,45.13682],[10.03741,45.1345]]},"properties":{}},{"type":"Feature","geometry":{"type":"LineString","coordinates":[[10.03358,45.14184],[10.03346,45.14167],[10.03336,45.14159]]},"properties":{}},{"type":"Feature","geometry":{"type":"LineString","coordinates":[[10.03336,45.14159],[10.03337,45.14154]]},"properties":{}},{"type":"Feature","geometry":{"type":"LineString","coordinates":[[10.03337,45.14139],[10.03349,45.14152]]},"properties":{}},{"type":"Feature","geometry":{"type":"LineString","coordinates":[[10.03337,45.14154],[10.03337,45.14139]]},"properties":{}},{"type":"Feature","geometry":{"type":"LineString","coordinates":[[10.03337,45.14154],[10.03349,45.14152]]},"properties":{}},{"type":"Feature","geometry":{"type":"LineString","coordinates":[[10.03349,45.14152],[10.03366,45.14179]]},"properties":{}},{"type":"Feature","geometry":{"type":"LineString","coordinates":[[10.03366,45.14179],[10.03366,45.14183],[10.03358,45.14184]]},"properties":{}},{"type":"Feature","geometry":{"type":"LineString","coordinates":[[10.03445,45.14394],[10.03441,45.14366],[10.03404,45.14277],[10.03368,45.142],[10.03358,45.14184]]},"properties":{}},{"type":"Feature","geometry":{"type":"LineString","coordinates":[[10.03366,45.14179],[10.03472,45.14154]]},"properties":{}},{"type":"Feature","geometry":{"type":"LineString","coordinates":[[10.0346,45.14406],[10.0345,45.14409],[10.03444,45.14407],[10.0344,45.144],[10.03445,45.14394]]},"properties":{}},{"type":"Feature","geometry":{"type":"LineString","coordinates":[[10.03445,45.14394],[10.03455,45.14393],[10.03461,45.14396],[10.03463,45.14401],[10.0346,45.14406]]},"properties":{}},{"type":"Feature","geometry":{"type":"LineString","coordinates":[[10.0346,45.14406],[10.03467,45.14411],[10.03647,45.14882]]},"properties":{}},{"type":"Feature","geometry":{"type":"LineString","coordinates":[[10.03472,45.14154],[10.0351,45.14133]]},"properties":{}},{"type":"Feature","geometry":{"type":"LineString","coordinates":[[10.03565,45.14152],[10.0352,45.14144],[10.03472,45.14154]]},"properties":{}},{"type":"Feature","geometry":{"type":"LineString","coordinates":[[10.0351,45.14133],[10.03557,45.14143],[10.0357,45.14143]]},"properties":{}},{"type":"Feature","geometry":{"type":"LineString","coordinates":[[10.03577,45.14161],[10.03568,45.14157],[10.03565,45.14152]]},"properties":{}},{"type":"Feature","geometry":{"type":"LineString","coordinates":[[10.03565,45.14152],[10.0357,45.14143]]},"properties":{}},{"type":"Feature","geometry":{"type":"LineString","coordinates":[[10.0357,45.14143],[10.03578,45.14141],[10.03587,45.14143],[10.03592,45.14148],[10.03592,45.14153]]},"properties":{}},{"type":"Feature","geometry":{"type":"LineString","coordinates":[[10.03592,45.14153],[10.03588,45.14158],[10.03577,45.14161]]},"properties":{}},{"type":"Feature","geometry":{"type":"LineString","coordinates":[[10.03599,45.14172],[10.03577,45.14161]]},"properties":{}},{"type":"Feature","geometry":{"type":"LineString","coordinates":[[10.03592,45.14153],[10.03599,45.14172]]},"properties":{}},{"type":"Feature","geometry":{"type":"LineString","coordinates":[[10.03599,45.14172],[10.03712,45.14235],[10.03771,45.14278],[10.03928,45.14371]]},"properties":{}},{"type":"Feature","geometry":{"type":"LineString","coordinates":[[10.03647,45.14882],[10.0365,45.14891]]},"properties":{}},{"type":"Feature","geometry":{"type":"LineString","coordinates":[[10.03647,45.14882],[10.04091,45.14817]]},"properties":{}},{"type":"Feature","geometry":{"type":"LineString","coordinates":[[10.0365,45.14891],[10.03653,45.149]]},"properties":{}},{"type":"Feature","geometry":{"type":"LineString","coordinates":[[10.0365,45.14891],[10.03972,45.14846],[10.04043,45.14831],[10.04091,45.14817]]},"properties":{}},{"type":"Feature","geometry":{"type":"LineString","coordinates":[[10.03653,45.149],[10.03708,45.15045]]},"properties":{}},{"type":"Feature","geometry":{"type":"LineString","coordinates":[[10.04153,45.14804],[10.04079,45.14831],[10.04001,45.14849],[10.03653,45.149]]},"properties":{}},{"type":"Feature","geometry":{"type":"LineString","coordinates":[[10.05316,45.1982],[10.05235,45.19571],[10.05145,45.19323],[10.05022,45.18918],[10.04982,45.18796],[10.04786,45.18261],[10.04645,45.17853],[10.04463,45.17347],[10.04324,45.16969],[10.04301,45.16899],[10.0425,45.16676],[10.04151,45.16355],[10.03724,45.151],[10.03708,45.15045]]},"properties":{}},{"type":"Feature","geometry":{"type":"LineString","coordinates":[[10.03798,45.15024],[10.0378,45.15019],[10.03743,45.1502],[10.03721,45.15028],[10.03708,45.15045]]},"properties":{}},{"type":"Feature","geometry":{"type":"LineString","coordinates":[[10.03757,45.47795],[10.03756,45.47803],[10.03744,45.47812],[10.03732,45.47812],[10.03719,45.47804]]},"properties":{}},{"type":"Feature","geometry":{"type":"LineString","coordinates":[[10.03719,45.47804],[10.03719,45.47791],[10.03734,45.47784],[10.03746,45.47785],[10.03757,45.47795]]},"properties":{}},{"type":"Feature","geometry":{"type":"LineString","coordinates":[[10.03741,45.1345],[10.04102,45.13499],[10.04222,45.13522],[10.04395,45.13521],[10.04907,45.13507],[10.04952,45.13514]]},"properties":{}},{"type":"Feature","geometry":{"type":"LineString","coordinates":[[10.03741,45.1345],[10.04414,45.13142],[10.05034,45.12866]]},"properties":{}},{"type":"Feature","geometry":{"type":"LineString","coordinates":[[10.03757,45.47795],[10.04197,45.47701],[10.04277,45.47689],[10.04297,45.47682]]},"properties":{}},{"type":"Feature","geometry":{"type":"LineString","coordinates":[[10.03839,45.15008],[10.0384,45.15019],[10.03831,45.15028],[10.03816,45.15031],[10.03798,45.15024]]},"properties":{}},{"type":"Feature","geometry":{"type":"LineString","coordinates":[[10.03798,45.15024],[10.03795,45.15011],[10.03804,45.15001],[10.03822,45.14998],[10.03832,45.15002],[10.03839,45.15008]]},"properties":{}},{"type":"Feature","geometry":{"type":"LineString","coordinates":[[10.04153,45.14804],[10.04142,45.14814],[10.04088,45.14838],[10.03994,45.14893],[10.0385,45.14994],[10.03839,45.15008]]},"properties":{}},{"type":"Feature","geometry":{"type":"LineString","coordinates":[[10.03853,45.43014],[10.0386,45.43017],[10.03905,45.43025],[10.03919,45.43037],[10.03922,45.43062],[10.03921,45.43076],[10.03912,45.43099],[10.03912,45.43115]]},"properties":{}},{"type":"Feature","geometry":{"type":"LineString","coordinates":[[10.03912,45.43115],[10.03808,45.43121],[10.03809,45.43111],[10.03817,45.43089],[10.03816,45.43045],[10.03819,45.43031],[10.03828,45.43021],[10.03853,45.43014]]},"properties":{}},{"type":"Feature","geometry":{"type":"LineString","coordinates":[[10.05109,45.40618],[10.05111,45.40648],[10.05135,45.40713],[10.05136,45.40717],[10.05129,45.40723],[10.05036,45.40729],[10.04912,45.40746],[10.04408,45.40838],[10.04257,45.4086],[10.04242,45.40865],[10.04233,45.40875],[10.04227,45.4091],[10.04228,45.40924],[10.04247,45.40975],[10.04252,45.41043],[10.04247,45.4117],[10.04252,45.41296],[10.04249,45.41322],[10.04244,45.41339],[10.04231,45.41359],[10.04124,45.41491],[10.04113,45.4153],[10.04097,45.4155],[10.04086,45.41558],[10.04055,45.41568],[10.03952,45.41585],[10.03927,45.41593],[10.03905,45.4161],[10.03897,45.41627],[10.03896,45.41638],[10.039,45.41654],[10.03919,45.41717],[10.03952,45.41768],[10.03959,45.41786],[10.0396,45.418],[10.03939,45.41878],[10.03926,45.419],[10.039,45.41929],[10.03891,45.41943],[10.03852,45.42082],[10.03842,45.4213],[10.03848,45.42163],[10.03857,45.42192],[10.03866,45.42283],[10.0387,45.42298],[10.03879,45.4231],[10.0392,45.4234],[10.0393,45.42358],[10.03948,45.42419],[10.03968,45.42529],[10.03969,45.42558],[10.03964,45.42575],[10.03911,45.42672],[10.03902,45.42734],[10.03875,45.42827],[10.03852,45.42997],[10.03853,45.43014]]},"properties":{}},{"type":"Feature","geometry":{"type":"LineString","coordinates":[[10.06006,45.43405],[10.05658,45.43389],[10.05432,45.43403],[10.05396,45.43403],[10.05355,45.43399],[10.05077,45.43344],[10.05,45.43323],[10.04966,45.43311],[10.04757,45.43223],[10.04706,45.4321],[10.04486,45.43171],[10.0446,45.43162],[10.04442,45.43147],[10.04434,45.43135],[10.04422,45.43067],[10.04409,45.43058],[10.04152,45.43084],[10.04013,45.43112],[10.03912,45.43115]]},"properties":{}},{"type":"Feature","geometry":{"type":"LineString","coordinates":[[10.03928,45.14371],[10.03953,45.14385]]},"properties":{}},{"type":"Feature","geometry":{"type":"LineString","coordinates":[[10.03946,45.1439],[10.03928,45.14371]]},"properties":{}},{"type":"Feature","geometry":{"type":"LineString","coordinates":[[10.03955,45.14396],[10.03949,45.14395],[10.03946,45.1439]]},"properties":{}},{"type":"Feature","geometry":{"type":"LineString","coordinates":[[10.03946,45.1439],[10.03953,45.14385]]},"properties":{}},{"type":"Feature","geometry":{"type":"LineString","coordinates":[[10.03953,45.14385],[10.0396,45.14389]]},"properties":{}},{"type":"Feature","geometry":{"type":"LineString","coordinates":[[10.03979,45.144],[10.03955,45.14396]]},"properties":{}},{"type":"Feature","geometry":{"type":"LineString","coordinates":[[10.0396,45.14389],[10.03955,45.14396]]},"properties":{}},{"type":"Feature","geometry":{"type":"LineString","coordinates":[[10.0396,45.14389],[10.03979,45.144]]},"properties":{}},{"type":"Feature","geometry":{"type":"LineString","coordinates":[[10.04317,45.1459],[10.03979,45.144]]},"properties":{}},{"type":"Feature","geometry":{"type":"LineString","coordinates":[[10.04091,45.14817],[10.04341,45.1471],[10.04367,45.14691],[10.04384,45.14668]]},"properties":{}},{"type":"Feature","geometry":{"type":"LineString","coordinates":[[10.0444,45.14708],[10.04374,45.14715],[10.04345,45.14722],[10.04302,45.14738],[10.04153,45.14804]]},"properties":{}},{"type":"Feature","geometry":{"type":"LineString","coordinates":[[10.04287,45.47607],[10.04331,45.47636],[10.0435,45.47643]]},"properties":{}},{"type":"Feature","geometry":{"type":"LineString","coordinates":[[10.04339,45.47654],[10.04293,45.47617],[10.04287,45.47607]]},"properties":{}},{"type":"Feature","geometry":{"type":"LineString","coordinates":[[10.04297,45.47682],[10.0434,45.47661]]},"properties":{}},{"type":"Feature","geometry":{"type":"LineString","coordinates":[[10.04352,45.4767],[10.04297,45.47682]]},"properties":{}},{"type":"Feature","geometry":{"type":"LineString","coordinates":[[10.04317,45.1459],[10.04375,45.14618],[10.04393,45.14623],[10.04465,45.14624],[10.04483,45.14629],[10.04506,45.14646],[10.04512,45.14663],[10.04508,45.14677]]},"properties":{}},{"type":"Feature","geometry":{"type":"LineString","coordinates":[[10.04384,45.14668],[10.04386,45.14661],[10.04367,45.14631],[10.04317,45.1459]]},"properties":{}},{"type":"Feature","geometry":{"type":"LineString","coordinates":[[10.0434,45.47661],[10.04339,45.47654]]},"properties":{}},{"type":"Feature","geometry":{"type":"LineString","coordinates":[[10.04339,45.47654],[10.0435,45.47643]]},"properties":{}},{"type":"Feature","geometry":{"type":"LineString","coordinates":[[10.04352,45.4767],[10.0434,45.47661]]},"properties":{}},{"type":"Feature","geometry":{"type":"LineString","coordinates":[[10.0435,45.47643],[10.04365,45.47642],[10.04378,45.47649],[10.04381,45.47657],[10.04374,45.47668],[10.04374,45.47672],[10.04391,45.47697]]},"properties":{}},{"type":"Feature","geometry":{"type":"LineString","coordinates":[[10.04391,45.47697],[10.04364,45.47674],[10.04352,45.4767]]},"properties":{}},{"type":"Feature","geometry":{"type":"LineString","coordinates":[[10.0444,45.14708],[10.04423,45.14706],[10.044,45.14695],[10.04387,45.1468],[10.04384,45.14668]]},"properties":{}},{"type":"Feature","geometry":{"type":"LineString","coordinates":[[10.04391,45.47697],[10.04547,45.47823],[10.04892,45.48111],[10.04919,45.48128],[10.05381,45.48345],[10.05651,45.48464],[10.06439,45.48833]]},"properties":{}},{"type":"Feature","geometry":{"type":"LineString","coordinates":[[10.04463,45.14706],[10.0444,45.14708]]},"properties":{}},{"type":"Feature","geometry":{"type":"LineString","coordinates":[[10.04449,45.3631],[10.04488,45.36282]]},"properties":{}},{"type":"Feature","geometry":{"type":"LineString","coordinates":[[10.04499,45.36308],[10.04486,45.36304],[10.04474,45.36304],[10.04449,45.3631]]},"properties":{}},{"type":"Feature","geometry":{"type":"LineString","coordinates":[[10.04535,45.14722],[10.04494,45.1471],[10.04463,45.14706]]},"properties":{}},{"type":"Feature","geometry":{"type":"LineString","coordinates":[[10.04508,45.14677],[10.04503,45.14685],[10.04493,45.14693],[10.04463,45.14706]]},"properties":{}},{"type":"Feature","geometry":{"type":"LineString","coordinates":[[10.04499,45.36308],[10.04487,45.36297],[10.04488,45.36282]]},"properties":{}},{"type":"Feature","geometry":{"type":"LineString","coordinates":[[10.04488,45.36282],[10.04494,45.36276]]},"properties":{}},{"type":"Feature","geometry":{"type":"LineString","coordinates":[[10.04493,45.36255],[10.04503,45.36263],[10.0452,45.36269]]},"properties":{}},{"type":"Feature","geometry":{"type":"LineString","coordinates":[[10.04494,45.36276],[10.04493,45.36255]]},"properties":{}},{"type":"Feature","geometry":{"type":"LineString","coordinates":[[10.04494,45.36276],[10.04501,45.36272],[10.0452,45.36269]]},"properties":{}},{"type":"Feature","geometry":{"type":"LineString","coordinates":[[10.04519,45.36312],[10.04499,45.36308]]},"properties":{}},{"type":"Feature","geometry":{"type":"LineString","coordinates":[[10.04508,45.14677],[10.04521,45.14708],[10.04535,45.14722]]},"properties":{}},{"type":"Feature","geometry":{"type":"LineString","coordinates":[[10.04547,45.36331],[10.04532,45.36317],[10.04519,45.36312]]},"properties":{}},{"type":"Feature","geometry":{"type":"LineString","coordinates":[[10.04545,45.36299],[10.04535,45.36308],[10.04519,45.36312]]},"properties":{}},{"type":"Feature","geometry":{"type":"LineString","coordinates":[[10.0452,45.36269],[10.0453,45.36271]]},"properties":{}},{"type":"Feature","geometry":{"type":"LineString","coordinates":[[10.0453,45.36271],[10.04571,45.3627]]},"properties":{}},{"type":"Feature","geometry":{"type":"LineString","coordinates":[[10.0453,45.36271],[10.04543,45.3628],[10.04548,45.36291]]},"properties":{}},{"type":"Feature","geometry":{"type":"LineString","coordinates":[[10.0809,45.17017],[10.07839,45.16861],[10.0761,45.16709],[10.07291,45.16466],[10.06054,45.1555],[10.05092,45.15022],[10.05106,45.15012],[10.05051,45.14981],[10.05039,45.14982],[10.0503,45.14988],[10.04535,45.14722]]},"properties":{}},{"type":"Feature","geometry":{"type":"LineString","coordinates":[[10.04545,45.36299],[10.04544,45.3631],[10.04547,45.36331]]},"properties":{}},{"type":"Feature","geometry":{"type":"LineString","coordinates":[[10.04548,45.36291],[10.04545,45.36299]]},"properties":{}},{"type":"Feature","geometry":{"type":"LineString","coordinates":[[10.05654,45.37839],[10.0556,45.37708],[10.05352,45.37407],[10.05041,45.36972],[10.0483,45.36709],[10.04657,45.36474],[10.04547,45.36331]]},"properties":{}},{"type":"Feature","geometry":{"type":"LineString","coordinates":[[10.04571,45.3627],[10.04548,45.36291]]},"properties":{}},{"type":"Feature","geometry":{"type":"LineString","coordinates":[[10.0483,45.3619],[10.04571,45.3627]]},"properties":{}},{"type":"Feature","geometry":{"type":"LineString","coordinates":[[10.0483,45.3619],[10.04867,45.36172]]},"properties":{}},{"type":"Feature","geometry":{"type":"LineString","coordinates":[[10.0488,45.36186],[10.04859,45.36185],[10.0483,45.3619]]},"properties":{}},{"type":"Feature","geometry":{"type":"LineString","coordinates":[[10.0488,45.36186],[10.0487,45.3618],[10.04867,45.36172]]},"properties":{}},{"type":"Feature","geometry":{"type":"LineString","coordinates":[[10.04867,45.36172],[10.04872,45.36163],[10.04884,45.36158],[10.04896,45.36158],[10.04905,45.36163]]},"properties":{}},{"type":"Feature","geometry":{"type":"LineString","coordinates":[[10.04905,45.36163],[10.0491,45.36171],[10.04908,45.3618],[10.04893,45.36187],[10.0488,45.36186]]},"properties":{}},{"type":"Feature","geometry":{"type":"LineString","coordinates":[[10.06097,45.35872],[10.05746,45.35888],[10.05689,45.35894],[10.05478,45.35948],[10.05199,45.35997],[10.05023,45.36093],[10.04905,45.36163]]},"properties":{}},{"type":"Feature","geometry":{"type":"LineString","coordinates":[[10.04978,45.13511],[10.04966,45.13518],[10.04952,45.13514]]},"properties":{}},{"type":"Feature","geometry":{"type":"LineString","coordinates":[[10.04952,45.13514],[10.04949,45.13508],[10.04951,45.13503],[10.04963,45.13498],[10.04976,45.13503],[10.04978,45.13511]]},"properties":{}},{"type":"Feature","geometry":{"type":"LineString","coordinates":[[10.05166,45.13505],[10.05145,45.13501],[10.05115,45.135],[10.04997,45.13505],[10.04978,45.13511]]},"properties":{}},{"type":"Feature","geometry":{"type":"LineString","coordinates":[[10.05034,45.12866],[10.05078,45.12845],[10.05086,45.12838]]},"properties":{}},{"type":"Feature","geometry":{"type":"LineString","coordinates":[[10.05094,45.12857],[10.0507,45.12858],[10.05034,45.12866]]},"properties":{}},{"type":"Feature","geometry":{"type":"LineString","coordinates":[[10.05094,45.12857],[10.05086,45.12849],[10.05086,45.12838]]},"properties":{}},{"type":"Feature","geometry":{"type":"LineString","coordinates":[[10.05086,45.12838],[10.05095,45.1283],[10.05116,45.12828]]},"properties":{}},{"type":"Feature","geometry":{"type":"LineString","coordinates":[[10.05108,45.12861],[10.05094,45.12857]]},"properties":{}},{"type":"Feature","geometry":{"type":"LineString","coordinates":[[10.05206,45.13131],[10.05136,45.12898],[10.05125,45.12879],[10.05108,45.12861]]},"properties":{}},{"type":"Feature","geometry":{"type":"LineString","coordinates":[[10.05129,45.12853],[10.05108,45.12861]]},"properties":{}},{"type":"Feature","geometry":{"type":"LineString","coordinates":[[10.05607,45.40513],[10.05552,45.40509],[10.05447,45.40523],[10.05407,45.40536],[10.05359,45.40567],[10.05277,45.40594],[10.05204,45.40604],[10.05134,45.40605],[10.05117,45.40608],[10.05109,45.40618]]},"properties":{}},{"type":"Feature","geometry":{"type":"LineString","coordinates":[[10.05116,45.12828],[10.05128,45.12835],[10.05131,45.1284]]},"properties":{}},{"type":"Feature","geometry":{"type":"LineString","coordinates":[[10.05116,45.12828],[10.05198,45.12786],[10.05357,45.12719],[10.05425,45.12696],[10.05795,45.12616],[10.05849,45.12601],[10.05866,45.12587]]},"properties":{}},{"type":"Feature","geometry":{"type":"LineString","coordinates":[[10.05129,45.12853],[10.05131,45.12864],[10.05144,45.12882],[10.05149,45.12897],[10.05218,45.13129]]},"properties":{}},{"type":"Feature","geometry":{"type":"LineString","coordinates":[[10.05131,45.1284],[10.05129,45.12853]]},"properties":{}},{"type":"Feature","geometry":{"type":"LineString","coordinates":[[10.05877,45.12612],[10.05849,45.12612],[10.05712,45.12646],[10.05477,45.12694],[10.0541,45.12711],[10.05341,45.12736],[10.05162,45.12816],[10.05142,45.12828],[10.05131,45.1284]]},"properties":{}},{"type":"Feature","geometry":{"type":"LineString","coordinates":[[10.05186,45.13507],[10.05176,45.13511],[10.05166,45.13505]]},"properties":{}},{"type":"Feature","geometry":{"type":"LineString","coordinates":[[10.05166,45.13505],[10.05168,45.13498],[10.05176,45.13495],[10.05186,45.13499],[10.05186,45.13507]]},"properties":{}},{"type":"Feature","geometry":{"type":"LineString","coordinates":[[10.05299,45.1353],[10.05232,45.13508],[10.05186,45.13507]]},"properties":{}},{"type":"Feature","geometry":{"type":"LineString","coordinates":[[10.05212,45.13149],[10.05203,45.13146],[10.052,45.1314],[10.05206,45.13131]]},"properties":{}},{"type":"Feature","geometry":{"type":"LineString","coordinates":[[10.05206,45.13131],[10.05218,45.13129]]},"properties":{}},{"type":"Feature","geometry":{"type":"LineString","coordinates":[[10.05224,45.13146],[10.05212,45.13149]]},"properties":{}},{"type":"Feature","geometry":{"type":"LineString","coordinates":[[10.0531,45.13509],[10.05308,45.13489],[10.05212,45.13149]]},"properties":{}},{"type":"Feature","geometry":{"type":"LineString","coordinates":[[10.05218,45.13129],[10.05228,45.13137],[10.05224,45.13146]]},"properties":{}},{"type":"Feature","geometry":{"type":"LineString","coordinates":[[10.05224,45.13146],[10.05222,45.13157],[10.05255,45.13256],[10.0532,45.13487],[10.05335,45.13508]]},"properties":{}},{"type":"Feature","geometry":{"type":"LineString","coordinates":[[10.05311,45.1354],[10.05299,45.1353]]},"properties":{}},{"type":"Feature","geometry":{"type":"LineString","coordinates":[[10.05299,45.1353],[10.053,45.13518],[10.0531,45.13509]]},"properties":{}},{"type":"Feature","geometry":{"type":"LineString","coordinates":[[10.05311,45.19879],[10.05308,45.19874],[10.05307,45.19863]]},"properties":{}},{"type":"Feature","geometry":{"type":"LineString","coordinates":[[10.05311,45.19879],[10.05286,45.19881],[10.05273,45.19888],[10.05269,45.199],[10.05272,45.19939],[10.05269,45.19943],[10.05228,45.19952],[10.0521,45.19943],[10.052,45.19912],[10.05207,45.19895],[10.05298,45.19871],[10.05307,45.19863]]},"properties":{}},{"type":"Feature","geometry":{"type":"LineString","coordinates":[[10.05307,45.19863],[10.05317,45.19853]]},"properties":{}},{"type":"Feature","geometry":{"type":"LineString","coordinates":[[10.0531,45.13509],[10.05322,45.13506],[10.05335,45.13508]]},"properties":{}},{"type":"Feature","geometry":{"type":"LineString","coordinates":[[10.05331,45.19887],[10.05311,45.19879]]},"properties":{}},{"type":"Feature","geometry":{"type":"LineString","coordinates":[[10.05347,45.13534],[10.05335,45.13541],[10.05311,45.1354]]},"properties":{}},{"type":"Feature","geometry":{"type":"LineString","coordinates":[[10.05376,45.13711],[10.05351,45.13646],[10.05322,45.13551],[10.05311,45.1354]]},"properties":{}},{"type":"Feature","geometry":{"type":"LineString","coordinates":[[10.05316,45.1982],[10.05338,45.19849]]},"properties":{}},{"type":"Feature","geometry":{"type":"LineString","coordinates":[[10.05317,45.19853],[10.05316,45.1982]]},"properties":{}},{"type":"Feature","geometry":{"type":"LineString","coordinates":[[10.05317,45.19853],[10.05338,45.19849]]},"properties":{}},{"type":"Feature","geometry":{"type":"LineString","coordinates":[[10.0535,45.19913],[10.05331,45.19887]]},"properties":{}},{"type":"Feature","geometry":{"type":"LineString","coordinates":[[10.05348,45.19884],[10.05331,45.19887]]},"properties":{}},{"type":"Feature","geometry":{"type":"LineString","coordinates":[[10.05335,45.13508],[10.05339,45.13509]]},"properties":{}},{"type":"Feature","geometry":{"type":"LineString","coordinates":[[10.05338,45.19849],[10.05354,45.19855],[10.05361,45.19864],[10.05359,45.19876],[10.05348,45.19884]]},"properties":{}},{"type":"Feature","geometry":{"type":"LineString","coordinates":[[10.05339,45.13509],[10.05348,45.13516],[10.0535,45.13525]]},"properties":{}},{"type":"Feature","geometry":{"type":"LineString","coordinates":[[10.05339,45.13509],[10.05352,45.13503],[10.05398,45.13495],[10.05425,45.1349],[10.05461,45.1349]]},"properties":{}},{"type":"Feature","geometry":{"type":"LineString","coordinates":[[10.05347,45.13534],[10.05343,45.13548],[10.05344,45.1356],[10.05378,45.13683],[10.05376,45.13711]]},"properties":{}},{"type":"Feature","geometry":{"type":"LineString","coordinates":[[10.0535,45.13525],[10.05347,45.13534]]},"properties":{}},{"type":"Feature","geometry":{"type":"LineString","coordinates":[[10.05348,45.19884],[10.0535,45.19913]]},"properties":{}},{"type":"Feature","geometry":{"type":"LineString","coordinates":[[10.06162,45.22185],[10.06046,45.21822],[10.06003,45.21678],[10.0599,45.21652],[10.05945,45.21578],[10.05866,45.21375],[10.05547,45.20473],[10.05441,45.20154],[10.0535,45.19913]]},"properties":{}},{"type":"Feature","geometry":{"type":"LineString","coordinates":[[10.05461,45.1349],[10.05399,45.13503],[10.0535,45.13525]]},"properties":{}},{"type":"Feature","geometry":{"type":"LineString","coordinates":[[10.05408,45.1383],[10.05376,45.13711]]},"properties":{}},{"type":"Feature","geometry":{"type":"LineString","coordinates":[[10.05544,45.32915],[10.05535,45.3293],[10.05573,45.3304],[10.05574,45.33052],[10.05571,45.33057],[10.05553,45.33071],[10.05495,45.33092],[10.0546,45.33094],[10.05383,45.3311]]},"properties":{}},{"type":"Feature","geometry":{"type":"LineString","coordinates":[[10.05408,45.1383],[10.0544,45.13902],[10.05474,45.14025],[10.05484,45.14047],[10.05502,45.14065],[10.05564,45.14097],[10.05629,45.14135],[10.05686,45.14153],[10.06194,45.14279],[10.0644,45.14344],[10.06467,45.14355]]},"properties":{}},{"type":"Feature","geometry":{"type":"LineString","coordinates":[[10.06467,45.14355],[10.06436,45.14351],[10.06009,45.1424],[10.05555,45.1413],[10.05504,45.14126],[10.05488,45.14128],[10.05456,45.14144],[10.05433,45.1415],[10.05404,45.1415],[10.05377,45.14141],[10.05366,45.14134],[10.05355,45.14121],[10.0535,45.14105],[10.05355,45.14082],[10.05374,45.14064],[10.05413,45.14046],[10.05421,45.14038],[10.0543,45.14019],[10.05435,45.13994],[10.05432,45.13945],[10.05408,45.1383]]},"properties":{}},{"type":"Feature","geometry":{"type":"LineString","coordinates":[[10.06913,45.13447],[10.05461,45.1349]]},"properties":{}},{"type":"Feature","geometry":{"type":"LineString","coordinates":[[10.05467,45.11934],[10.05491,45.11971],[10.05504,45.11979],[10.05515,45.11981]]},"properties":{}},{"type":"Feature","geometry":{"type":"LineString","coordinates":[[10.05515,45.11981],[10.05495,45.11991],[10.05476,45.11985],[10.05468,45.11977],[10.05467,45.11934]]},"properties":{}},{"type":"Feature","geometry":{"type":"LineString","coordinates":[[10.05668,45.11658],[10.05458,45.11825],[10.05446,45.11849],[10.05445,45.11865],[10.05449,45.11883],[10.05467,45.11934]]},"properties":{}},{"type":"Feature","geometry":{"type":"LineString","coordinates":[[10.05515,45.11981],[10.05952,45.1182]]},"properties":{}},{"type":"Feature","geometry":{"type":"LineString","coordinates":[[10.05544,45.32915],[10.05537,45.32911],[10.0554,45.32905],[10.05549,45.32906],[10.05551,45.32912]]},"properties":{}},{"type":"Feature","geometry":{"type":"LineString","coordinates":[[10.05551,45.32912],[10.05544,45.32915]]},"properties":{}},{"type":"Feature","geometry":{"type":"LineString","coordinates":[[10.06346,45.3272],[10.06322,45.32718],[10.0627,45.32727],[10.05742,45.32876],[10.05551,45.32912]]},"properties":{}},{"type":"Feature","geometry":{"type":"LineString","coordinates":[[10.05607,45.40513],[10.05608,45.40496],[10.0559,45.40471],[10.05602,45.40467],[10.0561,45.40468],[10.05635,45.405],[10.05656,45.405],[10.05659,45.40504],[10.05607,45.40513]]},"properties":{}},{"type":"Feature","geometry":{"type":"LineString","coordinates":[[10.05654,45.37839],[10.05677,45.37856],[10.05689,45.3786]]},"properties":{}},{"type":"Feature","geometry":{"type":"LineString","coordinates":[[10.05656,45.37872],[10.05658,45.3786],[10.05654,45.37839]]},"properties":{}},{"type":"Feature","geometry":{"type":"LineString","coordinates":[[10.05656,45.37911],[10.05647,45.3789],[10.05656,45.37872]]},"properties":{}},{"type":"Feature","geometry":{"type":"LineString","coordinates":[[10.05656,45.37872],[10.05665,45.37866],[10.05689,45.3786]]},"properties":{}},{"type":"Feature","geometry":{"type":"LineString","coordinates":[[10.05744,45.37993],[10.0573,45.37992],[10.0571,45.37984],[10.05656,45.37911]]},"properties":{}},{"type":"Feature","geometry":{"type":"LineString","coordinates":[[10.05668,45.11658],[10.05686,45.11635],[10.05703,45.11602],[10.05711,45.11595],[10.05728,45.1159],[10.05747,45.1159],[10.05792,45.11634],[10.05844,45.11707]]},"properties":{}},{"type":"Feature","geometry":{"type":"LineString","coordinates":[[10.05844,45.11707],[10.05747,45.11655],[10.05722,45.11639],[10.05668,45.11658]]},"properties":{}},{"type":"Feature","geometry":{"type":"LineString","coordinates":[[10.05689,45.3786],[10.05723,45.37872],[10.05744,45.37896],[10.05785,45.37959],[10.05786,45.37966],[10.05779,45.3798]]},"properties":{}},{"type":"Feature","geometry":{"type":"LineString","coordinates":[[10.05781,45.38019],[10.0577,45.38008],[10.05744,45.37993]]},"properties":{}},{"type":"Feature","geometry":{"type":"LineString","coordinates":[[10.05779,45.3798],[10.05759,45.3799],[10.05744,45.37993]]},"properties":{}},{"type":"Feature","geometry":{"type":"LineString","coordinates":[[10.05779,45.3798],[10.05774,45.37988],[10.05774,45.37997],[10.05781,45.38019]]},"properties":{}},{"type":"Feature","geometry":{"type":"LineString","coordinates":[[10.05781,45.38019],[10.06161,45.38538],[10.06357,45.38801],[10.0651,45.39016],[10.06694,45.39315],[10.07086,45.39996]]},"properties":{}},{"type":"Feature","geometry":{"type":"LineString","coordinates":[[10.05844,45.11707],[10.05903,45.11762],[10.05952,45.1182]]},"properties":{}},{"type":"Feature","geometry":{"type":"LineString","coordinates":[[10.05877,45.12612],[10.05867,45.126],[10.05866,45.12587]]},"properties":{}},{"type":"Feature","geometry":{"type":"LineString","coordinates":[[10.05866,45.12587],[10.05876,45.12574],[10.05893,45.12567]]},"properties":{}},{"type":"Feature","geometry":{"type":"LineString","coordinates":[[10.0594,45.12595],[10.05932,45.1261],[10.05919,45.12616],[10.05894,45.12618],[10.05877,45.12612]]},"properties":{}},{"type":"Feature","geometry":{"type":"LineString","coordinates":[[10.05893,45.12567],[10.05911,45.1255],[10.05918,45.12538]]},"properties":{}},{"type":"Feature","geometry":{"type":"LineString","coordinates":[[10.05893,45.12567],[10.05911,45.12567],[10.05927,45.12572]]},"properties":{}},{"type":"Feature","geometry":{"type":"LineString","coordinates":[[10.05918,45.12538],[10.05922,45.12561],[10.05927,45.12572]]},"properties":{}},{"type":"Feature","geometry":{"type":"LineString","coordinates":[[10.05918,45.12538],[10.05947,45.12403],[10.05963,45.12375],[10.05989,45.12358],[10.06003,45.12352],[10.06102,45.12341]]},"properties":{}},{"type":"Feature","geometry":{"type":"LineString","coordinates":[[10.05927,45.12572],[10.05932,45.12575]]},"properties":{}},{"type":"Feature","geometry":{"type":"LineString","coordinates":[[10.05932,45.12575],[10.05937,45.12581],[10.0594,45.12595]]},"properties":{}},{"type":"Feature","geometry":{"type":"LineString","coordinates":[[10.05932,45.12575],[10.05957,45.12572],[10.06365,45.12454]]},"properties":{}},{"type":"Feature","geometry":{"type":"LineString","coordinates":[[10.0637,45.12462],[10.06017,45.12564],[10.05951,45.12588],[10.0594,45.12595]]},"properties":{}},{"type":"Feature","geometry":{"type":"LineString","coordinates":[[10.05952,45.1182],[10.05998,45.1188],[10.06036,45.11937],[10.06183,45.12198]]},"properties":{}},{"type":"Feature","geometry":{"type":"LineString","coordinates":[[10.05952,45.1182],[10.05982,45.11809]]},"properties":{}},{"type":"Feature","geometry":{"type":"LineString","coordinates":[[10.06365,45.12454],[10.06059,45.11922],[10.05982,45.11809]]},"properties":{}},{"type":"Feature","geometry":{"type":"LineString","coordinates":[[10.05982,45.11809],[10.06005,45.11802]]},"properties":{}},{"type":"Feature","geometry":{"type":"LineString","coordinates":[[10.06005,45.11802],[10.06082,45.11914],[10.06146,45.12022],[10.06388,45.12448]]},"properties":{}},{"type":"Feature","geometry":{"type":"LineString","coordinates":[[10.06005,45.11802],[10.06133,45.11756],[10.06245,45.11727],[10.06299,45.11721],[10.06563,45.11712],[10.06588,45.11708],[10.06617,45.11695],[10.06658,45.11654],[10.06738,45.11565]]},"properties":{}},{"type":"Feature","geometry":{"type":"LineString","coordinates":[[10.06096,45.43464],[10.06095,45.43443],[10.06092,45.43434],[10.06085,45.43423],[10.06076,45.43417],[10.06061,45.43411],[10.06006,45.43405]]},"properties":{}},{"type":"Feature","geometry":{"type":"LineString","coordinates":[[10.06006,45.43405],[10.06093,45.43398],[10.06117,45.43408],[10.06096,45.43464]]},"properties":{}},{"type":"Feature","geometry":{"type":"LineString","coordinates":[[10.08223,45.45044],[10.08112,45.45051],[10.08109,45.45035],[10.0812,45.44913],[10.08106,45.44836],[10.0794,45.44829],[10.07863,45.44838],[10.07837,45.44845],[10.07726,45.44859],[10.07728,45.44874],[10.07723,45.44913],[10.07678,45.45012],[10.07612,45.45008],[10.07593,45.4501],[10.07587,45.44939],[10.07583,45.44928],[10.07576,45.44923],[10.07554,45.44921],[10.07245,45.44944],[10.06811,45.44984],[10.06681,45.44999],[10.06613,45.45011],[10.06452,45.4505],[10.05981,45.45067],[10.05946,45.45071],[10.0593,45.45076],[10.05916,45.45086],[10.05897,45.4512],[10.05882,45.45167],[10.05866,45.45182],[10.05847,45.4519],[10.05595,45.45195],[10.05353,45.45212],[10.05351,45.4518],[10.05356,45.44954],[10.0535,45.44939],[10.053,45.44907],[10.05292,45.44887],[10.05379,45.44496],[10.05393,45.44476],[10.05413,45.44462],[10.0557,45.44371],[10.05647,45.44334],[10.0568,45.44311],[10.05733,45.44252],[10.05763,45.44205],[10.0577,45.44185],[10.05766,45.44121],[10.05806,45.4398],[10.05818,45.43949],[10.0583,45.43945],[10.05977,45.43929],[10.05968,45.43905],[10.05963,45.43868],[10.05963,45.43819],[10.0597,45.43798],[10.06025,45.43714],[10.06058,45.43672],[10.06067,45.4365],[10.06076,45.43618],[10.06082,45.43538],[10.06096,45.43464]]},"properties":{}},{"type":"Feature","geometry":{"type":"LineString","coordinates":[[10.06125,45.35877],[10.06097,45.35872]]},"properties":{}},{"type":"Feature","geometry":{"type":"LineString","coordinates":[[10.06097,45.35872],[10.06125,45.35865]]},"properties":{}},{"type":"Feature","geometry":{"type":"LineString","coordinates":[[10.06102,45.12341],[10.06175,45.12328],[10.06205,45.12313],[10.06213,45.12303],[10.06216,45.12283],[10.06199,45.12245],[10.06183,45.12198]]},"properties":{}},{"type":"Feature","geometry":{"type":"LineString","coordinates":[[10.06183,45.12198],[10.06255,45.12324],[10.06227,45.12335],[10.06102,45.12341]]},"properties":{}},{"type":"Feature","geometry":{"type":"LineString","coordinates":[[10.06149,45.35877],[10.06138,45.35881],[10.06125,45.35877]]},"properties":{}},{"type":"Feature","geometry":{"type":"LineString","coordinates":[[10.06125,45.35877],[10.06123,45.35869],[10.06125,45.35865]]},"properties":{}},{"type":"Feature","geometry":{"type":"LineString","coordinates":[[10.06125,45.35865],[10.06141,45.3586],[10.06151,45.35866]]},"properties":{}},{"type":"Feature","geometry":{"type":"LineString","coordinates":[[10.06151,45.35866],[10.06153,45.35871],[10.06149,45.35877]]},"properties":{}},{"type":"Feature","geometry":{"type":"LineString","coordinates":[[10.06171,45.35874],[10.06149,45.35877]]},"properties":{}},{"type":"Feature","geometry":{"type":"LineString","coordinates":[[10.06151,45.35866],[10.06171,45.35874]]},"properties":{}},{"type":"Feature","geometry":{"type":"LineString","coordinates":[[10.0617,45.22246],[10.0616,45.22242],[10.06152,45.22234],[10.06151,45.22223],[10.06159,45.22214]]},"properties":{}},{"type":"Feature","geometry":{"type":"LineString","coordinates":[[10.06159,45.22214],[10.06162,45.22205],[10.06162,45.22185]]},"properties":{}},{"type":"Feature","geometry":{"type":"LineString","coordinates":[[10.06159,45.22214],[10.06175,45.22209],[10.06184,45.2221]]},"properties":{}},{"type":"Feature","geometry":{"type":"LineString","coordinates":[[10.06162,45.22185],[10.06184,45.2221]]},"properties":{}},{"type":"Feature","geometry":{"type":"LineString","coordinates":[[10.06193,45.22243],[10.0617,45.22246]]},"properties":{}},{"type":"Feature","geometry":{"type":"LineString","coordinates":[[10.06192,45.22278],[10.0617,45.22246]]},"properties":{}},{"type":"Feature","geometry":{"type":"LineString","coordinates":[[10.09173,45.35413],[10.08741,45.35503],[10.08152,45.35548],[10.07373,45.3564],[10.07313,45.35654],[10.069,45.35775],[10.06635,45.35859],[10.06528,45.35883],[10.06443,45.35888],[10.064,45.35888],[10.06171,45.35874]]},"properties":{}},{"type":"Feature","geometry":{"type":"LineString","coordinates":[[10.06184,45.2221],[10.06201,45.2222]]},"properties":{}},{"type":"Feature","geometry":{"type":"LineString","coordinates":[[10.07073,45.24928],[10.07061,45.24885],[10.06908,45.24453],[10.06776,45.23987],[10.06588,45.23483],[10.06192,45.22278]]},"properties":{}},{"type":"Feature","geometry":{"type":"LineString","coordinates":[[10.06193,45.22243],[10.0619,45.22255],[10.06192,45.22278]]},"properties":{}},{"type":"Feature","geometry":{"type":"LineString","coordinates":[[10.06199,45.22237],[10.06193,45.22243]]},"properties":{}},{"type":"Feature","geometry":{"type":"LineString","coordinates":[[10.06201,45.2222],[10.06203,45.22232],[10.06199,45.22237]]},"properties":{}},{"type":"Feature","geometry":{"type":"LineString","coordinates":[[10.06248,45.22232],[10.06199,45.22237]]},"properties":{}},{"type":"Feature","geometry":{"type":"LineString","coordinates":[[10.06201,45.2222],[10.06248,45.22232]]},"properties":{}},{"type":"Feature","geometry":{"type":"LineString","coordinates":[[10.06248,45.22232],[10.06287,45.22239],[10.06666,45.22328],[10.06713,45.22337],[10.06772,45.22343],[10.06835,45.22345],[10.08122,45.22333],[10.08194,45.22324],[10.08256,45.2231],[10.09375,45.22007],[10.09615,45.21964]]},"properties":{}},{"type":"Feature","geometry":{"type":"LineString","coordinates":[[10.06404,45.32728],[10.06368,45.32727],[10.06346,45.3272]]},"properties":{}},{"type":"Feature","geometry":{"type":"LineString","coordinates":[[10.06346,45.3272],[10.06326,45.32705],[10.06323,45.32693],[10.06331,45.32684],[10.06353,45.32677],[10.06385,45.32679],[10.06404,45.32684],[10.06424,45.32696],[10.0643,45.32703],[10.06431,45.32716]]},"properties":{}},{"type":"Feature","geometry":{"type":"LineString","coordinates":[[10.0637,45.12462],[10.06365,45.12454]]},"properties":{}},{"type":"Feature","geometry":{"type":"LineString","coordinates":[[10.06365,45.12454],[10.06388,45.12448]]},"properties":{}},{"type":"Feature","geometry":{"type":"LineString","coordinates":[[10.06913,45.13447],[10.06868,45.13351],[10.06818,45.13256],[10.0637,45.12462]]},"properties":{}},{"type":"Feature","geometry":{"type":"LineString","coordinates":[[10.06392,45.12456],[10.0637,45.12462]]},"properties":{}},{"type":"Feature","geometry":{"type":"LineString","coordinates":[[10.06388,45.12448],[10.06392,45.12456]]},"properties":{}},{"type":"Feature","geometry":{"type":"LineString","coordinates":[[10.06388,45.12448],[10.06515,45.12424]]},"properties":{}},{"type":"Feature","geometry":{"type":"LineString","coordinates":[[10.06392,45.12456],[10.06812,45.13193],[10.06896,45.13352],[10.0694,45.13446]]},"properties":{}},{"type":"Feature","geometry":{"type":"LineString","coordinates":[[10.06515,45.12424],[10.06392,45.12456]]},"properties":{}},{"type":"Feature","geometry":{"type":"LineString","coordinates":[[10.06469,45.32765],[10.06423,45.32735],[10.06404,45.32728]]},"properties":{}},{"type":"Feature","geometry":{"type":"LineString","coordinates":[[10.06431,45.32716],[10.06417,45.32726],[10.06404,45.32728]]},"properties":{}},{"type":"Feature","geometry":{"type":"LineString","coordinates":[[10.06431,45.32716],[10.06438,45.32734],[10.06469,45.32765]]},"properties":{}},{"type":"Feature","geometry":{"type":"LineString","coordinates":[[10.06439,45.48833],[10.06471,45.48836],[10.06491,45.4883],[10.06509,45.48832],[10.06523,45.48842],[10.06525,45.48857],[10.06549,45.48882]]},"properties":{}},{"type":"Feature","geometry":{"type":"LineString","coordinates":[[10.06549,45.48882],[10.06515,45.48874],[10.06488,45.48875],[10.06474,45.48871],[10.06462,45.4886],[10.06461,45.4885],[10.06439,45.48833]]},"properties":{}},{"type":"Feature","geometry":{"type":"LineString","coordinates":[[10.06467,45.14355],[10.07241,45.14546]]},"properties":{}},{"type":"Feature","geometry":{"type":"LineString","coordinates":[[10.06469,45.32765],[10.06912,45.33086],[10.06946,45.33116],[10.06955,45.33132]]},"properties":{}},{"type":"Feature","geometry":{"type":"LineString","coordinates":[[10.06515,45.12424],[10.06594,45.12416],[10.06948,45.124],[10.07075,45.12383],[10.08244,45.12154],[10.08568,45.12099],[10.09003,45.12015],[10.0916,45.11989],[10.09461,45.11944],[10.09841,45.11894],[10.10808,45.11777],[10.10963,45.11768],[10.11381,45.11751],[10.13846,45.11662],[10.13913,45.11649],[10.14112,45.11597],[10.15105,45.11333],[10.15736,45.11171],[10.16122,45.11066],[10.17708,45.1065],[10.18216,45.10519],[10.18337,45.1049],[10.18435,45.10474]]},"properties":{}},{"type":"Feature","geometry":{"type":"LineString","coordinates":[[10.06549,45.48882],[10.07969,45.4954]]},"properties":{}},{"type":"Feature","geometry":{"type":"LineString","coordinates":[[10.06738,45.11565],[10.06762,45.11544]]},"properties":{}},{"type":"Feature","geometry":{"type":"LineString","coordinates":[[10.06774,45.11555],[10.06738,45.11565]]},"properties":{}},{"type":"Feature","geometry":{"type":"LineString","coordinates":[[10.06774,45.11555],[10.06766,45.11551],[10.06762,45.11544]]},"properties":{}},{"type":"Feature","geometry":{"type":"LineString","coordinates":[[10.06762,45.11544],[10.06765,45.11536],[10.06774,45.11531]]},"properties":{}},{"type":"Feature","geometry":{"type":"LineString","coordinates":[[10.06793,45.11535],[10.06797,45.1154],[10.06795,45.11549],[10.06788,45.11554],[10.06774,45.11555]]},"properties":{}},{"type":"Feature","geometry":{"type":"LineString","coordinates":[[10.06774,45.11531],[10.06793,45.11508]]},"properties":{}},{"type":"Feature","geometry":{"type":"LineString","coordinates":[[10.06774,45.11531],[10.06784,45.11531],[10.06793,45.11535]]},"properties":{}},{"type":"Feature","geometry":{"type":"LineString","coordinates":[[10.06793,45.11508],[10.0679,45.11524],[10.06793,45.11535]]},"properties":{}},{"type":"Feature","geometry":{"type":"LineString","coordinates":[[10.06793,45.11508],[10.06803,45.11482],[10.06808,45.11444],[10.06816,45.11425],[10.06892,45.11333],[10.06988,45.11267],[10.07008,45.11242],[10.07033,45.11131],[10.07051,45.11109],[10.07115,45.1107],[10.07147,45.11055],[10.07249,45.11019],[10.07441,45.1092],[10.07544,45.10889],[10.07577,45.10872],[10.07591,45.1086],[10.07632,45.10794],[10.07652,45.10773],[10.07739,45.10719],[10.07922,45.10585],[10.08075,45.1049],[10.08125,45.10452],[10.08157,45.10417],[10.08186,45.10362],[10.08215,45.10326],[10.08301,45.10269],[10.08468,45.10179],[10.08672,45.10027],[10.08711,45.0999],[10.08825,45.09864],[10.09024,45.09687],[10.09139,45.09556],[10.09169,45.09526],[10.09214,45.09498],[10.09353,45.09432],[10.09593,45.0933],[10.09934,45.09197],[10.10227,45.09072],[10.10356,45.09037],[10.10623,45.08987],[10.10678,45.08983],[10.10799,45.08981],[10.11013,45.08985],[10.1105,45.08992],[10.1118,45.09036],[10.11232,45.09048],[10.11878,45.09127],[10.11916,45.09129],[10.11972,45.09126],[10.12017,45.0912],[10.12071,45.09106],[10.1224,45.09024],[10.12355,45.0896],[10.12445,45.08914],[10.12572,45.08784],[10.12591,45.08761],[10.12607,45.08731],[10.1262,45.08581],[10.12624,45.08564],[10.12623,45.08552],[10.12627,45.08505],[10.12648,45.08365],[10.12676,45.08273],[10.12714,45.082],[10.12745,45.08154],[10.1279,45.08101],[10.1298,45.07891],[10.12994,45.07878],[10.13024,45.07859],[10.13058,45.07842],[10.13437,45.07696],[10.13587,45.07642],[10.13831,45.07555],[10.13902,45.0754],[10.15468,45.07409],[10.16507,45.07325],[10.16581,45.07316],[10.16617,45.07307],[10.1671,45.07271],[10.16786,45.07216],[10.1696,45.07047],[10.17136,45.06903],[10.17219,45.06813],[10.17247,45.06794],[10.17274,45.06788],[10.17318,45.06789],[10.17373,45.06777],[10.17877,45.0659],[10.17896,45.06579],[10.18068,45.0643],[10.18137,45.06397],[10.18343,45.06311],[10.18427,45.06292],[10.19034,45.06197]]},"properties":{}},{"type":"Feature","geometry":{"type":"LineString","coordinates":[[10.06868,45.17238],[10.07134,45.17191],[10.07351,45.17149],[10.07549,45.17117],[10.08023,45.17027],[10.0809,45.17017]]},"properties":{}},{"type":"Feature","geometry":{"type":"LineString","coordinates":[[10.07241,45.14546],[10.06993,45.13671],[10.06937,45.13504],[10.06913,45.13447]]},"properties":{}},{"type":"Feature","geometry":{"type":"LineString","coordinates":[[10.0694,45.13446],[10.06913,45.13447]]},"properties":{}},{"type":"Feature","geometry":{"type":"LineString","coordinates":[[10.0694,45.13446],[10.0696,45.13496],[10.07019,45.1367],[10.07269,45.14553]]},"properties":{}},{"type":"Feature","geometry":{"type":"LineString","coordinates":[[10.07202,45.13438],[10.0694,45.13446]]},"properties":{}},{"type":"Feature","geometry":{"type":"LineString","coordinates":[[10.06996,45.33171],[10.06993,45.33178],[10.06986,45.33184],[10.06976,45.33188],[10.0696,45.33187],[10.06947,45.3318],[10.06943,45.33172],[10.06944,45.33165],[10.06949,45.33158]]},"properties":{}},{"type":"Feature","geometry":{"type":"LineString","coordinates":[[10.06949,45.33158],[10.06955,45.33132]]},"properties":{}},{"type":"Feature","geometry":{"type":"LineString","coordinates":[[10.06949,45.33158],[10.06958,45.33153],[10.06974,45.33151]]},"properties":{}},{"type":"Feature","geometry":{"type":"LineString","coordinates":[[10.06955,45.33132],[10.06974,45.33151]]},"properties":{}},{"type":"Feature","geometry":{"type":"LineString","coordinates":[[10.06974,45.33151],[10.06989,45.33157],[10.06995,45.33163],[10.06996,45.33171]]},"properties":{}},{"type":"Feature","geometry":{"type":"LineString","coordinates":[[10.06996,45.33171],[10.07054,45.33192],[10.07107,45.33225],[10.0718,45.33261],[10.07221,45.33275],[10.07291,45.33291],[10.07395,45.333],[10.07773,45.33287],[10.07855,45.33291],[10.07893,45.33297]]},"properties":{}},{"type":"Feature","geometry":{"type":"LineString","coordinates":[[10.07073,45.24928],[10.07089,45.24972],[10.07105,45.24988]]},"properties":{}},{"type":"Feature","geometry":{"type":"LineString","coordinates":[[10.07076,45.24995],[10.07078,45.24984],[10.07073,45.24928]]},"properties":{}},{"type":"Feature","geometry":{"type":"LineString","coordinates":[[10.07088,45.25028],[10.07077,45.25023],[10.07069,45.25013],[10.0707,45.25001],[10.07076,45.24995]]},"properties":{}},{"type":"Feature","geometry":{"type":"LineString","coordinates":[[10.07076,45.24995],[10.07089,45.24988],[10.07105,45.24988]]},"properties":{}},{"type":"Feature","geometry":{"type":"LineString","coordinates":[[10.07086,45.39996],[10.07106,45.40015],[10.07118,45.40022]]},"properties":{}},{"type":"Feature","geometry":{"type":"LineString","coordinates":[[10.07099,45.40029],[10.07086,45.39996]]},"properties":{}},{"type":"Feature","geometry":{"type":"LineString","coordinates":[[10.07119,45.25024],[10.07104,45.25029],[10.07088,45.25028]]},"properties":{}},{"type":"Feature","geometry":{"type":"LineString","coordinates":[[10.07126,45.25087],[10.07102,45.25041],[10.07088,45.25028]]},"properties":{}},{"type":"Feature","geometry":{"type":"LineString","coordinates":[[10.0712,45.40063],[10.07104,45.40059],[10.07095,45.40052],[10.07092,45.4004],[10.07099,45.40029]]},"properties":{}},{"type":"Feature","geometry":{"type":"LineString","coordinates":[[10.07099,45.40029],[10.07118,45.40022]]},"properties":{}},{"type":"Feature","geometry":{"type":"LineString","coordinates":[[10.07105,45.24988],[10.0712,45.24994],[10.07128,45.25006],[10.07128,45.25012],[10.07119,45.25024]]},"properties":{}},{"type":"Feature","geometry":{"type":"LineString","coordinates":[[10.07118,45.40022],[10.07138,45.40025],[10.07148,45.40032],[10.07151,45.40047],[10.07139,45.4006]]},"properties":{}},{"type":"Feature","geometry":{"type":"LineString","coordinates":[[10.07119,45.25024],[10.07115,45.25039],[10.07126,45.25087]]},"properties":{}},{"type":"Feature","geometry":{"type":"LineString","coordinates":[[10.07147,45.40103],[10.0712,45.40063]]},"properties":{}},{"type":"Feature","geometry":{"type":"LineString","coordinates":[[10.07139,45.4006],[10.0712,45.40063]]},"properties":{}},{"type":"Feature","geometry":{"type":"LineString","coordinates":[[10.09465,45.2749],[10.09394,45.27371],[10.09248,45.27141],[10.09226,45.27122],[10.09211,45.27116],[10.09176,45.27111],[10.09093,45.27117],[10.08997,45.27119],[10.08932,45.2713],[10.08782,45.27147],[10.08653,45.27152],[10.08498,45.27169],[10.08419,45.27154],[10.0829,45.27121],[10.08254,45.27106],[10.08226,45.27085],[10.08211,45.27063],[10.08205,45.27041],[10.08227,45.26819],[10.08223,45.26785],[10.0821,45.26751],[10.08161,45.26687],[10.08044,45.26559],[10.07833,45.2632],[10.07809,45.26279],[10.07784,45.26226],[10.07776,45.26193],[10.07776,45.26165],[10.07792,45.26071],[10.07819,45.25946],[10.07817,45.25927],[10.07806,45.25902],[10.07796,45.25891],[10.07652,45.25806],[10.07438,45.25672],[10.07397,45.25633],[10.07292,45.25492],[10.07282,45.25473],[10.07183,45.25206],[10.07126,45.25087]]},"properties":{}},{"type":"Feature","geometry":{"type":"LineString","coordinates":[[10.07139,45.4006],[10.07147,45.40103]]},"properties":{}},{"type":"Feature","geometry":{"type":"LineString","coordinates":[[10.07557,45.41815],[10.07568,45.41748],[10.07567,45.41733],[10.0755,45.41695],[10.07548,45.41678],[10.07576,45.41538],[10.07587,45.41502],[10.07606,45.4137],[10.07619,45.41301],[10.07625,45.4125],[10.07617,45.41201],[10.07626,45.41187],[10.07642,45.41175],[10.07744,45.41158],[10.07509,45.4075],[10.07147,45.40103]]},"properties":{}},{"type":"Feature","geometry":{"type":"LineString","coordinates":[[10.07883,45.1468],[10.07866,45.1463],[10.07849,45.14546],[10.07833,45.14541],[10.07641,45.14566],[10.07623,45.14564],[10.07587,45.14552],[10.0754,45.14554],[10.07535,45.14551],[10.0753,45.14482],[10.07519,45.14406],[10.07459,45.14243],[10.07402,45.14065],[10.07358,45.13991],[10.07333,45.13936],[10.07327,45.13907],[10.07297,45.1365],[10.07279,45.13601],[10.07268,45.13583],[10.07229,45.13536],[10.07212,45.13505],[10.07198,45.13465],[10.07202,45.13438]]},"properties":{}},{"type":"Feature","geometry":{"type":"LineString","coordinates":[[10.11064,45.13361],[10.10461,45.13392],[10.09666,45.13392],[10.0891,45.13404],[10.0846,45.13401],[10.07202,45.13438]]},"properties":{}},{"type":"Feature","geometry":{"type":"LineString","coordinates":[[10.07241,45.14546],[10.07269,45.14553]]},"properties":{}},{"type":"Feature","geometry":{"type":"LineString","coordinates":[[10.08543,45.1731],[10.07626,45.15697],[10.07555,45.15556],[10.07487,45.15393],[10.07445,45.15264],[10.07241,45.14546]]},"properties":{}},{"type":"Feature","geometry":{"type":"LineString","coordinates":[[10.07269,45.14553],[10.07783,45.1468]]},"properties":{}},{"type":"Feature","geometry":{"type":"LineString","coordinates":[[10.07269,45.14553],[10.07469,45.15263],[10.07491,45.15334],[10.07527,45.15433],[10.07577,45.1555],[10.07649,45.15691],[10.08571,45.17313]]},"properties":{}},{"type":"Feature","geometry":{"type":"LineString","coordinates":[[10.07557,45.41815],[10.07619,45.41815],[10.07673,45.4181],[10.07766,45.41794],[10.07787,45.41799],[10.07818,45.41843],[10.07892,45.41833],[10.08056,45.41842],[10.08086,45.41839],[10.08226,45.4205],[10.08234,45.4209]]},"properties":{}},{"type":"Feature","geometry":{"type":"LineString","coordinates":[[10.07557,45.41815],[10.07537,45.41814],[10.07541,45.41911],[10.07533,45.41949],[10.07543,45.42102],[10.08034,45.42104],[10.08209,45.42108],[10.0823,45.42097]]},"properties":{}},{"type":"Feature","geometry":{"type":"LineString","coordinates":[[10.07783,45.1468],[10.07846,45.14686]]},"properties":{}},{"type":"Feature","geometry":{"type":"LineString","coordinates":[[10.07838,45.14706],[10.07822,45.14694],[10.07783,45.1468]]},"properties":{}},{"type":"Feature","geometry":{"type":"LineString","coordinates":[[10.07895,45.14718],[10.0788,45.14724],[10.0786,45.14724],[10.07845,45.14716],[10.07838,45.14706]]},"properties":{}},{"type":"Feature","geometry":{"type":"LineString","coordinates":[[10.07838,45.14706],[10.07838,45.14699],[10.07846,45.14686]]},"properties":{}},{"type":"Feature","geometry":{"type":"LineString","coordinates":[[10.07846,45.14686],[10.0786,45.1468],[10.07883,45.1468]]},"properties":{}},{"type":"Feature","geometry":{"type":"LineString","coordinates":[[10.07868,45.33224],[10.07896,45.3325],[10.07919,45.33261]]},"properties":{}},{"type":"Feature","geometry":{"type":"LineString","coordinates":[[10.07894,45.33272],[10.07868,45.33224]]},"properties":{}},{"type":"Feature","geometry":{"type":"LineString","coordinates":[[10.08051,45.32996],[10.07768,45.33061],[10.07868,45.33224]]},"properties":{}},{"type":"Feature","geometry":{"type":"LineString","coordinates":[[10.07883,45.1468],[10.07897,45.14687],[10.07904,45.147]]},"properties":{}},{"type":"Feature","geometry":{"type":"LineString","coordinates":[[10.07954,45.3329],[10.07943,45.33302],[10.07924,45.33308],[10.07907,45.33305],[10.07893,45.33297]]},"properties":{}},{"type":"Feature","geometry":{"type":"LineString","coordinates":[[10.07893,45.33297],[10.07889,45.33282],[10.07894,45.33272]]},"properties":{}},{"type":"Feature","geometry":{"type":"LineString","coordinates":[[10.07894,45.33272],[10.07909,45.33263],[10.07919,45.33261]]},"properties":{}},{"type":"Feature","geometry":{"type":"LineString","coordinates":[[10.07904,45.147],[10.07904,45.14707],[10.07895,45.14718]]},"properties":{}},{"type":"Feature","geometry":{"type":"LineString","coordinates":[[10.07955,45.14722],[10.07912,45.14717],[10.07895,45.14718]]},"properties":{}},{"type":"Feature","geometry":{"type":"LineString","coordinates":[[10.07904,45.147],[10.07955,45.14722]]},"properties":{}},{"type":"Feature","geometry":{"type":"LineString","coordinates":[[10.07919,45.33261],[10.07938,45.33264],[10.07951,45.33273]]},"properties":{}},{"type":"Feature","geometry":{"type":"LineString","coordinates":[[10.07951,45.33273],[10.08018,45.33281]]},"properties":{}},{"type":"Feature","geometry":{"type":"LineString","coordinates":[[10.07951,45.33273],[10.07954,45.3329]]},"properties":{}},{"type":"Feature","geometry":{"type":"LineString","coordinates":[[10.08018,45.33281],[10.07954,45.3329]]},"properties":{}},{"type":"Feature","geometry":{"type":"LineString","coordinates":[[10.07955,45.14722],[10.10296,45.15302],[10.10649,45.15376],[10.10975,45.15437],[10.11549,45.15535],[10.15824,45.16256]]},"properties":{}},{"type":"Feature","geometry":{"type":"LineString","coordinates":[[10.07969,45.4954],[10.08014,45.49559],[10.08048,45.49561],[10.08058,45.49564],[10.08067,45.49569],[10.08076,45.49583],[10.08085,45.4959],[10.08124,45.49613]]},"properties":{}},{"type":"Feature","geometry":{"type":"LineString","coordinates":[[10.08124,45.49613],[10.08076,45.49605],[10.08042,45.49614],[10.08018,45.4961],[10.08004,45.496],[10.08,45.49593],[10.08001,45.49579],[10.07994,45.49567],[10.07969,45.4954]]},"properties":{}},{"type":"Feature","geometry":{"type":"LineString","coordinates":[[10.08018,45.33281],[10.08893,45.33248],[10.08957,45.33238],[10.09048,45.33209],[10.09078,45.33195],[10.09135,45.33158],[10.09171,45.33123],[10.09185,45.33105],[10.09204,45.33073],[10.0945,45.3248],[10.09504,45.32358],[10.09623,45.32065]]},"properties":{}},{"type":"Feature","geometry":{"type":"LineString","coordinates":[[10.08051,45.32996],[10.08333,45.32978],[10.08298,45.3267],[10.08166,45.32685],[10.08071,45.32703],[10.07902,45.32762],[10.08051,45.32996]]},"properties":{}},{"type":"Feature","geometry":{"type":"LineString","coordinates":[[10.08543,45.1731],[10.08454,45.173],[10.08423,45.17292],[10.08363,45.17264],[10.08338,45.1724],[10.08312,45.17206],[10.08275,45.1715],[10.08256,45.17127],[10.08229,45.17104],[10.0809,45.17017]]},"properties":{}},{"type":"Feature","geometry":{"type":"LineString","coordinates":[[10.08124,45.49613],[10.08391,45.49735]]},"properties":{}},{"type":"Feature","geometry":{"type":"LineString","coordinates":[[10.08406,45.4526],[10.08371,45.4524],[10.08221,45.45175],[10.08215,45.4517],[10.08214,45.45151],[10.08225,45.45079],[10.08223,45.45044]]},"properties":{}},{"type":"Feature","geometry":{"type":"LineString","coordinates":[[10.08406,45.4526],[10.08388,45.45038],[10.08223,45.45044]]},"properties":{}},{"type":"Feature","geometry":{"type":"LineString","coordinates":[[10.08256,45.42122],[10.08235,45.42114],[10.08229,45.42103],[10.0823,45.42097]]},"properties":{}},{"type":"Feature","geometry":{"type":"LineString","coordinates":[[10.0823,45.42097],[10.08234,45.4209]]},"properties":{}},{"type":"Feature","geometry":{"type":"LineString","coordinates":[[10.08234,45.4209],[10.08248,45.42082],[10.08274,45.42083],[10.08286,45.42093],[10.08288,45.42099],[10.08288,45.42106],[10.08281,45.42116]]},"properties":{}},{"type":"Feature","geometry":{"type":"LineString","coordinates":[[10.08288,45.42148],[10.08256,45.42122]]},"properties":{}},{"type":"Feature","geometry":{"type":"LineString","coordinates":[[10.08281,45.42116],[10.08256,45.42122]]},"properties":{}},{"type":"Feature","geometry":{"type":"LineString","coordinates":[[10.08281,45.42116],[10.08283,45.42134],[10.08288,45.42148]]},"properties":{}},{"type":"Feature","geometry":{"type":"LineString","coordinates":[[10.08288,45.42148],[10.08356,45.42244],[10.08635,45.42664],[10.08662,45.42728]]},"properties":{}},{"type":"Feature","geometry":{"type":"LineString","coordinates":[[10.11654,45.45289],[10.1164,45.45175],[10.1164,45.45147],[10.11663,45.4511],[10.11726,45.45029],[10.11756,45.44943],[10.11812,45.44841],[10.11822,45.44812],[10.11828,45.44783],[10.1183,45.44729],[10.11813,45.44654],[10.11816,45.44644],[10.11832,45.44635],[10.11932,45.44617],[10.12052,45.44584],[10.12067,45.44576],[10.12077,45.44564],[10.12079,45.44556],[10.12078,45.44531],[10.12072,45.44507],[10.12061,45.44488],[10.12045,45.44471],[10.12037,45.44447],[10.12037,45.44433],[10.1207,45.44382],[10.12071,45.44364],[10.12051,45.4428],[10.12005,45.44176],[10.12004,45.44154],[10.12008,45.44118],[10.12007,45.44101],[10.11993,45.44022],[10.11967,45.43963],[10.11959,45.4385],[10.11982,45.43762],[10.12084,45.43627],[10.12105,45.43589],[10.12107,45.43565],[10.12094,45.43469],[10.12059,45.43365],[10.12062,45.4335],[10.1207,45.43332],[10.1207,45.43305],[10.12046,45.43201],[10.12038,45.43149],[10.12032,45.43067],[10.12019,45.42988],[10.11999,45.42915],[10.1198,45.42868],[10.11956,45.42825],[10.11907,45.42749],[10.11901,45.42735],[10.119,45.42721],[10.11911,45.42708],[10.12173,45.42582],[10.12154,45.42532],[10.1213,45.42392],[10.12135,45.4238],[10.1213,45.42375],[10.12126,45.42356],[10.12121,45.42351],[10.12112,45.42351],[10.11671,45.42397],[10.11532,45.42432],[10.11092,45.42574],[10.10894,45.42597],[10.10733,45.42619],[10.10676,45.42623],[10.10581,45.4262],[10.10473,45.42607],[10.10453,45.42608],[10.10413,45.42617],[10.10294,45.42657],[10.10203,45.42667],[10.10033,45.42655],[10.10031,45.42614],[10.0998,45.42432],[10.09971,45.42393],[10.0996,45.42288],[10.09958,45.42238],[10.09941,45.42161],[10.09933,45.42105],[10.09931,45.42026],[10.09923,45.42008],[10.09924,45.41995],[10.09946,45.41908],[10.09953,45.41867],[10.09969,45.41709],[10.09976,45.41686],[10.1,45.41666],[10.10136,45.41588],[10.102,45.4151],[10.10222,45.41476],[10.10233,45.41444],[10.10252,45.41372],[10.10261,45.41358],[10.10288,45.41332],[10.10294,45.41319],[10.10322,45.41161],[10.10351,45.41047],[10.10382,45.40998],[10.10438,45.40952],[10.1046,45.4092],[10.10468,45.40899],[10.10493,45.40794],[10.10506,45.40762],[10.10692,45.40418],[10.10701,45.40396],[10.10708,45.40363],[10.10706,45.40326],[10.10678,45.40189],[10.10652,45.40096],[10.1064,45.40019],[10.10631,45.39986],[10.10623,45.39966],[10.10514,45.3978],[10.10509,45.39766],[10.10511,45.39749],[10.10521,45.39734],[10.10544,45.39723],[10.11006,45.3957],[10.11021,45.39558],[10.11117,45.39461],[10.11145,45.39426],[10.11151,45.39401],[10.11146,45.3933],[10.11155,45.39274],[10.11181,45.392],[10.11198,45.39172],[10.11252,45.39119],[10.11495,45.38852],[10.11554,45.38791],[10.11638,45.38696],[10.11666,45.38653],[10.11705,45.38626],[10.11729,45.38594],[10.11761,45.38564],[10.1157,45.38549],[10.11538,45.38549],[10.11139,45.3865],[10.11124,45.3865],[10.11109,45.38644],[10.11101,45.38633],[10.10913,45.38077],[10.10803,45.37793],[10.1078,45.37717],[10.10733,45.37651],[10.10659,45.37668],[10.10642,45.37669],[10.10617,45.37663],[10.10598,45.37662],[10.10481,45.37679],[10.10474,45.37677],[10.10467,45.37669],[10.10434,45.37533],[10.10301,45.37548],[10.10265,45.37567],[10.10211,45.37601],[10.10187,45.3761],[10.0998,45.37644],[10.09817,45.37683],[10.0953,45.37718],[10.09346,45.37734],[10.09037,45.37794],[10.08837,45.3782],[10.08809,45.37818],[10.0879,45.3781],[10.08748,45.37755],[10.08735,45.37749],[10.08519,45.37776],[10.08407,45.37778],[10.08399,45.37774],[10.08394,45.37753],[10.08386,45.37744],[10.08348,45.37712],[10.08343,45.37711]]},"properties":{}},{"type":"Feature","geometry":{"type":"LineString","coordinates":[[10.08391,45.49735],[10.08423,45.49741],[10.08448,45.49738],[10.08462,45.4974],[10.08473,45.49746],[10.08477,45.4976],[10.08501,45.49785]]},"properties":{}},{"type":"Feature","geometry":{"type":"LineString","coordinates":[[10.08501,45.49785],[10.0847,45.49776],[10.08437,45.49773],[10.08427,45.49767],[10.08423,45.49758],[10.08391,45.49735]]},"properties":{}},{"type":"Feature","geometry":{"type":"LineString","coordinates":[[10.08399,45.4534],[10.08392,45.45336],[10.08389,45.45331],[10.08393,45.45323],[10.08399,45.45321]]},"properties":{}},{"type":"Feature","geometry":{"type":"LineString","coordinates":[[10.08399,45.45321],[10.08405,45.45313],[10.08408,45.45301]]},"properties":{}},{"type":"Feature","geometry":{"type":"LineString","coordinates":[[10.08399,45.45321],[10.0841,45.45321],[10.08416,45.45325]]},"properties":{}},{"type":"Feature","geometry":{"type":"LineString","coordinates":[[10.08417,45.45334],[10.08412,45.45338],[10.08399,45.4534]]},"properties":{}},{"type":"Feature","geometry":{"type":"LineString","coordinates":[[10.08414,45.45357],[10.08399,45.4534]]},"properties":{}},{"type":"Feature","geometry":{"type":"LineString","coordinates":[[10.08408,45.45301],[10.08406,45.4526]]},"properties":{}},{"type":"Feature","geometry":{"type":"LineString","coordinates":[[10.08408,45.45301],[10.08416,45.45325]]},"properties":{}},{"type":"Feature","geometry":{"type":"LineString","coordinates":[[10.10696,45.45847],[10.1035,45.45903],[10.096,45.46033],[10.09421,45.46061],[10.08567,45.46099],[10.08485,45.46098],[10.08472,45.45968],[10.08472,45.45943],[10.08461,45.45925],[10.0845,45.45881],[10.08427,45.45508],[10.08414,45.45357]]},"properties":{}},{"type":"Feature","geometry":{"type":"LineString","coordinates":[[10.08417,45.45334],[10.08414,45.45357]]},"properties":{}},{"type":"Feature","geometry":{"type":"LineString","coordinates":[[10.08416,45.45325],[10.08417,45.45334]]},"properties":{}},{"type":"Feature","geometry":{"type":"LineString","coordinates":[[10.08501,45.49785],[10.08889,45.49967],[10.08935,45.49994]]},"properties":{}},{"type":"Feature","geometry":{"type":"LineString","coordinates":[[10.08571,45.17313],[10.08543,45.1731]]},"properties":{}},{"type":"Feature","geometry":{"type":"LineString","coordinates":[[10.14392,45.31395],[10.14025,45.30651],[10.13961,45.30498],[10.13929,45.30408],[10.11465,45.22687],[10.11346,45.22316],[10.11296,45.22182],[10.11243,45.22064],[10.11185,45.21953],[10.08543,45.1731]]},"properties":{}},{"type":"Feature","geometry":{"type":"LineString","coordinates":[[10.14304,45.20288],[10.14226,45.20259],[10.14065,45.2019],[10.13443,45.19915],[10.1252,45.19492],[10.12296,45.19384],[10.1133,45.18896],[10.10991,45.18731],[10.1048,45.18515],[10.10382,45.1847],[10.10199,45.18366],[10.09623,45.17994],[10.09477,45.17896],[10.09013,45.17605],[10.08967,45.17569],[10.089,45.17528],[10.08853,45.17491],[10.08774,45.17384],[10.08757,45.17366],[10.0873,45.17348],[10.08698,45.17333],[10.08676,45.17326],[10.08571,45.17313]]},"properties":{}},{"type":"Feature","geometry":{"type":"LineString","coordinates":[[10.08571,45.17313],[10.11206,45.21946],[10.11266,45.22059],[10.11319,45.22177],[10.1137,45.22312],[10.1149,45.22685],[10.13953,45.30405],[10.14012,45.30564],[10.14047,45.30645],[10.14416,45.3139]]},"properties":{}},{"type":"Feature","geometry":{"type":"LineString","coordinates":[[10.08662,45.42728],[10.0868,45.42756],[10.08698,45.42766]]},"properties":{}},{"type":"Feature","geometry":{"type":"LineString","coordinates":[[10.08675,45.42776],[10.08662,45.42728]]},"properties":{}},{"type":"Feature","geometry":{"type":"LineString","coordinates":[[10.08706,45.42815],[10.08695,45.42814],[10.08676,45.42806],[10.08668,45.42792],[10.08675,45.42776]]},"properties":{}},{"type":"Feature","geometry":{"type":"LineString","coordinates":[[10.08675,45.42776],[10.08698,45.42766]]},"properties":{}},{"type":"Feature","geometry":{"type":"LineString","coordinates":[[10.08698,45.42766],[10.08724,45.42771],[10.08736,45.42782],[10.08737,45.42796],[10.08728,45.42808]]},"properties":{}},{"type":"Feature","geometry":{"type":"LineString","coordinates":[[10.08757,45.42863],[10.08706,45.42815]]},"properties":{}},{"type":"Feature","geometry":{"type":"LineString","coordinates":[[10.08728,45.42808],[10.08706,45.42815]]},"properties":{}},{"type":"Feature","geometry":{"type":"LineString","coordinates":[[10.08728,45.42808],[10.08757,45.42863]]},"properties":{}},{"type":"Feature","geometry":{"type":"LineString","coordinates":[[10.08757,45.42863],[10.08853,45.4299],[10.09129,45.43394],[10.09987,45.4468],[10.10502,45.4544],[10.10562,45.45534],[10.10607,45.45593]]},"properties":{}},{"type":"Feature","geometry":{"type":"LineString","coordinates":[[10.08935,45.49994],[10.08948,45.5]]},"properties":{}},{"type":"Feature","geometry":{"type":"LineString","coordinates":[[10.0894,45.5],[10.08935,45.49994]]},"properties":{}},{"type":"Feature","geometry":{"type":"LineString","coordinates":[[10.09213,45.35413],[10.09173,45.35413]]},"properties":{}},{"type":"Feature","geometry":{"type":"LineString","coordinates":[[10.09173,45.35413],[10.09204,45.35401]]},"properties":{}},{"type":"Feature","geometry":{"type":"LineString","coordinates":[[10.09213,45.35413],[10.09206,45.35408],[10.09204,45.35401]]},"properties":{}},{"type":"Feature","geometry":{"type":"LineString","coordinates":[[10.09204,45.35401],[10.09207,45.35395],[10.09216,45.35391],[10.0923,45.35392]]},"properties":{}},{"type":"Feature","geometry":{"type":"LineString","coordinates":[[10.09237,45.35407],[10.09228,45.35413],[10.09213,45.35413]]},"properties":{}},{"type":"Feature","geometry":{"type":"LineString","coordinates":[[10.0923,45.35392],[10.09238,45.354],[10.09237,45.35407]]},"properties":{}},{"type":"Feature","geometry":{"type":"LineString","coordinates":[[10.0923,45.35392],[10.09276,45.35391]]},"properties":{}},{"type":"Feature","geometry":{"type":"LineString","coordinates":[[10.09276,45.35391],[10.09246,45.35406],[10.09237,45.35407]]},"properties":{}},{"type":"Feature","geometry":{"type":"LineString","coordinates":[[10.12048,45.35398],[10.11891,45.35389],[10.11821,45.35389],[10.11223,45.3544],[10.11178,45.35441],[10.11117,45.35435],[10.11068,45.35425],[10.10289,45.35266],[10.10153,45.35252],[10.10082,45.35252],[10.09946,45.35258],[10.09817,45.35274],[10.09519,45.35336],[10.09276,45.35391]]},"properties":{}},{"type":"Feature","geometry":{"type":"LineString","coordinates":[[10.09465,45.2749],[10.09479,45.27516]]},"properties":{}},{"type":"Feature","geometry":{"type":"LineString","coordinates":[[10.09468,45.27518],[10.09465,45.2749]]},"properties":{}},{"type":"Feature","geometry":{"type":"LineString","coordinates":[[10.09484,45.27544],[10.09474,45.27542],[10.09465,45.27528],[10.09464,45.2752],[10.09468,45.27518]]},"properties":{}},{"type":"Feature","geometry":{"type":"LineString","coordinates":[[10.09468,45.27518],[10.09479,45.27516]]},"properties":{}},{"type":"Feature","geometry":{"type":"LineString","coordinates":[[10.09479,45.27516],[10.09487,45.27524],[10.09494,45.27539]]},"properties":{}},{"type":"Feature","geometry":{"type":"LineString","coordinates":[[10.09515,45.27573],[10.09484,45.27544]]},"properties":{}},{"type":"Feature","geometry":{"type":"LineString","coordinates":[[10.09494,45.27539],[10.09484,45.27544]]},"properties":{}},{"type":"Feature","geometry":{"type":"LineString","coordinates":[[10.09494,45.27539],[10.09515,45.27573]]},"properties":{}},{"type":"Feature","geometry":{"type":"LineString","coordinates":[[10.09935,45.28288],[10.09791,45.2803],[10.09515,45.27573]]},"properties":{}},{"type":"Feature","geometry":{"type":"LineString","coordinates":[[10.09639,45.32037],[10.09612,45.32038]]},"properties":{}},{"type":"Feature","geometry":{"type":"LineString","coordinates":[[10.09623,45.32065],[10.09621,45.32055],[10.09612,45.32038]]},"properties":{}},{"type":"Feature","geometry":{"type":"LineString","coordinates":[[10.09612,45.32038],[10.09597,45.3203],[10.09592,45.32024],[10.09591,45.3201],[10.09594,45.32004],[10.09601,45.31998],[10.09616,45.31992],[10.09639,45.31993]]},"properties":{}},{"type":"Feature","geometry":{"type":"LineString","coordinates":[[10.09615,45.21964],[10.09639,45.22033],[10.09645,45.2204],[10.09695,45.22055],[10.09764,45.22046],[10.09778,45.2204],[10.09778,45.22017],[10.09746,45.21936]]},"properties":{}},{"type":"Feature","geometry":{"type":"LineString","coordinates":[[10.09615,45.21964],[10.0973,45.21929]]},"properties":{}},{"type":"Feature","geometry":{"type":"LineString","coordinates":[[10.09639,45.32037],[10.09623,45.32065]]},"properties":{}},{"type":"Feature","geometry":{"type":"LineString","coordinates":[[10.09659,45.32012],[10.09655,45.32027],[10.09639,45.32037]]},"properties":{}},{"type":"Feature","geometry":{"type":"LineString","coordinates":[[10.09639,45.31993],[10.09652,45.32001],[10.09659,45.32012]]},"properties":{}},{"type":"Feature","geometry":{"type":"LineString","coordinates":[[10.09639,45.31993],[10.09703,45.31973]]},"properties":{}},{"type":"Feature","geometry":{"type":"LineString","coordinates":[[10.09703,45.31973],[10.09666,45.32],[10.09659,45.32012]]},"properties":{}},{"type":"Feature","geometry":{"type":"LineString","coordinates":[[10.09703,45.31973],[10.09756,45.31948],[10.09829,45.31922],[10.10171,45.31829],[10.10871,45.31646]]},"properties":{}},{"type":"Feature","geometry":{"type":"LineString","coordinates":[[10.09746,45.21936],[10.0973,45.21929]]},"properties":{}},{"type":"Feature","geometry":{"type":"LineString","coordinates":[[10.0973,45.21929],[10.0974,45.21926]]},"properties":{}},{"type":"Feature","geometry":{"type":"LineString","coordinates":[[10.09746,45.21936],[10.0974,45.21926]]},"properties":{}},{"type":"Feature","geometry":{"type":"LineString","coordinates":[[10.0974,45.21926],[10.09809,45.21909],[10.09879,45.21908],[10.09974,45.21912],[10.10207,45.21898],[10.10413,45.21894],[10.10449,45.21884],[10.10508,45.21848],[10.10546,45.21832],[10.10736,45.218],[10.1074,45.2185],[10.1075,45.21894],[10.10777,45.21937]]},"properties":{}},{"type":"Feature","geometry":{"type":"LineString","coordinates":[[10.09935,45.28288],[10.09961,45.28314],[10.09984,45.28319],[10.10002,45.28317]]},"properties":{}},{"type":"Feature","geometry":{"type":"LineString","coordinates":[[10.09995,45.28349],[10.09983,45.28337],[10.09956,45.28322],[10.09935,45.28288]]},"properties":{}},{"type":"Feature","geometry":{"type":"LineString","coordinates":[[10.1002,45.28367],[10.10007,45.28361],[10.09995,45.28349]]},"properties":{}},{"type":"Feature","geometry":{"type":"LineString","coordinates":[[10.09995,45.28349],[10.09992,45.28332],[10.10002,45.28317]]},"properties":{}},{"type":"Feature","geometry":{"type":"LineString","coordinates":[[10.10002,45.28317],[10.10021,45.28307],[10.10035,45.28305],[10.10061,45.28309],[10.10071,45.28315],[10.10078,45.28323],[10.10083,45.28338],[10.10078,45.28353],[10.10066,45.28362]]},"properties":{}},{"type":"Feature","geometry":{"type":"LineString","coordinates":[[10.10066,45.28362],[10.10044,45.28369],[10.1002,45.28367]]},"properties":{}},{"type":"Feature","geometry":{"type":"LineString","coordinates":[[10.10082,45.28522],[10.10055,45.28474],[10.1002,45.28367]]},"properties":{}},{"type":"Feature","geometry":{"type":"LineString","coordinates":[[10.10066,45.28362],[10.10062,45.28413],[10.10063,45.28455],[10.10069,45.28483],[10.10082,45.28522]]},"properties":{}},{"type":"Feature","geometry":{"type":"LineString","coordinates":[[10.11662,45.3124],[10.11586,45.31105],[10.11391,45.30774],[10.11147,45.30376],[10.11042,45.3018],[10.1097,45.30056],[10.10774,45.2972],[10.10555,45.29359],[10.1041,45.29102],[10.10236,45.28805],[10.10153,45.28656],[10.10082,45.28522]]},"properties":{}},{"type":"Feature","geometry":{"type":"LineString","coordinates":[[10.10607,45.45593],[10.10652,45.45623]]},"properties":{}},{"type":"Feature","geometry":{"type":"LineString","coordinates":[[10.10632,45.4563],[10.10607,45.45593]]},"properties":{}},{"type":"Feature","geometry":{"type":"LineString","coordinates":[[10.10641,45.45659],[10.10627,45.45646],[10.10626,45.45641],[10.10632,45.4563]]},"properties":{}},{"type":"Feature","geometry":{"type":"LineString","coordinates":[[10.10632,45.4563],[10.10652,45.45623]]},"properties":{}},{"type":"Feature","geometry":{"type":"LineString","coordinates":[[10.10681,45.45638],[10.1068,45.45649],[10.1067,45.45658],[10.10656,45.45661],[10.10641,45.45659]]},"properties":{}},{"type":"Feature","geometry":{"type":"LineString","coordinates":[[10.10731,45.45829],[10.10738,45.45822],[10.10739,45.45807],[10.10731,45.45787],[10.1066,45.45682],[10.10641,45.45659]]},"properties":{}},{"type":"Feature","geometry":{"type":"LineString","coordinates":[[10.10652,45.45623],[10.1066,45.45623]]},"properties":{}},{"type":"Feature","geometry":{"type":"LineString","coordinates":[[10.1066,45.45623],[10.10673,45.45628],[10.10681,45.45638]]},"properties":{}},{"type":"Feature","geometry":{"type":"LineString","coordinates":[[10.1066,45.45623],[10.10714,45.45618]]},"properties":{}},{"type":"Feature","geometry":{"type":"LineString","coordinates":[[10.10714,45.45618],[10.10697,45.45625],[10.10681,45.45638]]},"properties":{}},{"type":"Feature","geometry":{"type":"LineString","coordinates":[[10.10696,45.45847],[10.10731,45.45829]]},"properties":{}},{"type":"Feature","geometry":{"type":"LineString","coordinates":[[10.10734,45.45847],[10.10696,45.45847]]},"properties":{}},{"type":"Feature","geometry":{"type":"LineString","coordinates":[[10.10918,45.45587],[10.10714,45.45618]]},"properties":{}},{"type":"Feature","geometry":{"type":"LineString","coordinates":[[10.10734,45.45847],[10.10729,45.45835],[10.10731,45.45829]]},"properties":{}},{"type":"Feature","geometry":{"type":"LineString","coordinates":[[10.10764,45.45855],[10.10748,45.45854],[10.10734,45.45847]]},"properties":{}},{"type":"Feature","geometry":{"type":"LineString","coordinates":[[10.10764,45.45855],[10.10781,45.45865],[10.108,45.45885],[10.11131,45.46371],[10.11146,45.46388],[10.11205,45.46433]]},"properties":{}},{"type":"Feature","geometry":{"type":"LineString","coordinates":[[10.11009,45.45798],[10.10926,45.4582],[10.10783,45.45843],[10.10773,45.45852],[10.10764,45.45855]]},"properties":{}},{"type":"Feature","geometry":{"type":"LineString","coordinates":[[10.10777,45.21937],[10.10791,45.21954],[10.10758,45.21969],[10.10747,45.21956],[10.10748,45.21952],[10.10777,45.21937]]},"properties":{}},{"type":"Feature","geometry":{"type":"LineString","coordinates":[[10.10871,45.31646],[10.1091,45.31635],[10.10927,45.31627],[10.10936,45.31618]]},"properties":{}},{"type":"Feature","geometry":{"type":"LineString","coordinates":[[10.10952,45.31642],[10.10928,45.31641],[10.10871,45.31646]]},"properties":{}},{"type":"Feature","geometry":{"type":"LineString","coordinates":[[10.10996,45.45764],[10.10918,45.45587]]},"properties":{}},{"type":"Feature","geometry":{"type":"LineString","coordinates":[[10.11696,45.45476],[10.11596,45.45505],[10.11535,45.45496],[10.11508,45.4548],[10.11482,45.45469],[10.11426,45.45461],[10.11411,45.45466],[10.11409,45.45506],[10.11399,45.45512],[10.11303,45.45514],[10.11159,45.4555],[10.10918,45.45587]]},"properties":{}},{"type":"Feature","geometry":{"type":"LineString","coordinates":[[10.10952,45.31642],[10.10939,45.31635],[10.10935,45.31624],[10.10936,45.31618]]},"properties":{}},{"type":"Feature","geometry":{"type":"LineString","coordinates":[[10.10936,45.31618],[10.10944,45.31609],[10.10957,45.31605],[10.10979,45.31609]]},"properties":{}},{"type":"Feature","geometry":{"type":"LineString","coordinates":[[10.10989,45.31629],[10.10982,45.31637],[10.10972,45.31642],[10.10952,45.31642]]},"properties":{}},{"type":"Feature","geometry":{"type":"LineString","coordinates":[[10.10979,45.31609],[10.10993,45.3161],[10.11046,45.31602]]},"properties":{}},{"type":"Feature","geometry":{"type":"LineString","coordinates":[[10.10979,45.31609],[10.10988,45.31618],[10.10989,45.31629]]},"properties":{}},{"type":"Feature","geometry":{"type":"LineString","coordinates":[[10.11046,45.31602],[10.10999,45.31619],[10.10989,45.31629]]},"properties":{}},{"type":"Feature","geometry":{"type":"LineString","coordinates":[[10.10996,45.45764],[10.11008,45.45779],[10.1102,45.45783]]},"properties":{}},{"type":"Feature","geometry":{"type":"LineString","coordinates":[[10.11008,45.45792],[10.10996,45.45764]]},"properties":{}},{"type":"Feature","geometry":{"type":"LineString","coordinates":[[10.11009,45.45798],[10.11008,45.45792]]},"properties":{}},{"type":"Feature","geometry":{"type":"LineString","coordinates":[[10.11008,45.45792],[10.11012,45.45786],[10.1102,45.45783]]},"properties":{}},{"type":"Feature","geometry":{"type":"LineString","coordinates":[[10.11033,45.45802],[10.1102,45.45804],[10.11009,45.45798]]},"properties":{}},{"type":"Feature","geometry":{"type":"LineString","coordinates":[[10.1102,45.45783],[10.11036,45.45787],[10.11038,45.45797],[10.11033,45.45802]]},"properties":{}},{"type":"Feature","geometry":{"type":"LineString","coordinates":[[10.11033,45.45802],[10.1122,45.46083]]},"properties":{}},{"type":"Feature","geometry":{"type":"LineString","coordinates":[[10.11046,45.31602],[10.11556,45.31471]]},"properties":{}},{"type":"Feature","geometry":{"type":"LineString","coordinates":[[10.11064,45.13361],[10.11107,45.13351]]},"properties":{}},{"type":"Feature","geometry":{"type":"LineString","coordinates":[[10.11107,45.13363],[10.11064,45.13361]]},"properties":{}},{"type":"Feature","geometry":{"type":"LineString","coordinates":[[10.11127,45.13364],[10.11115,45.13367],[10.11107,45.13363]]},"properties":{}},{"type":"Feature","geometry":{"type":"LineString","coordinates":[[10.11107,45.13363],[10.11104,45.13357],[10.11107,45.13351]]},"properties":{}},{"type":"Feature","geometry":{"type":"LineString","coordinates":[[10.11107,45.13351],[10.11118,45.13347],[10.11127,45.1335]]},"properties":{}},{"type":"Feature","geometry":{"type":"LineString","coordinates":[[10.11127,45.1335],[10.11132,45.13355],[10.11127,45.13364]]},"properties":{}},{"type":"Feature","geometry":{"type":"LineString","coordinates":[[10.11174,45.1336],[10.11127,45.13364]]},"properties":{}},{"type":"Feature","geometry":{"type":"LineString","coordinates":[[10.11127,45.1335],[10.11174,45.1336]]},"properties":{}},{"type":"Feature","geometry":{"type":"LineString","coordinates":[[10.19078,45.12681],[10.18792,45.12719],[10.18671,45.12744],[10.18685,45.12782],[10.18734,45.12868],[10.18743,45.12892],[10.18808,45.13092],[10.18646,45.1312],[10.18575,45.13128],[10.17104,45.13384],[10.16841,45.13438],[10.16661,45.13472],[10.16313,45.13524],[10.15418,45.13678],[10.15359,45.13682],[10.15128,45.13681],[10.14646,45.13695],[10.14583,45.13689],[10.1446,45.13663],[10.14295,45.13612],[10.13923,45.13503],[10.13417,45.1337],[10.13297,45.13346],[10.13106,45.13316],[10.12707,45.13344],[10.12021,45.13362],[10.11699,45.13364],[10.11522,45.13376],[10.11174,45.1336]]},"properties":{}},{"type":"Feature","geometry":{"type":"LineString","coordinates":[[10.11275,45.46429],[10.11265,45.46442],[10.11247,45.46449],[10.11226,45.46448],[10.1121,45.46439],[10.11205,45.46433]]},"properties":{}},{"type":"Feature","geometry":{"type":"LineString","coordinates":[[10.11205,45.46433],[10.11203,45.46418],[10.11207,45.46412],[10.11222,45.46401],[10.11231,45.46399]]},"properties":{}},{"type":"Feature","geometry":{"type":"LineString","coordinates":[[10.11231,45.46101],[10.11222,45.46102],[10.11211,45.46096],[10.11212,45.46086],[10.1122,45.46083]]},"properties":{}},{"type":"Feature","geometry":{"type":"LineString","coordinates":[[10.1122,45.46083],[10.11233,45.46084],[10.11238,45.4609],[10.11237,45.46096],[10.11231,45.46101]]},"properties":{}},{"type":"Feature","geometry":{"type":"LineString","coordinates":[[10.11231,45.46101],[10.11351,45.46282],[10.11283,45.46304],[10.11271,45.46317],[10.11253,45.46359]]},"properties":{}},{"type":"Feature","geometry":{"type":"LineString","coordinates":[[10.11231,45.46399],[10.11253,45.46359]]},"properties":{}},{"type":"Feature","geometry":{"type":"LineString","coordinates":[[10.11231,45.46399],[10.11242,45.46398],[10.11261,45.46403]]},"properties":{}},{"type":"Feature","geometry":{"type":"LineString","coordinates":[[10.11253,45.46359],[10.11248,45.46385],[10.11261,45.46403]]},"properties":{}},{"type":"Feature","geometry":{"type":"LineString","coordinates":[[10.11261,45.46403],[10.11269,45.46408]]},"properties":{}},{"type":"Feature","geometry":{"type":"LineString","coordinates":[[10.11269,45.46408],[10.11286,45.46416],[10.11325,45.46422]]},"properties":{}},{"type":"Feature","geometry":{"type":"LineString","coordinates":[[10.11269,45.46408],[10.11276,45.46422],[10.11275,45.46429]]},"properties":{}},{"type":"Feature","geometry":{"type":"LineString","coordinates":[[10.11325,45.46422],[10.1129,45.46431],[10.11275,45.46429]]},"properties":{}},{"type":"Feature","geometry":{"type":"LineString","coordinates":[[10.11325,45.46422],[10.11583,45.46414],[10.11664,45.46417],[10.11701,45.46422],[10.11737,45.46431],[10.11772,45.46444],[10.11802,45.4646],[10.11831,45.46478],[10.11865,45.4651],[10.11882,45.4653],[10.11904,45.46578],[10.11908,45.46597],[10.11909,45.4663],[10.1187,45.4699]]},"properties":{}},{"type":"Feature","geometry":{"type":"LineString","coordinates":[[10.11556,45.31471],[10.11676,45.31433],[10.11697,45.31424],[10.11709,45.31415]]},"properties":{}},{"type":"Feature","geometry":{"type":"LineString","coordinates":[[10.11721,45.3145],[10.117,45.31443],[10.11679,45.31442],[10.11556,45.31471]]},"properties":{}},{"type":"Feature","geometry":{"type":"LineString","coordinates":[[10.11654,45.45289],[10.11667,45.45303]]},"properties":{}},{"type":"Feature","geometry":{"type":"LineString","coordinates":[[10.11655,45.45308],[10.11654,45.45289]]},"properties":{}},{"type":"Feature","geometry":{"type":"LineString","coordinates":[[10.11702,45.45466],[10.11652,45.45328],[10.11657,45.45312],[10.11655,45.45308]]},"properties":{}},{"type":"Feature","geometry":{"type":"LineString","coordinates":[[10.11655,45.45308],[10.11661,45.45303],[10.11667,45.45303]]},"properties":{}},{"type":"Feature","geometry":{"type":"LineString","coordinates":[[10.11662,45.3124],[10.11744,45.31353],[10.11761,45.31367],[10.11785,45.31378]]},"properties":{}},{"type":"Feature","geometry":{"type":"LineString","coordinates":[[10.11737,45.31385],[10.1173,45.31356],[10.11662,45.3124]]},"properties":{}},{"type":"Feature","geometry":{"type":"LineString","coordinates":[[10.11667,45.45303],[10.11687,45.45303],[10.11776,45.45281],[10.11791,45.45285],[10.11854,45.45467],[10.11859,45.45478],[10.11873,45.45481],[10.11878,45.45486],[10.1189,45.45526],[10.11888,45.45531]]},"properties":{}},{"type":"Feature","geometry":{"type":"LineString","coordinates":[[10.1171,45.45476],[10.11696,45.45476]]},"properties":{}},{"type":"Feature","geometry":{"type":"LineString","coordinates":[[10.11696,45.45476],[10.11702,45.45466]]},"properties":{}},{"type":"Feature","geometry":{"type":"LineString","coordinates":[[10.1171,45.45476],[10.11702,45.45466]]},"properties":{}},{"type":"Feature","geometry":{"type":"LineString","coordinates":[[10.11721,45.3145],[10.11713,45.31439],[10.11709,45.31428],[10.11709,45.31415]]},"properties":{}},{"type":"Feature","geometry":{"type":"LineString","coordinates":[[10.11709,45.31415],[10.11714,45.31404],[10.11724,45.31393],[10.11737,45.31385]]},"properties":{}},{"type":"Feature","geometry":{"type":"LineString","coordinates":[[10.11888,45.45531],[10.11871,45.45524],[10.11755,45.45533],[10.11718,45.4548],[10.1171,45.45476]]},"properties":{}},{"type":"Feature","geometry":{"type":"LineString","coordinates":[[10.11724,45.31452],[10.11721,45.3145]]},"properties":{}},{"type":"Feature","geometry":{"type":"LineString","coordinates":[[10.11764,45.31467],[10.11742,45.31462],[10.11724,45.31452]]},"properties":{}},{"type":"Feature","geometry":{"type":"LineString","coordinates":[[10.11731,45.3152],[10.11722,45.3151],[10.11719,45.31498],[10.11726,45.31467],[10.11724,45.31452]]},"properties":{}},{"type":"Feature","geometry":{"type":"LineString","coordinates":[[10.11756,45.31538],[10.11737,45.31535],[10.1173,45.31527],[10.11731,45.3152]]},"properties":{}},{"type":"Feature","geometry":{"type":"LineString","coordinates":[[10.11731,45.3152],[10.11738,45.31513],[10.1175,45.3151]]},"properties":{}},{"type":"Feature","geometry":{"type":"LineString","coordinates":[[10.11737,45.31385],[10.11768,45.31377],[10.11785,45.31378]]},"properties":{}},{"type":"Feature","geometry":{"type":"LineString","coordinates":[[10.1175,45.3151],[10.11766,45.31514],[10.11771,45.31525]]},"properties":{}},{"type":"Feature","geometry":{"type":"LineString","coordinates":[[10.11764,45.31467],[10.11738,45.31477],[10.1173,45.31487],[10.11731,45.31497],[10.11734,45.31501],[10.1175,45.3151]]},"properties":{}},{"type":"Feature","geometry":{"type":"LineString","coordinates":[[10.11771,45.31525],[10.11767,45.31533],[10.11756,45.31538]]},"properties":{}},{"type":"Feature","geometry":{"type":"LineString","coordinates":[[10.11796,45.31545],[10.1177,45.31538],[10.11756,45.31538]]},"properties":{}},{"type":"Feature","geometry":{"type":"LineString","coordinates":[[10.11832,45.31404],[10.11837,45.31427],[10.1183,45.31443],[10.11823,45.31451],[10.11796,45.31465],[10.11764,45.31467]]},"properties":{}},{"type":"Feature","geometry":{"type":"LineString","coordinates":[[10.11771,45.31525],[10.11796,45.31545]]},"properties":{}},{"type":"Feature","geometry":{"type":"LineString","coordinates":[[10.11785,45.31378],[10.11795,45.3138]]},"properties":{}},{"type":"Feature","geometry":{"type":"LineString","coordinates":[[10.11795,45.3138],[10.11823,45.31394],[10.11832,45.31404]]},"properties":{}},{"type":"Feature","geometry":{"type":"LineString","coordinates":[[10.11795,45.3138],[10.1183,45.31368],[10.1184,45.31359],[10.11846,45.31347]]},"properties":{}},{"type":"Feature","geometry":{"type":"LineString","coordinates":[[10.12345,45.32411],[10.12239,45.32233],[10.12166,45.32099],[10.1201,45.31843],[10.11978,45.31786],[10.11959,45.31761],[10.11882,45.31674],[10.11814,45.31557],[10.11796,45.31545]]},"properties":{}},{"type":"Feature","geometry":{"type":"LineString","coordinates":[[10.11846,45.31347],[10.11846,45.31357],[10.11834,45.31381],[10.11832,45.31404]]},"properties":{}},{"type":"Feature","geometry":{"type":"LineString","coordinates":[[10.13574,45.30855],[10.1356,45.30851],[10.13511,45.30847],[10.13262,45.30857],[10.12935,45.30887],[10.1276,45.3091],[10.12711,45.3092],[10.12531,45.31009],[10.12499,45.31022],[10.12447,45.31037],[10.12098,45.31104],[10.11766,45.31172],[10.11733,45.31185],[10.11713,45.31201],[10.11699,45.31219],[10.11697,45.3124],[10.11704,45.31258],[10.11721,45.31274],[10.11745,45.31289],[10.1183,45.31317],[10.11841,45.31328],[10.11847,45.31342],[10.11846,45.31347]]},"properties":{}},{"type":"Feature","geometry":{"type":"LineString","coordinates":[[10.1187,45.4699],[10.11875,45.47014],[10.11884,45.47029],[10.11902,45.47051],[10.11931,45.47063]]},"properties":{}},{"type":"Feature","geometry":{"type":"LineString","coordinates":[[10.11931,45.47063],[10.119,45.47069],[10.11891,45.47078],[10.11867,45.47085],[10.11843,45.47081],[10.11832,45.47073],[10.11827,45.47064],[10.11826,45.47052],[10.11832,45.47043],[10.11845,45.47034],[10.11857,45.47019],[10.1187,45.4699]]},"properties":{}},{"type":"Feature","geometry":{"type":"LineString","coordinates":[[10.12458,45.45507],[10.12204,45.45563],[10.12152,45.4557],[10.12013,45.45538],[10.11911,45.45545],[10.119,45.45541],[10.11888,45.45531]]},"properties":{}},{"type":"Feature","geometry":{"type":"LineString","coordinates":[[10.11931,45.47063],[10.12029,45.47072],[10.12211,45.4708],[10.12248,45.47087]]},"properties":{}},{"type":"Feature","geometry":{"type":"LineString","coordinates":[[10.12077,45.3541],[10.12048,45.35398]]},"properties":{}},{"type":"Feature","geometry":{"type":"LineString","coordinates":[[10.12048,45.35398],[10.12078,45.35391]]},"properties":{}},{"type":"Feature","geometry":{"type":"LineString","coordinates":[[10.12114,45.35409],[10.12106,45.35415],[10.12094,45.35417],[10.12077,45.3541]]},"properties":{}},{"type":"Feature","geometry":{"type":"LineString","coordinates":[[10.12077,45.3541],[10.12073,45.354],[10.12078,45.35391]]},"properties":{}},{"type":"Feature","geometry":{"type":"LineString","coordinates":[[10.12078,45.35391],[10.12097,45.35385],[10.12114,45.35393]]},"properties":{}},{"type":"Feature","geometry":{"type":"LineString","coordinates":[[10.12114,45.35393],[10.12118,45.35402],[10.12114,45.35409]]},"properties":{}},{"type":"Feature","geometry":{"type":"LineString","coordinates":[[10.12157,45.35405],[10.12131,45.35405],[10.12114,45.35409]]},"properties":{}},{"type":"Feature","geometry":{"type":"LineString","coordinates":[[10.12114,45.35393],[10.12157,45.35405]]},"properties":{}},{"type":"Feature","geometry":{"type":"LineString","coordinates":[[10.1272,45.35469],[10.12686,45.35453],[10.12618,45.35433],[10.12157,45.35405]]},"properties":{}},{"type":"Feature","geometry":{"type":"LineString","coordinates":[[10.12248,45.47087],[10.12274,45.47093]]},"properties":{}},{"type":"Feature","geometry":{"type":"LineString","coordinates":[[10.12268,45.47104],[10.12248,45.47087]]},"properties":{}},{"type":"Feature","geometry":{"type":"LineString","coordinates":[[10.12298,45.47115],[10.12281,45.47116],[10.12272,45.47111],[10.12268,45.47104]]},"properties":{}},{"type":"Feature","geometry":{"type":"LineString","coordinates":[[10.12268,45.47104],[10.12274,45.47093]]},"properties":{}},{"type":"Feature","geometry":{"type":"LineString","coordinates":[[10.12269,45.47074],[10.12295,45.4709]]},"properties":{}},{"type":"Feature","geometry":{"type":"LineString","coordinates":[[10.12279,45.47091],[10.12269,45.47074]]},"properties":{}},{"type":"Feature","geometry":{"type":"LineString","coordinates":[[10.12762,45.45604],[10.12694,45.45701],[10.12667,45.45735],[10.1266,45.45751],[10.12659,45.45763],[10.12662,45.45783],[10.12677,45.45822],[10.12723,45.45916],[10.12795,45.45986],[10.12803,45.46003],[10.12805,45.46017],[10.12805,45.46045],[10.12798,45.46063],[10.12775,45.46097],[10.12759,45.46114],[10.1272,45.46144],[10.12681,45.46165],[10.12599,45.4619],[10.12562,45.46205],[10.12542,45.46221],[10.12524,45.46245],[10.12519,45.46259],[10.12521,45.46454],[10.12518,45.46477],[10.12486,45.46588],[10.12467,45.46638],[10.12435,45.4669],[10.12285,45.46879],[10.12232,45.46959],[10.1223,45.46984],[10.12232,45.47026],[10.12242,45.47047],[10.12269,45.47074]]},"properties":{}},{"type":"Feature","geometry":{"type":"LineString","coordinates":[[10.12274,45.47093],[10.12279,45.47091]]},"properties":{}},{"type":"Feature","geometry":{"type":"LineString","coordinates":[[10.12279,45.47091],[10.12295,45.4709]]},"properties":{}},{"type":"Feature","geometry":{"type":"LineString","coordinates":[[10.12295,45.4709],[10.12304,45.47095]]},"properties":{}},{"type":"Feature","geometry":{"type":"LineString","coordinates":[[10.12304,45.47095],[10.12308,45.47106],[10.12298,45.47115]]},"properties":{}},{"type":"Feature","geometry":{"type":"LineString","coordinates":[[10.12344,45.47116],[10.12313,45.47113],[10.12298,45.47115]]},"properties":{}},{"type":"Feature","geometry":{"type":"LineString","coordinates":[[10.12304,45.47095],[10.12344,45.47116]]},"properties":{}},{"type":"Feature","geometry":{"type":"LineString","coordinates":[[10.12344,45.47116],[10.12533,45.47212],[10.12598,45.47238],[10.12814,45.47341],[10.13738,45.47792]]},"properties":{}},{"type":"Feature","geometry":{"type":"LineString","coordinates":[[10.12345,45.32411],[10.12362,45.32425],[10.12375,45.32431]]},"properties":{}},{"type":"Feature","geometry":{"type":"LineString","coordinates":[[10.12363,45.32437],[10.12345,45.32411]]},"properties":{}},{"type":"Feature","geometry":{"type":"LineString","coordinates":[[10.12372,45.32451],[10.12364,45.32447],[10.12363,45.32437]]},"properties":{}},{"type":"Feature","geometry":{"type":"LineString","coordinates":[[10.12363,45.32437],[10.12375,45.32431]]},"properties":{}},{"type":"Feature","geometry":{"type":"LineString","coordinates":[[10.12386,45.32449],[10.12372,45.32451]]},"properties":{}},{"type":"Feature","geometry":{"type":"LineString","coordinates":[[10.12382,45.32471],[10.12372,45.32451]]},"properties":{}},{"type":"Feature","geometry":{"type":"LineString","coordinates":[[10.12375,45.32431],[10.12389,45.32436],[10.12391,45.32442],[10.12386,45.32449]]},"properties":{}},{"type":"Feature","geometry":{"type":"LineString","coordinates":[[10.1349,45.34356],[10.13278,45.34006],[10.13226,45.33917],[10.13093,45.33673],[10.12679,45.32982],[10.12634,45.32899],[10.12569,45.32794],[10.12519,45.32698],[10.12488,45.32654],[10.12382,45.32471]]},"properties":{}},{"type":"Feature","geometry":{"type":"LineString","coordinates":[[10.12386,45.32449],[10.12382,45.32471]]},"properties":{}},{"type":"Feature","geometry":{"type":"LineString","coordinates":[[10.12458,45.45507],[10.12636,45.45559],[10.12762,45.45604]]},"properties":{}},{"type":"Feature","geometry":{"type":"LineString","coordinates":[[10.12458,45.45507],[10.12621,45.45469],[10.12663,45.45439],[10.12684,45.45434],[10.12825,45.45464],[10.12862,45.45473],[10.1287,45.45478],[10.12881,45.45496],[10.12854,45.45507],[10.12762,45.45604]]},"properties":{}},{"type":"Feature","geometry":{"type":"LineString","coordinates":[[10.14519,45.35956],[10.14209,45.36055],[10.14179,45.36061],[10.14148,45.36063],[10.14086,45.36047],[10.13675,45.35862],[10.13647,45.35855],[10.13607,45.35852],[10.13578,45.35858],[10.13557,45.35868],[10.135,45.3591],[10.13447,45.35945],[10.13421,45.35958],[10.13374,45.35965],[10.13321,45.3596],[10.13291,45.35949],[10.13279,45.35941],[10.1282,45.35547],[10.12743,45.35484],[10.1272,45.35469]]},"properties":{}},{"type":"Feature","geometry":{"type":"LineString","coordinates":[[10.1272,45.35469],[10.1275,45.35448],[10.12797,45.35442],[10.12846,45.35454],[10.12868,45.35456],[10.12992,45.35459],[10.13025,45.35457],[10.13097,45.35437],[10.13139,45.35432],[10.13158,45.35432],[10.13268,45.35448],[10.13271,45.35443],[10.13269,45.35314],[10.13686,45.35308],[10.137,45.3533],[10.13781,45.35307],[10.13923,45.35275],[10.14017,45.35245]]},"properties":{}},{"type":"Feature","geometry":{"type":"LineString","coordinates":[[10.1349,45.34356],[10.13504,45.34376],[10.13513,45.34383]]},"properties":{}},{"type":"Feature","geometry":{"type":"LineString","coordinates":[[10.13494,45.34388],[10.1349,45.34356]]},"properties":{}},{"type":"Feature","geometry":{"type":"LineString","coordinates":[[10.13512,45.34406],[10.13501,45.34405],[10.13493,45.344],[10.13491,45.34393],[10.13494,45.34388]]},"properties":{}},{"type":"Feature","geometry":{"type":"LineString","coordinates":[[10.13494,45.34388],[10.13502,45.34383],[10.13513,45.34383]]},"properties":{}},{"type":"Feature","geometry":{"type":"LineString","coordinates":[[10.13531,45.34423],[10.13512,45.34406]]},"properties":{}},{"type":"Feature","geometry":{"type":"LineString","coordinates":[[10.13521,45.34402],[10.13512,45.34406]]},"properties":{}},{"type":"Feature","geometry":{"type":"LineString","coordinates":[[10.13513,45.34383],[10.13524,45.34391],[10.13521,45.34402]]},"properties":{}},{"type":"Feature","geometry":{"type":"LineString","coordinates":[[10.13521,45.34402],[10.13531,45.34423]]},"properties":{}},{"type":"Feature","geometry":{"type":"LineString","coordinates":[[10.13531,45.34423],[10.13625,45.34579],[10.13689,45.34691]]},"properties":{}},{"type":"Feature","geometry":{"type":"LineString","coordinates":[[10.13598,45.30868],[10.13574,45.30855]]},"properties":{}},{"type":"Feature","geometry":{"type":"LineString","coordinates":[[10.13574,45.30855],[10.13607,45.30853]]},"properties":{}},{"type":"Feature","geometry":{"type":"LineString","coordinates":[[10.13622,45.30886],[10.13602,45.30878],[10.13598,45.30868]]},"properties":{}},{"type":"Feature","geometry":{"type":"LineString","coordinates":[[10.13598,45.30868],[10.136,45.3086],[10.13607,45.30853]]},"properties":{}},{"type":"Feature","geometry":{"type":"LineString","coordinates":[[10.13607,45.30853],[10.13623,45.30849],[10.13645,45.30855],[10.13651,45.30865],[10.13651,45.30871],[10.13642,45.30882]]},"properties":{}},{"type":"Feature","geometry":{"type":"LineString","coordinates":[[10.13643,45.30906],[10.13622,45.30886]]},"properties":{}},{"type":"Feature","geometry":{"type":"LineString","coordinates":[[10.13642,45.30882],[10.13622,45.30886]]},"properties":{}},{"type":"Feature","geometry":{"type":"LineString","coordinates":[[10.13642,45.30882],[10.13643,45.30906]]},"properties":{}},{"type":"Feature","geometry":{"type":"LineString","coordinates":[[10.13892,45.3131],[10.13766,45.31161],[10.13643,45.30906]]},"properties":{}},{"type":"Feature","geometry":{"type":"LineString","coordinates":[[10.13689,45.34691],[10.1377,45.3483]]},"properties":{}},{"type":"Feature","geometry":{"type":"LineString","coordinates":[[10.1377,45.3483],[10.13738,45.34818],[10.13684,45.34726],[10.13689,45.34708],[10.13689,45.34691]]},"properties":{}},{"type":"Feature","geometry":{"type":"LineString","coordinates":[[10.13738,45.47792],[10.13766,45.47803],[10.13798,45.4781]]},"properties":{}},{"type":"Feature","geometry":{"type":"LineString","coordinates":[[10.13779,45.47827],[10.13738,45.47792]]},"properties":{}},{"type":"Feature","geometry":{"type":"LineString","coordinates":[[10.1377,45.3483],[10.14017,45.35245]]},"properties":{}},{"type":"Feature","geometry":{"type":"LineString","coordinates":[[10.13816,45.47849],[10.13793,45.47846],[10.13782,45.47838],[10.13779,45.47827]]},"properties":{}},{"type":"Feature","geometry":{"type":"LineString","coordinates":[[10.13779,45.47827],[10.13785,45.47816],[10.13798,45.4781]]},"properties":{}},{"type":"Feature","geometry":{"type":"LineString","coordinates":[[10.13798,45.4781],[10.13821,45.4781],[10.13833,45.47817],[10.13838,45.47827],[10.13835,45.47839]]},"properties":{}},{"type":"Feature","geometry":{"type":"LineString","coordinates":[[10.13835,45.47839],[10.13816,45.47849]]},"properties":{}},{"type":"Feature","geometry":{"type":"LineString","coordinates":[[10.13877,45.4786],[10.13827,45.47849],[10.13816,45.47849]]},"properties":{}},{"type":"Feature","geometry":{"type":"LineString","coordinates":[[10.13835,45.47839],[10.13877,45.4786]]},"properties":{}},{"type":"Feature","geometry":{"type":"LineString","coordinates":[[10.13877,45.4786],[10.13943,45.47885],[10.1413,45.47991],[10.14377,45.48173],[10.14908,45.48579]]},"properties":{}},{"type":"Feature","geometry":{"type":"LineString","coordinates":[[10.13892,45.3131],[10.13906,45.31319],[10.13926,45.31324]]},"properties":{}},{"type":"Feature","geometry":{"type":"LineString","coordinates":[[10.13899,45.31337],[10.13892,45.3131]]},"properties":{}},{"type":"Feature","geometry":{"type":"LineString","coordinates":[[10.13927,45.31366],[10.13917,45.31365],[10.13902,45.31357],[10.13898,45.31351],[10.13899,45.31337]]},"properties":{}},{"type":"Feature","geometry":{"type":"LineString","coordinates":[[10.13899,45.31337],[10.1391,45.31328],[10.13926,45.31324]]},"properties":{}},{"type":"Feature","geometry":{"type":"LineString","coordinates":[[10.13926,45.31324],[10.13938,45.31326],[10.13952,45.31335],[10.13956,45.31348],[10.13952,45.31355]]},"properties":{}},{"type":"Feature","geometry":{"type":"LineString","coordinates":[[10.13975,45.31391],[10.13927,45.31366]]},"properties":{}},{"type":"Feature","geometry":{"type":"LineString","coordinates":[[10.13952,45.31355],[10.13942,45.31363],[10.13927,45.31366]]},"properties":{}},{"type":"Feature","geometry":{"type":"LineString","coordinates":[[10.13952,45.31355],[10.13959,45.31373],[10.13975,45.31391]]},"properties":{}},{"type":"Feature","geometry":{"type":"LineString","coordinates":[[10.14392,45.31395],[10.14223,45.3143],[10.14178,45.31438],[10.14137,45.3144],[10.14096,45.31437],[10.14052,45.31427],[10.14013,45.31412],[10.13975,45.31391]]},"properties":{}},{"type":"Feature","geometry":{"type":"LineString","coordinates":[[10.14017,45.35245],[10.1405,45.35291],[10.14137,45.35444],[10.14187,45.35516]]},"properties":{}},{"type":"Feature","geometry":{"type":"LineString","coordinates":[[10.14017,45.35245],[10.1404,45.35233],[10.14116,45.35204],[10.14208,45.35157],[10.14273,45.35142],[10.14375,45.35093],[10.14471,45.35042],[10.1454,45.35],[10.14552,45.34998]]},"properties":{}},{"type":"Feature","geometry":{"type":"LineString","coordinates":[[10.14187,45.35516],[10.14244,45.35602],[10.1428,45.35632],[10.14291,45.35647],[10.14313,45.35688],[10.14348,45.35776],[10.14414,45.3585],[10.14519,45.35956]]},"properties":{}},{"type":"Feature","geometry":{"type":"LineString","coordinates":[[10.14187,45.35516],[10.14282,45.35484],[10.14374,45.35445],[10.1439,45.35441],[10.14402,45.35447],[10.14478,45.35432],[10.14511,45.3542],[10.14569,45.35388],[10.14749,45.35331]]},"properties":{}},{"type":"Feature","geometry":{"type":"LineString","coordinates":[[10.14351,45.20286],[10.14331,45.20299],[10.14304,45.20288]]},"properties":{}},{"type":"Feature","geometry":{"type":"LineString","coordinates":[[10.14304,45.20288],[10.14351,45.20286]]},"properties":{}},{"type":"Feature","geometry":{"type":"LineString","coordinates":[[10.15464,45.2104],[10.15067,45.20784],[10.15124,45.20634],[10.15137,45.20566],[10.15139,45.20501],[10.15137,45.20468],[10.15093,45.20242],[10.15083,45.20172],[10.14946,45.20167],[10.1489,45.2017],[10.14482,45.20254],[10.14351,45.20286]]},"properties":{}},{"type":"Feature","geometry":{"type":"LineString","coordinates":[[10.14353,45.49711],[10.14353,45.49724],[10.14415,45.49806],[10.1446,45.49891],[10.14516,45.49967],[10.14531,45.5]]},"properties":{}},{"type":"Feature","geometry":{"type":"LineString","coordinates":[[10.14601,45.49517],[10.14587,45.49502],[10.14457,45.49442],[10.14437,45.49435],[10.14405,45.49432],[10.1437,45.49437],[10.14342,45.49447],[10.14195,45.49533],[10.14208,45.49553],[10.14292,45.49644],[10.1434,45.49708],[10.14353,45.49711]]},"properties":{}},{"type":"Feature","geometry":{"type":"LineString","coordinates":[[10.14353,45.49711],[10.14437,45.49681],[10.14454,45.4969],[10.14596,45.49892]]},"properties":{}},{"type":"Feature","geometry":{"type":"LineString","coordinates":[[10.1681,45.36266],[10.14392,45.31395]]},"properties":{}},{"type":"Feature","geometry":{"type":"LineString","coordinates":[[10.14416,45.3139],[10.14392,45.31395]]},"properties":{}},{"type":"Feature","geometry":{"type":"LineString","coordinates":[[10.14416,45.3139],[10.16508,45.35603],[10.16836,45.36269]]},"properties":{}},{"type":"Feature","geometry":{"type":"LineString","coordinates":[[10.14829,45.31324],[10.14534,45.31366],[10.14416,45.3139]]},"properties":{}},{"type":"Feature","geometry":{"type":"LineString","coordinates":[[10.14519,45.35956],[10.14559,45.35996],[10.14578,45.3602],[10.14588,45.36048]]},"properties":{}},{"type":"Feature","geometry":{"type":"LineString","coordinates":[[10.14759,45.35324],[10.14775,45.35324],[10.14865,45.35296],[10.14996,45.35221],[10.15064,45.3519],[10.15081,45.3522],[10.15187,45.35372],[10.15195,45.35392],[10.15196,45.3543],[10.15184,45.35459],[10.15167,45.3548],[10.14975,45.35626],[10.14889,45.35716],[10.14836,45.35779],[10.14766,45.35844],[10.14742,45.35859],[10.14599,45.35926],[10.14519,45.35956]]},"properties":{}},{"type":"Feature","geometry":{"type":"LineString","coordinates":[[10.14555,45.34999],[10.14552,45.34998]]},"properties":{}},{"type":"Feature","geometry":{"type":"LineString","coordinates":[[10.14552,45.34998],[10.14549,45.34991],[10.14558,45.3499],[10.14564,45.34992],[10.14562,45.34998],[10.14555,45.34999]]},"properties":{}},{"type":"Feature","geometry":{"type":"LineString","coordinates":[[10.14555,45.34999],[10.14572,45.35013],[10.1475,45.35323]]},"properties":{}},{"type":"Feature","geometry":{"type":"LineString","coordinates":[[10.14607,45.36058],[10.14608,45.3607],[10.146,45.36077],[10.14586,45.3608],[10.14573,45.36077]]},"properties":{}},{"type":"Feature","geometry":{"type":"LineString","coordinates":[[10.15242,45.37454],[10.15166,45.37354],[10.15097,45.3729],[10.14856,45.37103],[10.14785,45.37043],[10.14756,45.37012],[10.14732,45.36982],[10.14672,45.36817],[10.14655,45.36782],[10.14593,45.36705],[10.14488,45.36593],[10.14464,45.36556],[10.14442,45.36497],[10.14435,45.36463],[10.14436,45.36434],[10.14487,45.36278],[10.14566,45.36085],[10.14573,45.36077]]},"properties":{}},{"type":"Feature","geometry":{"type":"LineString","coordinates":[[10.14573,45.36077],[10.14566,45.36071],[10.14564,45.36059],[10.14572,45.36051],[10.14588,45.36048]]},"properties":{}},{"type":"Feature","geometry":{"type":"LineString","coordinates":[[10.14588,45.36048],[10.14602,45.36052],[10.14607,45.36058]]},"properties":{}},{"type":"Feature","geometry":{"type":"LineString","coordinates":[[10.14606,45.49909],[10.14597,45.49909],[10.1459,45.49905],[10.14589,45.49899],[10.14596,45.49892]]},"properties":{}},{"type":"Feature","geometry":{"type":"LineString","coordinates":[[10.14596,45.49892],[10.14604,45.49891],[10.14613,45.49895]]},"properties":{}},{"type":"Feature","geometry":{"type":"LineString","coordinates":[[10.14619,45.49535],[10.14602,45.49529],[10.14601,45.49517]]},"properties":{}},{"type":"Feature","geometry":{"type":"LineString","coordinates":[[10.14601,45.49517],[10.14611,45.4951],[10.14627,45.4951]]},"properties":{}},{"type":"Feature","geometry":{"type":"LineString","coordinates":[[10.14606,45.49909],[10.14672,45.5]]},"properties":{}},{"type":"Feature","geometry":{"type":"LineString","coordinates":[[10.14613,45.49895],[10.14615,45.49903],[10.14606,45.49909]]},"properties":{}},{"type":"Feature","geometry":{"type":"LineString","coordinates":[[10.15073,45.36058],[10.14967,45.36066],[10.14689,45.36057],[10.14607,45.36058]]},"properties":{}},{"type":"Feature","geometry":{"type":"LineString","coordinates":[[10.14613,45.49895],[10.14649,45.49885],[10.14801,45.49857],[10.14713,45.49695],[10.14638,45.49549],[10.14619,45.49535]]},"properties":{}},{"type":"Feature","geometry":{"type":"LineString","coordinates":[[10.14637,45.49522],[10.14632,45.4953],[10.14619,45.49535]]},"properties":{}},{"type":"Feature","geometry":{"type":"LineString","coordinates":[[10.14627,45.4951],[10.14634,45.49515],[10.14637,45.49522]]},"properties":{}},{"type":"Feature","geometry":{"type":"LineString","coordinates":[[10.14627,45.4951],[10.14654,45.49505]]},"properties":{}},{"type":"Feature","geometry":{"type":"LineString","coordinates":[[10.14654,45.49505],[10.14637,45.49522]]},"properties":{}},{"type":"Feature","geometry":{"type":"LineString","coordinates":[[10.14982,45.49407],[10.14867,45.49427],[10.14821,45.49439],[10.14654,45.49505]]},"properties":{}},{"type":"Feature","geometry":{"type":"LineString","coordinates":[[10.14759,45.35324],[10.14759,45.3533],[10.14749,45.35331]]},"properties":{}},{"type":"Feature","geometry":{"type":"LineString","coordinates":[[10.14749,45.35331],[10.14747,45.35327],[10.1475,45.35323]]},"properties":{}},{"type":"Feature","geometry":{"type":"LineString","coordinates":[[10.1475,45.35323],[10.14759,45.35324]]},"properties":{}},{"type":"Feature","geometry":{"type":"LineString","coordinates":[[10.14829,45.31324],[10.14864,45.3131]]},"properties":{}},{"type":"Feature","geometry":{"type":"LineString","coordinates":[[10.14867,45.31323],[10.14829,45.31324]]},"properties":{}},{"type":"Feature","geometry":{"type":"LineString","coordinates":[[10.14867,45.31323],[10.14864,45.3131]]},"properties":{}},{"type":"Feature","geometry":{"type":"LineString","coordinates":[[10.14864,45.3131],[10.14874,45.31298]]},"properties":{}},{"type":"Feature","geometry":{"type":"LineString","coordinates":[[10.14898,45.31293],[10.14913,45.31297],[10.14922,45.31308],[10.14923,45.31315],[10.14918,45.31325],[10.14906,45.31332],[10.1489,45.31334],[10.14873,45.31329],[10.14867,45.31323]]},"properties":{}},{"type":"Feature","geometry":{"type":"LineString","coordinates":[[10.14874,45.31298],[10.14878,45.31279]]},"properties":{}},{"type":"Feature","geometry":{"type":"LineString","coordinates":[[10.14874,45.31298],[10.14898,45.31293]]},"properties":{}},{"type":"Feature","geometry":{"type":"LineString","coordinates":[[10.14878,45.31279],[10.14898,45.31293]]},"properties":{}},{"type":"Feature","geometry":{"type":"LineString","coordinates":[[10.15601,45.30739],[10.1531,45.30808],[10.15233,45.30814],[10.15144,45.3083],[10.15121,45.30792],[10.15109,45.30744],[10.15096,45.30735],[10.15078,45.30728],[10.15016,45.30724],[10.14972,45.30725],[10.14935,45.30737],[10.14855,45.30789],[10.1477,45.30855],[10.14738,45.30874],[10.14774,45.30914],[10.14793,45.30942],[10.14796,45.3102],[10.14841,45.31173],[10.14878,45.31279]]},"properties":{}},{"type":"Feature","geometry":{"type":"LineString","coordinates":[[10.14908,45.48579],[10.14932,45.48587]]},"properties":{}},{"type":"Feature","geometry":{"type":"LineString","coordinates":[[10.14917,45.48597],[10.14908,45.48579]]},"properties":{}},{"type":"Feature","geometry":{"type":"LineString","coordinates":[[10.14977,45.48643],[10.1496,45.4864],[10.14931,45.48623],[10.14917,45.48609],[10.14917,45.48597]]},"properties":{}},{"type":"Feature","geometry":{"type":"LineString","coordinates":[[10.14917,45.48597],[10.14932,45.48587]]},"properties":{}},{"type":"Feature","geometry":{"type":"LineString","coordinates":[[10.14932,45.48587],[10.14952,45.48589],[10.14967,45.48596],[10.14989,45.48612],[10.14997,45.48622],[10.14996,45.48628]]},"properties":{}},{"type":"Feature","geometry":{"type":"LineString","coordinates":[[10.14955,45.26694],[10.14953,45.26708],[10.14956,45.26727]]},"properties":{}},{"type":"Feature","geometry":{"type":"LineString","coordinates":[[10.14956,45.26727],[10.1494,45.26706],[10.14955,45.26694]]},"properties":{}},{"type":"Feature","geometry":{"type":"LineString","coordinates":[[10.15342,45.26531],[10.15071,45.2663],[10.15027,45.26651],[10.14955,45.26694]]},"properties":{}},{"type":"Feature","geometry":{"type":"LineString","coordinates":[[10.14956,45.26727],[10.14981,45.26798],[10.14985,45.26801],[10.15122,45.26784],[10.15193,45.26784],[10.15187,45.26835],[10.15159,45.26954],[10.15154,45.26959],[10.15112,45.26976],[10.1508,45.26984],[10.15069,45.2699],[10.15065,45.26999],[10.15078,45.27065],[10.15073,45.27126]]},"properties":{}},{"type":"Feature","geometry":{"type":"LineString","coordinates":[[10.15007,45.48653],[10.14977,45.48643]]},"properties":{}},{"type":"Feature","geometry":{"type":"LineString","coordinates":[[10.14996,45.48628],[10.14991,45.48637],[10.14977,45.48643]]},"properties":{}},{"type":"Feature","geometry":{"type":"LineString","coordinates":[[10.15022,45.49417],[10.15005,45.4941],[10.14982,45.49407]]},"properties":{}},{"type":"Feature","geometry":{"type":"LineString","coordinates":[[10.14982,45.49407],[10.15028,45.49402]]},"properties":{}},{"type":"Feature","geometry":{"type":"LineString","coordinates":[[10.14996,45.48628],[10.15007,45.48653]]},"properties":{}},{"type":"Feature","geometry":{"type":"LineString","coordinates":[[10.15007,45.48653],[10.1541,45.48962]]},"properties":{}},{"type":"Feature","geometry":{"type":"LineString","coordinates":[[10.15061,45.49411],[10.15057,45.4942],[10.15043,45.49426],[10.15032,45.49425],[10.15022,45.49417]]},"properties":{}},{"type":"Feature","geometry":{"type":"LineString","coordinates":[[10.15022,45.49417],[10.15022,45.49409],[10.15028,45.49402]]},"properties":{}},{"type":"Feature","geometry":{"type":"LineString","coordinates":[[10.15028,45.49402],[10.15045,45.49399]]},"properties":{}},{"type":"Feature","geometry":{"type":"LineString","coordinates":[[10.15045,45.49399],[10.15055,45.49403],[10.15061,45.49411]]},"properties":{}},{"type":"Feature","geometry":{"type":"LineString","coordinates":[[10.15045,45.49399],[10.15082,45.49393]]},"properties":{}},{"type":"Feature","geometry":{"type":"LineString","coordinates":[[10.15057,45.27191],[10.15047,45.27188],[10.15035,45.27175],[10.15036,45.2716],[10.15048,45.27148]]},"properties":{}},{"type":"Feature","geometry":{"type":"LineString","coordinates":[[10.15048,45.27148],[10.15064,45.27137],[10.15073,45.27126]]},"properties":{}},{"type":"Feature","geometry":{"type":"LineString","coordinates":[[10.15048,45.27148],[10.15069,45.27143],[10.15089,45.27148]]},"properties":{}},{"type":"Feature","geometry":{"type":"LineString","coordinates":[[10.15102,45.27178],[10.15096,45.27184],[10.15078,45.27192],[10.15057,45.27191]]},"properties":{}},{"type":"Feature","geometry":{"type":"LineString","coordinates":[[10.15601,45.30739],[10.15533,45.30582],[10.15541,45.30555],[10.15524,45.30315],[10.15554,45.30185],[10.15609,45.29988],[10.15624,45.29973],[10.15685,45.29931],[10.157,45.29908],[10.15715,45.29701],[10.15733,45.29551],[10.15821,45.29403],[10.15897,45.29287],[10.15921,45.29235],[10.15928,45.29205],[10.15927,45.29096],[10.15921,45.29088],[10.15892,45.29075],[10.1588,45.29058],[10.15867,45.29022],[10.15854,45.28965],[10.15855,45.28959],[10.15863,45.28951],[10.15941,45.28928],[10.15953,45.28924],[10.15954,45.28918],[10.15948,45.28845],[10.15908,45.28573],[10.15886,45.28397],[10.15919,45.28143],[10.15914,45.28129],[10.15899,45.28116],[10.15874,45.28105],[10.15525,45.28091],[10.15495,45.28086],[10.15475,45.2807],[10.1547,45.28055],[10.15452,45.27783],[10.15361,45.27397],[10.15318,45.27258],[10.1531,45.27247],[10.1529,45.27234],[10.15239,45.27219],[10.15215,45.27218],[10.15121,45.27226],[10.151,45.27225],[10.1508,45.27214],[10.15057,45.27191]]},"properties":{}},{"type":"Feature","geometry":{"type":"LineString","coordinates":[[10.15082,45.49393],[10.15067,45.49403],[10.15061,45.49411]]},"properties":{}},{"type":"Feature","geometry":{"type":"LineString","coordinates":[[10.15197,45.36049],[10.15133,45.36058],[10.15114,45.36068],[10.15092,45.3606],[10.15073,45.36058]]},"properties":{}},{"type":"Feature","geometry":{"type":"LineString","coordinates":[[10.15073,45.36058],[10.15116,45.36053],[10.15154,45.36038],[10.15171,45.36046],[10.15197,45.36049]]},"properties":{}},{"type":"Feature","geometry":{"type":"LineString","coordinates":[[10.15073,45.27126],[10.15081,45.27141],[10.15089,45.27148]]},"properties":{}},{"type":"Feature","geometry":{"type":"LineString","coordinates":[[10.15775,45.49294],[10.15082,45.49393]]},"properties":{}},{"type":"Feature","geometry":{"type":"LineString","coordinates":[[10.15089,45.27148],[10.15103,45.27162],[10.15102,45.27178]]},"properties":{}},{"type":"Feature","geometry":{"type":"LineString","coordinates":[[10.16041,45.27034],[10.1601,45.2703],[10.15977,45.27031],[10.15154,45.27156],[10.1512,45.27165],[10.15102,45.27178]]},"properties":{}},{"type":"Feature","geometry":{"type":"LineString","coordinates":[[10.15681,45.36075],[10.1537,45.36045],[10.15285,45.36043],[10.15197,45.36049]]},"properties":{}},{"type":"Feature","geometry":{"type":"LineString","coordinates":[[10.15242,45.37454],[10.15269,45.37475],[10.15317,45.37498],[10.15355,45.37604],[10.15377,45.3765]]},"properties":{}},{"type":"Feature","geometry":{"type":"LineString","coordinates":[[10.15377,45.3765],[10.15242,45.37454]]},"properties":{}},{"type":"Feature","geometry":{"type":"LineString","coordinates":[[10.15342,45.26531],[10.1538,45.2651]]},"properties":{}},{"type":"Feature","geometry":{"type":"LineString","coordinates":[[10.15385,45.26518],[10.15342,45.26531]]},"properties":{}},{"type":"Feature","geometry":{"type":"LineString","coordinates":[[10.15377,45.3765],[10.15583,45.37983],[10.15748,45.38262],[10.16231,45.391],[10.16285,45.39189],[10.16429,45.39405],[10.16574,45.39668],[10.16678,45.39849],[10.16805,45.40051],[10.16899,45.40208],[10.16924,45.40255],[10.17005,45.40444],[10.17087,45.40584],[10.1724,45.40872],[10.17275,45.40926],[10.17394,45.41083],[10.17429,45.41122],[10.17482,45.41165],[10.17506,45.41188],[10.17525,45.41211],[10.17804,45.41614]]},"properties":{}},{"type":"Feature","geometry":{"type":"LineString","coordinates":[[10.15385,45.26518],[10.1538,45.2651]]},"properties":{}},{"type":"Feature","geometry":{"type":"LineString","coordinates":[[10.1538,45.2651],[10.15389,45.26501]]},"properties":{}},{"type":"Feature","geometry":{"type":"LineString","coordinates":[[10.15403,45.26503],[10.15409,45.2651],[10.15406,45.26517],[10.15393,45.26521],[10.15385,45.26518]]},"properties":{}},{"type":"Feature","geometry":{"type":"LineString","coordinates":[[10.15389,45.26501],[10.15403,45.2648]]},"properties":{}},{"type":"Feature","geometry":{"type":"LineString","coordinates":[[10.15389,45.26501],[10.15403,45.26503]]},"properties":{}},{"type":"Feature","geometry":{"type":"LineString","coordinates":[[10.15403,45.2648],[10.15403,45.26503]]},"properties":{}},{"type":"Feature","geometry":{"type":"LineString","coordinates":[[10.18166,45.24869],[10.18145,45.24882],[10.18078,45.24896],[10.1796,45.24912],[10.17894,45.24926],[10.17758,45.24969],[10.17591,45.25009],[10.17363,45.25053],[10.17251,45.25081],[10.17161,45.25108],[10.17105,45.25129],[10.17028,45.2518],[10.16969,45.25277],[10.16938,45.25316],[10.16891,45.25343],[10.16846,45.25364],[10.16744,45.25398],[10.16548,45.2544],[10.16473,45.25459],[10.16353,45.25484],[10.1629,45.25487],[10.16074,45.25484],[10.15895,45.25494],[10.15807,45.25502],[10.1578,45.25508],[10.15771,45.25519],[10.15767,45.25537],[10.15741,45.25724],[10.15736,45.25873],[10.15731,45.25905],[10.15724,45.25917],[10.15708,45.25931],[10.15487,45.26119],[10.15456,45.26151],[10.15436,45.26185],[10.15407,45.26263],[10.15403,45.26288],[10.154,45.26351],[10.15407,45.26458],[10.15403,45.2648]]},"properties":{}},{"type":"Feature","geometry":{"type":"LineString","coordinates":[[10.1541,45.48962],[10.15433,45.4897],[10.15446,45.48969],[10.15461,45.48974],[10.15469,45.48984],[10.15467,45.48995],[10.15486,45.49018]]},"properties":{}},{"type":"Feature","geometry":{"type":"LineString","coordinates":[[10.15486,45.49018],[10.15423,45.49001],[10.15416,45.48991],[10.15418,45.4898],[10.1541,45.48962]]},"properties":{}},{"type":"Feature","geometry":{"type":"LineString","coordinates":[[10.15464,45.2104],[10.15495,45.2106],[10.15485,45.21092],[10.15485,45.2113]]},"properties":{}},{"type":"Feature","geometry":{"type":"LineString","coordinates":[[10.15485,45.2113],[10.15464,45.2104]]},"properties":{}},{"type":"Feature","geometry":{"type":"LineString","coordinates":[[10.16119,45.22101],[10.16105,45.22092],[10.16089,45.22088],[10.16007,45.22089],[10.15985,45.22093],[10.1592,45.22124],[10.15758,45.22176],[10.15655,45.22203],[10.15632,45.22207],[10.15625,45.22204],[10.15613,45.2216],[10.1561,45.22106],[10.15618,45.22088],[10.15663,45.22023],[10.15668,45.22011],[10.1567,45.21992],[10.15667,45.21837],[10.15662,45.2181],[10.15648,45.21772],[10.15602,45.21687],[10.15587,45.21646],[10.15577,45.21582],[10.15583,45.21477],[10.15582,45.21447],[10.15577,45.21417],[10.15509,45.2123],[10.15485,45.2113]]},"properties":{}},{"type":"Feature","geometry":{"type":"LineString","coordinates":[[10.15486,45.49018],[10.15589,45.49096]]},"properties":{}},{"type":"Feature","geometry":{"type":"LineString","coordinates":[[10.15589,45.49096],[10.15634,45.49125],[10.15831,45.49276]]},"properties":{}},{"type":"Feature","geometry":{"type":"LineString","coordinates":[[10.15589,45.49096],[10.15811,45.49275]]},"properties":{}},{"type":"Feature","geometry":{"type":"LineString","coordinates":[[10.15805,45.49281],[10.1562,45.49129],[10.15589,45.49096]]},"properties":{}},{"type":"Feature","geometry":{"type":"LineString","coordinates":[[10.15767,45.31135],[10.15601,45.30739]]},"properties":{}},{"type":"Feature","geometry":{"type":"LineString","coordinates":[[10.16296,45.36141],[10.15814,45.36093],[10.15797,45.36094],[10.15785,45.36102],[10.15763,45.36106],[10.15742,45.36101],[10.15728,45.36089],[10.15681,45.36075]]},"properties":{}},{"type":"Feature","geometry":{"type":"LineString","coordinates":[[10.15681,45.36075],[10.15703,45.36074],[10.15731,45.36063],[10.15746,45.36053],[10.15766,45.3605],[10.15776,45.36051],[10.15794,45.36059],[10.15814,45.36084],[10.15829,45.3609],[10.16237,45.36129],[10.16282,45.36135],[10.16296,45.36141]]},"properties":{}},{"type":"Feature","geometry":{"type":"LineString","coordinates":[[10.15767,45.31135],[10.15779,45.3115],[10.15808,45.31168],[10.15846,45.31168]]},"properties":{}},{"type":"Feature","geometry":{"type":"LineString","coordinates":[[10.15846,45.31168],[10.15812,45.31179],[10.15804,45.31191],[10.15797,45.31195],[10.1578,45.31197],[10.15771,45.31195],[10.15758,45.31187],[10.15755,45.31178],[10.15759,45.31168],[10.15767,45.31161],[10.15767,45.31135]]},"properties":{}},{"type":"Feature","geometry":{"type":"LineString","coordinates":[[10.15775,45.49294],[10.15786,45.49287],[10.15804,45.49283]]},"properties":{}},{"type":"Feature","geometry":{"type":"LineString","coordinates":[[10.15808,45.49294],[10.15775,45.49294]]},"properties":{}},{"type":"Feature","geometry":{"type":"LineString","coordinates":[[10.15808,45.49294],[10.15804,45.49283]]},"properties":{}},{"type":"Feature","geometry":{"type":"LineString","coordinates":[[10.15804,45.49283],[10.15805,45.49281]]},"properties":{}},{"type":"Feature","geometry":{"type":"LineString","coordinates":[[10.15805,45.49281],[10.15811,45.49275]]},"properties":{}},{"type":"Feature","geometry":{"type":"LineString","coordinates":[[10.15832,45.49316],[10.15808,45.49294]]},"properties":{}},{"type":"Feature","geometry":{"type":"LineString","coordinates":[[10.15811,45.49275],[10.15861,45.49327]]},"properties":{}},{"type":"Feature","geometry":{"type":"LineString","coordinates":[[10.15811,45.49275],[10.15831,45.49276]]},"properties":{}},{"type":"Feature","geometry":{"type":"LineString","coordinates":[[10.15824,45.16256],[10.15876,45.16265]]},"properties":{}},{"type":"Feature","geometry":{"type":"LineString","coordinates":[[10.15879,45.1633],[10.15856,45.16285],[10.15837,45.16264],[10.15824,45.16256]]},"properties":{}},{"type":"Feature","geometry":{"type":"LineString","coordinates":[[10.15831,45.49276],[10.15864,45.493],[10.15874,45.49314]]},"properties":{}},{"type":"Feature","geometry":{"type":"LineString","coordinates":[[10.15861,45.49327],[10.15845,45.49325],[10.15832,45.49316]]},"properties":{}},{"type":"Feature","geometry":{"type":"LineString","coordinates":[[10.15958,45.4949],[10.1592,45.49436],[10.15871,45.49359],[10.15832,45.49316]]},"properties":{}},{"type":"Feature","geometry":{"type":"LineString","coordinates":[[10.15846,45.31168],[10.16187,45.31097],[10.16557,45.30978],[10.16635,45.30955],[10.17254,45.30836],[10.17296,45.30829],[10.17363,45.30826],[10.17717,45.30845],[10.17794,45.30852]]},"properties":{}},{"type":"Feature","geometry":{"type":"LineString","coordinates":[[10.15861,45.49327],[10.15922,45.49419],[10.15958,45.4949]]},"properties":{}},{"type":"Feature","geometry":{"type":"LineString","coordinates":[[10.15872,45.49323],[10.15861,45.49327]]},"properties":{}},{"type":"Feature","geometry":{"type":"LineString","coordinates":[[10.15892,45.49331],[10.15872,45.49323]]},"properties":{}},{"type":"Feature","geometry":{"type":"LineString","coordinates":[[10.15874,45.49315],[10.15872,45.49323]]},"properties":{}},{"type":"Feature","geometry":{"type":"LineString","coordinates":[[10.15874,45.49315],[10.15892,45.49331]]},"properties":{}},{"type":"Feature","geometry":{"type":"LineString","coordinates":[[10.15874,45.49314],[10.15874,45.49315]]},"properties":{}},{"type":"Feature","geometry":{"type":"LineString","coordinates":[[10.15874,45.49314],[10.15888,45.49312],[10.16026,45.49267],[10.16247,45.49217],[10.16383,45.49165],[10.16472,45.49152],[10.1661,45.4916],[10.16661,45.49158],[10.16744,45.49149],[10.16741,45.492],[10.16734,45.49215],[10.16691,45.4927],[10.16657,45.49349],[10.16631,45.49385],[10.16599,45.49475],[10.166,45.49494],[10.16651,45.49607],[10.16659,45.49613],[10.1669,45.49691],[10.16768,45.49691],[10.16944,45.4966],[10.16951,45.49661],[10.16955,45.49666],[10.17016,45.4985],[10.16999,45.49878],[10.16986,45.49905],[10.16983,45.49925],[10.16984,45.49947],[10.16999,45.5]]},"properties":{}},{"type":"Feature","geometry":{"type":"LineString","coordinates":[[10.15876,45.16265],[10.17087,45.16469]]},"properties":{}},{"type":"Feature","geometry":{"type":"LineString","coordinates":[[10.15876,45.16265],[10.15879,45.16288],[10.15879,45.1633]]},"properties":{}},{"type":"Feature","geometry":{"type":"LineString","coordinates":[[10.15879,45.1633],[10.16026,45.16681],[10.16206,45.17087]]},"properties":{}},{"type":"Feature","geometry":{"type":"LineString","coordinates":[[10.15984,45.49399],[10.15892,45.49331]]},"properties":{}},{"type":"Feature","geometry":{"type":"LineString","coordinates":[[10.16261,45.5],[10.16112,45.49754],[10.15958,45.4949]]},"properties":{}},{"type":"Feature","geometry":{"type":"LineString","coordinates":[[10.16773,45.5],[10.16641,45.49902],[10.16289,45.49629],[10.16034,45.49441],[10.15984,45.49399]]},"properties":{}},{"type":"Feature","geometry":{"type":"LineString","coordinates":[[10.15984,45.49399],[10.15986,45.49412],[10.15962,45.49437],[10.15959,45.49445],[10.15991,45.49526],[10.16275,45.5]]},"properties":{}},{"type":"Feature","geometry":{"type":"LineString","coordinates":[[10.16098,45.27037],[10.16086,45.27044],[10.16066,45.27046],[10.16056,45.27044],[10.16041,45.27034]]},"properties":{}},{"type":"Feature","geometry":{"type":"LineString","coordinates":[[10.16041,45.27034],[10.16035,45.27023],[10.16039,45.27009],[10.16055,45.26998],[10.16074,45.26996],[10.16085,45.26998],[10.16102,45.27008],[10.16106,45.27023],[10.16098,45.27037]]},"properties":{}},{"type":"Feature","geometry":{"type":"LineString","coordinates":[[10.19363,45.27015],[10.19326,45.27013],[10.19294,45.27016],[10.18964,45.27086],[10.18607,45.27142],[10.18362,45.27166],[10.1825,45.2718],[10.18168,45.27184],[10.18072,45.27181],[10.17569,45.27123],[10.17302,45.27079],[10.17131,45.27037],[10.17061,45.27026],[10.17009,45.27026],[10.16865,45.27045],[10.16794,45.27042],[10.1662,45.27002],[10.16549,45.26996],[10.16401,45.27005],[10.16194,45.27024],[10.16129,45.27027],[10.16098,45.27037]]},"properties":{}},{"type":"Feature","geometry":{"type":"LineString","coordinates":[[10.16119,45.22101],[10.16153,45.22102],[10.16212,45.22094],[10.16262,45.22075],[10.16323,45.22044],[10.16358,45.22034],[10.16376,45.22039],[10.16381,45.22045],[10.16407,45.22113]]},"properties":{}},{"type":"Feature","geometry":{"type":"LineString","coordinates":[[10.16119,45.22101],[10.16126,45.22118],[10.16127,45.22143],[10.16134,45.22143],[10.16407,45.22113]]},"properties":{}},{"type":"Feature","geometry":{"type":"LineString","coordinates":[[10.16206,45.17087],[10.16288,45.17267],[10.16392,45.17406],[10.16534,45.1761],[10.16544,45.17619],[10.16612,45.17757],[10.16694,45.17875]]},"properties":{}},{"type":"Feature","geometry":{"type":"LineString","coordinates":[[10.16206,45.17087],[10.16458,45.17037],[10.16366,45.16779],[10.1656,45.16732],[10.16915,45.16611],[10.16943,45.16598],[10.16965,45.16582],[10.1706,45.16504],[10.17075,45.16487],[10.17087,45.16469]]},"properties":{}},{"type":"Feature","geometry":{"type":"LineString","coordinates":[[10.16296,45.36141],[10.16343,45.36154]]},"properties":{}},{"type":"Feature","geometry":{"type":"LineString","coordinates":[[10.16343,45.36154],[10.16384,45.36158]]},"properties":{}},{"type":"Feature","geometry":{"type":"LineString","coordinates":[[10.16374,45.36171],[10.16343,45.36154]]},"properties":{}},{"type":"Feature","geometry":{"type":"LineString","coordinates":[[10.1644,45.3619],[10.16419,45.36201],[10.16398,45.362],[10.16386,45.36195],[10.16377,45.36186],[10.16374,45.36171]]},"properties":{}},{"type":"Feature","geometry":{"type":"LineString","coordinates":[[10.16374,45.36171],[10.16384,45.36158]]},"properties":{}},{"type":"Feature","geometry":{"type":"LineString","coordinates":[[10.16384,45.36158],[10.16405,45.36151],[10.16421,45.36152],[10.16439,45.36161],[10.16446,45.36172]]},"properties":{}},{"type":"Feature","geometry":{"type":"LineString","coordinates":[[10.16407,45.22113],[10.16671,45.22076],[10.16709,45.22079],[10.16788,45.2209],[10.16855,45.22105],[10.16876,45.22112],[10.1696,45.22159],[10.16993,45.2217],[10.17117,45.22182],[10.17127,45.22175],[10.17139,45.22148],[10.17163,45.22072],[10.17172,45.2206],[10.17227,45.22077],[10.17737,45.22203],[10.17735,45.22228],[10.17744,45.22289],[10.17752,45.22392],[10.17823,45.22824],[10.17842,45.22886],[10.17876,45.22958],[10.17884,45.22984],[10.17883,45.23048],[10.17873,45.23101],[10.17871,45.23158],[10.17882,45.23186],[10.17949,45.2329],[10.17965,45.2332],[10.17961,45.23327],[10.17904,45.23374],[10.17902,45.23383],[10.17952,45.23416],[10.18038,45.23502],[10.18128,45.23579],[10.18146,45.23606],[10.18155,45.23629],[10.18158,45.23647],[10.18152,45.23693],[10.18128,45.2376],[10.18109,45.23791],[10.18082,45.23815],[10.18054,45.23832],[10.18026,45.23843],[10.17978,45.23851],[10.17635,45.23881],[10.17621,45.23885],[10.17601,45.23896],[10.17592,45.2391],[10.17589,45.23932],[10.17633,45.24026],[10.17634,45.24035],[10.1763,45.24088]]},"properties":{}},{"type":"Feature","geometry":{"type":"LineString","coordinates":[[10.1649,45.36196],[10.1644,45.3619]]},"properties":{}},{"type":"Feature","geometry":{"type":"LineString","coordinates":[[10.16446,45.36172],[10.16445,45.36181],[10.1644,45.3619]]},"properties":{}},{"type":"Feature","geometry":{"type":"LineString","coordinates":[[10.16446,45.36172],[10.16459,45.36182],[10.1649,45.36196]]},"properties":{}},{"type":"Feature","geometry":{"type":"LineString","coordinates":[[10.1649,45.36196],[10.1661,45.36238],[10.16673,45.36249],[10.1681,45.36266]]},"properties":{}},{"type":"Feature","geometry":{"type":"LineString","coordinates":[[10.16694,45.17875],[10.16715,45.179]]},"properties":{}},{"type":"Feature","geometry":{"type":"LineString","coordinates":[[10.16709,45.17902],[10.16694,45.17875]]},"properties":{}},{"type":"Feature","geometry":{"type":"LineString","coordinates":[[10.1672,45.17913],[10.16708,45.17911],[10.16706,45.17906],[10.16709,45.17902]]},"properties":{}},{"type":"Feature","geometry":{"type":"LineString","coordinates":[[10.16709,45.17902],[10.16715,45.179]]},"properties":{}},{"type":"Feature","geometry":{"type":"LineString","coordinates":[[10.16715,45.179],[10.16724,45.17903],[10.16724,45.1791]]},"properties":{}},{"type":"Feature","geometry":{"type":"LineString","coordinates":[[10.16745,45.17929],[10.1672,45.17913]]},"properties":{}},{"type":"Feature","geometry":{"type":"LineString","coordinates":[[10.16724,45.1791],[10.1672,45.17913]]},"properties":{}},{"type":"Feature","geometry":{"type":"LineString","coordinates":[[10.16724,45.1791],[10.16745,45.17929]]},"properties":{}},{"type":"Feature","geometry":{"type":"LineString","coordinates":[[10.16745,45.17929],[10.16796,45.17962],[10.17191,45.18194],[10.17249,45.18223]]},"properties":{}},{"type":"Feature","geometry":{"type":"LineString","coordinates":[[10.1681,45.36266],[10.16836,45.36269]]},"properties":{}},{"type":"Feature","geometry":{"type":"LineString","coordinates":[[10.19524,45.41591],[10.18352,45.39257],[10.17453,45.37516],[10.17028,45.36702],[10.1681,45.36266]]},"properties":{}},{"type":"Feature","geometry":{"type":"LineString","coordinates":[[10.16836,45.36269],[10.16999,45.3629],[10.17233,45.36337],[10.17283,45.36344],[10.17316,45.36344],[10.1745,45.36328],[10.17671,45.36335],[10.17853,45.3633],[10.17883,45.36335],[10.17912,45.36345],[10.17939,45.36361],[10.17965,45.36383],[10.18212,45.36636],[10.18241,45.36657],[10.18283,45.36671],[10.18325,45.36672],[10.18599,45.36645],[10.18862,45.36599]]},"properties":{}},{"type":"Feature","geometry":{"type":"LineString","coordinates":[[10.16836,45.36269],[10.17051,45.36697],[10.17211,45.37003],[10.17302,45.37187],[10.18371,45.39253],[10.19536,45.41576]]},"properties":{}},{"type":"Feature","geometry":{"type":"LineString","coordinates":[[10.17087,45.16469],[10.18299,45.16677],[10.19025,45.1679]]},"properties":{}},{"type":"Feature","geometry":{"type":"LineString","coordinates":[[10.17307,45.18254],[10.17297,45.18259],[10.17275,45.18262],[10.17254,45.18254],[10.17244,45.18239],[10.17249,45.18223]]},"properties":{}},{"type":"Feature","geometry":{"type":"LineString","coordinates":[[10.17249,45.18223],[10.17266,45.18213],[10.17277,45.18211],[10.17288,45.18211],[10.17307,45.18218],[10.17317,45.18233],[10.17313,45.18248],[10.17307,45.18254]]},"properties":{}},{"type":"Feature","geometry":{"type":"LineString","coordinates":[[10.18637,45.19488],[10.18402,45.19232],[10.18332,45.19247],[10.18128,45.19274],[10.18111,45.19281],[10.18099,45.19292],[10.18023,45.19173],[10.17966,45.19053],[10.17878,45.18886],[10.17862,45.18837],[10.17847,45.18777],[10.17835,45.18681],[10.17828,45.18655],[10.17786,45.18572],[10.17771,45.18549],[10.17761,45.18537],[10.1772,45.18504],[10.1744,45.18339],[10.17307,45.18254]]},"properties":{}},{"type":"Feature","geometry":{"type":"LineString","coordinates":[[10.17399,45.46121],[10.17411,45.46501],[10.17421,45.46557],[10.17442,45.46634],[10.17452,45.46687],[10.17485,45.46791],[10.17607,45.47028],[10.17692,45.47206],[10.17697,45.47228],[10.17695,45.47237]]},"properties":{}},{"type":"Feature","geometry":{"type":"LineString","coordinates":[[10.17399,45.46121],[10.17395,45.46101],[10.17385,45.46092],[10.17389,45.46081],[10.17403,45.46076],[10.17417,45.4608],[10.17454,45.46083]]},"properties":{}},{"type":"Feature","geometry":{"type":"LineString","coordinates":[[10.17454,45.46083],[10.17423,45.46091],[10.17418,45.46099],[10.17411,45.46102],[10.17399,45.46121]]},"properties":{}},{"type":"Feature","geometry":{"type":"LineString","coordinates":[[10.17454,45.46083],[10.1753,45.46077],[10.17578,45.46078],[10.17668,45.46095],[10.17731,45.461],[10.1791,45.46092],[10.18088,45.461],[10.1818,45.46095],[10.18295,45.46074],[10.18443,45.46039],[10.18471,45.46028],[10.1854,45.45981],[10.18571,45.45964],[10.18817,45.45927],[10.18852,45.4592],[10.18877,45.45912]]},"properties":{}},{"type":"Feature","geometry":{"type":"LineString","coordinates":[[10.1763,45.24088],[10.17633,45.24093],[10.17641,45.24095],[10.17716,45.24091],[10.17734,45.24097],[10.17755,45.24147],[10.17783,45.24236]]},"properties":{}},{"type":"Feature","geometry":{"type":"LineString","coordinates":[[10.17669,45.24256],[10.17649,45.24188],[10.17625,45.24138],[10.1763,45.24088]]},"properties":{}},{"type":"Feature","geometry":{"type":"LineString","coordinates":[[10.17823,45.24357],[10.17802,45.24356],[10.17705,45.24368],[10.177,45.24366],[10.17682,45.24311],[10.17669,45.24256]]},"properties":{}},{"type":"Feature","geometry":{"type":"LineString","coordinates":[[10.17669,45.24256],[10.17783,45.24236]]},"properties":{}},{"type":"Feature","geometry":{"type":"LineString","coordinates":[[10.17753,45.47666],[10.17731,45.47617],[10.17722,45.47587],[10.17679,45.47416],[10.1767,45.47363],[10.17673,45.47319]]},"properties":{}},{"type":"Feature","geometry":{"type":"LineString","coordinates":[[10.17673,45.47319],[10.17666,45.47294],[10.17659,45.47287],[10.17656,45.47279],[10.17662,45.47269],[10.17673,45.47263],[10.17695,45.47237]]},"properties":{}},{"type":"Feature","geometry":{"type":"LineString","coordinates":[[10.17695,45.47237],[10.17701,45.47266],[10.17708,45.47274],[10.17709,45.47284],[10.17703,45.47292],[10.17691,45.47298],[10.17673,45.47319]]},"properties":{}},{"type":"Feature","geometry":{"type":"LineString","coordinates":[[10.17753,45.47666],[10.17779,45.4769],[10.17793,45.47696],[10.17804,45.4772],[10.17806,45.4773],[10.17804,45.47739]]},"properties":{}},{"type":"Feature","geometry":{"type":"LineString","coordinates":[[10.17804,45.47739],[10.17794,45.47729],[10.17782,45.47725],[10.17761,45.47725],[10.17747,45.47714],[10.17745,45.47706],[10.17753,45.47695],[10.17753,45.47666]]},"properties":{}},{"type":"Feature","geometry":{"type":"LineString","coordinates":[[10.17783,45.24236],[10.17821,45.24339],[10.17824,45.24352],[10.17823,45.24357]]},"properties":{}},{"type":"Feature","geometry":{"type":"LineString","coordinates":[[10.17846,45.30862],[10.17794,45.30852]]},"properties":{}},{"type":"Feature","geometry":{"type":"LineString","coordinates":[[10.17794,45.30852],[10.17811,45.3085],[10.17838,45.30843]]},"properties":{}},{"type":"Feature","geometry":{"type":"LineString","coordinates":[[10.17804,45.47739],[10.17839,45.47996],[10.17855,45.48078]]},"properties":{}},{"type":"Feature","geometry":{"type":"LineString","coordinates":[[10.17804,45.41614],[10.17843,45.41653],[10.17855,45.4166],[10.17887,45.41664]]},"properties":{}},{"type":"Feature","geometry":{"type":"LineString","coordinates":[[10.17858,45.41691],[10.17804,45.41614]]},"properties":{}},{"type":"Feature","geometry":{"type":"LineString","coordinates":[[10.18171,45.24843],[10.18035,45.24593],[10.18005,45.24547],[10.17907,45.24446],[10.17886,45.24392],[10.17873,45.24377],[10.17855,45.24365],[10.17823,45.24357]]},"properties":{}},{"type":"Feature","geometry":{"type":"LineString","coordinates":[[10.17846,45.30862],[10.17839,45.30853],[10.17838,45.30843]]},"properties":{}},{"type":"Feature","geometry":{"type":"LineString","coordinates":[[10.17838,45.30843],[10.17853,45.3083],[10.17869,45.30828],[10.17889,45.30836],[10.17895,45.30848]]},"properties":{}},{"type":"Feature","geometry":{"type":"LineString","coordinates":[[10.17878,45.30866],[10.17861,45.30868],[10.17846,45.30862]]},"properties":{}},{"type":"Feature","geometry":{"type":"LineString","coordinates":[[10.17855,45.48078],[10.17865,45.48093],[10.17885,45.481],[10.1789,45.48107],[10.17877,45.48135],[10.17873,45.48163]]},"properties":{}},{"type":"Feature","geometry":{"type":"LineString","coordinates":[[10.17873,45.48163],[10.17859,45.48109],[10.17855,45.48078]]},"properties":{}},{"type":"Feature","geometry":{"type":"LineString","coordinates":[[10.17863,45.41696],[10.17858,45.41691]]},"properties":{}},{"type":"Feature","geometry":{"type":"LineString","coordinates":[[10.17858,45.41691],[10.17856,45.41679],[10.17864,45.41669],[10.17887,45.41664]]},"properties":{}},{"type":"Feature","geometry":{"type":"LineString","coordinates":[[10.17901,45.41697],[10.17878,45.41701],[10.17863,45.41696]]},"properties":{}},{"type":"Feature","geometry":{"type":"LineString","coordinates":[[10.17905,45.41776],[10.17877,45.41734],[10.17863,45.41696]]},"properties":{}},{"type":"Feature","geometry":{"type":"LineString","coordinates":[[10.17873,45.48163],[10.17893,45.48274]]},"properties":{}},{"type":"Feature","geometry":{"type":"LineString","coordinates":[[10.17951,45.30879],[10.17878,45.30866]]},"properties":{}},{"type":"Feature","geometry":{"type":"LineString","coordinates":[[10.17895,45.30848],[10.1789,45.30859],[10.17878,45.30866]]},"properties":{}},{"type":"Feature","geometry":{"type":"LineString","coordinates":[[10.17887,45.41664],[10.17895,45.41666],[10.17907,45.41675],[10.17909,45.41687],[10.17901,45.41697]]},"properties":{}},{"type":"Feature","geometry":{"type":"LineString","coordinates":[[10.17893,45.48274],[10.17911,45.48331],[10.17975,45.48492],[10.18085,45.48824],[10.18106,45.48845],[10.18115,45.48848],[10.18122,45.48855],[10.18121,45.48864],[10.18114,45.48871],[10.18107,45.48893],[10.18267,45.49364],[10.18272,45.49391],[10.18301,45.49447]]},"properties":{}},{"type":"Feature","geometry":{"type":"LineString","coordinates":[[10.18301,45.49447],[10.18267,45.49413],[10.18241,45.49396],[10.18237,45.49389],[10.1821,45.49364],[10.18165,45.4934],[10.18146,45.49323],[10.18077,45.49245],[10.18043,45.49216],[10.17892,45.4911],[10.17646,45.48957],[10.17633,45.48941],[10.17629,45.48927],[10.17622,45.48896],[10.1762,45.48869],[10.17608,45.48862],[10.17614,45.48844],[10.17609,45.48831],[10.17565,45.48805],[10.17509,45.48782],[10.17468,45.48732],[10.17398,45.4862],[10.1739,45.48601],[10.1739,45.48576],[10.174,45.48539],[10.17419,45.48505],[10.17394,45.48478],[10.17346,45.48356],[10.17334,45.48352],[10.17333,45.48347],[10.17337,45.48342],[10.17345,45.48341],[10.17353,45.48345],[10.17492,45.48362],[10.17515,45.4837],[10.17536,45.48367],[10.1757,45.48355],[10.17578,45.48324],[10.17583,45.48321],[10.17893,45.48274]]},"properties":{}},{"type":"Feature","geometry":{"type":"LineString","coordinates":[[10.17895,45.30848],[10.1791,45.30863],[10.17951,45.30879]]},"properties":{}},{"type":"Feature","geometry":{"type":"LineString","coordinates":[[10.17901,45.41697],[10.1789,45.41706],[10.17883,45.4172],[10.17905,45.41776]]},"properties":{}},{"type":"Feature","geometry":{"type":"LineString","coordinates":[[10.17905,45.41776],[10.18332,45.42506]]},"properties":{}},{"type":"Feature","geometry":{"type":"LineString","coordinates":[[10.17951,45.30879],[10.18229,45.30927],[10.18314,45.30938],[10.18426,45.30933],[10.18586,45.30912],[10.18705,45.30883],[10.18817,45.30849]]},"properties":{}},{"type":"Feature","geometry":{"type":"LineString","coordinates":[[10.18189,45.24883],[10.18174,45.2488],[10.18166,45.24869]]},"properties":{}},{"type":"Feature","geometry":{"type":"LineString","coordinates":[[10.18166,45.24869],[10.18171,45.24861]]},"properties":{}},{"type":"Feature","geometry":{"type":"LineString","coordinates":[[10.18171,45.24843],[10.18187,45.24856]]},"properties":{}},{"type":"Feature","geometry":{"type":"LineString","coordinates":[[10.18171,45.24861],[10.18171,45.24843]]},"properties":{}},{"type":"Feature","geometry":{"type":"LineString","coordinates":[[10.18171,45.24861],[10.18187,45.24856]]},"properties":{}},{"type":"Feature","geometry":{"type":"LineString","coordinates":[[10.18187,45.24856],[10.18198,45.24858]]},"properties":{}},{"type":"Feature","geometry":{"type":"LineString","coordinates":[[10.18704,45.25289],[10.18658,45.25216],[10.18593,45.25164],[10.18291,45.24969],[10.18252,45.2494],[10.18202,45.24892],[10.18189,45.24883]]},"properties":{}},{"type":"Feature","geometry":{"type":"LineString","coordinates":[[10.18198,45.24858],[10.18205,45.24865],[10.18204,45.24874],[10.18189,45.24883]]},"properties":{}},{"type":"Feature","geometry":{"type":"LineString","coordinates":[[10.18198,45.24858],[10.18225,45.24857],[10.18345,45.24822],[10.18616,45.24764],[10.18646,45.24752],[10.18666,45.2474]]},"properties":{}},{"type":"Feature","geometry":{"type":"LineString","coordinates":[[10.18301,45.49447],[10.18352,45.49533],[10.18596,45.49923]]},"properties":{}},{"type":"Feature","geometry":{"type":"LineString","coordinates":[[10.18347,45.42557],[10.18335,45.42558],[10.18328,45.4255],[10.18336,45.42534],[10.18333,45.42523],[10.18325,45.42513],[10.18332,45.42506]]},"properties":{}},{"type":"Feature","geometry":{"type":"LineString","coordinates":[[10.18332,45.42506],[10.18343,45.42505],[10.1835,45.42511],[10.18345,45.42523],[10.18346,45.42537],[10.18353,45.4255],[10.18347,45.42557]]},"properties":{}},{"type":"Feature","geometry":{"type":"LineString","coordinates":[[10.18347,45.42557],[10.18359,45.42561],[10.18371,45.42573],[10.18935,45.43524]]},"properties":{}},{"type":"Feature","geometry":{"type":"LineString","coordinates":[[10.18435,45.10474],[10.18479,45.1046],[10.18491,45.10452]]},"properties":{}},{"type":"Feature","geometry":{"type":"LineString","coordinates":[[10.18496,45.10474],[10.18481,45.10471],[10.18435,45.10474]]},"properties":{}},{"type":"Feature","geometry":{"type":"LineString","coordinates":[[10.18496,45.10474],[10.18489,45.10464],[10.18491,45.10452]]},"properties":{}},{"type":"Feature","geometry":{"type":"LineString","coordinates":[[10.18491,45.10452],[10.18508,45.10442],[10.18532,45.10445]]},"properties":{}},{"type":"Feature","geometry":{"type":"LineString","coordinates":[[10.18543,45.10458],[10.18541,45.10469],[10.18531,45.10477],[10.1851,45.1048],[10.18496,45.10474]]},"properties":{}},{"type":"Feature","geometry":{"type":"LineString","coordinates":[[10.18532,45.10445],[10.18543,45.10458]]},"properties":{}},{"type":"Feature","geometry":{"type":"LineString","coordinates":[[10.18532,45.10445],[10.18576,45.10439]]},"properties":{}},{"type":"Feature","geometry":{"type":"LineString","coordinates":[[10.18576,45.10439],[10.18553,45.10449],[10.18543,45.10458]]},"properties":{}},{"type":"Feature","geometry":{"type":"LineString","coordinates":[[10.18576,45.10439],[10.18703,45.10392],[10.20958,45.0981],[10.22343,45.09458]]},"properties":{}},{"type":"Feature","geometry":{"type":"LineString","coordinates":[[10.18596,45.49923],[10.1862,45.49946],[10.18629,45.49948],[10.18637,45.49954],[10.18639,45.49993]]},"properties":{}},{"type":"Feature","geometry":{"type":"LineString","coordinates":[[10.18639,45.49993],[10.18615,45.49974],[10.18601,45.49968],[10.18599,45.49958],[10.18603,45.49952],[10.18596,45.49923]]},"properties":{}},{"type":"Feature","geometry":{"type":"LineString","coordinates":[[10.1863,45.19559],[10.18623,45.19553]]},"properties":{}},{"type":"Feature","geometry":{"type":"LineString","coordinates":[[10.18623,45.19553],[10.186,45.19552],[10.18583,45.19535],[10.18579,45.19523],[10.1858,45.19519],[10.18637,45.19488]]},"properties":{}},{"type":"Feature","geometry":{"type":"LineString","coordinates":[[10.18623,45.19553],[10.18625,45.19548],[10.18633,45.19545],[10.18641,45.19548],[10.18643,45.19553]]},"properties":{}},{"type":"Feature","geometry":{"type":"LineString","coordinates":[[10.1864,45.19557],[10.1863,45.19559]]},"properties":{}},{"type":"Feature","geometry":{"type":"LineString","coordinates":[[10.18639,45.19567],[10.1863,45.19559]]},"properties":{}},{"type":"Feature","geometry":{"type":"LineString","coordinates":[[10.18643,45.19553],[10.18662,45.19538],[10.18678,45.19519],[10.18681,45.19502],[10.18678,45.19465],[10.18637,45.19488]]},"properties":{}},{"type":"Feature","geometry":{"type":"LineString","coordinates":[[10.18639,45.19567],[10.18665,45.19601],[10.18691,45.1965],[10.18718,45.19638],[10.18761,45.19598],[10.18802,45.1954],[10.18801,45.1953],[10.18835,45.19532],[10.1893,45.19546],[10.19014,45.19563],[10.19053,45.19577],[10.19081,45.19593]]},"properties":{}},{"type":"Feature","geometry":{"type":"LineString","coordinates":[[10.1864,45.19557],[10.18639,45.19567]]},"properties":{}},{"type":"Feature","geometry":{"type":"LineString","coordinates":[[10.18643,45.5],[10.18639,45.49993]]},"properties":{}},{"type":"Feature","geometry":{"type":"LineString","coordinates":[[10.18643,45.19553],[10.1864,45.19557]]},"properties":{}},{"type":"Feature","geometry":{"type":"LineString","coordinates":[[10.18702,45.24764],[10.18689,45.24765],[10.18673,45.24759],[10.18667,45.24754],[10.18666,45.2474]]},"properties":{}},{"type":"Feature","geometry":{"type":"LineString","coordinates":[[10.18666,45.2474],[10.18672,45.24731],[10.18684,45.24726],[10.18701,45.24726],[10.18714,45.24731],[10.18721,45.24739],[10.18722,45.24748],[10.18716,45.24757],[10.18702,45.24764]]},"properties":{}},{"type":"Feature","geometry":{"type":"LineString","coordinates":[[10.18702,45.24764],[10.18688,45.24804],[10.18678,45.25145],[10.18684,45.25218],[10.18704,45.25289]]},"properties":{}},{"type":"Feature","geometry":{"type":"LineString","coordinates":[[10.19347,45.26948],[10.19308,45.26859],[10.19157,45.26482],[10.19041,45.26212],[10.18881,45.25815],[10.18852,45.25714],[10.18704,45.25289]]},"properties":{}},{"type":"Feature","geometry":{"type":"LineString","coordinates":[[10.18806,45.42848],[10.18806,45.42872],[10.18814,45.42881],[10.1881,45.42889],[10.1881,45.42902],[10.18819,45.42925]]},"properties":{}},{"type":"Feature","geometry":{"type":"LineString","coordinates":[[10.18819,45.42925],[10.18804,45.42903],[10.18794,45.42894],[10.18782,45.42888],[10.18779,45.42882],[10.18806,45.42848]]},"properties":{}},{"type":"Feature","geometry":{"type":"LineString","coordinates":[[10.18806,45.42848],[10.18893,45.42732]]},"properties":{}},{"type":"Feature","geometry":{"type":"LineString","coordinates":[[10.18831,45.30873],[10.18826,45.30857],[10.18817,45.30849]]},"properties":{}},{"type":"Feature","geometry":{"type":"LineString","coordinates":[[10.18817,45.30849],[10.18832,45.30844],[10.18837,45.30845],[10.1884,45.30853],[10.18831,45.30873]]},"properties":{}},{"type":"Feature","geometry":{"type":"LineString","coordinates":[[10.1898,45.43186],[10.18964,45.43153],[10.18819,45.42925]]},"properties":{}},{"type":"Feature","geometry":{"type":"LineString","coordinates":[[10.18831,45.30873],[10.18832,45.31163],[10.18833,45.31173],[10.18839,45.31174],[10.18842,45.31178],[10.18981,45.31173],[10.18991,45.3117],[10.18996,45.31163],[10.18998,45.31117],[10.19006,45.31103],[10.19023,45.31096],[10.19196,45.31074],[10.19303,45.31058],[10.19315,45.31054],[10.19325,45.31046],[10.19333,45.31032],[10.19335,45.31019],[10.1934,45.30957],[10.19335,45.30903],[10.1934,45.30883],[10.19343,45.30798],[10.19346,45.3078],[10.19346,45.30693],[10.19384,45.30685],[10.19444,45.30682],[10.19533,45.30687],[10.1954,45.30676],[10.19531,45.30559],[10.19529,45.30492],[10.19554,45.30398],[10.19563,45.30312]]},"properties":{}},{"type":"Feature","geometry":{"type":"LineString","coordinates":[[10.18862,45.36599],[10.18893,45.36586],[10.18903,45.36589],[10.18931,45.36586]]},"properties":{}},{"type":"Feature","geometry":{"type":"LineString","coordinates":[[10.18931,45.36586],[10.18906,45.36595],[10.18898,45.36602],[10.18862,45.36599]]},"properties":{}},{"type":"Feature","geometry":{"type":"LineString","coordinates":[[10.18877,45.45912],[10.18955,45.45892],[10.19036,45.45864],[10.1915,45.45843],[10.19263,45.46068],[10.19258,45.46075],[10.1924,45.46084],[10.19157,45.46102],[10.19134,45.46104],[10.19111,45.46101],[10.19056,45.46076],[10.18975,45.46059],[10.1895,45.46043],[10.18934,45.46026],[10.18883,45.45935],[10.18877,45.45912]]},"properties":{}},{"type":"Feature","geometry":{"type":"LineString","coordinates":[[10.18914,45.42702],[10.18899,45.42703],[10.1889,45.42699]]},"properties":{}},{"type":"Feature","geometry":{"type":"LineString","coordinates":[[10.18893,45.42732],[10.18894,45.42712],[10.1889,45.42699]]},"properties":{}},{"type":"Feature","geometry":{"type":"LineString","coordinates":[[10.1889,45.42699],[10.18887,45.42692],[10.18889,45.42685],[10.18897,45.4268],[10.18906,45.42679]]},"properties":{}},{"type":"Feature","geometry":{"type":"LineString","coordinates":[[10.18914,45.42702],[10.18893,45.42732]]},"properties":{}},{"type":"Feature","geometry":{"type":"LineString","coordinates":[[10.18906,45.42679],[10.1892,45.42685],[10.1892,45.42697]]},"properties":{}},{"type":"Feature","geometry":{"type":"LineString","coordinates":[[10.18906,45.42679],[10.18933,45.4267],[10.18948,45.4266],[10.18969,45.42635]]},"properties":{}},{"type":"Feature","geometry":{"type":"LineString","coordinates":[[10.1892,45.42697],[10.18914,45.42702]]},"properties":{}},{"type":"Feature","geometry":{"type":"LineString","coordinates":[[10.18969,45.42635],[10.18961,45.42652],[10.18928,45.42684],[10.1892,45.42697]]},"properties":{}},{"type":"Feature","geometry":{"type":"LineString","coordinates":[[10.18931,45.36586],[10.19306,45.36521],[10.19348,45.3651],[10.19527,45.36451],[10.19796,45.36412],[10.1985,45.36409],[10.20236,45.36426]]},"properties":{}},{"type":"Feature","geometry":{"type":"LineString","coordinates":[[10.18935,45.43524],[10.18951,45.43532],[10.18972,45.43536]]},"properties":{}},{"type":"Feature","geometry":{"type":"LineString","coordinates":[[10.18957,45.43548],[10.18943,45.43537],[10.18935,45.43524]]},"properties":{}},{"type":"Feature","geometry":{"type":"LineString","coordinates":[[10.18962,45.43559],[10.18957,45.43548]]},"properties":{}},{"type":"Feature","geometry":{"type":"LineString","coordinates":[[10.18957,45.43548],[10.18963,45.43539],[10.18972,45.43536]]},"properties":{}},{"type":"Feature","geometry":{"type":"LineString","coordinates":[[10.18988,45.4356],[10.18972,45.43562],[10.18962,45.43559]]},"properties":{}},{"type":"Feature","geometry":{"type":"LineString","coordinates":[[10.18979,45.43588],[10.18962,45.43559]]},"properties":{}},{"type":"Feature","geometry":{"type":"LineString","coordinates":[[10.18973,45.42631],[10.18969,45.42635]]},"properties":{}},{"type":"Feature","geometry":{"type":"LineString","coordinates":[[10.18972,45.43536],[10.18977,45.43536]]},"properties":{}},{"type":"Feature","geometry":{"type":"LineString","coordinates":[[10.18973,45.42631],[10.19,45.42593],[10.19044,45.42516],[10.19053,45.42497],[10.19038,45.42489],[10.1907,45.42423],[10.19097,45.42396]]},"properties":{}},{"type":"Feature","geometry":{"type":"LineString","coordinates":[[10.19097,45.42396],[10.19113,45.42398],[10.19063,45.42508],[10.19022,45.42575],[10.19016,45.42591],[10.18992,45.42622],[10.18973,45.42631]]},"properties":{}},{"type":"Feature","geometry":{"type":"LineString","coordinates":[[10.18977,45.43536],[10.18992,45.43542]]},"properties":{}},{"type":"Feature","geometry":{"type":"LineString","coordinates":[[10.18977,45.43536],[10.18994,45.43521]]},"properties":{}},{"type":"Feature","geometry":{"type":"LineString","coordinates":[[10.18988,45.43214],[10.18975,45.43211],[10.18974,45.43205],[10.18978,45.43201]]},"properties":{}},{"type":"Feature","geometry":{"type":"LineString","coordinates":[[10.18978,45.43201],[10.1898,45.43186]]},"properties":{}},{"type":"Feature","geometry":{"type":"LineString","coordinates":[[10.18978,45.43201],[10.18989,45.432]]},"properties":{}},{"type":"Feature","geometry":{"type":"LineString","coordinates":[[10.19035,45.43689],[10.18979,45.43588]]},"properties":{}},{"type":"Feature","geometry":{"type":"LineString","coordinates":[[10.18988,45.4356],[10.18979,45.43588]]},"properties":{}},{"type":"Feature","geometry":{"type":"LineString","coordinates":[[10.1898,45.43186],[10.18989,45.432]]},"properties":{}},{"type":"Feature","geometry":{"type":"LineString","coordinates":[[10.18992,45.43542],[10.18995,45.43551],[10.18988,45.4356]]},"properties":{}},{"type":"Feature","geometry":{"type":"LineString","coordinates":[[10.19006,45.43226],[10.18988,45.43214]]},"properties":{}},{"type":"Feature","geometry":{"type":"LineString","coordinates":[[10.18995,45.43209],[10.18988,45.43214]]},"properties":{}},{"type":"Feature","geometry":{"type":"LineString","coordinates":[[10.18989,45.432],[10.18994,45.43204],[10.18995,45.43209]]},"properties":{}},{"type":"Feature","geometry":{"type":"LineString","coordinates":[[10.18994,45.43521],[10.18992,45.43542]]},"properties":{}},{"type":"Feature","geometry":{"type":"LineString","coordinates":[[10.18994,45.43521],[10.19027,45.43312],[10.19026,45.43276],[10.1902,45.43251],[10.19006,45.43226]]},"properties":{}},{"type":"Feature","geometry":{"type":"LineString","coordinates":[[10.18995,45.43209],[10.19006,45.43226]]},"properties":{}},{"type":"Feature","geometry":{"type":"LineString","coordinates":[[10.19083,45.16809],[10.19062,45.16799],[10.19025,45.1679]]},"properties":{}},{"type":"Feature","geometry":{"type":"LineString","coordinates":[[10.19025,45.1679],[10.19072,45.1679],[10.19093,45.16786]]},"properties":{}},{"type":"Feature","geometry":{"type":"LineString","coordinates":[[10.19034,45.06197],[10.19071,45.06184]]},"properties":{}},{"type":"Feature","geometry":{"type":"LineString","coordinates":[[10.19078,45.06201],[10.19059,45.06197],[10.19034,45.06197]]},"properties":{}},{"type":"Feature","geometry":{"type":"LineString","coordinates":[[10.19035,45.43689],[10.19053,45.43713],[10.19074,45.4373]]},"properties":{}},{"type":"Feature","geometry":{"type":"LineString","coordinates":[[10.19047,45.43734],[10.19046,45.43716],[10.19035,45.43689]]},"properties":{}},{"type":"Feature","geometry":{"type":"LineString","coordinates":[[10.19059,45.4376],[10.19048,45.43755],[10.19042,45.43747],[10.19043,45.43739],[10.19047,45.43734]]},"properties":{}},{"type":"Feature","geometry":{"type":"LineString","coordinates":[[10.19047,45.43734],[10.19059,45.43728],[10.19074,45.4373]]},"properties":{}},{"type":"Feature","geometry":{"type":"LineString","coordinates":[[10.19083,45.43753],[10.19072,45.43759],[10.19059,45.4376]]},"properties":{}},{"type":"Feature","geometry":{"type":"LineString","coordinates":[[10.19089,45.43784],[10.19077,45.43771],[10.19059,45.4376]]},"properties":{}},{"type":"Feature","geometry":{"type":"LineString","coordinates":[[10.19078,45.06201],[10.19071,45.0619],[10.19071,45.06184]]},"properties":{}},{"type":"Feature","geometry":{"type":"LineString","coordinates":[[10.19071,45.06184],[10.19077,45.06175],[10.19091,45.06169],[10.19109,45.06171],[10.19117,45.06176]]},"properties":{}},{"type":"Feature","geometry":{"type":"LineString","coordinates":[[10.19074,45.4373],[10.19085,45.43738],[10.19087,45.43746],[10.19083,45.43753]]},"properties":{}},{"type":"Feature","geometry":{"type":"LineString","coordinates":[[10.19078,45.12681],[10.19137,45.12665],[10.19142,45.12681]]},"properties":{}},{"type":"Feature","geometry":{"type":"LineString","coordinates":[[10.19142,45.12681],[10.19078,45.12681]]},"properties":{}},{"type":"Feature","geometry":{"type":"LineString","coordinates":[[10.19123,45.06192],[10.19117,45.06201],[10.19105,45.06206],[10.19092,45.06206],[10.19078,45.06201]]},"properties":{}},{"type":"Feature","geometry":{"type":"LineString","coordinates":[[10.19081,45.19593],[10.19178,45.19648],[10.19225,45.1967]]},"properties":{}},{"type":"Feature","geometry":{"type":"LineString","coordinates":[[10.19225,45.1967],[10.19127,45.19635],[10.19081,45.19593]]},"properties":{}},{"type":"Feature","geometry":{"type":"LineString","coordinates":[[10.19083,45.43753],[10.19089,45.43784]]},"properties":{}},{"type":"Feature","geometry":{"type":"LineString","coordinates":[[10.19138,45.16819],[10.19126,45.16824],[10.1911,45.16826],[10.19096,45.16822],[10.19083,45.16809]]},"properties":{}},{"type":"Feature","geometry":{"type":"LineString","coordinates":[[10.19083,45.16809],[10.19083,45.16799],[10.19093,45.16786]]},"properties":{}},{"type":"Feature","geometry":{"type":"LineString","coordinates":[[10.19886,45.45131],[10.19089,45.43784]]},"properties":{}},{"type":"Feature","geometry":{"type":"LineString","coordinates":[[10.19093,45.16786],[10.19105,45.16781]]},"properties":{}},{"type":"Feature","geometry":{"type":"LineString","coordinates":[[10.19264,45.42032],[10.19097,45.42396]]},"properties":{}},{"type":"Feature","geometry":{"type":"LineString","coordinates":[[10.19105,45.16781],[10.19118,45.16736],[10.19158,45.16081],[10.19165,45.16035],[10.19194,45.15954],[10.19343,45.15668],[10.1938,45.15588],[10.19394,45.15542],[10.19404,45.15471]]},"properties":{}},{"type":"Feature","geometry":{"type":"LineString","coordinates":[[10.19105,45.16781],[10.19125,45.16781],[10.19134,45.16785],[10.19146,45.16797]]},"properties":{}},{"type":"Feature","geometry":{"type":"LineString","coordinates":[[10.19117,45.06176],[10.19172,45.06176]]},"properties":{}},{"type":"Feature","geometry":{"type":"LineString","coordinates":[[10.19117,45.06176],[10.19123,45.06183],[10.19123,45.06192]]},"properties":{}},{"type":"Feature","geometry":{"type":"LineString","coordinates":[[10.19172,45.06176],[10.19133,45.06185],[10.19123,45.06192]]},"properties":{}},{"type":"Feature","geometry":{"type":"LineString","coordinates":[[10.19146,45.16797],[10.19146,45.16809],[10.19138,45.16819]]},"properties":{}},{"type":"Feature","geometry":{"type":"LineString","coordinates":[[10.19216,45.16819],[10.19156,45.16815],[10.19138,45.16819]]},"properties":{}},{"type":"Feature","geometry":{"type":"LineString","coordinates":[[10.19142,45.12681],[10.19167,45.12764],[10.19228,45.12987]]},"properties":{}},{"type":"Feature","geometry":{"type":"LineString","coordinates":[[10.19146,45.16797],[10.19155,45.16804],[10.19172,45.16809],[10.19216,45.16819]]},"properties":{}},{"type":"Feature","geometry":{"type":"LineString","coordinates":[[10.19172,45.06176],[10.19531,45.06122],[10.20365,45.05989],[10.20579,45.05959],[10.20614,45.05957],[10.20657,45.05964],[10.20693,45.0598],[10.20815,45.06055],[10.20933,45.06146],[10.21024,45.06204],[10.21154,45.06264],[10.21333,45.06308],[10.21493,45.0634],[10.21568,45.06352],[10.2165,45.06354],[10.21818,45.06331],[10.21881,45.06318],[10.22166,45.06244],[10.2234,45.06183],[10.22395,45.06169],[10.22397,45.06161],[10.22464,45.06108],[10.22512,45.06062],[10.22528,45.06054],[10.22678,45.06001],[10.22873,45.05863],[10.22895,45.0585],[10.23004,45.05826],[10.23074,45.05802],[10.23112,45.05793],[10.23253,45.05764],[10.23397,45.05723],[10.23435,45.05788],[10.23439,45.05815],[10.23533,45.06098],[10.24523,45.06039],[10.24623,45.06028],[10.25487,45.05911],[10.25508,45.05905],[10.25545,45.05892],[10.25578,45.05875],[10.25906,45.05698],[10.25722,45.05529],[10.25666,45.05444],[10.25718,45.05413],[10.25818,45.05343],[10.26068,45.05144],[10.26125,45.05111],[10.26161,45.05095],[10.26288,45.05087],[10.26398,45.05075],[10.2654,45.0504],[10.26565,45.05031],[10.26731,45.04915],[10.26835,45.04826],[10.2686,45.04813],[10.27,45.04755],[10.2704,45.04736],[10.27235,45.04628],[10.27323,45.0456],[10.27516,45.04392],[10.27565,45.04354],[10.27621,45.04323],[10.27891,45.04203],[10.27907,45.0419],[10.2796,45.04048],[10.27972,45.03997],[10.28068,45.03463],[10.28097,45.03318],[10.28162,45.03005],[10.28184,45.02914],[10.28202,45.02856],[10.28405,45.02505],[10.28601,45.02134],[10.28614,45.02117],[10.28642,45.02093],[10.28721,45.0203],[10.28763,45.02007],[10.28877,45.01968],[10.29079,45.01908],[10.29136,45.019],[10.29162,45.01891],[10.29224,45.01861],[10.29237,45.0186],[10.29439,45.01883],[10.30177,45.0192],[10.30287,45.01929],[10.30412,45.01949],[10.30793,45.02024],[10.31361,45.02144]]},"properties":{}},{"type":"Feature","geometry":{"type":"LineString","coordinates":[[10.19216,45.16819],[10.19462,45.16856]]},"properties":{}},{"type":"Feature","geometry":{"type":"LineString","coordinates":[[10.24723,45.21922],[10.24144,45.21807],[10.24107,45.21797],[10.24079,45.21782],[10.23817,45.216],[10.23484,45.21445],[10.23451,45.21421],[10.23377,45.21359],[10.2335,45.2134],[10.23292,45.2132],[10.23139,45.21291],[10.23133,45.21302],[10.23124,45.21307],[10.23063,45.21317],[10.22998,45.21337],[10.22643,45.21486],[10.22613,45.21494],[10.22596,45.21496],[10.22386,45.21476],[10.223,45.21486],[10.22226,45.21503],[10.2221,45.21486],[10.22138,45.21425],[10.22128,45.21412],[10.22033,45.21433],[10.21919,45.21314],[10.21907,45.21296],[10.21901,45.21273],[10.21901,45.21247],[10.21917,45.2116],[10.21916,45.21153],[10.21909,45.21144],[10.21529,45.20929],[10.21428,45.20883],[10.21389,45.20872],[10.21,45.20797],[10.20957,45.20779],[10.20851,45.20726],[10.20738,45.20656],[10.20708,45.20641],[10.20676,45.20633],[10.20517,45.20622],[10.20482,45.20611],[10.20453,45.20583],[10.20378,45.20483],[10.20356,45.20463],[10.20182,45.20368],[10.19937,45.20171],[10.19788,45.20068],[10.19521,45.19848],[10.19346,45.19728],[10.19277,45.19689],[10.19225,45.1967]]},"properties":{}},{"type":"Feature","geometry":{"type":"LineString","coordinates":[[10.19228,45.12987],[10.19242,45.13007],[10.19255,45.13011],[10.19263,45.13021],[10.19262,45.13031],[10.19252,45.13039],[10.19249,45.13062]]},"properties":{}},{"type":"Feature","geometry":{"type":"LineString","coordinates":[[10.19249,45.13062],[10.19234,45.13042],[10.19223,45.13038],[10.19215,45.13029],[10.19214,45.13022],[10.19223,45.13011],[10.19228,45.12987]]},"properties":{}},{"type":"Feature","geometry":{"type":"LineString","coordinates":[[10.19249,45.13062],[10.19284,45.13189],[10.19289,45.13229],[10.19289,45.1327],[10.19284,45.1331],[10.19277,45.1334],[10.19102,45.13867],[10.19092,45.13918],[10.1909,45.13979],[10.19093,45.14013],[10.19156,45.14308],[10.19399,45.15407],[10.19404,45.15471]]},"properties":{}},{"type":"Feature","geometry":{"type":"LineString","coordinates":[[10.19264,45.42032],[10.1926,45.42021]]},"properties":{}},{"type":"Feature","geometry":{"type":"LineString","coordinates":[[10.1926,45.42021],[10.19249,45.42017],[10.19247,45.42008],[10.19256,45.42001],[10.19268,45.42002]]},"properties":{}},{"type":"Feature","geometry":{"type":"LineString","coordinates":[[10.19271,45.42019],[10.1926,45.42021]]},"properties":{}},{"type":"Feature","geometry":{"type":"LineString","coordinates":[[10.19271,45.42019],[10.19264,45.42032]]},"properties":{}},{"type":"Feature","geometry":{"type":"LineString","coordinates":[[10.19268,45.42002],[10.19276,45.42008]]},"properties":{}},{"type":"Feature","geometry":{"type":"LineString","coordinates":[[10.19268,45.42002],[10.19285,45.41986]]},"properties":{}},{"type":"Feature","geometry":{"type":"LineString","coordinates":[[10.19276,45.42008],[10.19275,45.42014],[10.19271,45.42019]]},"properties":{}},{"type":"Feature","geometry":{"type":"LineString","coordinates":[[10.19285,45.41986],[10.19276,45.42008]]},"properties":{}},{"type":"Feature","geometry":{"type":"LineString","coordinates":[[10.19457,45.41673],[10.1942,45.41719],[10.19391,45.41763],[10.19285,45.41986]]},"properties":{}},{"type":"Feature","geometry":{"type":"LineString","coordinates":[[10.19304,45.40035],[10.19377,45.40039],[10.19605,45.40024],[10.20141,45.39976]]},"properties":{}},{"type":"Feature","geometry":{"type":"LineString","coordinates":[[10.19304,45.40035],[10.19235,45.4004],[10.19206,45.40028],[10.19195,45.4002],[10.19151,45.39951],[10.19111,45.39915],[10.19101,45.39898],[10.19096,45.39881],[10.19095,45.39858],[10.19096,45.39843],[10.19102,45.39832],[10.19158,45.3981],[10.19193,45.39804],[10.1928,45.39809],[10.19335,45.39808],[10.19347,45.39812],[10.1935,45.39827],[10.19348,45.39905],[10.19328,45.3999],[10.19323,45.40005],[10.19304,45.40035]]},"properties":{}},{"type":"Feature","geometry":{"type":"LineString","coordinates":[[10.19363,45.27015],[10.19347,45.27005],[10.19344,45.27],[10.19346,45.26989]]},"properties":{}},{"type":"Feature","geometry":{"type":"LineString","coordinates":[[10.19346,45.26989],[10.1935,45.26968],[10.19347,45.26948]]},"properties":{}},{"type":"Feature","geometry":{"type":"LineString","coordinates":[[10.19346,45.26989],[10.19362,45.26979],[10.19385,45.26981]]},"properties":{}},{"type":"Feature","geometry":{"type":"LineString","coordinates":[[10.19347,45.26948],[10.19366,45.26968],[10.19385,45.26981]]},"properties":{}},{"type":"Feature","geometry":{"type":"LineString","coordinates":[[10.19395,45.27004],[10.19385,45.27013],[10.19363,45.27015]]},"properties":{}},{"type":"Feature","geometry":{"type":"LineString","coordinates":[[10.19385,45.26981],[10.19388,45.26983]]},"properties":{}},{"type":"Feature","geometry":{"type":"LineString","coordinates":[[10.19388,45.26983],[10.19415,45.26986],[10.1945,45.26984]]},"properties":{}},{"type":"Feature","geometry":{"type":"LineString","coordinates":[[10.19388,45.26983],[10.19397,45.26994],[10.19395,45.27004]]},"properties":{}},{"type":"Feature","geometry":{"type":"LineString","coordinates":[[10.1945,45.26984],[10.19395,45.27004]]},"properties":{}},{"type":"Feature","geometry":{"type":"LineString","coordinates":[[10.19404,45.15471],[10.19422,45.15514],[10.19432,45.15548],[10.1945,45.15641],[10.19544,45.16055]]},"properties":{}},{"type":"Feature","geometry":{"type":"LineString","coordinates":[[10.20215,45.26895],[10.19564,45.26966],[10.1945,45.26984]]},"properties":{}},{"type":"Feature","geometry":{"type":"LineString","coordinates":[[10.19484,45.4164],[10.19498,45.41653],[10.19498,45.41658],[10.19493,45.41668],[10.1948,45.41675],[10.19457,45.41673]]},"properties":{}},{"type":"Feature","geometry":{"type":"LineString","coordinates":[[10.19457,45.41673],[10.19445,45.4166],[10.19445,45.41655],[10.1945,45.41645],[10.19462,45.41639],[10.19484,45.4164]]},"properties":{}},{"type":"Feature","geometry":{"type":"LineString","coordinates":[[10.19462,45.16856],[10.22727,45.17349]]},"properties":{}},{"type":"Feature","geometry":{"type":"LineString","coordinates":[[10.19587,45.16419],[10.19588,45.16435],[10.19578,45.16513],[10.19574,45.16579],[10.19567,45.16612],[10.19462,45.16856]]},"properties":{}},{"type":"Feature","geometry":{"type":"LineString","coordinates":[[10.19524,45.41591],[10.19484,45.4164]]},"properties":{}},{"type":"Feature","geometry":{"type":"LineString","coordinates":[[10.21409,45.45488],[10.20401,45.43341],[10.19524,45.41591]]},"properties":{}},{"type":"Feature","geometry":{"type":"LineString","coordinates":[[10.19536,45.41576],[10.19524,45.41591]]},"properties":{}},{"type":"Feature","geometry":{"type":"LineString","coordinates":[[10.19536,45.41576],[10.20419,45.43337],[10.21161,45.44911],[10.21424,45.45477]]},"properties":{}},{"type":"Feature","geometry":{"type":"LineString","coordinates":[[10.20188,45.40089],[10.20075,45.40326],[10.19968,45.40542],[10.19648,45.4122],[10.19633,45.41263],[10.19597,45.41476],[10.19577,45.41524],[10.19536,45.41576]]},"properties":{}},{"type":"Feature","geometry":{"type":"LineString","coordinates":[[10.19563,45.30312],[10.19558,45.30302],[10.19538,45.30288],[10.19535,45.30282],[10.19538,45.30276]]},"properties":{}},{"type":"Feature","geometry":{"type":"LineString","coordinates":[[10.20331,45.27033],[10.20329,45.27039],[10.20333,45.27054],[10.20358,45.27083],[10.20364,45.27094],[10.20417,45.27227],[10.20417,45.27234],[10.20409,45.2725],[10.2036,45.27312],[10.20297,45.27359],[10.20267,45.27373],[10.20189,45.27401],[10.20093,45.27429],[10.19985,45.2747],[10.19895,45.27529],[10.19828,45.27542],[10.19819,45.27548],[10.19814,45.27576],[10.19807,45.27585],[10.19797,45.2759],[10.19775,45.27598],[10.19654,45.27622],[10.19695,45.27766],[10.19713,45.27847],[10.19711,45.27862],[10.1971,45.28172],[10.19702,45.28196],[10.19694,45.28211],[10.19654,45.28261],[10.19646,45.28277],[10.1964,45.28301],[10.1964,45.28321],[10.19643,45.28338],[10.1965,45.2835],[10.19692,45.284],[10.197,45.28415],[10.19705,45.28432],[10.19706,45.28449],[10.19698,45.28506],[10.19666,45.28559],[10.1966,45.28575],[10.19659,45.2859],[10.1967,45.28692],[10.19693,45.28796],[10.19691,45.28826],[10.19666,45.28888],[10.19659,45.28917],[10.19642,45.29118],[10.19639,45.29182],[10.19645,45.29199],[10.19646,45.29223],[10.19637,45.29268],[10.19623,45.29305],[10.19581,45.29377],[10.19451,45.29628],[10.19444,45.29637],[10.19433,45.29645],[10.19353,45.29679],[10.19343,45.29688],[10.19339,45.29701],[10.19359,45.29762],[10.19387,45.29948],[10.19397,45.2997],[10.19427,45.30013],[10.19436,45.30062],[10.19443,45.30069],[10.19478,45.30082],[10.19489,45.30094],[10.19492,45.30201],[10.19498,45.30216],[10.19533,45.30261],[10.19538,45.30276]]},"properties":{}},{"type":"Feature","geometry":{"type":"LineString","coordinates":[[10.19538,45.30276],[10.19549,45.3027],[10.1959,45.3027]]},"properties":{}},{"type":"Feature","geometry":{"type":"LineString","coordinates":[[10.19544,45.16065],[10.19538,45.16061],[10.19544,45.16055]]},"properties":{}},{"type":"Feature","geometry":{"type":"LineString","coordinates":[[10.19544,45.16055],[10.19552,45.1606],[10.19544,45.16065]]},"properties":{}},{"type":"Feature","geometry":{"type":"LineString","coordinates":[[10.19544,45.16065],[10.19598,45.16312],[10.19587,45.16381],[10.19587,45.16419]]},"properties":{}},{"type":"Feature","geometry":{"type":"LineString","coordinates":[[10.1959,45.3027],[10.19571,45.30284],[10.19563,45.30312]]},"properties":{}},{"type":"Feature","geometry":{"type":"LineString","coordinates":[[10.22727,45.17349],[10.22747,45.17298],[10.22837,45.17151],[10.22864,45.171],[10.22931,45.17],[10.22948,45.16957],[10.2295,45.16941],[10.22942,45.1689],[10.22832,45.16586],[10.2283,45.16568],[10.22835,45.16552],[10.22911,45.1647],[10.22922,45.16452],[10.23022,45.16083],[10.23065,45.15953],[10.2308,45.15838],[10.23005,45.15846],[10.2294,45.15862],[10.22866,45.15889],[10.22818,45.15896],[10.22781,45.1591],[10.22559,45.1593],[10.2251,45.15928],[10.2235,45.15914],[10.22334,45.15916],[10.22189,45.15981],[10.22036,45.16042],[10.21777,45.16155],[10.21501,45.16318],[10.21379,45.16357],[10.21139,45.16343],[10.21114,45.1635],[10.21024,45.1639],[10.20993,45.16399],[10.20839,45.16396],[10.20793,45.16403],[10.20645,45.16439],[10.20579,45.16446],[10.20434,45.16443],[10.2016,45.16429],[10.19856,45.16398],[10.19587,45.16419]]},"properties":{}},{"type":"Feature","geometry":{"type":"LineString","coordinates":[[10.20031,45.30166],[10.19909,45.30167],[10.19866,45.30172],[10.1959,45.3027]]},"properties":{}},{"type":"Feature","geometry":{"type":"LineString","coordinates":[[10.19886,45.45131],[10.19915,45.45149]]},"properties":{}},{"type":"Feature","geometry":{"type":"LineString","coordinates":[[10.19894,45.45155],[10.19886,45.45131]]},"properties":{}},{"type":"Feature","geometry":{"type":"LineString","coordinates":[[10.19906,45.45178],[10.19892,45.45169],[10.19892,45.4516],[10.19894,45.45155]]},"properties":{}},{"type":"Feature","geometry":{"type":"LineString","coordinates":[[10.19894,45.45155],[10.19903,45.4515],[10.19915,45.45149]]},"properties":{}},{"type":"Feature","geometry":{"type":"LineString","coordinates":[[10.19926,45.45175],[10.19906,45.45178]]},"properties":{}},{"type":"Feature","geometry":{"type":"LineString","coordinates":[[10.19922,45.45194],[10.19906,45.45178]]},"properties":{}},{"type":"Feature","geometry":{"type":"LineString","coordinates":[[10.19915,45.45149],[10.19927,45.45153],[10.19933,45.45162],[10.19932,45.45166],[10.19926,45.45175]]},"properties":{}},{"type":"Feature","geometry":{"type":"LineString","coordinates":[[10.20223,45.45685],[10.2014,45.4556],[10.19922,45.45194]]},"properties":{}},{"type":"Feature","geometry":{"type":"LineString","coordinates":[[10.19926,45.45175],[10.19922,45.45194]]},"properties":{}},{"type":"Feature","geometry":{"type":"LineString","coordinates":[[10.20063,45.30176],[10.20031,45.30166]]},"properties":{}},{"type":"Feature","geometry":{"type":"LineString","coordinates":[[10.20031,45.30166],[10.20063,45.30159]]},"properties":{}},{"type":"Feature","geometry":{"type":"LineString","coordinates":[[10.20063,45.30176],[10.2006,45.30165],[10.20063,45.30159]]},"properties":{}},{"type":"Feature","geometry":{"type":"LineString","coordinates":[[10.20063,45.30159],[10.20075,45.30151],[10.20091,45.3015],[10.20099,45.30153],[10.20109,45.30162]]},"properties":{}},{"type":"Feature","geometry":{"type":"LineString","coordinates":[[10.20108,45.30176],[10.20097,45.30183],[10.20084,45.30185],[10.20072,45.30183],[10.20063,45.30176]]},"properties":{}},{"type":"Feature","geometry":{"type":"LineString","coordinates":[[10.20109,45.30162],[10.20108,45.30176]]},"properties":{}},{"type":"Feature","geometry":{"type":"LineString","coordinates":[[10.20145,45.30168],[10.20108,45.30176]]},"properties":{}},{"type":"Feature","geometry":{"type":"LineString","coordinates":[[10.20109,45.30162],[10.20145,45.30168]]},"properties":{}},{"type":"Feature","geometry":{"type":"LineString","coordinates":[[10.20178,45.39991],[10.20166,45.39982],[10.20141,45.39976]]},"properties":{}},{"type":"Feature","geometry":{"type":"LineString","coordinates":[[10.20141,45.39976],[10.20182,45.39973]]},"properties":{}},{"type":"Feature","geometry":{"type":"LineString","coordinates":[[10.21117,45.30034],[10.21053,45.30043],[10.20998,45.30055],[10.2086,45.30094],[10.20742,45.30105],[10.20684,45.30101],[10.20648,45.30104],[10.20514,45.30154],[10.20492,45.30159],[10.20145,45.30168]]},"properties":{}},{"type":"Feature","geometry":{"type":"LineString","coordinates":[[10.20194,45.40004],[10.20187,45.40001],[10.20178,45.39991]]},"properties":{}},{"type":"Feature","geometry":{"type":"LineString","coordinates":[[10.20178,45.39991],[10.20178,45.39978],[10.20182,45.39973]]},"properties":{}},{"type":"Feature","geometry":{"type":"LineString","coordinates":[[10.20182,45.39973],[10.20189,45.39968],[10.20208,45.39964]]},"properties":{}},{"type":"Feature","geometry":{"type":"LineString","coordinates":[[10.20188,45.40089],[10.202,45.40033],[10.202,45.40017],[10.20194,45.40004]]},"properties":{}},{"type":"Feature","geometry":{"type":"LineString","coordinates":[[10.20218,45.40004],[10.2021,45.40018],[10.20206,45.40045],[10.20199,45.40066],[10.20188,45.40089]]},"properties":{}},{"type":"Feature","geometry":{"type":"LineString","coordinates":[[10.20218,45.40004],[10.20194,45.40004]]},"properties":{}},{"type":"Feature","geometry":{"type":"LineString","coordinates":[[10.20208,45.39964],[10.20222,45.39967],[10.20233,45.39975]]},"properties":{}},{"type":"Feature","geometry":{"type":"LineString","coordinates":[[10.20208,45.39964],[10.20231,45.39955],[10.20246,45.39943]]},"properties":{}},{"type":"Feature","geometry":{"type":"LineString","coordinates":[[10.20331,45.27033],[10.20308,45.27024],[10.20245,45.26974],[10.2023,45.26951],[10.20215,45.26895]]},"properties":{}},{"type":"Feature","geometry":{"type":"LineString","coordinates":[[10.20215,45.26895],[10.20501,45.26864]]},"properties":{}},{"type":"Feature","geometry":{"type":"LineString","coordinates":[[10.20233,45.39975],[10.20236,45.39984],[10.20234,45.39993],[10.20218,45.40004]]},"properties":{}},{"type":"Feature","geometry":{"type":"LineString","coordinates":[[10.20223,45.45685],[10.20279,45.45751]]},"properties":{}},{"type":"Feature","geometry":{"type":"LineString","coordinates":[[10.20245,45.45761],[10.20246,45.45745],[10.2024,45.4572],[10.20223,45.45685]]},"properties":{}},{"type":"Feature","geometry":{"type":"LineString","coordinates":[[10.20246,45.39943],[10.20234,45.39963],[10.20233,45.39975]]},"properties":{}},{"type":"Feature","geometry":{"type":"LineString","coordinates":[[10.2028,45.36436],[10.20236,45.36426]]},"properties":{}},{"type":"Feature","geometry":{"type":"LineString","coordinates":[[10.20236,45.36426],[10.20273,45.36423],[10.20283,45.36417]]},"properties":{}},{"type":"Feature","geometry":{"type":"LineString","coordinates":[[10.20275,45.45807],[10.20251,45.45801],[10.20239,45.45789],[10.20236,45.45776],[10.20245,45.45761]]},"properties":{}},{"type":"Feature","geometry":{"type":"LineString","coordinates":[[10.20245,45.45761],[10.20267,45.45751],[10.20279,45.45751]]},"properties":{}},{"type":"Feature","geometry":{"type":"LineString","coordinates":[[10.20246,45.39943],[10.20361,45.39715],[10.20872,45.38671],[10.21622,45.37124]]},"properties":{}},{"type":"Feature","geometry":{"type":"LineString","coordinates":[[10.20365,45.45935],[10.20353,45.45918],[10.20329,45.45869],[10.20314,45.45845],[10.20296,45.45824],[10.20275,45.45807]]},"properties":{}},{"type":"Feature","geometry":{"type":"LineString","coordinates":[[10.20306,45.45798],[10.20292,45.45805],[10.20275,45.45807]]},"properties":{}},{"type":"Feature","geometry":{"type":"LineString","coordinates":[[10.20279,45.45751],[10.203,45.45756],[10.20314,45.45768]]},"properties":{}},{"type":"Feature","geometry":{"type":"LineString","coordinates":[[10.20334,45.36441],[10.20321,45.36449],[10.20301,45.3645],[10.20292,45.36447],[10.2028,45.36436]]},"properties":{}},{"type":"Feature","geometry":{"type":"LineString","coordinates":[[10.2028,45.36436],[10.20278,45.3643],[10.20283,45.36417]]},"properties":{}},{"type":"Feature","geometry":{"type":"LineString","coordinates":[[10.20283,45.36417],[10.20298,45.36409],[10.20306,45.36408],[10.20324,45.36411],[10.20336,45.3642]]},"properties":{}},{"type":"Feature","geometry":{"type":"LineString","coordinates":[[10.20306,45.45798],[10.20319,45.45833],[10.20354,45.45888]]},"properties":{}},{"type":"Feature","geometry":{"type":"LineString","coordinates":[[10.20314,45.45768],[10.20317,45.45777],[10.20315,45.45786],[10.20306,45.45798]]},"properties":{}},{"type":"Feature","geometry":{"type":"LineString","coordinates":[[10.20314,45.45768],[10.20333,45.45783],[10.20349,45.4579],[10.2043,45.45802]]},"properties":{}},{"type":"Feature","geometry":{"type":"LineString","coordinates":[[10.20501,45.26864],[10.20495,45.26872],[10.2041,45.26954],[10.20357,45.27003],[10.20331,45.27033]]},"properties":{}},{"type":"Feature","geometry":{"type":"LineString","coordinates":[[10.20336,45.3642],[10.20339,45.36427],[10.20334,45.36441]]},"properties":{}},{"type":"Feature","geometry":{"type":"LineString","coordinates":[[10.20395,45.36434],[10.20353,45.36435],[10.20334,45.36441]]},"properties":{}},{"type":"Feature","geometry":{"type":"LineString","coordinates":[[10.20336,45.3642],[10.20357,45.36429],[10.20395,45.36434]]},"properties":{}},{"type":"Feature","geometry":{"type":"LineString","coordinates":[[10.20354,45.45888],[10.20365,45.45935]]},"properties":{}},{"type":"Feature","geometry":{"type":"LineString","coordinates":[[10.2043,45.45802],[10.20404,45.45802],[10.20388,45.45805],[10.20374,45.4581],[10.20362,45.4582],[10.20353,45.4584],[10.20351,45.45858],[10.20354,45.45888]]},"properties":{}},{"type":"Feature","geometry":{"type":"LineString","coordinates":[[10.2085,45.46779],[10.20827,45.46722],[10.20809,45.46689],[10.20577,45.46294],[10.2039,45.45986],[10.20365,45.45935]]},"properties":{}},{"type":"Feature","geometry":{"type":"LineString","coordinates":[[10.20395,45.36434],[10.20506,45.3644],[10.20566,45.3645],[10.20836,45.36516]]},"properties":{}},{"type":"Feature","geometry":{"type":"LineString","coordinates":[[10.2043,45.45802],[10.20757,45.4583]]},"properties":{}},{"type":"Feature","geometry":{"type":"LineString","coordinates":[[10.20501,45.26864],[10.20892,45.26842],[10.20988,45.26844],[10.21112,45.2683],[10.21133,45.2683]]},"properties":{}},{"type":"Feature","geometry":{"type":"LineString","coordinates":[[10.20842,45.45836],[10.20757,45.4583]]},"properties":{}},{"type":"Feature","geometry":{"type":"LineString","coordinates":[[10.20757,45.4583],[10.20804,45.45827],[10.2083,45.45813]]},"properties":{}},{"type":"Feature","geometry":{"type":"LineString","coordinates":[[10.20806,45.49923],[10.20484,45.49982],[10.20432,45.49891],[10.20372,45.49777],[10.20369,45.49766],[10.20366,45.49686],[10.20348,45.49547],[10.20351,45.49531],[10.20356,45.49524],[10.20409,45.49498],[10.20512,45.49492],[10.20529,45.49489],[10.206,45.49463],[10.20566,45.49308],[10.20531,45.4913],[10.20562,45.49128],[10.20646,45.49133],[10.20682,45.4914],[10.20784,45.49167],[10.20879,45.49177],[10.20946,45.49175],[10.20966,45.49177],[10.20988,45.49185],[10.21072,45.49398],[10.2105,45.49411],[10.21029,45.49417],[10.20824,45.49436],[10.20816,45.49442],[10.20821,45.4945],[10.20831,45.4945],[10.20848,45.49462],[10.20857,45.4951],[10.20864,45.49585],[10.20863,45.496],[10.20852,45.49628],[10.208,45.49822],[10.20796,45.4988],[10.20799,45.49904],[10.20806,45.49923]]},"properties":{}},{"type":"Feature","geometry":{"type":"LineString","coordinates":[[10.20806,45.49923],[10.20963,45.49899],[10.21257,45.49864],[10.21264,45.49882],[10.21278,45.49901]]},"properties":{}},{"type":"Feature","geometry":{"type":"LineString","coordinates":[[10.20842,45.45836],[10.20829,45.45824],[10.2083,45.45813]]},"properties":{}},{"type":"Feature","geometry":{"type":"LineString","coordinates":[[10.2083,45.45813],[10.2084,45.45805],[10.20853,45.45802],[10.20873,45.45809]]},"properties":{}},{"type":"Feature","geometry":{"type":"LineString","coordinates":[[10.20836,45.36516],[10.20883,45.36517],[10.20896,45.36524],[10.20896,45.36534],[10.20886,45.36542],[10.20872,45.3656]]},"properties":{}},{"type":"Feature","geometry":{"type":"LineString","coordinates":[[10.20872,45.3656],[10.20866,45.36539],[10.20836,45.36516]]},"properties":{}},{"type":"Feature","geometry":{"type":"LineString","coordinates":[[10.20874,45.4583],[10.20857,45.45838],[10.20842,45.45836]]},"properties":{}},{"type":"Feature","geometry":{"type":"LineString","coordinates":[[10.2085,45.46779],[10.20882,45.46805]]},"properties":{}},{"type":"Feature","geometry":{"type":"LineString","coordinates":[[10.20854,45.46814],[10.20854,45.46796],[10.2085,45.46779]]},"properties":{}},{"type":"Feature","geometry":{"type":"LineString","coordinates":[[10.20878,45.46852],[10.20861,45.46848],[10.20849,45.46839],[10.20846,45.46825],[10.20854,45.46814]]},"properties":{}},{"type":"Feature","geometry":{"type":"LineString","coordinates":[[10.20854,45.46814],[10.20872,45.46806],[10.20882,45.46805]]},"properties":{}},{"type":"Feature","geometry":{"type":"LineString","coordinates":[[10.20872,45.3656],[10.20859,45.36615],[10.20854,45.36661],[10.20856,45.36737],[10.20861,45.36807],[10.20865,45.36823],[10.20877,45.36839],[10.20899,45.36856],[10.2099,45.36886]]},"properties":{}},{"type":"Feature","geometry":{"type":"LineString","coordinates":[[10.20873,45.45809],[10.20902,45.45813],[10.20934,45.4581]]},"properties":{}},{"type":"Feature","geometry":{"type":"LineString","coordinates":[[10.20873,45.45809],[10.20879,45.45819],[10.20874,45.4583]]},"properties":{}},{"type":"Feature","geometry":{"type":"LineString","coordinates":[[10.20934,45.4581],[10.20874,45.4583]]},"properties":{}},{"type":"Feature","geometry":{"type":"LineString","coordinates":[[10.20914,45.46886],[10.20878,45.46852]]},"properties":{}},{"type":"Feature","geometry":{"type":"LineString","coordinates":[[10.20908,45.46843],[10.20895,45.4685],[10.20878,45.46852]]},"properties":{}},{"type":"Feature","geometry":{"type":"LineString","coordinates":[[10.20882,45.46805],[10.20899,45.46809],[10.20912,45.46821],[10.20913,45.46834],[10.20908,45.46843]]},"properties":{}},{"type":"Feature","geometry":{"type":"LineString","coordinates":[[10.20908,45.46843],[10.20907,45.46856],[10.20914,45.46886]]},"properties":{}},{"type":"Feature","geometry":{"type":"LineString","coordinates":[[10.21365,45.47645],[10.21233,45.47404],[10.20961,45.46947],[10.20914,45.46886]]},"properties":{}},{"type":"Feature","geometry":{"type":"LineString","coordinates":[[10.20947,45.31487],[10.20924,45.31488]]},"properties":{}},{"type":"Feature","geometry":{"type":"LineString","coordinates":[[10.20953,45.31553],[10.20936,45.31504],[10.20924,45.31488]]},"properties":{}},{"type":"Feature","geometry":{"type":"LineString","coordinates":[[10.20924,45.31488],[10.2091,45.31482],[10.20906,45.31477],[10.20905,45.31465],[10.20908,45.31459],[10.20929,45.31449],[10.20951,45.31454]]},"properties":{}},{"type":"Feature","geometry":{"type":"LineString","coordinates":[[10.20934,45.4581],[10.21019,45.45775],[10.21053,45.45754],[10.21409,45.45488]]},"properties":{}},{"type":"Feature","geometry":{"type":"LineString","coordinates":[[10.20947,45.31487],[10.20953,45.31553]]},"properties":{}},{"type":"Feature","geometry":{"type":"LineString","coordinates":[[10.20961,45.31468],[10.20958,45.31479],[10.20947,45.31487]]},"properties":{}},{"type":"Feature","geometry":{"type":"LineString","coordinates":[[10.20951,45.31454],[10.20961,45.31468]]},"properties":{}},{"type":"Feature","geometry":{"type":"LineString","coordinates":[[10.20951,45.31454],[10.20976,45.31445],[10.20988,45.31436]]},"properties":{}},{"type":"Feature","geometry":{"type":"LineString","coordinates":[[10.20953,45.31553],[10.21133,45.32211],[10.2116,45.32285],[10.21212,45.32396],[10.21301,45.32567],[10.21348,45.32666],[10.21378,45.32743],[10.214,45.32811],[10.21447,45.32999],[10.21479,45.33134],[10.21482,45.33162]]},"properties":{}},{"type":"Feature","geometry":{"type":"LineString","coordinates":[[10.20988,45.31436],[10.20966,45.31459],[10.20961,45.31468]]},"properties":{}},{"type":"Feature","geometry":{"type":"LineString","coordinates":[[10.21112,45.31208],[10.20992,45.31386],[10.2099,45.31398],[10.20993,45.31427],[10.20988,45.31436]]},"properties":{}},{"type":"Feature","geometry":{"type":"LineString","coordinates":[[10.21025,45.36892],[10.2099,45.36886]]},"properties":{}},{"type":"Feature","geometry":{"type":"LineString","coordinates":[[10.2099,45.36886],[10.2103,45.36884]]},"properties":{}},{"type":"Feature","geometry":{"type":"LineString","coordinates":[[10.2105,45.36903],[10.21032,45.36901],[10.21025,45.36892]]},"properties":{}},{"type":"Feature","geometry":{"type":"LineString","coordinates":[[10.21025,45.36892],[10.2103,45.36884]]},"properties":{}},{"type":"Feature","geometry":{"type":"LineString","coordinates":[[10.2103,45.36884],[10.21043,45.36879],[10.21061,45.36881],[10.21067,45.3689],[10.21063,45.36898]]},"properties":{}},{"type":"Feature","geometry":{"type":"LineString","coordinates":[[10.2108,45.36915],[10.2105,45.36903]]},"properties":{}},{"type":"Feature","geometry":{"type":"LineString","coordinates":[[10.21063,45.36898],[10.2105,45.36903]]},"properties":{}},{"type":"Feature","geometry":{"type":"LineString","coordinates":[[10.21063,45.36898],[10.2108,45.36915]]},"properties":{}},{"type":"Feature","geometry":{"type":"LineString","coordinates":[[10.21086,45.30377],[10.21074,45.30376],[10.21065,45.3037]]},"properties":{}},{"type":"Feature","geometry":{"type":"LineString","coordinates":[[10.21068,45.30392],[10.21065,45.3037]]},"properties":{}},{"type":"Feature","geometry":{"type":"LineString","coordinates":[[10.21065,45.3037],[10.21062,45.30357],[10.21068,45.3035],[10.2108,45.30346]]},"properties":{}},{"type":"Feature","geometry":{"type":"LineString","coordinates":[[10.21068,45.30392],[10.20973,45.30614],[10.2097,45.30641],[10.20972,45.30665],[10.20974,45.30683],[10.20993,45.30732],[10.21127,45.31023]]},"properties":{}},{"type":"Feature","geometry":{"type":"LineString","coordinates":[[10.21086,45.30377],[10.21068,45.30392]]},"properties":{}},{"type":"Feature","geometry":{"type":"LineString","coordinates":[[10.2108,45.36915],[10.21365,45.37003]]},"properties":{}},{"type":"Feature","geometry":{"type":"LineString","coordinates":[[10.2108,45.30346],[10.21094,45.3033]]},"properties":{}},{"type":"Feature","geometry":{"type":"LineString","coordinates":[[10.2108,45.30346],[10.21098,45.3035]]},"properties":{}},{"type":"Feature","geometry":{"type":"LineString","coordinates":[[10.21098,45.3035],[10.21105,45.30357],[10.21105,45.30366],[10.21099,45.30373],[10.21086,45.30377]]},"properties":{}},{"type":"Feature","geometry":{"type":"LineString","coordinates":[[10.21094,45.3033],[10.21098,45.3035]]},"properties":{}},{"type":"Feature","geometry":{"type":"LineString","coordinates":[[10.21117,45.30034],[10.2111,45.30283],[10.21094,45.3033]]},"properties":{}},{"type":"Feature","geometry":{"type":"LineString","coordinates":[[10.21128,45.31171],[10.21107,45.31174],[10.21094,45.31169]]},"properties":{}},{"type":"Feature","geometry":{"type":"LineString","coordinates":[[10.21112,45.31208],[10.21108,45.31186],[10.21094,45.31169]]},"properties":{}},{"type":"Feature","geometry":{"type":"LineString","coordinates":[[10.21094,45.31169],[10.21087,45.31159],[10.2109,45.31147],[10.21095,45.31142]]},"properties":{}},{"type":"Feature","geometry":{"type":"LineString","coordinates":[[10.21095,45.31142],[10.21105,45.31131],[10.21129,45.31077],[10.21133,45.31059],[10.21127,45.31023]]},"properties":{}},{"type":"Feature","geometry":{"type":"LineString","coordinates":[[10.21095,45.31142],[10.21118,45.31137],[10.21133,45.31143]]},"properties":{}},{"type":"Feature","geometry":{"type":"LineString","coordinates":[[10.21128,45.31171],[10.21112,45.31208]]},"properties":{}},{"type":"Feature","geometry":{"type":"LineString","coordinates":[[10.21117,45.30034],[10.21119,45.29764],[10.21122,45.29681],[10.2113,45.29656]]},"properties":{}},{"type":"Feature","geometry":{"type":"LineString","coordinates":[[10.21124,45.29575],[10.21134,45.29591],[10.21145,45.296]]},"properties":{}},{"type":"Feature","geometry":{"type":"LineString","coordinates":[[10.21128,45.29609],[10.21124,45.29575]]},"properties":{}},{"type":"Feature","geometry":{"type":"LineString","coordinates":[[10.21368,45.28245],[10.21376,45.28285],[10.21376,45.28297],[10.21368,45.28326],[10.21159,45.288],[10.2113,45.28873],[10.21122,45.28912],[10.21124,45.29575]]},"properties":{}},{"type":"Feature","geometry":{"type":"LineString","coordinates":[[10.21127,45.31023],[10.21138,45.3105],[10.21138,45.3106],[10.21134,45.31077],[10.2112,45.31112],[10.21123,45.31129],[10.21133,45.31143]]},"properties":{}},{"type":"Feature","geometry":{"type":"LineString","coordinates":[[10.21161,45.29638],[10.21146,45.29639],[10.21128,45.2963]]},"properties":{}},{"type":"Feature","geometry":{"type":"LineString","coordinates":[[10.2113,45.29656],[10.21128,45.2963]]},"properties":{}},{"type":"Feature","geometry":{"type":"LineString","coordinates":[[10.21128,45.2963],[10.21123,45.29621],[10.21128,45.29609]]},"properties":{}},{"type":"Feature","geometry":{"type":"LineString","coordinates":[[10.21128,45.29609],[10.21145,45.296]]},"properties":{}},{"type":"Feature","geometry":{"type":"LineString","coordinates":[[10.21133,45.31143],[10.2114,45.31156],[10.21137,45.31165],[10.21128,45.31171]]},"properties":{}},{"type":"Feature","geometry":{"type":"LineString","coordinates":[[10.21161,45.29638],[10.21144,45.29645],[10.2113,45.29656]]},"properties":{}},{"type":"Feature","geometry":{"type":"LineString","coordinates":[[10.21133,45.2683],[10.2116,45.26831],[10.21186,45.26827]]},"properties":{}},{"type":"Feature","geometry":{"type":"LineString","coordinates":[[10.2117,45.26852],[10.21161,45.26844],[10.21133,45.2683]]},"properties":{}},{"type":"Feature","geometry":{"type":"LineString","coordinates":[[10.21145,45.296],[10.21165,45.29602],[10.21179,45.29615],[10.21178,45.29626],[10.21174,45.29631],[10.21161,45.29638]]},"properties":{}},{"type":"Feature","geometry":{"type":"LineString","coordinates":[[10.21217,45.26834],[10.21223,45.26847],[10.21216,45.26858],[10.2121,45.26861],[10.21187,45.26863],[10.2117,45.26852]]},"properties":{}},{"type":"Feature","geometry":{"type":"LineString","coordinates":[[10.2117,45.26852],[10.21169,45.2684],[10.21178,45.2683],[10.21186,45.26827]]},"properties":{}},{"type":"Feature","geometry":{"type":"LineString","coordinates":[[10.21186,45.26827],[10.21195,45.26826]]},"properties":{}},{"type":"Feature","geometry":{"type":"LineString","coordinates":[[10.21195,45.26826],[10.21212,45.2683]]},"properties":{}},{"type":"Feature","geometry":{"type":"LineString","coordinates":[[10.21195,45.26826],[10.21209,45.26813],[10.21211,45.26805]]},"properties":{}},{"type":"Feature","geometry":{"type":"LineString","coordinates":[[10.21211,45.26805],[10.21215,45.26819],[10.21212,45.2683]]},"properties":{}},{"type":"Feature","geometry":{"type":"LineString","coordinates":[[10.21211,45.26805],[10.2114,45.26615],[10.2114,45.26592],[10.21146,45.26576],[10.21157,45.26562],[10.21174,45.26549],[10.21195,45.26541],[10.21221,45.26535],[10.21421,45.26549],[10.21545,45.2654],[10.21574,45.26533],[10.21625,45.26512],[10.21659,45.26502],[10.21897,45.26411],[10.22038,45.26405],[10.22088,45.26398],[10.22148,45.26369],[10.22192,45.2634],[10.222,45.26328],[10.22242,45.2623],[10.22263,45.2621],[10.2228,45.26198]]},"properties":{}},{"type":"Feature","geometry":{"type":"LineString","coordinates":[[10.21212,45.2683],[10.21217,45.26834]]},"properties":{}},{"type":"Feature","geometry":{"type":"LineString","coordinates":[[10.21724,45.27036],[10.21729,45.27024],[10.21667,45.26836],[10.2166,45.26833],[10.21577,45.26833],[10.21513,45.26842],[10.21383,45.26847],[10.21289,45.26856],[10.21266,45.26852],[10.21237,45.26832],[10.21217,45.26834]]},"properties":{}},{"type":"Feature","geometry":{"type":"LineString","coordinates":[[10.21278,45.49901],[10.21312,45.49915],[10.21315,45.49922],[10.21312,45.49929],[10.21313,45.49943]]},"properties":{}},{"type":"Feature","geometry":{"type":"LineString","coordinates":[[10.21313,45.49943],[10.21279,45.49929],[10.21276,45.49921],[10.21278,45.49901]]},"properties":{}},{"type":"Feature","geometry":{"type":"LineString","coordinates":[[10.21368,45.5],[10.21313,45.49943]]},"properties":{}},{"type":"Feature","geometry":{"type":"LineString","coordinates":[[10.21365,45.37003],[10.21381,45.37005],[10.21399,45.36999]]},"properties":{}},{"type":"Feature","geometry":{"type":"LineString","coordinates":[[10.21398,45.37013],[10.21365,45.37003]]},"properties":{}},{"type":"Feature","geometry":{"type":"LineString","coordinates":[[10.21365,45.47645],[10.21407,45.477],[10.21427,45.47707]]},"properties":{}},{"type":"Feature","geometry":{"type":"LineString","coordinates":[[10.21386,45.47717],[10.21385,45.47703],[10.21365,45.47645]]},"properties":{}},{"type":"Feature","geometry":{"type":"LineString","coordinates":[[10.21368,45.28245],[10.21354,45.28243],[10.21342,45.28237],[10.21336,45.28228],[10.21338,45.28218],[10.21347,45.28209],[10.2136,45.28205],[10.21374,45.28206],[10.21386,45.28212]]},"properties":{}},{"type":"Feature","geometry":{"type":"LineString","coordinates":[[10.21386,45.28212],[10.21392,45.28221],[10.21391,45.28232],[10.21382,45.28241],[10.21368,45.28245]]},"properties":{}},{"type":"Feature","geometry":{"type":"LineString","coordinates":[[10.21571,45.27776],[10.21552,45.27782],[10.21542,45.27793],[10.21542,45.278],[10.21558,45.27835],[10.21564,45.2786],[10.21556,45.27896],[10.21443,45.28152],[10.2142,45.28185],[10.21386,45.28212]]},"properties":{}},{"type":"Feature","geometry":{"type":"LineString","coordinates":[[10.21396,45.47753],[10.21381,45.47737],[10.21381,45.47725],[10.21386,45.47717]]},"properties":{}},{"type":"Feature","geometry":{"type":"LineString","coordinates":[[10.21386,45.47717],[10.21404,45.47708],[10.21427,45.47707]]},"properties":{}},{"type":"Feature","geometry":{"type":"LineString","coordinates":[[10.2144,45.4775],[10.21424,45.47756],[10.21396,45.47753]]},"properties":{}},{"type":"Feature","geometry":{"type":"LineString","coordinates":[[10.21439,45.47823],[10.21407,45.4776],[10.21396,45.47753]]},"properties":{}},{"type":"Feature","geometry":{"type":"LineString","coordinates":[[10.21418,45.37019],[10.21409,45.37019],[10.21398,45.37013]]},"properties":{}},{"type":"Feature","geometry":{"type":"LineString","coordinates":[[10.21398,45.37013],[10.21395,45.37006],[10.21399,45.36999]]},"properties":{}},{"type":"Feature","geometry":{"type":"LineString","coordinates":[[10.21399,45.36999],[10.21409,45.36994],[10.21421,45.36995],[10.2143,45.37001],[10.2143,45.37012]]},"properties":{}},{"type":"Feature","geometry":{"type":"LineString","coordinates":[[10.23058,45.49715],[10.23033,45.49687],[10.22927,45.49545],[10.22891,45.49488],[10.22853,45.49418],[10.22817,45.49336],[10.21911,45.46618],[10.21846,45.46433],[10.2177,45.46255],[10.21409,45.45488]]},"properties":{}},{"type":"Feature","geometry":{"type":"LineString","coordinates":[[10.21409,45.45488],[10.21424,45.45477]]},"properties":{}},{"type":"Feature","geometry":{"type":"LineString","coordinates":[[10.21442,45.37029],[10.21418,45.37019]]},"properties":{}},{"type":"Feature","geometry":{"type":"LineString","coordinates":[[10.2143,45.37012],[10.21418,45.37019]]},"properties":{}},{"type":"Feature","geometry":{"type":"LineString","coordinates":[[10.21424,45.45477],[10.21787,45.46249],[10.21862,45.46426],[10.21927,45.46609],[10.22835,45.49331],[10.22872,45.49413],[10.22909,45.49483],[10.22945,45.49539],[10.23012,45.49632],[10.23075,45.49708]]},"properties":{}},{"type":"Feature","geometry":{"type":"LineString","coordinates":[[10.21424,45.45477],[10.21561,45.45366],[10.21921,45.45093]]},"properties":{}},{"type":"Feature","geometry":{"type":"LineString","coordinates":[[10.21427,45.47707],[10.21441,45.47713],[10.21451,45.47726],[10.21451,45.47734],[10.21448,45.47743],[10.2144,45.4775]]},"properties":{}},{"type":"Feature","geometry":{"type":"LineString","coordinates":[[10.2143,45.37012],[10.21442,45.37029]]},"properties":{}},{"type":"Feature","geometry":{"type":"LineString","coordinates":[[10.21465,45.47952],[10.21455,45.47873],[10.21439,45.47823]]},"properties":{}},{"type":"Feature","geometry":{"type":"LineString","coordinates":[[10.2144,45.4775],[10.21433,45.47765],[10.21439,45.47823]]},"properties":{}},{"type":"Feature","geometry":{"type":"LineString","coordinates":[[10.21442,45.37029],[10.2159,45.37073]]},"properties":{}},{"type":"Feature","geometry":{"type":"LineString","coordinates":[[10.21458,45.48007],[10.21445,45.48003],[10.21438,45.47996],[10.2144,45.47987],[10.21446,45.47982]]},"properties":{}},{"type":"Feature","geometry":{"type":"LineString","coordinates":[[10.21446,45.47982],[10.2146,45.47964],[10.21465,45.47952]]},"properties":{}},{"type":"Feature","geometry":{"type":"LineString","coordinates":[[10.21446,45.47982],[10.21458,45.47979],[10.2147,45.47982]]},"properties":{}},{"type":"Feature","geometry":{"type":"LineString","coordinates":[[10.21489,45.48047],[10.21477,45.48024],[10.21458,45.48007]]},"properties":{}},{"type":"Feature","geometry":{"type":"LineString","coordinates":[[10.21476,45.47998],[10.21469,45.48004],[10.21458,45.48007]]},"properties":{}},{"type":"Feature","geometry":{"type":"LineString","coordinates":[[10.21475,45.33257],[10.21464,45.33255],[10.21451,45.33244],[10.21449,45.33232],[10.2146,45.3322]]},"properties":{}},{"type":"Feature","geometry":{"type":"LineString","coordinates":[[10.2146,45.3322],[10.21468,45.33212],[10.21473,45.33198],[10.21482,45.33162]]},"properties":{}},{"type":"Feature","geometry":{"type":"LineString","coordinates":[[10.2146,45.3322],[10.21483,45.33216],[10.21494,45.33219]]},"properties":{}},{"type":"Feature","geometry":{"type":"LineString","coordinates":[[10.21465,45.47952],[10.2147,45.47982]]},"properties":{}},{"type":"Feature","geometry":{"type":"LineString","coordinates":[[10.2147,45.47982],[10.21477,45.47989],[10.21476,45.47998]]},"properties":{}},{"type":"Feature","geometry":{"type":"LineString","coordinates":[[10.21527,45.33328],[10.21475,45.33257]]},"properties":{}},{"type":"Feature","geometry":{"type":"LineString","coordinates":[[10.215,45.33251],[10.21475,45.33257]]},"properties":{}},{"type":"Feature","geometry":{"type":"LineString","coordinates":[[10.21476,45.47998],[10.21486,45.48026],[10.21489,45.48047]]},"properties":{}},{"type":"Feature","geometry":{"type":"LineString","coordinates":[[10.21482,45.33162],[10.21486,45.33196],[10.21494,45.33219]]},"properties":{}},{"type":"Feature","geometry":{"type":"LineString","coordinates":[[10.21679,45.48978],[10.21626,45.48767],[10.21595,45.48616],[10.21544,45.4846],[10.21522,45.48368],[10.21504,45.48201],[10.21502,45.48124],[10.21489,45.48047]]},"properties":{}},{"type":"Feature","geometry":{"type":"LineString","coordinates":[[10.21494,45.33219],[10.21505,45.33228],[10.21508,45.33233],[10.21507,45.33243],[10.215,45.33251]]},"properties":{}},{"type":"Feature","geometry":{"type":"LineString","coordinates":[[10.215,45.33251],[10.21527,45.33328]]},"properties":{}},{"type":"Feature","geometry":{"type":"LineString","coordinates":[[10.21527,45.33328],[10.21567,45.33489],[10.21584,45.33528],[10.21602,45.33557],[10.22619,45.3508],[10.22628,45.35103],[10.22633,45.35128],[10.22632,45.35156],[10.22623,45.35189],[10.22608,45.35217],[10.22541,45.35327],[10.2253,45.35339],[10.22506,45.35353],[10.22478,45.35358],[10.22459,45.35368],[10.22456,45.35376],[10.22457,45.35387]]},"properties":{}},{"type":"Feature","geometry":{"type":"LineString","coordinates":[[10.21607,45.27765],[10.21608,45.27776],[10.21597,45.27784],[10.21581,45.27784],[10.21571,45.27776]]},"properties":{}},{"type":"Feature","geometry":{"type":"LineString","coordinates":[[10.21571,45.27776],[10.21572,45.27765],[10.21579,45.27759],[10.2159,45.27757]]},"properties":{}},{"type":"Feature","geometry":{"type":"LineString","coordinates":[[10.2159,45.27757],[10.216,45.27759],[10.21607,45.27765]]},"properties":{}},{"type":"Feature","geometry":{"type":"LineString","coordinates":[[10.2159,45.27757],[10.21617,45.27745],[10.21646,45.27694]]},"properties":{}},{"type":"Feature","geometry":{"type":"LineString","coordinates":[[10.21621,45.3708],[10.2159,45.37073]]},"properties":{}},{"type":"Feature","geometry":{"type":"LineString","coordinates":[[10.2159,45.37073],[10.21624,45.37068]]},"properties":{}},{"type":"Feature","geometry":{"type":"LineString","coordinates":[[10.21646,45.27694],[10.21628,45.27739],[10.21607,45.27765]]},"properties":{}},{"type":"Feature","geometry":{"type":"LineString","coordinates":[[10.21628,45.37087],[10.21621,45.3708]]},"properties":{}},{"type":"Feature","geometry":{"type":"LineString","coordinates":[[10.21621,45.3708],[10.2162,45.37074],[10.21624,45.37068]]},"properties":{}},{"type":"Feature","geometry":{"type":"LineString","coordinates":[[10.21622,45.37124],[10.2163,45.37103],[10.21628,45.37087]]},"properties":{}},{"type":"Feature","geometry":{"type":"LineString","coordinates":[[10.21648,45.37085],[10.21622,45.37124]]},"properties":{}},{"type":"Feature","geometry":{"type":"LineString","coordinates":[[10.21624,45.37068],[10.21635,45.37065],[10.21647,45.37052],[10.2168,45.37006]]},"properties":{}},{"type":"Feature","geometry":{"type":"LineString","coordinates":[[10.21648,45.37085],[10.21639,45.37088],[10.21628,45.37087]]},"properties":{}},{"type":"Feature","geometry":{"type":"LineString","coordinates":[[10.21727,45.27096],[10.21716,45.27502],[10.21712,45.27532],[10.21696,45.27584],[10.21646,45.27694]]},"properties":{}},{"type":"Feature","geometry":{"type":"LineString","coordinates":[[10.2168,45.37006],[10.2168,45.37013],[10.21652,45.37071],[10.21654,45.37079],[10.21648,45.37085]]},"properties":{}},{"type":"Feature","geometry":{"type":"LineString","coordinates":[[10.21683,45.48986],[10.21675,45.48983],[10.21679,45.48978]]},"properties":{}},{"type":"Feature","geometry":{"type":"LineString","coordinates":[[10.21679,45.48978],[10.21687,45.48981],[10.21683,45.48986]]},"properties":{}},{"type":"Feature","geometry":{"type":"LineString","coordinates":[[10.2168,45.37006],[10.21737,45.36889]]},"properties":{}},{"type":"Feature","geometry":{"type":"LineString","coordinates":[[10.21788,45.49341],[10.21744,45.49186],[10.21743,45.49161],[10.21748,45.49086],[10.21726,45.49047],[10.21696,45.49013],[10.21683,45.48986]]},"properties":{}},{"type":"Feature","geometry":{"type":"LineString","coordinates":[[10.21727,45.27096],[10.21714,45.27081],[10.21702,45.27076]]},"properties":{}},{"type":"Feature","geometry":{"type":"LineString","coordinates":[[10.21702,45.27076],[10.21689,45.27071],[10.21683,45.2706],[10.21689,45.27049],[10.21704,45.27044]]},"properties":{}},{"type":"Feature","geometry":{"type":"LineString","coordinates":[[10.21728,45.27062],[10.21716,45.27074],[10.21702,45.27076]]},"properties":{}},{"type":"Feature","geometry":{"type":"LineString","coordinates":[[10.21704,45.27044],[10.21722,45.27049],[10.21727,45.27056]]},"properties":{}},{"type":"Feature","geometry":{"type":"LineString","coordinates":[[10.21704,45.27044],[10.21724,45.27036]]},"properties":{}},{"type":"Feature","geometry":{"type":"LineString","coordinates":[[10.21724,45.27036],[10.21727,45.27056]]},"properties":{}},{"type":"Feature","geometry":{"type":"LineString","coordinates":[[10.21728,45.27062],[10.2173,45.27076],[10.21727,45.27096]]},"properties":{}},{"type":"Feature","geometry":{"type":"LineString","coordinates":[[10.21727,45.27056],[10.21728,45.27062]]},"properties":{}},{"type":"Feature","geometry":{"type":"LineString","coordinates":[[10.21737,45.36889],[10.21901,45.36929],[10.21944,45.36936],[10.21971,45.36934]]},"properties":{}},{"type":"Feature","geometry":{"type":"LineString","coordinates":[[10.21737,45.36889],[10.21755,45.36853],[10.21831,45.36728],[10.21841,45.36704]]},"properties":{}},{"type":"Feature","geometry":{"type":"LineString","coordinates":[[10.21788,45.49341],[10.21799,45.49364],[10.218,45.49384]]},"properties":{}},{"type":"Feature","geometry":{"type":"LineString","coordinates":[[10.218,45.49384],[10.21771,45.4937],[10.21773,45.4936],[10.21786,45.49351],[10.21788,45.49341]]},"properties":{}},{"type":"Feature","geometry":{"type":"LineString","coordinates":[[10.21938,45.49731],[10.21885,45.49579],[10.21819,45.49436],[10.218,45.49384]]},"properties":{}},{"type":"Feature","geometry":{"type":"LineString","coordinates":[[10.21841,45.36704],[10.21856,45.36646],[10.21862,45.36634],[10.21871,45.36628],[10.21898,45.36626],[10.2199,45.36633],[10.21995,45.36612],[10.21995,45.36588],[10.21981,45.36457],[10.21985,45.36393],[10.21997,45.36327],[10.22042,45.36203],[10.22117,45.36068],[10.22161,45.35997]]},"properties":{}},{"type":"Feature","geometry":{"type":"LineString","coordinates":[[10.21994,45.36713],[10.21874,45.36702],[10.21841,45.36704]]},"properties":{}},{"type":"Feature","geometry":{"type":"LineString","coordinates":[[10.21921,45.45093],[10.21933,45.45081],[10.21943,45.45061]]},"properties":{}},{"type":"Feature","geometry":{"type":"LineString","coordinates":[[10.21959,45.45074],[10.21948,45.45077],[10.21921,45.45093]]},"properties":{}},{"type":"Feature","geometry":{"type":"LineString","coordinates":[[10.21938,45.49731],[10.21944,45.49739],[10.21963,45.49798],[10.21985,45.49849],[10.22028,45.49934]]},"properties":{}},{"type":"Feature","geometry":{"type":"LineString","coordinates":[[10.22028,45.49934],[10.22005,45.49905],[10.21967,45.49831],[10.21954,45.49799],[10.21938,45.4974],[10.21938,45.49731]]},"properties":{}},{"type":"Feature","geometry":{"type":"LineString","coordinates":[[10.21959,45.45074],[10.21949,45.45069],[10.21943,45.45061]]},"properties":{}},{"type":"Feature","geometry":{"type":"LineString","coordinates":[[10.21943,45.45061],[10.21946,45.4505],[10.21951,45.45046],[10.21962,45.45041],[10.21975,45.45042]]},"properties":{}},{"type":"Feature","geometry":{"type":"LineString","coordinates":[[10.2199,45.45052],[10.21991,45.45062],[10.21983,45.45072],[10.21959,45.45074]]},"properties":{}},{"type":"Feature","geometry":{"type":"LineString","coordinates":[[10.21978,45.36949],[10.21969,45.36943],[10.21971,45.36934]]},"properties":{}},{"type":"Feature","geometry":{"type":"LineString","coordinates":[[10.21971,45.36934],[10.21983,45.3693]]},"properties":{}},{"type":"Feature","geometry":{"type":"LineString","coordinates":[[10.21975,45.45042],[10.2199,45.45052]]},"properties":{}},{"type":"Feature","geometry":{"type":"LineString","coordinates":[[10.21975,45.45042],[10.22006,45.45029]]},"properties":{}},{"type":"Feature","geometry":{"type":"LineString","coordinates":[[10.21992,45.36946],[10.21978,45.36949]]},"properties":{}},{"type":"Feature","geometry":{"type":"LineString","coordinates":[[10.22001,45.3702],[10.21995,45.37015],[10.21982,45.36993],[10.21977,45.36964],[10.21978,45.36949]]},"properties":{}},{"type":"Feature","geometry":{"type":"LineString","coordinates":[[10.21983,45.3693],[10.21995,45.36937],[10.21992,45.36946]]},"properties":{}},{"type":"Feature","geometry":{"type":"LineString","coordinates":[[10.21983,45.3693],[10.21998,45.36918],[10.22022,45.3684],[10.2202,45.36756],[10.21994,45.36713]]},"properties":{}},{"type":"Feature","geometry":{"type":"LineString","coordinates":[[10.22006,45.45029],[10.2199,45.45052]]},"properties":{}},{"type":"Feature","geometry":{"type":"LineString","coordinates":[[10.21992,45.36946],[10.21989,45.36964],[10.21991,45.3699],[10.22001,45.3702]]},"properties":{}},{"type":"Feature","geometry":{"type":"LineString","coordinates":[[10.22161,45.35997],[10.22159,45.36012],[10.22164,45.36021],[10.22192,45.36028],[10.22198,45.36039],[10.22193,45.36043],[10.22197,45.36051],[10.22175,45.36379],[10.22155,45.36428],[10.22123,45.3656],[10.22122,45.36647],[10.22118,45.36713],[10.22113,45.36717],[10.21994,45.36713]]},"properties":{}},{"type":"Feature","geometry":{"type":"LineString","coordinates":[[10.22407,45.37497],[10.22403,45.37476],[10.22373,45.37444],[10.22358,45.37424],[10.22333,45.37383],[10.22307,45.37333],[10.2229,45.37292],[10.22256,45.37185],[10.22239,45.37159],[10.22227,45.37148],[10.22024,45.37037],[10.22001,45.3702]]},"properties":{}},{"type":"Feature","geometry":{"type":"LineString","coordinates":[[10.22006,45.45029],[10.22776,45.44455],[10.22852,45.44388],[10.22912,45.4433],[10.22965,45.44287],[10.23011,45.44253],[10.2313,45.44179],[10.23543,45.4386],[10.24083,45.43449],[10.24094,45.43435],[10.24115,45.43395]]},"properties":{}},{"type":"Feature","geometry":{"type":"LineString","coordinates":[[10.22068,45.49975],[10.22028,45.49934]]},"properties":{}},{"type":"Feature","geometry":{"type":"LineString","coordinates":[[10.22068,45.49975],[10.22109,45.49994]]},"properties":{}},{"type":"Feature","geometry":{"type":"LineString","coordinates":[[10.22082,45.5],[10.22068,45.49975]]},"properties":{}},{"type":"Feature","geometry":{"type":"LineString","coordinates":[[10.22089,45.5],[10.22109,45.49994]]},"properties":{}},{"type":"Feature","geometry":{"type":"LineString","coordinates":[[10.22109,45.49994],[10.22127,45.49997]]},"properties":{}},{"type":"Feature","geometry":{"type":"LineString","coordinates":[[10.22127,45.49997],[10.22153,45.49997],[10.22196,45.4999]]},"properties":{}},{"type":"Feature","geometry":{"type":"LineString","coordinates":[[10.22127,45.49997],[10.22132,45.5]]},"properties":{}},{"type":"Feature","geometry":{"type":"LineString","coordinates":[[10.22161,45.35997],[10.22471,45.35472]]},"properties":{}},{"type":"Feature","geometry":{"type":"LineString","coordinates":[[10.22196,45.4999],[10.22171,45.5]]},"properties":{}},{"type":"Feature","geometry":{"type":"LineString","coordinates":[[10.22196,45.4999],[10.22403,45.4993],[10.2247,45.49902]]},"properties":{}},{"type":"Feature","geometry":{"type":"LineString","coordinates":[[10.22727,45.17349],[10.22719,45.17371],[10.2266,45.17489],[10.22657,45.17502],[10.22643,45.17577],[10.22636,45.17643],[10.22636,45.17673],[10.22617,45.17761],[10.22606,45.17834],[10.22609,45.17863],[10.22604,45.17934],[10.22596,45.1797],[10.22584,45.17998],[10.22539,45.18055],[10.22444,45.182],[10.2239,45.1829],[10.22375,45.18319],[10.22353,45.1835],[10.22345,45.18369],[10.22332,45.18413],[10.22305,45.18434],[10.22261,45.18439]]},"properties":{}},{"type":"Feature","geometry":{"type":"LineString","coordinates":[[10.2228,45.26198],[10.22292,45.26185],[10.22294,45.26178]]},"properties":{}},{"type":"Feature","geometry":{"type":"LineString","coordinates":[[10.22316,45.26191],[10.2228,45.26198]]},"properties":{}},{"type":"Feature","geometry":{"type":"LineString","coordinates":[[10.22316,45.26191],[10.22302,45.26186],[10.22294,45.26178]]},"properties":{}},{"type":"Feature","geometry":{"type":"LineString","coordinates":[[10.22294,45.26178],[10.22293,45.26166],[10.22303,45.26155]]},"properties":{}},{"type":"Feature","geometry":{"type":"LineString","coordinates":[[10.22303,45.26155],[10.22306,45.26133]]},"properties":{}},{"type":"Feature","geometry":{"type":"LineString","coordinates":[[10.22303,45.26155],[10.22322,45.26151]]},"properties":{}},{"type":"Feature","geometry":{"type":"LineString","coordinates":[[10.22306,45.26133],[10.22322,45.26151]]},"properties":{}},{"type":"Feature","geometry":{"type":"LineString","coordinates":[[10.22306,45.26133],[10.22299,45.26108],[10.22301,45.26093],[10.22311,45.26052],[10.22327,45.25904],[10.22344,45.25824]]},"properties":{}},{"type":"Feature","geometry":{"type":"LineString","coordinates":[[10.22322,45.26151],[10.22343,45.26159],[10.22347,45.26164],[10.22348,45.26175],[10.2234,45.26186],[10.22316,45.26191]]},"properties":{}},{"type":"Feature","geometry":{"type":"LineString","coordinates":[[10.2236,45.25801],[10.22334,45.25798]]},"properties":{}},{"type":"Feature","geometry":{"type":"LineString","coordinates":[[10.22344,45.25824],[10.22341,45.25807],[10.22334,45.25798]]},"properties":{}},{"type":"Feature","geometry":{"type":"LineString","coordinates":[[10.22334,45.25798],[10.22324,45.25787],[10.22326,45.25774],[10.22339,45.25765],[10.22348,45.25763],[10.22366,45.25765]]},"properties":{}},{"type":"Feature","geometry":{"type":"LineString","coordinates":[[10.22343,45.09458],[10.22366,45.09451],[10.22387,45.09437]]},"properties":{}},{"type":"Feature","geometry":{"type":"LineString","coordinates":[[10.22397,45.09457],[10.22378,45.09453],[10.22343,45.09458]]},"properties":{}},{"type":"Feature","geometry":{"type":"LineString","coordinates":[[10.2236,45.25801],[10.22344,45.25824]]},"properties":{}},{"type":"Feature","geometry":{"type":"LineString","coordinates":[[10.2238,45.25781],[10.22375,45.25794],[10.2236,45.25801]]},"properties":{}},{"type":"Feature","geometry":{"type":"LineString","coordinates":[[10.22366,45.25765],[10.22381,45.25766],[10.22398,45.25762]]},"properties":{}},{"type":"Feature","geometry":{"type":"LineString","coordinates":[[10.22366,45.25765],[10.22373,45.2577],[10.2238,45.25781]]},"properties":{}},{"type":"Feature","geometry":{"type":"LineString","coordinates":[[10.22398,45.25762],[10.2238,45.25781]]},"properties":{}},{"type":"Feature","geometry":{"type":"LineString","coordinates":[[10.22397,45.09457],[10.22387,45.09448],[10.22387,45.09437]]},"properties":{}},{"type":"Feature","geometry":{"type":"LineString","coordinates":[[10.22387,45.09437],[10.22393,45.09429],[10.22405,45.09424],[10.2242,45.09424],[10.22431,45.09428]]},"properties":{}},{"type":"Feature","geometry":{"type":"LineString","coordinates":[[10.22438,45.09448],[10.22432,45.09454],[10.22422,45.09459],[10.22409,45.0946],[10.22397,45.09457]]},"properties":{}},{"type":"Feature","geometry":{"type":"LineString","coordinates":[[10.24515,45.23035],[10.24409,45.23252],[10.24388,45.23353],[10.243,45.23453],[10.24173,45.23631],[10.24162,45.23656],[10.24145,45.23774],[10.24134,45.23806],[10.24079,45.23919],[10.24035,45.2403],[10.24007,45.24073],[10.23971,45.24113],[10.23943,45.2415],[10.23923,45.24191],[10.23916,45.24212],[10.23879,45.24264],[10.23862,45.24278],[10.23845,45.24287],[10.23754,45.24316],[10.23675,45.24327],[10.23639,45.24337],[10.23558,45.24364],[10.23533,45.24377],[10.2352,45.24387],[10.2351,45.24404],[10.23504,45.24446],[10.23524,45.24528],[10.23522,45.24546],[10.23506,45.24577],[10.23493,45.24591],[10.2347,45.24605],[10.23353,45.24664],[10.23306,45.24696],[10.23032,45.24954],[10.23008,45.24982],[10.23002,45.24995],[10.22998,45.25026],[10.23015,45.25223],[10.23002,45.25258],[10.22991,45.25277],[10.22908,45.25329],[10.22713,45.25523],[10.22677,45.25566],[10.22656,45.25585],[10.22483,45.25723],[10.22467,45.25733],[10.22398,45.25762]]},"properties":{}},{"type":"Feature","geometry":{"type":"LineString","coordinates":[[10.2242,45.37515],[10.22411,45.37514],[10.22404,45.37508],[10.22403,45.37502],[10.22407,45.37497]]},"properties":{}},{"type":"Feature","geometry":{"type":"LineString","coordinates":[[10.22407,45.37497],[10.22419,45.37494],[10.22432,45.37501],[10.22432,45.37508],[10.2242,45.37515]]},"properties":{}},{"type":"Feature","geometry":{"type":"LineString","coordinates":[[10.226,45.3769],[10.22599,45.3768],[10.22595,45.37673],[10.22571,45.37647],[10.22449,45.37525],[10.2242,45.37515]]},"properties":{}},{"type":"Feature","geometry":{"type":"LineString","coordinates":[[10.22431,45.09428],[10.22452,45.09428],[10.22486,45.09423]]},"properties":{}},{"type":"Feature","geometry":{"type":"LineString","coordinates":[[10.22431,45.09428],[10.22438,45.09437],[10.22438,45.09448]]},"properties":{}},{"type":"Feature","geometry":{"type":"LineString","coordinates":[[10.22486,45.09423],[10.22455,45.09435],[10.22438,45.09448]]},"properties":{}},{"type":"Feature","geometry":{"type":"LineString","coordinates":[[10.22461,45.35439],[10.22449,45.35434],[10.22441,45.35423],[10.22445,45.3541],[10.22451,45.35404]]},"properties":{}},{"type":"Feature","geometry":{"type":"LineString","coordinates":[[10.22451,45.35404],[10.22457,45.35387]]},"properties":{}},{"type":"Feature","geometry":{"type":"LineString","coordinates":[[10.22451,45.35404],[10.22472,45.35399]]},"properties":{}},{"type":"Feature","geometry":{"type":"LineString","coordinates":[[10.22457,45.35387],[10.22472,45.35399]]},"properties":{}},{"type":"Feature","geometry":{"type":"LineString","coordinates":[[10.22491,45.35435],[10.22476,45.3544],[10.22461,45.35439]]},"properties":{}},{"type":"Feature","geometry":{"type":"LineString","coordinates":[[10.22471,45.35472],[10.22472,45.35457],[10.22461,45.35439]]},"properties":{}},{"type":"Feature","geometry":{"type":"LineString","coordinates":[[10.22518,45.49897],[10.22517,45.4991],[10.225,45.49919],[10.22491,45.49919],[10.22476,45.49914],[10.2247,45.49902]]},"properties":{}},{"type":"Feature","geometry":{"type":"LineString","coordinates":[[10.2247,45.49902],[10.22477,45.49891],[10.22491,45.49885],[10.22508,45.49888],[10.22518,45.49897]]},"properties":{}},{"type":"Feature","geometry":{"type":"LineString","coordinates":[[10.22491,45.35435],[10.22471,45.35472]]},"properties":{}},{"type":"Feature","geometry":{"type":"LineString","coordinates":[[10.22472,45.35399],[10.22485,45.35401]]},"properties":{}},{"type":"Feature","geometry":{"type":"LineString","coordinates":[[10.22485,45.35401],[10.22497,45.35409],[10.22501,45.35421]]},"properties":{}},{"type":"Feature","geometry":{"type":"LineString","coordinates":[[10.22485,45.35401],[10.22515,45.3539]]},"properties":{}},{"type":"Feature","geometry":{"type":"LineString","coordinates":[[10.22486,45.09423],[10.25501,45.08656],[10.25608,45.0863],[10.25729,45.0861]]},"properties":{}},{"type":"Feature","geometry":{"type":"LineString","coordinates":[[10.22501,45.35421],[10.22491,45.35435]]},"properties":{}},{"type":"Feature","geometry":{"type":"LineString","coordinates":[[10.22515,45.3539],[10.22501,45.35421]]},"properties":{}},{"type":"Feature","geometry":{"type":"LineString","coordinates":[[10.22515,45.3539],[10.22529,45.35373],[10.22782,45.34968],[10.23149,45.34363],[10.2362,45.33612],[10.23879,45.33209],[10.24038,45.32949]]},"properties":{}},{"type":"Feature","geometry":{"type":"LineString","coordinates":[[10.22518,45.49897],[10.22876,45.49793],[10.23058,45.49715]]},"properties":{}},{"type":"Feature","geometry":{"type":"LineString","coordinates":[[10.22622,45.37716],[10.22612,45.37713],[10.22602,45.37705],[10.22599,45.37696],[10.226,45.3769]]},"properties":{}},{"type":"Feature","geometry":{"type":"LineString","coordinates":[[10.226,45.3769],[10.22608,45.37681],[10.22622,45.37676],[10.22638,45.37677],[10.22651,45.37684],[10.22656,45.37694],[10.22653,45.37705],[10.22643,45.37713],[10.22622,45.37716]]},"properties":{}},{"type":"Feature","geometry":{"type":"LineString","coordinates":[[10.22622,45.37716],[10.22638,45.37724],[10.22647,45.37733],[10.22688,45.37831]]},"properties":{}},{"type":"Feature","geometry":{"type":"LineString","coordinates":[[10.22688,45.37831],[10.22702,45.37852],[10.22798,45.38055],[10.22821,45.38067],[10.22874,45.38081],[10.22879,45.38088],[10.22902,45.38093]]},"properties":{}},{"type":"Feature","geometry":{"type":"LineString","coordinates":[[10.22688,45.37831],[10.22767,45.3808],[10.22794,45.38144],[10.22818,45.38185],[10.22816,45.38198]]},"properties":{}},{"type":"Feature","geometry":{"type":"LineString","coordinates":[[10.22727,45.17349],[10.24237,45.17578]]},"properties":{}},{"type":"Feature","geometry":{"type":"LineString","coordinates":[[10.22853,45.382],[10.22862,45.38214],[10.22857,45.38226],[10.22843,45.38234],[10.22827,45.38235],[10.22814,45.38231],[10.22804,45.38219],[10.22805,45.38207],[10.22816,45.38198]]},"properties":{}},{"type":"Feature","geometry":{"type":"LineString","coordinates":[[10.22816,45.38198],[10.22831,45.38194],[10.22853,45.382]]},"properties":{}},{"type":"Feature","geometry":{"type":"LineString","coordinates":[[10.22902,45.38093],[10.22846,45.38091],[10.22822,45.38102],[10.22816,45.38112],[10.22814,45.38124],[10.22819,45.38138],[10.22846,45.38181],[10.22853,45.382]]},"properties":{}},{"type":"Feature","geometry":{"type":"LineString","coordinates":[[10.22902,45.38093],[10.2482,45.38612]]},"properties":{}},{"type":"Feature","geometry":{"type":"LineString","coordinates":[[10.23383,45.5],[10.23202,45.49854],[10.23105,45.49764],[10.23058,45.49715]]},"properties":{}},{"type":"Feature","geometry":{"type":"LineString","coordinates":[[10.23058,45.49715],[10.23075,45.49708]]},"properties":{}},{"type":"Feature","geometry":{"type":"LineString","coordinates":[[10.23075,45.49708],[10.23151,45.49786],[10.23216,45.49845],[10.23408,45.5]]},"properties":{}},{"type":"Feature","geometry":{"type":"LineString","coordinates":[[10.23075,45.49708],[10.23099,45.49697]]},"properties":{}},{"type":"Feature","geometry":{"type":"LineString","coordinates":[[10.23099,45.49697],[10.23174,45.49657],[10.2318,45.49645]]},"properties":{}},{"type":"Feature","geometry":{"type":"LineString","coordinates":[[10.23198,45.49666],[10.23099,45.49697]]},"properties":{}},{"type":"Feature","geometry":{"type":"LineString","coordinates":[[10.23198,45.49666],[10.23189,45.49661],[10.2318,45.49645]]},"properties":{}},{"type":"Feature","geometry":{"type":"LineString","coordinates":[[10.2318,45.49645],[10.23183,45.49634],[10.23198,45.49622],[10.23218,45.49618],[10.23236,45.49621]]},"properties":{}},{"type":"Feature","geometry":{"type":"LineString","coordinates":[[10.23255,45.49639],[10.23255,45.49648],[10.23244,45.49663],[10.23222,45.49671],[10.23198,45.49666]]},"properties":{}},{"type":"Feature","geometry":{"type":"LineString","coordinates":[[10.23236,45.49621],[10.23252,45.49632],[10.23255,45.49639]]},"properties":{}},{"type":"Feature","geometry":{"type":"LineString","coordinates":[[10.23236,45.49621],[10.23266,45.49619],[10.23332,45.49595]]},"properties":{}},{"type":"Feature","geometry":{"type":"LineString","coordinates":[[10.23332,45.49595],[10.23255,45.49639]]},"properties":{}},{"type":"Feature","geometry":{"type":"LineString","coordinates":[[10.23332,45.49595],[10.23584,45.49484],[10.23635,45.49447],[10.23671,45.49402],[10.23695,45.49359],[10.23711,45.49313],[10.2372,45.49274],[10.23729,45.49188],[10.23764,45.49067],[10.23783,45.48977],[10.23799,45.48921],[10.23813,45.48891]]},"properties":{}},{"type":"Feature","geometry":{"type":"LineString","coordinates":[[10.23635,45.4766],[10.2363,45.47688],[10.23641,45.47827],[10.23645,45.47856],[10.23664,45.47922],[10.23672,45.47934],[10.23701,45.47949],[10.23802,45.47952],[10.24005,45.4795]]},"properties":{}},{"type":"Feature","geometry":{"type":"LineString","coordinates":[[10.23635,45.4766],[10.23624,45.47662],[10.23618,45.47657],[10.23623,45.4765],[10.23635,45.47652]]},"properties":{}},{"type":"Feature","geometry":{"type":"LineString","coordinates":[[10.23635,45.47652],[10.23635,45.4766]]},"properties":{}},{"type":"Feature","geometry":{"type":"LineString","coordinates":[[10.23635,45.47652],[10.23633,45.47634],[10.23656,45.47478],[10.23689,45.47289],[10.23693,45.47279]]},"properties":{}},{"type":"Feature","geometry":{"type":"LineString","coordinates":[[10.23706,45.47274],[10.23701,45.47279],[10.23693,45.47279]]},"properties":{}},{"type":"Feature","geometry":{"type":"LineString","coordinates":[[10.23693,45.47279],[10.23689,45.47273],[10.23693,45.47269],[10.23701,45.47269],[10.23706,45.47274]]},"properties":{}},{"type":"Feature","geometry":{"type":"LineString","coordinates":[[10.23706,45.47274],[10.24126,45.47325]]},"properties":{}},{"type":"Feature","geometry":{"type":"LineString","coordinates":[[10.23819,45.48872],[10.23828,45.48875],[10.23831,45.48884],[10.23822,45.48891],[10.23813,45.48891]]},"properties":{}},{"type":"Feature","geometry":{"type":"LineString","coordinates":[[10.23813,45.48891],[10.23804,45.48884],[10.23805,45.48878],[10.23811,45.48873],[10.23819,45.48872]]},"properties":{}},{"type":"Feature","geometry":{"type":"LineString","coordinates":[[10.23819,45.48872],[10.23835,45.48816],[10.23884,45.48688],[10.2389,45.48647],[10.23885,45.48538],[10.23889,45.48516]]},"properties":{}},{"type":"Feature","geometry":{"type":"LineString","coordinates":[[10.23889,45.48516],[10.23892,45.485],[10.23889,45.48486]]},"properties":{}},{"type":"Feature","geometry":{"type":"LineString","coordinates":[[10.23916,45.48498],[10.23906,45.485],[10.23889,45.48516]]},"properties":{}},{"type":"Feature","geometry":{"type":"LineString","coordinates":[[10.23916,45.48498],[10.23905,45.48496],[10.23889,45.48486]]},"properties":{}},{"type":"Feature","geometry":{"type":"LineString","coordinates":[[10.23889,45.48486],[10.23882,45.48472],[10.23884,45.48463],[10.23894,45.4845]]},"properties":{}},{"type":"Feature","geometry":{"type":"LineString","coordinates":[[10.23891,45.48423],[10.23909,45.4844],[10.23923,45.48446]]},"properties":{}},{"type":"Feature","geometry":{"type":"LineString","coordinates":[[10.23894,45.4845],[10.23896,45.48437],[10.23891,45.48423]]},"properties":{}},{"type":"Feature","geometry":{"type":"LineString","coordinates":[[10.23891,45.48423],[10.23883,45.48407],[10.2388,45.48388],[10.23885,45.48341],[10.24002,45.47984],[10.24005,45.4795]]},"properties":{}},{"type":"Feature","geometry":{"type":"LineString","coordinates":[[10.23894,45.4845],[10.23903,45.48446],[10.23923,45.48446]]},"properties":{}},{"type":"Feature","geometry":{"type":"LineString","coordinates":[[10.23923,45.48446],[10.23943,45.48459],[10.2395,45.48474],[10.23946,45.48488],[10.23941,45.48492],[10.23929,45.48497],[10.23916,45.48498]]},"properties":{}},{"type":"Feature","geometry":{"type":"LineString","coordinates":[[10.24005,45.4795],[10.24008,45.47833],[10.24016,45.47716],[10.24021,45.47669],[10.24032,45.47637],[10.24109,45.4764],[10.24257,45.47651],[10.24596,45.47686],[10.24627,45.47686]]},"properties":{}},{"type":"Feature","geometry":{"type":"LineString","coordinates":[[10.24038,45.32949],[10.24059,45.32903]]},"properties":{}},{"type":"Feature","geometry":{"type":"LineString","coordinates":[[10.24089,45.32911],[10.24076,45.32917],[10.24038,45.32949]]},"properties":{}},{"type":"Feature","geometry":{"type":"LineString","coordinates":[[10.24089,45.32911],[10.24072,45.3291],[10.24059,45.32903]]},"properties":{}},{"type":"Feature","geometry":{"type":"LineString","coordinates":[[10.24059,45.32903],[10.24053,45.32894],[10.24057,45.32881],[10.24071,45.32872],[10.24081,45.32871]]},"properties":{}},{"type":"Feature","geometry":{"type":"LineString","coordinates":[[10.24081,45.32871],[10.24097,45.32873],[10.24107,45.32881]]},"properties":{}},{"type":"Feature","geometry":{"type":"LineString","coordinates":[[10.24081,45.32871],[10.24102,45.32852],[10.2412,45.32829]]},"properties":{}},{"type":"Feature","geometry":{"type":"LineString","coordinates":[[10.24107,45.32881],[10.2411,45.32887],[10.24109,45.32898],[10.24099,45.32907],[10.24089,45.32911]]},"properties":{}},{"type":"Feature","geometry":{"type":"LineString","coordinates":[[10.2412,45.32829],[10.24107,45.32881]]},"properties":{}},{"type":"Feature","geometry":{"type":"LineString","coordinates":[[10.24115,45.43395],[10.24123,45.43374]]},"properties":{}},{"type":"Feature","geometry":{"type":"LineString","coordinates":[[10.24142,45.43386],[10.24115,45.43395]]},"properties":{}},{"type":"Feature","geometry":{"type":"LineString","coordinates":[[10.2412,45.32829],[10.24162,45.3274],[10.24279,45.32555],[10.24431,45.32361],[10.24937,45.31631],[10.25274,45.31161],[10.25572,45.3072],[10.2604,45.30014]]},"properties":{}},{"type":"Feature","geometry":{"type":"LineString","coordinates":[[10.24142,45.43386],[10.2413,45.43381],[10.24123,45.43374]]},"properties":{}},{"type":"Feature","geometry":{"type":"LineString","coordinates":[[10.24123,45.43374],[10.24122,45.43368],[10.24126,45.43357],[10.24137,45.4335],[10.24153,45.43349]]},"properties":{}},{"type":"Feature","geometry":{"type":"LineString","coordinates":[[10.24126,45.47325],[10.24297,45.47406],[10.24608,45.47562],[10.24628,45.47581],[10.24639,45.47602],[10.24645,45.47658]]},"properties":{}},{"type":"Feature","geometry":{"type":"LineString","coordinates":[[10.24126,45.47325],[10.24166,45.47207],[10.24193,45.47084],[10.2422,45.4679]]},"properties":{}},{"type":"Feature","geometry":{"type":"LineString","coordinates":[[10.24175,45.43364],[10.24176,45.4337],[10.24167,45.43381],[10.24159,45.43385],[10.24142,45.43386]]},"properties":{}},{"type":"Feature","geometry":{"type":"LineString","coordinates":[[10.24153,45.43349],[10.24168,45.43354],[10.24175,45.43364]]},"properties":{}},{"type":"Feature","geometry":{"type":"LineString","coordinates":[[10.24153,45.43349],[10.24191,45.43339]]},"properties":{}},{"type":"Feature","geometry":{"type":"LineString","coordinates":[[10.24191,45.43339],[10.24175,45.43364]]},"properties":{}},{"type":"Feature","geometry":{"type":"LineString","coordinates":[[10.24191,45.43339],[10.2423,45.43326],[10.2427,45.43307],[10.24906,45.42826],[10.24943,45.42802],[10.25108,45.42713],[10.25858,45.42136],[10.25982,45.42044]]},"properties":{}},{"type":"Feature","geometry":{"type":"LineString","coordinates":[[10.24231,45.46764],[10.24211,45.46765]]},"properties":{}},{"type":"Feature","geometry":{"type":"LineString","coordinates":[[10.2422,45.4679],[10.24211,45.46765]]},"properties":{}},{"type":"Feature","geometry":{"type":"LineString","coordinates":[[10.24211,45.46765],[10.24201,45.46758],[10.24198,45.46751],[10.24203,45.46741],[10.24211,45.46737]]},"properties":{}},{"type":"Feature","geometry":{"type":"LineString","coordinates":[[10.24211,45.46737],[10.24226,45.46718]]},"properties":{}},{"type":"Feature","geometry":{"type":"LineString","coordinates":[[10.24211,45.46737],[10.24232,45.46739]]},"properties":{}},{"type":"Feature","geometry":{"type":"LineString","coordinates":[[10.24231,45.46764],[10.2422,45.4679]]},"properties":{}},{"type":"Feature","geometry":{"type":"LineString","coordinates":[[10.24226,45.46718],[10.24232,45.46739]]},"properties":{}},{"type":"Feature","geometry":{"type":"LineString","coordinates":[[10.24226,45.46718],[10.24249,45.46615]]},"properties":{}},{"type":"Feature","geometry":{"type":"LineString","coordinates":[[10.24232,45.46739],[10.24241,45.4675],[10.24239,45.46756],[10.24231,45.46764]]},"properties":{}},{"type":"Feature","geometry":{"type":"LineString","coordinates":[[10.24237,45.17578],[10.2435,45.17596]]},"properties":{}},{"type":"Feature","geometry":{"type":"LineString","coordinates":[[10.31436,45.1748],[10.31438,45.17471],[10.31448,45.17459],[10.31474,45.17439],[10.31524,45.17337],[10.3155,45.17301],[10.31481,45.17201],[10.31468,45.17194],[10.31455,45.17192],[10.31439,45.17193],[10.31395,45.17205],[10.31297,45.17241],[10.31215,45.17258],[10.31175,45.17263],[10.30973,45.17252],[10.30952,45.17254],[10.30869,45.17295],[10.30864,45.17287],[10.30795,45.17298],[10.3075,45.17295],[10.30691,45.17274],[10.30629,45.17245],[10.30612,45.17242],[10.30562,45.17257],[10.30392,45.17293],[10.30333,45.1731],[10.30035,45.17417],[10.30006,45.17428],[10.29932,45.17518],[10.29877,45.1759],[10.29845,45.1765],[10.29839,45.17673],[10.29841,45.17698],[10.29864,45.17774],[10.29873,45.17847],[10.29871,45.1789],[10.29879,45.17969],[10.29893,45.1803],[10.29898,45.18087],[10.29906,45.18117],[10.29849,45.18128],[10.29621,45.18159],[10.29617,45.18168],[10.2954,45.18196],[10.2951,45.18211],[10.29419,45.18269],[10.29409,45.18282],[10.29399,45.18307],[10.29394,45.18312],[10.29159,45.18311],[10.29053,45.18301],[10.28947,45.18285],[10.28945,45.18303],[10.2897,45.18434],[10.2897,45.18451],[10.28964,45.18462],[10.28952,45.18474],[10.28924,45.18487],[10.28901,45.18491],[10.28764,45.18498],[10.28547,45.18516],[10.2842,45.1853],[10.28162,45.1854],[10.28016,45.18552],[10.27958,45.18567],[10.27872,45.18611],[10.27782,45.18635],[10.27759,45.18648],[10.27732,45.18674],[10.27698,45.18689],[10.27593,45.18704],[10.27409,45.18743],[10.27098,45.18846],[10.27003,45.18856],[10.26982,45.18863],[10.26958,45.18873],[10.26917,45.18901],[10.26862,45.18957],[10.26841,45.18983],[10.26824,45.19011],[10.26803,45.19073],[10.26793,45.19091],[10.26722,45.1915],[10.26621,45.19246],[10.26527,45.19301],[10.26498,45.19334],[10.26471,45.19371],[10.26468,45.1938],[10.26424,45.19372],[10.26397,45.19359],[10.26243,45.19318],[10.26029,45.19308],[10.26021,45.19296],[10.2601,45.19249],[10.26002,45.1923],[10.25893,45.19039],[10.25662,45.18714],[10.25647,45.18701],[10.25627,45.18691],[10.25424,45.18642],[10.25281,45.18615],[10.25186,45.1861],[10.25011,45.18621],[10.24861,45.18614],[10.24636,45.1859],[10.24449,45.18559],[10.24395,45.18559],[10.24414,45.18472],[10.24418,45.18397],[10.24412,45.18329],[10.24377,45.18111],[10.24302,45.17652],[10.24278,45.17605],[10.2426,45.1759],[10.24237,45.17578]]},"properties":{}},{"type":"Feature","geometry":{"type":"LineString","coordinates":[[10.24249,45.46615],[10.24255,45.46589],[10.24261,45.46584],[10.24272,45.46588],[10.24273,45.46595],[10.2427,45.46599],[10.24249,45.46615]]},"properties":{}},{"type":"Feature","geometry":{"type":"LineString","coordinates":[[10.24515,45.23035],[10.24526,45.23015],[10.24535,45.23011],[10.24595,45.23008]]},"properties":{}},{"type":"Feature","geometry":{"type":"LineString","coordinates":[[10.24595,45.23008],[10.24579,45.23014],[10.24529,45.23026],[10.24515,45.23035]]},"properties":{}},{"type":"Feature","geometry":{"type":"LineString","coordinates":[[10.24595,45.23008],[10.24644,45.22991],[10.24762,45.2294],[10.24959,45.22873],[10.25074,45.22795],[10.2513,45.22745],[10.2514,45.22741],[10.25088,45.22542],[10.25064,45.22422],[10.25055,45.22356]]},"properties":{}},{"type":"Feature","geometry":{"type":"LineString","coordinates":[[10.24665,45.47701],[10.24652,45.47708],[10.24633,45.47705],[10.24625,45.47697],[10.24627,45.47686]]},"properties":{}},{"type":"Feature","geometry":{"type":"LineString","coordinates":[[10.24627,45.47686],[10.24635,45.4768]]},"properties":{}},{"type":"Feature","geometry":{"type":"LineString","coordinates":[[10.24635,45.4768],[10.24645,45.47658]]},"properties":{}},{"type":"Feature","geometry":{"type":"LineString","coordinates":[[10.24635,45.4768],[10.24647,45.47678],[10.24659,45.47681]]},"properties":{}},{"type":"Feature","geometry":{"type":"LineString","coordinates":[[10.24645,45.47658],[10.24652,45.47675],[10.24659,45.47681]]},"properties":{}},{"type":"Feature","geometry":{"type":"LineString","coordinates":[[10.24659,45.47681],[10.24667,45.4769]]},"properties":{}},{"type":"Feature","geometry":{"type":"LineString","coordinates":[[10.24667,45.4769],[10.24665,45.47701]]},"properties":{}},{"type":"Feature","geometry":{"type":"LineString","coordinates":[[10.24708,45.47698],[10.24665,45.47701]]},"properties":{}},{"type":"Feature","geometry":{"type":"LineString","coordinates":[[10.24667,45.4769],[10.24708,45.47698]]},"properties":{}},{"type":"Feature","geometry":{"type":"LineString","coordinates":[[10.24708,45.47698],[10.25213,45.47749]]},"properties":{}},{"type":"Feature","geometry":{"type":"LineString","coordinates":[[10.24723,45.21922],[10.24751,45.21923],[10.24767,45.21918],[10.24777,45.21922],[10.24781,45.21932],[10.24772,45.21941],[10.24765,45.21965]]},"properties":{}},{"type":"Feature","geometry":{"type":"LineString","coordinates":[[10.24765,45.21965],[10.24756,45.21941],[10.24747,45.2193],[10.24723,45.21922]]},"properties":{}},{"type":"Feature","geometry":{"type":"LineString","coordinates":[[10.25046,45.22354],[10.24957,45.22374],[10.24925,45.22376],[10.24909,45.2237],[10.24887,45.22335],[10.2487,45.22324],[10.24873,45.22315],[10.2487,45.22304],[10.24801,45.22168],[10.24787,45.22124],[10.24765,45.21986],[10.24765,45.21965]]},"properties":{}},{"type":"Feature","geometry":{"type":"LineString","coordinates":[[10.2482,45.38612],[10.24896,45.38627],[10.24963,45.38632]]},"properties":{}},{"type":"Feature","geometry":{"type":"LineString","coordinates":[[10.24945,45.38663],[10.24925,45.38647],[10.2482,45.38612]]},"properties":{}},{"type":"Feature","geometry":{"type":"LineString","coordinates":[[10.24965,45.38688],[10.24949,45.38672],[10.24945,45.38663]]},"properties":{}},{"type":"Feature","geometry":{"type":"LineString","coordinates":[[10.24945,45.38663],[10.24946,45.38651],[10.24953,45.38641],[10.24963,45.38632]]},"properties":{}},{"type":"Feature","geometry":{"type":"LineString","coordinates":[[10.25153,45.40071],[10.25072,45.39953],[10.24977,45.39769],[10.2486,45.39528],[10.24835,45.39471],[10.24811,45.3938],[10.24804,45.39332],[10.24804,45.39256],[10.24814,45.39164],[10.24832,45.39101],[10.24856,45.39034],[10.24961,45.38755]]},"properties":{}},{"type":"Feature","geometry":{"type":"LineString","coordinates":[[10.24961,45.38755],[10.2497,45.38713],[10.24965,45.38688]]},"properties":{}},{"type":"Feature","geometry":{"type":"LineString","coordinates":[[10.25002,45.38695],[10.24987,45.38705],[10.24961,45.38755]]},"properties":{}},{"type":"Feature","geometry":{"type":"LineString","coordinates":[[10.24963,45.38632],[10.24977,45.38626],[10.25009,45.38624],[10.25024,45.38629],[10.25036,45.38637],[10.25045,45.38647],[10.25048,45.38658],[10.25046,45.38669],[10.25039,45.38679],[10.25029,45.38688],[10.25002,45.38695]]},"properties":{}},{"type":"Feature","geometry":{"type":"LineString","coordinates":[[10.25002,45.38695],[10.24976,45.38692],[10.24965,45.38688]]},"properties":{}},{"type":"Feature","geometry":{"type":"LineString","coordinates":[[10.25055,45.22356],[10.25046,45.22354]]},"properties":{}},{"type":"Feature","geometry":{"type":"LineString","coordinates":[[10.25046,45.22354],[10.25048,45.22349],[10.25053,45.22348]]},"properties":{}},{"type":"Feature","geometry":{"type":"LineString","coordinates":[[10.25053,45.22348],[10.25058,45.22351],[10.25055,45.22356]]},"properties":{}},{"type":"Feature","geometry":{"type":"LineString","coordinates":[[10.25064,45.22338],[10.25053,45.22348]]},"properties":{}},{"type":"Feature","geometry":{"type":"LineString","coordinates":[[10.2509,45.22338],[10.25064,45.22338]]},"properties":{}},{"type":"Feature","geometry":{"type":"LineString","coordinates":[[10.25064,45.22338],[10.25061,45.22333],[10.25068,45.22329],[10.2509,45.22338]]},"properties":{}},{"type":"Feature","geometry":{"type":"LineString","coordinates":[[10.2509,45.22338],[10.25138,45.2235],[10.25195,45.2237],[10.25287,45.2239],[10.25339,45.22389],[10.25361,45.22385],[10.25504,45.22338],[10.25618,45.22266]]},"properties":{}},{"type":"Feature","geometry":{"type":"LineString","coordinates":[[10.25153,45.40071],[10.2517,45.40086],[10.25186,45.40091]]},"properties":{}},{"type":"Feature","geometry":{"type":"LineString","coordinates":[[10.25159,45.401],[10.2516,45.40088],[10.25153,45.40071]]},"properties":{}},{"type":"Feature","geometry":{"type":"LineString","coordinates":[[10.2522,45.40122],[10.25211,45.40134],[10.25201,45.40139],[10.25182,45.40141],[10.25167,45.40137],[10.25154,45.40128],[10.25151,45.40122],[10.25152,45.40108],[10.25159,45.401]]},"properties":{}},{"type":"Feature","geometry":{"type":"LineString","coordinates":[[10.25159,45.401],[10.25176,45.40092],[10.25186,45.40091]]},"properties":{}},{"type":"Feature","geometry":{"type":"LineString","coordinates":[[10.25186,45.40091],[10.25209,45.40097],[10.25216,45.40104]]},"properties":{}},{"type":"Feature","geometry":{"type":"LineString","coordinates":[[10.25256,45.47761],[10.25213,45.47749]]},"properties":{}},{"type":"Feature","geometry":{"type":"LineString","coordinates":[[10.25213,45.47749],[10.25259,45.47743]]},"properties":{}},{"type":"Feature","geometry":{"type":"LineString","coordinates":[[10.25216,45.40104],[10.25231,45.40107],[10.25267,45.40107]]},"properties":{}},{"type":"Feature","geometry":{"type":"LineString","coordinates":[[10.25216,45.40104],[10.2522,45.40109],[10.2522,45.40122]]},"properties":{}},{"type":"Feature","geometry":{"type":"LineString","coordinates":[[10.25267,45.40107],[10.2522,45.40122]]},"properties":{}},{"type":"Feature","geometry":{"type":"LineString","coordinates":[[10.25286,45.47764],[10.25271,45.47767],[10.25256,45.47761]]},"properties":{}},{"type":"Feature","geometry":{"type":"LineString","coordinates":[[10.25256,45.47761],[10.25254,45.47749],[10.25259,45.47743]]},"properties":{}},{"type":"Feature","geometry":{"type":"LineString","coordinates":[[10.25259,45.47743],[10.25276,45.47739],[10.25291,45.47746]]},"properties":{}},{"type":"Feature","geometry":{"type":"LineString","coordinates":[[10.25267,45.40107],[10.25441,45.40075],[10.25814,45.40026],[10.25912,45.4002],[10.25953,45.40021],[10.25987,45.40026],[10.2618,45.40084],[10.26313,45.40127],[10.26348,45.40135],[10.26409,45.40143],[10.26448,45.40141],[10.26603,45.40116],[10.26993,45.40072]]},"properties":{}},{"type":"Feature","geometry":{"type":"LineString","coordinates":[[10.25347,45.47764],[10.25286,45.47764]]},"properties":{}},{"type":"Feature","geometry":{"type":"LineString","coordinates":[[10.25291,45.47746],[10.25293,45.47756],[10.25286,45.47764]]},"properties":{}},{"type":"Feature","geometry":{"type":"LineString","coordinates":[[10.25291,45.47746],[10.25313,45.47758],[10.25347,45.47764]]},"properties":{}},{"type":"Feature","geometry":{"type":"LineString","coordinates":[[10.25347,45.47764],[10.25613,45.47788],[10.25646,45.47794],[10.2571,45.47806],[10.25918,45.47862]]},"properties":{}},{"type":"Feature","geometry":{"type":"LineString","coordinates":[[10.25618,45.22266],[10.25625,45.22274],[10.25713,45.22455],[10.25739,45.22478],[10.25772,45.22518],[10.25785,45.22539],[10.25788,45.22552],[10.25787,45.22613],[10.259,45.22923],[10.25907,45.22937],[10.2592,45.22951],[10.2594,45.22964],[10.26305,45.23127],[10.26546,45.2325],[10.26563,45.23264],[10.26715,45.23416],[10.26764,45.23501],[10.26767,45.23512],[10.26749,45.23622],[10.26754,45.23766],[10.26722,45.23908],[10.26725,45.2392],[10.26731,45.23927],[10.26749,45.23934],[10.26765,45.23934],[10.27131,45.23932],[10.27305,45.23913],[10.27482,45.23886],[10.27506,45.23891],[10.2752,45.23898],[10.27533,45.2391],[10.27582,45.23976],[10.27596,45.23986],[10.27682,45.24012],[10.27742,45.24017],[10.2778,45.24024],[10.27799,45.24032],[10.27808,45.24046],[10.27841,45.242],[10.27848,45.24218],[10.2798,45.24406],[10.27986,45.24418],[10.27991,45.24463],[10.27999,45.2448],[10.28019,45.24488],[10.2812,45.24507],[10.28139,45.24513],[10.28148,45.24526],[10.28155,45.24567],[10.28164,45.24579],[10.28179,45.24582],[10.28283,45.24586],[10.28313,45.24593],[10.28411,45.24632],[10.28461,45.24641]]},"properties":{}},{"type":"Feature","geometry":{"type":"LineString","coordinates":[[10.25618,45.22266],[10.25733,45.22188],[10.25801,45.22114],[10.25821,45.22096],[10.25855,45.22075],[10.2591,45.22058],[10.26008,45.22053]]},"properties":{}},{"type":"Feature","geometry":{"type":"LineString","coordinates":[[10.25729,45.0861],[10.25805,45.08578],[10.25839,45.0857]]},"properties":{}},{"type":"Feature","geometry":{"type":"LineString","coordinates":[[10.25839,45.0857],[10.25819,45.08583],[10.25799,45.08604],[10.25729,45.0861]]},"properties":{}},{"type":"Feature","geometry":{"type":"LineString","coordinates":[[10.25741,45.5],[10.2683,45.49693]]},"properties":{}},{"type":"Feature","geometry":{"type":"LineString","coordinates":[[10.26813,45.49712],[10.25791,45.5]]},"properties":{}},{"type":"Feature","geometry":{"type":"LineString","coordinates":[[10.25839,45.0857],[10.26356,45.08439],[10.26395,45.08432],[10.27305,45.08413],[10.27421,45.08407],[10.27591,45.08405],[10.27829,45.08395],[10.29169,45.08355]]},"properties":{}},{"type":"Feature","geometry":{"type":"LineString","coordinates":[[10.25939,45.47875],[10.25918,45.47862]]},"properties":{}},{"type":"Feature","geometry":{"type":"LineString","coordinates":[[10.25918,45.47862],[10.25946,45.4786]]},"properties":{}},{"type":"Feature","geometry":{"type":"LineString","coordinates":[[10.25988,45.47868],[10.25988,45.47878],[10.25984,45.47883],[10.25966,45.4789],[10.25946,45.47885],[10.25939,45.47875]]},"properties":{}},{"type":"Feature","geometry":{"type":"LineString","coordinates":[[10.25939,45.47875],[10.25939,45.47869],[10.25946,45.4786]]},"properties":{}},{"type":"Feature","geometry":{"type":"LineString","coordinates":[[10.25946,45.4786],[10.25967,45.47855]]},"properties":{}},{"type":"Feature","geometry":{"type":"LineString","coordinates":[[10.25967,45.47855],[10.25981,45.47859],[10.25988,45.47868]]},"properties":{}},{"type":"Feature","geometry":{"type":"LineString","coordinates":[[10.25967,45.47855],[10.25996,45.47843]]},"properties":{}},{"type":"Feature","geometry":{"type":"LineString","coordinates":[[10.25982,45.42044],[10.25989,45.42021],[10.25986,45.4201]]},"properties":{}},{"type":"Feature","geometry":{"type":"LineString","coordinates":[[10.26015,45.42027],[10.25982,45.42044]]},"properties":{}},{"type":"Feature","geometry":{"type":"LineString","coordinates":[[10.26015,45.42027],[10.25993,45.42018],[10.25986,45.4201]]},"properties":{}},{"type":"Feature","geometry":{"type":"LineString","coordinates":[[10.25986,45.4201],[10.25983,45.41993],[10.25991,45.4198],[10.26,45.41975],[10.26023,45.4197],[10.2605,45.41977]]},"properties":{}},{"type":"Feature","geometry":{"type":"LineString","coordinates":[[10.25996,45.47843],[10.25988,45.47868]]},"properties":{}},{"type":"Feature","geometry":{"type":"LineString","coordinates":[[10.25996,45.47843],[10.2601,45.47829],[10.26025,45.47802],[10.26099,45.47574],[10.2622,45.47353],[10.26279,45.47205],[10.26295,45.4717],[10.26323,45.47123]]},"properties":{}},{"type":"Feature","geometry":{"type":"LineString","coordinates":[[10.26008,45.22053],[10.26023,45.22032],[10.26039,45.22022],[10.26069,45.22034]]},"properties":{}},{"type":"Feature","geometry":{"type":"LineString","coordinates":[[10.26069,45.22034],[10.26035,45.22039],[10.26008,45.22053]]},"properties":{}},{"type":"Feature","geometry":{"type":"LineString","coordinates":[[10.26063,45.41995],[10.26063,45.42004],[10.26058,45.42012],[10.2605,45.4202],[10.2604,45.42025],[10.26015,45.42027]]},"properties":{}},{"type":"Feature","geometry":{"type":"LineString","coordinates":[[10.2604,45.30014],[10.26041,45.29991]]},"properties":{}},{"type":"Feature","geometry":{"type":"LineString","coordinates":[[10.26061,45.29998],[10.2604,45.30014]]},"properties":{}},{"type":"Feature","geometry":{"type":"LineString","coordinates":[[10.26061,45.29998],[10.26041,45.29991]]},"properties":{}},{"type":"Feature","geometry":{"type":"LineString","coordinates":[[10.26041,45.29991],[10.26034,45.2998],[10.26039,45.29965],[10.2605,45.29958],[10.26066,45.29955]]},"properties":{}},{"type":"Feature","geometry":{"type":"LineString","coordinates":[[10.2605,45.41977],[10.26084,45.41977]]},"properties":{}},{"type":"Feature","geometry":{"type":"LineString","coordinates":[[10.2605,45.41977],[10.26056,45.41982],[10.26063,45.41995]]},"properties":{}},{"type":"Feature","geometry":{"type":"LineString","coordinates":[[10.26087,45.29963],[10.26095,45.29976],[10.26091,45.29986],[10.26077,45.29996],[10.26061,45.29998]]},"properties":{}},{"type":"Feature","geometry":{"type":"LineString","coordinates":[[10.26084,45.41977],[10.26063,45.41995]]},"properties":{}},{"type":"Feature","geometry":{"type":"LineString","coordinates":[[10.26066,45.29955],[10.26087,45.29963]]},"properties":{}},{"type":"Feature","geometry":{"type":"LineString","coordinates":[[10.26066,45.29955],[10.26091,45.29938]]},"properties":{}},{"type":"Feature","geometry":{"type":"LineString","coordinates":[[10.26069,45.22034],[10.26153,45.22062],[10.26202,45.2207],[10.26349,45.22056],[10.26417,45.22043],[10.26557,45.2199],[10.26647,45.21966],[10.26775,45.21945],[10.26871,45.21934],[10.27051,45.21927],[10.27284,45.21899],[10.27336,45.21887],[10.27406,45.2186],[10.27458,45.21833],[10.27703,45.21664],[10.27762,45.21629],[10.27809,45.21606],[10.27894,45.21579],[10.2852,45.21463],[10.29217,45.21322],[10.29365,45.21302],[10.3002,45.21233]]},"properties":{}},{"type":"Feature","geometry":{"type":"LineString","coordinates":[[10.26084,45.41977],[10.26107,45.41962],[10.26156,45.41914],[10.262,45.41879],[10.27568,45.40852]]},"properties":{}},{"type":"Feature","geometry":{"type":"LineString","coordinates":[[10.26091,45.29938],[10.26087,45.29963]]},"properties":{}},{"type":"Feature","geometry":{"type":"LineString","coordinates":[[10.26719,45.29043],[10.26618,45.2915],[10.26582,45.29192],[10.26487,45.29333],[10.26091,45.29938]]},"properties":{}},{"type":"Feature","geometry":{"type":"LineString","coordinates":[[10.26313,45.47043],[10.26321,45.47054],[10.26336,45.47066],[10.26357,45.47069],[10.26368,45.47082],[10.26364,45.47097],[10.26344,45.47105],[10.26323,45.47123]]},"properties":{}},{"type":"Feature","geometry":{"type":"LineString","coordinates":[[10.26323,45.47123],[10.26322,45.47109],[10.26312,45.47088],[10.26316,45.47075],[10.26313,45.47043]]},"properties":{}},{"type":"Feature","geometry":{"type":"LineString","coordinates":[[10.26313,45.47043],[10.2634,45.46935],[10.26401,45.46834],[10.26438,45.46783]]},"properties":{}},{"type":"Feature","geometry":{"type":"LineString","coordinates":[[10.26401,45.5],[10.2647,45.49943],[10.26522,45.49909],[10.26679,45.4983],[10.2673,45.49797],[10.26767,45.49766],[10.26813,45.49712]]},"properties":{}},{"type":"Feature","geometry":{"type":"LineString","coordinates":[[10.26438,45.46783],[10.26427,45.46776],[10.26425,45.46766],[10.26438,45.4676],[10.26451,45.46763],[10.26438,45.46783]]},"properties":{}},{"type":"Feature","geometry":{"type":"LineString","coordinates":[[10.26719,45.29043],[10.26729,45.2903],[10.26744,45.29021]]},"properties":{}},{"type":"Feature","geometry":{"type":"LineString","coordinates":[[10.26752,45.29031],[10.26733,45.29034],[10.26719,45.29043]]},"properties":{}},{"type":"Feature","geometry":{"type":"LineString","coordinates":[[10.26752,45.29031],[10.26744,45.29021]]},"properties":{}},{"type":"Feature","geometry":{"type":"LineString","coordinates":[[10.26744,45.29021],[10.26745,45.29014],[10.26754,45.29007]]},"properties":{}},{"type":"Feature","geometry":{"type":"LineString","coordinates":[[10.26773,45.29006],[10.26785,45.29016],[10.26781,45.29029],[10.26768,45.29034],[10.26752,45.29031]]},"properties":{}},{"type":"Feature","geometry":{"type":"LineString","coordinates":[[10.26754,45.29007],[10.26769,45.28971]]},"properties":{}},{"type":"Feature","geometry":{"type":"LineString","coordinates":[[10.26754,45.29007],[10.26773,45.29006]]},"properties":{}},{"type":"Feature","geometry":{"type":"LineString","coordinates":[[10.26769,45.28971],[10.26769,45.28993],[10.26773,45.29006]]},"properties":{}},{"type":"Feature","geometry":{"type":"LineString","coordinates":[[10.26769,45.28971],[10.26778,45.28897],[10.26765,45.28796],[10.26774,45.28764],[10.26822,45.28657]]},"properties":{}},{"type":"Feature","geometry":{"type":"LineString","coordinates":[[10.26813,45.49712],[10.2683,45.49693]]},"properties":{}},{"type":"Feature","geometry":{"type":"LineString","coordinates":[[10.27275,45.49582],[10.26813,45.49712]]},"properties":{}},{"type":"Feature","geometry":{"type":"LineString","coordinates":[[10.26834,45.28637],[10.26815,45.28637]]},"properties":{}},{"type":"Feature","geometry":{"type":"LineString","coordinates":[[10.26822,45.28657],[10.26821,45.28647],[10.26815,45.28637]]},"properties":{}},{"type":"Feature","geometry":{"type":"LineString","coordinates":[[10.26815,45.28637],[10.26808,45.28633],[10.26805,45.28625],[10.2681,45.28617],[10.26823,45.28613]]},"properties":{}},{"type":"Feature","geometry":{"type":"LineString","coordinates":[[10.26834,45.28637],[10.26822,45.28657]]},"properties":{}},{"type":"Feature","geometry":{"type":"LineString","coordinates":[[10.26823,45.28613],[10.26838,45.28618]]},"properties":{}},{"type":"Feature","geometry":{"type":"LineString","coordinates":[[10.26823,45.28613],[10.26847,45.28599]]},"properties":{}},{"type":"Feature","geometry":{"type":"LineString","coordinates":[[10.2683,45.49693],[10.26979,45.4952],[10.27011,45.49494]]},"properties":{}},{"type":"Feature","geometry":{"type":"LineString","coordinates":[[10.2683,45.49693],[10.27268,45.4957]]},"properties":{}},{"type":"Feature","geometry":{"type":"LineString","coordinates":[[10.26838,45.28618],[10.26841,45.2863],[10.26834,45.28637]]},"properties":{}},{"type":"Feature","geometry":{"type":"LineString","coordinates":[[10.26847,45.28599],[10.26838,45.28618]]},"properties":{}},{"type":"Feature","geometry":{"type":"LineString","coordinates":[[10.26847,45.28599],[10.26923,45.28441],[10.26981,45.28299],[10.27026,45.282],[10.27266,45.27823],[10.27438,45.27655],[10.27601,45.27456],[10.27623,45.27423],[10.27665,45.27346],[10.27823,45.27138],[10.27964,45.26964],[10.27995,45.26931],[10.28095,45.26813],[10.28155,45.26753],[10.28189,45.26724],[10.28422,45.26574]]},"properties":{}},{"type":"Feature","geometry":{"type":"LineString","coordinates":[[10.27017,45.40077],[10.26993,45.40072]]},"properties":{}},{"type":"Feature","geometry":{"type":"LineString","coordinates":[[10.26993,45.40072],[10.27022,45.40068]]},"properties":{}},{"type":"Feature","geometry":{"type":"LineString","coordinates":[[10.27011,45.49494],[10.27024,45.49482],[10.27084,45.49449]]},"properties":{}},{"type":"Feature","geometry":{"type":"LineString","coordinates":[[10.27095,45.4946],[10.27011,45.49494]]},"properties":{}},{"type":"Feature","geometry":{"type":"LineString","coordinates":[[10.2702,45.4008],[10.27017,45.40077]]},"properties":{}},{"type":"Feature","geometry":{"type":"LineString","coordinates":[[10.27017,45.40077],[10.27017,45.40071],[10.27022,45.40068]]},"properties":{}},{"type":"Feature","geometry":{"type":"LineString","coordinates":[[10.27033,45.4008],[10.2702,45.4008]]},"properties":{}},{"type":"Feature","geometry":{"type":"LineString","coordinates":[[10.27028,45.40101],[10.2702,45.4008]]},"properties":{}},{"type":"Feature","geometry":{"type":"LineString","coordinates":[[10.27022,45.40068],[10.27027,45.40067]]},"properties":{}},{"type":"Feature","geometry":{"type":"LineString","coordinates":[[10.27027,45.40067],[10.27033,45.40069],[10.27036,45.40076]]},"properties":{}},{"type":"Feature","geometry":{"type":"LineString","coordinates":[[10.27027,45.40067],[10.27044,45.40064],[10.27055,45.40058]]},"properties":{}},{"type":"Feature","geometry":{"type":"LineString","coordinates":[[10.27028,45.40101],[10.27114,45.40475]]},"properties":{}},{"type":"Feature","geometry":{"type":"LineString","coordinates":[[10.27033,45.4008],[10.27028,45.40101]]},"properties":{}},{"type":"Feature","geometry":{"type":"LineString","coordinates":[[10.27036,45.40076],[10.27033,45.4008]]},"properties":{}},{"type":"Feature","geometry":{"type":"LineString","coordinates":[[10.27061,45.40063],[10.27036,45.40076]]},"properties":{}},{"type":"Feature","geometry":{"type":"LineString","coordinates":[[10.27061,45.40063],[10.27055,45.40058]]},"properties":{}},{"type":"Feature","geometry":{"type":"LineString","coordinates":[[10.27055,45.40058],[10.27061,45.4005],[10.27069,45.40051],[10.27074,45.40055]]},"properties":{}},{"type":"Feature","geometry":{"type":"LineString","coordinates":[[10.2707,45.40062],[10.27061,45.40063]]},"properties":{}},{"type":"Feature","geometry":{"type":"LineString","coordinates":[[10.27074,45.40055],[10.2707,45.40062]]},"properties":{}},{"type":"Feature","geometry":{"type":"LineString","coordinates":[[10.27091,45.40058],[10.2707,45.40062]]},"properties":{}},{"type":"Feature","geometry":{"type":"LineString","coordinates":[[10.27074,45.40055],[10.27091,45.40058]]},"properties":{}},{"type":"Feature","geometry":{"type":"LineString","coordinates":[[10.27095,45.4946],[10.27087,45.49456],[10.27084,45.49449]]},"properties":{}},{"type":"Feature","geometry":{"type":"LineString","coordinates":[[10.27084,45.49449],[10.27089,45.49442]]},"properties":{}},{"type":"Feature","geometry":{"type":"LineString","coordinates":[[10.27089,45.49442],[10.27094,45.49425],[10.27105,45.49416]]},"properties":{}},{"type":"Feature","geometry":{"type":"LineString","coordinates":[[10.27089,45.49442],[10.27105,45.49439]]},"properties":{}},{"type":"Feature","geometry":{"type":"LineString","coordinates":[[10.27091,45.40058],[10.27218,45.40033],[10.27314,45.4002],[10.2733,45.40024],[10.2743,45.40059],[10.27518,45.40082],[10.27568,45.40103],[10.27737,45.40131],[10.27915,45.40149],[10.28039,45.40166]]},"properties":{}},{"type":"Feature","geometry":{"type":"LineString","coordinates":[[10.27153,45.49465],[10.27111,45.49458],[10.27095,45.4946]]},"properties":{}},{"type":"Feature","geometry":{"type":"LineString","coordinates":[[10.27105,45.49439],[10.27153,45.49465]]},"properties":{}},{"type":"Feature","geometry":{"type":"LineString","coordinates":[[10.27105,45.49416],[10.27105,45.49439]]},"properties":{}},{"type":"Feature","geometry":{"type":"LineString","coordinates":[[10.27105,45.49416],[10.27252,45.49291]]},"properties":{}},{"type":"Feature","geometry":{"type":"LineString","coordinates":[[10.27114,45.40475],[10.27121,45.40479],[10.27116,45.40485]]},"properties":{}},{"type":"Feature","geometry":{"type":"LineString","coordinates":[[10.27116,45.40485],[10.27106,45.40482],[10.27107,45.40477],[10.27114,45.40475]]},"properties":{}},{"type":"Feature","geometry":{"type":"LineString","coordinates":[[10.27116,45.40485],[10.2713,45.40505],[10.27187,45.40543],[10.27238,45.40563],[10.27316,45.40581],[10.27406,45.40579]]},"properties":{}},{"type":"Feature","geometry":{"type":"LineString","coordinates":[[10.27153,45.49465],[10.27185,45.49482],[10.27219,45.49507],[10.27248,45.49539],[10.27268,45.4957]]},"properties":{}},{"type":"Feature","geometry":{"type":"LineString","coordinates":[[10.27252,45.49291],[10.27277,45.49265],[10.27285,45.49244],[10.27308,45.49238],[10.2734,45.49218]]},"properties":{}},{"type":"Feature","geometry":{"type":"LineString","coordinates":[[10.2734,45.49218],[10.27318,45.49244],[10.27312,45.4926],[10.27287,45.49267],[10.27252,45.49291]]},"properties":{}},{"type":"Feature","geometry":{"type":"LineString","coordinates":[[10.27268,45.4957],[10.27275,45.49582]]},"properties":{}},{"type":"Feature","geometry":{"type":"LineString","coordinates":[[10.27268,45.4957],[10.27559,45.49486],[10.28975,45.49024],[10.2912,45.48981],[10.31532,45.48378],[10.38372,45.46836],[10.38674,45.46779],[10.3972,45.46606],[10.39918,45.46574],[10.40031,45.46559],[10.40186,45.46544],[10.42501,45.46357]]},"properties":{}},{"type":"Feature","geometry":{"type":"LineString","coordinates":[[10.27275,45.49582],[10.27288,45.49606]]},"properties":{}},{"type":"Feature","geometry":{"type":"LineString","coordinates":[[10.42509,45.46371],[10.40189,45.46557],[10.40032,45.46572],[10.39723,45.46619],[10.38677,45.46792],[10.38378,45.46849],[10.31537,45.48391],[10.29202,45.48974],[10.29052,45.49014],[10.27562,45.49499],[10.27275,45.49582]]},"properties":{}},{"type":"Feature","geometry":{"type":"LineString","coordinates":[[10.27288,45.49606],[10.27327,45.49642],[10.27343,45.49647],[10.27347,45.49655]]},"properties":{}},{"type":"Feature","geometry":{"type":"LineString","coordinates":[[10.27324,45.49667],[10.27312,45.4966],[10.27312,45.4965],[10.27288,45.49606]]},"properties":{}},{"type":"Feature","geometry":{"type":"LineString","coordinates":[[10.27338,45.49666],[10.27324,45.49667]]},"properties":{}},{"type":"Feature","geometry":{"type":"LineString","coordinates":[[10.27344,45.49696],[10.27324,45.49667]]},"properties":{}},{"type":"Feature","geometry":{"type":"LineString","coordinates":[[10.27338,45.49666],[10.27344,45.49696]]},"properties":{}},{"type":"Feature","geometry":{"type":"LineString","coordinates":[[10.27347,45.49655],[10.27338,45.49666]]},"properties":{}},{"type":"Feature","geometry":{"type":"LineString","coordinates":[[10.2734,45.49218],[10.27926,45.48727],[10.28029,45.4865]]},"properties":{}},{"type":"Feature","geometry":{"type":"LineString","coordinates":[[10.27344,45.49696],[10.27395,45.49797],[10.27406,45.4983],[10.27421,45.49898],[10.27434,45.5]]},"properties":{}},{"type":"Feature","geometry":{"type":"LineString","coordinates":[[10.27437,45.49695],[10.27385,45.49665],[10.27347,45.49655]]},"properties":{}},{"type":"Feature","geometry":{"type":"LineString","coordinates":[[10.27478,45.40588],[10.27465,45.40584],[10.27406,45.40579]]},"properties":{}},{"type":"Feature","geometry":{"type":"LineString","coordinates":[[10.27406,45.40579],[10.27486,45.40578]]},"properties":{}},{"type":"Feature","geometry":{"type":"LineString","coordinates":[[10.27437,45.49695],[10.27715,45.4992],[10.27732,45.49948],[10.27737,45.49964],[10.27973,45.49909],[10.28116,45.49859],[10.28101,45.49776],[10.28083,45.49751],[10.27811,45.49508],[10.27798,45.49501],[10.27784,45.49504],[10.27555,45.49633],[10.27437,45.49695]]},"properties":{}},{"type":"Feature","geometry":{"type":"LineString","coordinates":[[10.27483,45.40593],[10.27478,45.40588]]},"properties":{}},{"type":"Feature","geometry":{"type":"LineString","coordinates":[[10.27478,45.40588],[10.2748,45.40581],[10.27486,45.40578]]},"properties":{}},{"type":"Feature","geometry":{"type":"LineString","coordinates":[[10.27499,45.40592],[10.27483,45.40593]]},"properties":{}},{"type":"Feature","geometry":{"type":"LineString","coordinates":[[10.27491,45.40612],[10.27483,45.40593]]},"properties":{}},{"type":"Feature","geometry":{"type":"LineString","coordinates":[[10.27486,45.40578],[10.27501,45.40581],[10.27502,45.40587],[10.27499,45.40592]]},"properties":{}},{"type":"Feature","geometry":{"type":"LineString","coordinates":[[10.27491,45.40612],[10.27496,45.40653],[10.2753,45.4077],[10.27564,45.40828],[10.27576,45.40838]]},"properties":{}},{"type":"Feature","geometry":{"type":"LineString","coordinates":[[10.27499,45.40592],[10.27491,45.40612]]},"properties":{}},{"type":"Feature","geometry":{"type":"LineString","coordinates":[[10.27576,45.40838],[10.27591,45.4084],[10.27595,45.40846],[10.27594,45.40852],[10.27588,45.40856],[10.27579,45.40857],[10.27568,45.40852]]},"properties":{}},{"type":"Feature","geometry":{"type":"LineString","coordinates":[[10.27568,45.40852],[10.27569,45.40842],[10.27576,45.40838]]},"properties":{}},{"type":"Feature","geometry":{"type":"LineString","coordinates":[[10.28029,45.4865],[10.28043,45.48634],[10.28045,45.48624]]},"properties":{}},{"type":"Feature","geometry":{"type":"LineString","coordinates":[[10.28071,45.48637],[10.28052,45.4864],[10.28029,45.4865]]},"properties":{}},{"type":"Feature","geometry":{"type":"LineString","coordinates":[[10.28065,45.40165],[10.28062,45.40175],[10.28052,45.40178],[10.28041,45.40174],[10.28039,45.40166]]},"properties":{}},{"type":"Feature","geometry":{"type":"LineString","coordinates":[[10.28039,45.40166],[10.28046,45.4016]]},"properties":{}},{"type":"Feature","geometry":{"type":"LineString","coordinates":[[10.28071,45.48637],[10.28052,45.48632],[10.28045,45.48624]]},"properties":{}},{"type":"Feature","geometry":{"type":"LineString","coordinates":[[10.28045,45.48624],[10.28045,45.48615],[10.2805,45.48607],[10.28061,45.48602],[10.28074,45.48602]]},"properties":{}},{"type":"Feature","geometry":{"type":"LineString","coordinates":[[10.28046,45.4016],[10.2807,45.4014]]},"properties":{}},{"type":"Feature","geometry":{"type":"LineString","coordinates":[[10.28046,45.4016],[10.28055,45.40159],[10.28065,45.40165]]},"properties":{}},{"type":"Feature","geometry":{"type":"LineString","coordinates":[[10.2807,45.4014],[10.28065,45.40165]]},"properties":{}},{"type":"Feature","geometry":{"type":"LineString","coordinates":[[10.2807,45.4014],[10.28135,45.4006],[10.28142,45.40044]]},"properties":{}},{"type":"Feature","geometry":{"type":"LineString","coordinates":[[10.28091,45.48609],[10.28095,45.48618],[10.28092,45.48627],[10.28084,45.48634],[10.28071,45.48637]]},"properties":{}},{"type":"Feature","geometry":{"type":"LineString","coordinates":[[10.28074,45.48602],[10.28091,45.48609]]},"properties":{}},{"type":"Feature","geometry":{"type":"LineString","coordinates":[[10.28074,45.48602],[10.28109,45.48578]]},"properties":{}},{"type":"Feature","geometry":{"type":"LineString","coordinates":[[10.28109,45.48578],[10.28091,45.48609]]},"properties":{}},{"type":"Feature","geometry":{"type":"LineString","coordinates":[[10.28109,45.48578],[10.28753,45.48041],[10.28789,45.48017]]},"properties":{}},{"type":"Feature","geometry":{"type":"LineString","coordinates":[[10.28146,45.40036],[10.28151,45.40038],[10.28151,45.40042],[10.28142,45.40044]]},"properties":{}},{"type":"Feature","geometry":{"type":"LineString","coordinates":[[10.28142,45.40044],[10.28139,45.40039],[10.28146,45.40036]]},"properties":{}},{"type":"Feature","geometry":{"type":"LineString","coordinates":[[10.28146,45.40036],[10.28155,45.39916],[10.28152,45.39891]]},"properties":{}},{"type":"Feature","geometry":{"type":"LineString","coordinates":[[10.28147,45.39872],[10.28159,45.39877]]},"properties":{}},{"type":"Feature","geometry":{"type":"LineString","coordinates":[[10.28152,45.39891],[10.28143,45.39891],[10.28133,45.39885],[10.28135,45.39876],[10.28147,45.39872]]},"properties":{}},{"type":"Feature","geometry":{"type":"LineString","coordinates":[[10.28147,45.39872],[10.28161,45.39854]]},"properties":{}},{"type":"Feature","geometry":{"type":"LineString","coordinates":[[10.28159,45.39877],[10.2816,45.39885],[10.28152,45.39891]]},"properties":{}},{"type":"Feature","geometry":{"type":"LineString","coordinates":[[10.28161,45.39854],[10.28159,45.39877]]},"properties":{}},{"type":"Feature","geometry":{"type":"LineString","coordinates":[[10.28161,45.39854],[10.28168,45.39783]]},"properties":{}},{"type":"Feature","geometry":{"type":"LineString","coordinates":[[10.28215,45.39734],[10.28183,45.3973],[10.28167,45.39719]]},"properties":{}},{"type":"Feature","geometry":{"type":"LineString","coordinates":[[10.28168,45.39783],[10.28167,45.39719]]},"properties":{}},{"type":"Feature","geometry":{"type":"LineString","coordinates":[[10.28167,45.39719],[10.2816,45.39706],[10.28164,45.39688],[10.28182,45.39675],[10.28202,45.3967]]},"properties":{}},{"type":"Feature","geometry":{"type":"LineString","coordinates":[[10.28215,45.39734],[10.28185,45.39753],[10.28179,45.3976],[10.28168,45.39783]]},"properties":{}},{"type":"Feature","geometry":{"type":"LineString","coordinates":[[10.28202,45.3967],[10.28224,45.39673],[10.28242,45.39683],[10.28248,45.39689]]},"properties":{}},{"type":"Feature","geometry":{"type":"LineString","coordinates":[[10.28202,45.3967],[10.28247,45.3965],[10.28261,45.39641],[10.28365,45.39539],[10.28417,45.39493]]},"properties":{}},{"type":"Feature","geometry":{"type":"LineString","coordinates":[[10.28221,45.39733],[10.28215,45.39734]]},"properties":{}},{"type":"Feature","geometry":{"type":"LineString","coordinates":[[10.28734,45.39842],[10.28663,45.39836],[10.2855,45.39814],[10.28365,45.39771],[10.28254,45.39736],[10.28221,45.39733]]},"properties":{}},{"type":"Feature","geometry":{"type":"LineString","coordinates":[[10.2825,45.39693],[10.2825,45.39709],[10.28247,45.39717],[10.28241,45.39723],[10.28221,45.39733]]},"properties":{}},{"type":"Feature","geometry":{"type":"LineString","coordinates":[[10.28248,45.39689],[10.2825,45.39693]]},"properties":{}},{"type":"Feature","geometry":{"type":"LineString","coordinates":[[10.28417,45.39493],[10.28255,45.39658],[10.2825,45.39665],[10.28248,45.39689]]},"properties":{}},{"type":"Feature","geometry":{"type":"LineString","coordinates":[[10.2825,45.39693],[10.28282,45.3971],[10.28439,45.39765],[10.28576,45.39804],[10.28734,45.39842]]},"properties":{}},{"type":"Feature","geometry":{"type":"LineString","coordinates":[[10.28417,45.39493],[10.28829,45.39082],[10.28859,45.39044],[10.28903,45.38974],[10.29353,45.37868],[10.29582,45.37314],[10.29801,45.36764],[10.29834,45.36666],[10.29839,45.3666],[10.29852,45.36629],[10.29858,45.36624],[10.3093,45.36812],[10.30974,45.36813],[10.31013,45.36809],[10.31425,45.36755],[10.31533,45.36755],[10.31957,45.36769],[10.3196,45.36764],[10.31907,45.36582],[10.31908,45.36575],[10.31915,45.36567],[10.31958,45.36555],[10.31977,45.36541],[10.31986,45.36526],[10.32002,45.36469],[10.32,45.36449],[10.31953,45.36334],[10.31946,45.36299],[10.31946,45.36283],[10.31956,45.36262],[10.31983,45.36238],[10.32069,45.36198],[10.32125,45.3618],[10.32828,45.36024],[10.32882,45.3601],[10.3302,45.35961],[10.33581,45.35839]]},"properties":{}},{"type":"Feature","geometry":{"type":"LineString","coordinates":[[10.28422,45.26574],[10.28438,45.26551]]},"properties":{}},{"type":"Feature","geometry":{"type":"LineString","coordinates":[[10.28466,45.26564],[10.28422,45.26574]]},"properties":{}},{"type":"Feature","geometry":{"type":"LineString","coordinates":[[10.28466,45.26564],[10.28446,45.26557],[10.28438,45.26551]]},"properties":{}},{"type":"Feature","geometry":{"type":"LineString","coordinates":[[10.28438,45.26551],[10.28433,45.26535],[10.28444,45.2652],[10.28465,45.26512],[10.28487,45.26515]]},"properties":{}},{"type":"Feature","geometry":{"type":"LineString","coordinates":[[10.28513,45.24667],[10.28504,45.24678],[10.28489,45.24685],[10.28461,45.24682],[10.2845,45.24673],[10.28446,45.2466],[10.28449,45.24651],[10.28461,45.24641]]},"properties":{}},{"type":"Feature","geometry":{"type":"LineString","coordinates":[[10.28461,45.24641],[10.2848,45.24637],[10.28499,45.24641],[10.28511,45.24652],[10.28513,45.24667]]},"properties":{}},{"type":"Feature","geometry":{"type":"LineString","coordinates":[[10.28506,45.26533],[10.28506,45.26541],[10.28497,45.26556],[10.28488,45.26561],[10.28466,45.26564]]},"properties":{}},{"type":"Feature","geometry":{"type":"LineString","coordinates":[[10.28487,45.26515],[10.28496,45.2652],[10.28506,45.26533]]},"properties":{}},{"type":"Feature","geometry":{"type":"LineString","coordinates":[[10.28487,45.26515],[10.28506,45.26508],[10.28537,45.26489]]},"properties":{}},{"type":"Feature","geometry":{"type":"LineString","coordinates":[[10.28537,45.26489],[10.28506,45.26533]]},"properties":{}},{"type":"Feature","geometry":{"type":"LineString","coordinates":[[10.28513,45.24667],[10.28531,45.24695],[10.2859,45.24727],[10.28629,45.24744],[10.28851,45.24823],[10.28919,45.24857],[10.29362,45.25109],[10.2942,45.25143],[10.29431,45.25159],[10.29436,45.25176],[10.29436,45.25189],[10.29425,45.25212],[10.29382,45.25252],[10.2935,45.25288],[10.29135,45.25577],[10.28997,45.25756],[10.28984,45.25775],[10.28957,45.25828],[10.2895,45.2585],[10.28952,45.25866]]},"properties":{}},{"type":"Feature","geometry":{"type":"LineString","coordinates":[[10.28537,45.26489],[10.2856,45.26466],[10.28648,45.26363],[10.28843,45.26121],[10.28873,45.26076],[10.28903,45.26015],[10.28923,45.25933]]},"properties":{}},{"type":"Feature","geometry":{"type":"LineString","coordinates":[[10.30398,45.40071],[10.30189,45.40057],[10.30044,45.40039],[10.28734,45.39842]]},"properties":{}},{"type":"Feature","geometry":{"type":"LineString","coordinates":[[10.28789,45.48017],[10.28809,45.47998]]},"properties":{}},{"type":"Feature","geometry":{"type":"LineString","coordinates":[[10.28821,45.48011],[10.28789,45.48017]]},"properties":{}},{"type":"Feature","geometry":{"type":"LineString","coordinates":[[10.28821,45.48011],[10.28809,45.47998]]},"properties":{}},{"type":"Feature","geometry":{"type":"LineString","coordinates":[[10.28809,45.47998],[10.28809,45.47989],[10.28815,45.47979],[10.28826,45.47973],[10.28842,45.4797]]},"properties":{}},{"type":"Feature","geometry":{"type":"LineString","coordinates":[[10.28862,45.47976],[10.28869,45.47982],[10.28872,45.47993],[10.28864,45.48008],[10.28843,45.48015],[10.28821,45.48011]]},"properties":{}},{"type":"Feature","geometry":{"type":"LineString","coordinates":[[10.28842,45.4797],[10.28862,45.47976]]},"properties":{}},{"type":"Feature","geometry":{"type":"LineString","coordinates":[[10.28842,45.4797],[10.28867,45.47952]]},"properties":{}},{"type":"Feature","geometry":{"type":"LineString","coordinates":[[10.28867,45.47952],[10.28862,45.47976]]},"properties":{}},{"type":"Feature","geometry":{"type":"LineString","coordinates":[[10.31536,45.46016],[10.31498,45.46031],[10.31368,45.46103],[10.30657,45.46563],[10.30233,45.46844],[10.30112,45.46929],[10.29577,45.4735],[10.28972,45.47857],[10.28878,45.47938],[10.28867,45.47952]]},"properties":{}},{"type":"Feature","geometry":{"type":"LineString","coordinates":[[10.28929,45.25906],[10.28914,45.25906]]},"properties":{}},{"type":"Feature","geometry":{"type":"LineString","coordinates":[[10.28923,45.25933],[10.28914,45.25906]]},"properties":{}},{"type":"Feature","geometry":{"type":"LineString","coordinates":[[10.28914,45.25906],[10.28903,45.259],[10.28901,45.25893],[10.28903,45.25888],[10.28908,45.25883],[10.2892,45.2588],[10.28929,45.25881]]},"properties":{}},{"type":"Feature","geometry":{"type":"LineString","coordinates":[[10.28929,45.25906],[10.28923,45.25933]]},"properties":{}},{"type":"Feature","geometry":{"type":"LineString","coordinates":[[10.28937,45.25887],[10.28939,45.25895],[10.28935,45.25902],[10.28929,45.25906]]},"properties":{}},{"type":"Feature","geometry":{"type":"LineString","coordinates":[[10.28929,45.25881],[10.28937,45.25887]]},"properties":{}},{"type":"Feature","geometry":{"type":"LineString","coordinates":[[10.28929,45.25881],[10.28952,45.25866]]},"properties":{}},{"type":"Feature","geometry":{"type":"LineString","coordinates":[[10.28952,45.25866],[10.28937,45.25887]]},"properties":{}},{"type":"Feature","geometry":{"type":"LineString","coordinates":[[10.3069,45.25514],[10.30584,45.25533],[10.30452,45.25547],[10.30374,45.25545],[10.30289,45.25539],[10.30143,45.25512],[10.30106,45.25509],[10.30076,45.2551],[10.29971,45.25527],[10.29873,45.25516],[10.29692,45.25515],[10.29639,45.25531],[10.29618,45.25541],[10.29589,45.25565],[10.2944,45.25638],[10.29183,45.25735],[10.28979,45.25846],[10.28952,45.25866]]},"properties":{}},{"type":"Feature","geometry":{"type":"LineString","coordinates":[[10.293,45.08363],[10.29233,45.08375],[10.29198,45.0836],[10.29169,45.08355]]},"properties":{}},{"type":"Feature","geometry":{"type":"LineString","coordinates":[[10.29169,45.08355],[10.29231,45.08353],[10.293,45.08363]]},"properties":{}},{"type":"Feature","geometry":{"type":"LineString","coordinates":[[10.293,45.08363],[10.2945,45.08347],[10.29566,45.08343],[10.3143,45.08287]]},"properties":{}},{"type":"Feature","geometry":{"type":"LineString","coordinates":[[10.3002,45.21233],[10.3003,45.21263],[10.30039,45.21277],[10.30051,45.2129],[10.30066,45.21296],[10.30083,45.213],[10.30125,45.21303],[10.30256,45.21299],[10.30287,45.21301]]},"properties":{}},{"type":"Feature","geometry":{"type":"LineString","coordinates":[[10.3002,45.21233],[10.30062,45.21223],[10.30206,45.212],[10.30251,45.21188],[10.30287,45.21271],[10.30287,45.21301]]},"properties":{}},{"type":"Feature","geometry":{"type":"LineString","coordinates":[[10.30287,45.21301],[10.30294,45.21308],[10.3035,45.21421],[10.30428,45.21664],[10.30518,45.21966],[10.30533,45.21996],[10.30598,45.22092],[10.3061,45.22136],[10.30613,45.22262],[10.30599,45.223],[10.30544,45.22387],[10.30532,45.2241],[10.30531,45.22556],[10.30503,45.22652],[10.30471,45.22815],[10.30432,45.22914],[10.30417,45.22969],[10.30397,45.2302],[10.30361,45.2309],[10.30336,45.2315],[10.30332,45.23173],[10.30712,45.2319],[10.30958,45.23155],[10.31022,45.23142],[10.31095,45.23117],[10.31131,45.23115],[10.31632,45.23211],[10.31641,45.23221],[10.31634,45.23288],[10.31639,45.23302],[10.31651,45.23308],[10.31901,45.23312],[10.32016,45.23317],[10.32086,45.23312]]},"properties":{}},{"type":"Feature","geometry":{"type":"LineString","coordinates":[[10.30582,45.40085],[10.30534,45.40076],[10.30398,45.40071]]},"properties":{}},{"type":"Feature","geometry":{"type":"LineString","coordinates":[[10.30398,45.40071],[10.30533,45.40067],[10.30562,45.4006],[10.30573,45.40052]]},"properties":{}},{"type":"Feature","geometry":{"type":"LineString","coordinates":[[10.30582,45.40085],[10.30574,45.40075],[10.3057,45.40064],[10.30573,45.40052]]},"properties":{}},{"type":"Feature","geometry":{"type":"LineString","coordinates":[[10.30573,45.40052],[10.30582,45.4004],[10.30593,45.40033],[10.30622,45.40028],[10.3065,45.40034],[10.30666,45.40048]]},"properties":{}},{"type":"Feature","geometry":{"type":"LineString","coordinates":[[10.30663,45.40081],[10.30648,45.40092],[10.30627,45.40097],[10.30606,45.40096],[10.30582,45.40085]]},"properties":{}},{"type":"Feature","geometry":{"type":"LineString","coordinates":[[10.30666,45.40048],[10.3067,45.40059],[10.30669,45.40071],[10.30663,45.40081]]},"properties":{}},{"type":"Feature","geometry":{"type":"LineString","coordinates":[[10.30786,45.4006],[10.30705,45.40067],[10.30676,45.40074],[10.30663,45.40081]]},"properties":{}},{"type":"Feature","geometry":{"type":"LineString","coordinates":[[10.30666,45.40048],[10.30692,45.40058],[10.30786,45.4006]]},"properties":{}},{"type":"Feature","geometry":{"type":"LineString","coordinates":[[10.3069,45.25514],[10.30711,45.25502],[10.30726,45.25489]]},"properties":{}},{"type":"Feature","geometry":{"type":"LineString","coordinates":[[10.30732,45.25511],[10.3069,45.25514]]},"properties":{}},{"type":"Feature","geometry":{"type":"LineString","coordinates":[[10.30732,45.25511],[10.30724,45.25501],[10.30726,45.25489]]},"properties":{}},{"type":"Feature","geometry":{"type":"LineString","coordinates":[[10.30726,45.25489],[10.30732,45.25483],[10.30748,45.25477],[10.30757,45.25478],[10.30772,45.25484]]},"properties":{}},{"type":"Feature","geometry":{"type":"LineString","coordinates":[[10.30771,45.25511],[10.30747,45.25517],[10.30732,45.25511]]},"properties":{}},{"type":"Feature","geometry":{"type":"LineString","coordinates":[[10.30772,45.25484],[10.30779,45.25494],[10.30777,45.25506],[10.30771,45.25511]]},"properties":{}},{"type":"Feature","geometry":{"type":"LineString","coordinates":[[10.30843,45.25505],[10.30803,45.25506],[10.30771,45.25511]]},"properties":{}},{"type":"Feature","geometry":{"type":"LineString","coordinates":[[10.30772,45.25484],[10.30816,45.25501],[10.30843,45.25505]]},"properties":{}},{"type":"Feature","geometry":{"type":"LineString","coordinates":[[10.33285,45.4037],[10.32053,45.40117],[10.31787,45.40064],[10.31705,45.40051],[10.31644,45.40044],[10.31526,45.40038],[10.31205,45.40039],[10.30786,45.4006]]},"properties":{}},{"type":"Feature","geometry":{"type":"LineString","coordinates":[[10.31835,45.25609],[10.31661,45.25618],[10.31614,45.25616],[10.31577,45.2561],[10.31505,45.25591],[10.31337,45.25537],[10.31263,45.25524],[10.31109,45.2551],[10.30934,45.25509],[10.30843,45.25505]]},"properties":{}},{"type":"Feature","geometry":{"type":"LineString","coordinates":[[10.31364,45.06272],[10.3135,45.0622],[10.31341,45.06209],[10.31328,45.06204],[10.31111,45.06198],[10.3109,45.06191],[10.31079,45.06174],[10.31072,45.06151],[10.31053,45.06033],[10.31047,45.05934],[10.31051,45.0592],[10.31099,45.05846],[10.31099,45.05804],[10.31071,45.05586],[10.30963,45.05583],[10.30939,45.05576],[10.30877,45.05549],[10.3081,45.05533],[10.30669,45.05533],[10.30502,45.05512],[10.30382,45.05487],[10.30316,45.05463],[10.30271,45.05455],[10.30221,45.05453],[10.30177,45.05464],[10.30138,45.05489],[10.30107,45.0549],[10.30096,45.05487],[10.30054,45.05457],[10.30008,45.05434],[10.29966,45.0542],[10.29885,45.05403],[10.29931,45.05351],[10.29998,45.05309],[10.30039,45.05279],[10.30131,45.0519],[10.30184,45.05122],[10.30209,45.05103],[10.30248,45.05083],[10.30271,45.05067],[10.3034,45.05007],[10.30381,45.04987],[10.30466,45.04968],[10.30495,45.04956],[10.30546,45.04929],[10.30572,45.04909],[10.30598,45.04879],[10.30625,45.04861],[10.30709,45.0483],[10.30798,45.04793],[10.30912,45.04714],[10.30964,45.04673],[10.31033,45.04634],[10.31061,45.04606],[10.31086,45.04566],[10.3116,45.04465],[10.31141,45.04413],[10.31135,45.04388],[10.31075,45.04027],[10.31046,45.03827],[10.31027,45.03733],[10.31013,45.03534],[10.31007,45.03318],[10.31002,45.03002],[10.31003,45.02893],[10.31042,45.02817],[10.31247,45.02329],[10.31288,45.02239],[10.31313,45.02196],[10.31361,45.02144]]},"properties":{}},{"type":"Feature","geometry":{"type":"LineString","coordinates":[[10.31361,45.02144],[10.31404,45.0211],[10.31455,45.02078],[10.31761,45.01909],[10.32034,45.01753],[10.32626,45.01465],[10.32778,45.01373],[10.32943,45.01257],[10.32984,45.01232],[10.3303,45.01209],[10.3312,45.01172],[10.33209,45.01148],[10.33377,45.01121],[10.34057,45.01173],[10.34146,45.01175],[10.3428,45.01171],[10.34454,45.01161],[10.3462,45.01143],[10.34671,45.01132],[10.35011,45.01038],[10.35054,45.0103],[10.35817,45.01016],[10.36579,45.00978],[10.36739,45.0096],[10.36813,45.00947],[10.3741,45.00827],[10.37709,45.00753],[10.37749,45.00746],[10.37841,45.00738],[10.3803,45.00742],[10.38049,45.00764],[10.38132,45.0088],[10.38206,45.00954],[10.38214,45.00948],[10.38234,45.00896],[10.38248,45.00878],[10.38263,45.00865],[10.38396,45.00775],[10.38465,45.00747],[10.39296,45.0062],[10.39531,45.00579],[10.40626,45.0032],[10.40706,45.00298],[10.40866,45.00223],[10.40909,45.00212],[10.41188,45.00154],[10.4142,45.00123],[10.41431,45.00125],[10.41495,45.0]]},"properties":{}},{"type":"Feature","geometry":{"type":"LineString","coordinates":[[10.31385,45.06305],[10.31364,45.06272]]},"properties":{}},{"type":"Feature","geometry":{"type":"LineString","coordinates":[[10.31364,45.06272],[10.31368,45.06268],[10.31384,45.06264],[10.31385,45.06305]]},"properties":{}},{"type":"Feature","geometry":{"type":"LineString","coordinates":[[10.31407,45.06605],[10.31401,45.06494],[10.31385,45.06305]]},"properties":{}},{"type":"Feature","geometry":{"type":"LineString","coordinates":[[10.31522,45.08232],[10.31504,45.08149],[10.315,45.08092],[10.31513,45.08036],[10.31513,45.07978],[10.31475,45.07815],[10.3141,45.07649],[10.31404,45.07617]]},"properties":{}},{"type":"Feature","geometry":{"type":"LineString","coordinates":[[10.31404,45.07617],[10.31404,45.07586],[10.31412,45.0758],[10.31421,45.07577],[10.31439,45.07578],[10.31457,45.07574]]},"properties":{}},{"type":"Feature","geometry":{"type":"LineString","coordinates":[[10.31457,45.07574],[10.31404,45.07617]]},"properties":{}},{"type":"Feature","geometry":{"type":"LineString","coordinates":[[10.31407,45.06605],[10.3143,45.06651],[10.31443,45.06683]]},"properties":{}},{"type":"Feature","geometry":{"type":"LineString","coordinates":[[10.31443,45.06683],[10.31431,45.06675],[10.31404,45.06674],[10.31407,45.06605]]},"properties":{}},{"type":"Feature","geometry":{"type":"LineString","coordinates":[[10.31496,45.08292],[10.3143,45.08287]]},"properties":{}},{"type":"Feature","geometry":{"type":"LineString","coordinates":[[10.3143,45.08287],[10.31495,45.08276]]},"properties":{}},{"type":"Feature","geometry":{"type":"LineString","coordinates":[[10.31436,45.1748],[10.31477,45.1748],[10.31567,45.17568],[10.31579,45.17586],[10.31583,45.17604],[10.31582,45.1762],[10.31573,45.17639],[10.31522,45.17728],[10.31497,45.17797],[10.31491,45.17806]]},"properties":{}},{"type":"Feature","geometry":{"type":"LineString","coordinates":[[10.31491,45.17806],[10.31269,45.17652],[10.3123,45.17602],[10.31231,45.17552],[10.31299,45.17504],[10.31313,45.17497],[10.31357,45.17481],[10.31375,45.17478],[10.31436,45.1748]]},"properties":{}},{"type":"Feature","geometry":{"type":"LineString","coordinates":[[10.31457,45.07574],[10.31489,45.07548],[10.31588,45.07442],[10.31651,45.07413],[10.31661,45.07398],[10.31588,45.07253],[10.31586,45.07231],[10.31599,45.07186],[10.31598,45.07174],[10.31552,45.0712],[10.31514,45.07054],[10.3149,45.07024],[10.31464,45.06973],[10.31461,45.06952],[10.31473,45.06806],[10.3146,45.06729],[10.31443,45.06683]]},"properties":{}},{"type":"Feature","geometry":{"type":"LineString","coordinates":[[10.33072,45.19263],[10.32865,45.19209],[10.3282,45.19189],[10.32784,45.19168],[10.32481,45.1893],[10.31568,45.18202],[10.31535,45.18173],[10.31466,45.18093],[10.31354,45.17907],[10.31338,45.17889],[10.31343,45.1788],[10.3135,45.17875],[10.3138,45.17871],[10.31409,45.17859],[10.31491,45.17806]]},"properties":{}},{"type":"Feature","geometry":{"type":"LineString","coordinates":[[10.31496,45.08292],[10.31495,45.08276]]},"properties":{}},{"type":"Feature","geometry":{"type":"LineString","coordinates":[[10.31495,45.08276],[10.31506,45.08266],[10.31514,45.08263]]},"properties":{}},{"type":"Feature","geometry":{"type":"LineString","coordinates":[[10.31533,45.08263],[10.31546,45.08268],[10.31554,45.08279],[10.31555,45.08286],[10.31547,45.08298],[10.31531,45.08304],[10.31517,45.08304],[10.31505,45.083],[10.31496,45.08292]]},"properties":{}},{"type":"Feature","geometry":{"type":"LineString","coordinates":[[10.31514,45.08263],[10.31522,45.08232]]},"properties":{}},{"type":"Feature","geometry":{"type":"LineString","coordinates":[[10.31514,45.08263],[10.31533,45.08263]]},"properties":{}},{"type":"Feature","geometry":{"type":"LineString","coordinates":[[10.31522,45.08232],[10.31533,45.08263]]},"properties":{}},{"type":"Feature","geometry":{"type":"LineString","coordinates":[[10.31536,45.46016],[10.31547,45.46009],[10.3155,45.46003]]},"properties":{}},{"type":"Feature","geometry":{"type":"LineString","coordinates":[[10.31561,45.46011],[10.31536,45.46016]]},"properties":{}},{"type":"Feature","geometry":{"type":"LineString","coordinates":[[10.31561,45.46011],[10.3155,45.46003]]},"properties":{}},{"type":"Feature","geometry":{"type":"LineString","coordinates":[[10.3155,45.46003],[10.3155,45.45993],[10.31566,45.45983]]},"properties":{}},{"type":"Feature","geometry":{"type":"LineString","coordinates":[[10.31586,45.45986],[10.31593,45.45998],[10.31589,45.46006],[10.3158,45.46012],[10.31561,45.46011]]},"properties":{}},{"type":"Feature","geometry":{"type":"LineString","coordinates":[[10.31566,45.45983],[10.31579,45.45975],[10.31599,45.45952],[10.31635,45.4593]]},"properties":{}},{"type":"Feature","geometry":{"type":"LineString","coordinates":[[10.31566,45.45983],[10.31586,45.45986]]},"properties":{}},{"type":"Feature","geometry":{"type":"LineString","coordinates":[[10.31635,45.4593],[10.31597,45.45962],[10.31586,45.45986]]},"properties":{}},{"type":"Feature","geometry":{"type":"LineString","coordinates":[[10.31635,45.4593],[10.31686,45.459],[10.31752,45.45849],[10.31774,45.45821],[10.31779,45.45806],[10.31782,45.45774],[10.31787,45.45764],[10.31804,45.45749],[10.31818,45.45745]]},"properties":{}},{"type":"Feature","geometry":{"type":"LineString","coordinates":[[10.323,45.45504],[10.32241,45.45544],[10.32149,45.45628],[10.32134,45.45647],[10.32105,45.45707],[10.32071,45.45729],[10.32054,45.45737],[10.31984,45.45759],[10.31977,45.45768],[10.3196,45.45781],[10.31928,45.45788],[10.31889,45.45781],[10.31868,45.45766],[10.31861,45.45755],[10.31836,45.45746],[10.31818,45.45745]]},"properties":{}},{"type":"Feature","geometry":{"type":"LineString","coordinates":[[10.31818,45.45745],[10.31851,45.45731],[10.31881,45.45708],[10.31897,45.45701],[10.31922,45.45697],[10.31954,45.45702],[10.31966,45.45708],[10.31982,45.45724],[10.31996,45.4573],[10.32011,45.45733],[10.32034,45.45728],[10.32043,45.45721],[10.32075,45.45665],[10.32101,45.45629],[10.32135,45.45595],[10.32256,45.4552],[10.323,45.45504]]},"properties":{}},{"type":"Feature","geometry":{"type":"LineString","coordinates":[[10.31835,45.25609],[10.31864,45.25602],[10.31894,45.25589]]},"properties":{}},{"type":"Feature","geometry":{"type":"LineString","coordinates":[[10.31908,45.25607],[10.31835,45.25609]]},"properties":{}},{"type":"Feature","geometry":{"type":"LineString","coordinates":[[10.31908,45.25607],[10.31897,45.256],[10.31894,45.25589]]},"properties":{}},{"type":"Feature","geometry":{"type":"LineString","coordinates":[[10.31894,45.25589],[10.31901,45.25577],[10.31918,45.25571]]},"properties":{}},{"type":"Feature","geometry":{"type":"LineString","coordinates":[[10.31946,45.2558],[10.3195,45.25593],[10.31942,45.25604],[10.31926,45.2561],[10.31908,45.25607]]},"properties":{}},{"type":"Feature","geometry":{"type":"LineString","coordinates":[[10.31918,45.25571],[10.31936,45.25567],[10.31971,45.25552]]},"properties":{}},{"type":"Feature","geometry":{"type":"LineString","coordinates":[[10.31918,45.25571],[10.31934,45.25572],[10.31946,45.2558]]},"properties":{}},{"type":"Feature","geometry":{"type":"LineString","coordinates":[[10.31971,45.25552],[10.31946,45.2558]]},"properties":{}},{"type":"Feature","geometry":{"type":"LineString","coordinates":[[10.32444,45.23633],[10.32456,45.2369],[10.32471,45.23844],[10.3248,45.23884],[10.32594,45.24107],[10.32611,45.24154],[10.32609,45.24188],[10.32597,45.2422],[10.32403,45.24518],[10.32377,45.24558],[10.32343,45.24625],[10.32332,45.24672],[10.32296,45.25011],[10.32291,45.25039],[10.32267,45.251],[10.32121,45.25306],[10.31971,45.25552]]},"properties":{}},{"type":"Feature","geometry":{"type":"LineString","coordinates":[[10.32086,45.23312],[10.32103,45.23327],[10.3226,45.23379],[10.32289,45.23394],[10.32302,45.23406],[10.32406,45.23562],[10.32427,45.23598],[10.32444,45.23633]]},"properties":{}},{"type":"Feature","geometry":{"type":"LineString","coordinates":[[10.32927,45.23028],[10.32526,45.23067],[10.32452,45.23075],[10.32403,45.23086],[10.322,45.23177],[10.32113,45.23222],[10.32095,45.23244],[10.3209,45.23257],[10.32084,45.23289],[10.32086,45.23312]]},"properties":{}},{"type":"Feature","geometry":{"type":"LineString","coordinates":[[10.3626,45.42971],[10.36025,45.43122],[10.35808,45.43247],[10.35604,45.43371],[10.35041,45.43741],[10.34463,45.44117],[10.34134,45.44325],[10.32525,45.45363],[10.323,45.45504]]},"properties":{}},{"type":"Feature","geometry":{"type":"LineString","coordinates":[[10.32927,45.23028],[10.3295,45.2319],[10.33003,45.23305],[10.33008,45.23329],[10.32997,45.23378],[10.32899,45.23661],[10.32886,45.23674],[10.32876,45.23678],[10.32846,45.23683],[10.32701,45.23669],[10.32504,45.23621],[10.32495,45.2362],[10.32444,45.23633]]},"properties":{}},{"type":"Feature","geometry":{"type":"LineString","coordinates":[[10.32852,45.31021],[10.32834,45.31001],[10.32794,45.30986]]},"properties":{}},{"type":"Feature","geometry":{"type":"LineString","coordinates":[[10.32794,45.30986],[10.32496,45.30999],[10.32439,45.30989],[10.32332,45.30965],[10.3222,45.30923],[10.32309,45.30724],[10.32354,45.30603],[10.32768,45.29599],[10.32824,45.29453],[10.32838,45.29405],[10.3287,45.29189]]},"properties":{}},{"type":"Feature","geometry":{"type":"LineString","coordinates":[[10.32794,45.30986],[10.32834,45.30985]]},"properties":{}},{"type":"Feature","geometry":{"type":"LineString","coordinates":[[10.32834,45.30985],[10.32846,45.30997],[10.32852,45.31021]]},"properties":{}},{"type":"Feature","geometry":{"type":"LineString","coordinates":[[10.32834,45.30985],[10.33659,45.30953],[10.33757,45.30959],[10.33834,45.30975],[10.34784,45.31252],[10.34903,45.31275],[10.35605,45.3136],[10.35663,45.3137],[10.35713,45.31383],[10.35767,45.31402],[10.35823,45.31429],[10.36152,45.31646],[10.36219,45.31678],[10.36264,45.31696],[10.363,45.31703],[10.36463,45.31705],[10.3651,45.31708],[10.36593,45.31723],[10.36764,45.31764],[10.36796,45.31768],[10.36932,45.31765],[10.36936,45.31751],[10.36947,45.31743],[10.37029,45.31705]]},"properties":{}},{"type":"Feature","geometry":{"type":"LineString","coordinates":[[10.32852,45.31021],[10.32968,45.312],[10.32997,45.31249],[10.33022,45.31304],[10.33089,45.3148],[10.3337,45.32256],[10.33698,45.33134]]},"properties":{}},{"type":"Feature","geometry":{"type":"LineString","coordinates":[[10.329,45.29146],[10.32879,45.29151],[10.3286,45.29141]]},"properties":{}},{"type":"Feature","geometry":{"type":"LineString","coordinates":[[10.3287,45.29189],[10.3286,45.29141]]},"properties":{}},{"type":"Feature","geometry":{"type":"LineString","coordinates":[[10.3286,45.29141],[10.32859,45.29128],[10.32867,45.2912],[10.32887,45.29116],[10.32903,45.29123]]},"properties":{}},{"type":"Feature","geometry":{"type":"LineString","coordinates":[[10.329,45.29146],[10.32884,45.29164],[10.3287,45.29189]]},"properties":{}},{"type":"Feature","geometry":{"type":"LineString","coordinates":[[10.32903,45.29144],[10.329,45.29146]]},"properties":{}},{"type":"Feature","geometry":{"type":"LineString","coordinates":[[10.32903,45.29123],[10.32952,45.29133]]},"properties":{}},{"type":"Feature","geometry":{"type":"LineString","coordinates":[[10.32903,45.29123],[10.32907,45.29132],[10.32903,45.29144]]},"properties":{}},{"type":"Feature","geometry":{"type":"LineString","coordinates":[[10.32952,45.29133],[10.32903,45.29144]]},"properties":{}},{"type":"Feature","geometry":{"type":"LineString","coordinates":[[10.35457,45.23027],[10.34991,45.22983],[10.34368,45.229],[10.34282,45.22896],[10.34239,45.229],[10.34127,45.22919],[10.3401,45.22934],[10.33691,45.22938],[10.33582,45.22942],[10.33219,45.22997],[10.33122,45.23009],[10.32927,45.23028]]},"properties":{}},{"type":"Feature","geometry":{"type":"LineString","coordinates":[[10.34768,45.28067],[10.34726,45.28087],[10.34576,45.2817],[10.3424,45.28458],[10.34168,45.28514],[10.33978,45.28636],[10.33581,45.2888],[10.33258,45.29069],[10.33213,45.29094],[10.33182,45.29108],[10.33131,45.29122],[10.33072,45.29129],[10.32952,45.29133]]},"properties":{}},{"type":"Feature","geometry":{"type":"LineString","coordinates":[[10.33039,45.194],[10.32802,45.1946],[10.32816,45.19529],[10.32833,45.19594],[10.33017,45.19565],[10.33043,45.19558],[10.33037,45.19496],[10.33039,45.194]]},"properties":{}},{"type":"Feature","geometry":{"type":"LineString","coordinates":[[10.33039,45.194],[10.33048,45.19349],[10.33061,45.19308]]},"properties":{}},{"type":"Feature","geometry":{"type":"LineString","coordinates":[[10.33061,45.19308],[10.33065,45.19276],[10.33072,45.19263]]},"properties":{}},{"type":"Feature","geometry":{"type":"LineString","coordinates":[[10.33072,45.19263],[10.33079,45.19272],[10.33079,45.19278],[10.33061,45.19308]]},"properties":{}},{"type":"Feature","geometry":{"type":"LineString","coordinates":[[10.36698,45.19842],[10.36238,45.19738],[10.36134,45.19717],[10.36069,45.19708],[10.35536,45.19656],[10.35317,45.19645],[10.35146,45.19622],[10.3496,45.19612],[10.34873,45.19613],[10.34548,45.19635],[10.34489,45.19631],[10.3435,45.19598],[10.34136,45.1952],[10.34005,45.19479],[10.33929,45.19462],[10.33845,45.19449],[10.33746,45.19429],[10.33072,45.19263]]},"properties":{}},{"type":"Feature","geometry":{"type":"LineString","coordinates":[[10.33285,45.4037],[10.33349,45.40377]]},"properties":{}},{"type":"Feature","geometry":{"type":"LineString","coordinates":[[10.33336,45.40398],[10.33314,45.4038],[10.33285,45.4037]]},"properties":{}},{"type":"Feature","geometry":{"type":"LineString","coordinates":[[10.33427,45.40409],[10.33416,45.40422],[10.33406,45.40428],[10.33374,45.40432],[10.3335,45.40424],[10.33342,45.40416],[10.33336,45.40398]]},"properties":{}},{"type":"Feature","geometry":{"type":"LineString","coordinates":[[10.33336,45.40398],[10.33338,45.4039],[10.33349,45.40377]]},"properties":{}},{"type":"Feature","geometry":{"type":"LineString","coordinates":[[10.33349,45.40377],[10.33361,45.40371],[10.33388,45.40368],[10.33413,45.40376],[10.33425,45.40387]]},"properties":{}},{"type":"Feature","geometry":{"type":"LineString","coordinates":[[10.33425,45.40387],[10.33484,45.40398]]},"properties":{}},{"type":"Feature","geometry":{"type":"LineString","coordinates":[[10.33425,45.40387],[10.33428,45.40398],[10.33427,45.40409]]},"properties":{}},{"type":"Feature","geometry":{"type":"LineString","coordinates":[[10.33484,45.40398],[10.33452,45.40401],[10.33427,45.40409]]},"properties":{}},{"type":"Feature","geometry":{"type":"LineString","coordinates":[[10.35148,45.40506],[10.33484,45.40398]]},"properties":{}},{"type":"Feature","geometry":{"type":"LineString","coordinates":[[10.33581,45.35839],[10.33608,45.35824]]},"properties":{}},{"type":"Feature","geometry":{"type":"LineString","coordinates":[[10.33612,45.35838],[10.33581,45.35839]]},"properties":{}},{"type":"Feature","geometry":{"type":"LineString","coordinates":[[10.33612,45.35838],[10.33606,45.35831],[10.33608,45.35824]]},"properties":{}},{"type":"Feature","geometry":{"type":"LineString","coordinates":[[10.33608,45.35824],[10.33621,45.35817],[10.33637,45.35821]]},"properties":{}},{"type":"Feature","geometry":{"type":"LineString","coordinates":[[10.33638,45.35836],[10.33622,45.35841],[10.33612,45.35838]]},"properties":{}},{"type":"Feature","geometry":{"type":"LineString","coordinates":[[10.33637,45.35821],[10.33677,45.35828]]},"properties":{}},{"type":"Feature","geometry":{"type":"LineString","coordinates":[[10.33637,45.35821],[10.33641,45.35829],[10.33638,45.35836]]},"properties":{}},{"type":"Feature","geometry":{"type":"LineString","coordinates":[[10.33677,45.35828],[10.33638,45.35836]]},"properties":{}},{"type":"Feature","geometry":{"type":"LineString","coordinates":[[10.33677,45.35828],[10.33756,45.3582],[10.3388,45.35817],[10.3389,45.35782],[10.33891,45.35726],[10.33885,45.3569],[10.33852,45.3552],[10.3382,45.35402],[10.33786,45.3522]]},"properties":{}},{"type":"Feature","geometry":{"type":"LineString","coordinates":[[10.33698,45.33134],[10.3372,45.33163]]},"properties":{}},{"type":"Feature","geometry":{"type":"LineString","coordinates":[[10.33701,45.33166],[10.33698,45.33134]]},"properties":{}},{"type":"Feature","geometry":{"type":"LineString","coordinates":[[10.33711,45.33192],[10.33695,45.33184],[10.33694,45.33174],[10.33701,45.33166]]},"properties":{}},{"type":"Feature","geometry":{"type":"LineString","coordinates":[[10.33701,45.33166],[10.3372,45.33163]]},"properties":{}},{"type":"Feature","geometry":{"type":"LineString","coordinates":[[10.33728,45.33216],[10.33711,45.33192]]},"properties":{}},{"type":"Feature","geometry":{"type":"LineString","coordinates":[[10.3373,45.33188],[10.33711,45.33192]]},"properties":{}},{"type":"Feature","geometry":{"type":"LineString","coordinates":[[10.3372,45.33163],[10.33735,45.33172],[10.33736,45.33181],[10.3373,45.33188]]},"properties":{}},{"type":"Feature","geometry":{"type":"LineString","coordinates":[[10.33728,45.33216],[10.33827,45.33477],[10.33851,45.3355],[10.33853,45.33593],[10.33847,45.33618]]},"properties":{}},{"type":"Feature","geometry":{"type":"LineString","coordinates":[[10.3373,45.33188],[10.33728,45.33216]]},"properties":{}},{"type":"Feature","geometry":{"type":"LineString","coordinates":[[10.33786,45.3522],[10.33776,45.35219],[10.33768,45.35213],[10.3377,45.35202],[10.33778,45.35198],[10.33788,45.35197],[10.338,45.35206]]},"properties":{}},{"type":"Feature","geometry":{"type":"LineString","coordinates":[[10.338,45.35206],[10.33798,45.35213],[10.33786,45.3522]]},"properties":{}},{"type":"Feature","geometry":{"type":"LineString","coordinates":[[10.338,45.35206],[10.33817,45.35202],[10.33887,45.35198],[10.34082,45.35189],[10.34093,45.3518],[10.3425,45.35105],[10.34358,45.35044],[10.3445,45.35019],[10.34462,45.35007],[10.34521,45.34914],[10.34555,45.34869]]},"properties":{}},{"type":"Feature","geometry":{"type":"LineString","coordinates":[[10.33856,45.33678],[10.33847,45.33683],[10.33829,45.33685],[10.33814,45.3368],[10.33805,45.33671],[10.33803,45.3366],[10.33806,45.33655],[10.33815,45.33646],[10.33828,45.33642]]},"properties":{}},{"type":"Feature","geometry":{"type":"LineString","coordinates":[[10.33828,45.33642],[10.33847,45.33618]]},"properties":{}},{"type":"Feature","geometry":{"type":"LineString","coordinates":[[10.33828,45.33642],[10.33849,45.33645]]},"properties":{}},{"type":"Feature","geometry":{"type":"LineString","coordinates":[[10.33847,45.33618],[10.33849,45.33645]]},"properties":{}},{"type":"Feature","geometry":{"type":"LineString","coordinates":[[10.33849,45.33645],[10.33862,45.33655]]},"properties":{}},{"type":"Feature","geometry":{"type":"LineString","coordinates":[[10.33862,45.33655],[10.33864,45.33667],[10.33856,45.33678]]},"properties":{}},{"type":"Feature","geometry":{"type":"LineString","coordinates":[[10.33899,45.33676],[10.33856,45.33678]]},"properties":{}},{"type":"Feature","geometry":{"type":"LineString","coordinates":[[10.33862,45.33655],[10.33875,45.33669],[10.33899,45.33676]]},"properties":{}},{"type":"Feature","geometry":{"type":"LineString","coordinates":[[10.34507,45.34791],[10.34289,45.34779],[10.34268,45.34781],[10.34224,45.34621],[10.34218,45.34587],[10.34213,45.34513],[10.34183,45.345],[10.34157,45.34483],[10.34142,45.3445],[10.34106,45.34249],[10.34087,45.34176],[10.33899,45.33676]]},"properties":{}},{"type":"Feature","geometry":{"type":"LineString","coordinates":[[10.34507,45.34791],[10.34582,45.34796],[10.34585,45.348],[10.34587,45.34813],[10.34573,45.34841],[10.34555,45.34869]]},"properties":{}},{"type":"Feature","geometry":{"type":"LineString","coordinates":[[10.34555,45.34869],[10.34553,45.34852],[10.34528,45.34808],[10.34521,45.34799],[10.34507,45.34791]]},"properties":{}},{"type":"Feature","geometry":{"type":"LineString","coordinates":[[10.34768,45.28067],[10.34798,45.2804]]},"properties":{}},{"type":"Feature","geometry":{"type":"LineString","coordinates":[[10.34812,45.28053],[10.34768,45.28067]]},"properties":{}},{"type":"Feature","geometry":{"type":"LineString","coordinates":[[10.34812,45.28053],[10.34802,45.28048],[10.34798,45.2804]]},"properties":{}},{"type":"Feature","geometry":{"type":"LineString","coordinates":[[10.34798,45.2804],[10.34805,45.28029],[10.34823,45.28027]]},"properties":{}},{"type":"Feature","geometry":{"type":"LineString","coordinates":[[10.34832,45.28049],[10.34823,45.28053],[10.34812,45.28053]]},"properties":{}},{"type":"Feature","geometry":{"type":"LineString","coordinates":[[10.34845,45.49935],[10.34818,45.5]]},"properties":{}},{"type":"Feature","geometry":{"type":"LineString","coordinates":[[10.34823,45.28027],[10.34837,45.28036],[10.34837,45.28041],[10.34832,45.28049]]},"properties":{}},{"type":"Feature","geometry":{"type":"LineString","coordinates":[[10.34823,45.28027],[10.34884,45.28023]]},"properties":{}},{"type":"Feature","geometry":{"type":"LineString","coordinates":[[10.34884,45.28023],[10.34832,45.28049]]},"properties":{}},{"type":"Feature","geometry":{"type":"LineString","coordinates":[[10.34845,45.49935],[10.34845,45.49925],[10.34861,45.49899]]},"properties":{}},{"type":"Feature","geometry":{"type":"LineString","coordinates":[[10.34877,45.49907],[10.34858,45.49918],[10.34845,45.49935]]},"properties":{}},{"type":"Feature","geometry":{"type":"LineString","coordinates":[[10.34877,45.49907],[10.34867,45.49905],[10.34861,45.49899]]},"properties":{}},{"type":"Feature","geometry":{"type":"LineString","coordinates":[[10.34861,45.49899],[10.34864,45.49883],[10.34874,45.49874]]},"properties":{}},{"type":"Feature","geometry":{"type":"LineString","coordinates":[[10.34874,45.49874],[10.3488,45.49848],[10.34887,45.49839]]},"properties":{}},{"type":"Feature","geometry":{"type":"LineString","coordinates":[[10.34874,45.49874],[10.34891,45.49874]]},"properties":{}},{"type":"Feature","geometry":{"type":"LineString","coordinates":[[10.34891,45.49874],[10.34896,45.49882],[10.34896,45.49893],[10.34886,45.49905],[10.34877,45.49907]]},"properties":{}},{"type":"Feature","geometry":{"type":"LineString","coordinates":[[10.3679,45.27881],[10.36706,45.27889],[10.35129,45.27989],[10.34996,45.28001],[10.34884,45.28023]]},"properties":{}},{"type":"Feature","geometry":{"type":"LineString","coordinates":[[10.34887,45.49839],[10.34891,45.49874]]},"properties":{}},{"type":"Feature","geometry":{"type":"LineString","coordinates":[[10.35875,45.49402],[10.35787,45.49456],[10.3565,45.4952],[10.35177,45.49679],[10.34985,45.49747],[10.3495,45.49767],[10.34924,45.49788],[10.34907,45.49807],[10.34887,45.49839]]},"properties":{}},{"type":"Feature","geometry":{"type":"LineString","coordinates":[[10.35148,45.40506],[10.35234,45.40504],[10.35259,45.40498]]},"properties":{}},{"type":"Feature","geometry":{"type":"LineString","coordinates":[[10.35258,45.4053],[10.35243,45.40521],[10.35225,45.40516],[10.35148,45.40506]]},"properties":{}},{"type":"Feature","geometry":{"type":"LineString","coordinates":[[10.35336,45.40533],[10.3532,45.40542],[10.35299,45.40546],[10.35277,45.40543],[10.35258,45.4053]]},"properties":{}},{"type":"Feature","geometry":{"type":"LineString","coordinates":[[10.35258,45.4053],[10.35253,45.40519],[10.35253,45.40509],[10.35259,45.40498]]},"properties":{}},{"type":"Feature","geometry":{"type":"LineString","coordinates":[[10.35259,45.40498],[10.35271,45.40489],[10.353,45.40482],[10.35328,45.4049],[10.35338,45.40499]]},"properties":{}},{"type":"Feature","geometry":{"type":"LineString","coordinates":[[10.35338,45.40499],[10.35344,45.40516],[10.35336,45.40533]]},"properties":{}},{"type":"Feature","geometry":{"type":"LineString","coordinates":[[10.35402,45.40522],[10.35354,45.40525],[10.35336,45.40533]]},"properties":{}},{"type":"Feature","geometry":{"type":"LineString","coordinates":[[10.35338,45.40499],[10.35358,45.40512],[10.35402,45.40522]]},"properties":{}},{"type":"Feature","geometry":{"type":"LineString","coordinates":[[10.35402,45.40522],[10.35666,45.40537],[10.35969,45.40539]]},"properties":{}},{"type":"Feature","geometry":{"type":"LineString","coordinates":[[10.38402,45.22621],[10.38314,45.22622],[10.38257,45.22627],[10.38216,45.22635],[10.38141,45.22657],[10.37782,45.22796],[10.37706,45.22814],[10.37645,45.22819],[10.37171,45.22838],[10.37073,45.22846],[10.35691,45.23031],[10.35642,45.23035],[10.35569,45.23035],[10.35457,45.23027]]},"properties":{}},{"type":"Feature","geometry":{"type":"LineString","coordinates":[[10.35569,45.22715],[10.35555,45.22801],[10.35457,45.23027]]},"properties":{}},{"type":"Feature","geometry":{"type":"LineString","coordinates":[[10.35875,45.49402],[10.35885,45.49389],[10.35887,45.49379]]},"properties":{}},{"type":"Feature","geometry":{"type":"LineString","coordinates":[[10.35905,45.49392],[10.35875,45.49402]]},"properties":{}},{"type":"Feature","geometry":{"type":"LineString","coordinates":[[10.35905,45.49392],[10.35894,45.49387],[10.35887,45.49379]]},"properties":{}},{"type":"Feature","geometry":{"type":"LineString","coordinates":[[10.35887,45.49379],[10.35887,45.49369],[10.35897,45.4936],[10.3591,45.49356],[10.35924,45.49357]]},"properties":{}},{"type":"Feature","geometry":{"type":"LineString","coordinates":[[10.3594,45.49371],[10.35939,45.49381],[10.3593,45.4939],[10.3592,45.49393],[10.35905,45.49392]]},"properties":{}},{"type":"Feature","geometry":{"type":"LineString","coordinates":[[10.35924,45.49357],[10.35936,45.49364],[10.3594,45.49371]]},"properties":{}},{"type":"Feature","geometry":{"type":"LineString","coordinates":[[10.35924,45.49357],[10.35953,45.49348]]},"properties":{}},{"type":"Feature","geometry":{"type":"LineString","coordinates":[[10.35953,45.49348],[10.3594,45.49371]]},"properties":{}},{"type":"Feature","geometry":{"type":"LineString","coordinates":[[10.3739,45.48547],[10.37062,45.48637],[10.36999,45.48663],[10.36663,45.48905],[10.36466,45.49054],[10.3631,45.49166],[10.36259,45.49195],[10.36157,45.49245],[10.36013,45.49311],[10.35953,45.49348]]},"properties":{}},{"type":"Feature","geometry":{"type":"LineString","coordinates":[[10.36033,45.40555],[10.36009,45.40544],[10.35969,45.40539]]},"properties":{}},{"type":"Feature","geometry":{"type":"LineString","coordinates":[[10.35969,45.40539],[10.36012,45.40534],[10.36032,45.40525]]},"properties":{}},{"type":"Feature","geometry":{"type":"LineString","coordinates":[[10.36033,45.40555],[10.36028,45.40545],[10.36028,45.40535],[10.36032,45.40525]]},"properties":{}},{"type":"Feature","geometry":{"type":"LineString","coordinates":[[10.36032,45.40525],[10.36047,45.40513],[10.36072,45.40508],[10.36097,45.40513],[10.36113,45.40525]]},"properties":{}},{"type":"Feature","geometry":{"type":"LineString","coordinates":[[10.36112,45.40556],[10.36094,45.40568],[10.36071,45.40572],[10.36048,45.40567],[10.36033,45.40555]]},"properties":{}},{"type":"Feature","geometry":{"type":"LineString","coordinates":[[10.36113,45.40525],[10.36118,45.40535],[10.36117,45.40546],[10.36112,45.40556]]},"properties":{}},{"type":"Feature","geometry":{"type":"LineString","coordinates":[[10.36244,45.40539],[10.36139,45.40548],[10.36112,45.40556]]},"properties":{}},{"type":"Feature","geometry":{"type":"LineString","coordinates":[[10.36113,45.40525],[10.36137,45.40533],[10.36156,45.40535],[10.36244,45.40539]]},"properties":{}},{"type":"Feature","geometry":{"type":"LineString","coordinates":[[10.37766,45.40278],[10.37737,45.40291],[10.37669,45.40312],[10.37036,45.40457],[10.36921,45.40474],[10.36805,45.40486],[10.36244,45.40539]]},"properties":{}},{"type":"Feature","geometry":{"type":"LineString","coordinates":[[10.3626,45.42971],[10.36284,45.4295],[10.36474,45.42819],[10.36691,45.42681],[10.36726,45.42665]]},"properties":{}},{"type":"Feature","geometry":{"type":"LineString","coordinates":[[10.36728,45.42671],[10.3626,45.42971]]},"properties":{}},{"type":"Feature","geometry":{"type":"LineString","coordinates":[[10.36734,45.42676],[10.36717,45.4268],[10.36704,45.42689],[10.36684,45.42702],[10.36669,45.42721],[10.36357,45.4292],[10.36291,45.42958],[10.3626,45.42971]]},"properties":{}},{"type":"Feature","geometry":{"type":"LineString","coordinates":[[10.36624,45.11983],[10.36633,45.1198],[10.36654,45.11981],[10.36668,45.1199],[10.36673,45.12003],[10.36671,45.1201],[10.36658,45.1202],[10.3664,45.12024],[10.36623,45.1202]]},"properties":{}},{"type":"Feature","geometry":{"type":"LineString","coordinates":[[10.36623,45.1202],[10.36639,45.12034],[10.3665,45.12064],[10.36682,45.12309],[10.36706,45.12514],[10.36698,45.12534],[10.36689,45.12546],[10.36632,45.12559],[10.36429,45.12581],[10.36452,45.12701],[10.36494,45.12897],[10.36504,45.12957],[10.3664,45.12915],[10.36646,45.12908],[10.36667,45.12906],[10.36784,45.12874],[10.36838,45.12973]]},"properties":{}},{"type":"Feature","geometry":{"type":"LineString","coordinates":[[10.36623,45.1202],[10.36612,45.12009],[10.3661,45.12002],[10.36612,45.11994],[10.36624,45.11983]]},"properties":{}},{"type":"Feature","geometry":{"type":"LineString","coordinates":[[10.36624,45.11983],[10.36629,45.11972],[10.36633,45.11935],[10.36621,45.11832],[10.36618,45.11776],[10.36632,45.11603],[10.36638,45.11569],[10.37107,45.09005],[10.37117,45.08965],[10.37155,45.08871],[10.37178,45.08803],[10.3727,45.08277],[10.37309,45.08041],[10.37315,45.08025],[10.37347,45.0799],[10.37353,45.07978],[10.37364,45.07895],[10.39736,45.07516],[10.39792,45.07502],[10.39828,45.0749],[10.40376,45.07282],[10.4046,45.07263],[10.4051,45.07256],[10.40567,45.07252],[10.4056,45.07224],[10.40548,45.07195],[10.40495,45.07126],[10.40469,45.071],[10.40387,45.07045],[10.40373,45.07023],[10.40329,45.06898],[10.40402,45.06872],[10.40486,45.06851],[10.40556,45.06954],[10.40592,45.06979],[10.40651,45.07052],[10.40667,45.07084],[10.40677,45.0711],[10.40707,45.07242],[10.40713,45.07252],[10.40735,45.0727],[10.40838,45.07296],[10.40898,45.07307],[10.40989,45.07312],[10.41079,45.07307],[10.42597,45.07072]]},"properties":{}},{"type":"Feature","geometry":{"type":"LineString","coordinates":[[10.36698,45.19842],[10.36759,45.19846]]},"properties":{}},{"type":"Feature","geometry":{"type":"LineString","coordinates":[[10.36746,45.19875],[10.36745,45.19862],[10.36735,45.19854],[10.36698,45.19842]]},"properties":{}},{"type":"Feature","geometry":{"type":"LineString","coordinates":[[10.36728,45.42671],[10.36726,45.42665]]},"properties":{}},{"type":"Feature","geometry":{"type":"LineString","coordinates":[[10.36726,45.42665],[10.36734,45.42658],[10.36748,45.42658]]},"properties":{}},{"type":"Feature","geometry":{"type":"LineString","coordinates":[[10.36734,45.42676],[10.36728,45.42671]]},"properties":{}},{"type":"Feature","geometry":{"type":"LineString","coordinates":[[10.36748,45.42658],[10.36728,45.42671]]},"properties":{}},{"type":"Feature","geometry":{"type":"LineString","coordinates":[[10.36744,45.42677],[10.36734,45.42676]]},"properties":{}},{"type":"Feature","geometry":{"type":"LineString","coordinates":[[10.36744,45.42677],[10.36697,45.42757],[10.36606,45.42985],[10.36598,45.43026],[10.36591,45.43091],[10.3657,45.43136],[10.3656,45.43174],[10.36547,45.43242],[10.36538,45.43332],[10.36558,45.43428],[10.36567,45.43517],[10.36566,45.43565],[10.36562,45.43585],[10.36508,45.43719],[10.36482,45.43833],[10.36464,45.43889],[10.36459,45.4392],[10.36461,45.43948],[10.36474,45.44005],[10.36741,45.44362],[10.36822,45.44476],[10.36933,45.44619],[10.3701,45.44728]]},"properties":{}},{"type":"Feature","geometry":{"type":"LineString","coordinates":[[10.36755,45.42667],[10.36752,45.42673],[10.36744,45.42677]]},"properties":{}},{"type":"Feature","geometry":{"type":"LineString","coordinates":[[10.36746,45.19875],[10.36669,45.20055],[10.37237,45.20112],[10.37332,45.20124]]},"properties":{}},{"type":"Feature","geometry":{"type":"LineString","coordinates":[[10.36746,45.19875],[10.36754,45.19856]]},"properties":{}},{"type":"Feature","geometry":{"type":"LineString","coordinates":[[10.36748,45.42658],[10.36751,45.42659]]},"properties":{}},{"type":"Feature","geometry":{"type":"LineString","coordinates":[[10.3714,45.42368],[10.37091,45.42418],[10.37022,45.42476],[10.36748,45.42658]]},"properties":{}},{"type":"Feature","geometry":{"type":"LineString","coordinates":[[10.36751,45.42659],[10.36755,45.42667]]},"properties":{}},{"type":"Feature","geometry":{"type":"LineString","coordinates":[[10.36751,45.42659],[10.36786,45.42651]]},"properties":{}},{"type":"Feature","geometry":{"type":"LineString","coordinates":[[10.37332,45.20124],[10.37173,45.20037],[10.36915,45.1992],[10.36822,45.19871],[10.36754,45.19856]]},"properties":{}},{"type":"Feature","geometry":{"type":"LineString","coordinates":[[10.36754,45.19856],[10.36759,45.19846]]},"properties":{}},{"type":"Feature","geometry":{"type":"LineString","coordinates":[[10.36786,45.42651],[10.36755,45.42667]]},"properties":{}},{"type":"Feature","geometry":{"type":"LineString","coordinates":[[10.36759,45.19846],[10.36931,45.19362],[10.37059,45.1908],[10.37076,45.19039],[10.37089,45.18997],[10.37098,45.18954],[10.3715,45.18629],[10.37177,45.18434],[10.37181,45.18366],[10.37169,45.18334]]},"properties":{}},{"type":"Feature","geometry":{"type":"LineString","coordinates":[[10.37403,45.42268],[10.3735,45.42292],[10.37098,45.42447],[10.36856,45.42602],[10.36786,45.42651]]},"properties":{}},{"type":"Feature","geometry":{"type":"LineString","coordinates":[[10.3679,45.27881],[10.36748,45.27759],[10.36747,45.27731],[10.36755,45.27689],[10.36764,45.2767],[10.36786,45.27641],[10.3692,45.27478],[10.36991,45.27383],[10.37007,45.2735],[10.37021,45.27267],[10.37024,45.27229],[10.37017,45.27072],[10.37007,45.27028],[10.36958,45.26916],[10.36951,45.26881],[10.36973,45.26545],[10.36986,45.26424]]},"properties":{}},{"type":"Feature","geometry":{"type":"LineString","coordinates":[[10.37146,45.28038],[10.3714,45.28029],[10.37137,45.27974],[10.37141,45.27925],[10.37157,45.27886],[10.37156,45.27877],[10.3715,45.27873],[10.37095,45.27863],[10.3698,45.27862],[10.3679,45.27881]]},"properties":{}},{"type":"Feature","geometry":{"type":"LineString","coordinates":[[10.37596,45.15499],[10.37268,45.15109],[10.37247,45.15071],[10.37241,45.15046],[10.37239,45.15004],[10.3724,45.14533],[10.37235,45.14473],[10.37212,45.14417],[10.37154,45.143],[10.37143,45.14266],[10.37014,45.13781],[10.36986,45.13701],[10.3697,45.13673],[10.3687,45.13541],[10.36746,45.13355],[10.3672,45.13313],[10.367,45.1326],[10.36696,45.1324],[10.36691,45.1314],[10.36684,45.13087],[10.36669,45.13032],[10.36838,45.12973]]},"properties":{}},{"type":"Feature","geometry":{"type":"LineString","coordinates":[[10.36838,45.12973],[10.36998,45.12912],[10.37066,45.12891],[10.37971,45.12689],[10.38341,45.12658]]},"properties":{}},{"type":"Feature","geometry":{"type":"LineString","coordinates":[[10.36985,45.26391],[10.36975,45.26399],[10.36964,45.264]]},"properties":{}},{"type":"Feature","geometry":{"type":"LineString","coordinates":[[10.36986,45.26424],[10.3698,45.26408],[10.36964,45.264]]},"properties":{}},{"type":"Feature","geometry":{"type":"LineString","coordinates":[[10.36964,45.264],[10.36955,45.26396],[10.36952,45.26384],[10.36959,45.26378],[10.36971,45.26376]]},"properties":{}},{"type":"Feature","geometry":{"type":"LineString","coordinates":[[10.36971,45.26376],[10.36981,45.26379],[10.36985,45.26385]]},"properties":{}},{"type":"Feature","geometry":{"type":"LineString","coordinates":[[10.36971,45.26376],[10.36985,45.26371],[10.36995,45.26361]]},"properties":{}},{"type":"Feature","geometry":{"type":"LineString","coordinates":[[10.36985,45.26391],[10.36988,45.26408],[10.36986,45.26424]]},"properties":{}},{"type":"Feature","geometry":{"type":"LineString","coordinates":[[10.36985,45.26385],[10.36985,45.26391]]},"properties":{}},{"type":"Feature","geometry":{"type":"LineString","coordinates":[[10.36995,45.26361],[10.36985,45.26385]]},"properties":{}},{"type":"Feature","geometry":{"type":"LineString","coordinates":[[10.36995,45.26361],[10.37004,45.26327],[10.37072,45.26153],[10.3711,45.26067],[10.37125,45.26043]]},"properties":{}},{"type":"Feature","geometry":{"type":"LineString","coordinates":[[10.3701,45.44728],[10.37051,45.44752],[10.37054,45.44759],[10.37053,45.44765],[10.37058,45.44791]]},"properties":{}},{"type":"Feature","geometry":{"type":"LineString","coordinates":[[10.37058,45.44791],[10.37033,45.44774],[10.37018,45.44768],[10.37014,45.44761],[10.37016,45.44755],[10.3701,45.44728]]},"properties":{}},{"type":"Feature","geometry":{"type":"LineString","coordinates":[[10.37046,45.31695],[10.37048,45.31699],[10.37045,45.31705],[10.37039,45.31708],[10.37029,45.31705]]},"properties":{}},{"type":"Feature","geometry":{"type":"LineString","coordinates":[[10.37029,45.31705],[10.37026,45.31701],[10.37027,45.31696],[10.37037,45.31692]]},"properties":{}},{"type":"Feature","geometry":{"type":"LineString","coordinates":[[10.37037,45.31692],[10.37046,45.31695]]},"properties":{}},{"type":"Feature","geometry":{"type":"LineString","coordinates":[[10.37037,45.31692],[10.37047,45.31681],[10.37054,45.31678]]},"properties":{}},{"type":"Feature","geometry":{"type":"LineString","coordinates":[[10.37054,45.31678],[10.37054,45.31683],[10.37046,45.31695]]},"properties":{}},{"type":"Feature","geometry":{"type":"LineString","coordinates":[[10.37054,45.31678],[10.37065,45.31654],[10.37083,45.31631],[10.3711,45.31607],[10.37121,45.31593],[10.37123,45.31578],[10.37088,45.31527],[10.37079,45.3151],[10.3704,45.31383],[10.36995,45.31264],[10.36988,45.31232],[10.36985,45.3117],[10.36991,45.31132],[10.37006,45.31087],[10.37113,45.30859],[10.37147,45.30807],[10.3719,45.30751],[10.37202,45.30729],[10.37216,45.30688],[10.37219,45.30647],[10.37211,45.3022],[10.37215,45.30179],[10.37238,45.30069],[10.37246,45.30014],[10.37246,45.2999],[10.3723,45.29874],[10.37232,45.29842],[10.37237,45.29789],[10.37342,45.29253],[10.37343,45.29218],[10.37337,45.29209],[10.37326,45.29198],[10.37325,45.29185],[10.37358,45.29106],[10.37362,45.29075],[10.37357,45.29043],[10.37213,45.28556],[10.37206,45.28506],[10.37202,45.2833]]},"properties":{}},{"type":"Feature","geometry":{"type":"LineString","coordinates":[[10.37058,45.44791],[10.37153,45.44916],[10.37209,45.45002],[10.37249,45.45128],[10.37261,45.45147],[10.3741,45.45283],[10.37552,45.45344],[10.37648,45.45394],[10.37811,45.45541],[10.38033,45.45811],[10.38173,45.46007]]},"properties":{}},{"type":"Feature","geometry":{"type":"LineString","coordinates":[[10.37064,45.28199],[10.37071,45.28331]]},"properties":{}},{"type":"Feature","geometry":{"type":"LineString","coordinates":[[10.37071,45.28331],[10.36955,45.28333],[10.36954,45.28212],[10.36965,45.28206],[10.37064,45.28199]]},"properties":{}},{"type":"Feature","geometry":{"type":"LineString","coordinates":[[10.37146,45.28038],[10.37058,45.28048],[10.37064,45.28199]]},"properties":{}},{"type":"Feature","geometry":{"type":"LineString","coordinates":[[10.37202,45.2833],[10.37071,45.28331]]},"properties":{}},{"type":"Feature","geometry":{"type":"LineString","coordinates":[[10.37125,45.26043],[10.37134,45.26022],[10.37134,45.26011]]},"properties":{}},{"type":"Feature","geometry":{"type":"LineString","coordinates":[[10.37158,45.26023],[10.37125,45.26043]]},"properties":{}},{"type":"Feature","geometry":{"type":"LineString","coordinates":[[10.37158,45.26023],[10.37144,45.2602],[10.37134,45.26011]]},"properties":{}},{"type":"Feature","geometry":{"type":"LineString","coordinates":[[10.37134,45.26011],[10.37132,45.25999],[10.3714,45.25988]]},"properties":{}},{"type":"Feature","geometry":{"type":"LineString","coordinates":[[10.3714,45.25988],[10.37158,45.25953]]},"properties":{}},{"type":"Feature","geometry":{"type":"LineString","coordinates":[[10.3714,45.25988],[10.37157,45.25982],[10.37176,45.25985]]},"properties":{}},{"type":"Feature","geometry":{"type":"LineString","coordinates":[[10.37225,45.42242],[10.37196,45.42297],[10.3714,45.42368]]},"properties":{}},{"type":"Feature","geometry":{"type":"LineString","coordinates":[[10.37355,45.42216],[10.37286,45.42243],[10.37248,45.42265],[10.37217,45.4229],[10.3714,45.42368]]},"properties":{}},{"type":"Feature","geometry":{"type":"LineString","coordinates":[[10.37202,45.2833],[10.37198,45.28191],[10.37201,45.28149],[10.37238,45.28064],[10.3724,45.28052],[10.37234,45.28047],[10.37157,45.28042],[10.37146,45.28038]]},"properties":{}},{"type":"Feature","geometry":{"type":"LineString","coordinates":[[10.37158,45.25953],[10.37166,45.25975],[10.37176,45.25985]]},"properties":{}},{"type":"Feature","geometry":{"type":"LineString","coordinates":[[10.37158,45.25953],[10.37332,45.2544],[10.37397,45.25295],[10.37429,45.25241],[10.37487,45.25155],[10.37652,45.24862],[10.37671,45.24833],[10.37766,45.2472],[10.37787,45.2469],[10.3785,45.24551],[10.37854,45.24517],[10.37863,45.24141],[10.3786,45.24124],[10.37829,45.24044],[10.37826,45.24026],[10.37887,45.23789],[10.37901,45.23752],[10.37907,45.23721],[10.37912,45.2366],[10.37921,45.23605],[10.37929,45.23565],[10.37954,45.23488],[10.37965,45.23434],[10.37984,45.2337],[10.38015,45.23306],[10.38247,45.22906],[10.38266,45.22815],[10.38295,45.22752],[10.38402,45.22621]]},"properties":{}},{"type":"Feature","geometry":{"type":"LineString","coordinates":[[10.37176,45.25985],[10.37187,45.25994],[10.3719,45.26007],[10.3718,45.26019],[10.37158,45.26023]]},"properties":{}},{"type":"Feature","geometry":{"type":"LineString","coordinates":[[10.37173,45.18293],[10.37199,45.18295],[10.37211,45.18303],[10.37215,45.1831],[10.37214,45.18322],[10.37201,45.18333],[10.37191,45.18336],[10.37169,45.18334]]},"properties":{}},{"type":"Feature","geometry":{"type":"LineString","coordinates":[[10.37169,45.18334],[10.37155,45.18324],[10.37152,45.18311],[10.37159,45.183],[10.37173,45.18293]]},"properties":{}},{"type":"Feature","geometry":{"type":"LineString","coordinates":[[10.37173,45.18293],[10.37199,45.18263],[10.37214,45.18213],[10.37228,45.18142],[10.37322,45.17531],[10.37395,45.1687],[10.37453,45.16688],[10.37494,45.16485],[10.375,45.16423],[10.37508,45.15983],[10.37516,45.15932],[10.37634,45.15586],[10.37637,45.15555]]},"properties":{}},{"type":"Feature","geometry":{"type":"LineString","coordinates":[[10.37225,45.42242],[10.3723,45.42229],[10.37232,45.42207],[10.37227,45.42191],[10.37219,45.42185],[10.37191,45.42176],[10.37161,45.42178],[10.37069,45.42211],[10.37054,45.4222],[10.37048,45.42232],[10.37052,45.42253],[10.37067,45.42262],[10.37084,45.42267],[10.37107,45.42268],[10.37225,45.42242]]},"properties":{}},{"type":"Feature","geometry":{"type":"LineString","coordinates":[[10.37355,45.42216],[10.37225,45.42242]]},"properties":{}},{"type":"Feature","geometry":{"type":"LineString","coordinates":[[10.40686,45.22058],[10.40596,45.22056],[10.40566,45.22047],[10.40543,45.22035],[10.40524,45.22019],[10.40415,45.21888],[10.40389,45.21862],[10.40081,45.21632],[10.39843,45.21461],[10.39796,45.21434],[10.39582,45.21317],[10.39543,45.21308],[10.39508,45.21309],[10.39484,45.21277],[10.39435,45.21235],[10.39082,45.21024],[10.38536,45.2074],[10.37623,45.2028],[10.37332,45.20124]]},"properties":{}},{"type":"Feature","geometry":{"type":"LineString","coordinates":[[10.37382,45.42211],[10.37355,45.42216]]},"properties":{}},{"type":"Feature","geometry":{"type":"LineString","coordinates":[[10.3744,45.42224],[10.37411,45.42211],[10.37382,45.42211]]},"properties":{}},{"type":"Feature","geometry":{"type":"LineString","coordinates":[[10.37382,45.42211],[10.37458,45.42191]]},"properties":{}},{"type":"Feature","geometry":{"type":"LineString","coordinates":[[10.3739,45.48547],[10.37428,45.48529],[10.37442,45.48517]]},"properties":{}},{"type":"Feature","geometry":{"type":"LineString","coordinates":[[10.37463,45.48537],[10.37432,45.48538],[10.3739,45.48547]]},"properties":{}},{"type":"Feature","geometry":{"type":"LineString","coordinates":[[10.37403,45.42268],[10.37436,45.42251],[10.37444,45.42229]]},"properties":{}},{"type":"Feature","geometry":{"type":"LineString","coordinates":[[10.37493,45.42242],[10.37403,45.42268]]},"properties":{}},{"type":"Feature","geometry":{"type":"LineString","coordinates":[[10.37444,45.42229],[10.3744,45.42224]]},"properties":{}},{"type":"Feature","geometry":{"type":"LineString","coordinates":[[10.3744,45.42224],[10.37441,45.42209],[10.37458,45.42191]]},"properties":{}},{"type":"Feature","geometry":{"type":"LineString","coordinates":[[10.37463,45.48537],[10.37445,45.48529],[10.37442,45.48517]]},"properties":{}},{"type":"Feature","geometry":{"type":"LineString","coordinates":[[10.37442,45.48517],[10.37446,45.4851],[10.37457,45.48504],[10.37478,45.48505]]},"properties":{}},{"type":"Feature","geometry":{"type":"LineString","coordinates":[[10.37493,45.42242],[10.37462,45.42241],[10.37451,45.42237],[10.37444,45.42229]]},"properties":{}},{"type":"Feature","geometry":{"type":"LineString","coordinates":[[10.37458,45.42191],[10.37481,45.42175],[10.37508,45.42164],[10.37528,45.42158],[10.3755,45.42161]]},"properties":{}},{"type":"Feature","geometry":{"type":"LineString","coordinates":[[10.37486,45.48529],[10.37478,45.48535],[10.37463,45.48537]]},"properties":{}},{"type":"Feature","geometry":{"type":"LineString","coordinates":[[10.37478,45.48505],[10.37504,45.48509],[10.37547,45.48504]]},"properties":{}},{"type":"Feature","geometry":{"type":"LineString","coordinates":[[10.37478,45.48505],[10.37489,45.48514],[10.3749,45.48521],[10.37486,45.48529]]},"properties":{}},{"type":"Feature","geometry":{"type":"LineString","coordinates":[[10.37547,45.48504],[10.37509,45.48516],[10.37486,45.48529]]},"properties":{}},{"type":"Feature","geometry":{"type":"LineString","coordinates":[[10.37572,45.42183],[10.37568,45.42195],[10.3755,45.42214],[10.37529,45.42228],[10.37493,45.42242]]},"properties":{}},{"type":"Feature","geometry":{"type":"LineString","coordinates":[[10.39054,45.47908],[10.38848,45.48002],[10.38362,45.48269],[10.38312,45.48293],[10.38276,45.48306],[10.37547,45.48504]]},"properties":{}},{"type":"Feature","geometry":{"type":"LineString","coordinates":[[10.3755,45.42161],[10.37566,45.42172],[10.37572,45.42183]]},"properties":{}},{"type":"Feature","geometry":{"type":"LineString","coordinates":[[10.3755,45.42161],[10.37602,45.42156]]},"properties":{}},{"type":"Feature","geometry":{"type":"LineString","coordinates":[[10.37602,45.42156],[10.37572,45.42183]]},"properties":{}},{"type":"Feature","geometry":{"type":"LineString","coordinates":[[10.37596,45.15499],[10.37616,45.15513],[10.37636,45.15518]]},"properties":{}},{"type":"Feature","geometry":{"type":"LineString","coordinates":[[10.37622,45.15533],[10.37596,45.15499]]},"properties":{}},{"type":"Feature","geometry":{"type":"LineString","coordinates":[[10.37618,45.42149],[10.37602,45.42156]]},"properties":{}},{"type":"Feature","geometry":{"type":"LineString","coordinates":[[10.37618,45.42149],[10.37733,45.42094],[10.3775,45.42082]]},"properties":{}},{"type":"Feature","geometry":{"type":"LineString","coordinates":[[10.37761,45.42098],[10.3774,45.42102],[10.37618,45.42149]]},"properties":{}},{"type":"Feature","geometry":{"type":"LineString","coordinates":[[10.37637,45.15555],[10.37625,45.15541],[10.37622,45.15533]]},"properties":{}},{"type":"Feature","geometry":{"type":"LineString","coordinates":[[10.37622,45.15533],[10.37627,45.15523],[10.37636,45.15518]]},"properties":{}},{"type":"Feature","geometry":{"type":"LineString","coordinates":[[10.37636,45.15518],[10.37654,45.15518],[10.37671,45.15529],[10.37677,45.15538]]},"properties":{}},{"type":"Feature","geometry":{"type":"LineString","coordinates":[[10.3767,45.15562],[10.37656,45.15564],[10.37637,45.15555]]},"properties":{}},{"type":"Feature","geometry":{"type":"LineString","coordinates":[[10.37677,45.15538],[10.37681,45.15545],[10.3768,45.15551],[10.3767,45.15562]]},"properties":{}},{"type":"Feature","geometry":{"type":"LineString","coordinates":[[10.37741,45.15553],[10.3767,45.15562]]},"properties":{}},{"type":"Feature","geometry":{"type":"LineString","coordinates":[[10.37677,45.15538],[10.37712,45.15548],[10.37741,45.15553]]},"properties":{}},{"type":"Feature","geometry":{"type":"LineString","coordinates":[[10.37741,45.15553],[10.38536,45.15506],[10.3854,45.15494],[10.38526,45.15471],[10.38514,45.15465],[10.38382,45.15471],[10.3836,45.15466],[10.38348,45.15458],[10.38343,45.15451],[10.38336,45.15434],[10.38262,45.1497],[10.38884,45.14948],[10.39482,45.14923],[10.39902,45.14904],[10.40244,45.1488],[10.40455,45.14894],[10.40515,45.149],[10.4053,45.14906],[10.40541,45.14913],[10.40546,45.14921],[10.40559,45.14971],[10.40572,45.14989],[10.40591,45.15004],[10.40671,45.15043],[10.4069,45.15056],[10.40699,45.15068],[10.40704,45.15092],[10.40707,45.15167],[10.40701,45.15252],[10.40693,45.15281],[10.40675,45.15325],[10.40601,45.15601]]},"properties":{}},{"type":"Feature","geometry":{"type":"LineString","coordinates":[[10.37761,45.42098],[10.37752,45.42091],[10.3775,45.42082]]},"properties":{}},{"type":"Feature","geometry":{"type":"LineString","coordinates":[[10.3775,45.42082],[10.37755,45.42073],[10.37766,45.42068],[10.37787,45.4207]]},"properties":{}},{"type":"Feature","geometry":{"type":"LineString","coordinates":[[10.37798,45.42082],[10.37797,45.42088],[10.37788,45.42097],[10.37773,45.42101],[10.37761,45.42098]]},"properties":{}},{"type":"Feature","geometry":{"type":"LineString","coordinates":[[10.37766,45.40278],[10.37822,45.4025]]},"properties":{}},{"type":"Feature","geometry":{"type":"LineString","coordinates":[[10.37825,45.40281],[10.37799,45.40275],[10.37766,45.40278]]},"properties":{}},{"type":"Feature","geometry":{"type":"LineString","coordinates":[[10.37787,45.4207],[10.37798,45.42082]]},"properties":{}},{"type":"Feature","geometry":{"type":"LineString","coordinates":[[10.37787,45.4207],[10.37807,45.42067],[10.37917,45.42025]]},"properties":{}},{"type":"Feature","geometry":{"type":"LineString","coordinates":[[10.37917,45.42025],[10.37812,45.42072],[10.37798,45.42082]]},"properties":{}},{"type":"Feature","geometry":{"type":"LineString","coordinates":[[10.37825,45.40281],[10.37818,45.40266],[10.37822,45.4025]]},"properties":{}},{"type":"Feature","geometry":{"type":"LineString","coordinates":[[10.37822,45.4025],[10.37831,45.40241],[10.3785,45.40233],[10.37872,45.40233],[10.37894,45.40242]]},"properties":{}},{"type":"Feature","geometry":{"type":"LineString","coordinates":[[10.37883,45.4029],[10.37864,45.40294],[10.37848,45.40293],[10.37825,45.40281]]},"properties":{}},{"type":"Feature","geometry":{"type":"LineString","coordinates":[[10.38754,45.4048],[10.38715,45.40471],[10.38669,45.40468],[10.38474,45.40484],[10.38437,45.40481],[10.38418,45.40475],[10.38166,45.40364],[10.38112,45.40332],[10.38082,45.40318],[10.38065,45.40313],[10.37933,45.403],[10.37883,45.4029]]},"properties":{}},{"type":"Feature","geometry":{"type":"LineString","coordinates":[[10.37894,45.40242],[10.37904,45.40255],[10.37905,45.40269],[10.37897,45.40281],[10.37883,45.4029]]},"properties":{}},{"type":"Feature","geometry":{"type":"LineString","coordinates":[[10.37894,45.40242],[10.37924,45.40245],[10.3797,45.40243],[10.3814,45.40203],[10.38195,45.40184]]},"properties":{}},{"type":"Feature","geometry":{"type":"LineString","coordinates":[[10.38194,45.41909],[10.37917,45.42025]]},"properties":{}},{"type":"Feature","geometry":{"type":"LineString","coordinates":[[10.38173,45.46007],[10.38195,45.46022]]},"properties":{}},{"type":"Feature","geometry":{"type":"LineString","coordinates":[[10.38178,45.4603],[10.38173,45.46007]]},"properties":{}},{"type":"Feature","geometry":{"type":"LineString","coordinates":[[10.38215,45.46037],[10.38209,45.46046],[10.3819,45.46049],[10.38177,45.46041],[10.38178,45.4603]]},"properties":{}},{"type":"Feature","geometry":{"type":"LineString","coordinates":[[10.38178,45.4603],[10.38185,45.46024],[10.38195,45.46022]]},"properties":{}},{"type":"Feature","geometry":{"type":"LineString","coordinates":[[10.38194,45.41909],[10.38221,45.419],[10.38229,45.41893]]},"properties":{}},{"type":"Feature","geometry":{"type":"LineString","coordinates":[[10.38235,45.41912],[10.38194,45.41909]]},"properties":{}},{"type":"Feature","geometry":{"type":"LineString","coordinates":[[10.38239,45.40167],[10.38248,45.40175],[10.38252,45.40184],[10.38248,45.40194],[10.38238,45.40201],[10.38222,45.40204],[10.38207,45.402],[10.38198,45.40193],[10.38195,45.40184]]},"properties":{}},{"type":"Feature","geometry":{"type":"LineString","coordinates":[[10.38195,45.40184],[10.38197,45.40176],[10.38209,45.40167],[10.38225,45.40164],[10.38239,45.40167]]},"properties":{}},{"type":"Feature","geometry":{"type":"LineString","coordinates":[[10.38195,45.46022],[10.38207,45.46025]]},"properties":{}},{"type":"Feature","geometry":{"type":"LineString","coordinates":[[10.38207,45.46025],[10.3824,45.46026]]},"properties":{}},{"type":"Feature","geometry":{"type":"LineString","coordinates":[[10.38207,45.46025],[10.38215,45.46037]]},"properties":{}},{"type":"Feature","geometry":{"type":"LineString","coordinates":[[10.3824,45.46026],[10.38215,45.46037]]},"properties":{}},{"type":"Feature","geometry":{"type":"LineString","coordinates":[[10.38235,45.41912],[10.38228,45.419],[10.38229,45.41893]]},"properties":{}},{"type":"Feature","geometry":{"type":"LineString","coordinates":[[10.38229,45.41893],[10.38239,45.41883]]},"properties":{}},{"type":"Feature","geometry":{"type":"LineString","coordinates":[[10.38286,45.41904],[10.38278,45.41913],[10.38265,45.41919],[10.38249,45.41919],[10.38235,45.41912]]},"properties":{}},{"type":"Feature","geometry":{"type":"LineString","coordinates":[[10.38948,45.40089],[10.38591,45.40109],[10.38445,45.40132],[10.38281,45.40169],[10.38261,45.40171],[10.38239,45.40167]]},"properties":{}},{"type":"Feature","geometry":{"type":"LineString","coordinates":[[10.38239,45.41883],[10.38278,45.41847],[10.38353,45.41749],[10.38401,45.41693]]},"properties":{}},{"type":"Feature","geometry":{"type":"LineString","coordinates":[[10.38239,45.41883],[10.38248,45.4188],[10.38268,45.4188]]},"properties":{}},{"type":"Feature","geometry":{"type":"LineString","coordinates":[[10.40454,45.45576],[10.40319,45.45594],[10.40095,45.45615],[10.4005,45.45637],[10.40022,45.45654],[10.39999,45.45674],[10.39944,45.45709],[10.39859,45.45753],[10.3955,45.459],[10.39391,45.45953],[10.39155,45.45972],[10.3905,45.45962],[10.38936,45.45959],[10.38826,45.45942],[10.38753,45.45936],[10.38555,45.45954],[10.38455,45.45967],[10.3824,45.46026]]},"properties":{}},{"type":"Feature","geometry":{"type":"LineString","coordinates":[[10.38268,45.4188],[10.3827,45.41881]]},"properties":{}},{"type":"Feature","geometry":{"type":"LineString","coordinates":[[10.38401,45.41693],[10.38377,45.41733],[10.38319,45.41809],[10.38268,45.41865],[10.38266,45.41871],[10.38268,45.4188]]},"properties":{}},{"type":"Feature","geometry":{"type":"LineString","coordinates":[[10.3827,45.41881],[10.38278,45.41885],[10.38286,45.41896]]},"properties":{}},{"type":"Feature","geometry":{"type":"LineString","coordinates":[[10.3827,45.41881],[10.38288,45.41878],[10.38313,45.41867]]},"properties":{}},{"type":"Feature","geometry":{"type":"LineString","coordinates":[[10.38286,45.41904],[10.38286,45.41911],[10.38299,45.41921],[10.38579,45.41918],[10.38756,45.41941],[10.38826,45.41963],[10.38926,45.42004],[10.38955,45.42021],[10.38965,45.4204],[10.38988,45.42052],[10.39007,45.42055],[10.39609,45.42039],[10.39667,45.4202]]},"properties":{}},{"type":"Feature","geometry":{"type":"LineString","coordinates":[[10.38286,45.41896],[10.38286,45.41904]]},"properties":{}},{"type":"Feature","geometry":{"type":"LineString","coordinates":[[10.38313,45.41867],[10.38292,45.41885],[10.38286,45.41896]]},"properties":{}},{"type":"Feature","geometry":{"type":"LineString","coordinates":[[10.38313,45.41867],[10.3836,45.41842],[10.38629,45.4173],[10.38931,45.41619],[10.39378,45.41446]]},"properties":{}},{"type":"Feature","geometry":{"type":"LineString","coordinates":[[10.38341,45.12658],[10.38391,45.12648],[10.38429,45.12646],[10.3849,45.1266],[10.38535,45.12666],[10.38591,45.12659],[10.38673,45.12637],[10.3873,45.12628]]},"properties":{}},{"type":"Feature","geometry":{"type":"LineString","coordinates":[[10.3873,45.12628],[10.38721,45.12634],[10.38687,45.12643],[10.38659,45.12657],[10.38616,45.12686],[10.38583,45.12694],[10.38559,45.12693],[10.38436,45.12656],[10.38419,45.12654],[10.38341,45.12658]]},"properties":{}},{"type":"Feature","geometry":{"type":"LineString","coordinates":[[10.38401,45.41693],[10.38448,45.41627],[10.38493,45.41553],[10.38552,45.41444],[10.38567,45.4143]]},"properties":{}},{"type":"Feature","geometry":{"type":"LineString","coordinates":[[10.39532,45.22449],[10.3924,45.22551],[10.391,45.22592],[10.38987,45.22619],[10.38937,45.22624],[10.3876,45.2262],[10.38626,45.22625],[10.38402,45.22621]]},"properties":{}},{"type":"Feature","geometry":{"type":"LineString","coordinates":[[10.38567,45.4143],[10.38574,45.41413]]},"properties":{}},{"type":"Feature","geometry":{"type":"LineString","coordinates":[[10.38592,45.4142],[10.38567,45.4143]]},"properties":{}},{"type":"Feature","geometry":{"type":"LineString","coordinates":[[10.38592,45.4142],[10.38582,45.41419],[10.38574,45.41413]]},"properties":{}},{"type":"Feature","geometry":{"type":"LineString","coordinates":[[10.38574,45.41413],[10.38575,45.41404],[10.38579,45.41401]]},"properties":{}},{"type":"Feature","geometry":{"type":"LineString","coordinates":[[10.38579,45.41401],[10.3859,45.41385]]},"properties":{}},{"type":"Feature","geometry":{"type":"LineString","coordinates":[[10.38579,45.41401],[10.3859,45.41398]]},"properties":{}},{"type":"Feature","geometry":{"type":"LineString","coordinates":[[10.3859,45.41398],[10.38601,45.41402],[10.38604,45.41409],[10.38601,45.41416],[10.38592,45.4142]]},"properties":{}},{"type":"Feature","geometry":{"type":"LineString","coordinates":[[10.3859,45.41385],[10.3859,45.41398]]},"properties":{}},{"type":"Feature","geometry":{"type":"LineString","coordinates":[[10.3859,45.41385],[10.38743,45.41132],[10.38762,45.4109],[10.3877,45.41057],[10.38781,45.40924],[10.38799,45.4056],[10.38796,45.40535],[10.38786,45.40506]]},"properties":{}},{"type":"Feature","geometry":{"type":"LineString","coordinates":[[10.3873,45.12628],[10.44235,45.1219],[10.44337,45.12176]]},"properties":{}},{"type":"Feature","geometry":{"type":"LineString","coordinates":[[10.38763,45.40485],[10.38754,45.4048]]},"properties":{}},{"type":"Feature","geometry":{"type":"LineString","coordinates":[[10.38754,45.4048],[10.38752,45.40469],[10.3876,45.40462]]},"properties":{}},{"type":"Feature","geometry":{"type":"LineString","coordinates":[[10.3876,45.40462],[10.38769,45.40446]]},"properties":{}},{"type":"Feature","geometry":{"type":"LineString","coordinates":[[10.3876,45.40462],[10.38774,45.40461]]},"properties":{}},{"type":"Feature","geometry":{"type":"LineString","coordinates":[[10.38784,45.4048],[10.38775,45.40485],[10.38763,45.40485]]},"properties":{}},{"type":"Feature","geometry":{"type":"LineString","coordinates":[[10.38786,45.40506],[10.38763,45.40485]]},"properties":{}},{"type":"Feature","geometry":{"type":"LineString","coordinates":[[10.38769,45.40446],[10.38774,45.40461]]},"properties":{}},{"type":"Feature","geometry":{"type":"LineString","coordinates":[[10.38948,45.40089],[10.38925,45.40125],[10.38873,45.4022],[10.38777,45.40379],[10.38769,45.40411],[10.38769,45.40446]]},"properties":{}},{"type":"Feature","geometry":{"type":"LineString","coordinates":[[10.38774,45.40461],[10.38786,45.40468],[10.38784,45.4048]]},"properties":{}},{"type":"Feature","geometry":{"type":"LineString","coordinates":[[10.38784,45.4048],[10.38786,45.40506]]},"properties":{}},{"type":"Feature","geometry":{"type":"LineString","coordinates":[[10.39777,45.39864],[10.39733,45.39849],[10.39645,45.39836],[10.39445,45.39831],[10.39426,45.39836],[10.39417,45.39847],[10.39418,45.39922],[10.39412,45.39931],[10.39407,45.39933],[10.38961,45.3993],[10.38952,45.39936],[10.38952,45.39944],[10.38964,45.4002],[10.38955,45.40078],[10.38948,45.40089]]},"properties":{}},{"type":"Feature","geometry":{"type":"LineString","coordinates":[[10.39655,45.40046],[10.3939,45.40065],[10.38948,45.40089]]},"properties":{}},{"type":"Feature","geometry":{"type":"LineString","coordinates":[[10.39054,45.47908],[10.39076,45.47895],[10.39118,45.47884]]},"properties":{}},{"type":"Feature","geometry":{"type":"LineString","coordinates":[[10.3912,45.47898],[10.39099,45.47895],[10.39054,45.47908]]},"properties":{}},{"type":"Feature","geometry":{"type":"LineString","coordinates":[[10.3912,45.47898],[10.39117,45.47891],[10.39118,45.47884]]},"properties":{}},{"type":"Feature","geometry":{"type":"LineString","coordinates":[[10.39118,45.47884],[10.3913,45.47873],[10.39147,45.47872]]},"properties":{}},{"type":"Feature","geometry":{"type":"LineString","coordinates":[[10.39166,45.47885],[10.39163,45.47898],[10.39153,45.47905],[10.39134,45.47906],[10.3912,45.47898]]},"properties":{}},{"type":"Feature","geometry":{"type":"LineString","coordinates":[[10.39147,45.47872],[10.39157,45.47875],[10.39166,45.47885]]},"properties":{}},{"type":"Feature","geometry":{"type":"LineString","coordinates":[[10.39147,45.47872],[10.39188,45.4785]]},"properties":{}},{"type":"Feature","geometry":{"type":"LineString","coordinates":[[10.39188,45.4785],[10.39171,45.47866],[10.39166,45.47885]]},"properties":{}},{"type":"Feature","geometry":{"type":"LineString","coordinates":[[10.39188,45.4785],[10.3973,45.47605],[10.39835,45.47572],[10.39867,45.47566],[10.39915,45.47558],[10.39981,45.47554],[10.40759,45.47561],[10.40809,45.47557],[10.40967,45.4753],[10.41151,45.47516]]},"properties":{}},{"type":"Feature","geometry":{"type":"LineString","coordinates":[[10.39378,45.41446],[10.39471,45.41676]]},"properties":{}},{"type":"Feature","geometry":{"type":"LineString","coordinates":[[10.39378,45.41446],[10.39682,45.41327]]},"properties":{}},{"type":"Feature","geometry":{"type":"LineString","coordinates":[[10.39471,45.41676],[10.39507,45.41701],[10.39533,45.41715],[10.39915,45.41907],[10.39957,45.41918]]},"properties":{}},{"type":"Feature","geometry":{"type":"LineString","coordinates":[[10.39471,45.41676],[10.39434,45.41683],[10.39429,45.41688],[10.3943,45.41695],[10.39473,45.41746],[10.39667,45.4202]]},"properties":{}},{"type":"Feature","geometry":{"type":"LineString","coordinates":[[10.39533,45.40304],[10.39527,45.40299],[10.39524,45.4029],[10.39529,45.40279]]},"properties":{}},{"type":"Feature","geometry":{"type":"LineString","coordinates":[[10.39529,45.40279],[10.39554,45.40238]]},"properties":{}},{"type":"Feature","geometry":{"type":"LineString","coordinates":[[10.39529,45.40279],[10.39542,45.40274],[10.39556,45.40274]]},"properties":{}},{"type":"Feature","geometry":{"type":"LineString","coordinates":[[10.39532,45.22449],[10.39575,45.22426],[10.3959,45.22407]]},"properties":{}},{"type":"Feature","geometry":{"type":"LineString","coordinates":[[10.39601,45.22437],[10.39583,45.22437],[10.39532,45.22449]]},"properties":{}},{"type":"Feature","geometry":{"type":"LineString","coordinates":[[10.3956,45.40306],[10.39546,45.40308],[10.39533,45.40304]]},"properties":{}},{"type":"Feature","geometry":{"type":"LineString","coordinates":[[10.39549,45.4033],[10.39545,45.4032],[10.39533,45.40304]]},"properties":{}},{"type":"Feature","geometry":{"type":"LineString","coordinates":[[10.39705,45.40953],[10.39663,45.40598],[10.3964,45.40536],[10.39565,45.40396],[10.39554,45.40363],[10.39549,45.4033]]},"properties":{}},{"type":"Feature","geometry":{"type":"LineString","coordinates":[[10.3956,45.40306],[10.39549,45.4033]]},"properties":{}},{"type":"Feature","geometry":{"type":"LineString","coordinates":[[10.39554,45.40238],[10.39556,45.40274]]},"properties":{}},{"type":"Feature","geometry":{"type":"LineString","coordinates":[[10.39554,45.40238],[10.39574,45.40177],[10.39593,45.40135],[10.39609,45.40108],[10.39655,45.40046]]},"properties":{}},{"type":"Feature","geometry":{"type":"LineString","coordinates":[[10.39556,45.40274],[10.39571,45.40282],[10.39574,45.40291],[10.3957,45.403],[10.3956,45.40306]]},"properties":{}},{"type":"Feature","geometry":{"type":"LineString","coordinates":[[10.39601,45.22437],[10.3959,45.22423],[10.3959,45.22407]]},"properties":{}},{"type":"Feature","geometry":{"type":"LineString","coordinates":[[10.3959,45.22407],[10.39601,45.22392],[10.39612,45.22386],[10.39641,45.22382],[10.39656,45.22386],[10.39674,45.22399],[10.39679,45.22407],[10.39679,45.22419]]},"properties":{}},{"type":"Feature","geometry":{"type":"LineString","coordinates":[[10.39676,45.22428],[10.39661,45.22441],[10.39637,45.22446],[10.39624,45.22446],[10.39601,45.22437]]},"properties":{}},{"type":"Feature","geometry":{"type":"LineString","coordinates":[[10.39655,45.40046],[10.39742,45.39931],[10.3978,45.39894]]},"properties":{}},{"type":"Feature","geometry":{"type":"LineString","coordinates":[[10.39655,45.40046],[10.39769,45.40031],[10.39791,45.40019],[10.39802,45.39998],[10.39804,45.39984],[10.3981,45.39972],[10.39834,45.39941],[10.39839,45.39921],[10.39837,45.39912],[10.39832,45.39905],[10.39805,45.39897]]},"properties":{}},{"type":"Feature","geometry":{"type":"LineString","coordinates":[[10.39667,45.4202],[10.39776,45.42183],[10.39953,45.42435],[10.40006,45.42518],[10.40048,45.42656],[10.40087,45.42805],[10.401,45.42839],[10.40248,45.43114],[10.40331,45.43281],[10.40413,45.43457],[10.40466,45.43559],[10.40663,45.43909],[10.40775,45.4408],[10.40873,45.44215],[10.40917,45.44268],[10.40969,45.44308],[10.41077,45.44369],[10.41122,45.44401],[10.41157,45.44431],[10.41223,45.44566]]},"properties":{}},{"type":"Feature","geometry":{"type":"LineString","coordinates":[[10.39667,45.4202],[10.39704,45.42009],[10.3987,45.41991],[10.39894,45.4198],[10.39963,45.41933]]},"properties":{}},{"type":"Feature","geometry":{"type":"LineString","coordinates":[[10.41692,45.22986],[10.41659,45.22991],[10.41636,45.2299],[10.41456,45.22967],[10.41317,45.22943],[10.39887,45.22592],[10.3984,45.22577],[10.39792,45.22557],[10.39748,45.2253],[10.39713,45.22501],[10.39693,45.22477],[10.39685,45.22462],[10.39676,45.22428]]},"properties":{}},{"type":"Feature","geometry":{"type":"LineString","coordinates":[[10.39679,45.22419],[10.39676,45.22428]]},"properties":{}},{"type":"Feature","geometry":{"type":"LineString","coordinates":[[10.39679,45.22419],[10.39696,45.22404],[10.39714,45.22396],[10.39736,45.22391],[10.40212,45.22351],[10.40321,45.22353],[10.40356,45.22348],[10.40366,45.22341],[10.40375,45.22327],[10.40388,45.22273],[10.40398,45.22256],[10.40429,45.22239],[10.40616,45.22161],[10.40629,45.22153],[10.40655,45.22128],[10.40675,45.22103],[10.40683,45.22085],[10.40686,45.22058]]},"properties":{}},{"type":"Feature","geometry":{"type":"LineString","coordinates":[[10.39682,45.41327],[10.39727,45.41293]]},"properties":{}},{"type":"Feature","geometry":{"type":"LineString","coordinates":[[10.39742,45.41312],[10.39682,45.41327]]},"properties":{}},{"type":"Feature","geometry":{"type":"LineString","coordinates":[[10.39716,45.41036],[10.39702,45.41007]]},"properties":{}},{"type":"Feature","geometry":{"type":"LineString","coordinates":[[10.39702,45.41007],[10.39692,45.41003],[10.3969,45.40998],[10.39705,45.40977]]},"properties":{}},{"type":"Feature","geometry":{"type":"LineString","coordinates":[[10.39715,45.41003],[10.39702,45.41007]]},"properties":{}},{"type":"Feature","geometry":{"type":"LineString","coordinates":[[10.39705,45.40977],[10.39705,45.40953]]},"properties":{}},{"type":"Feature","geometry":{"type":"LineString","coordinates":[[10.39705,45.40977],[10.39713,45.4097],[10.39723,45.40968]]},"properties":{}},{"type":"Feature","geometry":{"type":"LineString","coordinates":[[10.39705,45.40953],[10.39723,45.40968]]},"properties":{}},{"type":"Feature","geometry":{"type":"LineString","coordinates":[[10.39715,45.41003],[10.39716,45.41036]]},"properties":{}},{"type":"Feature","geometry":{"type":"LineString","coordinates":[[10.39723,45.40968],[10.39732,45.40973],[10.39733,45.40978],[10.39715,45.41003]]},"properties":{}},{"type":"Feature","geometry":{"type":"LineString","coordinates":[[10.39716,45.41036],[10.39737,45.41223],[10.39738,45.4126]]},"properties":{}},{"type":"Feature","geometry":{"type":"LineString","coordinates":[[10.39742,45.41312],[10.39732,45.41306],[10.39727,45.41293]]},"properties":{}},{"type":"Feature","geometry":{"type":"LineString","coordinates":[[10.39727,45.41293],[10.39733,45.41284]]},"properties":{}},{"type":"Feature","geometry":{"type":"LineString","coordinates":[[10.39733,45.41284],[10.39738,45.4126]]},"properties":{}},{"type":"Feature","geometry":{"type":"LineString","coordinates":[[10.39733,45.41284],[10.39748,45.41279],[10.39756,45.41279]]},"properties":{}},{"type":"Feature","geometry":{"type":"LineString","coordinates":[[10.39738,45.4126],[10.39756,45.41279]]},"properties":{}},{"type":"Feature","geometry":{"type":"LineString","coordinates":[[10.39776,45.413],[10.39764,45.41311],[10.39742,45.41312]]},"properties":{}},{"type":"Feature","geometry":{"type":"LineString","coordinates":[[10.39756,45.41279],[10.39766,45.41282]]},"properties":{}},{"type":"Feature","geometry":{"type":"LineString","coordinates":[[10.39766,45.41282],[10.3978,45.41283],[10.39816,45.41276]]},"properties":{}},{"type":"Feature","geometry":{"type":"LineString","coordinates":[[10.39766,45.41282],[10.39775,45.4129],[10.39776,45.413]]},"properties":{}},{"type":"Feature","geometry":{"type":"LineString","coordinates":[[10.39816,45.41276],[10.39782,45.41293],[10.39776,45.413]]},"properties":{}},{"type":"Feature","geometry":{"type":"LineString","coordinates":[[10.3978,45.39894],[10.39773,45.39889],[10.39769,45.39876],[10.39777,45.39864]]},"properties":{}},{"type":"Feature","geometry":{"type":"LineString","coordinates":[[10.39777,45.39864],[10.39799,45.39858]]},"properties":{}},{"type":"Feature","geometry":{"type":"LineString","coordinates":[[10.39805,45.39897],[10.3978,45.39894]]},"properties":{}},{"type":"Feature","geometry":{"type":"LineString","coordinates":[[10.39799,45.39858],[10.39814,45.39862],[10.39824,45.39875],[10.39819,45.3989],[10.39805,45.39897]]},"properties":{}},{"type":"Feature","geometry":{"type":"LineString","coordinates":[[10.40098,45.39461],[10.40058,45.39551],[10.40043,45.39574],[10.40028,45.39593],[10.39939,45.39667],[10.39891,45.39721],[10.398,45.39846],[10.39799,45.39858]]},"properties":{}},{"type":"Feature","geometry":{"type":"LineString","coordinates":[[10.39816,45.41276],[10.40494,45.41011]]},"properties":{}},{"type":"Feature","geometry":{"type":"LineString","coordinates":[[10.39963,45.41933],[10.39957,45.41926],[10.39957,45.41918]]},"properties":{}},{"type":"Feature","geometry":{"type":"LineString","coordinates":[[10.39957,45.41918],[10.39965,45.41911],[10.39977,45.41909],[10.39988,45.41913],[10.39994,45.4192],[10.39992,45.41928],[10.39984,45.41934],[10.39971,45.41935],[10.39963,45.41933]]},"properties":{}},{"type":"Feature","geometry":{"type":"LineString","coordinates":[[10.40098,45.39461],[10.40104,45.39431]]},"properties":{}},{"type":"Feature","geometry":{"type":"LineString","coordinates":[[10.4013,45.39437],[10.40098,45.39461]]},"properties":{}},{"type":"Feature","geometry":{"type":"LineString","coordinates":[[10.40104,45.39431],[10.40097,45.3942],[10.40101,45.39409]]},"properties":{}},{"type":"Feature","geometry":{"type":"LineString","coordinates":[[10.40101,45.39409],[10.40108,45.39386]]},"properties":{}},{"type":"Feature","geometry":{"type":"LineString","coordinates":[[10.40101,45.39409],[10.40117,45.39401]]},"properties":{}},{"type":"Feature","geometry":{"type":"LineString","coordinates":[[10.4013,45.39437],[10.40116,45.39437],[10.40104,45.39431]]},"properties":{}},{"type":"Feature","geometry":{"type":"LineString","coordinates":[[10.40108,45.39386],[10.40117,45.39401]]},"properties":{}},{"type":"Feature","geometry":{"type":"LineString","coordinates":[[10.40685,45.38752],[10.40672,45.38767],[10.4057,45.38843],[10.40527,45.38878],[10.4042,45.39006],[10.40286,45.39119],[10.4021,45.39194],[10.40188,45.39222],[10.40152,45.39283],[10.40108,45.39386]]},"properties":{}},{"type":"Feature","geometry":{"type":"LineString","coordinates":[[10.40117,45.39401],[10.40141,45.39404],[10.4015,45.39414],[10.40148,45.39426],[10.40143,45.39432],[10.4013,45.39437]]},"properties":{}},{"type":"Feature","geometry":{"type":"LineString","coordinates":[[10.40484,45.45577],[10.40478,45.45583],[10.40466,45.45585],[10.40458,45.45582],[10.40454,45.45576]]},"properties":{}},{"type":"Feature","geometry":{"type":"LineString","coordinates":[[10.40454,45.45576],[10.40459,45.45567],[10.40471,45.45564],[10.40481,45.45569],[10.40484,45.45577]]},"properties":{}},{"type":"Feature","geometry":{"type":"LineString","coordinates":[[10.4175,45.45883],[10.41742,45.45887],[10.41501,45.45913],[10.41414,45.4589],[10.41307,45.45855],[10.41286,45.45826],[10.41253,45.4576],[10.41226,45.45699],[10.41226,45.4569],[10.41134,45.45685],[10.41028,45.45707],[10.40948,45.45707],[10.40807,45.45738],[10.40727,45.4575],[10.40715,45.45749],[10.40698,45.45742],[10.40647,45.45689],[10.40584,45.45609],[10.4054,45.45589],[10.40484,45.45577]]},"properties":{}},{"type":"Feature","geometry":{"type":"LineString","coordinates":[[10.40494,45.41011],[10.40527,45.40993],[10.40538,45.4098]]},"properties":{}},{"type":"Feature","geometry":{"type":"LineString","coordinates":[[10.40556,45.40987],[10.40539,45.40995],[10.40494,45.41011]]},"properties":{}},{"type":"Feature","geometry":{"type":"LineString","coordinates":[[10.40556,45.40987],[10.40544,45.40984],[10.40538,45.4098]]},"properties":{}},{"type":"Feature","geometry":{"type":"LineString","coordinates":[[10.40538,45.4098],[10.40536,45.40967],[10.40545,45.4096],[10.4056,45.40958],[10.40569,45.40962]]},"properties":{}},{"type":"Feature","geometry":{"type":"LineString","coordinates":[[10.40575,45.40975],[10.40569,45.40982],[10.40556,45.40987]]},"properties":{}},{"type":"Feature","geometry":{"type":"LineString","coordinates":[[10.40569,45.40962],[10.40573,45.40966],[10.40575,45.40975]]},"properties":{}},{"type":"Feature","geometry":{"type":"LineString","coordinates":[[10.40569,45.40962],[10.40643,45.4095]]},"properties":{}},{"type":"Feature","geometry":{"type":"LineString","coordinates":[[10.40643,45.4095],[10.40626,45.40959],[10.40575,45.40975]]},"properties":{}},{"type":"Feature","geometry":{"type":"LineString","coordinates":[[10.40601,45.15601],[10.40601,45.15615],[10.40606,45.15627],[10.40621,45.15638]]},"properties":{}},{"type":"Feature","geometry":{"type":"LineString","coordinates":[[10.40601,45.15601],[10.40589,45.15629],[10.40592,45.15636],[10.40621,45.15638]]},"properties":{}},{"type":"Feature","geometry":{"type":"LineString","coordinates":[[10.40621,45.15638],[10.40838,45.15655],[10.42024,45.1563],[10.42096,45.15632],[10.42205,45.15646],[10.42264,45.15664],[10.42433,45.15749],[10.42519,45.1578],[10.42534,45.15803],[10.42545,45.15839],[10.42544,45.15859],[10.42529,45.159],[10.42528,45.15941],[10.42556,45.16038],[10.42567,45.16054],[10.42581,45.16066],[10.42942,45.16243],[10.42974,45.16249],[10.43096,45.1625],[10.43108,45.16253]]},"properties":{}},{"type":"Feature","geometry":{"type":"LineString","coordinates":[[10.40643,45.4095],[10.40759,45.40898]]},"properties":{}},{"type":"Feature","geometry":{"type":"LineString","coordinates":[[10.40723,45.38723],[10.40733,45.38733],[10.40734,45.38739],[10.40729,45.3875],[10.40724,45.38755],[10.40699,45.38759],[10.40685,45.38752]]},"properties":{}},{"type":"Feature","geometry":{"type":"LineString","coordinates":[[10.40685,45.38752],[10.40677,45.38741],[10.40678,45.38735],[10.40688,45.38724],[10.40705,45.38719],[10.40723,45.38723]]},"properties":{}},{"type":"Feature","geometry":{"type":"LineString","coordinates":[[10.40686,45.22058],[10.40869,45.22062]]},"properties":{}},{"type":"Feature","geometry":{"type":"LineString","coordinates":[[10.40723,45.38723],[10.4074,45.3871],[10.40811,45.38614],[10.40942,45.38402],[10.4108,45.38064],[10.41147,45.37975],[10.41149,45.37963],[10.41147,45.37951]]},"properties":{}},{"type":"Feature","geometry":{"type":"LineString","coordinates":[[10.40759,45.40898],[10.40938,45.40812],[10.40997,45.40793]]},"properties":{}},{"type":"Feature","geometry":{"type":"LineString","coordinates":[[10.41002,45.40812],[10.40966,45.40812],[10.40946,45.40817],[10.40759,45.40898]]},"properties":{}},{"type":"Feature","geometry":{"type":"LineString","coordinates":[[10.40891,45.22065],[10.40869,45.22062]]},"properties":{}},{"type":"Feature","geometry":{"type":"LineString","coordinates":[[10.40869,45.22062],[10.40891,45.22061]]},"properties":{}},{"type":"Feature","geometry":{"type":"LineString","coordinates":[[10.40891,45.22065],[10.40891,45.22061]]},"properties":{}},{"type":"Feature","geometry":{"type":"LineString","coordinates":[[10.40891,45.22061],[10.40899,45.22059],[10.40901,45.22065]]},"properties":{}},{"type":"Feature","geometry":{"type":"LineString","coordinates":[[10.40896,45.22067],[10.40891,45.22065]]},"properties":{}},{"type":"Feature","geometry":{"type":"LineString","coordinates":[[10.40908,45.22077],[10.40896,45.22067]]},"properties":{}},{"type":"Feature","geometry":{"type":"LineString","coordinates":[[10.40901,45.22065],[10.40896,45.22067]]},"properties":{}},{"type":"Feature","geometry":{"type":"LineString","coordinates":[[10.40901,45.22065],[10.40908,45.22077]]},"properties":{}},{"type":"Feature","geometry":{"type":"LineString","coordinates":[[10.40908,45.22077],[10.40951,45.2223]]},"properties":{}},{"type":"Feature","geometry":{"type":"LineString","coordinates":[[10.40923,45.22323],[10.40929,45.22335]]},"properties":{}},{"type":"Feature","geometry":{"type":"LineString","coordinates":[[10.40934,45.22343],[10.40943,45.22359],[10.40913,45.22367],[10.40872,45.22337],[10.40923,45.22323]]},"properties":{}},{"type":"Feature","geometry":{"type":"LineString","coordinates":[[10.40923,45.22323],[10.40876,45.22238],[10.40951,45.2223]]},"properties":{}},{"type":"Feature","geometry":{"type":"LineString","coordinates":[[10.40992,45.22305],[10.40923,45.22323]]},"properties":{}},{"type":"Feature","geometry":{"type":"LineString","coordinates":[[10.40929,45.22335],[10.40934,45.22343]]},"properties":{}},{"type":"Feature","geometry":{"type":"LineString","coordinates":[[10.40934,45.22343],[10.40983,45.2233],[10.40979,45.22321],[10.40929,45.22335]]},"properties":{}},{"type":"Feature","geometry":{"type":"LineString","coordinates":[[10.40978,45.22335],[10.40944,45.22345]]},"properties":{}},{"type":"Feature","geometry":{"type":"LineString","coordinates":[[10.40982,45.22342],[10.40948,45.22352]]},"properties":{}},{"type":"Feature","geometry":{"type":"LineString","coordinates":[[10.40951,45.2223],[10.40992,45.22305]]},"properties":{}},{"type":"Feature","geometry":{"type":"LineString","coordinates":[[10.40992,45.22305],[10.41022,45.22356],[10.41038,45.22376],[10.41075,45.22397],[10.41121,45.22409],[10.41199,45.22407],[10.41348,45.2239],[10.41586,45.2237]]},"properties":{}},{"type":"Feature","geometry":{"type":"LineString","coordinates":[[10.41002,45.40812],[10.40996,45.40803],[10.40997,45.40793]]},"properties":{}},{"type":"Feature","geometry":{"type":"LineString","coordinates":[[10.40997,45.40793],[10.41007,45.40783],[10.41024,45.4078],[10.41033,45.40781],[10.41046,45.40789]]},"properties":{}},{"type":"Feature","geometry":{"type":"LineString","coordinates":[[10.41046,45.40789],[10.4105,45.40794],[10.41049,45.40807],[10.41038,45.40816],[10.41022,45.40819],[10.41002,45.40812]]},"properties":{}},{"type":"Feature","geometry":{"type":"LineString","coordinates":[[10.41046,45.40789],[10.41074,45.40775],[10.411,45.40768],[10.41544,45.40706],[10.41935,45.40643],[10.4207,45.40618]]},"properties":{}},{"type":"Feature","geometry":{"type":"LineString","coordinates":[[10.41178,45.37913],[10.4119,45.37924],[10.4119,45.37938],[10.41186,45.37944],[10.41165,45.37953],[10.41147,45.37951]]},"properties":{}},{"type":"Feature","geometry":{"type":"LineString","coordinates":[[10.41147,45.37951],[10.41138,45.37947],[10.41129,45.37933],[10.41135,45.37919],[10.41152,45.3791],[10.41178,45.37913]]},"properties":{}},{"type":"Feature","geometry":{"type":"LineString","coordinates":[[10.41578,45.4749],[10.41188,45.47518],[10.41151,45.47516]]},"properties":{}},{"type":"Feature","geometry":{"type":"LineString","coordinates":[[10.41151,45.47516],[10.41189,45.47511],[10.41497,45.47489],[10.41578,45.4749]]},"properties":{}},{"type":"Feature","geometry":{"type":"LineString","coordinates":[[10.41178,45.37913],[10.4125,45.37855],[10.41325,45.37806],[10.41404,45.37761],[10.41442,45.37734],[10.41536,45.37643],[10.41613,45.37577],[10.41701,45.37518],[10.41725,45.37499],[10.41869,45.37361],[10.4217,45.37142],[10.4241,45.36962],[10.42683,45.36765]]},"properties":{}},{"type":"Feature","geometry":{"type":"LineString","coordinates":[[10.41222,45.44638],[10.41211,45.44686],[10.41203,45.44741],[10.41204,45.44774],[10.41307,45.4506],[10.41309,45.45072],[10.41339,45.45068],[10.41527,45.45024]]},"properties":{}},{"type":"Feature","geometry":{"type":"LineString","coordinates":[[10.41222,45.44638],[10.41226,45.44593],[10.41223,45.44566]]},"properties":{}},{"type":"Feature","geometry":{"type":"LineString","coordinates":[[10.41223,45.44566],[10.41254,45.44613],[10.41247,45.44621],[10.41222,45.44638]]},"properties":{}},{"type":"Feature","geometry":{"type":"LineString","coordinates":[[10.4164,45.45314],[10.41631,45.45282],[10.41607,45.45218],[10.4155,45.45072],[10.41527,45.45024]]},"properties":{}},{"type":"Feature","geometry":{"type":"LineString","coordinates":[[10.41527,45.45024],[10.41691,45.44977],[10.41722,45.45006],[10.41749,45.4504],[10.41808,45.45136],[10.41874,45.45218],[10.41908,45.4524],[10.41942,45.45258]]},"properties":{}},{"type":"Feature","geometry":{"type":"LineString","coordinates":[[10.41685,45.47481],[10.41578,45.4749]]},"properties":{}},{"type":"Feature","geometry":{"type":"LineString","coordinates":[[10.41586,45.2237],[10.41624,45.22356],[10.41656,45.22332]]},"properties":{}},{"type":"Feature","geometry":{"type":"LineString","coordinates":[[10.41867,45.22489],[10.41741,45.22493],[10.41682,45.22481],[10.41667,45.2239],[10.41654,45.22376],[10.41637,45.22367],[10.41586,45.2237]]},"properties":{}},{"type":"Feature","geometry":{"type":"LineString","coordinates":[[10.41604,45.22096],[10.41595,45.22095]]},"properties":{}},{"type":"Feature","geometry":{"type":"LineString","coordinates":[[10.41606,45.22129],[10.416,45.22116],[10.41595,45.22095]]},"properties":{}},{"type":"Feature","geometry":{"type":"LineString","coordinates":[[10.41595,45.22095],[10.41591,45.22089],[10.41596,45.22084],[10.41604,45.22084],[10.41609,45.2209]]},"properties":{}},{"type":"Feature","geometry":{"type":"LineString","coordinates":[[10.41604,45.22096],[10.41606,45.22129]]},"properties":{}},{"type":"Feature","geometry":{"type":"LineString","coordinates":[[10.41609,45.2209],[10.41604,45.22096]]},"properties":{}},{"type":"Feature","geometry":{"type":"LineString","coordinates":[[10.41606,45.22129],[10.41656,45.22332]]},"properties":{}},{"type":"Feature","geometry":{"type":"LineString","coordinates":[[10.41994,45.21844],[10.41997,45.22049],[10.41609,45.2209]]},"properties":{}},{"type":"Feature","geometry":{"type":"LineString","coordinates":[[10.41648,45.45339],[10.41637,45.45339],[10.41632,45.45335],[10.41633,45.45327],[10.41639,45.45323]]},"properties":{}},{"type":"Feature","geometry":{"type":"LineString","coordinates":[[10.41639,45.45323],[10.4164,45.45314]]},"properties":{}},{"type":"Feature","geometry":{"type":"LineString","coordinates":[[10.41639,45.45323],[10.41647,45.45323]]},"properties":{}},{"type":"Feature","geometry":{"type":"LineString","coordinates":[[10.4164,45.45314],[10.41647,45.45323]]},"properties":{}},{"type":"Feature","geometry":{"type":"LineString","coordinates":[[10.41647,45.45323],[10.41656,45.45331],[10.41654,45.45336],[10.41648,45.45339]]},"properties":{}},{"type":"Feature","geometry":{"type":"LineString","coordinates":[[10.41648,45.45339],[10.41694,45.45474],[10.41722,45.45586],[10.4174,45.45616],[10.41742,45.45638],[10.41737,45.45655],[10.41746,45.45731],[10.41757,45.45864],[10.41756,45.45878],[10.4175,45.45883]]},"properties":{}},{"type":"Feature","geometry":{"type":"LineString","coordinates":[[10.41656,45.22332],[10.4166,45.22356],[10.41693,45.2236],[10.41883,45.22349]]},"properties":{}},{"type":"Feature","geometry":{"type":"LineString","coordinates":[[10.41731,45.4749],[10.41685,45.47481]]},"properties":{}},{"type":"Feature","geometry":{"type":"LineString","coordinates":[[10.41685,45.47481],[10.41733,45.47478]]},"properties":{}},{"type":"Feature","geometry":{"type":"LineString","coordinates":[[10.41753,45.22984],[10.41761,45.22997],[10.41759,45.23011],[10.41746,45.23022],[10.41724,45.23028],[10.41708,45.23025],[10.41691,45.23014],[10.41686,45.23002],[10.41692,45.22986]]},"properties":{}},{"type":"Feature","geometry":{"type":"LineString","coordinates":[[10.41692,45.22986],[10.41707,45.22977],[10.41716,45.22975],[10.4174,45.22977],[10.41753,45.22984]]},"properties":{}},{"type":"Feature","geometry":{"type":"LineString","coordinates":[[10.41761,45.47487],[10.41757,45.47493],[10.41749,45.47496],[10.41741,45.47496],[10.41731,45.4749]]},"properties":{}},{"type":"Feature","geometry":{"type":"LineString","coordinates":[[10.41731,45.4749],[10.4173,45.47484],[10.41733,45.47478]]},"properties":{}},{"type":"Feature","geometry":{"type":"LineString","coordinates":[[10.41733,45.47478],[10.4174,45.47475],[10.41753,45.47475]]},"properties":{}},{"type":"Feature","geometry":{"type":"LineString","coordinates":[[10.4175,45.45883],[10.41766,45.45895],[10.41792,45.459],[10.41902,45.45899],[10.42204,45.45839]]},"properties":{}},{"type":"Feature","geometry":{"type":"LineString","coordinates":[[10.41753,45.47475],[10.41796,45.47475]]},"properties":{}},{"type":"Feature","geometry":{"type":"LineString","coordinates":[[10.41753,45.47475],[10.4176,45.4748],[10.41761,45.47487]]},"properties":{}},{"type":"Feature","geometry":{"type":"LineString","coordinates":[[10.41753,45.22984],[10.4182,45.22998],[10.42072,45.22996],[10.4277,45.22982],[10.42871,45.22967],[10.42941,45.22944],[10.42969,45.2293],[10.42993,45.22914],[10.43006,45.22896],[10.43009,45.22882]]},"properties":{}},{"type":"Feature","geometry":{"type":"LineString","coordinates":[[10.41796,45.47475],[10.41761,45.47487]]},"properties":{}},{"type":"Feature","geometry":{"type":"LineString","coordinates":[[10.43406,45.47255],[10.43104,45.47337],[10.43032,45.47351],[10.42947,45.4736],[10.42732,45.47356],[10.42656,45.4736],[10.4201,45.47453],[10.41903,45.47466],[10.41796,45.47475]]},"properties":{}},{"type":"Feature","geometry":{"type":"LineString","coordinates":[[10.41877,45.22404],[10.41924,45.22425],[10.41924,45.22476],[10.41919,45.2248],[10.41918,45.22489],[10.41867,45.22489]]},"properties":{}},{"type":"Feature","geometry":{"type":"LineString","coordinates":[[10.41877,45.22404],[10.41864,45.22425],[10.41872,45.22482],[10.41867,45.22489]]},"properties":{}},{"type":"Feature","geometry":{"type":"LineString","coordinates":[[10.41883,45.22349],[10.41888,45.22385],[10.41877,45.22404]]},"properties":{}},{"type":"Feature","geometry":{"type":"LineString","coordinates":[[10.41883,45.22349],[10.41968,45.22349],[10.42034,45.22356],[10.42111,45.22365],[10.42205,45.22384],[10.4225,45.22414],[10.42571,45.22598]]},"properties":{}},{"type":"Feature","geometry":{"type":"LineString","coordinates":[[10.41928,45.22438],[10.41928,45.22461]]},"properties":{}},{"type":"Feature","geometry":{"type":"LineString","coordinates":[[10.41942,45.45258],[10.41953,45.45266],[10.41955,45.45276]]},"properties":{}},{"type":"Feature","geometry":{"type":"LineString","coordinates":[[10.41955,45.45276],[10.41947,45.45286],[10.41936,45.4529],[10.41922,45.45289],[10.41909,45.4528],[10.41908,45.45271],[10.41913,45.45263],[10.41926,45.45257],[10.41942,45.45258]]},"properties":{}},{"type":"Feature","geometry":{"type":"LineString","coordinates":[[10.41955,45.45276],[10.41963,45.45286],[10.41977,45.45326],[10.42068,45.45532],[10.42072,45.45568],[10.42079,45.45579]]},"properties":{}},{"type":"Feature","geometry":{"type":"LineString","coordinates":[[10.42003,45.21775],[10.41982,45.21774]]},"properties":{}},{"type":"Feature","geometry":{"type":"LineString","coordinates":[[10.41994,45.21844],[10.41988,45.21786],[10.41982,45.21774]]},"properties":{}},{"type":"Feature","geometry":{"type":"LineString","coordinates":[[10.41982,45.21774],[10.41975,45.21768],[10.41974,45.2176],[10.41984,45.21749]]},"properties":{}},{"type":"Feature","geometry":{"type":"LineString","coordinates":[[10.41984,45.21749],[10.41989,45.21674]]},"properties":{}},{"type":"Feature","geometry":{"type":"LineString","coordinates":[[10.41984,45.21749],[10.42001,45.21748]]},"properties":{}},{"type":"Feature","geometry":{"type":"LineString","coordinates":[[10.41989,45.21674],[10.41995,45.21732],[10.42001,45.21748]]},"properties":{}},{"type":"Feature","geometry":{"type":"LineString","coordinates":[[10.43131,45.16992],[10.43138,45.17084],[10.43137,45.17126],[10.43055,45.17567],[10.43037,45.17621],[10.43023,45.17644],[10.42934,45.17762],[10.4288,45.17843],[10.42872,45.17862],[10.42863,45.17902],[10.42861,45.17921],[10.42873,45.18059],[10.4287,45.18081],[10.42861,45.18102],[10.42784,45.18217],[10.42779,45.1823],[10.42761,45.18348],[10.42731,45.18405],[10.42726,45.18427],[10.42717,45.18507],[10.42722,45.1855],[10.42731,45.18569],[10.42827,45.18722],[10.42857,45.18801],[10.42896,45.18856],[10.42924,45.18931],[10.42933,45.18979],[10.42959,45.19026],[10.42967,45.19052],[10.42971,45.19091],[10.42965,45.19115],[10.42958,45.19131],[10.42901,45.19187],[10.42883,45.19214],[10.42874,45.1924],[10.42869,45.19267],[10.42865,45.19314],[10.42855,45.19332],[10.42804,45.19391],[10.42754,45.19486],[10.42715,45.19587],[10.42675,45.19679],[10.42651,45.1972],[10.42563,45.19825],[10.42503,45.19879],[10.42463,45.1992],[10.42404,45.19996],[10.42299,45.20119],[10.42042,45.20336],[10.42023,45.20362],[10.41992,45.20417],[10.41904,45.20654],[10.4188,45.20693],[10.41869,45.20719],[10.41871,45.20755],[10.41949,45.20922],[10.41962,45.20958],[10.41971,45.21],[10.41989,45.21674]]},"properties":{}},{"type":"Feature","geometry":{"type":"LineString","coordinates":[[10.42003,45.21775],[10.41999,45.2179],[10.41994,45.21844]]},"properties":{}},{"type":"Feature","geometry":{"type":"LineString","coordinates":[[10.42001,45.21748],[10.42009,45.21752],[10.42015,45.21759],[10.42013,45.21768],[10.42003,45.21775]]},"properties":{}},{"type":"Feature","geometry":{"type":"LineString","coordinates":[[10.42149,45.40624],[10.42106,45.40618],[10.4207,45.40618]]},"properties":{}},{"type":"Feature","geometry":{"type":"LineString","coordinates":[[10.4207,45.40618],[10.42135,45.40576]]},"properties":{}},{"type":"Feature","geometry":{"type":"LineString","coordinates":[[10.42075,45.0],[10.42135,45.00142],[10.4215,45.00194],[10.42159,45.00267],[10.42183,45.0052],[10.42208,45.00577],[10.42229,45.00615],[10.42258,45.00655],[10.42436,45.00837],[10.42452,45.00859],[10.42482,45.0094],[10.42499,45.00977],[10.42555,45.01075],[10.42562,45.0111],[10.42572,45.01217],[10.42667,45.01583],[10.4269,45.01619],[10.42751,45.01735],[10.42835,45.01955],[10.4286,45.01989],[10.42884,45.02036],[10.42995,45.02387],[10.43008,45.02466],[10.43114,45.02752],[10.4314,45.02815],[10.43166,45.02909],[10.43199,45.03036],[10.43193,45.03092],[10.43213,45.03256],[10.43251,45.03321],[10.43252,45.03377],[10.43267,45.03426],[10.43302,45.03508],[10.43349,45.03631],[10.43357,45.03675],[10.43377,45.03871]]},"properties":{}},{"type":"Feature","geometry":{"type":"LineString","coordinates":[[10.42079,45.45579],[10.42089,45.45584],[10.42093,45.45594]]},"properties":{}},{"type":"Feature","geometry":{"type":"LineString","coordinates":[[10.42093,45.45594],[10.42088,45.45603],[10.42076,45.45608],[10.42064,45.45608],[10.42052,45.456],[10.4205,45.45591],[10.42054,45.45584],[10.42068,45.45578],[10.42079,45.45579]]},"properties":{}},{"type":"Feature","geometry":{"type":"LineString","coordinates":[[10.42093,45.45594],[10.42186,45.45788],[10.42204,45.45839]]},"properties":{}},{"type":"Feature","geometry":{"type":"LineString","coordinates":[[10.42149,45.40624],[10.42138,45.40614],[10.42132,45.40602],[10.42131,45.40589],[10.42135,45.40576]]},"properties":{}},{"type":"Feature","geometry":{"type":"LineString","coordinates":[[10.42135,45.40576],[10.42152,45.40559],[10.42184,45.40548],[10.42219,45.4055],[10.42245,45.40563]]},"properties":{}},{"type":"Feature","geometry":{"type":"LineString","coordinates":[[10.42256,45.40611],[10.42235,45.40629],[10.4221,45.40637],[10.42179,45.40637],[10.42149,45.40624]]},"properties":{}},{"type":"Feature","geometry":{"type":"LineString","coordinates":[[10.42204,45.45839],[10.42252,45.45946],[10.42428,45.46171],[10.42437,45.46198]]},"properties":{}},{"type":"Feature","geometry":{"type":"LineString","coordinates":[[10.42245,45.40563],[10.42287,45.40567],[10.42328,45.40565]]},"properties":{}},{"type":"Feature","geometry":{"type":"LineString","coordinates":[[10.42245,45.40563],[10.42255,45.40574],[10.4226,45.40586],[10.4226,45.40598],[10.42256,45.40611]]},"properties":{}},{"type":"Feature","geometry":{"type":"LineString","coordinates":[[10.42328,45.40565],[10.42281,45.40586],[10.42256,45.40611]]},"properties":{}},{"type":"Feature","geometry":{"type":"LineString","coordinates":[[10.42328,45.40565],[10.42538,45.40518],[10.4332,45.40356],[10.4353,45.40306],[10.43979,45.40186],[10.44193,45.40134]]},"properties":{}},{"type":"Feature","geometry":{"type":"LineString","coordinates":[[10.42381,45.36546],[10.42385,45.36554]]},"properties":{}},{"type":"Feature","geometry":{"type":"LineString","coordinates":[[10.42385,45.36554],[10.42377,45.3656],[10.42365,45.36556],[10.42364,45.36551],[10.42368,45.36547],[10.42381,45.36546]]},"properties":{}},{"type":"Feature","geometry":{"type":"LineString","coordinates":[[10.42479,45.36336],[10.42452,45.36387],[10.4243,45.36443],[10.42381,45.36546]]},"properties":{}},{"type":"Feature","geometry":{"type":"LineString","coordinates":[[10.42385,45.36554],[10.42529,45.36611],[10.42575,45.36635],[10.4263,45.36673],[10.42703,45.36702],[10.42716,45.36711]]},"properties":{}},{"type":"Feature","geometry":{"type":"LineString","coordinates":[[10.42442,45.4625],[10.42432,45.46246],[10.42426,45.4624],[10.42425,45.46232],[10.4243,45.46225]]},"properties":{}},{"type":"Feature","geometry":{"type":"LineString","coordinates":[[10.4243,45.46225],[10.42437,45.46198]]},"properties":{}},{"type":"Feature","geometry":{"type":"LineString","coordinates":[[10.4243,45.46225],[10.42442,45.46219],[10.42457,45.4622]]},"properties":{}},{"type":"Feature","geometry":{"type":"LineString","coordinates":[[10.42437,45.46198],[10.42447,45.46212],[10.42457,45.4622]]},"properties":{}},{"type":"Feature","geometry":{"type":"LineString","coordinates":[[10.42458,45.46249],[10.42442,45.4625]]},"properties":{}},{"type":"Feature","geometry":{"type":"LineString","coordinates":[[10.42452,45.46264],[10.42442,45.4625]]},"properties":{}},{"type":"Feature","geometry":{"type":"LineString","coordinates":[[10.42501,45.46357],[10.42472,45.46307],[10.42452,45.46264]]},"properties":{}},{"type":"Feature","geometry":{"type":"LineString","coordinates":[[10.42458,45.46249],[10.42452,45.46264]]},"properties":{}},{"type":"Feature","geometry":{"type":"LineString","coordinates":[[10.42457,45.4622],[10.42468,45.46227],[10.42471,45.46235],[10.42466,45.46244],[10.42458,45.46249]]},"properties":{}},{"type":"Feature","geometry":{"type":"LineString","coordinates":[[10.42487,45.36316],[10.42498,45.36323],[10.42498,45.3633],[10.4249,45.36336],[10.42479,45.36336]]},"properties":{}},{"type":"Feature","geometry":{"type":"LineString","coordinates":[[10.42479,45.36336],[10.42471,45.3633],[10.4247,45.36324],[10.42478,45.36317],[10.42487,45.36316]]},"properties":{}},{"type":"Feature","geometry":{"type":"LineString","coordinates":[[10.42585,45.36109],[10.42549,45.36191],[10.42487,45.36316]]},"properties":{}},{"type":"Feature","geometry":{"type":"LineString","coordinates":[[10.42509,45.46371],[10.42501,45.46357]]},"properties":{}},{"type":"Feature","geometry":{"type":"LineString","coordinates":[[10.42501,45.46357],[10.43082,45.46303],[10.43236,45.46279],[10.45394,45.45828],[10.46716,45.45498],[10.47023,45.45432],[10.474,45.45386],[10.47644,45.45367],[10.48038,45.45352],[10.48388,45.45331],[10.49253,45.45231],[10.5,45.45149]]},"properties":{}},{"type":"Feature","geometry":{"type":"LineString","coordinates":[[10.42611,45.46491],[10.42576,45.46461],[10.42541,45.46424],[10.42509,45.46371]]},"properties":{}},{"type":"Feature","geometry":{"type":"LineString","coordinates":[[10.5,45.45166],[10.49258,45.45244],[10.4837,45.45351],[10.48047,45.45369],[10.47649,45.45384],[10.47412,45.45402],[10.47017,45.45451],[10.46722,45.45515],[10.45381,45.45849],[10.45123,45.45905],[10.43229,45.46295],[10.42868,45.46341],[10.42509,45.46371]]},"properties":{}},{"type":"Feature","geometry":{"type":"LineString","coordinates":[[10.42571,45.22598],[10.42979,45.22836],[10.43007,45.22869]]},"properties":{}},{"type":"Feature","geometry":{"type":"LineString","coordinates":[[10.42571,45.22598],[10.42574,45.22649]]},"properties":{}},{"type":"Feature","geometry":{"type":"LineString","coordinates":[[10.42585,45.36109],[10.42587,45.36091]]},"properties":{}},{"type":"Feature","geometry":{"type":"LineString","coordinates":[[10.42598,45.36094],[10.42585,45.36109]]},"properties":{}},{"type":"Feature","geometry":{"type":"LineString","coordinates":[[10.42598,45.36094],[10.42587,45.36091]]},"properties":{}},{"type":"Feature","geometry":{"type":"LineString","coordinates":[[10.42587,45.36091],[10.42586,45.36084],[10.42594,45.3608]]},"properties":{}},{"type":"Feature","geometry":{"type":"LineString","coordinates":[[10.42594,45.3608],[10.42604,45.36083]]},"properties":{}},{"type":"Feature","geometry":{"type":"LineString","coordinates":[[10.42594,45.3608],[10.42621,45.3603]]},"properties":{}},{"type":"Feature","geometry":{"type":"LineString","coordinates":[[10.42597,45.07072],[10.42617,45.0714],[10.42627,45.07146],[10.42645,45.07148],[10.42653,45.07144],[10.42822,45.07113],[10.42796,45.07039]]},"properties":{}},{"type":"Feature","geometry":{"type":"LineString","coordinates":[[10.42597,45.07072],[10.42704,45.07053]]},"properties":{}},{"type":"Feature","geometry":{"type":"LineString","coordinates":[[10.42604,45.36083],[10.42605,45.36089],[10.42598,45.36094]]},"properties":{}},{"type":"Feature","geometry":{"type":"LineString","coordinates":[[10.42621,45.3603],[10.42614,45.36057],[10.42604,45.36083]]},"properties":{}},{"type":"Feature","geometry":{"type":"LineString","coordinates":[[10.42649,45.46511],[10.42637,45.46517],[10.42616,45.46514],[10.42608,45.46506],[10.42607,45.46501],[10.42611,45.46491]]},"properties":{}},{"type":"Feature","geometry":{"type":"LineString","coordinates":[[10.42611,45.46491],[10.42623,45.46485],[10.42644,45.46488],[10.42653,45.46496],[10.42653,45.46506],[10.42649,45.46511]]},"properties":{}},{"type":"Feature","geometry":{"type":"LineString","coordinates":[[10.42952,45.35248],[10.42867,45.35407],[10.42762,45.35634],[10.42752,45.35658],[10.42666,45.35927],[10.42621,45.3603]]},"properties":{}},{"type":"Feature","geometry":{"type":"LineString","coordinates":[[10.42649,45.46511],[10.42716,45.46524],[10.42786,45.4655],[10.42838,45.46578],[10.4304,45.4672],[10.43078,45.46752],[10.43102,45.46777],[10.43202,45.46902],[10.43257,45.46961],[10.43404,45.47054],[10.43434,45.47077],[10.43498,45.47198]]},"properties":{}},{"type":"Feature","geometry":{"type":"LineString","coordinates":[[10.42683,45.36765],[10.4269,45.36748]]},"properties":{}},{"type":"Feature","geometry":{"type":"LineString","coordinates":[[10.42703,45.3675],[10.42683,45.36765]]},"properties":{}},{"type":"Feature","geometry":{"type":"LineString","coordinates":[[10.42703,45.3675],[10.4269,45.36748]]},"properties":{}},{"type":"Feature","geometry":{"type":"LineString","coordinates":[[10.4269,45.36748],[10.42689,45.36738],[10.42716,45.36711]]},"properties":{}},{"type":"Feature","geometry":{"type":"LineString","coordinates":[[10.42734,45.36722],[10.42703,45.3675]]},"properties":{}},{"type":"Feature","geometry":{"type":"LineString","coordinates":[[10.42704,45.07053],[10.42729,45.07042],[10.42786,45.07009]]},"properties":{}},{"type":"Feature","geometry":{"type":"LineString","coordinates":[[10.42796,45.07039],[10.42704,45.07053]]},"properties":{}},{"type":"Feature","geometry":{"type":"LineString","coordinates":[[10.42716,45.36711],[10.42725,45.3671]]},"properties":{}},{"type":"Feature","geometry":{"type":"LineString","coordinates":[[10.42725,45.3671],[10.42733,45.36714],[10.42734,45.36722]]},"properties":{}},{"type":"Feature","geometry":{"type":"LineString","coordinates":[[10.42725,45.3671],[10.42747,45.36708],[10.42774,45.36691]]},"properties":{}},{"type":"Feature","geometry":{"type":"LineString","coordinates":[[10.42774,45.36691],[10.42754,45.3671],[10.42734,45.36722]]},"properties":{}},{"type":"Feature","geometry":{"type":"LineString","coordinates":[[10.42774,45.36691],[10.42851,45.36626],[10.4287,45.36606],[10.42889,45.3658],[10.42933,45.3651],[10.42942,45.36485]]},"properties":{}},{"type":"Feature","geometry":{"type":"LineString","coordinates":[[10.42786,45.07009],[10.42796,45.07039]]},"properties":{}},{"type":"Feature","geometry":{"type":"LineString","coordinates":[[10.42786,45.07009],[10.43036,45.06907],[10.43265,45.06877]]},"properties":{}},{"type":"Feature","geometry":{"type":"LineString","coordinates":[[10.42796,45.07039],[10.42853,45.07029],[10.4328,45.06971],[10.43265,45.06877]]},"properties":{}},{"type":"Feature","geometry":{"type":"LineString","coordinates":[[10.42942,45.36485],[10.42945,45.36463]]},"properties":{}},{"type":"Feature","geometry":{"type":"LineString","coordinates":[[10.42955,45.36464],[10.42942,45.36485]]},"properties":{}},{"type":"Feature","geometry":{"type":"LineString","coordinates":[[10.42955,45.36464],[10.42945,45.36463]]},"properties":{}},{"type":"Feature","geometry":{"type":"LineString","coordinates":[[10.42945,45.36463],[10.42939,45.36454],[10.42945,45.36446],[10.42951,45.36444],[10.42962,45.36446],[10.42966,45.3645],[10.42967,45.36458]]},"properties":{}},{"type":"Feature","geometry":{"type":"LineString","coordinates":[[10.42952,45.35248],[10.42946,45.35236],[10.42956,45.35226],[10.42973,45.35225],[10.42985,45.35234],[10.42983,45.35245],[10.42974,45.35251],[10.42962,45.35252],[10.42952,45.35248]]},"properties":{}},{"type":"Feature","geometry":{"type":"LineString","coordinates":[[10.42959,45.36463],[10.42955,45.36464]]},"properties":{}},{"type":"Feature","geometry":{"type":"LineString","coordinates":[[10.42987,45.36473],[10.4297,45.36464],[10.42959,45.36463]]},"properties":{}},{"type":"Feature","geometry":{"type":"LineString","coordinates":[[10.42967,45.36458],[10.42959,45.36463]]},"properties":{}},{"type":"Feature","geometry":{"type":"LineString","coordinates":[[10.42967,45.36458],[10.4298,45.36465],[10.42987,45.36473]]},"properties":{}},{"type":"Feature","geometry":{"type":"LineString","coordinates":[[10.42987,45.36473],[10.43057,45.36556],[10.43067,45.36562],[10.43173,45.36669],[10.43199,45.36708],[10.43203,45.36718],[10.43238,45.36739]]},"properties":{}},{"type":"Feature","geometry":{"type":"LineString","coordinates":[[10.43009,45.22882],[10.43007,45.22869]]},"properties":{}},{"type":"Feature","geometry":{"type":"LineString","coordinates":[[10.43007,45.22869],[10.4301,45.22863],[10.43022,45.22854],[10.4304,45.22851],[10.43059,45.22856],[10.43069,45.22868],[10.43068,45.22881],[10.43052,45.22893],[10.43032,45.22895],[10.43023,45.22893],[10.43009,45.22882]]},"properties":{}},{"type":"Feature","geometry":{"type":"LineString","coordinates":[[10.43108,45.16253],[10.43138,45.16361],[10.4314,45.16386],[10.43139,45.16502],[10.43101,45.1661],[10.431,45.16622],[10.43131,45.16992]]},"properties":{}},{"type":"Feature","geometry":{"type":"LineString","coordinates":[[10.43131,45.16992],[10.43156,45.16997],[10.43173,45.16996],[10.43182,45.1699],[10.43187,45.16932],[10.43192,45.1692],[10.43298,45.16799],[10.43367,45.1669],[10.43395,45.16653],[10.43438,45.1651],[10.43494,45.16387],[10.43505,45.16352],[10.43515,45.16333],[10.43518,45.16309],[10.43511,45.16251],[10.435,45.16214],[10.4343,45.16193],[10.43336,45.1623],[10.43308,45.16237],[10.43108,45.16253]]},"properties":{}},{"type":"Feature","geometry":{"type":"LineString","coordinates":[[10.43238,45.36739],[10.43275,45.36748]]},"properties":{}},{"type":"Feature","geometry":{"type":"LineString","coordinates":[[10.43268,45.36754],[10.43238,45.36739]]},"properties":{}},{"type":"Feature","geometry":{"type":"LineString","coordinates":[[10.43265,45.06877],[10.4329,45.06872]]},"properties":{}},{"type":"Feature","geometry":{"type":"LineString","coordinates":[[10.43279,45.36763],[10.43271,45.36761],[10.43268,45.36754]]},"properties":{}},{"type":"Feature","geometry":{"type":"LineString","coordinates":[[10.43268,45.36754],[10.43275,45.36748]]},"properties":{}},{"type":"Feature","geometry":{"type":"LineString","coordinates":[[10.43275,45.36748],[10.43282,45.36747],[10.43289,45.36751],[10.4329,45.36758],[10.43286,45.36762]]},"properties":{}},{"type":"Feature","geometry":{"type":"LineString","coordinates":[[10.43296,45.36776],[10.43279,45.36763]]},"properties":{}},{"type":"Feature","geometry":{"type":"LineString","coordinates":[[10.43286,45.36762],[10.43279,45.36763]]},"properties":{}},{"type":"Feature","geometry":{"type":"LineString","coordinates":[[10.43286,45.36762],[10.43296,45.36776]]},"properties":{}},{"type":"Feature","geometry":{"type":"LineString","coordinates":[[10.4329,45.06872],[10.43315,45.06852],[10.43318,45.06844]]},"properties":{}},{"type":"Feature","geometry":{"type":"LineString","coordinates":[[10.43333,45.06858],[10.4329,45.06872]]},"properties":{}},{"type":"Feature","geometry":{"type":"LineString","coordinates":[[10.43296,45.36776],[10.43478,45.36898],[10.43516,45.36929],[10.43548,45.36962],[10.43729,45.37171],[10.43877,45.37365],[10.43899,45.37397],[10.44032,45.37613],[10.4407,45.37662],[10.44098,45.3769],[10.44121,45.37707],[10.44254,45.37801],[10.44271,45.37816],[10.4429,45.37837],[10.44301,45.37867],[10.44303,45.37908],[10.44295,45.38119],[10.44314,45.38186],[10.44383,45.38374],[10.44312,45.38415],[10.4405,45.38543],[10.43756,45.38818],[10.43734,45.38834],[10.43658,45.38875],[10.4368,45.38921],[10.43707,45.38998]]},"properties":{}},{"type":"Feature","geometry":{"type":"LineString","coordinates":[[10.43333,45.06858],[10.43323,45.06853],[10.43318,45.06844]]},"properties":{}},{"type":"Feature","geometry":{"type":"LineString","coordinates":[[10.43318,45.06844],[10.43322,45.06834]]},"properties":{}},{"type":"Feature","geometry":{"type":"LineString","coordinates":[[10.43322,45.06834],[10.43326,45.06823],[10.43326,45.06793]]},"properties":{}},{"type":"Feature","geometry":{"type":"LineString","coordinates":[[10.43322,45.06834],[10.43333,45.06827],[10.43349,45.06826]]},"properties":{}},{"type":"Feature","geometry":{"type":"LineString","coordinates":[[10.43326,45.06793],[10.4334,45.06819],[10.43349,45.06826]]},"properties":{}},{"type":"Feature","geometry":{"type":"LineString","coordinates":[[10.43377,45.03871],[10.43437,45.04412],[10.43451,45.04475],[10.4348,45.04564],[10.43561,45.05034],[10.43649,45.05508],[10.4368,45.05649],[10.43683,45.05688],[10.43673,45.05732],[10.43659,45.05755],[10.43497,45.05975],[10.43361,45.06167],[10.43352,45.06186],[10.43345,45.06211],[10.43347,45.06375],[10.43341,45.06589],[10.43332,45.06667],[10.43326,45.06793]]},"properties":{}},{"type":"Feature","geometry":{"type":"LineString","coordinates":[[10.43359,45.06854],[10.43347,45.06859],[10.43333,45.06858]]},"properties":{}},{"type":"Feature","geometry":{"type":"LineString","coordinates":[[10.43349,45.06826],[10.4336,45.06832],[10.43366,45.06841]]},"properties":{}},{"type":"Feature","geometry":{"type":"LineString","coordinates":[[10.43389,45.06864],[10.43359,45.06854]]},"properties":{}},{"type":"Feature","geometry":{"type":"LineString","coordinates":[[10.43366,45.06841],[10.43359,45.06854]]},"properties":{}},{"type":"Feature","geometry":{"type":"LineString","coordinates":[[10.43366,45.06841],[10.43375,45.06854],[10.43389,45.06864]]},"properties":{}},{"type":"Feature","geometry":{"type":"LineString","coordinates":[[10.43377,45.03871],[10.43399,45.03883],[10.43454,45.03882],[10.44311,45.03735],[10.4459,45.0369],[10.44903,45.03635],[10.45925,45.03463],[10.46048,45.03453],[10.46166,45.03448],[10.46849,45.0349],[10.46855,45.03485],[10.46873,45.03447],[10.46886,45.03185],[10.46877,45.03135],[10.46847,45.03062],[10.46842,45.03034],[10.46847,45.02998],[10.46866,45.02921],[10.46961,45.02938],[10.47046,45.02949],[10.47231,45.02952],[10.47425,45.02987],[10.47603,45.02998],[10.47636,45.03005],[10.4774,45.03042],[10.47778,45.0305],[10.47833,45.03055],[10.47953,45.033],[10.47967,45.03307],[10.48041,45.03313]]},"properties":{}},{"type":"Feature","geometry":{"type":"LineString","coordinates":[[10.43389,45.06864],[10.43422,45.06872],[10.43751,45.06868],[10.43885,45.06894],[10.43907,45.06895],[10.44106,45.06873]]},"properties":{}},{"type":"Feature","geometry":{"type":"LineString","coordinates":[[10.43406,45.47255],[10.43481,45.47233],[10.43494,45.47225]]},"properties":{}},{"type":"Feature","geometry":{"type":"LineString","coordinates":[[10.43498,45.4725],[10.43471,45.47245],[10.43406,45.47255]]},"properties":{}},{"type":"Feature","geometry":{"type":"LineString","coordinates":[[10.43498,45.4725],[10.43491,45.47241],[10.43494,45.47225]]},"properties":{}},{"type":"Feature","geometry":{"type":"LineString","coordinates":[[10.43494,45.47225],[10.43497,45.47222]]},"properties":{}},{"type":"Feature","geometry":{"type":"LineString","coordinates":[[10.43497,45.47222],[10.435,45.4721],[10.43498,45.47198]]},"properties":{}},{"type":"Feature","geometry":{"type":"LineString","coordinates":[[10.43497,45.47222],[10.43509,45.47216],[10.43523,45.47215]]},"properties":{}},{"type":"Feature","geometry":{"type":"LineString","coordinates":[[10.43548,45.47237],[10.43542,45.47248],[10.43529,45.47255],[10.43512,45.47256],[10.43498,45.4725]]},"properties":{}},{"type":"Feature","geometry":{"type":"LineString","coordinates":[[10.43498,45.47198],[10.43523,45.47215]]},"properties":{}},{"type":"Feature","geometry":{"type":"LineString","coordinates":[[10.43523,45.47215],[10.43527,45.47216]]},"properties":{}},{"type":"Feature","geometry":{"type":"LineString","coordinates":[[10.43527,45.47216],[10.43553,45.47215],[10.43577,45.4721],[10.43721,45.47164],[10.43932,45.47107],[10.43975,45.47096],[10.44023,45.47091]]},"properties":{}},{"type":"Feature","geometry":{"type":"LineString","coordinates":[[10.43527,45.47216],[10.43545,45.47226],[10.43548,45.47237]]},"properties":{}},{"type":"Feature","geometry":{"type":"LineString","coordinates":[[10.44023,45.47113],[10.44013,45.47108],[10.4398,45.47104],[10.43896,45.47123],[10.43692,45.4718],[10.43611,45.47206],[10.43548,45.47237]]},"properties":{}},{"type":"Feature","geometry":{"type":"LineString","coordinates":[[10.43702,45.39012],[10.4371,45.39014]]},"properties":{}},{"type":"Feature","geometry":{"type":"LineString","coordinates":[[10.43703,45.3903],[10.43694,45.39028],[10.4369,45.39022],[10.43693,45.39015],[10.43702,45.39012]]},"properties":{}},{"type":"Feature","geometry":{"type":"LineString","coordinates":[[10.43702,45.39012],[10.43707,45.38998]]},"properties":{}},{"type":"Feature","geometry":{"type":"LineString","coordinates":[[10.43714,45.39042],[10.43703,45.3903]]},"properties":{}},{"type":"Feature","geometry":{"type":"LineString","coordinates":[[10.43713,45.39025],[10.43703,45.3903]]},"properties":{}},{"type":"Feature","geometry":{"type":"LineString","coordinates":[[10.43707,45.38998],[10.43711,45.39007],[10.4371,45.39014]]},"properties":{}},{"type":"Feature","geometry":{"type":"LineString","coordinates":[[10.4371,45.39014],[10.43714,45.39019],[10.43713,45.39025]]},"properties":{}},{"type":"Feature","geometry":{"type":"LineString","coordinates":[[10.43713,45.39025],[10.43714,45.39042]]},"properties":{}},{"type":"Feature","geometry":{"type":"LineString","coordinates":[[10.43714,45.39042],[10.43731,45.391],[10.4377,45.39182],[10.43793,45.39216],[10.43834,45.39258],[10.43856,45.39308],[10.43911,45.39408],[10.43981,45.39558],[10.44035,45.39678],[10.44074,45.39782],[10.44167,45.39943],[10.44236,45.40081]]},"properties":{}},{"type":"Feature","geometry":{"type":"LineString","coordinates":[[10.44033,45.4712],[10.44023,45.47113]]},"properties":{}},{"type":"Feature","geometry":{"type":"LineString","coordinates":[[10.44023,45.47113],[10.44018,45.47102],[10.44023,45.47091]]},"properties":{}},{"type":"Feature","geometry":{"type":"LineString","coordinates":[[10.44023,45.47091],[10.44036,45.47084],[10.44057,45.47083]]},"properties":{}},{"type":"Feature","geometry":{"type":"LineString","coordinates":[[10.44065,45.47118],[10.4405,45.47123],[10.44033,45.4712]]},"properties":{}},{"type":"Feature","geometry":{"type":"LineString","coordinates":[[10.44044,45.47163],[10.44038,45.47131],[10.44033,45.4712]]},"properties":{}},{"type":"Feature","geometry":{"type":"LineString","coordinates":[[10.44044,45.47163],[10.44052,45.4726],[10.44071,45.47365]]},"properties":{}},{"type":"Feature","geometry":{"type":"LineString","coordinates":[[10.44065,45.47118],[10.44055,45.47133],[10.44044,45.47163]]},"properties":{}},{"type":"Feature","geometry":{"type":"LineString","coordinates":[[10.44057,45.47083],[10.4407,45.4709],[10.44076,45.471]]},"properties":{}},{"type":"Feature","geometry":{"type":"LineString","coordinates":[[10.44057,45.47083],[10.4414,45.47054]]},"properties":{}},{"type":"Feature","geometry":{"type":"LineString","coordinates":[[10.44076,45.471],[10.44076,45.47107],[10.44065,45.47118]]},"properties":{}},{"type":"Feature","geometry":{"type":"LineString","coordinates":[[10.44071,45.47365],[10.44091,45.47383],[10.44118,45.47399]]},"properties":{}},{"type":"Feature","geometry":{"type":"LineString","coordinates":[[10.44075,45.47414],[10.44075,45.47391],[10.44071,45.47365]]},"properties":{}},{"type":"Feature","geometry":{"type":"LineString","coordinates":[[10.4408,45.47431],[10.44074,45.4742],[10.44075,45.47414]]},"properties":{}},{"type":"Feature","geometry":{"type":"LineString","coordinates":[[10.44075,45.47414],[10.44083,45.47403],[10.44091,45.47399],[10.44118,45.47399]]},"properties":{}},{"type":"Feature","geometry":{"type":"LineString","coordinates":[[10.4414,45.47054],[10.44091,45.47087],[10.44076,45.471]]},"properties":{}},{"type":"Feature","geometry":{"type":"LineString","coordinates":[[10.44115,45.47439],[10.441,45.47439],[10.4408,45.47431]]},"properties":{}},{"type":"Feature","geometry":{"type":"LineString","coordinates":[[10.44094,45.47463],[10.4409,45.47446],[10.4408,45.47431]]},"properties":{}},{"type":"Feature","geometry":{"type":"LineString","coordinates":[[10.44094,45.47463],[10.44102,45.47506],[10.44131,45.47618]]},"properties":{}},{"type":"Feature","geometry":{"type":"LineString","coordinates":[[10.44115,45.47439],[10.44094,45.47463]]},"properties":{}},{"type":"Feature","geometry":{"type":"LineString","coordinates":[[10.44172,45.06883],[10.44106,45.06873]]},"properties":{}},{"type":"Feature","geometry":{"type":"LineString","coordinates":[[10.44106,45.06873],[10.44164,45.06857]]},"properties":{}},{"type":"Feature","geometry":{"type":"LineString","coordinates":[[10.44118,45.47399],[10.4413,45.47405],[10.44136,45.4742],[10.44131,45.4743],[10.44115,45.47439]]},"properties":{}},{"type":"Feature","geometry":{"type":"LineString","coordinates":[[10.44135,45.47683],[10.44125,45.47671],[10.44124,45.47665],[10.4413,45.47653]]},"properties":{}},{"type":"Feature","geometry":{"type":"LineString","coordinates":[[10.4413,45.47653],[10.44133,45.47643],[10.44131,45.47618]]},"properties":{}},{"type":"Feature","geometry":{"type":"LineString","coordinates":[[10.4413,45.47653],[10.44144,45.47644],[10.44163,45.47643]]},"properties":{}},{"type":"Feature","geometry":{"type":"LineString","coordinates":[[10.44131,45.47618],[10.44146,45.47635],[10.44163,45.47643]]},"properties":{}},{"type":"Feature","geometry":{"type":"LineString","coordinates":[[10.44172,45.47688],[10.44152,45.47689],[10.44135,45.47683]]},"properties":{}},{"type":"Feature","geometry":{"type":"LineString","coordinates":[[10.44146,45.47722],[10.44135,45.47683]]},"properties":{}},{"type":"Feature","geometry":{"type":"LineString","coordinates":[[10.45956,45.46657],[10.45735,45.46707],[10.4559,45.46746],[10.45214,45.46839],[10.44755,45.46975],[10.44699,45.46983],[10.44437,45.46995],[10.44332,45.47007],[10.44201,45.47032],[10.4414,45.47054]]},"properties":{}},{"type":"Feature","geometry":{"type":"LineString","coordinates":[[10.44146,45.47722],[10.44151,45.47756],[10.44172,45.47826],[10.44378,45.48426],[10.4441,45.48542],[10.44431,45.48601],[10.44608,45.48975],[10.44629,45.49026],[10.44639,45.49063],[10.44654,45.49143],[10.44665,45.49184],[10.44809,45.49535],[10.44894,45.49731],[10.4493,45.49791],[10.45056,45.49954],[10.451,45.5]]},"properties":{}},{"type":"Feature","geometry":{"type":"LineString","coordinates":[[10.44172,45.47688],[10.44152,45.47704],[10.44146,45.47722]]},"properties":{}},{"type":"Feature","geometry":{"type":"LineString","coordinates":[[10.44163,45.47643],[10.44182,45.47649],[10.44192,45.47665],[10.44187,45.47679],[10.44172,45.47688]]},"properties":{}},{"type":"Feature","geometry":{"type":"LineString","coordinates":[[10.44172,45.06883],[10.44161,45.06874],[10.4416,45.06862],[10.44164,45.06857]]},"properties":{}},{"type":"Feature","geometry":{"type":"LineString","coordinates":[[10.44164,45.06857],[10.44175,45.06851],[10.44195,45.06851],[10.44209,45.06863],[10.44208,45.06873]]},"properties":{}},{"type":"Feature","geometry":{"type":"LineString","coordinates":[[10.44183,45.06885],[10.44172,45.06883]]},"properties":{}},{"type":"Feature","geometry":{"type":"LineString","coordinates":[[10.4423,45.06902],[10.44208,45.06891],[10.44183,45.06885]]},"properties":{}},{"type":"Feature","geometry":{"type":"LineString","coordinates":[[10.44208,45.06873],[10.44198,45.06882],[10.44183,45.06885]]},"properties":{}},{"type":"Feature","geometry":{"type":"LineString","coordinates":[[10.44193,45.40134],[10.44229,45.40119]]},"properties":{}},{"type":"Feature","geometry":{"type":"LineString","coordinates":[[10.44241,45.40136],[10.44224,45.40132],[10.44193,45.40134]]},"properties":{}},{"type":"Feature","geometry":{"type":"LineString","coordinates":[[10.44208,45.06873],[10.4423,45.06902]]},"properties":{}},{"type":"Feature","geometry":{"type":"LineString","coordinates":[[10.44241,45.40136],[10.44232,45.4013],[10.44229,45.40119]]},"properties":{}},{"type":"Feature","geometry":{"type":"LineString","coordinates":[[10.44229,45.40119],[10.44237,45.40109]]},"properties":{}},{"type":"Feature","geometry":{"type":"LineString","coordinates":[[10.4423,45.06902],[10.44879,45.0739],[10.46332,45.08471],[10.48148,45.09819]]},"properties":{}},{"type":"Feature","geometry":{"type":"LineString","coordinates":[[10.44236,45.40081],[10.44255,45.40105]]},"properties":{}},{"type":"Feature","geometry":{"type":"LineString","coordinates":[[10.44237,45.40109],[10.44238,45.40097],[10.44236,45.40081]]},"properties":{}},{"type":"Feature","geometry":{"type":"LineString","coordinates":[[10.44237,45.40109],[10.44255,45.40105]]},"properties":{}},{"type":"Feature","geometry":{"type":"LineString","coordinates":[[10.44255,45.40105],[10.44272,45.40111],[10.44275,45.40116],[10.44276,45.40127],[10.44266,45.40136],[10.44259,45.40138],[10.44241,45.40136]]},"properties":{}},{"type":"Feature","geometry":{"type":"LineString","coordinates":[[10.44379,45.12187],[10.44365,45.1218],[10.44337,45.12176]]},"properties":{}},{"type":"Feature","geometry":{"type":"LineString","coordinates":[[10.44337,45.12176],[10.44379,45.12165]]},"properties":{}},{"type":"Feature","geometry":{"type":"LineString","coordinates":[[10.444,45.12215],[10.44379,45.12187]]},"properties":{}},{"type":"Feature","geometry":{"type":"LineString","coordinates":[[10.44379,45.12187],[10.44379,45.12165]]},"properties":{}},{"type":"Feature","geometry":{"type":"LineString","coordinates":[[10.44379,45.12165],[10.44396,45.12173],[10.44401,45.12179]]},"properties":{}},{"type":"Feature","geometry":{"type":"LineString","coordinates":[[10.44379,45.12165],[10.44426,45.12151]]},"properties":{}},{"type":"Feature","geometry":{"type":"LineString","coordinates":[[10.444,45.12215],[10.44417,45.12288]]},"properties":{}},{"type":"Feature","geometry":{"type":"LineString","coordinates":[[10.44401,45.12179],[10.444,45.12215]]},"properties":{}},{"type":"Feature","geometry":{"type":"LineString","coordinates":[[10.44426,45.12151],[10.4441,45.12165],[10.44401,45.12179]]},"properties":{}},{"type":"Feature","geometry":{"type":"LineString","coordinates":[[10.44417,45.12288],[10.44413,45.12324],[10.44406,45.12342],[10.44397,45.12363],[10.44379,45.12391],[10.44356,45.12417],[10.44244,45.12525],[10.44227,45.12545],[10.44209,45.12572],[10.44199,45.12599],[10.44194,45.1265],[10.44197,45.12782],[10.44188,45.12919],[10.44188,45.12966],[10.44191,45.12989],[10.44141,45.12987],[10.44041,45.12967],[10.43859,45.12914],[10.43837,45.12911],[10.43771,45.12916],[10.43707,45.12927],[10.43631,45.12943],[10.43605,45.12951],[10.43584,45.12944],[10.4349,45.12894],[10.43404,45.12828],[10.43301,45.12743],[10.43405,45.12694],[10.43462,45.12661],[10.43528,45.12634],[10.43649,45.12597],[10.43718,45.12567],[10.43797,45.12536],[10.43801,45.12539],[10.43899,45.125],[10.44035,45.1243],[10.44183,45.12349],[10.44333,45.12261],[10.44352,45.12268],[10.44379,45.12284],[10.44417,45.12288]]},"properties":{}},{"type":"Feature","geometry":{"type":"LineString","coordinates":[[10.44426,45.12151],[10.44803,45.12035],[10.44878,45.12001],[10.45685,45.11567],[10.46206,45.11252],[10.46256,45.11227],[10.46681,45.11076],[10.46816,45.11034],[10.46897,45.11015],[10.47024,45.10994],[10.47109,45.10986],[10.47205,45.10982]]},"properties":{}},{"type":"Feature","geometry":{"type":"LineString","coordinates":[[10.45956,45.46657],[10.45966,45.4665],[10.46001,45.46637],[10.46011,45.46629]]},"properties":{}},{"type":"Feature","geometry":{"type":"LineString","coordinates":[[10.46026,45.46641],[10.45992,45.46646],[10.45956,45.46657]]},"properties":{}},{"type":"Feature","geometry":{"type":"LineString","coordinates":[[10.46026,45.46641],[10.46015,45.46637],[10.46011,45.46629]]},"properties":{}},{"type":"Feature","geometry":{"type":"LineString","coordinates":[[10.46011,45.46629],[10.46014,45.46621],[10.46023,45.46616],[10.46035,45.46616],[10.46045,45.46622]]},"properties":{}},{"type":"Feature","geometry":{"type":"LineString","coordinates":[[10.46042,45.46637],[10.46026,45.46641]]},"properties":{}},{"type":"Feature","geometry":{"type":"LineString","coordinates":[[10.46045,45.46622],[10.46047,45.4663],[10.46042,45.46637]]},"properties":{}},{"type":"Feature","geometry":{"type":"LineString","coordinates":[[10.46099,45.4662],[10.46042,45.46637]]},"properties":{}},{"type":"Feature","geometry":{"type":"LineString","coordinates":[[10.46045,45.46622],[10.46099,45.4662]]},"properties":{}},{"type":"Feature","geometry":{"type":"LineString","coordinates":[[10.4628,45.4658],[10.46184,45.46605],[10.46099,45.4662]]},"properties":{}},{"type":"Feature","geometry":{"type":"LineString","coordinates":[[10.4628,45.4658],[10.46315,45.46567],[10.46335,45.46555]]},"properties":{}},{"type":"Feature","geometry":{"type":"LineString","coordinates":[[10.46346,45.46567],[10.4628,45.4658]]},"properties":{}},{"type":"Feature","geometry":{"type":"LineString","coordinates":[[10.46346,45.46567],[10.46337,45.4656],[10.46335,45.46555]]},"properties":{}},{"type":"Feature","geometry":{"type":"LineString","coordinates":[[10.46335,45.46555],[10.46339,45.46546],[10.4635,45.4654],[10.46363,45.46541],[10.46373,45.46547]]},"properties":{}},{"type":"Feature","geometry":{"type":"LineString","coordinates":[[10.4637,45.46564],[10.46359,45.46568],[10.46346,45.46567]]},"properties":{}},{"type":"Feature","geometry":{"type":"LineString","coordinates":[[10.46373,45.46547],[10.46376,45.46556],[10.4637,45.46564]]},"properties":{}},{"type":"Feature","geometry":{"type":"LineString","coordinates":[[10.4643,45.46545],[10.46385,45.46556],[10.4637,45.46564]]},"properties":{}},{"type":"Feature","geometry":{"type":"LineString","coordinates":[[10.46373,45.46547],[10.46394,45.46549],[10.4643,45.46545]]},"properties":{}},{"type":"Feature","geometry":{"type":"LineString","coordinates":[[10.47326,45.46284],[10.46838,45.46448],[10.4643,45.46545]]},"properties":{}},{"type":"Feature","geometry":{"type":"LineString","coordinates":[[10.4727,45.10882],[10.47275,45.10956],[10.47271,45.10977],[10.47265,45.10983],[10.47205,45.10982]]},"properties":{}},{"type":"Feature","geometry":{"type":"LineString","coordinates":[[10.47205,45.10982],[10.4723,45.10977],[10.47248,45.10968],[10.47261,45.10955],[10.47268,45.10925],[10.47266,45.10911],[10.47263,45.10899],[10.47253,45.10884]]},"properties":{}},{"type":"Feature","geometry":{"type":"LineString","coordinates":[[10.4727,45.10882],[10.4726,45.10885],[10.47253,45.10884]]},"properties":{}},{"type":"Feature","geometry":{"type":"LineString","coordinates":[[10.47253,45.10884],[10.47248,45.10878],[10.47249,45.10873],[10.47255,45.10868],[10.47263,45.10868]]},"properties":{}},{"type":"Feature","geometry":{"type":"LineString","coordinates":[[10.47263,45.10868],[10.4727,45.10871],[10.47273,45.10876]]},"properties":{}},{"type":"Feature","geometry":{"type":"LineString","coordinates":[[10.47263,45.10868],[10.47306,45.10856]]},"properties":{}},{"type":"Feature","geometry":{"type":"LineString","coordinates":[[10.47273,45.10876],[10.4727,45.10882]]},"properties":{}},{"type":"Feature","geometry":{"type":"LineString","coordinates":[[10.47306,45.10856],[10.47273,45.10876]]},"properties":{}},{"type":"Feature","geometry":{"type":"LineString","coordinates":[[10.47306,45.10856],[10.47466,45.10799],[10.47697,45.10726],[10.47696,45.10718],[10.47702,45.10703],[10.47702,45.10696],[10.4767,45.10645],[10.47649,45.10597],[10.47653,45.10578],[10.47703,45.10445],[10.47841,45.10177],[10.47876,45.10121],[10.4789,45.10103],[10.48134,45.09859]]},"properties":{}},{"type":"Feature","geometry":{"type":"LineString","coordinates":[[10.47326,45.46284],[10.47351,45.46273],[10.47374,45.46255],[10.47385,45.46258],[10.47445,45.46245]]},"properties":{}},{"type":"Feature","geometry":{"type":"LineString","coordinates":[[10.47445,45.46245],[10.47381,45.46269],[10.47326,45.46284]]},"properties":{}},{"type":"Feature","geometry":{"type":"LineString","coordinates":[[10.47597,45.46193],[10.47445,45.46245]]},"properties":{}},{"type":"Feature","geometry":{"type":"LineString","coordinates":[[10.47549,45.46141],[10.47543,45.46138],[10.47544,45.46132]]},"properties":{}},{"type":"Feature","geometry":{"type":"LineString","coordinates":[[10.47544,45.46132],[10.47538,45.4612],[10.47516,45.46092],[10.47482,45.46051],[10.47463,45.46033],[10.47462,45.46027],[10.47466,45.46022],[10.4784,45.45872],[10.4789,45.45857]]},"properties":{}},{"type":"Feature","geometry":{"type":"LineString","coordinates":[[10.47544,45.46132],[10.47553,45.4613],[10.47558,45.46134],[10.47556,45.46139],[10.47549,45.46141]]},"properties":{}},{"type":"Feature","geometry":{"type":"LineString","coordinates":[[10.47549,45.46141],[10.47561,45.46149],[10.47597,45.46193]]},"properties":{}},{"type":"Feature","geometry":{"type":"LineString","coordinates":[[10.48003,45.46058],[10.47597,45.46193]]},"properties":{}},{"type":"Feature","geometry":{"type":"LineString","coordinates":[[10.48132,45.46012],[10.4813,45.46008],[10.48134,45.45973],[10.48124,45.45965],[10.48111,45.45964],[10.48103,45.45968],[10.48099,45.45975],[10.48097,45.45993],[10.48087,45.46002],[10.48075,45.46005],[10.48067,45.46004],[10.48011,45.45965],[10.47951,45.45941],[10.4794,45.45932],[10.4789,45.45857]]},"properties":{}},{"type":"Feature","geometry":{"type":"LineString","coordinates":[[10.48492,45.45733],[10.48431,45.45713],[10.48388,45.45709],[10.48261,45.4571],[10.48132,45.45721],[10.48112,45.45728],[10.47986,45.45825],[10.47948,45.45843],[10.4789,45.45857]]},"properties":{}},{"type":"Feature","geometry":{"type":"LineString","coordinates":[[10.48003,45.46058],[10.48022,45.46046]]},"properties":{}},{"type":"Feature","geometry":{"type":"LineString","coordinates":[[10.4803,45.46057],[10.48003,45.46058]]},"properties":{}},{"type":"Feature","geometry":{"type":"LineString","coordinates":[[10.4803,45.46057],[10.48023,45.46053],[10.48022,45.46046]]},"properties":{}},{"type":"Feature","geometry":{"type":"LineString","coordinates":[[10.48022,45.46046],[10.48027,45.46041],[10.4804,45.46039]]},"properties":{}},{"type":"Feature","geometry":{"type":"LineString","coordinates":[[10.4805,45.46049],[10.48043,45.46057],[10.4803,45.46057]]},"properties":{}},{"type":"Feature","geometry":{"type":"LineString","coordinates":[[10.4804,45.46039],[10.48047,45.46042],[10.4805,45.46049]]},"properties":{}},{"type":"Feature","geometry":{"type":"LineString","coordinates":[[10.4804,45.46039],[10.48067,45.46034]]},"properties":{}},{"type":"Feature","geometry":{"type":"LineString","coordinates":[[10.48041,45.03313],[10.485,45.03313],[10.48658,45.03293],[10.48733,45.0329],[10.48897,45.03311],[10.49032,45.03332],[10.49172,45.03387],[10.49211,45.03401],[10.49242,45.03406],[10.4927,45.03405],[10.49348,45.03389],[10.49419,45.03385]]},"properties":{}},{"type":"Feature","geometry":{"type":"LineString","coordinates":[[10.48746,45.067],[10.4872,45.06646],[10.48719,45.06619],[10.48946,45.05599],[10.4895,45.05573],[10.4895,45.05547],[10.48944,45.05508],[10.48892,45.05377],[10.48462,45.04354],[10.48187,45.03779],[10.48078,45.03562],[10.47966,45.03328],[10.47992,45.03317],[10.48041,45.03313]]},"properties":{}},{"type":"Feature","geometry":{"type":"LineString","coordinates":[[10.48067,45.46034],[10.4805,45.46049]]},"properties":{}},{"type":"Feature","geometry":{"type":"LineString","coordinates":[[10.5,45.18188],[10.49967,45.18223],[10.4995,45.18259],[10.49931,45.18346],[10.49909,45.18393],[10.49837,45.18453],[10.49783,45.18483],[10.49767,45.18497],[10.49541,45.18589],[10.49502,45.18612],[10.49427,45.18695],[10.49219,45.18951],[10.48964,45.19228],[10.48945,45.19245],[10.48923,45.1926],[10.48905,45.19268],[10.4886,45.19279],[10.48797,45.19289],[10.48771,45.19289],[10.48739,45.19277],[10.48646,45.19212],[10.48518,45.19303],[10.4842,45.19368],[10.48344,45.19332],[10.48302,45.19326],[10.48271,45.19317],[10.48223,45.1928],[10.48151,45.19219],[10.48128,45.19206],[10.48098,45.19196],[10.48086,45.19199],[10.48058,45.19252]]},"properties":{}},{"type":"Feature","geometry":{"type":"LineString","coordinates":[[10.48132,45.46012],[10.48067,45.46034]]},"properties":{}},{"type":"Feature","geometry":{"type":"LineString","coordinates":[[10.48708,45.45962],[10.4869,45.45941],[10.48681,45.45936],[10.48651,45.45933],[10.48132,45.46012]]},"properties":{}},{"type":"Feature","geometry":{"type":"LineString","coordinates":[[10.48134,45.09859],[10.48149,45.0983],[10.48148,45.09819]]},"properties":{}},{"type":"Feature","geometry":{"type":"LineString","coordinates":[[10.48157,45.09848],[10.48134,45.09859]]},"properties":{}},{"type":"Feature","geometry":{"type":"LineString","coordinates":[[10.48148,45.09819],[10.48164,45.09831]]},"properties":{}},{"type":"Feature","geometry":{"type":"LineString","coordinates":[[10.48164,45.09831],[10.48163,45.09841],[10.48157,45.09848]]},"properties":{}},{"type":"Feature","geometry":{"type":"LineString","coordinates":[[10.48192,45.0985],[10.4817,45.09846],[10.48157,45.09848]]},"properties":{}},{"type":"Feature","geometry":{"type":"LineString","coordinates":[[10.48164,45.09831],[10.48192,45.0985]]},"properties":{}},{"type":"Feature","geometry":{"type":"LineString","coordinates":[[10.48192,45.0985],[10.48534,45.101],[10.48643,45.10133],[10.48925,45.10204]]},"properties":{}},{"type":"Feature","geometry":{"type":"LineString","coordinates":[[10.48492,45.45733],[10.48564,45.45735],[10.48585,45.4574],[10.48638,45.45763],[10.48668,45.45771],[10.48672,45.45777],[10.4867,45.45781],[10.48676,45.458]]},"properties":{}},{"type":"Feature","geometry":{"type":"LineString","coordinates":[[10.48676,45.458],[10.48649,45.45777],[10.48588,45.45748],[10.48567,45.45741],[10.48511,45.45737],[10.48492,45.45733]]},"properties":{}},{"type":"Feature","geometry":{"type":"LineString","coordinates":[[10.48676,45.458],[10.48688,45.45846],[10.48692,45.45906],[10.48711,45.4595],[10.48708,45.45962]]},"properties":{}},{"type":"Feature","geometry":{"type":"LineString","coordinates":[[10.48862,45.46149],[10.48842,45.46141],[10.48815,45.46123],[10.48784,45.4609],[10.4876,45.46058],[10.48738,45.46022],[10.48708,45.45962]]},"properties":{}},{"type":"Feature","geometry":{"type":"LineString","coordinates":[[10.48746,45.067],[10.48789,45.06701]]},"properties":{}},{"type":"Feature","geometry":{"type":"LineString","coordinates":[[10.48789,45.06701],[10.48754,45.06719],[10.48746,45.067]]},"properties":{}},{"type":"Feature","geometry":{"type":"LineString","coordinates":[[10.5,45.06378],[10.49942,45.06417],[10.49908,45.06432],[10.49292,45.06561],[10.49246,45.06578],[10.492,45.06602],[10.49169,45.06625],[10.49141,45.06641],[10.49118,45.06648],[10.48789,45.06701]]},"properties":{}},{"type":"Feature","geometry":{"type":"LineString","coordinates":[[10.48862,45.46149],[10.48885,45.46153],[10.48916,45.46152]]},"properties":{}},{"type":"Feature","geometry":{"type":"LineString","coordinates":[[10.48919,45.46172],[10.4888,45.46159],[10.48862,45.46149]]},"properties":{}},{"type":"Feature","geometry":{"type":"LineString","coordinates":[[10.48919,45.46172],[10.48915,45.46165],[10.48916,45.46152]]},"properties":{}},{"type":"Feature","geometry":{"type":"LineString","coordinates":[[10.48916,45.46152],[10.4892,45.46146],[10.48935,45.46138],[10.48962,45.46138]]},"properties":{}},{"type":"Feature","geometry":{"type":"LineString","coordinates":[[10.48948,45.46183],[10.48934,45.46181],[10.48919,45.46172]]},"properties":{}},{"type":"Feature","geometry":{"type":"LineString","coordinates":[[10.48925,45.10204],[10.49009,45.10221]]},"properties":{}},{"type":"Feature","geometry":{"type":"LineString","coordinates":[[10.48997,45.10232],[10.48994,45.10227],[10.4898,45.10222],[10.48925,45.10204]]},"properties":{}},{"type":"Feature","geometry":{"type":"LineString","coordinates":[[10.48991,45.46218],[10.48948,45.46183]]},"properties":{}},{"type":"Feature","geometry":{"type":"LineString","coordinates":[[10.48971,45.46176],[10.48948,45.46183]]},"properties":{}},{"type":"Feature","geometry":{"type":"LineString","coordinates":[[10.48962,45.46138],[10.4899,45.46137],[10.49019,45.46123],[10.49039,45.46108],[10.4905,45.4609]]},"properties":{}},{"type":"Feature","geometry":{"type":"LineString","coordinates":[[10.48962,45.46138],[10.48971,45.46143],[10.4898,45.46156]]},"properties":{}},{"type":"Feature","geometry":{"type":"LineString","coordinates":[[10.48971,45.46176],[10.48973,45.4619],[10.48991,45.46218]]},"properties":{}},{"type":"Feature","geometry":{"type":"LineString","coordinates":[[10.4898,45.46156],[10.48977,45.4617],[10.48971,45.46176]]},"properties":{}},{"type":"Feature","geometry":{"type":"LineString","coordinates":[[10.49074,45.46107],[10.49053,45.46112],[10.4898,45.46156]]},"properties":{}},{"type":"Feature","geometry":{"type":"LineString","coordinates":[[10.48991,45.46218],[10.49009,45.46247],[10.49013,45.46264],[10.49009,45.46285],[10.48994,45.46311],[10.48918,45.4641],[10.48901,45.46437],[10.48883,45.46479],[10.48879,45.46527],[10.48913,45.46681],[10.48945,45.46774],[10.48992,45.46882],[10.49006,45.46895],[10.49031,45.4691],[10.49059,45.46918],[10.49188,45.46926],[10.49374,45.46904],[10.49399,45.46898],[10.49482,45.46849],[10.4959,45.46806],[10.49659,45.46779],[10.5,45.46665]]},"properties":{}},{"type":"Feature","geometry":{"type":"LineString","coordinates":[[10.49026,45.10227],[10.49026,45.10236],[10.49017,45.10242],[10.49004,45.10241],[10.48997,45.10232]]},"properties":{}},{"type":"Feature","geometry":{"type":"LineString","coordinates":[[10.48997,45.10232],[10.49,45.10225],[10.49009,45.10221]]},"properties":{}},{"type":"Feature","geometry":{"type":"LineString","coordinates":[[10.49009,45.10221],[10.49013,45.10221]]},"properties":{}},{"type":"Feature","geometry":{"type":"LineString","coordinates":[[10.49013,45.10221],[10.49026,45.10227]]},"properties":{}},{"type":"Feature","geometry":{"type":"LineString","coordinates":[[10.49013,45.10221],[10.49044,45.10197]]},"properties":{}},{"type":"Feature","geometry":{"type":"LineString","coordinates":[[10.49044,45.10197],[10.49026,45.10227]]},"properties":{}},{"type":"Feature","geometry":{"type":"LineString","coordinates":[[10.49044,45.10197],[10.49062,45.10177],[10.49098,45.10145],[10.49147,45.10113],[10.49204,45.10088],[10.5,45.09829]]},"properties":{}},{"type":"Feature","geometry":{"type":"LineString","coordinates":[[10.49074,45.46107],[10.49056,45.46099],[10.4905,45.4609]]},"properties":{}},{"type":"Feature","geometry":{"type":"LineString","coordinates":[[10.4905,45.4609],[10.49052,45.46074],[10.49069,45.46063],[10.49087,45.46061],[10.49108,45.46069]]},"properties":{}},{"type":"Feature","geometry":{"type":"LineString","coordinates":[[10.49116,45.46083],[10.49114,45.46092],[10.49104,45.46102],[10.49091,45.46107],[10.49074,45.46107]]},"properties":{}},{"type":"Feature","geometry":{"type":"LineString","coordinates":[[10.49108,45.46069],[10.49156,45.46067],[10.49221,45.4606],[10.49347,45.46038],[10.49377,45.46038],[10.49399,45.46041]]},"properties":{}},{"type":"Feature","geometry":{"type":"LineString","coordinates":[[10.49108,45.46069],[10.49116,45.46083]]},"properties":{}},{"type":"Feature","geometry":{"type":"LineString","coordinates":[[10.49399,45.46041],[10.49357,45.46042],[10.49214,45.46068],[10.49135,45.46075],[10.49116,45.46083]]},"properties":{}},{"type":"Feature","geometry":{"type":"LineString","coordinates":[[10.49399,45.46041],[10.49423,45.46047],[10.49447,45.46064],[10.495,45.46135],[10.49532,45.46171],[10.49557,45.46184],[10.49577,45.4619],[10.49663,45.46202],[10.49897,45.46217],[10.49938,45.46214],[10.5,45.46194]]},"properties":{}},{"type":"Feature","geometry":{"type":"LineString","coordinates":[[10.49502,45.5],[10.49547,45.49975],[10.4958,45.49945],[10.49586,45.49928],[10.49588,45.49915],[10.49567,45.49818],[10.49574,45.49795],[10.49592,45.49776],[10.49619,45.49761],[10.49633,45.49757],[10.49674,45.49755],[10.49696,45.4976],[10.49719,45.49771],[10.49862,45.49889],[10.49915,45.49951],[10.49938,45.49984],[10.49949,45.49995],[10.49967,45.49998]]},"properties":{}},{"type":"Feature","geometry":{"type":"LineString","coordinates":[[10.49967,45.5],[10.49967,45.49998]]},"properties":{}},{"type":"Feature","geometry":{"type":"LineString","coordinates":[[10.49967,45.49998],[10.49978,45.49987],[10.5,45.49986]]},"properties":{}}]}