{"type":"FeatureCollection","features":[{"type":"Feature","geometry":{"type":"LineString","coordinates":[[10.5437,43.67715],[10.54135,43.67773],[10.54012,43.67806],[10.53965,43.67815],[10.53926,43.67816],[10.53774,43.67806],[10.53585,43.6782],[10.53543,43.67815],[10.53411,43.67785],[10.53334,43.67779],[10.53287,43.67781],[10.53139,43.67803],[10.52941,43.6782],[10.52882,43.67831],[10.52842,43.67843],[10.52796,43.67863],[10.5272,43.67902],[10.5267,43.67934],[10.52623,43.67975],[10.52608,43.67997],[10.52589,43.68047],[10.52577,43.68064],[10.52564,43.68075],[10.52532,43.68092],[10.52441,43.68116],[10.52334,43.68138],[10.5217,43.68148],[10.52031,43.68165],[10.51509,43.68255],[10.51274,43.68292],[10.51038,43.68323],[10.50875,43.68352],[10.50677,43.68376],[10.50491,43.68409],[10.50081,43.68495],[10.5,43.68507]]},"properties":{}},{"type":"Feature","geometry":{"type":"LineString","coordinates":[[10.50403,43.70667],[10.5022,43.70541],[10.50193,43.70528],[10.50178,43.70527],[10.50019,43.70546],[10.5,43.70544]]},"properties":{}},{"type":"Feature","geometry":{"type":"LineString","coordinates":[[10.5,43.71449],[10.50169,43.71429],[10.50217,43.71419],[10.50441,43.71357],[10.50529,43.71318],[10.50548,43.71302],[10.50551,43.71292],[10.50549,43.7128],[10.50515,43.71227],[10.50408,43.71096],[10.50246,43.7088],[10.50249,43.70867],[10.50258,43.70858],[10.50342,43.7081],[10.50371,43.70788]]},"properties":{}},{"type":"Feature","geometry":{"type":"LineString","coordinates":[[10.5,43.72251],[10.50014,43.72248],[10.50063,43.72251]]},"properties":{}},{"type":"Feature","geometry":{"type":"LineString","coordinates":[[10.50063,43.72251],[10.50038,43.72263],[10.50036,43.72272],[10.50026,43.7228],[10.50014,43.72283],[10.5,43.7228]]},"properties":{}},{"type":"Feature","geometry":{"type":"LineString","coordinates":[[10.5,43.82909],[10.5018,43.82882],[10.50296,43.8287],[10.50525,43.82857],[10.5511,43.82759],[10.55272,43.82752],[10.55411,43.82741],[10.56616,43.82606],[10.59725,43.82247],[10.66597,43.8146],[10.66747,43.81461],[10.66812,43.81467],[10.6689,43.81479],[10.67006,43.81508],[10.67883,43.8182]]},"properties":{}},{"type":"Feature","geometry":{"type":"LineString","coordinates":[[10.6788,43.8183],[10.67001,43.81517],[10.66884,43.81488],[10.66809,43.81477],[10.66745,43.81471],[10.66649,43.81469],[10.66597,43.81471],[10.64813,43.81673],[10.60021,43.82223],[10.59247,43.82314],[10.55519,43.82739],[10.55354,43.82755],[10.55133,43.82767],[10.50461,43.82868],[10.50238,43.82884],[10.5,43.82918]]},"properties":{}},{"type":"Feature","geometry":{"type":"LineString","coordinates":[[10.5,43.83818],[10.50078,43.83793]]},"properties":{}},{"type":"Feature","geometry":{"type":"LineString","coordinates":[[10.50063,43.72251],[10.501,43.7224],[10.50757,43.71931],[10.50992,43.71805]]},"properties":{}},{"type":"Feature","geometry":{"type":"LineString","coordinates":[[10.50078,43.83793],[10.5009,43.83786],[10.50125,43.83778],[10.50216,43.83774]]},"properties":{}},{"type":"Feature","geometry":{"type":"LineString","coordinates":[[10.50202,43.83804],[10.5013,43.83789],[10.50078,43.83793]]},"properties":{}},{"type":"Feature","geometry":{"type":"LineString","coordinates":[[10.50268,43.83825],[10.50202,43.83804]]},"properties":{}},{"type":"Feature","geometry":{"type":"LineString","coordinates":[[10.50202,43.83804],[10.50176,43.83794],[10.50171,43.8379],[10.50171,43.83785],[10.50182,43.83779],[10.50216,43.83774]]},"properties":{}},{"type":"Feature","geometry":{"type":"LineString","coordinates":[[10.50216,43.83774],[10.50578,43.83759],[10.50587,43.83767],[10.506,43.83827],[10.50662,43.83827],[10.50693,43.83833]]},"properties":{}},{"type":"Feature","geometry":{"type":"LineString","coordinates":[[10.50693,43.83833],[10.50594,43.83834],[10.50368,43.83844],[10.50328,43.83841],[10.50268,43.83825]]},"properties":{}},{"type":"Feature","geometry":{"type":"LineString","coordinates":[[10.51521,43.84309],[10.5147,43.84305],[10.51398,43.84314],[10.51076,43.84277],[10.50972,43.84268],[10.50995,43.8408],[10.50991,43.84074],[10.50736,43.83999],[10.50698,43.83984],[10.50622,43.83987],[10.50529,43.83985],[10.50326,43.83996],[10.5032,43.83935],[10.50303,43.83931],[10.5029,43.83913],[10.50301,43.83886],[10.50302,43.83876],[10.50282,43.83837],[10.50268,43.83825]]},"properties":{}},{"type":"Feature","geometry":{"type":"LineString","coordinates":[[10.51023,43.71757],[10.50997,43.71639],[10.50974,43.71582],[10.50835,43.7139],[10.50811,43.71352],[10.50761,43.71261],[10.50729,43.71216],[10.5067,43.71118],[10.50565,43.70961],[10.5055,43.70941],[10.50417,43.70821],[10.50394,43.70802],[10.50371,43.70788]]},"properties":{}},{"type":"Feature","geometry":{"type":"LineString","coordinates":[[10.50371,43.70788],[10.5039,43.70763],[10.5041,43.70714]]},"properties":{}},{"type":"Feature","geometry":{"type":"LineString","coordinates":[[10.50403,43.70667],[10.50424,43.70683]]},"properties":{}},{"type":"Feature","geometry":{"type":"LineString","coordinates":[[10.50414,43.70688],[10.50403,43.70667]]},"properties":{}},{"type":"Feature","geometry":{"type":"LineString","coordinates":[[10.5041,43.70714],[10.50414,43.70688]]},"properties":{}},{"type":"Feature","geometry":{"type":"LineString","coordinates":[[10.50431,43.70692],[10.5041,43.70714]]},"properties":{}},{"type":"Feature","geometry":{"type":"LineString","coordinates":[[10.50414,43.70688],[10.50424,43.70683]]},"properties":{}},{"type":"Feature","geometry":{"type":"LineString","coordinates":[[10.50424,43.70683],[10.50427,43.70684]]},"properties":{}},{"type":"Feature","geometry":{"type":"LineString","coordinates":[[10.50427,43.70684],[10.50431,43.70687],[10.50431,43.70692]]},"properties":{}},{"type":"Feature","geometry":{"type":"LineString","coordinates":[[10.50427,43.70684],[10.50446,43.70678]]},"properties":{}},{"type":"Feature","geometry":{"type":"LineString","coordinates":[[10.50446,43.70678],[10.50431,43.70692]]},"properties":{}},{"type":"Feature","geometry":{"type":"LineString","coordinates":[[10.50446,43.70678],[10.50733,43.70464],[10.50876,43.70329],[10.5093,43.70298],[10.51,43.70265],[10.51186,43.70213],[10.51273,43.70179],[10.51289,43.7017],[10.51369,43.70115],[10.51481,43.70029]]},"properties":{}},{"type":"Feature","geometry":{"type":"LineString","coordinates":[[10.50693,43.83833],[10.5144,43.84044]]},"properties":{}},{"type":"Feature","geometry":{"type":"LineString","coordinates":[[10.50992,43.71805],[10.51014,43.71788]]},"properties":{}},{"type":"Feature","geometry":{"type":"LineString","coordinates":[[10.51016,43.71796],[10.50992,43.71805]]},"properties":{}},{"type":"Feature","geometry":{"type":"LineString","coordinates":[[10.51016,43.71796],[10.51013,43.71792],[10.51014,43.71788]]},"properties":{}},{"type":"Feature","geometry":{"type":"LineString","coordinates":[[10.51014,43.71788],[10.51016,43.71787]]},"properties":{}},{"type":"Feature","geometry":{"type":"LineString","coordinates":[[10.51032,43.71812],[10.5102,43.71798],[10.51016,43.71796]]},"properties":{}},{"type":"Feature","geometry":{"type":"LineString","coordinates":[[10.51016,43.71787],[10.51022,43.71772],[10.51023,43.71757]]},"properties":{}},{"type":"Feature","geometry":{"type":"LineString","coordinates":[[10.51016,43.71787],[10.51024,43.71787],[10.51029,43.71792]]},"properties":{}},{"type":"Feature","geometry":{"type":"LineString","coordinates":[[10.51023,43.71757],[10.5103,43.71776],[10.51029,43.71792]]},"properties":{}},{"type":"Feature","geometry":{"type":"LineString","coordinates":[[10.51029,43.71792],[10.51032,43.71812]]},"properties":{}},{"type":"Feature","geometry":{"type":"LineString","coordinates":[[10.51321,43.72121],[10.51267,43.72034],[10.51249,43.72018],[10.51103,43.71956],[10.51091,43.71947],[10.51051,43.71877],[10.51032,43.71812]]},"properties":{}},{"type":"Feature","geometry":{"type":"LineString","coordinates":[[10.51321,43.72121],[10.51338,43.72138],[10.51345,43.72141],[10.51334,43.7216]]},"properties":{}},{"type":"Feature","geometry":{"type":"LineString","coordinates":[[10.51334,43.7216],[10.51331,43.72141],[10.51321,43.72121]]},"properties":{}},{"type":"Feature","geometry":{"type":"LineString","coordinates":[[10.51334,43.7216],[10.51347,43.72253],[10.51355,43.72278]]},"properties":{}},{"type":"Feature","geometry":{"type":"LineString","coordinates":[[10.51355,43.72278],[10.51389,43.72294],[10.51385,43.72322]]},"properties":{}},{"type":"Feature","geometry":{"type":"LineString","coordinates":[[10.51385,43.72322],[10.51376,43.72308],[10.51365,43.72303],[10.51364,43.72294],[10.51355,43.72278]]},"properties":{}},{"type":"Feature","geometry":{"type":"LineString","coordinates":[[10.51385,43.72322],[10.51485,43.72416],[10.51515,43.72448],[10.51557,43.72512],[10.51566,43.72538],[10.51595,43.7258],[10.51677,43.72712]]},"properties":{}},{"type":"Feature","geometry":{"type":"LineString","coordinates":[[10.5144,43.84044],[10.51469,43.84047],[10.51493,43.84041],[10.51504,43.84045],[10.51509,43.84055],[10.51499,43.84072],[10.51501,43.84099]]},"properties":{}},{"type":"Feature","geometry":{"type":"LineString","coordinates":[[10.51501,43.84099],[10.51495,43.84082],[10.5148,43.84063],[10.5144,43.84044]]},"properties":{}},{"type":"Feature","geometry":{"type":"LineString","coordinates":[[10.51481,43.70029],[10.51495,43.69997],[10.51497,43.69975],[10.51504,43.69966],[10.5152,43.69959],[10.51542,43.69963],[10.51582,43.69955]]},"properties":{}},{"type":"Feature","geometry":{"type":"LineString","coordinates":[[10.51582,43.69955],[10.51558,43.69973],[10.51546,43.69994],[10.51508,43.70006],[10.51481,43.70029]]},"properties":{}},{"type":"Feature","geometry":{"type":"LineString","coordinates":[[10.51501,43.84099],[10.51527,43.84176],[10.5153,43.84192]]},"properties":{}},{"type":"Feature","geometry":{"type":"LineString","coordinates":[[10.51532,43.84313],[10.51521,43.84309]]},"properties":{}},{"type":"Feature","geometry":{"type":"LineString","coordinates":[[10.51521,43.84309],[10.51508,43.84298],[10.51505,43.84286],[10.51527,43.84246],[10.5153,43.84192]]},"properties":{}},{"type":"Feature","geometry":{"type":"LineString","coordinates":[[10.5153,43.84192],[10.5155,43.84267],[10.51566,43.84276]]},"properties":{}},{"type":"Feature","geometry":{"type":"LineString","coordinates":[[10.5157,43.843],[10.51555,43.84313],[10.51532,43.84313]]},"properties":{}},{"type":"Feature","geometry":{"type":"LineString","coordinates":[[10.5163,43.84365],[10.51593,43.84363],[10.51578,43.84344],[10.51563,43.84331],[10.51532,43.84313]]},"properties":{}},{"type":"Feature","geometry":{"type":"LineString","coordinates":[[10.51566,43.84276],[10.51595,43.84278]]},"properties":{}},{"type":"Feature","geometry":{"type":"LineString","coordinates":[[10.51566,43.84276],[10.51571,43.8429]]},"properties":{}},{"type":"Feature","geometry":{"type":"LineString","coordinates":[[10.5157,43.843],[10.51572,43.84313],[10.51587,43.84334],[10.5163,43.84365]]},"properties":{}},{"type":"Feature","geometry":{"type":"LineString","coordinates":[[10.51571,43.8429],[10.5157,43.843]]},"properties":{}},{"type":"Feature","geometry":{"type":"LineString","coordinates":[[10.51595,43.84278],[10.51571,43.8429]]},"properties":{}},{"type":"Feature","geometry":{"type":"LineString","coordinates":[[10.51582,43.69955],[10.51678,43.69884],[10.51717,43.6985],[10.51744,43.69821],[10.51775,43.69774],[10.51844,43.69708],[10.51882,43.69657],[10.51915,43.69581],[10.5197,43.69514]]},"properties":{}},{"type":"Feature","geometry":{"type":"LineString","coordinates":[[10.51595,43.84278],[10.51804,43.84242]]},"properties":{}},{"type":"Feature","geometry":{"type":"LineString","coordinates":[[10.51836,43.84495],[10.5163,43.84365]]},"properties":{}},{"type":"Feature","geometry":{"type":"LineString","coordinates":[[10.51677,43.72712],[10.5169,43.72733]]},"properties":{}},{"type":"Feature","geometry":{"type":"LineString","coordinates":[[10.51677,43.72712],[10.51703,43.72709],[10.51715,43.72717],[10.51716,43.7272],[10.51712,43.72726],[10.5169,43.72733]]},"properties":{}},{"type":"Feature","geometry":{"type":"LineString","coordinates":[[10.5169,43.72733],[10.51827,43.72952],[10.51832,43.72966],[10.51832,43.72978],[10.51813,43.73013],[10.51814,43.7303],[10.51819,43.73041],[10.51867,43.731],[10.51871,43.73114],[10.51871,43.73138],[10.51888,43.73166],[10.51886,43.73185],[10.51832,43.73304],[10.51831,43.73359],[10.51848,43.73378],[10.51964,43.7347],[10.52012,43.7355],[10.52039,43.73586],[10.5217,43.73657],[10.522,43.73676],[10.52224,43.73697],[10.52238,43.73713],[10.52253,43.73743],[10.52262,43.73812],[10.52265,43.73819],[10.52316,43.73866],[10.5233,43.73872],[10.52389,43.73885],[10.52409,43.73895],[10.52416,43.73905],[10.52433,43.73957],[10.52487,43.7398],[10.52493,43.73992],[10.52504,43.74003],[10.52534,43.74026],[10.52559,43.7404],[10.52589,43.74066],[10.52609,43.74077],[10.52611,43.74081],[10.52611,43.74095],[10.52602,43.74155],[10.52607,43.7416],[10.5262,43.74163],[10.52632,43.74181],[10.52645,43.7419],[10.52688,43.74209],[10.5269,43.74229],[10.52698,43.74234],[10.5278,43.74275],[10.52792,43.74275],[10.52862,43.74253],[10.52874,43.74252],[10.5291,43.74258],[10.52992,43.74289],[10.53016,43.74295],[10.53107,43.74295],[10.53159,43.74308]]},"properties":{}},{"type":"Feature","geometry":{"type":"LineString","coordinates":[[10.51775,43.83453],[10.51787,43.83586],[10.51791,43.83674],[10.51815,43.83869],[10.51964,43.84044],[10.5204,43.8414]]},"properties":{}},{"type":"Feature","geometry":{"type":"LineString","coordinates":[[10.51775,43.83453],[10.51769,43.83439],[10.51754,43.83438],[10.51506,43.83449],[10.51395,43.83465],[10.51297,43.83485],[10.51272,43.83492],[10.51265,43.83491],[10.51263,43.83487],[10.51265,43.83483],[10.51274,43.83482],[10.51285,43.83472],[10.51375,43.83439],[10.51584,43.83336],[10.51607,43.83321],[10.51616,43.83308],[10.51631,43.83252],[10.51821,43.83249],[10.51832,43.83249],[10.51842,43.83254],[10.51865,43.83239],[10.519,43.83225],[10.51931,43.83217],[10.5208,43.83201],[10.52101,43.83191],[10.52119,43.83197],[10.52129,43.83198],[10.52224,43.83179],[10.52403,43.83166],[10.52435,43.83407],[10.51796,43.83435],[10.51781,43.83438],[10.51775,43.83453]]},"properties":{}},{"type":"Feature","geometry":{"type":"LineString","coordinates":[[10.51848,43.84241],[10.51804,43.84242]]},"properties":{}},{"type":"Feature","geometry":{"type":"LineString","coordinates":[[10.51804,43.84242],[10.51843,43.84229]]},"properties":{}},{"type":"Feature","geometry":{"type":"LineString","coordinates":[[10.51836,43.84495],[10.51853,43.84502],[10.519,43.84535]]},"properties":{}},{"type":"Feature","geometry":{"type":"LineString","coordinates":[[10.519,43.84535],[10.51869,43.84519],[10.51836,43.84495]]},"properties":{}},{"type":"Feature","geometry":{"type":"LineString","coordinates":[[10.51843,43.84229],[10.51851,43.84218],[10.51851,43.84187],[10.51859,43.84173],[10.51882,43.84164],[10.5192,43.84163]]},"properties":{}},{"type":"Feature","geometry":{"type":"LineString","coordinates":[[10.51843,43.84229],[10.51851,43.84228],[10.51857,43.84232]]},"properties":{}},{"type":"Feature","geometry":{"type":"LineString","coordinates":[[10.51858,43.84253],[10.51848,43.84241]]},"properties":{}},{"type":"Feature","geometry":{"type":"LineString","coordinates":[[10.51858,43.84236],[10.51848,43.84241]]},"properties":{}},{"type":"Feature","geometry":{"type":"LineString","coordinates":[[10.51857,43.84232],[10.51858,43.84236]]},"properties":{}},{"type":"Feature","geometry":{"type":"LineString","coordinates":[[10.5192,43.84163],[10.51886,43.84169],[10.51869,43.84179],[10.51861,43.84192],[10.51857,43.84232]]},"properties":{}},{"type":"Feature","geometry":{"type":"LineString","coordinates":[[10.51858,43.84236],[10.51858,43.84253]]},"properties":{}},{"type":"Feature","geometry":{"type":"LineString","coordinates":[[10.52271,43.84445],[10.51868,43.8439],[10.51863,43.84385],[10.51858,43.84253]]},"properties":{}},{"type":"Feature","geometry":{"type":"LineString","coordinates":[[10.52464,43.84887],[10.519,43.84535]]},"properties":{}},{"type":"Feature","geometry":{"type":"LineString","coordinates":[[10.5204,43.8414],[10.51972,43.84157],[10.5192,43.84163]]},"properties":{}},{"type":"Feature","geometry":{"type":"LineString","coordinates":[[10.5197,43.69514],[10.51959,43.69494],[10.51983,43.69476],[10.51998,43.69479]]},"properties":{}},{"type":"Feature","geometry":{"type":"LineString","coordinates":[[10.5197,43.69514],[10.51998,43.69479]]},"properties":{}},{"type":"Feature","geometry":{"type":"LineString","coordinates":[[10.51998,43.69479],[10.52052,43.69427],[10.52113,43.69361],[10.52128,43.69352],[10.52289,43.69293],[10.52552,43.69205],[10.5258,43.6919],[10.52673,43.69118],[10.52766,43.69074],[10.5297,43.69018],[10.53983,43.68788],[10.54255,43.68723],[10.5431,43.68702],[10.54587,43.68573]]},"properties":{}},{"type":"Feature","geometry":{"type":"LineString","coordinates":[[10.5219,43.84107],[10.5204,43.8414]]},"properties":{}},{"type":"Feature","geometry":{"type":"LineString","coordinates":[[10.5219,43.84107],[10.52214,43.84216]]},"properties":{}},{"type":"Feature","geometry":{"type":"LineString","coordinates":[[10.52315,43.84081],[10.52272,43.84088],[10.5219,43.84107]]},"properties":{}},{"type":"Feature","geometry":{"type":"LineString","coordinates":[[10.52214,43.84216],[10.52264,43.84336]]},"properties":{}},{"type":"Feature","geometry":{"type":"LineString","coordinates":[[10.52315,43.84081],[10.52322,43.84113],[10.52313,43.84136],[10.52312,43.84186],[10.52315,43.84208],[10.52214,43.84216]]},"properties":{}},{"type":"Feature","geometry":{"type":"LineString","coordinates":[[10.52264,43.84336],[10.52271,43.84445]]},"properties":{}},{"type":"Feature","geometry":{"type":"LineString","coordinates":[[10.52271,43.84445],[10.52391,43.8446],[10.5238,43.84325],[10.52284,43.8433],[10.52264,43.84336]]},"properties":{}},{"type":"Feature","geometry":{"type":"LineString","coordinates":[[10.52798,43.84026],[10.52647,43.84035],[10.5261,43.84041],[10.52517,43.84066],[10.52315,43.84081]]},"properties":{}},{"type":"Feature","geometry":{"type":"LineString","coordinates":[[10.52464,43.84887],[10.525,43.84901],[10.52509,43.84896],[10.52521,43.84878]]},"properties":{}},{"type":"Feature","geometry":{"type":"LineString","coordinates":[[10.52521,43.84878],[10.52528,43.84898],[10.52535,43.84909],[10.52529,43.84919],[10.52518,43.84922],[10.52501,43.84917],[10.52464,43.84887]]},"properties":{}},{"type":"Feature","geometry":{"type":"LineString","coordinates":[[10.52497,43.84518],[10.52522,43.84834],[10.52521,43.84878]]},"properties":{}},{"type":"Feature","geometry":{"type":"LineString","coordinates":[[10.52497,43.84518],[10.52489,43.8449],[10.52484,43.84485],[10.52487,43.84478],[10.52497,43.84475],[10.52534,43.84479]]},"properties":{}},{"type":"Feature","geometry":{"type":"LineString","coordinates":[[10.52534,43.84479],[10.52516,43.84482],[10.52502,43.8449],[10.52497,43.84518]]},"properties":{}},{"type":"Feature","geometry":{"type":"LineString","coordinates":[[10.5286,43.84497],[10.52732,43.84503],[10.52534,43.84479]]},"properties":{}},{"type":"Feature","geometry":{"type":"LineString","coordinates":[[10.52798,43.84026],[10.52835,43.84024],[10.52845,43.84028],[10.52848,43.84035],[10.52839,43.84049],[10.52837,43.84065]]},"properties":{}},{"type":"Feature","geometry":{"type":"LineString","coordinates":[[10.52837,43.84065],[10.52831,43.84046],[10.52822,43.84035],[10.52798,43.84026]]},"properties":{}},{"type":"Feature","geometry":{"type":"LineString","coordinates":[[10.52837,43.84065],[10.52855,43.84195]]},"properties":{}},{"type":"Feature","geometry":{"type":"LineString","coordinates":[[10.52855,43.84195],[10.52866,43.84213],[10.52871,43.84215],[10.52919,43.84221]]},"properties":{}},{"type":"Feature","geometry":{"type":"LineString","coordinates":[[10.52919,43.84221],[10.52873,43.84228],[10.52865,43.84233],[10.52853,43.84233],[10.52845,43.84223],[10.52855,43.84195]]},"properties":{}},{"type":"Feature","geometry":{"type":"LineString","coordinates":[[10.52944,43.84492],[10.5286,43.84497]]},"properties":{}},{"type":"Feature","geometry":{"type":"LineString","coordinates":[[10.5286,43.84497],[10.52895,43.84479],[10.52922,43.84489],[10.52944,43.84492]]},"properties":{}},{"type":"Feature","geometry":{"type":"LineString","coordinates":[[10.52919,43.84221],[10.5299,43.84216],[10.53044,43.84204]]},"properties":{}},{"type":"Feature","geometry":{"type":"LineString","coordinates":[[10.54048,43.84424],[10.53913,43.84433],[10.53667,43.84441],[10.53521,43.84456],[10.53113,43.84479],[10.52944,43.84492]]},"properties":{}},{"type":"Feature","geometry":{"type":"LineString","coordinates":[[10.53044,43.84204],[10.53086,43.84189],[10.5311,43.84173],[10.53167,43.84168]]},"properties":{}},{"type":"Feature","geometry":{"type":"LineString","coordinates":[[10.53167,43.84168],[10.53146,43.8418],[10.53124,43.84198],[10.53085,43.84198],[10.53044,43.84204]]},"properties":{}},{"type":"Feature","geometry":{"type":"LineString","coordinates":[[10.53159,43.74308],[10.53182,43.74327],[10.53227,43.74331],[10.53234,43.7431],[10.53193,43.74313],[10.53159,43.74308]]},"properties":{}},{"type":"Feature","geometry":{"type":"LineString","coordinates":[[10.53358,43.84142],[10.53218,43.84153],[10.53167,43.84168]]},"properties":{}},{"type":"Feature","geometry":{"type":"LineString","coordinates":[[10.53358,43.84142],[10.53397,43.84142],[10.53413,43.84137],[10.53428,43.84144],[10.53428,43.84156],[10.53399,43.84189]]},"properties":{}},{"type":"Feature","geometry":{"type":"LineString","coordinates":[[10.53399,43.84189],[10.53399,43.84161],[10.53394,43.84155],[10.53358,43.84142]]},"properties":{}},{"type":"Feature","geometry":{"type":"LineString","coordinates":[[10.53396,43.84205],[10.53396,43.8423],[10.53403,43.8425],[10.53413,43.84309],[10.53408,43.84316],[10.53398,43.84319],[10.53385,43.84313],[10.53383,43.84305],[10.53369,43.84287],[10.53358,43.84216],[10.53369,43.84207],[10.53396,43.84205]]},"properties":{}},{"type":"Feature","geometry":{"type":"LineString","coordinates":[[10.53399,43.84189],[10.53396,43.84205]]},"properties":{}},{"type":"Feature","geometry":{"type":"LineString","coordinates":[[10.54117,43.84419],[10.54085,43.84435],[10.54048,43.84424]]},"properties":{}},{"type":"Feature","geometry":{"type":"LineString","coordinates":[[10.54048,43.84424],[10.5408,43.84411],[10.54088,43.84411],[10.54097,43.84416],[10.54117,43.84419]]},"properties":{}},{"type":"Feature","geometry":{"type":"LineString","coordinates":[[10.55699,43.84139],[10.5482,43.84304],[10.54532,43.84345],[10.54356,43.84393],[10.54117,43.84419]]},"properties":{}},{"type":"Feature","geometry":{"type":"LineString","coordinates":[[10.54419,43.677],[10.54399,43.67715],[10.5437,43.67715]]},"properties":{}},{"type":"Feature","geometry":{"type":"LineString","coordinates":[[10.5437,43.67715],[10.54389,43.67697],[10.54419,43.677]]},"properties":{}},{"type":"Feature","geometry":{"type":"LineString","coordinates":[[10.54419,43.677],[10.54542,43.67665],[10.54607,43.67659],[10.54685,43.67658]]},"properties":{}},{"type":"Feature","geometry":{"type":"LineString","coordinates":[[10.54587,43.68573],[10.54606,43.6856],[10.54615,43.6855],[10.54628,43.68548],[10.54638,43.68557],[10.54634,43.6857],[10.54636,43.68585]]},"properties":{}},{"type":"Feature","geometry":{"type":"LineString","coordinates":[[10.54636,43.68585],[10.54617,43.68568],[10.54587,43.68573]]},"properties":{}},{"type":"Feature","geometry":{"type":"LineString","coordinates":[[10.54636,43.68585],[10.5466,43.68635]]},"properties":{}},{"type":"Feature","geometry":{"type":"LineString","coordinates":[[10.5466,43.68635],[10.54669,43.68647],[10.54688,43.68655]]},"properties":{}},{"type":"Feature","geometry":{"type":"LineString","coordinates":[[10.5466,43.68635],[10.54665,43.68661],[10.54688,43.68655]]},"properties":{}},{"type":"Feature","geometry":{"type":"LineString","coordinates":[[10.55149,43.6762],[10.55174,43.67789],[10.55164,43.6779],[10.54751,43.6782],[10.54746,43.67815],[10.54742,43.67803],[10.5471,43.6767],[10.54685,43.67658]]},"properties":{}},{"type":"Feature","geometry":{"type":"LineString","coordinates":[[10.54685,43.67658],[10.54705,43.67651],[10.54686,43.67582],[10.54691,43.67574],[10.54889,43.6755],[10.5512,43.67528],[10.55128,43.67529],[10.55134,43.67535],[10.55145,43.67608],[10.55149,43.6762]]},"properties":{}},{"type":"Feature","geometry":{"type":"LineString","coordinates":[[10.54688,43.68655],[10.54755,43.68635],[10.55016,43.68586],[10.55149,43.6853],[10.55172,43.68516],[10.55198,43.68493],[10.55211,43.68488],[10.55239,43.68488],[10.55329,43.68508],[10.554,43.68514],[10.55449,43.68509],[10.55547,43.68476],[10.55586,43.68469],[10.55658,43.68464],[10.5573,43.68474],[10.55758,43.6847],[10.55781,43.68459],[10.55805,43.68437],[10.55825,43.68426],[10.55864,43.68411],[10.55931,43.68396],[10.55962,43.68369],[10.55993,43.6835],[10.56139,43.68294],[10.56166,43.68274],[10.56186,43.6825],[10.56204,43.68234],[10.56262,43.68198],[10.56405,43.68165],[10.56477,43.68128],[10.565,43.68122],[10.56528,43.68125],[10.56556,43.68134],[10.56626,43.68191],[10.56656,43.68206],[10.56668,43.68207],[10.56726,43.68198],[10.56786,43.68213],[10.5687,43.68238],[10.56969,43.68294],[10.57012,43.68305],[10.57083,43.68316],[10.57131,43.68318],[10.5725,43.68308],[10.57297,43.68309],[10.57387,43.68316],[10.57479,43.68309]]},"properties":{}},{"type":"Feature","geometry":{"type":"LineString","coordinates":[[10.57354,43.67107],[10.57219,43.67139],[10.57051,43.67158],[10.56998,43.67177],[10.56894,43.67227],[10.5682,43.67276],[10.56576,43.67423],[10.56556,43.67434],[10.5653,43.67443],[10.563,43.67471],[10.56145,43.67524],[10.56113,43.67531],[10.55893,43.67555],[10.55697,43.67564],[10.5557,43.67587],[10.55389,43.67607],[10.55278,43.67616],[10.55149,43.6762]]},"properties":{}},{"type":"Feature","geometry":{"type":"LineString","coordinates":[[10.55699,43.84139],[10.55728,43.84131],[10.55811,43.84121],[10.55875,43.84122],[10.55931,43.84115],[10.55953,43.84116],[10.56009,43.8413],[10.56902,43.84282],[10.5695,43.84277],[10.57066,43.84229],[10.57108,43.84215],[10.57129,43.84212],[10.5723,43.84216],[10.57343,43.84209],[10.57345,43.84338],[10.57341,43.84413],[10.57383,43.84605],[10.57451,43.84604],[10.57454,43.84757],[10.57475,43.84879],[10.57429,43.84883],[10.57419,43.84891],[10.57418,43.849],[10.57427,43.84998],[10.5743,43.85003],[10.57444,43.85013],[10.57446,43.85021],[10.57439,43.85026],[10.57431,43.85026],[10.57246,43.85124],[10.57185,43.85129],[10.5718,43.85135],[10.57168,43.85138],[10.57157,43.85136],[10.57151,43.85131],[10.57149,43.85121],[10.57156,43.85114],[10.57151,43.85083],[10.57117,43.84726],[10.57106,43.84642],[10.57111,43.8463],[10.57095,43.84627],[10.57015,43.84641],[10.56979,43.84652],[10.56957,43.84665],[10.56939,43.84686],[10.56925,43.84696],[10.56868,43.84711],[10.56857,43.84725],[10.5685,43.84763],[10.56845,43.84852],[10.56841,43.84871],[10.56835,43.84884],[10.56813,43.84897],[10.56798,43.849],[10.56698,43.84913],[10.56684,43.84922],[10.56668,43.84943],[10.56645,43.84959],[10.56626,43.84964],[10.56523,43.84978],[10.56458,43.85016],[10.5642,43.8502],[10.56327,43.85012],[10.56213,43.85007],[10.56147,43.85009],[10.55965,43.85031],[10.55961,43.84909],[10.55899,43.84451],[10.55876,43.8438],[10.55832,43.84271],[10.55826,43.84246],[10.55826,43.84227],[10.5585,43.84188],[10.55853,43.8418],[10.55851,43.84173],[10.55841,43.84162],[10.55821,43.84151],[10.55749,43.8414],[10.55699,43.84139]]},"properties":{}},{"type":"Feature","geometry":{"type":"LineString","coordinates":[[10.58132,43.67062],[10.58131,43.67077],[10.58144,43.67109],[10.58341,43.67484],[10.58345,43.67508],[10.58352,43.67521],[10.58349,43.6753],[10.58339,43.67537],[10.58317,43.67538],[10.58294,43.67517],[10.58283,43.67511],[10.58175,43.67469],[10.5788,43.67404],[10.57806,43.6738],[10.57762,43.67357],[10.57671,43.67302],[10.57539,43.6721],[10.57479,43.67164],[10.57441,43.67144],[10.57422,43.67146],[10.57411,43.67142],[10.57402,43.67134],[10.57399,43.67121],[10.57385,43.67111],[10.57354,43.67107]]},"properties":{}},{"type":"Feature","geometry":{"type":"LineString","coordinates":[[10.57354,43.67107],[10.57369,43.67104],[10.57409,43.67108],[10.57442,43.67101],[10.57476,43.67082],[10.57496,43.67077],[10.57767,43.67022],[10.57794,43.67019],[10.57847,43.67024],[10.57958,43.67057],[10.57983,43.67062],[10.58132,43.67062]]},"properties":{}},{"type":"Feature","geometry":{"type":"LineString","coordinates":[[10.57479,43.68309],[10.57505,43.68296],[10.57516,43.68296],[10.57554,43.68317]]},"properties":{}},{"type":"Feature","geometry":{"type":"LineString","coordinates":[[10.57554,43.68317],[10.57525,43.6831],[10.57479,43.68309]]},"properties":{}},{"type":"Feature","geometry":{"type":"LineString","coordinates":[[10.57554,43.68317],[10.57625,43.68354],[10.57669,43.68391],[10.57966,43.68719],[10.58024,43.68761],[10.58115,43.68819],[10.5814,43.68828],[10.58178,43.68829],[10.58356,43.68811],[10.58399,43.68803]]},"properties":{}},{"type":"Feature","geometry":{"type":"LineString","coordinates":[[10.61262,43.66666],[10.58643,43.66996],[10.58242,43.67043],[10.58132,43.67062]]},"properties":{}},{"type":"Feature","geometry":{"type":"LineString","coordinates":[[10.59068,43.69982],[10.58984,43.70046],[10.58957,43.70056],[10.58379,43.70068],[10.58382,43.70017],[10.58402,43.69942],[10.58395,43.69907],[10.58365,43.69863],[10.58362,43.69854],[10.58363,43.6984],[10.58384,43.69767],[10.58378,43.69478],[10.58362,43.69008]]},"properties":{}},{"type":"Feature","geometry":{"type":"LineString","coordinates":[[10.58362,43.69008],[10.58361,43.68966],[10.58336,43.68965],[10.58288,43.68939],[10.58278,43.68938],[10.58274,43.68942],[10.58275,43.69009],[10.58362,43.69008]]},"properties":{}},{"type":"Feature","geometry":{"type":"LineString","coordinates":[[10.58399,43.68803],[10.58435,43.68773],[10.58445,43.68774],[10.58455,43.68785],[10.58466,43.6879]]},"properties":{}},{"type":"Feature","geometry":{"type":"LineString","coordinates":[[10.58466,43.6879],[10.5844,43.6879],[10.58423,43.68797],[10.58399,43.68803]]},"properties":{}},{"type":"Feature","geometry":{"type":"LineString","coordinates":[[10.58466,43.6879],[10.58606,43.68785]]},"properties":{}},{"type":"Feature","geometry":{"type":"LineString","coordinates":[[10.58657,43.68824],[10.58651,43.68809],[10.5864,43.68794],[10.58627,43.68788],[10.58606,43.68785]]},"properties":{}},{"type":"Feature","geometry":{"type":"LineString","coordinates":[[10.58606,43.68785],[10.58627,43.68781],[10.5864,43.68775],[10.58655,43.68778],[10.58657,43.68783],[10.58654,43.68798],[10.58657,43.68824]]},"properties":{}},{"type":"Feature","geometry":{"type":"LineString","coordinates":[[10.58657,43.68824],[10.58731,43.69254],[10.58745,43.69321],[10.58752,43.69344],[10.58876,43.69659],[10.58901,43.69701],[10.5893,43.69735],[10.5911,43.69899]]},"properties":{}},{"type":"Feature","geometry":{"type":"LineString","coordinates":[[10.59068,43.69982],[10.59109,43.69947],[10.59123,43.69931],[10.59124,43.6992],[10.5911,43.69899]]},"properties":{}},{"type":"Feature","geometry":{"type":"LineString","coordinates":[[10.5911,43.69899],[10.59151,43.69934],[10.59148,43.69946],[10.59136,43.69957],[10.59099,43.69966],[10.59068,43.69982]]},"properties":{}},{"type":"Feature","geometry":{"type":"LineString","coordinates":[[10.61262,43.66666],[10.6132,43.66651],[10.6133,43.66646],[10.61336,43.66637]]},"properties":{}},{"type":"Feature","geometry":{"type":"LineString","coordinates":[[10.61353,43.66656],[10.61262,43.66666]]},"properties":{}},{"type":"Feature","geometry":{"type":"LineString","coordinates":[[10.61353,43.66656],[10.6134,43.66649],[10.61336,43.66637]]},"properties":{}},{"type":"Feature","geometry":{"type":"LineString","coordinates":[[10.61336,43.66637],[10.61343,43.66626],[10.61358,43.6662],[10.61375,43.66622],[10.61387,43.66632],[10.61415,43.66641],[10.61596,43.66621],[10.6161,43.66622]]},"properties":{}},{"type":"Feature","geometry":{"type":"LineString","coordinates":[[10.61354,43.66657],[10.61353,43.66656]]},"properties":{}},{"type":"Feature","geometry":{"type":"LineString","coordinates":[[10.6161,43.66622],[10.61437,43.66645],[10.61401,43.66645],[10.61369,43.66657],[10.61354,43.66657]]},"properties":{}},{"type":"Feature","geometry":{"type":"LineString","coordinates":[[10.61354,43.66657],[10.61369,43.66668],[10.61379,43.66689],[10.61537,43.67232],[10.61541,43.6726],[10.61526,43.67684]]},"properties":{}},{"type":"Feature","geometry":{"type":"LineString","coordinates":[[10.61791,43.66598],[10.6161,43.66622]]},"properties":{}},{"type":"Feature","geometry":{"type":"LineString","coordinates":[[10.61791,43.66598],[10.61801,43.66594],[10.61806,43.66587],[10.61805,43.6657],[10.61807,43.66561],[10.61823,43.66551],[10.61846,43.66553],[10.61855,43.66558],[10.61861,43.66567],[10.61871,43.66576],[10.61889,43.66581],[10.62059,43.66562]]},"properties":{}},{"type":"Feature","geometry":{"type":"LineString","coordinates":[[10.62059,43.66562],[10.62013,43.66571],[10.61896,43.66585],[10.61855,43.66583],[10.61819,43.66596],[10.61791,43.66598]]},"properties":{}},{"type":"Feature","geometry":{"type":"LineString","coordinates":[[10.62347,43.66525],[10.62059,43.66562]]},"properties":{}},{"type":"Feature","geometry":{"type":"LineString","coordinates":[[10.62347,43.66525],[10.62318,43.66392],[10.62693,43.66339],[10.62884,43.66316],[10.62902,43.66304],[10.62904,43.663],[10.62897,43.66288],[10.62901,43.66281],[10.62947,43.66271],[10.62945,43.66249],[10.62951,43.66241],[10.63059,43.66218],[10.63409,43.6617],[10.63467,43.66158],[10.63548,43.66148],[10.63573,43.66148],[10.63778,43.66122]]},"properties":{}},{"type":"Feature","geometry":{"type":"LineString","coordinates":[[10.62381,43.66521],[10.62347,43.66525]]},"properties":{}},{"type":"Feature","geometry":{"type":"LineString","coordinates":[[10.62381,43.66521],[10.62441,43.6651],[10.62488,43.66508],[10.62518,43.665],[10.62558,43.66499]]},"properties":{}},{"type":"Feature","geometry":{"type":"LineString","coordinates":[[10.62558,43.66499],[10.62525,43.66506],[10.62516,43.66513],[10.62512,43.66521],[10.62504,43.66523],[10.62472,43.6652],[10.62381,43.66521]]},"properties":{}},{"type":"Feature","geometry":{"type":"LineString","coordinates":[[10.62861,43.66459],[10.62558,43.66499]]},"properties":{}},{"type":"Feature","geometry":{"type":"LineString","coordinates":[[10.62861,43.66459],[10.6285,43.66385],[10.62852,43.66363],[10.6285,43.66349],[10.62916,43.66341],[10.62937,43.6645],[10.62861,43.66459]]},"properties":{}},{"type":"Feature","geometry":{"type":"LineString","coordinates":[[10.63099,43.6537],[10.63087,43.65315],[10.63048,43.65296],[10.63042,43.65288],[10.63042,43.65281],[10.63049,43.65274],[10.63078,43.65273]]},"properties":{}},{"type":"Feature","geometry":{"type":"LineString","coordinates":[[10.63099,43.6537],[10.63113,43.65392],[10.63127,43.654],[10.63144,43.65405],[10.63153,43.65416],[10.63152,43.6543],[10.63137,43.65446],[10.63137,43.65467]]},"properties":{}},{"type":"Feature","geometry":{"type":"LineString","coordinates":[[10.63137,43.65467],[10.63125,43.65451],[10.63105,43.65437],[10.63097,43.65427],[10.63097,43.65415],[10.63103,43.654],[10.63099,43.6537]]},"properties":{}},{"type":"Feature","geometry":{"type":"LineString","coordinates":[[10.63175,43.6556],[10.63137,43.65467]]},"properties":{}},{"type":"Feature","geometry":{"type":"LineString","coordinates":[[10.63196,43.65614],[10.63175,43.6556]]},"properties":{}},{"type":"Feature","geometry":{"type":"LineString","coordinates":[[10.63384,43.66086],[10.63094,43.66122],[10.63068,43.65988],[10.63049,43.6594],[10.63048,43.6593],[10.62895,43.65924],[10.62864,43.65791],[10.62865,43.65757],[10.6286,43.65753],[10.62865,43.65748],[10.62863,43.6574],[10.62866,43.65606],[10.63027,43.65586],[10.63175,43.6556]]},"properties":{}},{"type":"Feature","geometry":{"type":"LineString","coordinates":[[10.63384,43.66086],[10.63196,43.65614]]},"properties":{}},{"type":"Feature","geometry":{"type":"LineString","coordinates":[[10.63196,43.65614],[10.63438,43.65564],[10.63546,43.65762],[10.63642,43.66054]]},"properties":{}},{"type":"Feature","geometry":{"type":"LineString","coordinates":[[10.63642,43.66054],[10.63384,43.66086]]},"properties":{}},{"type":"Feature","geometry":{"type":"LineString","coordinates":[[10.63881,43.66024],[10.63849,43.65877],[10.63734,43.65712],[10.63553,43.6544]]},"properties":{}},{"type":"Feature","geometry":{"type":"LineString","coordinates":[[10.63553,43.6544],[10.63506,43.65406],[10.63501,43.65392],[10.63504,43.65383],[10.63511,43.65376],[10.63526,43.65371],[10.63542,43.65371],[10.63556,43.65376],[10.63563,43.65384],[10.63566,43.65398],[10.63555,43.65412],[10.63553,43.6544]]},"properties":{}},{"type":"Feature","geometry":{"type":"LineString","coordinates":[[10.63881,43.66024],[10.63642,43.66054]]},"properties":{}},{"type":"Feature","geometry":{"type":"LineString","coordinates":[[10.63778,43.66122],[10.63804,43.66138]]},"properties":{}},{"type":"Feature","geometry":{"type":"LineString","coordinates":[[10.63835,43.66226],[10.63835,43.66245],[10.63828,43.66252],[10.63815,43.66252],[10.63801,43.66238],[10.63759,43.66143],[10.63764,43.66135],[10.63778,43.66122]]},"properties":{}},{"type":"Feature","geometry":{"type":"LineString","coordinates":[[10.63778,43.66122],[10.63814,43.66117]]},"properties":{}},{"type":"Feature","geometry":{"type":"LineString","coordinates":[[10.63804,43.66138],[10.63835,43.66226]]},"properties":{}},{"type":"Feature","geometry":{"type":"LineString","coordinates":[[10.63814,43.66117],[10.63802,43.66125],[10.63804,43.66138]]},"properties":{}},{"type":"Feature","geometry":{"type":"LineString","coordinates":[[10.63814,43.66117],[10.6388,43.66109],[10.63894,43.66103],[10.63881,43.66024]]},"properties":{}},{"type":"Feature","geometry":{"type":"LineString","coordinates":[[10.63835,43.66226],[10.63845,43.66246],[10.63853,43.66254]]},"properties":{}},{"type":"Feature","geometry":{"type":"LineString","coordinates":[[10.67875,43.81646],[10.67856,43.81649]]},"properties":{}},{"type":"Feature","geometry":{"type":"LineString","coordinates":[[10.67869,43.81674],[10.67856,43.81649]]},"properties":{}},{"type":"Feature","geometry":{"type":"LineString","coordinates":[[10.67856,43.81649],[10.67843,43.81642],[10.6784,43.81635],[10.6784,43.8163],[10.67847,43.81621],[10.67868,43.81618],[10.67882,43.81627]]},"properties":{}},{"type":"Feature","geometry":{"type":"LineString","coordinates":[[10.67869,43.81674],[10.67891,43.81747],[10.67895,43.8177],[10.67891,43.81794],[10.67883,43.8182]]},"properties":{}},{"type":"Feature","geometry":{"type":"LineString","coordinates":[[10.67875,43.81646],[10.67871,43.81653],[10.67869,43.81674]]},"properties":{}},{"type":"Feature","geometry":{"type":"LineString","coordinates":[[10.67879,43.81643],[10.67875,43.81646]]},"properties":{}},{"type":"Feature","geometry":{"type":"LineString","coordinates":[[10.67925,43.81644],[10.67894,43.81647],[10.67879,43.81643]]},"properties":{}},{"type":"Feature","geometry":{"type":"LineString","coordinates":[[10.67882,43.81627],[10.67883,43.81633],[10.67879,43.81643]]},"properties":{}},{"type":"Feature","geometry":{"type":"LineString","coordinates":[[10.70479,43.83345],[10.68622,43.82162],[10.68522,43.82101],[10.68416,43.82042],[10.68274,43.81975],[10.68038,43.81886],[10.6788,43.8183]]},"properties":{}},{"type":"Feature","geometry":{"type":"LineString","coordinates":[[10.6788,43.8183],[10.67873,43.81851],[10.67872,43.81865],[10.67881,43.81884],[10.67891,43.81891],[10.67921,43.819],[10.67983,43.81907],[10.68009,43.81917],[10.68166,43.8205],[10.684,43.82225],[10.68512,43.82298],[10.68713,43.82421],[10.68757,43.82458],[10.68789,43.82503],[10.68804,43.82541],[10.68823,43.8262],[10.68872,43.82855],[10.68872,43.82989],[10.68888,43.83062],[10.68906,43.83098],[10.68929,43.83179]]},"properties":{}},{"type":"Feature","geometry":{"type":"LineString","coordinates":[[10.67883,43.8182],[10.6788,43.8183]]},"properties":{}},{"type":"Feature","geometry":{"type":"LineString","coordinates":[[10.67882,43.81627],[10.67888,43.81637],[10.67925,43.81644]]},"properties":{}},{"type":"Feature","geometry":{"type":"LineString","coordinates":[[10.67883,43.8182],[10.68217,43.8194],[10.68323,43.81985],[10.68426,43.82034],[10.68534,43.82094],[10.68632,43.82154],[10.70488,43.83338]]},"properties":{}},{"type":"Feature","geometry":{"type":"LineString","coordinates":[[10.68949,43.8195],[10.68585,43.81842],[10.68485,43.81809],[10.68382,43.81763],[10.68307,43.81712],[10.68224,43.8168],[10.68147,43.81659],[10.68076,43.81648],[10.68002,43.81642],[10.67925,43.81644]]},"properties":{}},{"type":"Feature","geometry":{"type":"LineString","coordinates":[[10.68504,43.88342],[10.685,43.88352],[10.68487,43.8836],[10.68479,43.88361],[10.68462,43.88357],[10.68457,43.88352],[10.68453,43.88342],[10.68457,43.88333],[10.68468,43.88326]]},"properties":{}},{"type":"Feature","geometry":{"type":"LineString","coordinates":[[10.68468,43.88326],[10.68486,43.88297],[10.68648,43.88162],[10.68752,43.88056],[10.68761,43.88047],[10.68771,43.88044]]},"properties":{}},{"type":"Feature","geometry":{"type":"LineString","coordinates":[[10.68468,43.88326],[10.68491,43.88326],[10.685,43.88333],[10.68504,43.88342]]},"properties":{}},{"type":"Feature","geometry":{"type":"LineString","coordinates":[[10.68725,43.88289],[10.68574,43.88314],[10.68522,43.88331],[10.68504,43.88342]]},"properties":{}},{"type":"Feature","geometry":{"type":"LineString","coordinates":[[10.68725,43.88289],[10.68747,43.88278]]},"properties":{}},{"type":"Feature","geometry":{"type":"LineString","coordinates":[[10.68755,43.88287],[10.68725,43.88289]]},"properties":{}},{"type":"Feature","geometry":{"type":"LineString","coordinates":[[10.68755,43.88287],[10.68747,43.88278]]},"properties":{}},{"type":"Feature","geometry":{"type":"LineString","coordinates":[[10.68747,43.88278],[10.68752,43.88271],[10.68766,43.8827]]},"properties":{}},{"type":"Feature","geometry":{"type":"LineString","coordinates":[[10.68759,43.88287],[10.68755,43.88287]]},"properties":{}},{"type":"Feature","geometry":{"type":"LineString","coordinates":[[10.68772,43.88301],[10.68759,43.88287]]},"properties":{}},{"type":"Feature","geometry":{"type":"LineString","coordinates":[[10.68772,43.88281],[10.68767,43.88286],[10.68759,43.88287]]},"properties":{}},{"type":"Feature","geometry":{"type":"LineString","coordinates":[[10.68766,43.8827],[10.68773,43.88276],[10.68772,43.88281]]},"properties":{}},{"type":"Feature","geometry":{"type":"LineString","coordinates":[[10.68771,43.88044],[10.68768,43.88162],[10.68769,43.88258],[10.68766,43.8827]]},"properties":{}},{"type":"Feature","geometry":{"type":"LineString","coordinates":[[10.68771,43.88044],[10.68774,43.88],[10.6878,43.87982],[10.68789,43.87965],[10.68811,43.87943],[10.6882,43.87927],[10.68861,43.87837],[10.69157,43.87435],[10.69195,43.87392],[10.69224,43.87366]]},"properties":{}},{"type":"Feature","geometry":{"type":"LineString","coordinates":[[10.6878,43.88944],[10.68775,43.88815],[10.68772,43.88567],[10.68772,43.88301]]},"properties":{}},{"type":"Feature","geometry":{"type":"LineString","coordinates":[[10.68772,43.88281],[10.68772,43.88301]]},"properties":{}},{"type":"Feature","geometry":{"type":"LineString","coordinates":[[10.68799,43.88982],[10.68784,43.88984],[10.68774,43.8898],[10.68771,43.88968],[10.68778,43.88962]]},"properties":{}},{"type":"Feature","geometry":{"type":"LineString","coordinates":[[10.68778,43.88962],[10.6878,43.88944]]},"properties":{}},{"type":"Feature","geometry":{"type":"LineString","coordinates":[[10.68778,43.88962],[10.68792,43.88959]]},"properties":{}},{"type":"Feature","geometry":{"type":"LineString","coordinates":[[10.6878,43.88944],[10.68783,43.88951],[10.68792,43.88959]]},"properties":{}},{"type":"Feature","geometry":{"type":"LineString","coordinates":[[10.68792,43.88959],[10.68804,43.88966],[10.68806,43.88973]]},"properties":{}},{"type":"Feature","geometry":{"type":"LineString","coordinates":[[10.68819,43.88986],[10.68799,43.88982]]},"properties":{}},{"type":"Feature","geometry":{"type":"LineString","coordinates":[[10.68806,43.88973],[10.68799,43.88982]]},"properties":{}},{"type":"Feature","geometry":{"type":"LineString","coordinates":[[10.68806,43.88973],[10.68819,43.88986]]},"properties":{}},{"type":"Feature","geometry":{"type":"LineString","coordinates":[[10.68819,43.88986],[10.68893,43.89028],[10.68931,43.89064],[10.68954,43.89099],[10.68962,43.8912],[10.68974,43.89164],[10.68974,43.89207],[10.68966,43.89257],[10.68921,43.89423],[10.68875,43.89642],[10.68878,43.89722],[10.68886,43.89804],[10.68895,43.90042],[10.68893,43.90059]]},"properties":{}},{"type":"Feature","geometry":{"type":"LineString","coordinates":[[10.68907,43.83228],[10.68916,43.8322],[10.68927,43.83203],[10.68929,43.83179]]},"properties":{}},{"type":"Feature","geometry":{"type":"LineString","coordinates":[[10.68951,43.83273],[10.68945,43.83265],[10.68922,43.83253]]},"properties":{}},{"type":"Feature","geometry":{"type":"LineString","coordinates":[[10.68929,43.83179],[10.6894,43.83211],[10.68951,43.83273]]},"properties":{}},{"type":"Feature","geometry":{"type":"LineString","coordinates":[[10.68951,43.83273],[10.68956,43.8331],[10.68974,43.83374],[10.69004,43.83427],[10.69025,43.83449],[10.69149,43.83552]]},"properties":{}},{"type":"Feature","geometry":{"type":"LineString","coordinates":[[10.69149,43.83552],[10.69184,43.83566],[10.69238,43.83574],[10.69269,43.83568],[10.69303,43.83551]]},"properties":{}},{"type":"Feature","geometry":{"type":"LineString","coordinates":[[10.69303,43.83551],[10.69261,43.83579],[10.69242,43.83584],[10.69191,43.83573],[10.69149,43.83552]]},"properties":{}},{"type":"Feature","geometry":{"type":"LineString","coordinates":[[10.69245,43.87341],[10.69236,43.87342],[10.69218,43.87338]]},"properties":{}},{"type":"Feature","geometry":{"type":"LineString","coordinates":[[10.69224,43.87366],[10.69218,43.87338]]},"properties":{}},{"type":"Feature","geometry":{"type":"LineString","coordinates":[[10.69218,43.87338],[10.69212,43.87334],[10.69207,43.87324],[10.69214,43.8731],[10.69227,43.87304],[10.6925,43.87306]]},"properties":{}},{"type":"Feature","geometry":{"type":"LineString","coordinates":[[10.69245,43.87341],[10.69224,43.87366]]},"properties":{}},{"type":"Feature","geometry":{"type":"LineString","coordinates":[[10.69262,43.87321],[10.69258,43.87333],[10.69245,43.87341]]},"properties":{}},{"type":"Feature","geometry":{"type":"LineString","coordinates":[[10.6925,43.87306],[10.6928,43.87307]]},"properties":{}},{"type":"Feature","geometry":{"type":"LineString","coordinates":[[10.6925,43.87306],[10.6926,43.87315],[10.69262,43.87321]]},"properties":{}},{"type":"Feature","geometry":{"type":"LineString","coordinates":[[10.6928,43.87307],[10.69262,43.87321]]},"properties":{}},{"type":"Feature","geometry":{"type":"LineString","coordinates":[[10.6928,43.87307],[10.69323,43.87279],[10.69746,43.86958],[10.69803,43.86914],[10.69839,43.86879],[10.69878,43.86825],[10.69896,43.86788],[10.69905,43.86761],[10.69925,43.86624],[10.69933,43.86599],[10.69949,43.8657],[10.69966,43.86547],[10.70404,43.86163],[10.70445,43.86112],[10.70473,43.86066],[10.70491,43.86018],[10.70501,43.85965],[10.705,43.85897],[10.70489,43.85855],[10.70475,43.85819],[10.70399,43.85654],[10.70392,43.85635],[10.70388,43.85587],[10.70391,43.85561],[10.70399,43.85534],[10.70414,43.85508],[10.70441,43.85473],[10.70463,43.85456],[10.70724,43.85298],[10.70793,43.85244],[10.70865,43.85172],[10.70909,43.85114],[10.70932,43.85078],[10.70988,43.84973],[10.71124,43.84693],[10.71141,43.8465]]},"properties":{}},{"type":"Feature","geometry":{"type":"LineString","coordinates":[[10.70474,43.83349],[10.70463,43.83392],[10.70445,43.83409],[10.70423,43.83416],[10.70296,43.83441],[10.70254,43.83446],[10.70213,43.83445],[10.70071,43.83418],[10.69947,43.83408],[10.6988,43.83408],[10.69742,43.83429],[10.69563,43.83472],[10.6937,43.83525],[10.69303,43.83551]]},"properties":{}},{"type":"Feature","geometry":{"type":"LineString","coordinates":[[10.70409,43.83406],[10.7043,43.83393],[10.70474,43.83349]]},"properties":{}},{"type":"Feature","geometry":{"type":"LineString","coordinates":[[10.70474,43.83349],[10.70479,43.83345]]},"properties":{}},{"type":"Feature","geometry":{"type":"LineString","coordinates":[[10.71589,43.84052],[10.70479,43.83345]]},"properties":{}},{"type":"Feature","geometry":{"type":"LineString","coordinates":[[10.70479,43.83345],[10.70488,43.83338]]},"properties":{}},{"type":"Feature","geometry":{"type":"LineString","coordinates":[[10.70488,43.83338],[10.71597,43.84044]]},"properties":{}},{"type":"Feature","geometry":{"type":"LineString","coordinates":[[10.70488,43.83338],[10.70504,43.83326],[10.70529,43.83317],[10.70543,43.83316],[10.70566,43.83324],[10.70577,43.83333],[10.70629,43.83406],[10.7064,43.83417],[10.70744,43.83481],[10.70773,43.83496],[10.70907,43.83535],[10.71329,43.83639],[10.71361,43.83645],[10.71595,43.83673]]},"properties":{}},{"type":"Feature","geometry":{"type":"LineString","coordinates":[[10.71141,43.8465],[10.71147,43.84625]]},"properties":{}},{"type":"Feature","geometry":{"type":"LineString","coordinates":[[10.71164,43.84631],[10.71141,43.8465]]},"properties":{}},{"type":"Feature","geometry":{"type":"LineString","coordinates":[[10.71164,43.84631],[10.71147,43.84625]]},"properties":{}},{"type":"Feature","geometry":{"type":"LineString","coordinates":[[10.71147,43.84625],[10.71142,43.84619],[10.71142,43.84607],[10.71146,43.84602],[10.7116,43.84595]]},"properties":{}},{"type":"Feature","geometry":{"type":"LineString","coordinates":[[10.7116,43.84595],[10.71174,43.8458]]},"properties":{}},{"type":"Feature","geometry":{"type":"LineString","coordinates":[[10.7116,43.84595],[10.71177,43.84596]]},"properties":{}},{"type":"Feature","geometry":{"type":"LineString","coordinates":[[10.71177,43.84596],[10.7119,43.84605],[10.71191,43.84616],[10.71184,43.84626],[10.71164,43.84631]]},"properties":{}},{"type":"Feature","geometry":{"type":"LineString","coordinates":[[10.71174,43.8458],[10.71177,43.84596]]},"properties":{}},{"type":"Feature","geometry":{"type":"LineString","coordinates":[[10.71174,43.8458],[10.71213,43.84511],[10.71237,43.84476],[10.7143,43.84224],[10.71538,43.84096],[10.71589,43.84052]]},"properties":{}},{"type":"Feature","geometry":{"type":"LineString","coordinates":[[10.74376,43.85824],[10.71589,43.84052]]},"properties":{}},{"type":"Feature","geometry":{"type":"LineString","coordinates":[[10.71589,43.84052],[10.71597,43.84044]]},"properties":{}},{"type":"Feature","geometry":{"type":"LineString","coordinates":[[10.71605,43.83675],[10.71595,43.83673]]},"properties":{}},{"type":"Feature","geometry":{"type":"LineString","coordinates":[[10.71595,43.83673],[10.71604,43.8367]]},"properties":{}},{"type":"Feature","geometry":{"type":"LineString","coordinates":[[10.71597,43.84044],[10.73749,43.85414],[10.74385,43.85816]]},"properties":{}},{"type":"Feature","geometry":{"type":"LineString","coordinates":[[10.71597,43.84044],[10.71651,43.83995],[10.71658,43.83984],[10.71662,43.83962],[10.71652,43.83897]]},"properties":{}},{"type":"Feature","geometry":{"type":"LineString","coordinates":[[10.71605,43.83675],[10.71604,43.8367]]},"properties":{}},{"type":"Feature","geometry":{"type":"LineString","coordinates":[[10.71604,43.8367],[10.71612,43.83662],[10.71625,43.83663],[10.7163,43.83671],[10.71626,43.83677],[10.71619,43.8368]]},"properties":{}},{"type":"Feature","geometry":{"type":"LineString","coordinates":[[10.71613,43.83679],[10.71605,43.83675]]},"properties":{}},{"type":"Feature","geometry":{"type":"LineString","coordinates":[[10.71619,43.8368],[10.71613,43.83679]]},"properties":{}},{"type":"Feature","geometry":{"type":"LineString","coordinates":[[10.71614,43.83687],[10.71613,43.83679]]},"properties":{}},{"type":"Feature","geometry":{"type":"LineString","coordinates":[[10.71636,43.83814],[10.71614,43.83687]]},"properties":{}},{"type":"Feature","geometry":{"type":"LineString","coordinates":[[10.71619,43.8368],[10.71614,43.83687]]},"properties":{}},{"type":"Feature","geometry":{"type":"LineString","coordinates":[[10.71636,43.83814],[10.71647,43.83835],[10.71678,43.8387]]},"properties":{}},{"type":"Feature","geometry":{"type":"LineString","coordinates":[[10.71648,43.83875],[10.71636,43.83814]]},"properties":{}},{"type":"Feature","geometry":{"type":"LineString","coordinates":[[10.7167,43.83882],[10.71659,43.83881],[10.71648,43.83875]]},"properties":{}},{"type":"Feature","geometry":{"type":"LineString","coordinates":[[10.71652,43.83897],[10.71648,43.83875]]},"properties":{}},{"type":"Feature","geometry":{"type":"LineString","coordinates":[[10.71648,43.83875],[10.71661,43.83868],[10.71678,43.8387]]},"properties":{}},{"type":"Feature","geometry":{"type":"LineString","coordinates":[[10.7167,43.83882],[10.71652,43.83897]]},"properties":{}},{"type":"Feature","geometry":{"type":"LineString","coordinates":[[10.71695,43.83882],[10.7167,43.83882]]},"properties":{}},{"type":"Feature","geometry":{"type":"LineString","coordinates":[[10.71678,43.8387],[10.71695,43.83882]]},"properties":{}},{"type":"Feature","geometry":{"type":"LineString","coordinates":[[10.71695,43.83882],[10.71731,43.83904],[10.71743,43.83917],[10.71745,43.83944],[10.71738,43.83999],[10.71744,43.84014],[10.71925,43.84203],[10.71954,43.84219],[10.71982,43.84225]]},"properties":{}},{"type":"Feature","geometry":{"type":"LineString","coordinates":[[10.72009,43.84221],[10.71998,43.84229],[10.71982,43.84225]]},"properties":{}},{"type":"Feature","geometry":{"type":"LineString","coordinates":[[10.71982,43.84225],[10.71979,43.8422],[10.7198,43.84214],[10.71992,43.84207],[10.72007,43.84212],[10.72009,43.84221]]},"properties":{}},{"type":"Feature","geometry":{"type":"LineString","coordinates":[[10.72009,43.84221],[10.72116,43.84173],[10.72151,43.84159],[10.72193,43.84148],[10.72549,43.84095],[10.7258,43.84088],[10.72605,43.84078],[10.72624,43.84067],[10.72646,43.84043],[10.72655,43.84027],[10.72661,43.84009],[10.72665,43.83946]]},"properties":{}},{"type":"Feature","geometry":{"type":"LineString","coordinates":[[10.72671,43.83932],[10.72659,43.83932]]},"properties":{}},{"type":"Feature","geometry":{"type":"LineString","coordinates":[[10.72665,43.83946],[10.72659,43.83932]]},"properties":{}},{"type":"Feature","geometry":{"type":"LineString","coordinates":[[10.72659,43.83932],[10.72649,43.83923],[10.72654,43.83912],[10.72667,43.83908],[10.72677,43.83911],[10.72682,43.83916]]},"properties":{}},{"type":"Feature","geometry":{"type":"LineString","coordinates":[[10.72671,43.83932],[10.72665,43.83946]]},"properties":{}},{"type":"Feature","geometry":{"type":"LineString","coordinates":[[10.7268,43.83927],[10.72671,43.83932]]},"properties":{}},{"type":"Feature","geometry":{"type":"LineString","coordinates":[[10.72682,43.83916],[10.7268,43.83927]]},"properties":{}},{"type":"Feature","geometry":{"type":"LineString","coordinates":[[10.72709,43.83923],[10.7268,43.83927]]},"properties":{}},{"type":"Feature","geometry":{"type":"LineString","coordinates":[[10.72682,43.83916],[10.72709,43.83923]]},"properties":{}},{"type":"Feature","geometry":{"type":"LineString","coordinates":[[10.72709,43.83923],[10.73268,43.83935],[10.74451,43.83969],[10.74705,43.83955],[10.74768,43.83955],[10.74807,43.8396],[10.74826,43.83965],[10.74842,43.83974],[10.74881,43.84012],[10.74898,43.84035],[10.749,43.84047],[10.74896,43.84072],[10.74887,43.84228],[10.74873,43.84248],[10.74858,43.84262],[10.74782,43.84319],[10.74759,43.84339],[10.74754,43.84348],[10.74731,43.84421],[10.74723,43.84456],[10.74708,43.84559],[10.74686,43.84674],[10.74647,43.84839],[10.74626,43.84906],[10.74625,43.84924],[10.74629,43.84947],[10.74654,43.85007],[10.74662,43.8504],[10.74666,43.85122],[10.74665,43.85211],[10.74671,43.85239]]},"properties":{}},{"type":"Feature","geometry":{"type":"LineString","coordinates":[[10.73227,43.87534],[10.73217,43.8753],[10.73211,43.87523],[10.73212,43.87515],[10.73217,43.87508]]},"properties":{}},{"type":"Feature","geometry":{"type":"LineString","coordinates":[[10.73217,43.87508],[10.73223,43.87483]]},"properties":{}},{"type":"Feature","geometry":{"type":"LineString","coordinates":[[10.73217,43.87508],[10.73235,43.87505]]},"properties":{}},{"type":"Feature","geometry":{"type":"LineString","coordinates":[[10.73223,43.87483],[10.73235,43.87505]]},"properties":{}},{"type":"Feature","geometry":{"type":"LineString","coordinates":[[10.73223,43.87483],[10.73236,43.87428],[10.73269,43.8737],[10.73298,43.87337],[10.73347,43.8729],[10.73392,43.87254],[10.73494,43.87197],[10.73559,43.87153],[10.736,43.87114],[10.73704,43.86996],[10.73754,43.86946],[10.73872,43.86862],[10.73911,43.86829],[10.73924,43.86815],[10.73974,43.86739],[10.73994,43.86701],[10.74027,43.86626],[10.74035,43.86594],[10.74038,43.86562]]},"properties":{}},{"type":"Feature","geometry":{"type":"LineString","coordinates":[[10.73235,43.87534],[10.73227,43.87534]]},"properties":{}},{"type":"Feature","geometry":{"type":"LineString","coordinates":[[10.73376,43.87784],[10.73333,43.87774],[10.73286,43.87758],[10.73237,43.87746],[10.73169,43.87737],[10.73127,43.87736],[10.73171,43.87645],[10.73206,43.87551],[10.73212,43.87542],[10.73227,43.87534]]},"properties":{}},{"type":"Feature","geometry":{"type":"LineString","coordinates":[[10.73397,43.87775],[10.73392,43.87757],[10.73285,43.87615],[10.73266,43.87554],[10.73235,43.87534]]},"properties":{}},{"type":"Feature","geometry":{"type":"LineString","coordinates":[[10.73235,43.87505],[10.73246,43.87509],[10.73252,43.87519],[10.73247,43.87529],[10.73235,43.87534]]},"properties":{}},{"type":"Feature","geometry":{"type":"LineString","coordinates":[[10.73386,43.87789],[10.73376,43.87784]]},"properties":{}},{"type":"Feature","geometry":{"type":"LineString","coordinates":[[10.73376,43.87784],[10.73376,43.87779],[10.73381,43.87773],[10.7339,43.87772],[10.73397,43.87775]]},"properties":{}},{"type":"Feature","geometry":{"type":"LineString","coordinates":[[10.73397,43.87786],[10.73386,43.87789]]},"properties":{}},{"type":"Feature","geometry":{"type":"LineString","coordinates":[[10.73411,43.87815],[10.73398,43.87808],[10.73386,43.87789]]},"properties":{}},{"type":"Feature","geometry":{"type":"LineString","coordinates":[[10.73397,43.87786],[10.73399,43.878],[10.73411,43.87815]]},"properties":{}},{"type":"Feature","geometry":{"type":"LineString","coordinates":[[10.73397,43.87775],[10.734,43.87781],[10.73397,43.87786]]},"properties":{}},{"type":"Feature","geometry":{"type":"LineString","coordinates":[[10.73748,43.87894],[10.737,43.87898],[10.73575,43.87896],[10.73533,43.87892],[10.73518,43.87887],[10.73488,43.8787],[10.73411,43.87815]]},"properties":{}},{"type":"Feature","geometry":{"type":"LineString","coordinates":[[10.73748,43.87894],[10.73769,43.87884]]},"properties":{}},{"type":"Feature","geometry":{"type":"LineString","coordinates":[[10.73773,43.87893],[10.73748,43.87894]]},"properties":{}},{"type":"Feature","geometry":{"type":"LineString","coordinates":[[10.73773,43.87893],[10.73769,43.87884]]},"properties":{}},{"type":"Feature","geometry":{"type":"LineString","coordinates":[[10.73769,43.87884],[10.73774,43.87878],[10.73782,43.87876],[10.73795,43.87881]]},"properties":{}},{"type":"Feature","geometry":{"type":"LineString","coordinates":[[10.73794,43.87891],[10.73782,43.87896],[10.73773,43.87893]]},"properties":{}},{"type":"Feature","geometry":{"type":"LineString","coordinates":[[10.73795,43.87881],[10.73794,43.87891]]},"properties":{}},{"type":"Feature","geometry":{"type":"LineString","coordinates":[[10.73831,43.87891],[10.73794,43.87891]]},"properties":{}},{"type":"Feature","geometry":{"type":"LineString","coordinates":[[10.73795,43.87881],[10.73831,43.87891]]},"properties":{}},{"type":"Feature","geometry":{"type":"LineString","coordinates":[[10.74764,43.88242],[10.74654,43.8815],[10.74643,43.88136],[10.74626,43.88084],[10.74608,43.88056],[10.74542,43.87991],[10.74452,43.87921],[10.74412,43.87895],[10.74339,43.87856],[10.74283,43.87839],[10.74246,43.87836],[10.7407,43.87851],[10.73923,43.87892],[10.73831,43.87891]]},"properties":{}},{"type":"Feature","geometry":{"type":"LineString","coordinates":[[10.74038,43.86562],[10.74036,43.86555],[10.74039,43.86522]]},"properties":{}},{"type":"Feature","geometry":{"type":"LineString","coordinates":[[10.74051,43.86529],[10.74038,43.86562]]},"properties":{}},{"type":"Feature","geometry":{"type":"LineString","coordinates":[[10.74051,43.86529],[10.74043,43.86528],[10.74039,43.86522]]},"properties":{}},{"type":"Feature","geometry":{"type":"LineString","coordinates":[[10.74039,43.86522],[10.74042,43.86517]]},"properties":{}},{"type":"Feature","geometry":{"type":"LineString","coordinates":[[10.74042,43.86517],[10.74045,43.86492]]},"properties":{}},{"type":"Feature","geometry":{"type":"LineString","coordinates":[[10.74042,43.86517],[10.74053,43.86515]]},"properties":{}},{"type":"Feature","geometry":{"type":"LineString","coordinates":[[10.74045,43.86492],[10.74048,43.86509],[10.74053,43.86515]]},"properties":{}},{"type":"Feature","geometry":{"type":"LineString","coordinates":[[10.74045,43.86492],[10.74056,43.86423],[10.74108,43.86303],[10.74151,43.86214],[10.74168,43.86138],[10.74223,43.85991],[10.74273,43.859],[10.74332,43.85859],[10.74376,43.85824]]},"properties":{}},{"type":"Feature","geometry":{"type":"LineString","coordinates":[[10.74055,43.86527],[10.74051,43.86529]]},"properties":{}},{"type":"Feature","geometry":{"type":"LineString","coordinates":[[10.74053,43.86515],[10.74058,43.86518]]},"properties":{}},{"type":"Feature","geometry":{"type":"LineString","coordinates":[[10.74098,43.86538],[10.74055,43.86527]]},"properties":{}},{"type":"Feature","geometry":{"type":"LineString","coordinates":[[10.74058,43.86518],[10.74059,43.86523],[10.74055,43.86527]]},"properties":{}},{"type":"Feature","geometry":{"type":"LineString","coordinates":[[10.74058,43.86518],[10.74098,43.86538]]},"properties":{}},{"type":"Feature","geometry":{"type":"LineString","coordinates":[[10.74098,43.86538],[10.74194,43.8658],[10.74329,43.8663],[10.74557,43.86698],[10.74591,43.86712],[10.74734,43.86796],[10.74776,43.86816],[10.75264,43.86937],[10.75352,43.86954]]},"properties":{}},{"type":"Feature","geometry":{"type":"LineString","coordinates":[[10.76643,43.87121],[10.76409,43.87048],[10.76258,43.86995],[10.76174,43.86957],[10.76093,43.86914],[10.75675,43.86654],[10.75181,43.86336],[10.74376,43.85824]]},"properties":{}},{"type":"Feature","geometry":{"type":"LineString","coordinates":[[10.74376,43.85824],[10.74385,43.85816]]},"properties":{}},{"type":"Feature","geometry":{"type":"LineString","coordinates":[[10.74385,43.85816],[10.74598,43.85953],[10.76096,43.86904],[10.76184,43.86951],[10.76277,43.86992],[10.76412,43.87039],[10.76645,43.87112]]},"properties":{}},{"type":"Feature","geometry":{"type":"LineString","coordinates":[[10.74385,43.85816],[10.74448,43.85759],[10.74463,43.85738],[10.7446,43.85711],[10.74438,43.85676],[10.74433,43.85661],[10.74436,43.85651],[10.74462,43.85604],[10.74477,43.85583],[10.745,43.85559],[10.7458,43.8549],[10.74614,43.85457],[10.74665,43.85344]]},"properties":{}},{"type":"Feature","geometry":{"type":"LineString","coordinates":[[10.74699,43.8532],[10.74678,43.85319],[10.7466,43.85309]]},"properties":{}},{"type":"Feature","geometry":{"type":"LineString","coordinates":[[10.74665,43.85344],[10.74666,43.85325],[10.7466,43.85309]]},"properties":{}},{"type":"Feature","geometry":{"type":"LineString","coordinates":[[10.7466,43.85309],[10.74653,43.853],[10.74652,43.85287],[10.74659,43.85275],[10.74668,43.85268]]},"properties":{}},{"type":"Feature","geometry":{"type":"LineString","coordinates":[[10.74699,43.8532],[10.74677,43.85331],[10.74665,43.85344]]},"properties":{}},{"type":"Feature","geometry":{"type":"LineString","coordinates":[[10.74668,43.85268],[10.74675,43.85254],[10.74671,43.85239]]},"properties":{}},{"type":"Feature","geometry":{"type":"LineString","coordinates":[[10.74668,43.85268],[10.74686,43.85263],[10.74699,43.85264]]},"properties":{}},{"type":"Feature","geometry":{"type":"LineString","coordinates":[[10.74671,43.85239],[10.74699,43.85264]]},"properties":{}},{"type":"Feature","geometry":{"type":"LineString","coordinates":[[10.74699,43.85264],[10.7472,43.85273],[10.74729,43.85284],[10.74731,43.85293],[10.74722,43.85309],[10.74699,43.8532]]},"properties":{}},{"type":"Feature","geometry":{"type":"LineString","coordinates":[[10.74764,43.88242],[10.74794,43.88268]]},"properties":{}},{"type":"Feature","geometry":{"type":"LineString","coordinates":[[10.74778,43.88275],[10.74764,43.88242]]},"properties":{}},{"type":"Feature","geometry":{"type":"LineString","coordinates":[[10.748,43.88289],[10.74788,43.8829],[10.74781,43.88287],[10.74778,43.88281],[10.74778,43.88275]]},"properties":{}},{"type":"Feature","geometry":{"type":"LineString","coordinates":[[10.74778,43.88275],[10.74783,43.8827],[10.74794,43.88268]]},"properties":{}},{"type":"Feature","geometry":{"type":"LineString","coordinates":[[10.74794,43.88268],[10.74806,43.88273],[10.74808,43.8828]]},"properties":{}},{"type":"Feature","geometry":{"type":"LineString","coordinates":[[10.74826,43.88294],[10.748,43.88289]]},"properties":{}},{"type":"Feature","geometry":{"type":"LineString","coordinates":[[10.74808,43.8828],[10.748,43.88289]]},"properties":{}},{"type":"Feature","geometry":{"type":"LineString","coordinates":[[10.74808,43.8828],[10.74826,43.88294]]},"properties":{}},{"type":"Feature","geometry":{"type":"LineString","coordinates":[[10.75941,43.88629],[10.759,43.88634],[10.7574,43.88628],[10.75675,43.88629],[10.75632,43.88632],[10.7554,43.88625],[10.75514,43.88618],[10.75238,43.88532],[10.7514,43.88483],[10.75054,43.88451],[10.74994,43.88421],[10.74943,43.88391],[10.74826,43.88294]]},"properties":{}},{"type":"Feature","geometry":{"type":"LineString","coordinates":[[10.75368,43.86957],[10.75352,43.86954]]},"properties":{}},{"type":"Feature","geometry":{"type":"LineString","coordinates":[[10.75352,43.86954],[10.75371,43.86949]]},"properties":{}},{"type":"Feature","geometry":{"type":"LineString","coordinates":[[10.75404,43.86962],[10.75397,43.86967],[10.75387,43.8697],[10.75376,43.86967],[10.75368,43.86957]]},"properties":{}},{"type":"Feature","geometry":{"type":"LineString","coordinates":[[10.75368,43.86957],[10.75371,43.86949]]},"properties":{}},{"type":"Feature","geometry":{"type":"LineString","coordinates":[[10.75371,43.86949],[10.75383,43.86943],[10.75393,43.86943],[10.75402,43.86947],[10.75406,43.86954]]},"properties":{}},{"type":"Feature","geometry":{"type":"LineString","coordinates":[[10.75423,43.86967],[10.75404,43.86962]]},"properties":{}},{"type":"Feature","geometry":{"type":"LineString","coordinates":[[10.75406,43.86954],[10.75404,43.86962]]},"properties":{}},{"type":"Feature","geometry":{"type":"LineString","coordinates":[[10.75406,43.86954],[10.75423,43.86967]]},"properties":{}},{"type":"Feature","geometry":{"type":"LineString","coordinates":[[10.75638,43.87018],[10.75625,43.87019],[10.75597,43.87015],[10.7544,43.86974],[10.75423,43.86967]]},"properties":{}},{"type":"Feature","geometry":{"type":"LineString","coordinates":[[10.75944,43.88643],[10.75871,43.88636],[10.75753,43.88634],[10.75656,43.88635],[10.75636,43.88641]]},"properties":{}},{"type":"Feature","geometry":{"type":"LineString","coordinates":[[10.75658,43.87019],[10.75638,43.87018]]},"properties":{}},{"type":"Feature","geometry":{"type":"LineString","coordinates":[[10.75638,43.87018],[10.75652,43.87009]]},"properties":{}},{"type":"Feature","geometry":{"type":"LineString","coordinates":[[10.75658,43.87019],[10.75652,43.87009]]},"properties":{}},{"type":"Feature","geometry":{"type":"LineString","coordinates":[[10.75652,43.87009],[10.75653,43.87003],[10.75658,43.86998],[10.75671,43.86994],[10.75682,43.86996],[10.75705,43.87018],[10.75721,43.87026],[10.75767,43.87034],[10.75774,43.87044]]},"properties":{}},{"type":"Feature","geometry":{"type":"LineString","coordinates":[[10.75771,43.87054],[10.75756,43.87062],[10.75746,43.87061],[10.75714,43.87033],[10.75702,43.87027],[10.75665,43.87023],[10.75658,43.87019]]},"properties":{}},{"type":"Feature","geometry":{"type":"LineString","coordinates":[[10.75774,43.87044],[10.75771,43.87054]]},"properties":{}},{"type":"Feature","geometry":{"type":"LineString","coordinates":[[10.75791,43.87053],[10.75771,43.87054]]},"properties":{}},{"type":"Feature","geometry":{"type":"LineString","coordinates":[[10.75774,43.87044],[10.75791,43.87053]]},"properties":{}},{"type":"Feature","geometry":{"type":"LineString","coordinates":[[10.76545,43.87174],[10.75791,43.87053]]},"properties":{}},{"type":"Feature","geometry":{"type":"LineString","coordinates":[[10.75944,43.88643],[10.75941,43.88629]]},"properties":{}},{"type":"Feature","geometry":{"type":"LineString","coordinates":[[10.75941,43.88629],[10.76005,43.8862],[10.76034,43.88612],[10.76102,43.88604]]},"properties":{}},{"type":"Feature","geometry":{"type":"LineString","coordinates":[[10.76017,43.88644],[10.76006,43.88647],[10.75944,43.88643]]},"properties":{}},{"type":"Feature","geometry":{"type":"LineString","coordinates":[[10.77647,43.88416],[10.77721,43.88601],[10.77741,43.88628],[10.77753,43.88639],[10.77803,43.88706],[10.77812,43.88733],[10.7781,43.88744],[10.77825,43.88819],[10.77869,43.88884],[10.77874,43.88911],[10.77857,43.89003],[10.77843,43.89042],[10.7782,43.89068],[10.77795,43.89087],[10.77755,43.89108],[10.77709,43.89125],[10.77517,43.89182],[10.77452,43.89195],[10.77388,43.89199],[10.77303,43.89195],[10.76963,43.89152],[10.76891,43.89129],[10.76847,43.89108],[10.76767,43.8905],[10.76732,43.89015],[10.76633,43.88931],[10.76469,43.88805],[10.76379,43.88764],[10.76159,43.88676],[10.76131,43.88668],[10.76017,43.88644]]},"properties":{}},{"type":"Feature","geometry":{"type":"LineString","coordinates":[[10.76102,43.88604],[10.76088,43.88612],[10.76021,43.8863],[10.76017,43.88644]]},"properties":{}},{"type":"Feature","geometry":{"type":"LineString","coordinates":[[10.76102,43.88604],[10.76475,43.88546],[10.76614,43.88515],[10.76709,43.88486],[10.76971,43.88376],[10.77055,43.8855],[10.77185,43.88519],[10.77195,43.88512],[10.77195,43.88504],[10.7715,43.88429],[10.772,43.8839]]},"properties":{}},{"type":"Feature","geometry":{"type":"LineString","coordinates":[[10.7647,43.88278],[10.76463,43.88283],[10.76457,43.88294],[10.76448,43.88295],[10.76442,43.8829],[10.76443,43.88284],[10.76451,43.88276],[10.76456,43.88265],[10.76461,43.88263]]},"properties":{}},{"type":"Feature","geometry":{"type":"LineString","coordinates":[[10.76461,43.88263],[10.76464,43.88251]]},"properties":{}},{"type":"Feature","geometry":{"type":"LineString","coordinates":[[10.76461,43.88263],[10.76468,43.88263]]},"properties":{}},{"type":"Feature","geometry":{"type":"LineString","coordinates":[[10.76464,43.88251],[10.76468,43.88263]]},"properties":{}},{"type":"Feature","geometry":{"type":"LineString","coordinates":[[10.76464,43.88251],[10.76469,43.88191],[10.76476,43.88167],[10.76489,43.88144],[10.76504,43.88128],[10.76532,43.88106],[10.76679,43.8802],[10.7688,43.87974]]},"properties":{}},{"type":"Feature","geometry":{"type":"LineString","coordinates":[[10.76468,43.88263],[10.76475,43.88269]]},"properties":{}},{"type":"Feature","geometry":{"type":"LineString","coordinates":[[10.76475,43.88269],[10.7647,43.88278]]},"properties":{}},{"type":"Feature","geometry":{"type":"LineString","coordinates":[[10.76497,43.88273],[10.7647,43.88278]]},"properties":{}},{"type":"Feature","geometry":{"type":"LineString","coordinates":[[10.76475,43.88269],[10.76497,43.88273]]},"properties":{}},{"type":"Feature","geometry":{"type":"LineString","coordinates":[[10.77532,43.88085],[10.7746,43.88103],[10.77437,43.88114],[10.77417,43.88103],[10.77405,43.88102],[10.76497,43.88273]]},"properties":{}},{"type":"Feature","geometry":{"type":"LineString","coordinates":[[10.76524,43.8629],[10.76511,43.86293],[10.76499,43.8629],[10.76493,43.86282],[10.76493,43.86274],[10.76499,43.86267],[10.76513,43.86264],[10.76523,43.86266],[10.76532,43.86275]]},"properties":{}},{"type":"Feature","geometry":{"type":"LineString","coordinates":[[10.76532,43.86275],[10.76531,43.86283],[10.76524,43.8629]]},"properties":{}},{"type":"Feature","geometry":{"type":"LineString","coordinates":[[10.76623,43.86284],[10.766,43.86278],[10.76581,43.86277],[10.76524,43.8629]]},"properties":{}},{"type":"Feature","geometry":{"type":"LineString","coordinates":[[10.76532,43.86275],[10.76546,43.86279],[10.76591,43.86273],[10.76641,43.8628],[10.76653,43.86272],[10.76673,43.86246]]},"properties":{}},{"type":"Feature","geometry":{"type":"LineString","coordinates":[[10.76719,43.87201],[10.76545,43.87174]]},"properties":{}},{"type":"Feature","geometry":{"type":"LineString","coordinates":[[10.76545,43.87174],[10.76567,43.8717],[10.76601,43.87175],[10.76615,43.87172],[10.7663,43.8716],[10.76643,43.87121]]},"properties":{}},{"type":"Feature","geometry":{"type":"LineString","coordinates":[[10.76658,43.86278],[10.76643,43.86285],[10.76623,43.86284]]},"properties":{}},{"type":"Feature","geometry":{"type":"LineString","coordinates":[[10.76647,43.86317],[10.76638,43.86299],[10.76623,43.86284]]},"properties":{}},{"type":"Feature","geometry":{"type":"LineString","coordinates":[[10.76744,43.87152],[10.76643,43.87121]]},"properties":{}},{"type":"Feature","geometry":{"type":"LineString","coordinates":[[10.76643,43.87121],[10.76645,43.87112]]},"properties":{}},{"type":"Feature","geometry":{"type":"LineString","coordinates":[[10.76645,43.87112],[10.76749,43.87144]]},"properties":{}},{"type":"Feature","geometry":{"type":"LineString","coordinates":[[10.76645,43.87112],[10.76693,43.86953],[10.76698,43.86884],[10.76693,43.86857]]},"properties":{}},{"type":"Feature","geometry":{"type":"LineString","coordinates":[[10.76702,43.86814],[10.76705,43.86637],[10.76671,43.86439],[10.76647,43.86317]]},"properties":{}},{"type":"Feature","geometry":{"type":"LineString","coordinates":[[10.76658,43.86278],[10.76647,43.86317]]},"properties":{}},{"type":"Feature","geometry":{"type":"LineString","coordinates":[[10.76673,43.86246],[10.76658,43.86278]]},"properties":{}},{"type":"Feature","geometry":{"type":"LineString","coordinates":[[10.76693,43.86172],[10.7669,43.86209],[10.76673,43.86246]]},"properties":{}},{"type":"Feature","geometry":{"type":"LineString","coordinates":[[10.76705,43.86143],[10.7668,43.86144]]},"properties":{}},{"type":"Feature","geometry":{"type":"LineString","coordinates":[[10.76693,43.86172],[10.7669,43.86158],[10.7668,43.86144]]},"properties":{}},{"type":"Feature","geometry":{"type":"LineString","coordinates":[[10.7668,43.86144],[10.76657,43.86134],[10.76651,43.86123],[10.7665,43.86115],[10.76653,43.86105],[10.76663,43.86095],[10.76688,43.86088],[10.76713,43.86094],[10.76724,43.86103],[10.76728,43.8611],[10.76729,43.86121],[10.76722,43.86133],[10.76705,43.86143]]},"properties":{}},{"type":"Feature","geometry":{"type":"LineString","coordinates":[[10.76716,43.86855],[10.76705,43.86858],[10.76693,43.86857]]},"properties":{}},{"type":"Feature","geometry":{"type":"LineString","coordinates":[[10.76693,43.86857],[10.76685,43.86851],[10.76682,43.86843],[10.76686,43.86836],[10.76696,43.86831]]},"properties":{}},{"type":"Feature","geometry":{"type":"LineString","coordinates":[[10.76705,43.86143],[10.76693,43.86172]]},"properties":{}},{"type":"Feature","geometry":{"type":"LineString","coordinates":[[10.76696,43.86831],[10.76702,43.86814]]},"properties":{}},{"type":"Feature","geometry":{"type":"LineString","coordinates":[[10.76696,43.86831],[10.76713,43.86832]]},"properties":{}},{"type":"Feature","geometry":{"type":"LineString","coordinates":[[10.76702,43.86814],[10.76713,43.86832]]},"properties":{}},{"type":"Feature","geometry":{"type":"LineString","coordinates":[[10.76713,43.86832],[10.76721,43.8684]]},"properties":{}},{"type":"Feature","geometry":{"type":"LineString","coordinates":[[10.76739,43.86856],[10.76716,43.86855]]},"properties":{}},{"type":"Feature","geometry":{"type":"LineString","coordinates":[[10.76721,43.8684],[10.76722,43.86848],[10.76716,43.86855]]},"properties":{}},{"type":"Feature","geometry":{"type":"LineString","coordinates":[[10.76723,43.87226],[10.76719,43.87201]]},"properties":{}},{"type":"Feature","geometry":{"type":"LineString","coordinates":[[10.76719,43.87201],[10.76724,43.87185],[10.76744,43.87152]]},"properties":{}},{"type":"Feature","geometry":{"type":"LineString","coordinates":[[10.76721,43.8684],[10.76739,43.86856]]},"properties":{}},{"type":"Feature","geometry":{"type":"LineString","coordinates":[[10.76723,43.87239],[10.76723,43.87226]]},"properties":{}},{"type":"Feature","geometry":{"type":"LineString","coordinates":[[10.76723,43.87226],[10.76733,43.87214],[10.76747,43.87209]]},"properties":{}},{"type":"Feature","geometry":{"type":"LineString","coordinates":[[10.76769,43.87211],[10.7678,43.87217],[10.76786,43.87226],[10.76785,43.87241],[10.76777,43.87249],[10.76765,43.87254],[10.76746,43.87254],[10.76732,43.87249],[10.76723,43.87239]]},"properties":{}},{"type":"Feature","geometry":{"type":"LineString","coordinates":[[10.76907,43.87966],[10.76853,43.87822],[10.76837,43.87766],[10.76749,43.87515],[10.76723,43.87239]]},"properties":{}},{"type":"Feature","geometry":{"type":"LineString","coordinates":[[10.76766,43.87126],[10.76774,43.87112],[10.76779,43.87089],[10.76791,43.86925],[10.76787,43.86908],[10.76775,43.86886],[10.76739,43.86856]]},"properties":{}},{"type":"Feature","geometry":{"type":"LineString","coordinates":[[10.76753,43.87155],[10.76744,43.87152]]},"properties":{}},{"type":"Feature","geometry":{"type":"LineString","coordinates":[[10.76744,43.87152],[10.76749,43.87144]]},"properties":{}},{"type":"Feature","geometry":{"type":"LineString","coordinates":[[10.76753,43.87155],[10.76732,43.87194],[10.76733,43.87201],[10.76747,43.87209]]},"properties":{}},{"type":"Feature","geometry":{"type":"LineString","coordinates":[[10.76747,43.87209],[10.76769,43.87211]]},"properties":{}},{"type":"Feature","geometry":{"type":"LineString","coordinates":[[10.76749,43.87144],[10.76757,43.87147]]},"properties":{}},{"type":"Feature","geometry":{"type":"LineString","coordinates":[[10.76749,43.87144],[10.76766,43.87126]]},"properties":{}},{"type":"Feature","geometry":{"type":"LineString","coordinates":[[10.91845,43.91397],[10.91143,43.91485],[10.90952,43.91496],[10.90752,43.91495],[10.86331,43.91133],[10.86194,43.91113],[10.86127,43.91097],[10.86035,43.91067],[10.85945,43.91026],[10.85512,43.90805],[10.85403,43.90762],[10.85317,43.90738],[10.85248,43.90722],[10.85121,43.90704],[10.85045,43.90698],[10.84953,43.90696],[10.844,43.90722],[10.84319,43.90722],[10.84196,43.90711],[10.84133,43.907],[10.84036,43.90676],[10.83976,43.90655],[10.83072,43.90277],[10.82971,43.90226],[10.8293,43.90199],[10.82888,43.90165],[10.8285,43.90128],[10.82812,43.90079],[10.8278,43.90021],[10.82763,43.89977],[10.82659,43.89526],[10.82639,43.89314],[10.82621,43.89259],[10.82608,43.89235],[10.82578,43.89195],[10.82555,43.89172],[10.82515,43.89139],[10.82341,43.89025],[10.82285,43.88985],[10.82232,43.88943],[10.81064,43.87818],[10.80988,43.87747],[10.80945,43.87714],[10.80898,43.87685],[10.80861,43.87668],[10.80802,43.87647],[10.80732,43.8763],[10.80671,43.87621],[10.80597,43.87618],[10.78701,43.87698],[10.78624,43.87698],[10.7851,43.87689],[10.78385,43.87663],[10.76753,43.87155]]},"properties":{}},{"type":"Feature","geometry":{"type":"LineString","coordinates":[[10.76757,43.87147],[10.76753,43.87155]]},"properties":{}},{"type":"Feature","geometry":{"type":"LineString","coordinates":[[10.76757,43.87147],[10.78388,43.87655],[10.78514,43.8768],[10.78626,43.8769],[10.80623,43.8761],[10.80682,43.87613],[10.80766,43.87628],[10.8085,43.87653],[10.80905,43.87678],[10.80953,43.87706],[10.80998,43.87739],[10.81228,43.87957],[10.82145,43.88845],[10.82261,43.88953],[10.8231,43.88992],[10.82535,43.89142],[10.8257,43.89172],[10.82594,43.89198],[10.82624,43.89241],[10.82648,43.89298],[10.82655,43.89343],[10.82669,43.89508],[10.82677,43.89556],[10.82775,43.89975],[10.82786,43.90005],[10.82804,43.90039],[10.82837,43.90086],[10.82874,43.90127],[10.82916,43.90162],[10.82973,43.90195],[10.83974,43.90641],[10.8403,43.90663],[10.84093,43.90682],[10.84193,43.90702],[10.84324,43.90713],[10.84408,43.90712],[10.84957,43.90687],[10.85058,43.9069],[10.85124,43.90695],[10.85251,43.90714],[10.85339,43.90734],[10.85397,43.90751],[10.85515,43.90795],[10.85979,43.91032],[10.86042,43.91059],[10.86108,43.91082],[10.86172,43.91099],[10.86238,43.91112],[10.86311,43.91122],[10.90765,43.91485],[10.90943,43.91487],[10.91143,43.91475],[10.91845,43.91387]]},"properties":{}},{"type":"Feature","geometry":{"type":"LineString","coordinates":[[10.76766,43.87126],[10.76757,43.87147]]},"properties":{}},{"type":"Feature","geometry":{"type":"LineString","coordinates":[[10.76769,43.87211],[10.76915,43.87239],[10.77034,43.87268],[10.77042,43.87274],[10.77149,43.87297],[10.77195,43.8731],[10.77233,43.87327],[10.77245,43.87337]]},"properties":{}},{"type":"Feature","geometry":{"type":"LineString","coordinates":[[10.76905,43.87972],[10.7688,43.87974]]},"properties":{}},{"type":"Feature","geometry":{"type":"LineString","coordinates":[[10.7688,43.87974],[10.76906,43.87967]]},"properties":{}},{"type":"Feature","geometry":{"type":"LineString","coordinates":[[10.76937,43.87964],[10.76934,43.8797],[10.76916,43.87976],[10.76908,43.87975],[10.76905,43.87972]]},"properties":{}},{"type":"Feature","geometry":{"type":"LineString","coordinates":[[10.76905,43.87972],[10.76906,43.87967]]},"properties":{}},{"type":"Feature","geometry":{"type":"LineString","coordinates":[[10.76906,43.87967],[10.76907,43.87966]]},"properties":{}},{"type":"Feature","geometry":{"type":"LineString","coordinates":[[10.76907,43.87966],[10.76929,43.8796],[10.76937,43.87964]]},"properties":{}},{"type":"Feature","geometry":{"type":"LineString","coordinates":[[10.76937,43.87964],[10.76953,43.87956],[10.77117,43.87912],[10.77246,43.87874],[10.77279,43.87862]]},"properties":{}},{"type":"Feature","geometry":{"type":"LineString","coordinates":[[10.77191,43.88384],[10.772,43.8839]]},"properties":{}},{"type":"Feature","geometry":{"type":"LineString","coordinates":[[10.772,43.8839],[10.77326,43.88475],[10.77346,43.88464],[10.77647,43.88416]]},"properties":{}},{"type":"Feature","geometry":{"type":"LineString","coordinates":[[10.77245,43.87337],[10.77271,43.87353]]},"properties":{}},{"type":"Feature","geometry":{"type":"LineString","coordinates":[[10.7726,43.87359],[10.77245,43.87337]]},"properties":{}},{"type":"Feature","geometry":{"type":"LineString","coordinates":[[10.77265,43.87372],[10.77259,43.87365],[10.7726,43.87359]]},"properties":{}},{"type":"Feature","geometry":{"type":"LineString","coordinates":[[10.7726,43.87359],[10.77271,43.87353]]},"properties":{}},{"type":"Feature","geometry":{"type":"LineString","coordinates":[[10.77273,43.87374],[10.77265,43.87372]]},"properties":{}},{"type":"Feature","geometry":{"type":"LineString","coordinates":[[10.77269,43.87388],[10.77265,43.87372]]},"properties":{}},{"type":"Feature","geometry":{"type":"LineString","coordinates":[[10.77269,43.87388],[10.77318,43.87674],[10.77318,43.87699],[10.77303,43.87771],[10.77286,43.87846],[10.77279,43.87862]]},"properties":{}},{"type":"Feature","geometry":{"type":"LineString","coordinates":[[10.77273,43.87374],[10.77269,43.87388]]},"properties":{}},{"type":"Feature","geometry":{"type":"LineString","coordinates":[[10.77271,43.87353],[10.77281,43.87353],[10.77288,43.8736]]},"properties":{}},{"type":"Feature","geometry":{"type":"LineString","coordinates":[[10.77286,43.8737],[10.77273,43.87374]]},"properties":{}},{"type":"Feature","geometry":{"type":"LineString","coordinates":[[10.77279,43.87862],[10.7734,43.87852],[10.77457,43.87847],[10.77498,43.87852]]},"properties":{}},{"type":"Feature","geometry":{"type":"LineString","coordinates":[[10.77288,43.8736],[10.77286,43.8737]]},"properties":{}},{"type":"Feature","geometry":{"type":"LineString","coordinates":[[10.77314,43.87374],[10.77286,43.8737]]},"properties":{}},{"type":"Feature","geometry":{"type":"LineString","coordinates":[[10.77288,43.8736],[10.77314,43.87374]]},"properties":{}},{"type":"Feature","geometry":{"type":"LineString","coordinates":[[10.77314,43.87374],[10.77553,43.87504],[10.77586,43.87515],[10.77632,43.87521]]},"properties":{}},{"type":"Feature","geometry":{"type":"LineString","coordinates":[[10.77544,43.87841],[10.77546,43.87845],[10.77543,43.8785],[10.77535,43.87853],[10.7751,43.87856],[10.77498,43.87852]]},"properties":{}},{"type":"Feature","geometry":{"type":"LineString","coordinates":[[10.77498,43.87852],[10.77499,43.87844],[10.77506,43.87841],[10.77533,43.87837],[10.77544,43.87841]]},"properties":{}},{"type":"Feature","geometry":{"type":"LineString","coordinates":[[10.77532,43.88085],[10.77528,43.88106],[10.77531,43.88118],[10.77647,43.88416]]},"properties":{}},{"type":"Feature","geometry":{"type":"LineString","coordinates":[[10.7795,43.88045],[10.77532,43.88085]]},"properties":{}},{"type":"Feature","geometry":{"type":"LineString","coordinates":[[10.77657,43.87566],[10.77649,43.87577],[10.77637,43.8761],[10.7763,43.87619],[10.77577,43.87722],[10.77561,43.87768],[10.77549,43.87836],[10.77544,43.87841]]},"properties":{}},{"type":"Feature","geometry":{"type":"LineString","coordinates":[[10.77657,43.87566],[10.77635,43.87565],[10.77617,43.87553],[10.77614,43.87544],[10.77616,43.87535],[10.77622,43.87526],[10.77632,43.87521]]},"properties":{}},{"type":"Feature","geometry":{"type":"LineString","coordinates":[[10.77632,43.87521],[10.77645,43.87518],[10.7766,43.87519],[10.7767,43.87523],[10.77679,43.87532],[10.77682,43.87545],[10.77678,43.87555],[10.77657,43.87566]]},"properties":{}},{"type":"Feature","geometry":{"type":"LineString","coordinates":[[10.77647,43.88416],[10.78263,43.88311],[10.78311,43.88308]]},"properties":{}},{"type":"Feature","geometry":{"type":"LineString","coordinates":[[10.7795,43.88045],[10.78127,43.88012],[10.78184,43.87991]]},"properties":{}},{"type":"Feature","geometry":{"type":"LineString","coordinates":[[10.78197,43.88009],[10.78124,43.88022],[10.7795,43.88045]]},"properties":{}},{"type":"Feature","geometry":{"type":"LineString","coordinates":[[10.78197,43.88009],[10.78187,43.88009],[10.7818,43.88005],[10.78178,43.87997],[10.78184,43.87991]]},"properties":{}},{"type":"Feature","geometry":{"type":"LineString","coordinates":[[10.78184,43.87991],[10.78226,43.87977],[10.78236,43.87977],[10.78243,43.87982],[10.78244,43.87991],[10.78238,43.87999],[10.7821,43.88006]]},"properties":{}},{"type":"Feature","geometry":{"type":"LineString","coordinates":[[10.7821,43.88006],[10.78197,43.88009]]},"properties":{}},{"type":"Feature","geometry":{"type":"LineString","coordinates":[[10.78326,43.88303],[10.78333,43.88287],[10.78303,43.88218],[10.78224,43.88016],[10.7821,43.88006]]},"properties":{}},{"type":"Feature","geometry":{"type":"LineString","coordinates":[[10.78326,43.88303],[10.78335,43.88306],[10.78338,43.88312],[10.78337,43.88319],[10.78329,43.88324],[10.78313,43.88322],[10.78308,43.88314],[10.78311,43.88308]]},"properties":{}},{"type":"Feature","geometry":{"type":"LineString","coordinates":[[10.78311,43.88308],[10.78326,43.88303]]},"properties":{}},{"type":"Feature","geometry":{"type":"LineString","coordinates":[[10.88001,44.0],[10.88009,43.99994],[10.8801,43.99929],[10.88021,43.99901],[10.88017,43.99884],[10.88002,43.99876],[10.87987,43.99873],[10.87962,43.99881],[10.87896,43.99937],[10.87882,43.99952],[10.87867,43.99959],[10.8784,43.99962],[10.87813,43.99956],[10.87798,43.9995],[10.87795,43.99939],[10.87797,43.99935],[10.87824,43.99923],[10.87846,43.99921],[10.87864,43.99913],[10.87873,43.99901],[10.87882,43.99867],[10.87887,43.99857],[10.87898,43.99848],[10.87933,43.99829],[10.87968,43.99801],[10.87984,43.99793],[10.87992,43.99783],[10.88005,43.99753],[10.88027,43.99737],[10.88068,43.99719],[10.88068,43.99708],[10.88056,43.99699],[10.88036,43.99702],[10.87967,43.99741],[10.8794,43.99773],[10.87916,43.99787],[10.87851,43.9981],[10.87804,43.99838],[10.87776,43.99834],[10.87748,43.99825],[10.87725,43.99826],[10.87714,43.99824],[10.87706,43.99817],[10.87705,43.99812],[10.8772,43.998],[10.87754,43.99805],[10.87788,43.99802],[10.87828,43.9977],[10.87837,43.99754],[10.87846,43.99726],[10.87855,43.99675],[10.87843,43.99666],[10.87817,43.99669],[10.87812,43.99664],[10.87812,43.99658],[10.87822,43.99652],[10.87855,43.99638],[10.87873,43.99625],[10.87908,43.99618],[10.87943,43.99605],[10.88001,43.99539],[10.88005,43.9953],[10.88008,43.99501],[10.88033,43.99463],[10.88062,43.99447],[10.88182,43.99432],[10.88248,43.99404],[10.88261,43.99404],[10.88296,43.99414],[10.88462,43.99405],[10.8849,43.99409],[10.88539,43.9945],[10.88554,43.99451],[10.88558,43.99446],[10.88557,43.99439],[10.88506,43.99401],[10.88504,43.99394],[10.88522,43.99388],[10.88557,43.99395],[10.8857,43.99394],[10.88576,43.99386],[10.88576,43.99382],[10.88569,43.99375],[10.88529,43.99363],[10.88477,43.99361],[10.8844,43.99352],[10.88396,43.99356],[10.88377,43.99348],[10.88369,43.99336],[10.88372,43.99325],[10.88381,43.99316],[10.88456,43.99261],[10.88466,43.99242],[10.88476,43.99195],[10.88487,43.99177],[10.88522,43.99158],[10.88536,43.99146],[10.88536,43.99125],[10.88521,43.99114],[10.88507,43.99113],[10.88493,43.99107],[10.88489,43.99098],[10.88492,43.99089],[10.8851,43.99081],[10.8856,43.99074],[10.88614,43.99075],[10.88644,43.99065],[10.88688,43.99056],[10.88709,43.9904],[10.88724,43.99041],[10.88734,43.9905],[10.88735,43.99072],[10.88748,43.99103],[10.88756,43.99156],[10.88764,43.99163],[10.88782,43.9916],[10.88832,43.99127],[10.88847,43.99112],[10.88844,43.9907],[10.88838,43.99031],[10.88822,43.98969],[10.8882,43.98906],[10.88822,43.98889],[10.88836,43.98846],[10.88834,43.98817],[10.88845,43.98813],[10.88854,43.98819],[10.88857,43.98831],[10.88853,43.98858],[10.88857,43.98877],[10.8887,43.98895],[10.88883,43.98902],[10.88897,43.98905],[10.88924,43.98901],[10.88935,43.98894],[10.88949,43.98874],[10.88952,43.98852],[10.88947,43.98839],[10.88885,43.98721],[10.88883,43.98708],[10.8889,43.98696],[10.8899,43.98594],[10.89036,43.98576],[10.88958,43.98456],[10.88938,43.98433],[10.88902,43.98405],[10.88871,43.98391],[10.88809,43.98372],[10.88795,43.98364],[10.88777,43.98349],[10.88768,43.98336],[10.88753,43.98306],[10.88744,43.98268],[10.88738,43.98155],[10.88724,43.98095],[10.88713,43.98016],[10.88713,43.97972],[10.88726,43.97848],[10.88733,43.97826],[10.88758,43.9778],[10.88791,43.97728],[10.8881,43.97708],[10.88856,43.97673]]},"properties":{}},{"type":"Feature","geometry":{"type":"LineString","coordinates":[[10.88154,44.0],[10.88136,43.99961],[10.88133,43.99932],[10.88125,43.99925],[10.88113,43.99923],[10.88099,43.99926],[10.88091,43.99935],[10.88089,43.99946],[10.88091,43.99988],[10.88086,44.0]]},"properties":{}},{"type":"Feature","geometry":{"type":"LineString","coordinates":[[10.88566,43.96401],[10.88568,43.96393],[10.88574,43.9639],[10.88581,43.96391],[10.88588,43.96397],[10.88587,43.96402],[10.88581,43.96406],[10.88574,43.96406],[10.88566,43.96401]]},"properties":{}},{"type":"Feature","geometry":{"type":"LineString","coordinates":[[10.89052,43.96337],[10.88956,43.96363],[10.88853,43.96433],[10.88758,43.96488],[10.88615,43.9652],[10.88566,43.96401]]},"properties":{}},{"type":"Feature","geometry":{"type":"LineString","coordinates":[[10.88856,43.97673],[10.88873,43.97655],[10.88894,43.97641],[10.88914,43.97638]]},"properties":{}},{"type":"Feature","geometry":{"type":"LineString","coordinates":[[10.88856,43.97673],[10.88914,43.97638]]},"properties":{}},{"type":"Feature","geometry":{"type":"LineString","coordinates":[[10.88914,43.97638],[10.88974,43.97601],[10.89042,43.97522],[10.89088,43.97458],[10.8917,43.97389],[10.89194,43.97285],[10.89252,43.97176],[10.89255,43.97164],[10.89481,43.96785],[10.89499,43.96759],[10.89592,43.96643],[10.89727,43.96509],[10.89732,43.965],[10.8974,43.96476],[10.89776,43.96297],[10.89809,43.96197],[10.89822,43.96143],[10.89855,43.95852],[10.89866,43.95837],[10.89929,43.958],[10.89958,43.95753]]},"properties":{}},{"type":"Feature","geometry":{"type":"LineString","coordinates":[[10.89052,43.96337],[10.89065,43.96328],[10.89068,43.96324],[10.89068,43.96313],[10.89076,43.96307],[10.89093,43.96306],[10.89104,43.96315]]},"properties":{}},{"type":"Feature","geometry":{"type":"LineString","coordinates":[[10.89104,43.96322],[10.89092,43.96331],[10.89052,43.96337]]},"properties":{}},{"type":"Feature","geometry":{"type":"LineString","coordinates":[[10.89104,43.96315],[10.89104,43.96322]]},"properties":{}},{"type":"Feature","geometry":{"type":"LineString","coordinates":[[10.89471,43.96164],[10.8946,43.96147],[10.89442,43.96139],[10.89416,43.96137],[10.89396,43.96142],[10.89328,43.96183],[10.89188,43.96254],[10.89159,43.9628],[10.89122,43.96292],[10.8911,43.96302],[10.89104,43.96315]]},"properties":{}},{"type":"Feature","geometry":{"type":"LineString","coordinates":[[10.89104,43.96322],[10.89113,43.96341],[10.89146,43.96342],[10.89288,43.963],[10.89342,43.96261],[10.89384,43.96244],[10.89475,43.96184],[10.89477,43.96174]]},"properties":{}},{"type":"Feature","geometry":{"type":"LineString","coordinates":[[10.89477,43.96174],[10.89471,43.96164]]},"properties":{}},{"type":"Feature","geometry":{"type":"LineString","coordinates":[[10.89471,43.96164],[10.8948,43.96154],[10.89497,43.96155],[10.89508,43.96137],[10.89548,43.96006],[10.89555,43.95994],[10.89559,43.9597]]},"properties":{}},{"type":"Feature","geometry":{"type":"LineString","coordinates":[[10.89559,43.9597],[10.89563,43.95988],[10.89571,43.96131],[10.89496,43.96175],[10.89486,43.96177],[10.89477,43.96174]]},"properties":{}},{"type":"Feature","geometry":{"type":"LineString","coordinates":[[10.89787,43.95679],[10.89662,43.95714],[10.89629,43.95732],[10.89601,43.95757],[10.89589,43.95776],[10.89579,43.95808],[10.89559,43.9597]]},"properties":{}},{"type":"Feature","geometry":{"type":"LineString","coordinates":[[10.89871,43.95657],[10.89787,43.95679]]},"properties":{}},{"type":"Feature","geometry":{"type":"LineString","coordinates":[[10.89951,43.95749],[10.89831,43.95684],[10.89805,43.95678],[10.89787,43.95679]]},"properties":{}},{"type":"Feature","geometry":{"type":"LineString","coordinates":[[10.89871,43.95657],[10.89907,43.95711],[10.89931,43.95736],[10.89951,43.95749]]},"properties":{}},{"type":"Feature","geometry":{"type":"LineString","coordinates":[[10.89871,43.95657],[10.89936,43.95639],[10.89957,43.95625],[10.89965,43.95615],[10.89969,43.95602],[10.89967,43.95589],[10.89959,43.95577],[10.89935,43.95563],[10.89909,43.95562],[10.89889,43.95565],[10.89868,43.9558],[10.89859,43.95592],[10.89857,43.95607],[10.89862,43.95639],[10.89871,43.95657]]},"properties":{}},{"type":"Feature","geometry":{"type":"LineString","coordinates":[[10.89906,43.93964],[10.90062,43.93952]]},"properties":{}},{"type":"Feature","geometry":{"type":"LineString","coordinates":[[10.89951,43.95749],[10.89958,43.95753]]},"properties":{}},{"type":"Feature","geometry":{"type":"LineString","coordinates":[[10.89958,43.95753],[10.90042,43.95797],[10.90143,43.95836],[10.90173,43.95846],[10.90185,43.95847],[10.90145,43.95468],[10.90138,43.95435]]},"properties":{}},{"type":"Feature","geometry":{"type":"LineString","coordinates":[[10.89958,43.95753],[10.90033,43.95627],[10.90138,43.95435]]},"properties":{}},{"type":"Feature","geometry":{"type":"LineString","coordinates":[[10.90041,43.92939],[10.90062,43.93952]]},"properties":{}},{"type":"Feature","geometry":{"type":"LineString","coordinates":[[10.90041,43.92939],[10.90039,43.92889],[10.90048,43.92878],[10.90069,43.92877],[10.90119,43.92899]]},"properties":{}},{"type":"Feature","geometry":{"type":"LineString","coordinates":[[10.90119,43.92899],[10.90066,43.92905],[10.90049,43.92922],[10.90041,43.92939]]},"properties":{}},{"type":"Feature","geometry":{"type":"LineString","coordinates":[[10.90062,43.93952],[10.90072,43.94442]]},"properties":{}},{"type":"Feature","geometry":{"type":"LineString","coordinates":[[10.90072,43.94442],[10.90072,43.94466],[10.90079,43.94471],[10.90081,43.94478],[10.90076,43.94487],[10.90076,43.94514]]},"properties":{}},{"type":"Feature","geometry":{"type":"LineString","coordinates":[[10.90076,43.94514],[10.90057,43.94491],[10.90046,43.94486],[10.90043,43.94478],[10.90045,43.9447],[10.90062,43.94458],[10.90072,43.94442]]},"properties":{}},{"type":"Feature","geometry":{"type":"LineString","coordinates":[[10.90076,43.94514],[10.90092,43.95273],[10.90097,43.95304],[10.90111,43.95362],[10.90138,43.95435]]},"properties":{}},{"type":"Feature","geometry":{"type":"LineString","coordinates":[[10.90119,43.92899],[10.90626,43.92996]]},"properties":{}},{"type":"Feature","geometry":{"type":"LineString","coordinates":[[10.90138,43.95435],[10.90319,43.9511]]},"properties":{}},{"type":"Feature","geometry":{"type":"LineString","coordinates":[[10.90319,43.9511],[10.90354,43.95134]]},"properties":{}},{"type":"Feature","geometry":{"type":"LineString","coordinates":[[10.90319,43.9511],[10.90366,43.95031],[10.90461,43.94855]]},"properties":{}},{"type":"Feature","geometry":{"type":"LineString","coordinates":[[10.90419,43.93632],[10.90425,43.93467],[10.9043,43.9346],[10.90568,43.93424],[10.90591,43.93451],[10.90677,43.93509],[10.90737,43.93531],[10.9079,43.9352],[10.90935,43.9348],[10.90934,43.93471],[10.90882,43.93366],[10.90871,43.9335],[10.90752,43.93377],[10.90702,43.93276],[10.90701,43.93267],[10.90731,43.93253],[10.90809,43.93235],[10.90814,43.93224],[10.90757,43.93107],[10.90706,43.93032],[10.90689,43.93014],[10.90676,43.93007]]},"properties":{}},{"type":"Feature","geometry":{"type":"LineString","coordinates":[[10.91349,43.94022],[10.91283,43.94027],[10.9126,43.94034],[10.9125,43.94063],[10.9116,43.94189],[10.91133,43.94282],[10.91121,43.94382],[10.91125,43.94404],[10.91135,43.94409],[10.91138,43.94418],[10.9113,43.94426],[10.91109,43.94429],[10.91093,43.94439],[10.9109,43.94445],[10.91087,43.9448],[10.91098,43.94527],[10.91098,43.94591],[10.9109,43.94611],[10.91023,43.94728],[10.91009,43.9477],[10.90991,43.94802],[10.90959,43.94797],[10.9091,43.94813],[10.90883,43.94812],[10.90874,43.94805],[10.90851,43.94746],[10.90842,43.94741],[10.90832,43.94742],[10.90827,43.94748],[10.90814,43.94808],[10.9079,43.94901],[10.90781,43.94906],[10.90549,43.9488],[10.90461,43.94855]]},"properties":{}},{"type":"Feature","geometry":{"type":"LineString","coordinates":[[10.90461,43.94855],[10.90517,43.94752],[10.90642,43.94536],[10.90671,43.94517],[10.9067,43.94511],[10.90662,43.94501],[10.90664,43.94492],[10.90713,43.94409],[10.91031,43.93835],[10.91036,43.93815],[10.91028,43.93765],[10.91037,43.93721]]},"properties":{}},{"type":"Feature","geometry":{"type":"LineString","coordinates":[[10.90626,43.92996],[10.90643,43.92996],[10.90657,43.92992]]},"properties":{}},{"type":"Feature","geometry":{"type":"LineString","coordinates":[[10.9066,43.93005],[10.90626,43.92996]]},"properties":{}},{"type":"Feature","geometry":{"type":"LineString","coordinates":[[10.9066,43.93005],[10.90657,43.92992]]},"properties":{}},{"type":"Feature","geometry":{"type":"LineString","coordinates":[[10.90657,43.92992],[10.90658,43.92984],[10.90664,43.92979]]},"properties":{}},{"type":"Feature","geometry":{"type":"LineString","coordinates":[[10.90676,43.93007],[10.9066,43.93005]]},"properties":{}},{"type":"Feature","geometry":{"type":"LineString","coordinates":[[10.90664,43.92979],[10.90668,43.92968]]},"properties":{}},{"type":"Feature","geometry":{"type":"LineString","coordinates":[[10.90664,43.92979],[10.90674,43.92979]]},"properties":{}},{"type":"Feature","geometry":{"type":"LineString","coordinates":[[10.90668,43.92968],[10.90674,43.92979]]},"properties":{}},{"type":"Feature","geometry":{"type":"LineString","coordinates":[[10.90668,43.92968],[10.90672,43.92935],[10.90648,43.92811],[10.90648,43.92799],[10.90653,43.92782],[10.90663,43.92767],[10.90681,43.92753],[10.90697,43.92745],[10.90758,43.92733],[10.90857,43.92726],[10.9105,43.92746],[10.91101,43.92748],[10.91276,43.92727]]},"properties":{}},{"type":"Feature","geometry":{"type":"LineString","coordinates":[[10.90674,43.92979],[10.9068,43.92982],[10.90683,43.92993]]},"properties":{}},{"type":"Feature","geometry":{"type":"LineString","coordinates":[[10.90683,43.92993],[10.9068,43.93003],[10.90676,43.93007]]},"properties":{}},{"type":"Feature","geometry":{"type":"LineString","coordinates":[[10.90683,43.92993],[10.90696,43.93011],[10.90793,43.93032],[10.91169,43.93175]]},"properties":{}},{"type":"Feature","geometry":{"type":"LineString","coordinates":[[10.91037,43.93721],[10.90975,43.93561],[10.90976,43.93557],[10.90983,43.93553],[10.91253,43.93544]]},"properties":{}},{"type":"Feature","geometry":{"type":"LineString","coordinates":[[10.91247,43.93586],[10.91239,43.93603],[10.9119,43.93658],[10.91139,43.937],[10.91128,43.93703],[10.91101,43.93695],[10.91066,43.93697],[10.91049,43.93701],[10.91041,43.9371],[10.91037,43.93721]]},"properties":{}},{"type":"Feature","geometry":{"type":"LineString","coordinates":[[10.91169,43.93175],[10.91494,43.93298],[10.91408,43.93463],[10.91369,43.93483],[10.91324,43.93527],[10.91268,43.9357]]},"properties":{}},{"type":"Feature","geometry":{"type":"LineString","coordinates":[[10.91169,43.93175],[10.91168,43.93205],[10.9118,43.9326],[10.91201,43.9334],[10.91246,43.93483],[10.91268,43.9357]]},"properties":{}},{"type":"Feature","geometry":{"type":"LineString","coordinates":[[10.91253,43.93544],[10.91242,43.93481],[10.91193,43.93327],[10.91168,43.93223],[10.91164,43.93185],[10.91169,43.93175]]},"properties":{}},{"type":"Feature","geometry":{"type":"LineString","coordinates":[[10.91169,43.93175],[10.91191,43.93123]]},"properties":{}},{"type":"Feature","geometry":{"type":"LineString","coordinates":[[10.91191,43.93123],[10.912,43.93112],[10.91237,43.93104],[10.91392,43.93096],[10.91394,43.93094],[10.91369,43.92959],[10.91376,43.92953],[10.91468,43.92944],[10.91472,43.92939],[10.91469,43.92931]]},"properties":{}},{"type":"Feature","geometry":{"type":"LineString","coordinates":[[10.91511,43.93091],[10.91241,43.93104],[10.91203,43.93112],[10.91191,43.93123]]},"properties":{}},{"type":"Feature","geometry":{"type":"LineString","coordinates":[[10.91283,43.93603],[10.9126,43.93602],[10.91253,43.93596],[10.91247,43.93586]]},"properties":{}},{"type":"Feature","geometry":{"type":"LineString","coordinates":[[10.91253,43.93544],[10.91247,43.93586]]},"properties":{}},{"type":"Feature","geometry":{"type":"LineString","coordinates":[[10.91265,43.93826],[10.91322,43.93851],[10.91368,43.93855],[10.91358,43.93996],[10.91361,43.94012]]},"properties":{}},{"type":"Feature","geometry":{"type":"LineString","coordinates":[[10.91268,43.9357],[10.91271,43.93582],[10.91283,43.93603]]},"properties":{}},{"type":"Feature","geometry":{"type":"LineString","coordinates":[[10.91271,43.93771],[10.91279,43.93734],[10.91299,43.93702],[10.91324,43.93673],[10.91283,43.93603]]},"properties":{}},{"type":"Feature","geometry":{"type":"LineString","coordinates":[[10.91374,43.92425],[10.91303,43.92424],[10.91259,43.92429],[10.91252,43.92441],[10.91223,43.92463],[10.91212,43.92482],[10.91151,43.92699],[10.91152,43.92709],[10.91175,43.92729],[10.91256,43.92721],[10.91276,43.92727]]},"properties":{}},{"type":"Feature","geometry":{"type":"LineString","coordinates":[[10.91276,43.92727],[10.91348,43.92718],[10.91391,43.92718]]},"properties":{}},{"type":"Feature","geometry":{"type":"LineString","coordinates":[[10.91283,43.93603],[10.91313,43.93599],[10.91378,43.93599],[10.91397,43.93594],[10.91443,43.93578],[10.91494,43.93552],[10.9153,43.9353],[10.9154,43.93519],[10.91618,43.93534]]},"properties":{}},{"type":"Feature","geometry":{"type":"LineString","coordinates":[[10.91324,43.93795],[10.91653,43.93814]]},"properties":{}},{"type":"Feature","geometry":{"type":"LineString","coordinates":[[10.91827,43.9243],[10.91815,43.92424],[10.91809,43.92411],[10.91775,43.92275],[10.91646,43.92253],[10.91616,43.92335],[10.91602,43.92389],[10.91606,43.92441],[10.91595,43.92552],[10.91412,43.92554],[10.914,43.92551],[10.91391,43.92537],[10.91384,43.92434],[10.91379,43.92427]]},"properties":{}},{"type":"Feature","geometry":{"type":"LineString","coordinates":[[10.91391,43.92718],[10.91403,43.92719]]},"properties":{}},{"type":"Feature","geometry":{"type":"LineString","coordinates":[[10.91391,43.92718],[10.91394,43.92709],[10.91402,43.92706],[10.91451,43.92712]]},"properties":{}},{"type":"Feature","geometry":{"type":"LineString","coordinates":[[10.91454,43.92735],[10.91442,43.92736],[10.91434,43.92728],[10.91403,43.92719]]},"properties":{}},{"type":"Feature","geometry":{"type":"LineString","coordinates":[[10.91403,43.92719],[10.91449,43.92718]]},"properties":{}},{"type":"Feature","geometry":{"type":"LineString","coordinates":[[10.91449,43.92718],[10.91458,43.92723],[10.91458,43.92731]]},"properties":{}},{"type":"Feature","geometry":{"type":"LineString","coordinates":[[10.91451,43.92712],[10.91449,43.92718]]},"properties":{}},{"type":"Feature","geometry":{"type":"LineString","coordinates":[[10.91451,43.92712],[10.91495,43.92717],[10.91501,43.92729]]},"properties":{}},{"type":"Feature","geometry":{"type":"LineString","coordinates":[[10.91454,43.92735],[10.91447,43.9276],[10.91474,43.92908],[10.91486,43.92907]]},"properties":{}},{"type":"Feature","geometry":{"type":"LineString","coordinates":[[10.91458,43.92731],[10.91454,43.92735]]},"properties":{}},{"type":"Feature","geometry":{"type":"LineString","coordinates":[[10.91501,43.92729],[10.91475,43.92727],[10.91458,43.92731]]},"properties":{}},{"type":"Feature","geometry":{"type":"LineString","coordinates":[[10.91486,43.92907],[10.91478,43.92915],[10.91495,43.92918],[10.915,43.92937]]},"properties":{}},{"type":"Feature","geometry":{"type":"LineString","coordinates":[[10.91486,43.92907],[10.91524,43.92901],[10.91622,43.9284],[10.91724,43.92793]]},"properties":{}},{"type":"Feature","geometry":{"type":"LineString","coordinates":[[10.915,43.92937],[10.91504,43.92939],[10.91543,43.9294],[10.91758,43.92889],[10.91827,43.92879],[10.91832,43.92855]]},"properties":{}},{"type":"Feature","geometry":{"type":"LineString","coordinates":[[10.915,43.92937],[10.91494,43.92966],[10.91511,43.93091]]},"properties":{}},{"type":"Feature","geometry":{"type":"LineString","coordinates":[[10.91724,43.92793],[10.9169,43.92753],[10.91677,43.92746],[10.91501,43.92729]]},"properties":{}},{"type":"Feature","geometry":{"type":"LineString","coordinates":[[10.91871,43.9305],[10.91862,43.93054],[10.91697,43.93077],[10.91567,43.93091],[10.91526,43.93094],[10.91511,43.93091]]},"properties":{}},{"type":"Feature","geometry":{"type":"LineString","coordinates":[[10.91606,43.94193],[10.91603,43.94193]]},"properties":{}},{"type":"Feature","geometry":{"type":"LineString","coordinates":[[10.92016,43.94171],[10.92003,43.94357],[10.91999,43.94363],[10.91988,43.94368],[10.91989,43.94384],[10.91985,43.94394],[10.91975,43.94399],[10.91959,43.94401],[10.91947,43.94399],[10.91939,43.94394],[10.91935,43.94377],[10.91921,43.94362],[10.919,43.9435],[10.91893,43.9435],[10.91754,43.94344],[10.91589,43.94361],[10.91588,43.94348],[10.91594,43.94334],[10.91595,43.94321],[10.91565,43.94322],[10.91551,43.94333],[10.91547,43.94342],[10.91537,43.94349],[10.91468,43.94365],[10.9146,43.94365],[10.91442,43.94321],[10.91446,43.94314],[10.91596,43.94315],[10.91606,43.94202],[10.91603,43.94193]]},"properties":{}},{"type":"Feature","geometry":{"type":"LineString","coordinates":[[10.91603,43.94193],[10.91599,43.94189],[10.91602,43.94185],[10.91607,43.94184],[10.91613,43.94186]]},"properties":{}},{"type":"Feature","geometry":{"type":"LineString","coordinates":[[10.91613,43.94186],[10.91642,43.94191],[10.91701,43.94194],[10.92016,43.94171]]},"properties":{}},{"type":"Feature","geometry":{"type":"LineString","coordinates":[[10.91613,43.94186],[10.91613,43.94189]]},"properties":{}},{"type":"Feature","geometry":{"type":"LineString","coordinates":[[10.91618,43.93534],[10.91647,43.93535],[10.91691,43.93519],[10.9179,43.935],[10.91819,43.93474],[10.91858,43.93421]]},"properties":{}},{"type":"Feature","geometry":{"type":"LineString","coordinates":[[10.91618,43.93534],[10.91648,43.93586],[10.91684,43.93635],[10.91696,43.93665],[10.91694,43.93683],[10.91666,43.93742],[10.91653,43.93814]]},"properties":{}},{"type":"Feature","geometry":{"type":"LineString","coordinates":[[10.91653,43.93814],[10.92007,43.93833]]},"properties":{}},{"type":"Feature","geometry":{"type":"LineString","coordinates":[[10.91856,43.92805],[10.91824,43.92792],[10.91789,43.92788],[10.91747,43.92786],[10.91724,43.92793]]},"properties":{}},{"type":"Feature","geometry":{"type":"LineString","coordinates":[[10.91827,43.9243],[10.91827,43.92423],[10.91832,43.92418],[10.91833,43.92387],[10.91828,43.92264],[10.9181,43.92218],[10.91794,43.92199],[10.9176,43.92179],[10.91753,43.92168],[10.91754,43.92155],[10.9176,43.92145],[10.91783,43.92135]]},"properties":{}},{"type":"Feature","geometry":{"type":"LineString","coordinates":[[10.91783,43.92135],[10.91819,43.9211],[10.91834,43.92059],[10.91845,43.91397]]},"properties":{}},{"type":"Feature","geometry":{"type":"LineString","coordinates":[[10.91783,43.92135],[10.91801,43.92136],[10.91816,43.92143],[10.91822,43.92149],[10.91834,43.92173],[10.91856,43.92187],[10.92198,43.92225],[10.92271,43.92241],[10.92473,43.92296],[10.92482,43.92293],[10.93185,43.91696],[10.93345,43.91552],[10.93562,43.91341],[10.9359,43.91321],[10.93597,43.91311],[10.93595,43.913],[10.936,43.91289],[10.93632,43.91275],[10.93663,43.91253],[10.93773,43.9115]]},"properties":{}},{"type":"Feature","geometry":{"type":"LineString","coordinates":[[10.91827,43.9243],[10.91831,43.92437],[10.9184,43.92441],[10.91849,43.92506]]},"properties":{}},{"type":"Feature","geometry":{"type":"LineString","coordinates":[[10.91891,43.92817],[10.9185,43.92861],[10.91839,43.92862],[10.91832,43.92855]]},"properties":{}},{"type":"Feature","geometry":{"type":"LineString","coordinates":[[10.91832,43.92855],[10.91852,43.92812]]},"properties":{}},{"type":"Feature","geometry":{"type":"LineString","coordinates":[[10.91845,43.91397],[10.91845,43.91387]]},"properties":{}},{"type":"Feature","geometry":{"type":"LineString","coordinates":[[10.93773,43.9115],[10.91845,43.91397]]},"properties":{}},{"type":"Feature","geometry":{"type":"LineString","coordinates":[[10.91845,43.91387],[10.9185,43.91096],[10.91852,43.9107],[10.91864,43.91011],[10.91865,43.90963],[10.9186,43.90892],[10.91842,43.90801],[10.91826,43.90742],[10.91822,43.90709],[10.91733,43.88686],[10.91736,43.88656],[10.9178,43.88535],[10.91784,43.88506],[10.91772,43.88472],[10.91726,43.88404],[10.91665,43.88317],[10.91641,43.88299],[10.91643,43.88289],[10.9164,43.88273],[10.91598,43.88201],[10.91556,43.88103],[10.91535,43.87986],[10.91486,43.87598],[10.91491,43.87587],[10.91497,43.87579],[10.91577,43.8752],[10.91606,43.87489],[10.91614,43.87431],[10.91624,43.87403],[10.91682,43.87323],[10.91709,43.87237],[10.91773,43.87088],[10.91788,43.87068],[10.91802,43.87054],[10.91974,43.86939],[10.92001,43.86924],[10.92021,43.86957],[10.92038,43.86996],[10.92063,43.87017],[10.92103,43.87032],[10.92171,43.87034],[10.92227,43.87046]]},"properties":{}},{"type":"Feature","geometry":{"type":"LineString","coordinates":[[10.91845,43.91387],[10.93784,43.9114]]},"properties":{}},{"type":"Feature","geometry":{"type":"LineString","coordinates":[[10.91849,43.92506],[10.91941,43.92643],[10.91946,43.92657]]},"properties":{}},{"type":"Feature","geometry":{"type":"LineString","coordinates":[[10.91924,43.92709],[10.91825,43.92699],[10.9183,43.92515],[10.91834,43.92511],[10.91849,43.92506]]},"properties":{}},{"type":"Feature","geometry":{"type":"LineString","coordinates":[[10.91852,43.92812],[10.91856,43.92805]]},"properties":{}},{"type":"Feature","geometry":{"type":"LineString","coordinates":[[10.91852,43.92812],[10.91866,43.92809],[10.91891,43.92817]]},"properties":{}},{"type":"Feature","geometry":{"type":"LineString","coordinates":[[10.91856,43.92805],[10.91924,43.92709]]},"properties":{}},{"type":"Feature","geometry":{"type":"LineString","coordinates":[[10.92252,43.93847],[10.92262,43.93838],[10.92259,43.93824],[10.92172,43.9373],[10.92076,43.9362],[10.92043,43.93585],[10.92029,43.93574],[10.92001,43.93537],[10.91979,43.93496],[10.91966,43.93479],[10.91902,43.93441],[10.91858,43.93421]]},"properties":{}},{"type":"Feature","geometry":{"type":"LineString","coordinates":[[10.91858,43.93421],[10.91926,43.93335],[10.91944,43.93308],[10.91947,43.93295],[10.91946,43.93289],[10.91884,43.93238],[10.91855,43.93218],[10.9189,43.93194],[10.91897,43.93184],[10.91899,43.93174],[10.91887,43.93101],[10.91881,43.93075],[10.91871,43.9305]]},"properties":{}},{"type":"Feature","geometry":{"type":"LineString","coordinates":[[10.92642,43.9298],[10.92622,43.92984],[10.92595,43.92995],[10.92601,43.93003],[10.9258,43.9301],[10.9252,43.93012],[10.92519,43.93002],[10.92406,43.93005],[10.92386,43.93004],[10.92355,43.9301],[10.92315,43.93012],[10.92306,43.93021],[10.92308,43.93042],[10.92301,43.93048],[10.92141,43.93088],[10.92134,43.93097],[10.92103,43.93099],[10.92091,43.93091],[10.91975,43.93059],[10.91923,43.93052],[10.91871,43.9305]]},"properties":{}},{"type":"Feature","geometry":{"type":"LineString","coordinates":[[10.91891,43.92817],[10.91975,43.92833],[10.92023,43.92837],[10.92166,43.9282],[10.92485,43.928],[10.92512,43.92804],[10.926,43.92828]]},"properties":{}},{"type":"Feature","geometry":{"type":"LineString","coordinates":[[10.93233,43.92412],[10.93205,43.924],[10.93195,43.92391],[10.93184,43.92376],[10.93156,43.92368],[10.93126,43.92365],[10.92904,43.92372],[10.92727,43.92372],[10.92662,43.92388],[10.92502,43.92584],[10.92166,43.9261],[10.92145,43.92608],[10.92126,43.92597],[10.91988,43.92715],[10.91975,43.92716],[10.91924,43.92709]]},"properties":{}},{"type":"Feature","geometry":{"type":"LineString","coordinates":[[10.91924,43.92709],[10.91942,43.92676],[10.91947,43.9266]]},"properties":{}},{"type":"Feature","geometry":{"type":"LineString","coordinates":[[10.92016,43.94171],[10.9204,43.93858]]},"properties":{}},{"type":"Feature","geometry":{"type":"LineString","coordinates":[[10.92108,43.9384],[10.92252,43.93847]]},"properties":{}},{"type":"Feature","geometry":{"type":"LineString","coordinates":[[10.92252,43.93847],[10.9231,43.93851]]},"properties":{}},{"type":"Feature","geometry":{"type":"LineString","coordinates":[[10.92431,43.93841],[10.92411,43.93824],[10.92403,43.93821],[10.92385,43.93824],[10.92339,43.93849],[10.9231,43.93851]]},"properties":{}},{"type":"Feature","geometry":{"type":"LineString","coordinates":[[10.9231,43.93851],[10.92336,43.93845],[10.92385,43.93818],[10.924,43.93814],[10.92407,43.93807],[10.92422,43.93802],[10.92433,43.93809],[10.92431,43.93816],[10.92421,43.93823],[10.92431,43.93841]]},"properties":{}},{"type":"Feature","geometry":{"type":"LineString","coordinates":[[10.92431,43.93841],[10.92441,43.93852],[10.92457,43.93883],[10.92559,43.93972]]},"properties":{}},{"type":"Feature","geometry":{"type":"LineString","coordinates":[[10.92597,43.94003],[10.92663,43.94059]]},"properties":{}},{"type":"Feature","geometry":{"type":"LineString","coordinates":[[10.92605,43.92835],[10.92599,43.92832],[10.926,43.92828]]},"properties":{}},{"type":"Feature","geometry":{"type":"LineString","coordinates":[[10.926,43.92828],[10.92605,43.92827]]},"properties":{}},{"type":"Feature","geometry":{"type":"LineString","coordinates":[[10.92605,43.92835],[10.92605,43.92845],[10.92642,43.9298]]},"properties":{}},{"type":"Feature","geometry":{"type":"LineString","coordinates":[[10.92605,43.92827],[10.9261,43.92831],[10.92605,43.92835]]},"properties":{}},{"type":"Feature","geometry":{"type":"LineString","coordinates":[[10.93261,43.92733],[10.93219,43.92743],[10.93064,43.92768],[10.92926,43.92787],[10.92863,43.92791],[10.92812,43.92807],[10.92633,43.9283],[10.92605,43.92827]]},"properties":{}},{"type":"Feature","geometry":{"type":"LineString","coordinates":[[10.92642,43.9298],[10.92696,43.93167],[10.92703,43.9319],[10.92714,43.93204]]},"properties":{}},{"type":"Feature","geometry":{"type":"LineString","coordinates":[[10.9267,43.94065],[10.93048,43.94392]]},"properties":{}},{"type":"Feature","geometry":{"type":"LineString","coordinates":[[10.92675,43.9406],[10.92705,43.94043],[10.92726,43.94036],[10.93034,43.94055]]},"properties":{}},{"type":"Feature","geometry":{"type":"LineString","coordinates":[[10.92721,43.9321],[10.92762,43.93217],[10.93081,43.932]]},"properties":{}},{"type":"Feature","geometry":{"type":"LineString","coordinates":[[10.92971,43.94202],[10.92969,43.94209],[10.92977,43.94224]]},"properties":{}},{"type":"Feature","geometry":{"type":"LineString","coordinates":[[10.92977,43.94224],[10.92963,43.9421],[10.92964,43.94205],[10.92971,43.94202]]},"properties":{}},{"type":"Feature","geometry":{"type":"LineString","coordinates":[[10.92971,43.94202],[10.93085,43.94155],[10.93095,43.94149],[10.93106,43.94137],[10.93079,43.94119],[10.93065,43.94082]]},"properties":{}},{"type":"Feature","geometry":{"type":"LineString","coordinates":[[10.92977,43.94224],[10.93058,43.94309],[10.93069,43.94329],[10.93081,43.94358],[10.93083,43.94374],[10.93048,43.94392]]},"properties":{}},{"type":"Feature","geometry":{"type":"LineString","coordinates":[[10.94207,43.95415],[10.94184,43.95395],[10.94121,43.95322],[10.93048,43.94392]]},"properties":{}},{"type":"Feature","geometry":{"type":"LineString","coordinates":[[10.93118,43.93199],[10.93111,43.93202],[10.93081,43.932]]},"properties":{}},{"type":"Feature","geometry":{"type":"LineString","coordinates":[[10.93081,43.932],[10.93088,43.93198],[10.93118,43.93199]]},"properties":{}},{"type":"Feature","geometry":{"type":"LineString","coordinates":[[10.93118,43.93199],[10.93281,43.9319],[10.93296,43.93185],[10.93305,43.9318],[10.93306,43.93176],[10.93311,43.93143],[10.93305,43.93045],[10.93305,43.9299],[10.93261,43.92733]]},"properties":{}},{"type":"Feature","geometry":{"type":"LineString","coordinates":[[10.93342,43.92365],[10.93337,43.92378],[10.93329,43.9239],[10.93302,43.92408],[10.93272,43.92416],[10.93233,43.92412]]},"properties":{}},{"type":"Feature","geometry":{"type":"LineString","coordinates":[[10.93261,43.92733],[10.93248,43.92627],[10.93253,43.92442],[10.93249,43.9243],[10.93233,43.92412]]},"properties":{}},{"type":"Feature","geometry":{"type":"LineString","coordinates":[[11.0,43.91627],[10.99943,43.91665],[10.9992,43.91674],[10.9987,43.91683],[10.99746,43.91695],[10.99599,43.91717],[10.99281,43.91748],[10.99222,43.91747],[10.9903,43.91715],[10.9899,43.91713],[10.98949,43.91718],[10.9884,43.91748],[10.98781,43.91754],[10.98565,43.91754],[10.98512,43.91758],[10.98426,43.91777],[10.98343,43.91792],[10.98119,43.91821],[10.98094,43.91822],[10.98033,43.91813],[10.97973,43.91793],[10.97934,43.91784],[10.97903,43.91782],[10.97777,43.91796],[10.97649,43.9182],[10.97527,43.91822],[10.97435,43.91817],[10.97293,43.9182],[10.97111,43.91874],[10.96967,43.91893],[10.96792,43.91936],[10.96696,43.91956],[10.96338,43.91966],[10.95994,43.92009],[10.95868,43.92017],[10.95758,43.92016],[10.95638,43.92029],[10.95516,43.92033],[10.95437,43.92053],[10.95297,43.92065],[10.9517,43.92063],[10.95108,43.92059],[10.95028,43.9205],[10.94987,43.92052],[10.94929,43.9206],[10.94795,43.92068],[10.94753,43.92068],[10.94668,43.92061],[10.94641,43.92064],[10.94476,43.921],[10.94456,43.92107],[10.94297,43.92248],[10.94001,43.92456],[10.93787,43.92529],[10.93532,43.92624],[10.93356,43.92697],[10.93261,43.92733]]},"properties":{}},{"type":"Feature","geometry":{"type":"LineString","coordinates":[[10.93773,43.9115],[10.93784,43.9114]]},"properties":{}},{"type":"Feature","geometry":{"type":"LineString","coordinates":[[11.0,43.89356],[10.94427,43.91046],[10.94306,43.91075],[10.94217,43.91092],[10.93773,43.9115]]},"properties":{}},{"type":"Feature","geometry":{"type":"LineString","coordinates":[[10.93784,43.9114],[10.94663,43.90295],[10.94735,43.90232],[10.94851,43.90141],[10.94978,43.90031],[10.95622,43.89503],[10.95707,43.89427],[10.96215,43.89009],[10.96267,43.88967],[10.96314,43.88941],[10.96344,43.88905],[10.97357,43.8808],[10.97821,43.87699],[10.98744,43.86954],[10.99057,43.86696]]},"properties":{}},{"type":"Feature","geometry":{"type":"LineString","coordinates":[[10.93784,43.9114],[10.9417,43.91091],[10.94302,43.91067],[10.94424,43.91037],[11.0,43.89346]]},"properties":{}},{"type":"Feature","geometry":{"type":"LineString","coordinates":[[10.94207,43.95415],[10.94223,43.9542],[10.94285,43.95429],[10.94355,43.95431],[10.94367,43.95436],[10.9436,43.95459],[10.94336,43.95507],[10.94317,43.95542],[10.94306,43.95552],[10.94269,43.95568],[10.9423,43.95524],[10.94214,43.95499],[10.94219,43.95446],[10.94217,43.95435],[10.94207,43.95415]]},"properties":{}},{"type":"Feature","geometry":{"type":"LineString","coordinates":[[10.99057,43.86696],[10.99039,43.86675],[10.9872,43.86195],[10.9829,43.85537],[10.98138,43.85309],[10.98178,43.8527],[10.98204,43.85231],[10.9822,43.85215],[10.98286,43.85178],[10.98407,43.85121],[10.98453,43.85095],[10.98491,43.85068],[10.98329,43.84885],[10.9818,43.84708],[10.97963,43.84738],[10.97867,43.84768],[10.97742,43.84567],[10.97672,43.8459],[10.97639,43.84532],[10.97654,43.84514],[10.97702,43.84501]]},"properties":{}},{"type":"Feature","geometry":{"type":"LineString","coordinates":[[10.99057,43.86696],[10.99937,43.85983],[10.99965,43.8598]]},"properties":{}},{"type":"Feature","geometry":{"type":"LineString","coordinates":[[10.99735,43.90597],[10.9974,43.90605]]},"properties":{}},{"type":"Feature","geometry":{"type":"LineString","coordinates":[[10.9974,43.90605],[10.99736,43.90611],[10.99728,43.90614],[10.9972,43.90613],[10.99714,43.90608],[10.99714,43.90601],[10.99718,43.90597],[10.99725,43.90595],[10.99735,43.90597]]},"properties":{}},{"type":"Feature","geometry":{"type":"LineString","coordinates":[[10.99735,43.90597],[10.99757,43.90593]]},"properties":{}},{"type":"Feature","geometry":{"type":"LineString","coordinates":[[10.99757,43.90593],[10.9974,43.90605]]},"properties":{}},{"type":"Feature","geometry":{"type":"LineString","coordinates":[[10.99757,43.90593],[10.99963,43.90502],[11.0,43.90552]]},"properties":{}},{"type":"Feature","geometry":{"type":"LineString","coordinates":[[10.99987,43.85957],[10.99997,43.85968],[10.99993,43.85978],[10.9998,43.85983],[10.99965,43.8598]]},"properties":{}},{"type":"Feature","geometry":{"type":"LineString","coordinates":[[10.99965,43.8598],[10.99958,43.85973],[10.9996,43.85962],[10.99972,43.85956],[10.99987,43.85957]]},"properties":{}},{"type":"Feature","geometry":{"type":"LineString","coordinates":[[10.99987,43.85957],[10.9999,43.85944],[11.0,43.85931]]},"properties":{}},{"type":"Feature","geometry":{"type":"LineString","coordinates":[[10.92041,43.93831],[10.92051,43.93832],[10.92051,43.93841],[10.92044,43.93843],[10.92037,43.93841],[10.92035,43.93836],[10.92041,43.93831]]},"properties":{}}]}