{"type":"FeatureCollection","features":[{"type":"Feature","geometry":{"type":"LineString","coordinates":[[11.0,44.57387],[11.04192,44.5653],[11.04329,44.56496],[11.04447,44.56454],[11.05613,44.56002],[11.06252,44.55762],[11.06791,44.55553],[11.1264,44.5332],[11.17006,44.51837],[11.17876,44.51521]]},"properties":{}},{"type":"Feature","geometry":{"type":"LineString","coordinates":[[11.18024,44.51489],[11.16935,44.51881],[11.12619,44.53341],[11.10667,44.54079],[11.07813,44.55181],[11.062,44.55793],[11.05507,44.56064],[11.04431,44.56472],[11.04306,44.56514],[11.0417,44.56549],[11.0,44.57404]]},"properties":{}},{"type":"Feature","geometry":{"type":"LineString","coordinates":[[11.0,44.67048],[11.00211,44.67106],[11.00418,44.67158],[11.00834,44.67259],[11.00892,44.67272],[11.00907,44.67272],[11.00974,44.67293],[11.01003,44.67291],[11.01013,44.67294],[11.01029,44.67304],[11.01054,44.67312],[11.02018,44.67548],[11.02337,44.6763],[11.03138,44.67823],[11.03191,44.67832],[11.03282,44.67837],[11.03814,44.6783]]},"properties":{}},{"type":"Feature","geometry":{"type":"LineString","coordinates":[[11.03814,44.6783],[11.0388,44.67942],[11.0382,44.67963],[11.03832,44.67986],[11.0384,44.6799],[11.0385,44.6799],[11.03903,44.67975],[11.04067,44.67925],[11.04087,44.67917],[11.04104,44.67906]]},"properties":{}},{"type":"Feature","geometry":{"type":"LineString","coordinates":[[11.03814,44.6783],[11.04031,44.67826],[11.04046,44.6783],[11.04072,44.67843],[11.04111,44.67883],[11.04101,44.67896],[11.04104,44.67906]]},"properties":{}},{"type":"Feature","geometry":{"type":"LineString","coordinates":[[11.04104,44.67906],[11.04124,44.67917],[11.04186,44.67973],[11.0435,44.681],[11.04377,44.6814],[11.04407,44.68177],[11.04486,44.68234],[11.04503,44.68251],[11.04602,44.68444],[11.05044,44.69211],[11.0505,44.69271],[11.05061,44.69278],[11.05064,44.69293],[11.0508,44.6931],[11.05117,44.69338],[11.05296,44.69653],[11.05523,44.70067],[11.05768,44.70474],[11.05887,44.70639],[11.06056,44.70884],[11.061,44.70951],[11.06163,44.71056],[11.06401,44.71546],[11.06497,44.71793],[11.0651,44.71807],[11.06526,44.71816],[11.06541,44.71819],[11.06547,44.71826],[11.06547,44.71834],[11.06529,44.71862],[11.06522,44.7188],[11.06528,44.7192],[11.06597,44.72231],[11.06606,44.72251],[11.06617,44.72265],[11.06648,44.72282],[11.06794,44.72308],[11.06825,44.72319],[11.0685,44.72338],[11.06862,44.72365],[11.06865,44.72393],[11.06891,44.72539],[11.06906,44.72586],[11.07057,44.72603],[11.07314,44.72617],[11.07534,44.72622],[11.07588,44.72631],[11.07655,44.72648],[11.07679,44.72658],[11.07723,44.72687],[11.07787,44.72741],[11.07832,44.72787],[11.07869,44.72832],[11.07953,44.72989],[11.07966,44.72998],[11.07977,44.72999],[11.07989,44.72995],[11.08356,44.72775],[11.08561,44.72696],[11.08639,44.7265],[11.08688,44.72626],[11.08789,44.72585],[11.09055,44.72517],[11.09173,44.72483],[11.09379,44.72414],[11.09424,44.72403],[11.09469,44.724],[11.09503,44.72402],[11.09668,44.72432],[11.09675,44.72423],[11.09693,44.7242],[11.09704,44.72424],[11.09709,44.72437],[11.09738,44.72439],[11.09776,44.72433],[11.0998,44.72379]]},"properties":{}},{"type":"Feature","geometry":{"type":"LineString","coordinates":[[11.05567,44.59363],[11.05547,44.59332]]},"properties":{}},{"type":"Feature","geometry":{"type":"LineString","coordinates":[[11.0557,44.59355],[11.05586,44.59382],[11.05593,44.59386],[11.05594,44.59391],[11.05591,44.59395]]},"properties":{}},{"type":"Feature","geometry":{"type":"LineString","coordinates":[[11.05591,44.59395],[11.05581,44.59397],[11.05572,44.59391],[11.05575,44.59379],[11.0557,44.59355]]},"properties":{}},{"type":"Feature","geometry":{"type":"LineString","coordinates":[[11.0557,44.59355],[11.05524,44.59283],[11.05491,44.59242],[11.05751,44.59149]]},"properties":{}},{"type":"Feature","geometry":{"type":"LineString","coordinates":[[11.056,44.59738],[11.05583,44.59744]]},"properties":{}},{"type":"Feature","geometry":{"type":"LineString","coordinates":[[11.05687,44.59692],[11.05694,44.59686],[11.05696,44.59679],[11.0569,44.59659],[11.05624,44.59555],[11.05692,44.59532],[11.05625,44.59436],[11.05591,44.59395]]},"properties":{}},{"type":"Feature","geometry":{"type":"LineString","coordinates":[[11.05624,44.59429],[11.05634,44.59444]]},"properties":{}},{"type":"Feature","geometry":{"type":"LineString","coordinates":[[11.05687,44.59692],[11.05678,44.597],[11.05641,44.59718],[11.05549,44.59751],[11.05543,44.59742],[11.05548,44.59735],[11.05687,44.59692]]},"properties":{}},{"type":"Feature","geometry":{"type":"LineString","coordinates":[[11.05751,44.59149],[11.05777,44.59133],[11.05783,44.59124]]},"properties":{}},{"type":"Feature","geometry":{"type":"LineString","coordinates":[[11.05799,44.59129],[11.05769,44.59143],[11.05751,44.59149]]},"properties":{}},{"type":"Feature","geometry":{"type":"LineString","coordinates":[[11.05799,44.59129],[11.05789,44.59128],[11.05783,44.59124]]},"properties":{}},{"type":"Feature","geometry":{"type":"LineString","coordinates":[[11.05783,44.59124],[11.05781,44.59114],[11.05789,44.59108],[11.05801,44.59107],[11.05811,44.59113]]},"properties":{}},{"type":"Feature","geometry":{"type":"LineString","coordinates":[[11.05809,44.59124],[11.05799,44.59129]]},"properties":{}},{"type":"Feature","geometry":{"type":"LineString","coordinates":[[11.05811,44.59113],[11.05809,44.59124]]},"properties":{}},{"type":"Feature","geometry":{"type":"LineString","coordinates":[[11.05847,44.59115],[11.05835,44.5912],[11.05809,44.59124]]},"properties":{}},{"type":"Feature","geometry":{"type":"LineString","coordinates":[[11.05811,44.59113],[11.05829,44.59117],[11.05847,44.59115]]},"properties":{}},{"type":"Feature","geometry":{"type":"LineString","coordinates":[[11.07143,44.5881],[11.07071,44.58721],[11.07052,44.58712],[11.07031,44.58713],[11.06325,44.5895],[11.05847,44.59115]]},"properties":{}},{"type":"Feature","geometry":{"type":"LineString","coordinates":[[11.06123,44.59024],[11.06108,44.59029]]},"properties":{}},{"type":"Feature","geometry":{"type":"LineString","coordinates":[[11.06121,44.59016],[11.06141,44.59009]]},"properties":{}},{"type":"Feature","geometry":{"type":"LineString","coordinates":[[11.07143,44.5881],[11.07167,44.58824]]},"properties":{}},{"type":"Feature","geometry":{"type":"LineString","coordinates":[[11.07148,44.58831],[11.07143,44.5881]]},"properties":{}},{"type":"Feature","geometry":{"type":"LineString","coordinates":[[11.07178,44.58841],[11.07169,44.58846],[11.07155,44.58845],[11.07149,44.5884],[11.07148,44.58831]]},"properties":{}},{"type":"Feature","geometry":{"type":"LineString","coordinates":[[11.07148,44.58831],[11.07154,44.58826],[11.07167,44.58824]]},"properties":{}},{"type":"Feature","geometry":{"type":"LineString","coordinates":[[11.07167,44.58824],[11.07172,44.58825]]},"properties":{}},{"type":"Feature","geometry":{"type":"LineString","coordinates":[[11.07172,44.58825],[11.07217,44.58824],[11.07293,44.58805],[11.073,44.58801]]},"properties":{}},{"type":"Feature","geometry":{"type":"LineString","coordinates":[[11.07172,44.58825],[11.07179,44.58831],[11.07178,44.58841]]},"properties":{}},{"type":"Feature","geometry":{"type":"LineString","coordinates":[[11.07305,44.58815],[11.07278,44.58816],[11.07191,44.58835],[11.07178,44.58841]]},"properties":{}},{"type":"Feature","geometry":{"type":"LineString","coordinates":[[11.07246,44.58814],[11.07262,44.58809]]},"properties":{}},{"type":"Feature","geometry":{"type":"LineString","coordinates":[[11.07305,44.58815],[11.07299,44.58809],[11.073,44.58801]]},"properties":{}},{"type":"Feature","geometry":{"type":"LineString","coordinates":[[11.073,44.58801],[11.07308,44.58794],[11.07317,44.58793]]},"properties":{}},{"type":"Feature","geometry":{"type":"LineString","coordinates":[[11.07332,44.588],[11.07334,44.58807],[11.07328,44.58815],[11.07317,44.58818],[11.07305,44.58815]]},"properties":{}},{"type":"Feature","geometry":{"type":"LineString","coordinates":[[11.07317,44.58793],[11.07326,44.58795],[11.07332,44.588]]},"properties":{}},{"type":"Feature","geometry":{"type":"LineString","coordinates":[[11.07317,44.58793],[11.07353,44.58777]]},"properties":{}},{"type":"Feature","geometry":{"type":"LineString","coordinates":[[11.07353,44.58777],[11.07332,44.588]]},"properties":{}},{"type":"Feature","geometry":{"type":"LineString","coordinates":[[11.07353,44.58777],[11.07801,44.58616]]},"properties":{}},{"type":"Feature","geometry":{"type":"LineString","coordinates":[[11.07414,44.5876],[11.07398,44.58765]]},"properties":{}},{"type":"Feature","geometry":{"type":"LineString","coordinates":[[11.07801,44.58616],[11.07824,44.58601],[11.07833,44.58573],[11.07864,44.58557],[11.07877,44.58543],[11.07952,44.58429]]},"properties":{}},{"type":"Feature","geometry":{"type":"LineString","coordinates":[[11.08187,44.58481],[11.07889,44.58586],[11.07858,44.58593],[11.07826,44.58609],[11.07801,44.58616]]},"properties":{}},{"type":"Feature","geometry":{"type":"LineString","coordinates":[[11.07875,44.50861],[11.0789,44.50868]]},"properties":{}},{"type":"Feature","geometry":{"type":"LineString","coordinates":[[11.07879,44.50867],[11.07947,44.50902]]},"properties":{}},{"type":"Feature","geometry":{"type":"LineString","coordinates":[[11.07907,44.5089],[11.07883,44.50878]]},"properties":{}},{"type":"Feature","geometry":{"type":"LineString","coordinates":[[11.07947,44.50902],[11.07977,44.50907]]},"properties":{}},{"type":"Feature","geometry":{"type":"LineString","coordinates":[[11.07965,44.50917],[11.07947,44.50902]]},"properties":{}},{"type":"Feature","geometry":{"type":"LineString","coordinates":[[11.07952,44.58429],[11.08057,44.58448],[11.08125,44.58487],[11.08144,44.58488],[11.08187,44.58481]]},"properties":{}},{"type":"Feature","geometry":{"type":"LineString","coordinates":[[11.07952,44.58429],[11.07982,44.58381],[11.07981,44.58364],[11.07974,44.58351],[11.07957,44.5834],[11.07933,44.58332],[11.07898,44.58339],[11.0788,44.58349],[11.07872,44.58357],[11.07867,44.58374],[11.07874,44.58395],[11.07887,44.58405],[11.07917,44.5842],[11.07952,44.58429]]},"properties":{}},{"type":"Feature","geometry":{"type":"LineString","coordinates":[[11.07994,44.50923],[11.07984,44.50929],[11.07975,44.50928],[11.07967,44.50924],[11.07965,44.50917]]},"properties":{}},{"type":"Feature","geometry":{"type":"LineString","coordinates":[[11.07965,44.50917],[11.07969,44.5091],[11.07977,44.50907]]},"properties":{}},{"type":"Feature","geometry":{"type":"LineString","coordinates":[[11.07977,44.50907],[11.07989,44.50909]]},"properties":{}},{"type":"Feature","geometry":{"type":"LineString","coordinates":[[11.07989,44.50909],[11.08032,44.50908]]},"properties":{}},{"type":"Feature","geometry":{"type":"LineString","coordinates":[[11.07989,44.50909],[11.07995,44.50914],[11.07994,44.50923]]},"properties":{}},{"type":"Feature","geometry":{"type":"LineString","coordinates":[[11.08032,44.50908],[11.07994,44.50923]]},"properties":{}},{"type":"Feature","geometry":{"type":"LineString","coordinates":[[11.08032,44.50908],[11.08238,44.50835],[11.08285,44.5081],[11.0836,44.50748],[11.08517,44.50606]]},"properties":{}},{"type":"Feature","geometry":{"type":"LineString","coordinates":[[11.08187,44.58481],[11.09751,44.57932],[11.10703,44.57606],[11.10898,44.57534],[11.11165,44.57453],[11.11357,44.57389],[11.11645,44.57284],[11.12168,44.57101]]},"properties":{}},{"type":"Feature","geometry":{"type":"LineString","coordinates":[[11.08373,44.50726],[11.08393,44.5071]]},"properties":{}},{"type":"Feature","geometry":{"type":"LineString","coordinates":[[11.08485,44.50645],[11.08455,44.50672]]},"properties":{}},{"type":"Feature","geometry":{"type":"LineString","coordinates":[[11.08537,44.50588],[11.08543,44.50594],[11.0854,44.50604],[11.08532,44.50608],[11.08517,44.50606]]},"properties":{}},{"type":"Feature","geometry":{"type":"LineString","coordinates":[[11.08517,44.50606],[11.08511,44.50597],[11.08515,44.5059],[11.08523,44.50586],[11.08537,44.50588]]},"properties":{}},{"type":"Feature","geometry":{"type":"LineString","coordinates":[[11.09641,44.50588],[11.09254,44.50581],[11.09196,44.5057],[11.09144,44.50554],[11.09088,44.50526],[11.08959,44.50445],[11.08861,44.50389],[11.08837,44.50378],[11.08797,44.50373],[11.08756,44.50378],[11.08726,44.50388],[11.08698,44.50412],[11.08667,44.50445],[11.08636,44.50491],[11.08537,44.50588]]},"properties":{}},{"type":"Feature","geometry":{"type":"LineString","coordinates":[[11.09417,44.50582],[11.09442,44.50582]]},"properties":{}},{"type":"Feature","geometry":{"type":"LineString","coordinates":[[11.09468,44.5059],[11.09443,44.5059]]},"properties":{}},{"type":"Feature","geometry":{"type":"LineString","coordinates":[[11.09687,44.50587],[11.09681,44.50598],[11.09668,44.50603],[11.09649,44.50599],[11.09641,44.50588]]},"properties":{}},{"type":"Feature","geometry":{"type":"LineString","coordinates":[[11.09641,44.50588],[11.09646,44.50576],[11.09663,44.5057],[11.0968,44.50574],[11.09687,44.50587]]},"properties":{}},{"type":"Feature","geometry":{"type":"LineString","coordinates":[[11.10462,44.50689],[11.1026,44.50611],[11.10233,44.50603],[11.10199,44.50599],[11.09687,44.50587]]},"properties":{}},{"type":"Feature","geometry":{"type":"LineString","coordinates":[[11.10462,44.50689],[11.10497,44.50695],[11.10519,44.50683],[11.10533,44.50681],[11.10552,44.50684],[11.1057,44.50695],[11.10576,44.50704],[11.10577,44.50714],[11.10574,44.50724],[11.1059,44.50742]]},"properties":{}},{"type":"Feature","geometry":{"type":"LineString","coordinates":[[11.1059,44.50742],[11.10561,44.50736],[11.10537,44.50743],[11.10511,44.50739],[11.10494,44.50726],[11.1049,44.50711],[11.10462,44.50689]]},"properties":{}},{"type":"Feature","geometry":{"type":"LineString","coordinates":[[11.1059,44.50742],[11.10869,44.50851],[11.10935,44.50886],[11.10969,44.50914],[11.11031,44.50997],[11.11039,44.51004],[11.11063,44.51016],[11.11087,44.51018],[11.11539,44.50999],[11.11584,44.51001],[11.11653,44.51009],[11.11843,44.51055],[11.12032,44.5107],[11.12135,44.51094],[11.12227,44.51129],[11.12301,44.51165],[11.1242,44.51237],[11.12446,44.51249],[11.12503,44.51267],[11.1258,44.51279],[11.12651,44.51278],[11.12729,44.51266],[11.13451,44.51119]]},"properties":{}},{"type":"Feature","geometry":{"type":"LineString","coordinates":[[11.11001,44.50972],[11.10985,44.50952]]},"properties":{}},{"type":"Feature","geometry":{"type":"LineString","coordinates":[[11.10987,44.50931],[11.10996,44.50942]]},"properties":{}},{"type":"Feature","geometry":{"type":"LineString","coordinates":[[11.11554,44.57312],[11.11583,44.57302]]},"properties":{}},{"type":"Feature","geometry":{"type":"LineString","coordinates":[[11.11628,44.57297],[11.11605,44.57306]]},"properties":{}},{"type":"Feature","geometry":{"type":"LineString","coordinates":[[11.12168,44.57101],[11.12203,44.57082]]},"properties":{}},{"type":"Feature","geometry":{"type":"LineString","coordinates":[[11.1221,44.57089],[11.12168,44.57101]]},"properties":{}},{"type":"Feature","geometry":{"type":"LineString","coordinates":[[11.1221,44.57089],[11.12203,44.57082]]},"properties":{}},{"type":"Feature","geometry":{"type":"LineString","coordinates":[[11.12203,44.57082],[11.12201,44.57071],[11.12204,44.57065],[11.12215,44.57057],[11.12231,44.57054],[11.12241,44.57056],[11.12255,44.57065]]},"properties":{}},{"type":"Feature","geometry":{"type":"LineString","coordinates":[[11.12257,44.57078],[11.12249,44.57089],[11.12236,44.57094],[11.12222,44.57094],[11.1221,44.57089]]},"properties":{}},{"type":"Feature","geometry":{"type":"LineString","coordinates":[[11.12255,44.57065],[11.12257,44.57078]]},"properties":{}},{"type":"Feature","geometry":{"type":"LineString","coordinates":[[11.12255,44.57065],[11.12288,44.57055]]},"properties":{}},{"type":"Feature","geometry":{"type":"LineString","coordinates":[[11.12288,44.57055],[11.12257,44.57078]]},"properties":{}},{"type":"Feature","geometry":{"type":"LineString","coordinates":[[11.12288,44.57055],[11.12481,44.56981],[11.12863,44.5685],[11.13162,44.56739],[11.14076,44.56422],[11.14292,44.56344],[11.14996,44.56108]]},"properties":{}},{"type":"Feature","geometry":{"type":"LineString","coordinates":[[11.12398,44.5702],[11.1236,44.57034]]},"properties":{}},{"type":"Feature","geometry":{"type":"LineString","coordinates":[[11.12434,44.56995],[11.12457,44.56986]]},"properties":{}},{"type":"Feature","geometry":{"type":"LineString","coordinates":[[11.12768,44.5126],[11.12744,44.51265]]},"properties":{}},{"type":"Feature","geometry":{"type":"LineString","coordinates":[[11.12877,44.51231],[11.12897,44.51227]]},"properties":{}},{"type":"Feature","geometry":{"type":"LineString","coordinates":[[11.1335,44.56681],[11.13324,44.56691]]},"properties":{}},{"type":"Feature","geometry":{"type":"LineString","coordinates":[[11.13451,44.51119],[11.13575,44.51084],[11.13611,44.51079],[11.1366,44.5108]]},"properties":{}},{"type":"Feature","geometry":{"type":"LineString","coordinates":[[11.1366,44.5108],[11.13581,44.51093],[11.13451,44.51119]]},"properties":{}},{"type":"Feature","geometry":{"type":"LineString","coordinates":[[11.1354,44.56604],[11.13565,44.56596]]},"properties":{}},{"type":"Feature","geometry":{"type":"LineString","coordinates":[[11.1366,44.5108],[11.13756,44.51072],[11.14141,44.51052],[11.1437,44.51032],[11.14405,44.51032],[11.14854,44.51055],[11.15072,44.51077],[11.15102,44.51077],[11.15196,44.51066],[11.15335,44.51022],[11.15421,44.51009],[11.1551,44.5101],[11.15585,44.51015],[11.15841,44.5104],[11.16083,44.51034],[11.16152,44.51029],[11.16228,44.51017],[11.16394,44.50965],[11.16663,44.50917]]},"properties":{}},{"type":"Feature","geometry":{"type":"LineString","coordinates":[[11.13696,44.5108],[11.13676,44.51081]]},"properties":{}},{"type":"Feature","geometry":{"type":"LineString","coordinates":[[11.137,44.51072],[11.13721,44.51071]]},"properties":{}},{"type":"Feature","geometry":{"type":"LineString","coordinates":[[11.14261,44.56359],[11.14245,44.56365]]},"properties":{}},{"type":"Feature","geometry":{"type":"LineString","coordinates":[[11.14262,44.56351],[11.1428,44.56345]]},"properties":{}},{"type":"Feature","geometry":{"type":"LineString","coordinates":[[11.14553,44.51041],[11.14526,44.51039]]},"properties":{}},{"type":"Feature","geometry":{"type":"LineString","coordinates":[[11.1489,44.5105],[11.1491,44.51053]]},"properties":{}},{"type":"Feature","geometry":{"type":"LineString","coordinates":[[11.14996,44.56108],[11.1503,44.56089],[11.15037,44.56068]]},"properties":{}},{"type":"Feature","geometry":{"type":"LineString","coordinates":[[11.15068,44.56089],[11.14996,44.56108]]},"properties":{}},{"type":"Feature","geometry":{"type":"LineString","coordinates":[[11.15068,44.56089],[11.15052,44.56083],[11.15037,44.56068]]},"properties":{}},{"type":"Feature","geometry":{"type":"LineString","coordinates":[[11.15037,44.56068],[11.15036,44.56058],[11.15039,44.56047],[11.15051,44.56036],[11.15071,44.56029],[11.15082,44.56029],[11.15104,44.56034]]},"properties":{}},{"type":"Feature","geometry":{"type":"LineString","coordinates":[[11.15121,44.56063],[11.15116,44.56075],[11.15105,44.56083],[11.1509,44.56089],[11.15068,44.56089]]},"properties":{}},{"type":"Feature","geometry":{"type":"LineString","coordinates":[[11.15104,44.56034],[11.15181,44.5604]]},"properties":{}},{"type":"Feature","geometry":{"type":"LineString","coordinates":[[11.15104,44.56034],[11.15118,44.56047],[11.15121,44.56063]]},"properties":{}},{"type":"Feature","geometry":{"type":"LineString","coordinates":[[11.15181,44.5604],[11.15143,44.56047],[11.15121,44.56063]]},"properties":{}},{"type":"Feature","geometry":{"type":"LineString","coordinates":[[11.15181,44.5604],[11.15207,44.56037],[11.15366,44.55989],[11.15694,44.55867],[11.17556,44.55217]]},"properties":{}},{"type":"Feature","geometry":{"type":"LineString","coordinates":[[11.15444,44.55955],[11.15472,44.55945]]},"properties":{}},{"type":"Feature","geometry":{"type":"LineString","coordinates":[[11.15685,44.51019],[11.15707,44.51022]]},"properties":{}},{"type":"Feature","geometry":{"type":"LineString","coordinates":[[11.15767,44.51035],[11.15751,44.51034]]},"properties":{}},{"type":"Feature","geometry":{"type":"LineString","coordinates":[[11.15789,44.55841],[11.15759,44.55852]]},"properties":{}},{"type":"Feature","geometry":{"type":"LineString","coordinates":[[11.16466,44.50948],[11.16487,44.50945]]},"properties":{}},{"type":"Feature","geometry":{"type":"LineString","coordinates":[[11.16526,44.50945],[11.16502,44.50949]]},"properties":{}},{"type":"Feature","geometry":{"type":"LineString","coordinates":[[11.16788,44.50893],[11.16773,44.509],[11.16747,44.50919],[11.1673,44.50926],[11.16704,44.50919],[11.16663,44.50917]]},"properties":{}},{"type":"Feature","geometry":{"type":"LineString","coordinates":[[11.16663,44.50917],[11.16788,44.50893]]},"properties":{}},{"type":"Feature","geometry":{"type":"LineString","coordinates":[[11.16788,44.50893],[11.16931,44.50863],[11.17009,44.50839],[11.17323,44.50667],[11.17361,44.50651],[11.17413,44.50641],[11.17781,44.50595],[11.17883,44.50577],[11.17924,44.50565],[11.17964,44.50551],[11.18137,44.50474],[11.18338,44.50399],[11.18634,44.50263],[11.18787,44.50211],[11.19322,44.50048],[11.19469,44.5]]},"properties":{}},{"type":"Feature","geometry":{"type":"LineString","coordinates":[[11.16853,44.50886],[11.16836,44.50889]]},"properties":{}},{"type":"Feature","geometry":{"type":"LineString","coordinates":[[11.16874,44.50872],[11.1689,44.50869]]},"properties":{}},{"type":"Feature","geometry":{"type":"LineString","coordinates":[[11.17121,44.55374],[11.17106,44.55379]]},"properties":{}},{"type":"Feature","geometry":{"type":"LineString","coordinates":[[11.17178,44.55347],[11.172,44.55339]]},"properties":{}},{"type":"Feature","geometry":{"type":"LineString","coordinates":[[11.17202,44.50739],[11.17188,44.50747]]},"properties":{}},{"type":"Feature","geometry":{"type":"LineString","coordinates":[[11.17199,44.5073],[11.17212,44.50722]]},"properties":{}},{"type":"Feature","geometry":{"type":"LineString","coordinates":[[11.17556,44.55217],[11.17822,44.55125]]},"properties":{}},{"type":"Feature","geometry":{"type":"LineString","coordinates":[[11.17822,44.55125],[11.17816,44.5513],[11.17812,44.55156],[11.17805,44.5517],[11.17792,44.55181],[11.17781,44.55186],[11.17751,44.55191],[11.17631,44.55202],[11.17556,44.55217]]},"properties":{}},{"type":"Feature","geometry":{"type":"LineString","coordinates":[[11.17822,44.55125],[11.18241,44.54982],[11.18465,44.549],[11.18666,44.54834]]},"properties":{}},{"type":"Feature","geometry":{"type":"LineString","coordinates":[[11.17877,44.55112],[11.17855,44.55118]]},"properties":{}},{"type":"Feature","geometry":{"type":"LineString","coordinates":[[11.17862,44.55108],[11.17883,44.55101]]},"properties":{}},{"type":"Feature","geometry":{"type":"LineString","coordinates":[[11.17876,44.51521],[11.1805,44.51446],[11.18111,44.51414],[11.18163,44.51385],[11.18351,44.51265],[11.18427,44.51231],[11.18505,44.51209],[11.1858,44.51199],[11.18677,44.51199],[11.18754,44.51211]]},"properties":{}},{"type":"Feature","geometry":{"type":"LineString","coordinates":[[11.17876,44.51521],[11.17927,44.51509],[11.18754,44.51211]]},"properties":{}},{"type":"Feature","geometry":{"type":"LineString","coordinates":[[11.18775,44.51216],[11.18024,44.51489]]},"properties":{}},{"type":"Feature","geometry":{"type":"LineString","coordinates":[[11.24089,44.52316],[11.23912,44.52254],[11.23824,44.52228],[11.23738,44.52208],[11.23645,44.52191],[11.21208,44.51883],[11.19686,44.51687],[11.19551,44.51666],[11.19455,44.51642],[11.19383,44.5162],[11.19318,44.5159],[11.19255,44.51556],[11.19225,44.51535],[11.19063,44.5141],[11.18999,44.51367],[11.18934,44.51333],[11.18874,44.5131],[11.18802,44.51294],[11.18729,44.51288],[11.18671,44.51289],[11.18615,44.51296],[11.1855,44.51311],[11.18024,44.51489]]},"properties":{}},{"type":"Feature","geometry":{"type":"LineString","coordinates":[[11.18068,44.50502],[11.18085,44.50494]]},"properties":{}},{"type":"Feature","geometry":{"type":"LineString","coordinates":[[11.18215,44.50448],[11.18191,44.50457]]},"properties":{}},{"type":"Feature","geometry":{"type":"LineString","coordinates":[[11.18512,44.5488],[11.18529,44.54874]]},"properties":{}},{"type":"Feature","geometry":{"type":"LineString","coordinates":[[11.18556,44.54879],[11.1853,44.54888]]},"properties":{}},{"type":"Feature","geometry":{"type":"LineString","coordinates":[[11.18624,44.50263],[11.18638,44.50257]]},"properties":{}},{"type":"Feature","geometry":{"type":"LineString","coordinates":[[11.18665,44.50255],[11.18649,44.50261]]},"properties":{}},{"type":"Feature","geometry":{"type":"LineString","coordinates":[[11.18666,44.54834],[11.187,44.54817]]},"properties":{}},{"type":"Feature","geometry":{"type":"LineString","coordinates":[[11.18708,44.54831],[11.18666,44.54834]]},"properties":{}},{"type":"Feature","geometry":{"type":"LineString","coordinates":[[11.18708,44.54831],[11.18701,44.54825],[11.187,44.54817]]},"properties":{}},{"type":"Feature","geometry":{"type":"LineString","coordinates":[[11.187,44.54817],[11.18705,44.54809],[11.18713,44.54805],[11.18733,44.54806],[11.18781,44.54793]]},"properties":{}},{"type":"Feature","geometry":{"type":"LineString","coordinates":[[11.18781,44.54793],[11.18751,44.54811],[11.18734,44.54831],[11.1872,44.54834],[11.18708,44.54831]]},"properties":{}},{"type":"Feature","geometry":{"type":"LineString","coordinates":[[11.18754,44.51211],[11.18775,44.51216]]},"properties":{}},{"type":"Feature","geometry":{"type":"LineString","coordinates":[[11.18754,44.51211],[11.19089,44.51093],[11.22106,44.5]]},"properties":{}},{"type":"Feature","geometry":{"type":"LineString","coordinates":[[11.18775,44.51216],[11.1885,44.5124],[11.1888,44.51254],[11.18935,44.51287],[11.19191,44.51494],[11.19274,44.51553],[11.19327,44.51582],[11.19388,44.51609],[11.19463,44.51632],[11.19555,44.51655],[11.20124,44.51733],[11.23503,44.52159]]},"properties":{}},{"type":"Feature","geometry":{"type":"LineString","coordinates":[[11.22144,44.5],[11.18775,44.51216]]},"properties":{}},{"type":"Feature","geometry":{"type":"LineString","coordinates":[[11.18795,44.54796],[11.18779,44.54803]]},"properties":{}},{"type":"Feature","geometry":{"type":"LineString","coordinates":[[11.18781,44.54793],[11.19752,44.54457],[11.19975,44.54374],[11.2016,44.54302],[11.20711,44.54115],[11.20953,44.54038],[11.21166,44.53963],[11.21434,44.53855],[11.21919,44.53695],[11.22588,44.53457]]},"properties":{}},{"type":"Feature","geometry":{"type":"LineString","coordinates":[[11.18824,44.54773],[11.18847,44.54765]]},"properties":{}},{"type":"Feature","geometry":{"type":"LineString","coordinates":[[11.19162,44.50092],[11.19179,44.50088]]},"properties":{}},{"type":"Feature","geometry":{"type":"LineString","coordinates":[[11.19182,44.5466],[11.19163,44.54667]]},"properties":{}},{"type":"Feature","geometry":{"type":"LineString","coordinates":[[11.19259,44.50071],[11.19245,44.50075]]},"properties":{}},{"type":"Feature","geometry":{"type":"LineString","coordinates":[[11.19433,44.54563],[11.19456,44.54555]]},"properties":{}},{"type":"Feature","geometry":{"type":"LineString","coordinates":[[11.19736,44.5447],[11.19715,44.54477]]},"properties":{}},{"type":"Feature","geometry":{"type":"LineString","coordinates":[[11.19903,44.54397],[11.19919,44.54391]]},"properties":{}},{"type":"Feature","geometry":{"type":"LineString","coordinates":[[11.20175,44.54301],[11.20154,44.54308]]},"properties":{}},{"type":"Feature","geometry":{"type":"LineString","coordinates":[[11.20241,44.54271],[11.20255,44.54267]]},"properties":{}},{"type":"Feature","geometry":{"type":"LineString","coordinates":[[11.20812,44.5408],[11.20834,44.54073]]},"properties":{}},{"type":"Feature","geometry":{"type":"LineString","coordinates":[[11.20943,44.54045],[11.20927,44.5405]]},"properties":{}},{"type":"Feature","geometry":{"type":"LineString","coordinates":[[11.21954,44.53686],[11.21932,44.53694]]},"properties":{}},{"type":"Feature","geometry":{"type":"LineString","coordinates":[[11.21967,44.53674],[11.21996,44.53665]]},"properties":{}},{"type":"Feature","geometry":{"type":"LineString","coordinates":[[11.21999,44.93392],[11.22087,44.93394],[11.22161,44.93412],[11.22709,44.93691],[11.22745,44.937],[11.22779,44.93699],[11.23159,44.93614],[11.23348,44.93576],[11.23551,44.93529],[11.23989,44.93389],[11.24039,44.93376],[11.24084,44.93372],[11.24287,44.93371],[11.24564,44.9333],[11.24594,44.93317],[11.24619,44.93297],[11.2475,44.93163],[11.25009,44.92967],[11.25039,44.92948],[11.25066,44.92935],[11.25266,44.92874],[11.25692,44.92779],[11.25731,44.92854]]},"properties":{}},{"type":"Feature","geometry":{"type":"LineString","coordinates":[[11.22329,44.53556],[11.22309,44.53563]]},"properties":{}},{"type":"Feature","geometry":{"type":"LineString","coordinates":[[11.22353,44.53535],[11.22375,44.53526]]},"properties":{}},{"type":"Feature","geometry":{"type":"LineString","coordinates":[[11.22588,44.53457],[11.22604,44.53445],[11.22608,44.53438],[11.2261,44.53425],[11.22621,44.53418],[11.22635,44.53417],[11.22659,44.53428],[11.22674,44.5343]]},"properties":{}},{"type":"Feature","geometry":{"type":"LineString","coordinates":[[11.22674,44.5343],[11.22651,44.53439],[11.22639,44.53447],[11.22588,44.53457]]},"properties":{}},{"type":"Feature","geometry":{"type":"LineString","coordinates":[[11.22674,44.5343],[11.23596,44.53125],[11.23756,44.53066],[11.23881,44.53015]]},"properties":{}},{"type":"Feature","geometry":{"type":"LineString","coordinates":[[11.22772,44.5339],[11.22795,44.53383]]},"properties":{}},{"type":"Feature","geometry":{"type":"LineString","coordinates":[[11.22918,44.53352],[11.22905,44.53356]]},"properties":{}},{"type":"Feature","geometry":{"type":"LineString","coordinates":[[11.23129,44.50194],[11.23076,44.50055],[11.23065,44.5]]},"properties":{}},{"type":"Feature","geometry":{"type":"LineString","coordinates":[[11.23869,44.51176],[11.23838,44.51143],[11.23825,44.51132],[11.23708,44.51072],[11.23683,44.51053],[11.2366,44.51028],[11.23576,44.50874],[11.2347,44.50711],[11.23235,44.50437],[11.23213,44.50401],[11.23129,44.50194]]},"properties":{}},{"type":"Feature","geometry":{"type":"LineString","coordinates":[[11.23794,44.5],[11.23356,44.5014],[11.23129,44.50194]]},"properties":{}},{"type":"Feature","geometry":{"type":"LineString","coordinates":[[11.23225,44.53245],[11.23244,44.53238]]},"properties":{}},{"type":"Feature","geometry":{"type":"LineString","coordinates":[[11.23267,44.53238],[11.2325,44.53244]]},"properties":{}},{"type":"Feature","geometry":{"type":"LineString","coordinates":[[11.2332,44.71236],[11.23304,44.71234]]},"properties":{}},{"type":"Feature","geometry":{"type":"LineString","coordinates":[[11.23313,44.71253],[11.23306,44.71244],[11.23304,44.71234]]},"properties":{}},{"type":"Feature","geometry":{"type":"LineString","coordinates":[[11.23304,44.71234],[11.23299,44.71228],[11.23299,44.71221],[11.23306,44.71215],[11.23316,44.71214],[11.23325,44.71217],[11.2333,44.71223],[11.23328,44.71231],[11.2332,44.71236]]},"properties":{}},{"type":"Feature","geometry":{"type":"LineString","coordinates":[[11.2638,44.73461],[11.24131,44.74128],[11.23932,44.73409],[11.23682,44.7249],[11.23582,44.72154],[11.23434,44.71608],[11.23371,44.71354],[11.23365,44.71334],[11.23346,44.71301],[11.23313,44.71253]]},"properties":{}},{"type":"Feature","geometry":{"type":"LineString","coordinates":[[11.2332,44.71236],[11.23313,44.71244],[11.23313,44.71253]]},"properties":{}},{"type":"Feature","geometry":{"type":"LineString","coordinates":[[11.23503,44.52159],[11.23671,44.52182],[11.23812,44.52211],[11.23911,44.52239],[11.24096,44.52304]]},"properties":{}},{"type":"Feature","geometry":{"type":"LineString","coordinates":[[11.23503,44.52159],[11.23545,44.52157],[11.23928,44.52199],[11.23983,44.5221],[11.24128,44.52255]]},"properties":{}},{"type":"Feature","geometry":{"type":"LineString","coordinates":[[11.23811,44.58481],[11.23826,44.58477]]},"properties":{}},{"type":"Feature","geometry":{"type":"LineString","coordinates":[[11.23865,44.58479],[11.23846,44.58485]]},"properties":{}},{"type":"Feature","geometry":{"type":"LineString","coordinates":[[11.2415,44.51844],[11.24114,44.51816],[11.24041,44.51767],[11.2402,44.51743],[11.23992,44.51694],[11.23976,44.51648],[11.23917,44.51272],[11.23901,44.51224],[11.23869,44.51176]]},"properties":{}},{"type":"Feature","geometry":{"type":"LineString","coordinates":[[11.26215,44.51397],[11.26159,44.51285],[11.26119,44.51221],[11.26009,44.51076],[11.25994,44.51024],[11.25971,44.50972],[11.25886,44.50842],[11.25811,44.50708],[11.25797,44.50691],[11.25784,44.50687],[11.25759,44.5069],[11.25721,44.507],[11.25433,44.50777],[11.2537,44.50799],[11.25269,44.50826],[11.25168,44.50863],[11.25141,44.5087],[11.25094,44.50876],[11.24917,44.50928],[11.24781,44.50957],[11.24536,44.50994],[11.24503,44.50993],[11.24426,44.50978],[11.24387,44.50977],[11.24236,44.50992],[11.24208,44.50998],[11.23942,44.51129],[11.23909,44.51153],[11.23869,44.51176]]},"properties":{}},{"type":"Feature","geometry":{"type":"LineString","coordinates":[[11.23881,44.53015],[11.24158,44.5291]]},"properties":{}},{"type":"Feature","geometry":{"type":"LineString","coordinates":[[11.24158,44.5291],[11.24055,44.52973],[11.24009,44.5301],[11.23999,44.53014],[11.23976,44.53019],[11.23914,44.5301],[11.23881,44.53015]]},"properties":{}},{"type":"Feature","geometry":{"type":"LineString","coordinates":[[11.23882,44.58744],[11.23888,44.58758]]},"properties":{}},{"type":"Feature","geometry":{"type":"LineString","coordinates":[[11.23891,44.5878],[11.23884,44.58765]]},"properties":{}},{"type":"Feature","geometry":{"type":"LineString","coordinates":[[11.23917,44.51143],[11.23926,44.51137]]},"properties":{}},{"type":"Feature","geometry":{"type":"LineString","coordinates":[[11.2406,44.59105],[11.24054,44.59091]]},"properties":{}},{"type":"Feature","geometry":{"type":"LineString","coordinates":[[11.24066,44.591],[11.24074,44.59116]]},"properties":{}},{"type":"Feature","geometry":{"type":"LineString","coordinates":[[11.24934,44.5262],[11.24089,44.52316]]},"properties":{}},{"type":"Feature","geometry":{"type":"LineString","coordinates":[[11.24369,44.52755],[11.24232,44.52546],[11.24202,44.52514],[11.24114,44.52438],[11.24082,44.52405],[11.24073,44.52384],[11.24071,44.52363],[11.24078,44.52336],[11.24089,44.52316]]},"properties":{}},{"type":"Feature","geometry":{"type":"LineString","coordinates":[[11.24089,44.52316],[11.24096,44.52304]]},"properties":{}},{"type":"Feature","geometry":{"type":"LineString","coordinates":[[11.24096,44.52304],[11.24955,44.52613]]},"properties":{}},{"type":"Feature","geometry":{"type":"LineString","coordinates":[[11.24096,44.52304],[11.24128,44.52255]]},"properties":{}},{"type":"Feature","geometry":{"type":"LineString","coordinates":[[11.24128,44.52255],[11.24273,44.52303],[11.24402,44.52376],[11.24506,44.52405],[11.24573,44.52428],[11.24667,44.52489],[11.24706,44.52509],[11.24816,44.52551],[11.24976,44.52606]]},"properties":{}},{"type":"Feature","geometry":{"type":"LineString","coordinates":[[11.24128,44.52255],[11.24238,44.52081],[11.24254,44.52052],[11.24257,44.52037],[11.24256,44.52007],[11.2425,44.51991],[11.24174,44.5187],[11.2415,44.51844]]},"properties":{}},{"type":"Feature","geometry":{"type":"LineString","coordinates":[[11.24136,44.51026],[11.2415,44.5102]]},"properties":{}},{"type":"Feature","geometry":{"type":"LineString","coordinates":[[11.24913,44.5146],[11.24773,44.51524],[11.2463,44.51604],[11.24588,44.51644],[11.24583,44.51655],[11.24588,44.51684],[11.24585,44.51692],[11.24558,44.51713],[11.24532,44.51724],[11.24482,44.51735],[11.24398,44.51763],[11.24321,44.51795],[11.2415,44.51844]]},"properties":{}},{"type":"Feature","geometry":{"type":"LineString","coordinates":[[11.24158,44.5291],[11.24356,44.5283]]},"properties":{}},{"type":"Feature","geometry":{"type":"LineString","coordinates":[[11.24234,44.59596],[11.24225,44.59584]]},"properties":{}},{"type":"Feature","geometry":{"type":"LineString","coordinates":[[11.24278,44.59644],[11.24287,44.59654]]},"properties":{}},{"type":"Feature","geometry":{"type":"LineString","coordinates":[[11.24356,44.5283],[11.24375,44.52816],[11.24386,44.52803]]},"properties":{}},{"type":"Feature","geometry":{"type":"LineString","coordinates":[[11.24402,44.52819],[11.24356,44.5283]]},"properties":{}},{"type":"Feature","geometry":{"type":"LineString","coordinates":[[11.24369,44.52755],[11.2441,44.52777]]},"properties":{}},{"type":"Feature","geometry":{"type":"LineString","coordinates":[[11.24387,44.52793],[11.24369,44.52755]]},"properties":{}},{"type":"Feature","geometry":{"type":"LineString","coordinates":[[11.24402,44.52819],[11.24395,44.52815],[11.24386,44.52803]]},"properties":{}},{"type":"Feature","geometry":{"type":"LineString","coordinates":[[11.24386,44.52803],[11.24387,44.52793]]},"properties":{}},{"type":"Feature","geometry":{"type":"LineString","coordinates":[[11.24387,44.52793],[11.24395,44.52783],[11.2441,44.52777]]},"properties":{}},{"type":"Feature","geometry":{"type":"LineString","coordinates":[[11.24954,44.52627],[11.24465,44.5279],[11.24435,44.52819],[11.24419,44.52822],[11.24402,44.52819]]},"properties":{}},{"type":"Feature","geometry":{"type":"LineString","coordinates":[[11.2441,44.52777],[11.24463,44.52782],[11.24934,44.5262]]},"properties":{}},{"type":"Feature","geometry":{"type":"LineString","coordinates":[[11.24446,44.58307],[11.24428,44.58312]]},"properties":{}},{"type":"Feature","geometry":{"type":"LineString","coordinates":[[11.24434,44.58304],[11.24453,44.58298]]},"properties":{}},{"type":"Feature","geometry":{"type":"LineString","coordinates":[[11.24553,44.59998],[11.24537,44.59982]]},"properties":{}},{"type":"Feature","geometry":{"type":"LineString","coordinates":[[11.2456,44.59992],[11.24573,44.60006]]},"properties":{}},{"type":"Feature","geometry":{"type":"LineString","coordinates":[[11.24574,44.50987],[11.24587,44.50986]]},"properties":{}},{"type":"Feature","geometry":{"type":"LineString","coordinates":[[11.24617,44.52743],[11.24596,44.5275]]},"properties":{}},{"type":"Feature","geometry":{"type":"LineString","coordinates":[[11.24602,44.51634],[11.24596,44.51639]]},"properties":{}},{"type":"Feature","geometry":{"type":"LineString","coordinates":[[11.24611,44.52729],[11.24628,44.52723]]},"properties":{}},{"type":"Feature","geometry":{"type":"LineString","coordinates":[[11.2638,44.73461],[11.26314,44.73353],[11.25833,44.72519],[11.2578,44.72479],[11.2578,44.72474],[11.25785,44.72466],[11.25776,44.72423],[11.25642,44.72192],[11.25609,44.7214],[11.2559,44.72127],[11.25279,44.72004],[11.24895,44.71842],[11.24826,44.71804],[11.24767,44.71757],[11.24712,44.71692]]},"properties":{}},{"type":"Feature","geometry":{"type":"LineString","coordinates":[[11.27851,44.94651],[11.27836,44.9465],[11.27815,44.94656],[11.27799,44.94664],[11.27779,44.94681],[11.27747,44.94697],[11.2696,44.9499],[11.26854,44.95041],[11.26809,44.95051],[11.26708,44.9506],[11.2667,44.95067],[11.2662,44.95085],[11.26559,44.95114],[11.2651,44.95147],[11.26473,44.95188],[11.26389,44.95344],[11.26333,44.95416],[11.26307,44.95465],[11.26292,44.95484],[11.26263,44.95509],[11.25967,44.95714],[11.25917,44.95748],[11.25883,44.95765],[11.25846,44.95779],[11.25684,44.95821],[11.25425,44.95872],[11.25112,44.95911],[11.24819,44.95979],[11.24803,44.95954],[11.24734,44.95975],[11.24747,44.95995]]},"properties":{}},{"type":"Feature","geometry":{"type":"LineString","coordinates":[[11.24947,44.51512],[11.24913,44.5146]]},"properties":{}},{"type":"Feature","geometry":{"type":"LineString","coordinates":[[11.26215,44.51397],[11.2616,44.51394],[11.26066,44.51403],[11.25956,44.51409],[11.25828,44.51428],[11.25667,44.51465],[11.25649,44.51479],[11.25651,44.51497],[11.25646,44.51505],[11.25545,44.5154],[11.25461,44.51546],[11.25408,44.51554],[11.25391,44.51549],[11.25306,44.51407],[11.25293,44.51396],[11.2527,44.51397],[11.25201,44.51416],[11.25179,44.51419],[11.25076,44.51413],[11.25039,44.51417],[11.2496,44.5144],[11.24913,44.5146]]},"properties":{}},{"type":"Feature","geometry":{"type":"LineString","coordinates":[[11.24939,44.5815],[11.24924,44.58155]]},"properties":{}},{"type":"Feature","geometry":{"type":"LineString","coordinates":[[11.24954,44.52627],[11.24934,44.5262]]},"properties":{}},{"type":"Feature","geometry":{"type":"LineString","coordinates":[[11.24934,44.5262],[11.24955,44.52613]]},"properties":{}},{"type":"Feature","geometry":{"type":"LineString","coordinates":[[11.25067,44.51699],[11.24947,44.51512]]},"properties":{}},{"type":"Feature","geometry":{"type":"LineString","coordinates":[[11.25067,44.51699],[11.25139,44.51666],[11.25213,44.51638],[11.25219,44.51634],[11.25219,44.51628],[11.25117,44.51475],[11.25103,44.51468],[11.25076,44.51468],[11.24947,44.51512]]},"properties":{}},{"type":"Feature","geometry":{"type":"LineString","coordinates":[[11.28811,44.52403],[11.28355,44.52383],[11.2828,44.52382],[11.28142,44.52389],[11.28062,44.52399],[11.27961,44.52416],[11.27806,44.52455],[11.27744,44.52476],[11.26753,44.52853],[11.2667,44.52881],[11.26578,44.52906],[11.26475,44.52927],[11.26376,44.52942],[11.26267,44.52952],[11.26143,44.52954],[11.25989,44.52945],[11.25873,44.52929],[11.25768,44.52907],[11.25666,44.52879],[11.25574,44.52848],[11.24954,44.52627]]},"properties":{}},{"type":"Feature","geometry":{"type":"LineString","coordinates":[[11.24975,44.5262],[11.24954,44.52627]]},"properties":{}},{"type":"Feature","geometry":{"type":"LineString","coordinates":[[11.24955,44.52613],[11.24975,44.5262]]},"properties":{}},{"type":"Feature","geometry":{"type":"LineString","coordinates":[[11.24955,44.52613],[11.24976,44.52606]]},"properties":{}},{"type":"Feature","geometry":{"type":"LineString","coordinates":[[11.24962,44.57407],[11.24977,44.57401]]},"properties":{}},{"type":"Feature","geometry":{"type":"LineString","coordinates":[[11.24975,44.5262],[11.25625,44.52852],[11.25718,44.52881],[11.2587,44.52915],[11.25973,44.5293],[11.26124,44.5294],[11.26241,44.5294],[11.26393,44.52927],[11.26489,44.52912],[11.26596,44.52888],[11.26679,44.52864],[11.27744,44.52461],[11.2786,44.52426],[11.27925,44.52411],[11.28023,44.52391],[11.28102,44.52381],[11.28267,44.52369],[11.28357,44.5237],[11.28784,44.52389]]},"properties":{}},{"type":"Feature","geometry":{"type":"LineString","coordinates":[[11.24995,44.52613],[11.24975,44.5262]]},"properties":{}},{"type":"Feature","geometry":{"type":"LineString","coordinates":[[11.24976,44.52606],[11.24995,44.52613]]},"properties":{}},{"type":"Feature","geometry":{"type":"LineString","coordinates":[[11.24976,44.52606],[11.25547,44.5242]]},"properties":{}},{"type":"Feature","geometry":{"type":"LineString","coordinates":[[11.24999,44.57399],[11.24983,44.57405]]},"properties":{}},{"type":"Feature","geometry":{"type":"LineString","coordinates":[[11.24995,44.52613],[11.25435,44.5277],[11.25535,44.52796],[11.25579,44.52803],[11.25661,44.5281],[11.2577,44.52811],[11.25877,44.528],[11.25951,44.52786],[11.26061,44.52753],[11.27868,44.52111],[11.2796,44.5206],[11.28003,44.52029],[11.28064,44.51972],[11.28166,44.51858],[11.28197,44.51833],[11.28246,44.51806]]},"properties":{}},{"type":"Feature","geometry":{"type":"LineString","coordinates":[[11.26047,44.52249],[11.26027,44.52246],[11.26001,44.52251],[11.25884,44.5231],[11.25784,44.52352],[11.24995,44.52613]]},"properties":{}},{"type":"Feature","geometry":{"type":"LineString","coordinates":[[11.25007,44.5812],[11.25022,44.58114]]},"properties":{}},{"type":"Feature","geometry":{"type":"LineString","coordinates":[[11.2502,44.51614],[11.25025,44.51624]]},"properties":{}},{"type":"Feature","geometry":{"type":"LineString","coordinates":[[11.25547,44.5242],[11.25174,44.51855],[11.25061,44.51892],[11.24952,44.51738],[11.25067,44.51699]]},"properties":{}},{"type":"Feature","geometry":{"type":"LineString","coordinates":[[11.25078,44.60504],[11.25094,44.60514]]},"properties":{}},{"type":"Feature","geometry":{"type":"LineString","coordinates":[[11.25182,44.60593],[11.25172,44.60582]]},"properties":{}},{"type":"Feature","geometry":{"type":"LineString","coordinates":[[11.25227,44.50839],[11.25237,44.50836]]},"properties":{}},{"type":"Feature","geometry":{"type":"LineString","coordinates":[[11.25346,44.60822],[11.25354,44.60834]]},"properties":{}},{"type":"Feature","geometry":{"type":"LineString","coordinates":[[11.25405,44.60913],[11.25394,44.609]]},"properties":{}},{"type":"Feature","geometry":{"type":"LineString","coordinates":[[11.2545,44.57225],[11.25467,44.5722]]},"properties":{}},{"type":"Feature","geometry":{"type":"LineString","coordinates":[[11.25469,44.51548],[11.25454,44.5155]]},"properties":{}},{"type":"Feature","geometry":{"type":"LineString","coordinates":[[11.25487,44.5722],[11.25471,44.57224]]},"properties":{}},{"type":"Feature","geometry":{"type":"LineString","coordinates":[[11.25547,44.5241],[11.25559,44.52406]]},"properties":{}},{"type":"Feature","geometry":{"type":"LineString","coordinates":[[11.25547,44.5242],[11.2581,44.5233],[11.25897,44.52293],[11.25972,44.52253],[11.26002,44.52242],[11.26033,44.52235],[11.26041,44.5223]]},"properties":{}},{"type":"Feature","geometry":{"type":"LineString","coordinates":[[11.25568,44.61158],[11.25574,44.61173]]},"properties":{}},{"type":"Feature","geometry":{"type":"LineString","coordinates":[[11.25589,44.61219],[11.25581,44.61206]]},"properties":{}},{"type":"Feature","geometry":{"type":"LineString","coordinates":[[11.25636,44.52407],[11.25621,44.52412]]},"properties":{}},{"type":"Feature","geometry":{"type":"LineString","coordinates":[[11.25641,44.61673],[11.25634,44.61661]]},"properties":{}},{"type":"Feature","geometry":{"type":"LineString","coordinates":[[11.25642,44.61568],[11.25638,44.61583]]},"properties":{}},{"type":"Feature","geometry":{"type":"LineString","coordinates":[[11.25665,44.5071],[11.25678,44.50707]]},"properties":{}},{"type":"Feature","geometry":{"type":"LineString","coordinates":[[11.25665,44.61714],[11.2567,44.61735],[11.2568,44.6174],[11.25686,44.61749],[11.25685,44.61756],[11.2568,44.61763],[11.2568,44.61784]]},"properties":{}},{"type":"Feature","geometry":{"type":"LineString","coordinates":[[11.2568,44.61784],[11.25659,44.61767],[11.25646,44.61763],[11.2564,44.61755],[11.25642,44.61743],[11.25661,44.61728],[11.25665,44.61714]]},"properties":{}},{"type":"Feature","geometry":{"type":"LineString","coordinates":[[11.27144,44.56637],[11.26859,44.56691],[11.2681,44.56707],[11.26693,44.5675],[11.26587,44.56793],[11.25714,44.57156],[11.25439,44.57231],[11.25351,44.5726],[11.24739,44.575],[11.24754,44.57535],[11.24769,44.57563],[11.24806,44.57618],[11.24952,44.578],[11.25162,44.58053],[11.25108,44.58081],[11.24982,44.58133],[11.24774,44.58202],[11.24291,44.5835],[11.23995,44.5843],[11.23753,44.58504],[11.24079,44.59134],[11.24167,44.59474],[11.24179,44.5951],[11.24198,44.59543],[11.24326,44.59714],[11.24424,44.59855],[11.24457,44.59893],[11.24604,44.60038],[11.24633,44.60071],[11.24712,44.60176],[11.24746,44.60216],[11.24848,44.60314],[11.25021,44.60466],[11.25153,44.60559],[11.25193,44.60597],[11.25222,44.60637],[11.25363,44.60853],[11.25473,44.60992],[11.25526,44.61078],[11.25555,44.61133],[11.25577,44.61188],[11.25644,44.613],[11.25676,44.61346],[11.2568,44.61357],[11.25679,44.61381],[11.25625,44.61632],[11.25625,44.61642],[11.25665,44.61714]]},"properties":{}},{"type":"Feature","geometry":{"type":"LineString","coordinates":[[11.27335,44.6269],[11.27205,44.62727],[11.27175,44.62732],[11.27151,44.6273],[11.27132,44.62721],[11.27059,44.62623],[11.27025,44.62586],[11.26768,44.62483],[11.26751,44.62479],[11.26535,44.62467],[11.26503,44.6246],[11.26352,44.62384],[11.26302,44.62353],[11.26238,44.62306],[11.2605,44.62156],[11.26016,44.62107],[11.25998,44.62086],[11.25982,44.62076],[11.25965,44.62072],[11.25888,44.62065],[11.25867,44.6205],[11.25724,44.61815],[11.2568,44.61784]]},"properties":{}},{"type":"Feature","geometry":{"type":"LineString","coordinates":[[11.31144,44.89027],[11.31145,44.89043],[11.31231,44.89145],[11.31244,44.89178],[11.31245,44.89198],[11.31232,44.89266],[11.3122,44.893],[11.31191,44.89361],[11.31185,44.89393],[11.31191,44.89438],[11.31201,44.8946],[11.31215,44.89483],[11.3124,44.8951],[11.31271,44.89532],[11.31578,44.89693],[11.31623,44.89723],[11.31719,44.89802],[11.31744,44.89839],[11.31775,44.89901],[11.31783,44.89938],[11.31784,44.89973],[11.31764,44.90041],[11.31751,44.901],[11.31727,44.9029],[11.31727,44.9031],[11.31731,44.90331],[11.31791,44.9049],[11.31808,44.90525],[11.31973,44.90811],[11.32044,44.90911],[11.32038,44.90917],[11.3194,44.90948],[11.3151,44.91036],[11.31484,44.91048],[11.31413,44.91091],[11.31385,44.91101],[11.31331,44.91102],[11.31152,44.91081],[11.31114,44.91085],[11.31061,44.91098],[11.31012,44.9112],[11.30946,44.91163],[11.30926,44.91172],[11.3081,44.91206],[11.30647,44.91234],[11.30577,44.91256],[11.30545,44.91273],[11.30512,44.91298],[11.30431,44.91396],[11.30412,44.91415],[11.30349,44.91451],[11.30284,44.91471],[11.30186,44.91478],[11.29991,44.91463],[11.29789,44.91452],[11.29684,44.91441],[11.29544,44.91408],[11.2942,44.91385],[11.29373,44.91382],[11.29325,44.91384],[11.29275,44.91391],[11.29222,44.91411],[11.29188,44.91435],[11.29122,44.915],[11.29101,44.91517],[11.29062,44.91533],[11.29002,44.91551],[11.28938,44.91563],[11.28781,44.91583],[11.28595,44.91601],[11.28451,44.91606],[11.28209,44.91635],[11.28145,44.91649],[11.28057,44.91679],[11.27897,44.91745],[11.27741,44.91792],[11.27707,44.91809],[11.27675,44.9184],[11.27667,44.91856],[11.27661,44.91881],[11.27661,44.91938],[11.27664,44.91972],[11.27688,44.92112],[11.27711,44.92198],[11.27711,44.92218],[11.27705,44.92237],[11.27664,44.92311],[11.27578,44.92401],[11.27559,44.92427],[11.27549,44.92449],[11.27543,44.92476],[11.27535,44.92568],[11.27528,44.92588],[11.27514,44.92612],[11.27422,44.92708],[11.27394,44.92729],[11.2736,44.92747],[11.2733,44.9276],[11.27221,44.92795],[11.27099,44.92866],[11.27044,44.92889],[11.27007,44.92897],[11.26983,44.92897],[11.2695,44.9289],[11.26815,44.92844],[11.26746,44.92839],[11.26715,44.92834],[11.2654,44.92772],[11.26471,44.92762],[11.26415,44.92764],[11.26331,44.92776],[11.26106,44.92821],[11.25781,44.92847],[11.2575,44.92855],[11.25731,44.92854]]},"properties":{}},{"type":"Feature","geometry":{"type":"LineString","coordinates":[[11.25731,44.92854],[11.25741,44.92895],[11.25741,44.92963],[11.25751,44.92995],[11.25873,44.93174],[11.26037,44.93372],[11.26056,44.93408],[11.26074,44.93426],[11.26103,44.9344],[11.26463,44.93566],[11.26559,44.93613],[11.27184,44.93813],[11.2721,44.93824],[11.27235,44.93841],[11.27272,44.93884],[11.27506,44.94229],[11.27544,44.94273],[11.27605,44.94369],[11.27787,44.94634],[11.27809,44.94644],[11.27851,44.94651]]},"properties":{}},{"type":"Feature","geometry":{"type":"LineString","coordinates":[[11.25803,44.61938],[11.25813,44.61954]]},"properties":{}},{"type":"Feature","geometry":{"type":"LineString","coordinates":[[11.25816,44.6197],[11.2581,44.6196]]},"properties":{}},{"type":"Feature","geometry":{"type":"LineString","coordinates":[[11.25928,44.51416],[11.2591,44.51418]]},"properties":{}},{"type":"Feature","geometry":{"type":"LineString","coordinates":[[11.2596,44.50947],[11.25966,44.50956]]},"properties":{}},{"type":"Feature","geometry":{"type":"LineString","coordinates":[[11.26047,44.52249],[11.26041,44.52239],[11.26041,44.5223]]},"properties":{}},{"type":"Feature","geometry":{"type":"LineString","coordinates":[[11.26041,44.5223],[11.26045,44.52223],[11.26054,44.52215],[11.26075,44.52209]]},"properties":{}},{"type":"Feature","geometry":{"type":"LineString","coordinates":[[11.26044,44.51117],[11.26049,44.51125]]},"properties":{}},{"type":"Feature","geometry":{"type":"LineString","coordinates":[[11.26358,44.52151],[11.26111,44.52237],[11.26105,44.52248],[11.26091,44.52257],[11.26069,44.52259],[11.26047,44.52249]]},"properties":{}},{"type":"Feature","geometry":{"type":"LineString","coordinates":[[11.26075,44.52209],[11.26093,44.52199],[11.26104,44.52179],[11.26157,44.52132],[11.26196,44.5209],[11.26229,44.52045],[11.26462,44.51693],[11.26511,44.51628],[11.26564,44.51573],[11.26619,44.51524],[11.26657,44.51495],[11.26739,44.51444],[11.26748,44.51428]]},"properties":{}},{"type":"Feature","geometry":{"type":"LineString","coordinates":[[11.26075,44.52209],[11.26097,44.52214],[11.26107,44.52222],[11.26111,44.52233],[11.26165,44.52213],[11.26199,44.52197],[11.26373,44.52133]]},"properties":{}},{"type":"Feature","geometry":{"type":"LineString","coordinates":[[11.26723,44.5139],[11.26698,44.51373],[11.26665,44.51366],[11.26585,44.51372],[11.26409,44.51406],[11.26345,44.51407],[11.26215,44.51397]]},"properties":{}},{"type":"Feature","geometry":{"type":"LineString","coordinates":[[11.26238,44.51401],[11.26224,44.514]]},"properties":{}},{"type":"Feature","geometry":{"type":"LineString","coordinates":[[11.26243,44.62305],[11.26256,44.62315]]},"properties":{}},{"type":"Feature","geometry":{"type":"LineString","coordinates":[[11.26265,44.56931],[11.26249,44.56937]]},"properties":{}},{"type":"Feature","geometry":{"type":"LineString","coordinates":[[11.26259,44.56926],[11.26276,44.5692]]},"properties":{}},{"type":"Feature","geometry":{"type":"LineString","coordinates":[[11.26281,44.62345],[11.26271,44.62337]]},"properties":{}},{"type":"Feature","geometry":{"type":"LineString","coordinates":[[11.264,44.52136],[11.26496,44.52279],[11.26436,44.52299],[11.26389,44.52259],[11.2637,44.52175],[11.26358,44.52151]]},"properties":{}},{"type":"Feature","geometry":{"type":"LineString","coordinates":[[11.264,44.52136],[11.26358,44.52151]]},"properties":{}},{"type":"Feature","geometry":{"type":"LineString","coordinates":[[11.26379,44.52237],[11.26375,44.52219]]},"properties":{}},{"type":"Feature","geometry":{"type":"LineString","coordinates":[[11.28521,44.72975],[11.26449,44.7348],[11.26425,44.7349],[11.26398,44.73491],[11.2638,44.73461]]},"properties":{}},{"type":"Feature","geometry":{"type":"LineString","coordinates":[[11.27085,44.51901],[11.26695,44.52031],[11.264,44.52136]]},"properties":{}},{"type":"Feature","geometry":{"type":"LineString","coordinates":[[11.26439,44.52125],[11.26423,44.52131]]},"properties":{}},{"type":"Feature","geometry":{"type":"LineString","coordinates":[[11.26723,44.5139],[11.26769,44.51414]]},"properties":{}},{"type":"Feature","geometry":{"type":"LineString","coordinates":[[11.26748,44.51428],[11.26723,44.5139]]},"properties":{}},{"type":"Feature","geometry":{"type":"LineString","coordinates":[[11.26748,44.51428],[11.26755,44.5142],[11.26769,44.51414]]},"properties":{}},{"type":"Feature","geometry":{"type":"LineString","coordinates":[[11.26769,44.51414],[11.26785,44.51414]]},"properties":{}},{"type":"Feature","geometry":{"type":"LineString","coordinates":[[11.26785,44.51414],[11.26798,44.51421],[11.26804,44.51428],[11.26805,44.51437],[11.268,44.51446],[11.26817,44.51487],[11.26976,44.51726]]},"properties":{}},{"type":"Feature","geometry":{"type":"LineString","coordinates":[[11.26785,44.51414],[11.26804,44.51411],[11.26824,44.51402],[11.27388,44.51121],[11.27412,44.51101],[11.27438,44.51063],[11.27444,44.51027],[11.27461,44.50991],[11.27482,44.50974],[11.27519,44.50956]]},"properties":{}},{"type":"Feature","geometry":{"type":"LineString","coordinates":[[11.26862,44.51977],[11.26841,44.51984]]},"properties":{}},{"type":"Feature","geometry":{"type":"LineString","coordinates":[[11.26901,44.55897],[11.27092,44.56283]]},"properties":{}},{"type":"Feature","geometry":{"type":"LineString","coordinates":[[11.26901,44.55897],[11.26884,44.55869],[11.26946,44.55854]]},"properties":{}},{"type":"Feature","geometry":{"type":"LineString","coordinates":[[11.26946,44.55854],[11.26893,44.55873],[11.269,44.55884],[11.26901,44.55897]]},"properties":{}},{"type":"Feature","geometry":{"type":"LineString","coordinates":[[11.26914,44.55934],[11.26909,44.55924]]},"properties":{}},{"type":"Feature","geometry":{"type":"LineString","coordinates":[[11.26934,44.55955],[11.26939,44.55967]]},"properties":{}},{"type":"Feature","geometry":{"type":"LineString","coordinates":[[11.27415,44.55706],[11.26946,44.55854]]},"properties":{}},{"type":"Feature","geometry":{"type":"LineString","coordinates":[[11.26976,44.51726],[11.27084,44.51889],[11.27085,44.51901]]},"properties":{}},{"type":"Feature","geometry":{"type":"LineString","coordinates":[[11.26976,44.51726],[11.27128,44.51673]]},"properties":{}},{"type":"Feature","geometry":{"type":"LineString","coordinates":[[11.27028,44.56165],[11.27023,44.56155]]},"properties":{}},{"type":"Feature","geometry":{"type":"LineString","coordinates":[[11.27054,44.56195],[11.27061,44.5621]]},"properties":{}},{"type":"Feature","geometry":{"type":"LineString","coordinates":[[11.28038,44.51565],[11.27622,44.51714],[11.27085,44.51901]]},"properties":{}},{"type":"Feature","geometry":{"type":"LineString","coordinates":[[11.27093,44.62672],[11.27085,44.62661]]},"properties":{}},{"type":"Feature","geometry":{"type":"LineString","coordinates":[[11.27092,44.56283],[11.27115,44.56289],[11.27121,44.56294],[11.2712,44.56299],[11.27111,44.56307],[11.27108,44.56315]]},"properties":{}},{"type":"Feature","geometry":{"type":"LineString","coordinates":[[11.27108,44.56315],[11.27105,44.56304],[11.27098,44.56299],[11.27098,44.56293],[11.27092,44.56283]]},"properties":{}},{"type":"Feature","geometry":{"type":"LineString","coordinates":[[11.27092,44.62659],[11.271,44.62671]]},"properties":{}},{"type":"Feature","geometry":{"type":"LineString","coordinates":[[11.27108,44.56315],[11.27252,44.56613],[11.27252,44.56618],[11.27199,44.56627]]},"properties":{}},{"type":"Feature","geometry":{"type":"LineString","coordinates":[[11.27128,44.51673],[11.27127,44.51663],[11.27137,44.51656],[11.27123,44.51626],[11.27256,44.51581],[11.27285,44.51624],[11.27285,44.51628],[11.27178,44.51665],[11.27157,44.51667],[11.27155,44.51673],[11.27147,44.51678],[11.27138,44.51678],[11.27128,44.51673]]},"properties":{}},{"type":"Feature","geometry":{"type":"LineString","coordinates":[[11.27139,44.56605],[11.27162,44.56601]]},"properties":{}},{"type":"Feature","geometry":{"type":"LineString","coordinates":[[11.27144,44.56637],[11.27135,44.56614],[11.27173,44.56606],[11.27199,44.56627]]},"properties":{}},{"type":"Feature","geometry":{"type":"LineString","coordinates":[[11.27199,44.56627],[11.27144,44.56637]]},"properties":{}},{"type":"Feature","geometry":{"type":"LineString","coordinates":[[11.27519,44.50956],[11.27446,44.50855],[11.27382,44.50748],[11.27342,44.50671],[11.2729,44.50549],[11.27265,44.50477],[11.27231,44.50348],[11.27177,44.5]]},"properties":{}},{"type":"Feature","geometry":{"type":"LineString","coordinates":[[11.2719,44.5],[11.27243,44.50342],[11.2726,44.50413],[11.27291,44.50515],[11.27333,44.50623],[11.27393,44.50744],[11.27478,44.50881],[11.2753,44.50951]]},"properties":{}},{"type":"Feature","geometry":{"type":"LineString","coordinates":[[11.27218,44.51856],[11.27201,44.51861]]},"properties":{}},{"type":"Feature","geometry":{"type":"LineString","coordinates":[[11.27207,44.56523],[11.27203,44.56514]]},"properties":{}},{"type":"Feature","geometry":{"type":"LineString","coordinates":[[11.27208,44.56504],[11.27213,44.56513]]},"properties":{}},{"type":"Feature","geometry":{"type":"LineString","coordinates":[[11.27244,44.62616],[11.27238,44.6261]]},"properties":{}},{"type":"Feature","geometry":{"type":"LineString","coordinates":[[11.2725,44.62611],[11.27256,44.6262]]},"properties":{}},{"type":"Feature","geometry":{"type":"LineString","coordinates":[[11.27272,44.55744],[11.27288,44.55739]]},"properties":{}},{"type":"Feature","geometry":{"type":"LineString","coordinates":[[11.27308,44.55743],[11.27292,44.55747]]},"properties":{}},{"type":"Feature","geometry":{"type":"LineString","coordinates":[[11.28292,44.63414],[11.28013,44.63211],[11.27977,44.63191],[11.27864,44.63147],[11.27721,44.63047],[11.27677,44.6301],[11.27569,44.62897],[11.27519,44.62855],[11.27443,44.62803],[11.27403,44.6276],[11.2736,44.62706],[11.27335,44.6269]]},"properties":{}},{"type":"Feature","geometry":{"type":"LineString","coordinates":[[11.27335,44.6269],[11.27261,44.62631],[11.27134,44.62473],[11.27116,44.62409],[11.27081,44.62184],[11.27082,44.6217],[11.27084,44.62164],[11.27092,44.6216],[11.27328,44.62104],[11.27367,44.62091],[11.27464,44.62043],[11.27538,44.62003]]},"properties":{}},{"type":"Feature","geometry":{"type":"LineString","coordinates":[[11.27415,44.55706],[11.27502,44.55681],[11.27603,44.55675],[11.27619,44.55665],[11.27626,44.55653],[11.27637,44.55646],[11.2765,44.55642],[11.27695,44.55637],[11.2772,44.55619]]},"properties":{}},{"type":"Feature","geometry":{"type":"LineString","coordinates":[[11.2772,44.55619],[11.27698,44.55661],[11.277,44.5567],[11.27698,44.55679],[11.27691,44.55689],[11.27672,44.55698],[11.27651,44.55698],[11.27627,44.55687],[11.27602,44.55684],[11.27557,44.55683],[11.27495,44.55689],[11.27415,44.55706]]},"properties":{}},{"type":"Feature","geometry":{"type":"LineString","coordinates":[[11.2782,44.50293],[11.27455,44.5006],[11.2744,44.50046],[11.27429,44.5003],[11.27423,44.5]]},"properties":{}},{"type":"Feature","geometry":{"type":"LineString","coordinates":[[11.27433,44.5],[11.27437,44.50019],[11.27444,44.50034],[11.27467,44.50057],[11.27829,44.50287]]},"properties":{}},{"type":"Feature","geometry":{"type":"LineString","coordinates":[[11.2749,44.61517],[11.27469,44.61523]]},"properties":{}},{"type":"Feature","geometry":{"type":"LineString","coordinates":[[11.27471,44.61513],[11.27488,44.61509]]},"properties":{}},{"type":"Feature","geometry":{"type":"LineString","coordinates":[[11.27483,44.61516],[11.27293,44.61573],[11.2727,44.61588],[11.27263,44.61612],[11.27283,44.61653],[11.27424,44.61841],[11.27538,44.62003]]},"properties":{}},{"type":"Feature","geometry":{"type":"LineString","coordinates":[[11.27538,44.62003],[11.27355,44.61788],[11.27284,44.61709],[11.27247,44.61656],[11.27196,44.61538],[11.27132,44.61367],[11.27123,44.61336],[11.27119,44.61305],[11.2712,44.6128],[11.2714,44.61273],[11.27151,44.61273],[11.27242,44.61286],[11.27261,44.6129],[11.2728,44.613],[11.27292,44.61313],[11.27301,44.61368],[11.27304,44.61489],[11.27312,44.61515],[11.27324,44.61532],[11.27341,44.61539],[11.2736,44.61539],[11.27483,44.61516]]},"properties":{}},{"type":"Feature","geometry":{"type":"LineString","coordinates":[[11.30784,44.61003],[11.30512,44.61038],[11.28248,44.61293],[11.28129,44.61322],[11.27876,44.61402],[11.27483,44.61516]]},"properties":{}},{"type":"Feature","geometry":{"type":"LineString","coordinates":[[11.27509,44.51755],[11.27487,44.51763]]},"properties":{}},{"type":"Feature","geometry":{"type":"LineString","coordinates":[[11.27532,44.50116],[11.27516,44.50105]]},"properties":{}},{"type":"Feature","geometry":{"type":"LineString","coordinates":[[11.27516,44.50083],[11.27532,44.50093]]},"properties":{}},{"type":"Feature","geometry":{"type":"LineString","coordinates":[[11.28038,44.51565],[11.27559,44.51006],[11.27519,44.50956]]},"properties":{}},{"type":"Feature","geometry":{"type":"LineString","coordinates":[[11.27519,44.50956],[11.2753,44.50951]]},"properties":{}},{"type":"Feature","geometry":{"type":"LineString","coordinates":[[11.2753,44.50951],[11.27577,44.51009],[11.28051,44.51561]]},"properties":{}},{"type":"Feature","geometry":{"type":"LineString","coordinates":[[11.2753,44.50951],[11.27575,44.50934],[11.27598,44.5093],[11.27629,44.5093],[11.27687,44.5094],[11.27714,44.50942],[11.27746,44.5094],[11.27763,44.50936],[11.27933,44.50854],[11.28017,44.50817],[11.28165,44.50761],[11.28269,44.50726],[11.28286,44.50715]]},"properties":{}},{"type":"Feature","geometry":{"type":"LineString","coordinates":[[11.27615,44.6295],[11.27604,44.62938]]},"properties":{}},{"type":"Feature","geometry":{"type":"LineString","coordinates":[[11.27631,44.62954],[11.27641,44.62965]]},"properties":{}},{"type":"Feature","geometry":{"type":"LineString","coordinates":[[11.2772,44.55619],[11.27732,44.55611],[11.27761,44.556],[11.28441,44.55392],[11.28761,44.5528],[11.28974,44.5522],[11.29062,44.55201]]},"properties":{}},{"type":"Feature","geometry":{"type":"LineString","coordinates":[[11.27737,44.65398],[11.27723,44.65413]]},"properties":{}},{"type":"Feature","geometry":{"type":"LineString","coordinates":[[11.27742,44.50018],[11.27731,44.5]]},"properties":{}},{"type":"Feature","geometry":{"type":"LineString","coordinates":[[11.27762,44.50317],[11.27735,44.50325]]},"properties":{}},{"type":"Feature","geometry":{"type":"LineString","coordinates":[[11.27905,44.50335],[11.27921,44.50319],[11.27919,44.50304],[11.27736,44.5]]},"properties":{}},{"type":"Feature","geometry":{"type":"LineString","coordinates":[[11.27784,44.51657],[11.27763,44.51664]]},"properties":{}},{"type":"Feature","geometry":{"type":"LineString","coordinates":[[11.27766,44.50307],[11.27791,44.50299]]},"properties":{}},{"type":"Feature","geometry":{"type":"LineString","coordinates":[[11.27801,44.50481],[11.27793,44.50467]]},"properties":{}},{"type":"Feature","geometry":{"type":"LineString","coordinates":[[11.28115,44.50492],[11.2804,44.50434],[11.2782,44.50293]]},"properties":{}},{"type":"Feature","geometry":{"type":"LineString","coordinates":[[11.2782,44.50293],[11.27716,44.50327],[11.27859,44.50569],[11.28115,44.50492]]},"properties":{}},{"type":"Feature","geometry":{"type":"LineString","coordinates":[[11.2782,44.50293],[11.27829,44.50287]]},"properties":{}},{"type":"Feature","geometry":{"type":"LineString","coordinates":[[11.27829,44.50287],[11.27905,44.50335]]},"properties":{}},{"type":"Feature","geometry":{"type":"LineString","coordinates":[[11.27829,44.50509],[11.2784,44.50528]]},"properties":{}},{"type":"Feature","geometry":{"type":"LineString","coordinates":[[11.28574,44.94704],[11.28232,44.94688],[11.28098,44.94669],[11.28014,44.94672],[11.27961,44.9467],[11.27909,44.94665],[11.27851,44.94651]]},"properties":{}},{"type":"Feature","geometry":{"type":"LineString","coordinates":[[11.27887,44.50263],[11.27879,44.50249]]},"properties":{}},{"type":"Feature","geometry":{"type":"LineString","coordinates":[[11.27887,44.64543],[11.27886,44.64527]]},"properties":{}},{"type":"Feature","geometry":{"type":"LineString","coordinates":[[11.27892,44.64562],[11.279,44.6462],[11.27912,44.64658],[11.28094,44.65098],[11.28097,44.65113],[11.28085,44.65127],[11.27782,44.65344],[11.27595,44.65547],[11.27589,44.65561],[11.27595,44.65573],[11.27704,44.65694],[11.27733,44.65719],[11.27774,44.6574],[11.27778,44.65746],[11.27774,44.65761],[11.27709,44.65829],[11.27662,44.65919],[11.27652,44.65925],[11.27641,44.65925],[11.27634,44.65919],[11.27631,44.65912],[11.27616,44.65792],[11.27562,44.65722],[11.27548,44.65708],[11.27531,44.657],[11.27509,44.65699],[11.27472,44.65704],[11.27457,44.65698],[11.27514,44.65667],[11.27528,44.65654],[11.27533,44.65645],[11.27531,44.65618],[11.27516,44.65576],[11.27504,44.65518],[11.27503,44.6546],[11.27524,44.65379],[11.27557,44.65304],[11.27875,44.6467],[11.27889,44.64627],[11.27893,44.64598],[11.27892,44.64562]]},"properties":{}},{"type":"Feature","geometry":{"type":"LineString","coordinates":[[11.27892,44.64562],[11.27881,44.64397],[11.27883,44.64377],[11.27897,44.64339],[11.27908,44.64321],[11.27922,44.64307],[11.27958,44.64281],[11.28006,44.64259],[11.28349,44.64137],[11.28482,44.64081],[11.28516,44.64061],[11.28535,44.64045],[11.28561,44.64013],[11.2857,44.63994],[11.28574,44.63972],[11.28572,44.6393],[11.28481,44.63703],[11.28404,44.63523]]},"properties":{}},{"type":"Feature","geometry":{"type":"LineString","coordinates":[[11.27901,44.64544],[11.27902,44.64556]]},"properties":{}},{"type":"Feature","geometry":{"type":"LineString","coordinates":[[11.27905,44.50335],[11.28027,44.50414],[11.28128,44.50489]]},"properties":{}},{"type":"Feature","geometry":{"type":"LineString","coordinates":[[11.27954,44.50544],[11.27926,44.50553]]},"properties":{}},{"type":"Feature","geometry":{"type":"LineString","coordinates":[[11.27964,44.50389],[11.2795,44.50381]]},"properties":{}},{"type":"Feature","geometry":{"type":"LineString","coordinates":[[11.28408,44.72743],[11.2839,44.72733],[11.2828,44.72644],[11.27963,44.72366],[11.27953,44.72339],[11.27954,44.72328],[11.27957,44.72293],[11.27974,44.72245]]},"properties":{}},{"type":"Feature","geometry":{"type":"LineString","coordinates":[[11.27974,44.72245],[11.27967,44.72248],[11.27955,44.72246],[11.27948,44.72241],[11.27947,44.72235],[11.2795,44.72229],[11.27958,44.72225],[11.27968,44.72225],[11.27978,44.7223]]},"properties":{}},{"type":"Feature","geometry":{"type":"LineString","coordinates":[[11.27978,44.7223],[11.2798,44.72238],[11.27974,44.72245]]},"properties":{}},{"type":"Feature","geometry":{"type":"LineString","coordinates":[[11.27974,44.5053],[11.28,44.50522]]},"properties":{}},{"type":"Feature","geometry":{"type":"LineString","coordinates":[[11.2811,44.72082],[11.28091,44.72084],[11.28076,44.72091],[11.28043,44.72118],[11.28026,44.72136],[11.28005,44.72163],[11.28002,44.72177],[11.27978,44.7223]]},"properties":{}},{"type":"Feature","geometry":{"type":"LineString","coordinates":[[11.27992,44.76637],[11.28567,44.77474],[11.2951,44.78903],[11.28241,44.79301],[11.2926,44.80249],[11.29323,44.80298],[11.29814,44.80609],[11.29886,44.80662],[11.29918,44.80699],[11.29939,44.80717],[11.30037,44.80755],[11.30057,44.80767],[11.30082,44.80788],[11.30102,44.80815],[11.30118,44.80847],[11.30134,44.80956],[11.30154,44.81022],[11.30182,44.81064],[11.30248,44.81144],[11.30311,44.81234],[11.30381,44.81382],[11.3047,44.81518],[11.30523,44.81644]]},"properties":{}},{"type":"Feature","geometry":{"type":"LineString","coordinates":[[11.27992,44.76637],[11.27965,44.7661],[11.27964,44.76603],[11.2797,44.76598],[11.28005,44.76589]]},"properties":{}},{"type":"Feature","geometry":{"type":"LineString","coordinates":[[11.28005,44.76589],[11.27985,44.76603],[11.27984,44.76621],[11.27992,44.76637]]},"properties":{}},{"type":"Feature","geometry":{"type":"LineString","coordinates":[[11.28005,44.76589],[11.28654,44.76379],[11.28685,44.76365],[11.28723,44.76332],[11.28802,44.76299],[11.29686,44.75996],[11.30129,44.7584],[11.30232,44.75806],[11.30253,44.75805],[11.30272,44.7581]]},"properties":{}},{"type":"Feature","geometry":{"type":"LineString","coordinates":[[11.2802,44.50403],[11.28042,44.50417]]},"properties":{}},{"type":"Feature","geometry":{"type":"LineString","coordinates":[[11.28246,44.51806],[11.28038,44.51565]]},"properties":{}},{"type":"Feature","geometry":{"type":"LineString","coordinates":[[11.28051,44.51561],[11.28038,44.51565]]},"properties":{}},{"type":"Feature","geometry":{"type":"LineString","coordinates":[[11.28051,44.51561],[11.28258,44.518]]},"properties":{}},{"type":"Feature","geometry":{"type":"LineString","coordinates":[[11.28698,44.51255],[11.28423,44.51415],[11.28118,44.51531],[11.28107,44.51541],[11.28051,44.51561]]},"properties":{}},{"type":"Feature","geometry":{"type":"LineString","coordinates":[[11.28065,44.65021],[11.28069,44.65031]]},"properties":{}},{"type":"Feature","geometry":{"type":"LineString","coordinates":[[11.28097,44.63273],[11.28078,44.63261]]},"properties":{}},{"type":"Feature","geometry":{"type":"LineString","coordinates":[[11.28115,44.52762],[11.28096,44.52768]]},"properties":{}},{"type":"Feature","geometry":{"type":"LineString","coordinates":[[11.2811,44.52718],[11.28122,44.52739],[11.28119,44.52752],[11.28107,44.52761],[11.28091,44.52766],[11.28077,44.52765],[11.28061,44.52759],[11.28052,44.52748],[11.28049,44.52732],[11.2811,44.52718]]},"properties":{}},{"type":"Feature","geometry":{"type":"LineString","coordinates":[[11.28503,44.52614],[11.2811,44.52718]]},"properties":{}},{"type":"Feature","geometry":{"type":"LineString","coordinates":[[11.28126,44.72068],[11.28128,44.72074],[11.28126,44.72078],[11.2811,44.72082]]},"properties":{}},{"type":"Feature","geometry":{"type":"LineString","coordinates":[[11.2811,44.72082],[11.28101,44.72076],[11.28102,44.72068],[11.28112,44.72063],[11.28126,44.72068]]},"properties":{}},{"type":"Feature","geometry":{"type":"LineString","coordinates":[[11.2829,44.50703],[11.28293,44.50685],[11.28291,44.50673],[11.28274,44.50639],[11.28251,44.50606],[11.28215,44.5057],[11.28115,44.50492]]},"properties":{}},{"type":"Feature","geometry":{"type":"LineString","coordinates":[[11.28115,44.50492],[11.28128,44.50489]]},"properties":{}},{"type":"Feature","geometry":{"type":"LineString","coordinates":[[11.2814,44.55491],[11.28118,44.55499]]},"properties":{}},{"type":"Feature","geometry":{"type":"LineString","coordinates":[[11.30604,44.71114],[11.30388,44.71161],[11.3036,44.71173],[11.3035,44.71185],[11.30343,44.71187],[11.30334,44.71186],[11.30321,44.71178],[11.30295,44.71178],[11.30247,44.71193],[11.30219,44.71206],[11.30182,44.71228],[11.29882,44.71464],[11.29825,44.71497],[11.29782,44.71519],[11.29693,44.71554],[11.29416,44.71642],[11.28229,44.72],[11.28141,44.7204],[11.28132,44.72046],[11.28126,44.72068]]},"properties":{}},{"type":"Feature","geometry":{"type":"LineString","coordinates":[[11.28127,44.63288],[11.2814,44.63298]]},"properties":{}},{"type":"Feature","geometry":{"type":"LineString","coordinates":[[11.28128,44.50489],[11.28238,44.50578],[11.28265,44.50607],[11.28306,44.50668],[11.2833,44.50689]]},"properties":{}},{"type":"Feature","geometry":{"type":"LineString","coordinates":[[11.28132,44.55481],[11.28149,44.55475]]},"properties":{}},{"type":"Feature","geometry":{"type":"LineString","coordinates":[[11.28172,44.50543],[11.28157,44.50531]]},"properties":{}},{"type":"Feature","geometry":{"type":"LineString","coordinates":[[11.28176,44.50522],[11.28192,44.50534]]},"properties":{}},{"type":"Feature","geometry":{"type":"LineString","coordinates":[[11.28784,44.52389],[11.2873,44.52356],[11.28686,44.52318],[11.28246,44.51806]]},"properties":{}},{"type":"Feature","geometry":{"type":"LineString","coordinates":[[11.28246,44.51806],[11.28258,44.518]]},"properties":{}},{"type":"Feature","geometry":{"type":"LineString","coordinates":[[11.28258,44.518],[11.28496,44.52078],[11.28539,44.52123],[11.28621,44.52193],[11.28725,44.5226],[11.28802,44.52298],[11.28878,44.52329],[11.29017,44.52371],[11.29136,44.52393],[11.2937,44.52415]]},"properties":{}},{"type":"Feature","geometry":{"type":"LineString","coordinates":[[11.28258,44.518],[11.28304,44.51784],[11.28352,44.51779],[11.28392,44.51787],[11.28421,44.51804],[11.28437,44.51822],[11.28446,44.51851],[11.28443,44.5187],[11.28424,44.51926],[11.28424,44.51953],[11.28431,44.51973],[11.28461,44.52017],[11.28551,44.52118],[11.28618,44.52177],[11.28712,44.5224],[11.28808,44.5229],[11.28889,44.52323],[11.28975,44.52352],[11.29047,44.5237],[11.29117,44.52382],[11.2922,44.52394],[11.29644,44.52418]]},"properties":{}},{"type":"Feature","geometry":{"type":"LineString","coordinates":[[11.28321,44.50743],[11.28308,44.50741],[11.28295,44.50733],[11.28288,44.50725],[11.28286,44.50715]]},"properties":{}},{"type":"Feature","geometry":{"type":"LineString","coordinates":[[11.28286,44.50715],[11.2829,44.50703]]},"properties":{}},{"type":"Feature","geometry":{"type":"LineString","coordinates":[[11.2829,44.50703],[11.28307,44.50692],[11.2833,44.50689]]},"properties":{}},{"type":"Feature","geometry":{"type":"LineString","coordinates":[[11.28292,44.63414],[11.28361,44.63432],[11.28404,44.63523]]},"properties":{}},{"type":"Feature","geometry":{"type":"LineString","coordinates":[[11.28404,44.63523],[11.28373,44.63478],[11.28347,44.63455],[11.28292,44.63414]]},"properties":{}},{"type":"Feature","geometry":{"type":"LineString","coordinates":[[11.28334,44.83651],[11.28315,44.83627],[11.28313,44.8362],[11.2832,44.83611]]},"properties":{}},{"type":"Feature","geometry":{"type":"LineString","coordinates":[[11.2832,44.83611],[11.28055,44.83642],[11.27996,44.83646],[11.27977,44.83644],[11.27949,44.83631],[11.27935,44.83629],[11.27919,44.83636],[11.27914,44.83649],[11.27918,44.83658],[11.27929,44.83664],[11.27946,44.83682],[11.27969,44.83812],[11.28222,44.83784],[11.28273,44.83762],[11.28302,44.83754],[11.28353,44.83749]]},"properties":{}},{"type":"Feature","geometry":{"type":"LineString","coordinates":[[11.2836,44.83607],[11.2832,44.83611]]},"properties":{}},{"type":"Feature","geometry":{"type":"LineString","coordinates":[[11.28356,44.50731],[11.28342,44.5074],[11.28321,44.50743]]},"properties":{}},{"type":"Feature","geometry":{"type":"LineString","coordinates":[[11.28424,44.50878],[11.284,44.50854],[11.2834,44.50759],[11.28321,44.50743]]},"properties":{}},{"type":"Feature","geometry":{"type":"LineString","coordinates":[[11.28324,44.61281],[11.28346,44.61278]]},"properties":{}},{"type":"Feature","geometry":{"type":"LineString","coordinates":[[11.2833,44.50689],[11.28347,44.50694]]},"properties":{}},{"type":"Feature","geometry":{"type":"LineString","coordinates":[[11.28334,44.83651],[11.28353,44.83749]]},"properties":{}},{"type":"Feature","geometry":{"type":"LineString","coordinates":[[11.2836,44.83607],[11.2834,44.83619],[11.28334,44.83627],[11.28334,44.83651]]},"properties":{}},{"type":"Feature","geometry":{"type":"LineString","coordinates":[[11.28347,44.50694],[11.2836,44.50706],[11.28362,44.50721]]},"properties":{}},{"type":"Feature","geometry":{"type":"LineString","coordinates":[[11.28347,44.50694],[11.2838,44.50692],[11.29756,44.5028]]},"properties":{}},{"type":"Feature","geometry":{"type":"LineString","coordinates":[[11.28353,44.83749],[11.2844,44.83742],[11.28527,44.83706],[11.28723,44.83687],[11.28754,44.83686],[11.28909,44.83717]]},"properties":{}},{"type":"Feature","geometry":{"type":"LineString","coordinates":[[11.28356,44.50731],[11.28356,44.50748],[11.28362,44.50764],[11.28424,44.50878]]},"properties":{}},{"type":"Feature","geometry":{"type":"LineString","coordinates":[[11.28362,44.50721],[11.28356,44.50731]]},"properties":{}},{"type":"Feature","geometry":{"type":"LineString","coordinates":[[11.28382,44.51436],[11.2836,44.51445]]},"properties":{}},{"type":"Feature","geometry":{"type":"LineString","coordinates":[[11.28979,44.83533],[11.28961,44.83541],[11.28945,44.83545],[11.2884,44.83554],[11.2836,44.83607]]},"properties":{}},{"type":"Feature","geometry":{"type":"LineString","coordinates":[[11.29816,44.50276],[11.28385,44.50703],[11.28369,44.50712],[11.28362,44.50721]]},"properties":{}},{"type":"Feature","geometry":{"type":"LineString","coordinates":[[11.2839,44.61281],[11.28377,44.61282]]},"properties":{}},{"type":"Feature","geometry":{"type":"LineString","coordinates":[[11.28381,44.51429],[11.28407,44.51419]]},"properties":{}},{"type":"Feature","geometry":{"type":"LineString","coordinates":[[11.2841,44.7276],[11.28403,44.72756],[11.284,44.72752],[11.28401,44.72747],[11.28408,44.72743]]},"properties":{}},{"type":"Feature","geometry":{"type":"LineString","coordinates":[[11.28408,44.72743],[11.28423,44.72746]]},"properties":{}},{"type":"Feature","geometry":{"type":"LineString","coordinates":[[11.28425,44.72752],[11.2842,44.72758],[11.2841,44.7276]]},"properties":{}},{"type":"Feature","geometry":{"type":"LineString","coordinates":[[11.28442,44.72777],[11.2841,44.7276]]},"properties":{}},{"type":"Feature","geometry":{"type":"LineString","coordinates":[[11.28422,44.50675],[11.28448,44.50667]]},"properties":{}},{"type":"Feature","geometry":{"type":"LineString","coordinates":[[11.28423,44.72746],[11.28425,44.72752]]},"properties":{}},{"type":"Feature","geometry":{"type":"LineString","coordinates":[[11.293,44.72331],[11.29243,44.72282],[11.29237,44.7228],[11.29189,44.72233],[11.29173,44.72227],[11.29153,44.72226],[11.29139,44.7223],[11.29107,44.72248],[11.29045,44.7226],[11.2872,44.72371],[11.28655,44.724],[11.28624,44.72417],[11.28604,44.72435],[11.28456,44.72585],[11.28454,44.72593],[11.28472,44.72632],[11.28474,44.72646],[11.28468,44.72669],[11.28423,44.72746]]},"properties":{}},{"type":"Feature","geometry":{"type":"LineString","coordinates":[[11.28424,44.50878],[11.28757,44.51221]]},"properties":{}},{"type":"Feature","geometry":{"type":"LineString","coordinates":[[11.28425,44.72752],[11.28442,44.72777]]},"properties":{}},{"type":"Feature","geometry":{"type":"LineString","coordinates":[[11.28435,44.50899],[11.28426,44.50891]]},"properties":{}},{"type":"Feature","geometry":{"type":"LineString","coordinates":[[11.28439,44.50889],[11.28449,44.50899]]},"properties":{}},{"type":"Feature","geometry":{"type":"LineString","coordinates":[[11.28442,44.72777],[11.28453,44.72789],[11.28469,44.72817]]},"properties":{}},{"type":"Feature","geometry":{"type":"LineString","coordinates":[[11.28469,44.72817],[11.28513,44.7285],[11.28538,44.72892]]},"properties":{}},{"type":"Feature","geometry":{"type":"LineString","coordinates":[[11.28469,44.72817],[11.28526,44.72914]]},"properties":{}},{"type":"Feature","geometry":{"type":"LineString","coordinates":[[11.28503,44.52614],[11.28511,44.52636],[11.28597,44.52793],[11.28707,44.52956],[11.28817,44.53129],[11.28772,44.53192],[11.28764,44.532],[11.28745,44.5321],[11.28606,44.53252],[11.28601,44.53244]]},"properties":{}},{"type":"Feature","geometry":{"type":"LineString","coordinates":[[11.29635,44.5254],[11.29497,44.52523],[11.28954,44.52501],[11.28919,44.52505],[11.28882,44.52516],[11.2876,44.52572],[11.28719,44.52586],[11.28681,44.52592],[11.28546,44.52605],[11.28503,44.52614]]},"properties":{}},{"type":"Feature","geometry":{"type":"LineString","coordinates":[[11.28526,44.50666],[11.28506,44.50672]]},"properties":{}},{"type":"Feature","geometry":{"type":"LineString","coordinates":[[11.28526,44.63838],[11.2852,44.63822]]},"properties":{}},{"type":"Feature","geometry":{"type":"LineString","coordinates":[[11.28526,44.72914],[11.28545,44.72941]]},"properties":{}},{"type":"Feature","geometry":{"type":"LineString","coordinates":[[11.28538,44.72892],[11.28541,44.72899],[11.28534,44.72911],[11.28526,44.72914]]},"properties":{}},{"type":"Feature","geometry":{"type":"LineString","coordinates":[[11.28538,44.72892],[11.28558,44.72896]]},"properties":{}},{"type":"Feature","geometry":{"type":"LineString","coordinates":[[11.28543,44.63828],[11.28548,44.63842]]},"properties":{}},{"type":"Feature","geometry":{"type":"LineString","coordinates":[[11.28545,44.72941],[11.28564,44.72962]]},"properties":{}},{"type":"Feature","geometry":{"type":"LineString","coordinates":[[11.28554,44.72963],[11.28545,44.72941]]},"properties":{}},{"type":"Feature","geometry":{"type":"LineString","coordinates":[[11.28548,44.72892],[11.28569,44.72896]]},"properties":{}},{"type":"Feature","geometry":{"type":"LineString","coordinates":[[11.28556,44.72977],[11.28549,44.72971],[11.28554,44.72963]]},"properties":{}},{"type":"Feature","geometry":{"type":"LineString","coordinates":[[11.28554,44.72963],[11.28564,44.72962]]},"properties":{}},{"type":"Feature","geometry":{"type":"LineString","coordinates":[[11.2857,44.72974],[11.28556,44.72977]]},"properties":{}},{"type":"Feature","geometry":{"type":"LineString","coordinates":[[11.28578,44.72996],[11.28556,44.72977]]},"properties":{}},{"type":"Feature","geometry":{"type":"LineString","coordinates":[[11.28564,44.72962],[11.28571,44.72966],[11.2857,44.72974]]},"properties":{}},{"type":"Feature","geometry":{"type":"LineString","coordinates":[[11.2857,44.72974],[11.28578,44.72996]]},"properties":{}},{"type":"Feature","geometry":{"type":"LineString","coordinates":[[11.28575,44.52758],[11.28573,44.52754]]},"properties":{}},{"type":"Feature","geometry":{"type":"LineString","coordinates":[[11.28863,44.94705],[11.28738,44.94711],[11.28574,44.94704]]},"properties":{}},{"type":"Feature","geometry":{"type":"LineString","coordinates":[[11.28863,44.94705],[11.28769,44.94521],[11.28736,44.94538],[11.28572,44.94671],[11.2856,44.94688],[11.28563,44.94695],[11.28574,44.94704]]},"properties":{}},{"type":"Feature","geometry":{"type":"LineString","coordinates":[[11.28578,44.5275],[11.2858,44.52754]]},"properties":{}},{"type":"Feature","geometry":{"type":"LineString","coordinates":[[11.28578,44.72996],[11.2867,44.73114],[11.28683,44.73124],[11.28696,44.7313],[11.28822,44.73152],[11.28879,44.73159],[11.28916,44.73155],[11.28992,44.73132],[11.29026,44.73133]]},"properties":{}},{"type":"Feature","geometry":{"type":"LineString","coordinates":[[11.28609,44.51075],[11.286,44.51066]]},"properties":{}},{"type":"Feature","geometry":{"type":"LineString","coordinates":[[11.28665,44.53239],[11.28652,44.53243]]},"properties":{}},{"type":"Feature","geometry":{"type":"LineString","coordinates":[[11.28678,44.51133],[11.28687,44.51142]]},"properties":{}},{"type":"Feature","geometry":{"type":"LineString","coordinates":[[11.28689,44.5294],[11.28685,44.52934]]},"properties":{}},{"type":"Feature","geometry":{"type":"LineString","coordinates":[[11.28698,44.51255],[11.28724,44.51238],[11.28757,44.51221]]},"properties":{}},{"type":"Feature","geometry":{"type":"LineString","coordinates":[[11.28764,44.51228],[11.28698,44.51255]]},"properties":{}},{"type":"Feature","geometry":{"type":"LineString","coordinates":[[11.28716,44.52966],[11.2872,44.52972]]},"properties":{}},{"type":"Feature","geometry":{"type":"LineString","coordinates":[[11.28757,44.51221],[11.28764,44.51228]]},"properties":{}},{"type":"Feature","geometry":{"type":"LineString","coordinates":[[11.28757,44.51221],[11.28975,44.51123],[11.29059,44.51092]]},"properties":{}},{"type":"Feature","geometry":{"type":"LineString","coordinates":[[11.29047,44.51104],[11.28764,44.51228]]},"properties":{}},{"type":"Feature","geometry":{"type":"LineString","coordinates":[[11.28794,44.5256],[11.28782,44.52566]]},"properties":{}},{"type":"Feature","geometry":{"type":"LineString","coordinates":[[11.28784,44.52389],[11.2937,44.52415]]},"properties":{}},{"type":"Feature","geometry":{"type":"LineString","coordinates":[[11.28811,44.52403],[11.28784,44.52389]]},"properties":{}},{"type":"Feature","geometry":{"type":"LineString","coordinates":[[11.288,44.52548],[11.2881,44.52544]]},"properties":{}},{"type":"Feature","geometry":{"type":"LineString","coordinates":[[11.28808,44.51196],[11.28834,44.51184]]},"properties":{}},{"type":"Feature","geometry":{"type":"LineString","coordinates":[[11.29565,44.52437],[11.28811,44.52403]]},"properties":{}},{"type":"Feature","geometry":{"type":"LineString","coordinates":[[11.29565,44.52437],[11.29378,44.52441],[11.29136,44.52456],[11.2904,44.52458],[11.28965,44.5245],[11.28909,44.52439],[11.28858,44.52423],[11.28811,44.52403]]},"properties":{}},{"type":"Feature","geometry":{"type":"LineString","coordinates":[[11.2883,44.83911],[11.28815,44.83954],[11.288,44.83981],[11.28768,44.83988],[11.28701,44.83996],[11.28684,44.83922],[11.28688,44.83911],[11.28699,44.83901],[11.28753,44.83911],[11.2883,44.83911]]},"properties":{}},{"type":"Feature","geometry":{"type":"LineString","coordinates":[[11.28909,44.83717],[11.2883,44.83911]]},"properties":{}},{"type":"Feature","geometry":{"type":"LineString","coordinates":[[11.40541,44.8948],[11.40465,44.8949],[11.40436,44.89498],[11.4038,44.89505],[11.40333,44.89516],[11.40309,44.89517],[11.40292,44.89529],[11.40232,44.89556],[11.4015,44.89581],[11.39952,44.89655],[11.39929,44.89661],[11.39895,44.89662],[11.39682,44.89642],[11.39497,44.89608],[11.39428,44.89605],[11.39356,44.8961],[11.39271,44.89622],[11.39081,44.89657],[11.38976,44.8967],[11.3891,44.89682],[11.38804,44.89713],[11.38671,44.89762],[11.38549,44.89787],[11.38494,44.89801],[11.38433,44.89826],[11.38288,44.89896],[11.38199,44.89945],[11.38164,44.89971],[11.38117,44.90014],[11.38038,44.90115],[11.38001,44.90152],[11.37876,44.90223],[11.37851,44.90239],[11.37834,44.90256],[11.37813,44.90283],[11.37791,44.9034],[11.37758,44.90381],[11.37735,44.90398],[11.37687,44.90421],[11.37528,44.90478],[11.37506,44.90493],[11.3746,44.90535],[11.37436,44.90549],[11.37216,44.90629],[11.37134,44.90645],[11.36921,44.90659],[11.36863,44.90657],[11.3662,44.9061],[11.36566,44.90595],[11.36451,44.90551],[11.36402,44.90547],[11.36352,44.90554],[11.36248,44.90583],[11.36019,44.9067],[11.35992,44.90683],[11.35899,44.90764],[11.3583,44.90874],[11.35805,44.90901],[11.35744,44.90947],[11.35718,44.90972],[11.35581,44.91146],[11.35493,44.91245],[11.35462,44.91268],[11.35405,44.91299],[11.35202,44.91389],[11.35138,44.91414],[11.35127,44.91423],[11.35125,44.91434],[11.3513,44.91452],[11.35291,44.91825],[11.35295,44.9185],[11.35294,44.91872],[11.35287,44.91896],[11.35273,44.91917],[11.3525,44.91941],[11.35098,44.9206],[11.34939,44.92132],[11.34892,44.92162],[11.3486,44.92191],[11.34843,44.92212],[11.34788,44.92308],[11.3476,44.92342],[11.34421,44.92599],[11.34378,44.92623],[11.34268,44.92652],[11.34251,44.9266],[11.34228,44.92676],[11.34206,44.92702],[11.34177,44.92763],[11.34132,44.92837],[11.34025,44.92968],[11.33699,44.93267],[11.33672,44.93302],[11.33615,44.934],[11.33586,44.93442],[11.33473,44.9354],[11.33456,44.93559],[11.33442,44.93579],[11.33436,44.93602],[11.33436,44.93628],[11.33442,44.93677],[11.3344,44.93689],[11.3343,44.9371],[11.33406,44.93727],[11.33367,44.93733],[11.3317,44.93746],[11.33021,44.93748],[11.3256,44.93792],[11.32458,44.93795],[11.32331,44.93816],[11.32146,44.93825],[11.32011,44.93841],[11.31842,44.93855],[11.31779,44.93869],[11.31736,44.93884],[11.31689,44.93906],[11.31648,44.9393],[11.31615,44.93958],[11.31584,44.93993],[11.31449,44.94197],[11.31398,44.94258],[11.31326,44.94324],[11.31228,44.94389],[11.31194,44.94408],[11.31171,44.94416],[11.30882,44.94489],[11.30821,44.94512],[11.30719,44.94557],[11.30623,44.94589],[11.30569,44.94599],[11.30506,44.94607],[11.28863,44.94705]]},"properties":{}},{"type":"Feature","geometry":{"type":"LineString","coordinates":[[11.28886,44.51174],[11.28864,44.51184]]},"properties":{}},{"type":"Feature","geometry":{"type":"LineString","coordinates":[[11.29078,44.50049],[11.28963,44.5007],[11.28949,44.50069],[11.28883,44.5]]},"properties":{}},{"type":"Feature","geometry":{"type":"LineString","coordinates":[[11.28998,44.8351],[11.28909,44.83717]]},"properties":{}},{"type":"Feature","geometry":{"type":"LineString","coordinates":[[11.28945,44.61219],[11.28927,44.61221]]},"properties":{}},{"type":"Feature","geometry":{"type":"LineString","coordinates":[[11.28952,44.61211],[11.28974,44.61209]]},"properties":{}},{"type":"Feature","geometry":{"type":"LineString","coordinates":[[11.2898,44.83199],[11.28997,44.8321],[11.29037,44.83215]]},"properties":{}},{"type":"Feature","geometry":{"type":"LineString","coordinates":[[11.29026,44.73133],[11.29065,44.73138]]},"properties":{}},{"type":"Feature","geometry":{"type":"LineString","coordinates":[[11.29053,44.7315],[11.29026,44.73133]]},"properties":{}},{"type":"Feature","geometry":{"type":"LineString","coordinates":[[11.2905,44.50055],[11.29035,44.50058]]},"properties":{}},{"type":"Feature","geometry":{"type":"LineString","coordinates":[[11.29037,44.83215],[11.29061,44.83218]]},"properties":{}},{"type":"Feature","geometry":{"type":"LineString","coordinates":[[11.29037,44.83215],[11.29054,44.83171],[11.29078,44.83176],[11.29061,44.83218]]},"properties":{}},{"type":"Feature","geometry":{"type":"LineString","coordinates":[[11.29066,44.51096],[11.29047,44.51104]]},"properties":{}},{"type":"Feature","geometry":{"type":"LineString","coordinates":[[11.29075,44.51112],[11.29063,44.51106],[11.29047,44.51104]]},"properties":{}},{"type":"Feature","geometry":{"type":"LineString","coordinates":[[11.29052,44.5],[11.29059,44.50014]]},"properties":{}},{"type":"Feature","geometry":{"type":"LineString","coordinates":[[11.2906,44.73158],[11.29053,44.7315]]},"properties":{}},{"type":"Feature","geometry":{"type":"LineString","coordinates":[[11.29053,44.7315],[11.29055,44.73144],[11.29065,44.73138]]},"properties":{}},{"type":"Feature","geometry":{"type":"LineString","coordinates":[[11.29059,44.50014],[11.29077,44.50039],[11.2909,44.50045],[11.29157,44.50031]]},"properties":{}},{"type":"Feature","geometry":{"type":"LineString","coordinates":[[11.29078,44.50049],[11.2907,44.50039],[11.29059,44.50014]]},"properties":{}},{"type":"Feature","geometry":{"type":"LineString","coordinates":[[11.29059,44.51092],[11.29072,44.51085]]},"properties":{}},{"type":"Feature","geometry":{"type":"LineString","coordinates":[[11.29059,44.51092],[11.29068,44.51091]]},"properties":{}},{"type":"Feature","geometry":{"type":"LineString","coordinates":[[11.2908,44.73156],[11.29068,44.7316],[11.2906,44.73158]]},"properties":{}},{"type":"Feature","geometry":{"type":"LineString","coordinates":[[11.29084,44.73202],[11.29075,44.7319],[11.2906,44.73158]]},"properties":{}},{"type":"Feature","geometry":{"type":"LineString","coordinates":[[11.29061,44.83218],[11.29121,44.83222],[11.29134,44.83195],[11.29177,44.83126]]},"properties":{}},{"type":"Feature","geometry":{"type":"LineString","coordinates":[[11.29105,44.55204],[11.29062,44.55201]]},"properties":{}},{"type":"Feature","geometry":{"type":"LineString","coordinates":[[11.29062,44.55201],[11.291,44.55185]]},"properties":{}},{"type":"Feature","geometry":{"type":"LineString","coordinates":[[11.29065,44.73138],[11.2907,44.73138]]},"properties":{}},{"type":"Feature","geometry":{"type":"LineString","coordinates":[[11.29075,44.51112],[11.29066,44.51096]]},"properties":{}},{"type":"Feature","geometry":{"type":"LineString","coordinates":[[11.29066,44.51096],[11.29068,44.51091]]},"properties":{}},{"type":"Feature","geometry":{"type":"LineString","coordinates":[[11.29074,44.51093],[11.29066,44.51096]]},"properties":{}},{"type":"Feature","geometry":{"type":"LineString","coordinates":[[11.29068,44.51091],[11.29074,44.51093]]},"properties":{}},{"type":"Feature","geometry":{"type":"LineString","coordinates":[[11.29068,44.51091],[11.29072,44.51085]]},"properties":{}},{"type":"Feature","geometry":{"type":"LineString","coordinates":[[11.2907,44.73138],[11.29079,44.73141],[11.29084,44.7315]]},"properties":{}},{"type":"Feature","geometry":{"type":"LineString","coordinates":[[11.2907,44.73138],[11.29105,44.73128]]},"properties":{}},{"type":"Feature","geometry":{"type":"LineString","coordinates":[[11.29072,44.51085],[11.29469,44.50929],[11.29718,44.50873],[11.29937,44.50833],[11.30185,44.50781],[11.30395,44.50733],[11.30417,44.50725]]},"properties":{}},{"type":"Feature","geometry":{"type":"LineString","coordinates":[[11.29074,44.51093],[11.29078,44.51097]]},"properties":{}},{"type":"Feature","geometry":{"type":"LineString","coordinates":[[11.29081,44.5109],[11.29074,44.51093]]},"properties":{}},{"type":"Feature","geometry":{"type":"LineString","coordinates":[[11.2909,44.51136],[11.29075,44.51112]]},"properties":{}},{"type":"Feature","geometry":{"type":"LineString","coordinates":[[11.29157,44.50031],[11.29114,44.50045],[11.29098,44.5006],[11.29087,44.5006],[11.29078,44.50049]]},"properties":{}},{"type":"Feature","geometry":{"type":"LineString","coordinates":[[11.29078,44.51097],[11.2909,44.51136]]},"properties":{}},{"type":"Feature","geometry":{"type":"LineString","coordinates":[[11.29081,44.5109],[11.29078,44.51097]]},"properties":{}},{"type":"Feature","geometry":{"type":"LineString","coordinates":[[11.2908,44.73156],[11.29079,44.7317],[11.29084,44.73202]]},"properties":{}},{"type":"Feature","geometry":{"type":"LineString","coordinates":[[11.29084,44.7315],[11.2908,44.73156]]},"properties":{}},{"type":"Feature","geometry":{"type":"LineString","coordinates":[[11.30435,44.50731],[11.30189,44.50788],[11.2994,44.5084],[11.29757,44.50874],[11.29477,44.50934],[11.29081,44.5109]]},"properties":{}},{"type":"Feature","geometry":{"type":"LineString","coordinates":[[11.29084,44.73202],[11.29754,44.74578]]},"properties":{}},{"type":"Feature","geometry":{"type":"LineString","coordinates":[[11.29105,44.73128],[11.29099,44.73137],[11.29084,44.7315]]},"properties":{}},{"type":"Feature","geometry":{"type":"LineString","coordinates":[[11.29294,44.5164],[11.2909,44.51136]]},"properties":{}},{"type":"Feature","geometry":{"type":"LineString","coordinates":[[11.29105,44.55204],[11.29099,44.55197],[11.291,44.55185]]},"properties":{}},{"type":"Feature","geometry":{"type":"LineString","coordinates":[[11.291,44.55185],[11.29107,44.55178],[11.29117,44.55175],[11.29128,44.55176],[11.29139,44.55181]]},"properties":{}},{"type":"Feature","geometry":{"type":"LineString","coordinates":[[11.29301,44.72996],[11.29289,44.73009],[11.29251,44.73036],[11.29105,44.73128]]},"properties":{}},{"type":"Feature","geometry":{"type":"LineString","coordinates":[[11.29112,44.51211],[11.29105,44.51192]]},"properties":{}},{"type":"Feature","geometry":{"type":"LineString","coordinates":[[11.29141,44.55201],[11.29127,44.55208],[11.29115,44.55208],[11.29105,44.55204]]},"properties":{}},{"type":"Feature","geometry":{"type":"LineString","coordinates":[[11.29112,44.51174],[11.29119,44.5119]]},"properties":{}},{"type":"Feature","geometry":{"type":"LineString","coordinates":[[11.29139,44.55181],[11.29154,44.55183],[11.29181,44.55181]]},"properties":{}},{"type":"Feature","geometry":{"type":"LineString","coordinates":[[11.29139,44.55181],[11.29145,44.55192],[11.29141,44.55201]]},"properties":{}},{"type":"Feature","geometry":{"type":"LineString","coordinates":[[11.29181,44.55181],[11.29141,44.55201]]},"properties":{}},{"type":"Feature","geometry":{"type":"LineString","coordinates":[[11.29157,44.50031],[11.29361,44.5]]},"properties":{}},{"type":"Feature","geometry":{"type":"LineString","coordinates":[[11.29177,44.83126],[11.29189,44.83127],[11.29314,44.83159],[11.29411,44.83206]]},"properties":{}},{"type":"Feature","geometry":{"type":"LineString","coordinates":[[11.29801,44.83016],[11.29617,44.8292],[11.29603,44.82917],[11.29548,44.8292],[11.29428,44.82947],[11.29269,44.82974],[11.29177,44.83126]]},"properties":{}},{"type":"Feature","geometry":{"type":"LineString","coordinates":[[11.30193,44.54658],[11.30101,44.54693],[11.29846,44.54818],[11.29678,44.54904],[11.2944,44.55017],[11.29409,44.5504],[11.29372,44.55086],[11.29339,44.55118],[11.29313,44.55131],[11.29181,44.55181]]},"properties":{}},{"type":"Feature","geometry":{"type":"LineString","coordinates":[[11.2921,44.55174],[11.29193,44.5518]]},"properties":{}},{"type":"Feature","geometry":{"type":"LineString","coordinates":[[11.29212,44.55166],[11.29233,44.55158]]},"properties":{}},{"type":"Feature","geometry":{"type":"LineString","coordinates":[[11.29254,44.51559],[11.29247,44.51542]]},"properties":{}},{"type":"Feature","geometry":{"type":"LineString","coordinates":[[11.2928,44.52933],[11.29252,44.52926]]},"properties":{}},{"type":"Feature","geometry":{"type":"LineString","coordinates":[[11.29264,44.73023],[11.29274,44.73015]]},"properties":{}},{"type":"Feature","geometry":{"type":"LineString","coordinates":[[11.2927,44.51563],[11.29276,44.5158]]},"properties":{}},{"type":"Feature","geometry":{"type":"LineString","coordinates":[[11.29302,44.73007],[11.2929,44.73017]]},"properties":{}},{"type":"Feature","geometry":{"type":"LineString","coordinates":[[11.29294,44.5164],[11.2931,44.51657],[11.29322,44.51663],[11.29336,44.51664],[11.29345,44.51671],[11.29342,44.51697],[11.29346,44.51715]]},"properties":{}},{"type":"Feature","geometry":{"type":"LineString","coordinates":[[11.29346,44.51715],[11.29328,44.51693],[11.2931,44.51681],[11.29308,44.51673],[11.29298,44.51659],[11.29294,44.5164]]},"properties":{}},{"type":"Feature","geometry":{"type":"LineString","coordinates":[[11.29312,44.72342],[11.293,44.7234],[11.29298,44.72335],[11.293,44.72331]]},"properties":{}},{"type":"Feature","geometry":{"type":"LineString","coordinates":[[11.293,44.72331],[11.29305,44.72328],[11.29315,44.7233]]},"properties":{}},{"type":"Feature","geometry":{"type":"LineString","coordinates":[[11.29301,44.72996],[11.29317,44.72967],[11.29331,44.72954],[11.29348,44.72946]]},"properties":{}},{"type":"Feature","geometry":{"type":"LineString","coordinates":[[11.29348,44.72946],[11.29347,44.7296],[11.29331,44.72976],[11.29301,44.72996]]},"properties":{}},{"type":"Feature","geometry":{"type":"LineString","coordinates":[[11.29312,44.72342],[11.29392,44.72402],[11.29396,44.72413],[11.29388,44.72426],[11.29317,44.72498],[11.2931,44.72511],[11.2931,44.72535],[11.29325,44.72553],[11.29406,44.72616],[11.29421,44.72645],[11.29473,44.72791],[11.29471,44.72811],[11.29455,44.72835],[11.29348,44.72946]]},"properties":{}},{"type":"Feature","geometry":{"type":"LineString","coordinates":[[11.29315,44.7233],[11.29318,44.72336],[11.29312,44.72342]]},"properties":{}},{"type":"Feature","geometry":{"type":"LineString","coordinates":[[11.29315,44.7233],[11.29657,44.7206],[11.30398,44.71487]]},"properties":{}},{"type":"Feature","geometry":{"type":"LineString","coordinates":[[11.29575,44.52252],[11.2946,44.5208],[11.29375,44.51841],[11.29371,44.51821],[11.29372,44.51782],[11.29346,44.51715]]},"properties":{}},{"type":"Feature","geometry":{"type":"LineString","coordinates":[[11.2935,44.72297],[11.29365,44.72284]]},"properties":{}},{"type":"Feature","geometry":{"type":"LineString","coordinates":[[11.29393,44.50002],[11.29365,44.50005]]},"properties":{}},{"type":"Feature","geometry":{"type":"LineString","coordinates":[[11.2937,44.52415],[11.29649,44.52429]]},"properties":{}},{"type":"Feature","geometry":{"type":"LineString","coordinates":[[11.2938,44.50387],[11.29409,44.50378]]},"properties":{}},{"type":"Feature","geometry":{"type":"LineString","coordinates":[[11.29388,44.51897],[11.29384,44.51885]]},"properties":{}},{"type":"Feature","geometry":{"type":"LineString","coordinates":[[11.29395,44.72269],[11.29384,44.72278]]},"properties":{}},{"type":"Feature","geometry":{"type":"LineString","coordinates":[[11.29449,44.83238],[11.29432,44.83237],[11.29417,44.8323],[11.2941,44.83219],[11.29411,44.83206]]},"properties":{}},{"type":"Feature","geometry":{"type":"LineString","coordinates":[[11.29411,44.83206],[11.2942,44.83196],[11.29438,44.8319],[11.29455,44.83191],[11.29471,44.83199],[11.29476,44.83206],[11.29476,44.83223],[11.29465,44.83233],[11.29449,44.83238]]},"properties":{}},{"type":"Feature","geometry":{"type":"LineString","coordinates":[[11.29414,44.51934],[11.29418,44.51947]]},"properties":{}},{"type":"Feature","geometry":{"type":"LineString","coordinates":[[11.29455,44.50389],[11.29433,44.50396]]},"properties":{}},{"type":"Feature","geometry":{"type":"LineString","coordinates":[[11.30124,44.83736],[11.30046,44.83656],[11.29922,44.83509],[11.29869,44.83449],[11.29848,44.83432],[11.29732,44.83376],[11.29539,44.83276],[11.29462,44.83239],[11.29449,44.83238]]},"properties":{}},{"type":"Feature","geometry":{"type":"LineString","coordinates":[[11.29478,44.52877],[11.29481,44.52888],[11.29468,44.5291]]},"properties":{}},{"type":"Feature","geometry":{"type":"LineString","coordinates":[[11.29478,44.52877],[11.29444,44.52929],[11.29394,44.5295],[11.29372,44.5295],[11.29253,44.52922],[11.29239,44.52913],[11.29227,44.52897],[11.29156,44.52798],[11.29154,44.52787],[11.2916,44.52779],[11.29169,44.52774],[11.29651,44.52602],[11.29673,44.52591],[11.2968,44.5258],[11.29676,44.52572]]},"properties":{}},{"type":"Feature","geometry":{"type":"LineString","coordinates":[[11.29741,44.52619],[11.29715,44.52619],[11.29695,44.52608],[11.29661,44.52606],[11.29474,44.52673],[11.29456,44.52684],[11.29449,44.52693],[11.29445,44.52717],[11.29459,44.52737],[11.29477,44.52748],[11.29485,44.52757],[11.29531,44.52819],[11.29538,44.52833],[11.29537,44.52841],[11.29532,44.52848],[11.29482,44.5287],[11.29478,44.52877]]},"properties":{}},{"type":"Feature","geometry":{"type":"LineString","coordinates":[[11.29485,44.5213],[11.29479,44.5212]]},"properties":{}},{"type":"Feature","geometry":{"type":"LineString","coordinates":[[11.29498,44.52127],[11.29508,44.52141]]},"properties":{}},{"type":"Feature","geometry":{"type":"LineString","coordinates":[[11.29556,44.84385],[11.29539,44.84384],[11.29521,44.84371],[11.2952,44.84356],[11.2953,44.84345],[11.29539,44.84341]]},"properties":{}},{"type":"Feature","geometry":{"type":"LineString","coordinates":[[11.29539,44.84341],[11.29531,44.843],[11.2946,44.84105],[11.29453,44.84074],[11.29422,44.84022],[11.29382,44.83982],[11.29326,44.83873],[11.2989,44.83764],[11.29948,44.83755],[11.30119,44.83746]]},"properties":{}},{"type":"Feature","geometry":{"type":"LineString","coordinates":[[11.29539,44.84341],[11.2956,44.84341],[11.29569,44.84344],[11.29581,44.84357],[11.2958,44.84371],[11.29566,44.84382],[11.29556,44.84385]]},"properties":{}},{"type":"Feature","geometry":{"type":"LineString","coordinates":[[11.31144,44.89027],[11.3112,44.89029],[11.31084,44.89007],[11.30777,44.88777],[11.30735,44.88756],[11.30629,44.88721],[11.30607,44.88716],[11.30548,44.88713],[11.30395,44.88709],[11.30334,44.88721],[11.30106,44.88783],[11.3009,44.88785],[11.299,44.88751],[11.29787,44.88744],[11.29771,44.88737],[11.29676,44.88642],[11.29641,44.88621],[11.29352,44.88511],[11.29336,44.88513],[11.29315,44.88528],[11.29295,44.88533],[11.29166,44.88499],[11.29132,44.88485],[11.29039,44.88423],[11.28984,44.88391],[11.28955,44.88382],[11.28908,44.88377],[11.28886,44.88371],[11.2886,44.88353],[11.2875,44.88218],[11.28552,44.87987],[11.28379,44.87763],[11.28326,44.87687],[11.28319,44.87661],[11.28327,44.87563],[11.28325,44.87534],[11.28309,44.87497],[11.28305,44.87448],[11.28317,44.87266],[11.28319,44.87155],[11.28325,44.87125],[11.28346,44.87058],[11.28344,44.87051],[11.28335,44.87039],[11.28253,44.86986],[11.28248,44.86982],[11.28246,44.86973],[11.28284,44.86923],[11.28379,44.86834],[11.28414,44.86789],[11.28436,44.86736],[11.28443,44.86703],[11.2844,44.86682],[11.28428,44.86659],[11.2843,44.86603],[11.28446,44.86531],[11.28469,44.86473],[11.28647,44.8619],[11.28771,44.85974],[11.28952,44.85642],[11.28955,44.8563],[11.2895,44.85608],[11.28951,44.85595],[11.2897,44.85557],[11.29065,44.85394],[11.29078,44.85378],[11.29085,44.85377],[11.2913,44.85382],[11.2914,44.85376],[11.29152,44.85359],[11.2923,44.85219],[11.29332,44.85021],[11.29435,44.84832],[11.29592,44.84515],[11.29596,44.84492],[11.29583,44.84447],[11.29556,44.84385]]},"properties":{}},{"type":"Feature","geometry":{"type":"LineString","coordinates":[[11.29581,44.61148],[11.29564,44.6115]]},"properties":{}},{"type":"Feature","geometry":{"type":"LineString","coordinates":[[11.29654,44.52441],[11.29565,44.52437]]},"properties":{}},{"type":"Feature","geometry":{"type":"LineString","coordinates":[[11.29575,44.52252],[11.29588,44.52262],[11.29622,44.52278],[11.29626,44.52288],[11.29624,44.52299]]},"properties":{}},{"type":"Feature","geometry":{"type":"LineString","coordinates":[[11.29617,44.52349],[11.29604,44.52321],[11.2959,44.5231],[11.29574,44.52304],[11.29568,44.52296],[11.29567,44.52285],[11.29576,44.52264],[11.29575,44.52252]]},"properties":{}},{"type":"Feature","geometry":{"type":"LineString","coordinates":[[11.29595,44.5002],[11.29584,44.50006]]},"properties":{}},{"type":"Feature","geometry":{"type":"LineString","coordinates":[[11.2959,44.5],[11.29737,44.50189]]},"properties":{}},{"type":"Feature","geometry":{"type":"LineString","coordinates":[[11.29613,44.50021],[11.29621,44.50032]]},"properties":{}},{"type":"Feature","geometry":{"type":"LineString","coordinates":[[11.29645,44.52401],[11.29617,44.52349]]},"properties":{}},{"type":"Feature","geometry":{"type":"LineString","coordinates":[[11.29644,44.52418],[11.29617,44.52349]]},"properties":{}},{"type":"Feature","geometry":{"type":"LineString","coordinates":[[11.29646,44.50902],[11.2962,44.50907]]},"properties":{}},{"type":"Feature","geometry":{"type":"LineString","coordinates":[[11.29624,44.52299],[11.29617,44.52305],[11.29615,44.52317],[11.29626,44.52346]]},"properties":{}},{"type":"Feature","geometry":{"type":"LineString","coordinates":[[11.29663,44.52419],[11.29766,44.52418],[11.29801,44.52414],[11.29814,44.52409],[11.29827,44.52397],[11.29833,44.52387],[11.29834,44.52372],[11.29824,44.52354],[11.29811,44.52346],[11.29695,44.523],[11.29672,44.52294],[11.29646,44.52291],[11.29624,44.52299]]},"properties":{}},{"type":"Feature","geometry":{"type":"LineString","coordinates":[[11.29624,44.97814],[11.29622,44.97782],[11.29616,44.97766],[11.29605,44.97805],[11.29595,44.97821],[11.29566,44.97852],[11.29535,44.97871],[11.29499,44.97886],[11.29325,44.97934],[11.29178,44.98023],[11.29136,44.98059],[11.29109,44.98095],[11.29102,44.9811],[11.29092,44.98159],[11.29093,44.98182],[11.29103,44.98217],[11.29527,44.98837],[11.29544,44.9885],[11.29564,44.98848],[11.29575,44.98854],[11.29579,44.98863],[11.30199,44.98846],[11.30351,44.98824],[11.30355,44.98813],[11.30367,44.98807],[11.30379,44.98806],[11.30389,44.98811],[11.30396,44.9882],[11.30395,44.98825],[11.30388,44.98834],[11.30382,44.98837],[11.30636,44.99321],[11.3065,44.99353],[11.30648,44.99381],[11.30665,44.99384],[11.30675,44.99394],[11.30677,44.994],[11.30671,44.99412],[11.30657,44.99419],[11.3064,44.99419],[11.30626,44.99411],[11.30623,44.99405],[11.30471,44.99432],[11.3033,44.99468],[11.30179,44.99516],[11.30105,44.99553],[11.30082,44.9957],[11.3002,44.99631],[11.29861,44.99795],[11.29653,45.0]]},"properties":{}},{"type":"Feature","geometry":{"type":"LineString","coordinates":[[11.29626,44.52346],[11.29663,44.52419]]},"properties":{}},{"type":"Feature","geometry":{"type":"LineString","coordinates":[[11.29626,44.52346],[11.29645,44.52401]]},"properties":{}},{"type":"Feature","geometry":{"type":"LineString","coordinates":[[11.29635,44.5254],[11.29657,44.52544],[11.29675,44.5254]]},"properties":{}},{"type":"Feature","geometry":{"type":"LineString","coordinates":[[11.29676,44.52572],[11.29658,44.52553],[11.29635,44.5254]]},"properties":{}},{"type":"Feature","geometry":{"type":"LineString","coordinates":[[11.29644,44.52418],[11.29653,44.52419]]},"properties":{}},{"type":"Feature","geometry":{"type":"LineString","coordinates":[[11.29649,44.52429],[11.29644,44.52418]]},"properties":{}},{"type":"Feature","geometry":{"type":"LineString","coordinates":[[11.29653,44.52419],[11.29645,44.52401]]},"properties":{}},{"type":"Feature","geometry":{"type":"LineString","coordinates":[[11.29649,44.52429],[11.29658,44.52429]]},"properties":{}},{"type":"Feature","geometry":{"type":"LineString","coordinates":[[11.29654,44.52441],[11.29649,44.52429]]},"properties":{}},{"type":"Feature","geometry":{"type":"LineString","coordinates":[[11.29653,44.52419],[11.29663,44.52419]]},"properties":{}},{"type":"Feature","geometry":{"type":"LineString","coordinates":[[11.29658,44.52429],[11.29653,44.52419]]},"properties":{}},{"type":"Feature","geometry":{"type":"LineString","coordinates":[[11.29663,44.52441],[11.29654,44.52441]]},"properties":{}},{"type":"Feature","geometry":{"type":"LineString","coordinates":[[11.29675,44.5254],[11.29685,44.52528],[11.29685,44.52513],[11.29654,44.52441]]},"properties":{}},{"type":"Feature","geometry":{"type":"LineString","coordinates":[[11.29658,44.52429],[11.29667,44.5243]]},"properties":{}},{"type":"Feature","geometry":{"type":"LineString","coordinates":[[11.29663,44.52441],[11.29658,44.52429]]},"properties":{}},{"type":"Feature","geometry":{"type":"LineString","coordinates":[[11.29663,44.52419],[11.29667,44.5243]]},"properties":{}},{"type":"Feature","geometry":{"type":"LineString","coordinates":[[11.29673,44.52442],[11.29663,44.52441]]},"properties":{}},{"type":"Feature","geometry":{"type":"LineString","coordinates":[[11.29741,44.52619],[11.29663,44.52441]]},"properties":{}},{"type":"Feature","geometry":{"type":"LineString","coordinates":[[11.29667,44.5243],[11.30523,44.52467],[11.3062,44.52477],[11.30762,44.52502],[11.30894,44.52536],[11.31025,44.52585],[11.31092,44.52615],[11.31557,44.52837]]},"properties":{}},{"type":"Feature","geometry":{"type":"LineString","coordinates":[[11.29667,44.5243],[11.29673,44.52442]]},"properties":{}},{"type":"Feature","geometry":{"type":"LineString","coordinates":[[11.31547,44.52846],[11.31015,44.52596],[11.30861,44.5254],[11.30727,44.52507],[11.30633,44.52491],[11.3049,44.52477],[11.29673,44.52442]]},"properties":{}},{"type":"Feature","geometry":{"type":"LineString","coordinates":[[11.29673,44.52442],[11.29709,44.52515],[11.29717,44.52523],[11.29745,44.52531],[11.29754,44.5254],[11.29773,44.52582],[11.29772,44.52596],[11.29764,44.52608],[11.29741,44.52619]]},"properties":{}},{"type":"Feature","geometry":{"type":"LineString","coordinates":[[11.29676,44.52572],[11.2967,44.52555],[11.29675,44.5254]]},"properties":{}},{"type":"Feature","geometry":{"type":"LineString","coordinates":[[11.29686,44.68039],[11.29676,44.68029]]},"properties":{}},{"type":"Feature","geometry":{"type":"LineString","coordinates":[[11.29679,44.50879],[11.29695,44.50876]]},"properties":{}},{"type":"Feature","geometry":{"type":"LineString","coordinates":[[11.29711,44.68051],[11.29725,44.68064]]},"properties":{}},{"type":"Feature","geometry":{"type":"LineString","coordinates":[[11.29726,44.50168],[11.29735,44.50178]]},"properties":{}},{"type":"Feature","geometry":{"type":"LineString","coordinates":[[11.2974,44.50208],[11.29732,44.50196]]},"properties":{}},{"type":"Feature","geometry":{"type":"LineString","coordinates":[[11.29737,44.50189],[11.29775,44.50219]]},"properties":{}},{"type":"Feature","geometry":{"type":"LineString","coordinates":[[11.29757,44.50222],[11.29737,44.50189]]},"properties":{}},{"type":"Feature","geometry":{"type":"LineString","coordinates":[[11.29798,44.52747],[11.29741,44.52619]]},"properties":{}},{"type":"Feature","geometry":{"type":"LineString","coordinates":[[11.29749,44.67715],[11.29755,44.67707]]},"properties":{}},{"type":"Feature","geometry":{"type":"LineString","coordinates":[[11.29754,44.74578],[11.29769,44.74596],[11.29785,44.74627],[11.29804,44.74666],[11.29812,44.74695]]},"properties":{}},{"type":"Feature","geometry":{"type":"LineString","coordinates":[[11.29812,44.74695],[11.29805,44.74688],[11.29754,44.74578]]},"properties":{}},{"type":"Feature","geometry":{"type":"LineString","coordinates":[[11.29756,44.5028],[11.2977,44.5027],[11.29773,44.50262],[11.29757,44.50222]]},"properties":{}},{"type":"Feature","geometry":{"type":"LineString","coordinates":[[11.29756,44.5028],[11.29803,44.50267]]},"properties":{}},{"type":"Feature","geometry":{"type":"LineString","coordinates":[[11.29803,44.50267],[11.29757,44.50222]]},"properties":{}},{"type":"Feature","geometry":{"type":"LineString","coordinates":[[11.29761,44.61119],[11.29784,44.61116]]},"properties":{}},{"type":"Feature","geometry":{"type":"LineString","coordinates":[[11.29764,44.50202],[11.29772,44.50208]]},"properties":{}},{"type":"Feature","geometry":{"type":"LineString","coordinates":[[11.29776,44.67698],[11.29768,44.67709]]},"properties":{}},{"type":"Feature","geometry":{"type":"LineString","coordinates":[[11.29775,44.50219],[11.29796,44.50228],[11.29831,44.5025],[11.29853,44.50253]]},"properties":{}},{"type":"Feature","geometry":{"type":"LineString","coordinates":[[11.29775,44.50219],[11.29822,44.50262]]},"properties":{}},{"type":"Feature","geometry":{"type":"LineString","coordinates":[[11.29798,44.52747],[11.29812,44.52766],[11.29828,44.52779],[11.2985,44.52791],[11.29895,44.52804],[11.29926,44.52806],[11.29954,44.52804],[11.30034,44.52782]]},"properties":{}},{"type":"Feature","geometry":{"type":"LineString","coordinates":[[11.30034,44.52782],[11.29985,44.52803],[11.29957,44.52811],[11.29925,44.52814],[11.29894,44.52812],[11.29844,44.52797],[11.29822,44.52785],[11.29806,44.52766],[11.29798,44.52747]]},"properties":{}},{"type":"Feature","geometry":{"type":"LineString","coordinates":[[11.29801,44.83016],[11.29851,44.8306],[11.2989,44.83106],[11.29902,44.83123],[11.29904,44.83135]]},"properties":{}},{"type":"Feature","geometry":{"type":"LineString","coordinates":[[11.30058,44.82773],[11.29801,44.83016]]},"properties":{}},{"type":"Feature","geometry":{"type":"LineString","coordinates":[[11.29816,44.50276],[11.29803,44.50267]]},"properties":{}},{"type":"Feature","geometry":{"type":"LineString","coordinates":[[11.29803,44.50267],[11.29822,44.50262]]},"properties":{}},{"type":"Feature","geometry":{"type":"LineString","coordinates":[[11.29812,44.74695],[11.29897,44.7487]]},"properties":{}},{"type":"Feature","geometry":{"type":"LineString","coordinates":[[11.30553,44.69955],[11.30574,44.69883],[11.3058,44.69848],[11.30581,44.69732],[11.30571,44.69637],[11.30543,44.69206],[11.30534,44.69173],[11.30517,44.69141],[11.30477,44.69083],[11.30285,44.6884],[11.30248,44.68805],[11.30208,44.68774],[11.30003,44.68635],[11.2996,44.68597],[11.29862,44.68449],[11.29845,44.68415],[11.29833,44.68347],[11.29834,44.68308],[11.29829,44.68288],[11.29826,44.68178],[11.29823,44.68171],[11.2964,44.67985],[11.29616,44.67956],[11.29609,44.67939],[11.29606,44.67919],[11.29609,44.67902],[11.29816,44.6764]]},"properties":{}},{"type":"Feature","geometry":{"type":"LineString","coordinates":[[11.29816,44.6764],[11.29829,44.67625],[11.29848,44.67618]]},"properties":{}},{"type":"Feature","geometry":{"type":"LineString","coordinates":[[11.29856,44.6763],[11.2984,44.67626],[11.29816,44.6764]]},"properties":{}},{"type":"Feature","geometry":{"type":"LineString","coordinates":[[11.30011,44.50386],[11.29916,44.50322],[11.29841,44.5029],[11.29816,44.50276]]},"properties":{}},{"type":"Feature","geometry":{"type":"LineString","coordinates":[[11.29836,44.5027],[11.29816,44.50276]]},"properties":{}},{"type":"Feature","geometry":{"type":"LineString","coordinates":[[11.29822,44.50262],[11.29836,44.5027]]},"properties":{}},{"type":"Feature","geometry":{"type":"LineString","coordinates":[[11.29822,44.50262],[11.29853,44.50253]]},"properties":{}},{"type":"Feature","geometry":{"type":"LineString","coordinates":[[11.29836,44.5027],[11.29914,44.5031],[11.29941,44.50328],[11.29987,44.50359],[11.30011,44.50386]]},"properties":{}},{"type":"Feature","geometry":{"type":"LineString","coordinates":[[11.30442,44.5014],[11.30374,44.50139],[11.30313,44.50147],[11.29836,44.5027]]},"properties":{}},{"type":"Feature","geometry":{"type":"LineString","coordinates":[[11.29856,44.6763],[11.29848,44.67618]]},"properties":{}},{"type":"Feature","geometry":{"type":"LineString","coordinates":[[11.29848,44.67618],[11.29849,44.67604],[11.29865,44.6759]]},"properties":{}},{"type":"Feature","geometry":{"type":"LineString","coordinates":[[11.29853,44.50253],[11.30289,44.50139],[11.30314,44.50128],[11.30332,44.50113],[11.30347,44.50094],[11.30353,44.50076]]},"properties":{}},{"type":"Feature","geometry":{"type":"LineString","coordinates":[[11.29906,44.67592],[11.29918,44.67601],[11.29921,44.67614],[11.29916,44.67626],[11.2991,44.67631],[11.29885,44.67639],[11.29875,44.67638],[11.29856,44.6763]]},"properties":{}},{"type":"Feature","geometry":{"type":"LineString","coordinates":[[11.29865,44.6759],[11.2988,44.67578],[11.29897,44.67546]]},"properties":{}},{"type":"Feature","geometry":{"type":"LineString","coordinates":[[11.29865,44.6759],[11.29886,44.67586],[11.29906,44.67592]]},"properties":{}},{"type":"Feature","geometry":{"type":"LineString","coordinates":[[11.29886,44.50238],[11.29908,44.50232]]},"properties":{}},{"type":"Feature","geometry":{"type":"LineString","coordinates":[[11.29897,44.67546],[11.29895,44.67571],[11.29906,44.67592]]},"properties":{}},{"type":"Feature","geometry":{"type":"LineString","coordinates":[[11.34017,44.64773],[11.339,44.64833],[11.3382,44.64869],[11.33654,44.64966],[11.3356,44.6503],[11.33516,44.65047],[11.33429,44.65075],[11.33271,44.65099],[11.33157,44.65146],[11.33061,44.65178],[11.32896,44.65272],[11.32821,44.65342],[11.32676,44.65419],[11.32569,44.65506],[11.32506,44.65549],[11.3242,44.65595],[11.3228,44.65663],[11.32217,44.65676],[11.32135,44.65677],[11.3205,44.65691],[11.3181,44.65761],[11.3169,44.65805],[11.31613,44.65838],[11.31581,44.65864],[11.31543,44.65904],[11.31475,44.65992],[11.31419,44.66055],[11.31338,44.66125],[11.31263,44.66257],[11.31247,44.66274],[11.31207,44.66298],[11.31075,44.66352],[11.30961,44.66411],[11.30936,44.66427],[11.30893,44.66466],[11.3084,44.66502],[11.30593,44.66656],[11.30553,44.66688],[11.2993,44.67497],[11.29897,44.67546]]},"properties":{}},{"type":"Feature","geometry":{"type":"LineString","coordinates":[[11.29897,44.7487],[11.29921,44.74887],[11.29961,44.74902],[11.29975,44.74917],[11.29978,44.74931],[11.29976,44.74942],[11.29967,44.74955],[11.29954,44.74964]]},"properties":{}},{"type":"Feature","geometry":{"type":"LineString","coordinates":[[11.29902,44.74969],[11.29888,44.74964],[11.29875,44.74954],[11.29865,44.74934],[11.29866,44.74923],[11.29872,44.74912],[11.29887,44.74899],[11.29895,44.74887],[11.29897,44.7487]]},"properties":{}},{"type":"Feature","geometry":{"type":"LineString","coordinates":[[11.29943,44.74968],[11.29926,44.74971],[11.29902,44.74969]]},"properties":{}},{"type":"Feature","geometry":{"type":"LineString","coordinates":[[11.29946,44.74991],[11.29902,44.74969]]},"properties":{}},{"type":"Feature","geometry":{"type":"LineString","coordinates":[[11.29904,44.83135],[11.29908,44.83178]]},"properties":{}},{"type":"Feature","geometry":{"type":"LineString","coordinates":[[11.29908,44.83178],[11.29891,44.83167],[11.29893,44.83157],[11.29904,44.83135]]},"properties":{}},{"type":"Feature","geometry":{"type":"LineString","coordinates":[[11.30128,44.83422],[11.30136,44.83428],[11.30216,44.83384],[11.29908,44.83178]]},"properties":{}},{"type":"Feature","geometry":{"type":"LineString","coordinates":[[11.29963,44.50836],[11.29939,44.50841]]},"properties":{}},{"type":"Feature","geometry":{"type":"LineString","coordinates":[[11.29943,44.74968],[11.29942,44.74982],[11.29946,44.74991]]},"properties":{}},{"type":"Feature","geometry":{"type":"LineString","coordinates":[[11.29954,44.74964],[11.29943,44.74968]]},"properties":{}},{"type":"Feature","geometry":{"type":"LineString","coordinates":[[11.29946,44.74991],[11.29966,44.75012],[11.29979,44.75031],[11.30332,44.75755],[11.30333,44.7577],[11.30322,44.75786]]},"properties":{}},{"type":"Feature","geometry":{"type":"LineString","coordinates":[[11.2995,44.82525],[11.29962,44.82535],[11.30048,44.8264],[11.30086,44.82674],[11.30114,44.82725]]},"properties":{}},{"type":"Feature","geometry":{"type":"LineString","coordinates":[[11.30092,44.82727],[11.30095,44.82716],[11.30094,44.82709],[11.30082,44.82687],[11.30036,44.82639],[11.29955,44.82538],[11.2995,44.82525]]},"properties":{}},{"type":"Feature","geometry":{"type":"LineString","coordinates":[[11.30523,44.81644],[11.30536,44.81668],[11.30547,44.8168],[11.30648,44.81779],[11.30655,44.81793],[11.30652,44.81808],[11.30628,44.8183],[11.30348,44.81996],[11.30212,44.82089],[11.30169,44.82125],[11.30135,44.8216],[11.29907,44.82443],[11.29903,44.82455],[11.29906,44.82468],[11.2995,44.82525]]},"properties":{}},{"type":"Feature","geometry":{"type":"LineString","coordinates":[[11.3765,44.79624],[11.3764,44.79618],[11.37634,44.79607],[11.37642,44.79583],[11.37642,44.79565],[11.37618,44.79537],[11.37219,44.79177],[11.37206,44.79169],[11.37171,44.79141],[11.37103,44.79079],[11.37072,44.79044],[11.36404,44.78444],[11.36318,44.78376],[11.36136,44.78282],[11.35898,44.78148],[11.35821,44.78097],[11.35717,44.77984],[11.35567,44.77795],[11.35398,44.7767],[11.35326,44.77602],[11.35296,44.77581],[11.35202,44.77533],[11.35035,44.77462],[11.34836,44.77336],[11.34781,44.77308],[11.34684,44.77268],[11.34661,44.77253],[11.34584,44.77191],[11.34502,44.77119],[11.34474,44.77101],[11.34421,44.77074],[11.34165,44.76967],[11.33891,44.76905],[11.33533,44.76784],[11.3347,44.7678],[11.33357,44.7679],[11.33319,44.76801],[11.33181,44.76852],[11.33134,44.76863],[11.33083,44.7687],[11.32953,44.7688],[11.32588,44.76894],[11.32559,44.76894],[11.32542,44.76888],[11.32495,44.76855],[11.3234,44.7673],[11.32288,44.76696],[11.32187,44.76642],[11.32089,44.76578],[11.3204,44.76544],[11.31927,44.76456],[11.31874,44.76399],[11.31736,44.76199],[11.31695,44.76155],[11.3162,44.76084],[11.31601,44.76068],[11.31415,44.75948],[11.31175,44.75742],[11.3106,44.75662],[11.30857,44.75551],[11.30638,44.75414],[11.30485,44.75312],[11.30251,44.75149],[11.29993,44.74978],[11.29977,44.74969],[11.29954,44.74964]]},"properties":{}},{"type":"Feature","geometry":{"type":"LineString","coordinates":[[11.29958,44.5414],[11.29996,44.54244],[11.3014,44.54466]]},"properties":{}},{"type":"Feature","geometry":{"type":"LineString","coordinates":[[11.29958,44.5414],[11.29948,44.54126],[11.29931,44.54117],[11.29924,44.54109],[11.29924,44.541],[11.29931,44.54092],[11.2995,44.54087],[11.29982,44.54093],[11.3002,44.5409]]},"properties":{}},{"type":"Feature","geometry":{"type":"LineString","coordinates":[[11.3002,44.5409],[11.29978,44.54104],[11.2996,44.54123],[11.29958,44.5414]]},"properties":{}},{"type":"Feature","geometry":{"type":"LineString","coordinates":[[11.30004,44.50816],[11.30025,44.50811]]},"properties":{}},{"type":"Feature","geometry":{"type":"LineString","coordinates":[[11.30417,44.50718],[11.30159,44.50569],[11.30141,44.50557],[11.30123,44.50536],[11.30011,44.50386]]},"properties":{}},{"type":"Feature","geometry":{"type":"LineString","coordinates":[[11.30024,44.50412],[11.30015,44.504]]},"properties":{}},{"type":"Feature","geometry":{"type":"LineString","coordinates":[[11.30502,44.53376],[11.30205,44.53522],[11.30152,44.53534],[11.30137,44.5354],[11.30131,44.53546],[11.30207,44.53796],[11.30208,44.53832],[11.30202,44.53929],[11.30189,44.54037],[11.3002,44.5409]]},"properties":{}},{"type":"Feature","geometry":{"type":"LineString","coordinates":[[11.30057,44.50217],[11.30029,44.50225]]},"properties":{}},{"type":"Feature","geometry":{"type":"LineString","coordinates":[[11.30034,44.52782],[11.30329,44.52675],[11.30372,44.52664],[11.30413,44.52664],[11.30442,44.5267],[11.3048,44.52688],[11.305,44.52705],[11.30635,44.52925],[11.30643,44.5294],[11.30653,44.52974],[11.30655,44.53023],[11.30634,44.53271],[11.30622,44.533],[11.30592,44.53343]]},"properties":{}},{"type":"Feature","geometry":{"type":"LineString","coordinates":[[11.30045,44.50419],[11.30054,44.50431]]},"properties":{}},{"type":"Feature","geometry":{"type":"LineString","coordinates":[[11.30058,44.82773],[11.30062,44.82766],[11.30079,44.82754],[11.30087,44.82744]]},"properties":{}},{"type":"Feature","geometry":{"type":"LineString","coordinates":[[11.301,44.82752],[11.30087,44.82755],[11.30058,44.82773]]},"properties":{}},{"type":"Feature","geometry":{"type":"LineString","coordinates":[[11.30066,44.54072],[11.30083,44.54065]]},"properties":{}},{"type":"Feature","geometry":{"type":"LineString","coordinates":[[11.30091,44.54397],[11.30081,44.54382]]},"properties":{}},{"type":"Feature","geometry":{"type":"LineString","coordinates":[[11.30103,44.54069],[11.30086,44.54075]]},"properties":{}},{"type":"Feature","geometry":{"type":"LineString","coordinates":[[11.301,44.82752],[11.30087,44.82744]]},"properties":{}},{"type":"Feature","geometry":{"type":"LineString","coordinates":[[11.30087,44.82744],[11.30086,44.82735],[11.30092,44.82727]]},"properties":{}},{"type":"Feature","geometry":{"type":"LineString","coordinates":[[11.30091,44.54381],[11.30101,44.54395]]},"properties":{}},{"type":"Feature","geometry":{"type":"LineString","coordinates":[[11.30092,44.82727],[11.30103,44.82724],[11.30114,44.82725]]},"properties":{}},{"type":"Feature","geometry":{"type":"LineString","coordinates":[[11.30117,44.8275],[11.301,44.82752]]},"properties":{}},{"type":"Feature","geometry":{"type":"LineString","coordinates":[[11.30114,44.82725],[11.30126,44.82735]]},"properties":{}},{"type":"Feature","geometry":{"type":"LineString","coordinates":[[11.30173,44.82785],[11.3015,44.82758],[11.30135,44.82751],[11.30117,44.8275]]},"properties":{}},{"type":"Feature","geometry":{"type":"LineString","coordinates":[[11.30126,44.82735],[11.30124,44.82744],[11.30117,44.8275]]},"properties":{}},{"type":"Feature","geometry":{"type":"LineString","coordinates":[[11.30124,44.83736],[11.30142,44.83735],[11.30148,44.8374],[11.30149,44.83746],[11.30141,44.83754],[11.30132,44.83755],[11.30123,44.83752],[11.30119,44.83746]]},"properties":{}},{"type":"Feature","geometry":{"type":"LineString","coordinates":[[11.30119,44.83746],[11.30119,44.8374],[11.30124,44.83736]]},"properties":{}},{"type":"Feature","geometry":{"type":"LineString","coordinates":[[11.30126,44.82735],[11.30162,44.82762],[11.30173,44.82785]]},"properties":{}},{"type":"Feature","geometry":{"type":"LineString","coordinates":[[11.30128,44.83422],[11.30109,44.83432],[11.30086,44.83431],[11.30069,44.83419],[11.30066,44.83411],[11.30067,44.83403],[11.30072,44.83395],[11.30083,44.83388],[11.30097,44.83385],[11.30112,44.83387],[11.30124,44.83393],[11.30131,44.83402],[11.30133,44.83412],[11.30128,44.83422]]},"properties":{}},{"type":"Feature","geometry":{"type":"LineString","coordinates":[[11.30148,44.67223],[11.30138,44.67236]]},"properties":{}},{"type":"Feature","geometry":{"type":"LineString","coordinates":[[11.3014,44.54466],[11.30251,44.54626]]},"properties":{}},{"type":"Feature","geometry":{"type":"LineString","coordinates":[[11.30228,44.5463],[11.30231,44.54617],[11.30228,44.54606],[11.30179,44.54552],[11.30166,44.54533],[11.30151,44.545],[11.3014,44.54466]]},"properties":{}},{"type":"Feature","geometry":{"type":"LineString","coordinates":[[11.30163,44.53626],[11.30167,44.53638]]},"properties":{}},{"type":"Feature","geometry":{"type":"LineString","coordinates":[[11.31434,44.83242],[11.3135,44.83234],[11.31292,44.83238],[11.31244,44.83246],[11.3122,44.83255],[11.31109,44.83324],[11.31057,44.83349],[11.31012,44.83366],[11.30935,44.83374],[11.30872,44.83375],[11.30704,44.83354],[11.30541,44.83319],[11.30505,44.83308],[11.30469,44.83292],[11.30449,44.83278],[11.30407,44.83234],[11.30173,44.82785]]},"properties":{}},{"type":"Feature","geometry":{"type":"LineString","coordinates":[[11.30174,44.67174],[11.30183,44.67163]]},"properties":{}},{"type":"Feature","geometry":{"type":"LineString","coordinates":[[11.30193,44.54658],[11.30207,44.5465],[11.30221,44.54637]]},"properties":{}},{"type":"Feature","geometry":{"type":"LineString","coordinates":[[11.3023,44.54661],[11.30193,44.54658]]},"properties":{}},{"type":"Feature","geometry":{"type":"LineString","coordinates":[[11.30196,44.53878],[11.30196,44.5386]]},"properties":{}},{"type":"Feature","geometry":{"type":"LineString","coordinates":[[11.30205,44.54582],[11.30196,44.54574]]},"properties":{}},{"type":"Feature","geometry":{"type":"LineString","coordinates":[[11.3021,44.5385],[11.30209,44.53863]]},"properties":{}},{"type":"Feature","geometry":{"type":"LineString","coordinates":[[11.3023,44.54661],[11.30221,44.54653],[11.30221,44.54637]]},"properties":{}},{"type":"Feature","geometry":{"type":"LineString","coordinates":[[11.30221,44.54637],[11.30228,44.5463]]},"properties":{}},{"type":"Feature","geometry":{"type":"LineString","coordinates":[[11.30223,44.54581],[11.3023,44.54593]]},"properties":{}},{"type":"Feature","geometry":{"type":"LineString","coordinates":[[11.30228,44.5463],[11.30251,44.54626]]},"properties":{}},{"type":"Feature","geometry":{"type":"LineString","coordinates":[[11.3024,44.54663],[11.3023,44.54661]]},"properties":{}},{"type":"Feature","geometry":{"type":"LineString","coordinates":[[11.30262,44.5466],[11.3024,44.54663]]},"properties":{}},{"type":"Feature","geometry":{"type":"LineString","coordinates":[[11.30253,44.54683],[11.3024,44.54663]]},"properties":{}},{"type":"Feature","geometry":{"type":"LineString","coordinates":[[11.30251,44.54626],[11.30264,44.5463],[11.30272,44.54639],[11.3027,44.54653],[11.30262,44.5466]]},"properties":{}},{"type":"Feature","geometry":{"type":"LineString","coordinates":[[11.30253,44.54683],[11.30235,44.54743],[11.30234,44.54761],[11.3024,44.54788],[11.30277,44.54858],[11.30382,44.55032],[11.30439,44.55153],[11.30479,44.55261],[11.30519,44.55445],[11.3053,44.55482],[11.30561,44.55537],[11.30698,44.55709],[11.30858,44.5593],[11.30862,44.55946],[11.30833,44.56058],[11.30839,44.5614],[11.30762,44.56323],[11.30751,44.56369],[11.30735,44.56473],[11.3074,44.56505],[11.30753,44.56531],[11.30832,44.56615],[11.30839,44.56627],[11.30844,44.56644],[11.3084,44.56662],[11.30822,44.56684],[11.30792,44.567],[11.30664,44.56737],[11.30567,44.56777],[11.3048,44.56807]]},"properties":{}},{"type":"Feature","geometry":{"type":"LineString","coordinates":[[11.30262,44.5466],[11.30253,44.54683]]},"properties":{}},{"type":"Feature","geometry":{"type":"LineString","coordinates":[[11.30262,44.50762],[11.30281,44.50758]]},"properties":{}},{"type":"Feature","geometry":{"type":"LineString","coordinates":[[11.30272,44.7581],[11.30288,44.75812],[11.30305,44.7581]]},"properties":{}},{"type":"Feature","geometry":{"type":"LineString","coordinates":[[11.30297,44.75827],[11.30272,44.7581]]},"properties":{}},{"type":"Feature","geometry":{"type":"LineString","coordinates":[[11.30338,44.7584],[11.30325,44.75843],[11.30311,44.75841],[11.30302,44.75835],[11.30297,44.75827]]},"properties":{}},{"type":"Feature","geometry":{"type":"LineString","coordinates":[[11.30297,44.75827],[11.30298,44.75819],[11.30305,44.7581]]},"properties":{}},{"type":"Feature","geometry":{"type":"LineString","coordinates":[[11.30305,44.7581],[11.3031,44.75808],[11.30314,44.75795],[11.30322,44.75786]]},"properties":{}},{"type":"Feature","geometry":{"type":"LineString","coordinates":[[11.30322,44.75786],[11.30322,44.75794],[11.30328,44.75805],[11.30343,44.75811],[11.3035,44.75821],[11.30348,44.75831],[11.30338,44.7584]]},"properties":{}},{"type":"Feature","geometry":{"type":"LineString","coordinates":[[11.3035,44.50686],[11.30336,44.50678]]},"properties":{}},{"type":"Feature","geometry":{"type":"LineString","coordinates":[[11.30338,44.7584],[11.30358,44.7584],[11.3037,44.75845],[11.30379,44.75852],[11.30388,44.75869],[11.31268,44.77668],[11.31449,44.78029],[11.31467,44.78058],[11.31486,44.78079],[11.31561,44.78144],[11.31592,44.78177],[11.3168,44.78333],[11.31767,44.78406],[11.31796,44.78437],[11.31824,44.78473],[11.31834,44.78493],[11.31856,44.78568],[11.3187,44.78596],[11.31928,44.78672],[11.31991,44.78772],[11.32026,44.78853],[11.32091,44.78985],[11.32208,44.79168],[11.32251,44.7927],[11.3226,44.79328],[11.32251,44.7956],[11.32245,44.79598],[11.32203,44.79654],[11.32112,44.79715],[11.32088,44.79738],[11.32059,44.79777],[11.31911,44.79991],[11.31895,44.80018],[11.31856,44.80102],[11.31823,44.80204],[11.31821,44.80225],[11.31824,44.80246],[11.3184,44.80276],[11.31872,44.80312],[11.31879,44.80324],[11.31884,44.80345],[11.31885,44.80377],[11.31883,44.80407],[11.31876,44.80439],[11.31835,44.8052],[11.31822,44.80553],[11.31813,44.8064],[11.31801,44.80694],[11.31803,44.80741],[11.31822,44.80885],[11.31844,44.81004],[11.3184,44.81039],[11.31804,44.81188],[11.30628,44.81604],[11.30523,44.81644]]},"properties":{}},{"type":"Feature","geometry":{"type":"LineString","coordinates":[[11.30364,44.5075],[11.30341,44.50755]]},"properties":{}},{"type":"Feature","geometry":{"type":"LineString","coordinates":[[11.30442,44.5014],[11.30401,44.50131],[11.30377,44.5012],[11.30358,44.50098],[11.30353,44.50076]]},"properties":{}},{"type":"Feature","geometry":{"type":"LineString","coordinates":[[11.30353,44.50076],[11.30361,44.50037],[11.30385,44.50006]]},"properties":{}},{"type":"Feature","geometry":{"type":"LineString","coordinates":[[11.30369,44.50684],[11.30382,44.50692]]},"properties":{}},{"type":"Feature","geometry":{"type":"LineString","coordinates":[[11.30385,44.50006],[11.30373,44.5]]},"properties":{}},{"type":"Feature","geometry":{"type":"LineString","coordinates":[[11.30381,44.55025],[11.30388,44.55038]]},"properties":{}},{"type":"Feature","geometry":{"type":"LineString","coordinates":[[11.30579,44.50118],[11.30516,44.50077],[11.30385,44.50006]]},"properties":{}},{"type":"Feature","geometry":{"type":"LineString","coordinates":[[11.30385,44.50006],[11.30391,44.5]]},"properties":{}},{"type":"Feature","geometry":{"type":"LineString","coordinates":[[11.30403,44.55084],[11.30395,44.55069]]},"properties":{}},{"type":"Feature","geometry":{"type":"LineString","coordinates":[[11.30407,44.71488],[11.30398,44.71487]]},"properties":{}},{"type":"Feature","geometry":{"type":"LineString","coordinates":[[11.30398,44.71487],[11.30396,44.71481],[11.30405,44.71478],[11.30411,44.71483],[11.30407,44.71488]]},"properties":{}},{"type":"Feature","geometry":{"type":"LineString","coordinates":[[11.30407,44.71488],[11.30438,44.71514],[11.30482,44.71541],[11.30508,44.71554],[11.30539,44.71564],[11.30595,44.71567],[11.30703,44.71565],[11.30804,44.71549],[11.30931,44.71493],[11.3113,44.71428],[11.3114,44.71422],[11.31149,44.7141]]},"properties":{}},{"type":"Feature","geometry":{"type":"LineString","coordinates":[[11.30417,44.50725],[11.30417,44.50718]]},"properties":{}},{"type":"Feature","geometry":{"type":"LineString","coordinates":[[11.30417,44.50718],[11.30424,44.50712],[11.30455,44.50702],[11.30469,44.50704]]},"properties":{}},{"type":"Feature","geometry":{"type":"LineString","coordinates":[[11.30435,44.50731],[11.30424,44.5073],[11.30417,44.50725]]},"properties":{}},{"type":"Feature","geometry":{"type":"LineString","coordinates":[[11.30434,44.71506],[11.30447,44.71517]]},"properties":{}},{"type":"Feature","geometry":{"type":"LineString","coordinates":[[11.30467,44.50721],[11.30435,44.50731]]},"properties":{}},{"type":"Feature","geometry":{"type":"LineString","coordinates":[[11.30489,44.50143],[11.30442,44.5014]]},"properties":{}},{"type":"Feature","geometry":{"type":"LineString","coordinates":[[11.30443,44.5685],[11.30439,44.56869],[11.30439,44.56884],[11.3046,44.56958],[11.30534,44.57144],[11.30587,44.57242],[11.30602,44.57278],[11.30604,44.5734],[11.30619,44.57395],[11.30619,44.57416],[11.30539,44.57654],[11.30534,44.57662],[11.30514,44.57679],[11.3046,44.57709],[11.30449,44.57716],[11.30438,44.5773],[11.30424,44.57756],[11.30405,44.57818],[11.3038,44.57861],[11.30372,44.57885],[11.30372,44.57902],[11.30409,44.57974],[11.30496,44.58186],[11.30504,44.58194],[11.30528,44.58238],[11.30538,44.58275],[11.30544,44.58342],[11.30546,44.58535],[11.30549,44.5856],[11.30557,44.58575],[11.30587,44.58605],[11.30599,44.58629],[11.30629,44.58693],[11.30662,44.58782],[11.30675,44.58827],[11.30695,44.58854],[11.30897,44.59014],[11.30919,44.59037],[11.30929,44.59052],[11.30948,44.59104],[11.30947,44.59197],[11.3096,44.59307],[11.30964,44.59379],[11.30954,44.5944],[11.30926,44.59553],[11.30927,44.59582],[11.31038,44.59848],[11.3108,44.59961],[11.31133,44.60135],[11.31205,44.60398],[11.31205,44.60406],[11.31189,44.6042],[11.31103,44.60425],[11.31082,44.60429],[11.31063,44.60443],[11.3106,44.60453],[11.31062,44.60484],[11.31084,44.6057],[11.31084,44.60619],[11.3108,44.60645],[11.31055,44.60695],[11.31048,44.6073],[11.31049,44.6077],[11.31075,44.60829],[11.31131,44.60904]]},"properties":{}},{"type":"Feature","geometry":{"type":"LineString","coordinates":[[11.30443,44.5685],[11.30441,44.56835],[11.30433,44.56824],[11.30436,44.56816],[11.30444,44.56812],[11.3048,44.56807]]},"properties":{}},{"type":"Feature","geometry":{"type":"LineString","coordinates":[[11.3048,44.56807],[11.30456,44.56829],[11.30443,44.5685]]},"properties":{}},{"type":"Feature","geometry":{"type":"LineString","coordinates":[[11.30469,44.50704],[11.30474,44.50714],[11.30467,44.50721]]},"properties":{}},{"type":"Feature","geometry":{"type":"LineString","coordinates":[[11.3093,44.50566],[11.30845,44.50593],[11.30591,44.50682],[11.30467,44.50721]]},"properties":{}},{"type":"Feature","geometry":{"type":"LineString","coordinates":[[11.30469,44.50704],[11.30478,44.50705],[11.30552,44.50685],[11.30924,44.50556]]},"properties":{}},{"type":"Feature","geometry":{"type":"LineString","coordinates":[[11.30488,44.58176],[11.30481,44.58162]]},"properties":{}},{"type":"Feature","geometry":{"type":"LineString","coordinates":[[11.30482,44.58146],[11.30487,44.58159]]},"properties":{}},{"type":"Feature","geometry":{"type":"LineString","coordinates":[[11.30746,44.50254],[11.30685,44.50238],[11.30669,44.50238],[11.30618,44.50181],[11.30584,44.50162],[11.30552,44.50152],[11.30489,44.50143]]},"properties":{}},{"type":"Feature","geometry":{"type":"LineString","coordinates":[[11.30579,44.50118],[11.30559,44.5013],[11.30535,44.50139],[11.30489,44.50143]]},"properties":{}},{"type":"Feature","geometry":{"type":"LineString","coordinates":[[11.30502,44.53376],[11.30519,44.53369],[11.30541,44.53354],[11.30575,44.53351],[11.30592,44.53343]]},"properties":{}},{"type":"Feature","geometry":{"type":"LineString","coordinates":[[11.30592,44.53343],[11.30575,44.53366],[11.30572,44.53378],[11.30563,44.53384],[11.30548,44.53386],[11.30522,44.53376],[11.30502,44.53376]]},"properties":{}},{"type":"Feature","geometry":{"type":"LineString","coordinates":[[11.30516,44.57113],[11.30511,44.571]]},"properties":{}},{"type":"Feature","geometry":{"type":"LineString","coordinates":[[11.30522,44.57097],[11.30527,44.5711]]},"properties":{}},{"type":"Feature","geometry":{"type":"LineString","coordinates":[[11.30543,44.69971],[11.30547,44.69955]]},"properties":{}},{"type":"Feature","geometry":{"type":"LineString","coordinates":[[11.3055,44.69386],[11.30549,44.69371]]},"properties":{}},{"type":"Feature","geometry":{"type":"LineString","coordinates":[[11.3067,44.69857],[11.30638,44.69969],[11.30553,44.69955]]},"properties":{}},{"type":"Feature","geometry":{"type":"LineString","coordinates":[[11.30611,44.71094],[11.30608,44.71027],[11.30511,44.70123],[11.30515,44.70088],[11.30553,44.69955]]},"properties":{}},{"type":"Feature","geometry":{"type":"LineString","coordinates":[[11.30561,44.69412],[11.30562,44.69427]]},"properties":{}},{"type":"Feature","geometry":{"type":"LineString","coordinates":[[11.30565,44.6993],[11.30562,44.69944]]},"properties":{}},{"type":"Feature","geometry":{"type":"LineString","coordinates":[[11.30569,44.57552],[11.30574,44.57538]]},"properties":{}},{"type":"Feature","geometry":{"type":"LineString","coordinates":[[11.3058,44.57553],[11.30576,44.57565]]},"properties":{}},{"type":"Feature","geometry":{"type":"LineString","coordinates":[[11.30746,44.50254],[11.30579,44.50118]]},"properties":{}},{"type":"Feature","geometry":{"type":"LineString","coordinates":[[11.3063,44.50061],[11.30616,44.50088],[11.30579,44.50118]]},"properties":{}},{"type":"Feature","geometry":{"type":"LineString","coordinates":[[11.30602,44.71022],[11.306,44.71006]]},"properties":{}},{"type":"Feature","geometry":{"type":"LineString","coordinates":[[11.30612,44.66653],[11.306,44.6666]]},"properties":{}},{"type":"Feature","geometry":{"type":"LineString","coordinates":[[11.30627,44.71105],[11.3062,44.71114],[11.30604,44.71114]]},"properties":{}},{"type":"Feature","geometry":{"type":"LineString","coordinates":[[11.30604,44.71114],[11.30599,44.7111],[11.30597,44.71103],[11.30603,44.71096],[11.30611,44.71094]]},"properties":{}},{"type":"Feature","geometry":{"type":"LineString","coordinates":[[11.30607,44.50664],[11.30629,44.50657]]},"properties":{}},{"type":"Feature","geometry":{"type":"LineString","coordinates":[[11.30611,44.71094],[11.30624,44.71098],[11.30627,44.71105]]},"properties":{}},{"type":"Feature","geometry":{"type":"LineString","coordinates":[[11.30615,44.71026],[11.30617,44.71045]]},"properties":{}},{"type":"Feature","geometry":{"type":"LineString","coordinates":[[11.30624,44.5],[11.30631,44.50016],[11.30633,44.5003]]},"properties":{}},{"type":"Feature","geometry":{"type":"LineString","coordinates":[[11.31097,44.71222],[11.31055,44.71077],[11.31049,44.7107],[11.31034,44.71063],[11.31023,44.71063],[11.30881,44.71093],[11.30816,44.71104],[11.30763,44.71107],[11.30627,44.71105]]},"properties":{}},{"type":"Feature","geometry":{"type":"LineString","coordinates":[[11.30633,44.58713],[11.30629,44.58705]]},"properties":{}},{"type":"Feature","geometry":{"type":"LineString","coordinates":[[11.3063,44.50061],[11.30632,44.50099],[11.3064,44.50117],[11.307,44.50177],[11.30709,44.50178],[11.30741,44.50172],[11.31101,44.50061]]},"properties":{}},{"type":"Feature","geometry":{"type":"LineString","coordinates":[[11.30633,44.5003],[11.3063,44.50061]]},"properties":{}},{"type":"Feature","geometry":{"type":"LineString","coordinates":[[11.30645,44.5],[11.30633,44.5003]]},"properties":{}},{"type":"Feature","geometry":{"type":"LineString","coordinates":[[11.30636,44.58698],[11.30638,44.58707]]},"properties":{}},{"type":"Feature","geometry":{"type":"LineString","coordinates":[[11.30644,44.66617],[11.30656,44.6661]]},"properties":{}},{"type":"Feature","geometry":{"type":"LineString","coordinates":[[11.30675,44.7157],[11.30659,44.71571]]},"properties":{}},{"type":"Feature","geometry":{"type":"LineString","coordinates":[[11.30682,44.71102],[11.307,44.71103]]},"properties":{}},{"type":"Feature","geometry":{"type":"LineString","coordinates":[[11.30712,44.50249],[11.3069,44.50243]]},"properties":{}},{"type":"Feature","geometry":{"type":"LineString","coordinates":[[11.30691,44.50636],[11.30713,44.50628]]},"properties":{}},{"type":"Feature","geometry":{"type":"LineString","coordinates":[[11.30726,44.7111],[11.3071,44.7111]]},"properties":{}},{"type":"Feature","geometry":{"type":"LineString","coordinates":[[11.30744,44.55776],[11.30734,44.55762]]},"properties":{}},{"type":"Feature","geometry":{"type":"LineString","coordinates":[[11.30763,44.50623],[11.30738,44.50632]]},"properties":{}},{"type":"Feature","geometry":{"type":"LineString","coordinates":[[11.30742,44.55764],[11.30752,44.55777]]},"properties":{}},{"type":"Feature","geometry":{"type":"LineString","coordinates":[[11.30924,44.50556],[11.30868,44.50467],[11.30847,44.504],[11.30839,44.50382],[11.30757,44.50265],[11.30746,44.50254]]},"properties":{}},{"type":"Feature","geometry":{"type":"LineString","coordinates":[[11.30779,44.56707],[11.30763,44.56712]]},"properties":{}},{"type":"Feature","geometry":{"type":"LineString","coordinates":[[11.30781,44.567],[11.30799,44.56692]]},"properties":{}},{"type":"Feature","geometry":{"type":"LineString","coordinates":[[11.31131,44.60904],[11.31169,44.60955],[11.30893,44.60992],[11.30868,44.60997],[11.30846,44.61015],[11.30835,44.61019],[11.30823,44.61017],[11.30809,44.61005],[11.30784,44.61003]]},"properties":{}},{"type":"Feature","geometry":{"type":"LineString","coordinates":[[11.30784,44.61003],[11.30811,44.6099],[11.30829,44.6096],[11.30836,44.60955],[11.30862,44.60952],[11.30911,44.60961],[11.31085,44.60921],[11.31131,44.60904]]},"properties":{}},{"type":"Feature","geometry":{"type":"LineString","coordinates":[[11.30803,44.50149],[11.3082,44.50143]]},"properties":{}},{"type":"Feature","geometry":{"type":"LineString","coordinates":[[11.30807,44.56211],[11.30812,44.56198]]},"properties":{}},{"type":"Feature","geometry":{"type":"LineString","coordinates":[[11.31217,44.52117],[11.31143,44.5194],[11.31102,44.51855],[11.31089,44.51838],[11.31065,44.51818],[11.30976,44.51769],[11.30892,44.51709],[11.30843,44.51665],[11.30751,44.51567],[11.30742,44.51543],[11.30747,44.51522],[11.30766,44.51499],[11.30809,44.51462]]},"properties":{}},{"type":"Feature","geometry":{"type":"LineString","coordinates":[[11.30809,44.51462],[11.30814,44.51451],[11.30814,44.51435],[11.30819,44.51427],[11.30827,44.51424],[11.30844,44.51424],[11.30881,44.51416]]},"properties":{}},{"type":"Feature","geometry":{"type":"LineString","coordinates":[[11.30881,44.51416],[11.30865,44.51428],[11.30848,44.51448],[11.30809,44.51462]]},"properties":{}},{"type":"Feature","geometry":{"type":"LineString","coordinates":[[11.30816,44.56206],[11.30811,44.56219]]},"properties":{}},{"type":"Feature","geometry":{"type":"LineString","coordinates":[[11.30886,44.50502],[11.30878,44.5049]]},"properties":{}},{"type":"Feature","geometry":{"type":"LineString","coordinates":[[11.3105,44.5136],[11.3102,44.51362],[11.30989,44.5137],[11.30935,44.5139],[11.30881,44.51416]]},"properties":{}},{"type":"Feature","geometry":{"type":"LineString","coordinates":[[11.30896,44.71507],[11.30911,44.715]]},"properties":{}},{"type":"Feature","geometry":{"type":"LineString","coordinates":[[11.3093,44.50566],[11.30924,44.50556]]},"properties":{}},{"type":"Feature","geometry":{"type":"LineString","coordinates":[[11.30924,44.50556],[11.31342,44.5041]]},"properties":{}},{"type":"Feature","geometry":{"type":"LineString","coordinates":[[11.30941,44.50563],[11.3093,44.50566]]},"properties":{}},{"type":"Feature","geometry":{"type":"LineString","coordinates":[[11.30941,44.50563],[11.31016,44.50705],[11.31046,44.50742],[11.31075,44.50756]]},"properties":{}},{"type":"Feature","geometry":{"type":"LineString","coordinates":[[11.31348,44.5042],[11.30941,44.50563]]},"properties":{}},{"type":"Feature","geometry":{"type":"LineString","coordinates":[[11.30956,44.59309],[11.30955,44.59296]]},"properties":{}},{"type":"Feature","geometry":{"type":"LineString","coordinates":[[11.30963,44.59298],[11.30964,44.59309]]},"properties":{}},{"type":"Feature","geometry":{"type":"LineString","coordinates":[[11.31019,44.60978],[11.30996,44.60981]]},"properties":{}},{"type":"Feature","geometry":{"type":"LineString","coordinates":[[11.31023,44.59803],[11.31026,44.59811]]},"properties":{}},{"type":"Feature","geometry":{"type":"LineString","coordinates":[[11.31047,44.5053],[11.31029,44.50536]]},"properties":{}},{"type":"Feature","geometry":{"type":"LineString","coordinates":[[11.31036,44.50513],[11.31064,44.50503]]},"properties":{}},{"type":"Feature","geometry":{"type":"LineString","coordinates":[[11.31042,44.59867],[11.31038,44.59857]]},"properties":{}},{"type":"Feature","geometry":{"type":"LineString","coordinates":[[11.3105,44.5136],[11.31091,44.51362],[11.31109,44.51385]]},"properties":{}},{"type":"Feature","geometry":{"type":"LineString","coordinates":[[11.31109,44.51385],[11.31077,44.5138],[11.31066,44.51368],[11.3105,44.5136]]},"properties":{}},{"type":"Feature","geometry":{"type":"LineString","coordinates":[[11.31101,44.50061],[11.31059,44.5]]},"properties":{}},{"type":"Feature","geometry":{"type":"LineString","coordinates":[[11.31082,44.60843],[11.31074,44.60832]]},"properties":{}},{"type":"Feature","geometry":{"type":"LineString","coordinates":[[11.3139,44.51373],[11.31106,44.5083],[11.31088,44.50813],[11.3106,44.50807],[11.31046,44.50793],[11.31045,44.5078],[11.31049,44.50771],[11.31058,44.50762],[11.31075,44.50756]]},"properties":{}},{"type":"Feature","geometry":{"type":"LineString","coordinates":[[11.31075,44.50756],[11.31099,44.50757],[11.31116,44.50766]]},"properties":{}},{"type":"Feature","geometry":{"type":"LineString","coordinates":[[11.31086,44.71216],[11.31082,44.71201]]},"properties":{}},{"type":"Feature","geometry":{"type":"LineString","coordinates":[[11.31096,44.71205],[11.31099,44.71213]]},"properties":{}},{"type":"Feature","geometry":{"type":"LineString","coordinates":[[11.31097,44.71222],[11.31108,44.7123],[11.31104,44.71245],[11.31106,44.71258]]},"properties":{}},{"type":"Feature","geometry":{"type":"LineString","coordinates":[[11.31106,44.71258],[11.31095,44.71242],[11.31099,44.71233],[11.31097,44.71222]]},"properties":{}},{"type":"Feature","geometry":{"type":"LineString","coordinates":[[11.31342,44.5041],[11.31101,44.50061]]},"properties":{}},{"type":"Feature","geometry":{"type":"LineString","coordinates":[[11.313,44.5],[11.31101,44.50061]]},"properties":{}},{"type":"Feature","geometry":{"type":"LineString","coordinates":[[11.31149,44.714],[11.31106,44.71258]]},"properties":{}},{"type":"Feature","geometry":{"type":"LineString","coordinates":[[11.31153,44.51405],[11.31133,44.51398],[11.31109,44.51385]]},"properties":{}},{"type":"Feature","geometry":{"type":"LineString","coordinates":[[11.31116,44.50766],[11.31125,44.50782]]},"properties":{}},{"type":"Feature","geometry":{"type":"LineString","coordinates":[[11.31116,44.50766],[11.31149,44.50764]]},"properties":{}},{"type":"Feature","geometry":{"type":"LineString","coordinates":[[11.31129,44.51401],[11.3112,44.51397]]},"properties":{}},{"type":"Feature","geometry":{"type":"LineString","coordinates":[[11.31125,44.50782],[11.31123,44.50795],[11.31114,44.50805],[11.31118,44.50828],[11.31405,44.51368]]},"properties":{}},{"type":"Feature","geometry":{"type":"LineString","coordinates":[[11.31149,44.50764],[11.31125,44.50782]]},"properties":{}},{"type":"Feature","geometry":{"type":"LineString","coordinates":[[11.31132,44.51391],[11.31142,44.51396]]},"properties":{}},{"type":"Feature","geometry":{"type":"LineString","coordinates":[[11.31151,44.50145],[11.31142,44.50131]]},"properties":{}},{"type":"Feature","geometry":{"type":"LineString","coordinates":[[11.31144,44.51432],[11.31146,44.51417]]},"properties":{}},{"type":"Feature","geometry":{"type":"LineString","coordinates":[[11.4036,44.88587],[11.39612,44.88347],[11.39412,44.88304],[11.37804,44.87982],[11.33944,44.87963],[11.33911,44.87968],[11.33888,44.87975],[11.32938,44.88333],[11.31178,44.89006],[11.31151,44.89019],[11.31144,44.89027]]},"properties":{}},{"type":"Feature","geometry":{"type":"LineString","coordinates":[[11.31149,44.714],[11.31159,44.71399],[11.31165,44.71406],[11.31157,44.71412],[11.31149,44.7141]]},"properties":{}},{"type":"Feature","geometry":{"type":"LineString","coordinates":[[11.31149,44.7141],[11.31146,44.71405],[11.31149,44.714]]},"properties":{}},{"type":"Feature","geometry":{"type":"LineString","coordinates":[[11.31149,44.50764],[11.31687,44.50623]]},"properties":{}},{"type":"Feature","geometry":{"type":"LineString","coordinates":[[11.31153,44.51405],[11.31173,44.51407]]},"properties":{}},{"type":"Feature","geometry":{"type":"LineString","coordinates":[[11.31173,44.51407],[11.31172,44.51435],[11.31167,44.5144],[11.31159,44.51441],[11.3115,44.51434],[11.31153,44.51405]]},"properties":{}},{"type":"Feature","geometry":{"type":"LineString","coordinates":[[11.31156,44.50039],[11.31175,44.50033]]},"properties":{}},{"type":"Feature","geometry":{"type":"LineString","coordinates":[[11.3116,44.50138],[11.31168,44.5015]]},"properties":{}},{"type":"Feature","geometry":{"type":"LineString","coordinates":[[11.31173,44.51407],[11.31269,44.51404],[11.3139,44.51373]]},"properties":{}},{"type":"Feature","geometry":{"type":"LineString","coordinates":[[11.31196,44.60368],[11.31193,44.60357]]},"properties":{}},{"type":"Feature","geometry":{"type":"LineString","coordinates":[[11.31198,44.60353],[11.31202,44.60364]]},"properties":{}},{"type":"Feature","geometry":{"type":"LineString","coordinates":[[11.31238,44.50747],[11.31214,44.50753]]},"properties":{}},{"type":"Feature","geometry":{"type":"LineString","coordinates":[[11.31232,44.52154],[11.31217,44.52117]]},"properties":{}},{"type":"Feature","geometry":{"type":"LineString","coordinates":[[11.31217,44.52117],[11.31235,44.52115],[11.31242,44.52117],[11.31253,44.52146],[11.3125,44.5215],[11.31232,44.52154]]},"properties":{}},{"type":"Feature","geometry":{"type":"LineString","coordinates":[[11.31246,44.50023],[11.31225,44.50029]]},"properties":{}},{"type":"Feature","geometry":{"type":"LineString","coordinates":[[11.31834,44.52441],[11.31774,44.52416],[11.3173,44.52411],[11.31429,44.5247],[11.31409,44.52471],[11.31381,44.52465],[11.31363,44.52452],[11.31352,44.52438],[11.31276,44.52264],[11.31232,44.52154]]},"properties":{}},{"type":"Feature","geometry":{"type":"LineString","coordinates":[[11.31243,44.52195],[11.31238,44.52183]]},"properties":{}},{"type":"Feature","geometry":{"type":"LineString","coordinates":[[11.31239,44.50738],[11.31262,44.50732]]},"properties":{}},{"type":"Feature","geometry":{"type":"LineString","coordinates":[[11.31253,44.52124],[11.31259,44.52139]]},"properties":{}},{"type":"Feature","geometry":{"type":"LineString","coordinates":[[11.31321,44.52384],[11.31315,44.52372]]},"properties":{}},{"type":"Feature","geometry":{"type":"LineString","coordinates":[[11.31317,44.52343],[11.31322,44.52355]]},"properties":{}},{"type":"Feature","geometry":{"type":"LineString","coordinates":[[11.31348,44.5042],[11.31342,44.5041]]},"properties":{}},{"type":"Feature","geometry":{"type":"LineString","coordinates":[[11.31342,44.5041],[11.31543,44.50338]]},"properties":{}},{"type":"Feature","geometry":{"type":"LineString","coordinates":[[11.31481,44.50375],[11.3139,44.50408],[11.31348,44.5042]]},"properties":{}},{"type":"Feature","geometry":{"type":"LineString","coordinates":[[11.31372,44.50395],[11.31415,44.50381]]},"properties":{}},{"type":"Feature","geometry":{"type":"LineString","coordinates":[[11.31567,44.51447],[11.31534,44.5147],[11.3151,44.51476],[11.31484,44.51477],[11.31457,44.51469],[11.31441,44.51459],[11.31431,44.51448],[11.3139,44.51373]]},"properties":{}},{"type":"Feature","geometry":{"type":"LineString","coordinates":[[11.31405,44.51368],[11.3139,44.51373]]},"properties":{}},{"type":"Feature","geometry":{"type":"LineString","coordinates":[[11.31405,44.51368],[11.31441,44.51437],[11.31466,44.51455],[11.31492,44.51462],[11.31515,44.51462],[11.31543,44.51457],[11.31567,44.51447]]},"properties":{}},{"type":"Feature","geometry":{"type":"LineString","coordinates":[[11.31694,44.51302],[11.31631,44.51309],[11.31405,44.51368]]},"properties":{}},{"type":"Feature","geometry":{"type":"LineString","coordinates":[[11.31412,44.53027],[11.31405,44.53084],[11.3141,44.53115],[11.31505,44.53263],[11.31533,44.53323]]},"properties":{}},{"type":"Feature","geometry":{"type":"LineString","coordinates":[[11.31412,44.53027],[11.31407,44.52999],[11.31398,44.52981],[11.31431,44.52956]]},"properties":{}},{"type":"Feature","geometry":{"type":"LineString","coordinates":[[11.31431,44.52956],[11.31422,44.52975],[11.31412,44.53027]]},"properties":{}},{"type":"Feature","geometry":{"type":"LineString","coordinates":[[11.3145,44.50392],[11.31413,44.50405]]},"properties":{}},{"type":"Feature","geometry":{"type":"LineString","coordinates":[[11.31436,44.53168],[11.31427,44.53154]]},"properties":{}},{"type":"Feature","geometry":{"type":"LineString","coordinates":[[11.31547,44.52846],[11.31448,44.52936],[11.31431,44.52956]]},"properties":{}},{"type":"Feature","geometry":{"type":"LineString","coordinates":[[11.31432,44.52943],[11.31447,44.5293]]},"properties":{}},{"type":"Feature","geometry":{"type":"LineString","coordinates":[[11.31434,44.83242],[11.31517,44.83253],[11.31527,44.83257],[11.31536,44.83264],[11.31541,44.83275],[11.31535,44.83288]]},"properties":{}},{"type":"Feature","geometry":{"type":"LineString","coordinates":[[11.31535,44.83288],[11.31508,44.83281],[11.31474,44.83253],[11.31434,44.83242]]},"properties":{}},{"type":"Feature","geometry":{"type":"LineString","coordinates":[[11.31451,44.53172],[11.3146,44.53184]]},"properties":{}},{"type":"Feature","geometry":{"type":"LineString","coordinates":[[11.31549,44.50354],[11.31541,44.50362],[11.31497,44.50377],[11.31481,44.50375]]},"properties":{}},{"type":"Feature","geometry":{"type":"LineString","coordinates":[[11.31548,44.50351],[11.31481,44.50375]]},"properties":{}},{"type":"Feature","geometry":{"type":"LineString","coordinates":[[11.31481,44.50356],[11.31511,44.50345]]},"properties":{}},{"type":"Feature","geometry":{"type":"LineString","coordinates":[[11.31501,44.52896],[11.31488,44.52909]]},"properties":{}},{"type":"Feature","geometry":{"type":"LineString","coordinates":[[11.31518,44.50673],[11.31494,44.50679]]},"properties":{}},{"type":"Feature","geometry":{"type":"LineString","coordinates":[[11.3153,44.50361],[11.31498,44.50372]]},"properties":{}},{"type":"Feature","geometry":{"type":"LineString","coordinates":[[11.31543,44.50365],[11.31499,44.5038]]},"properties":{}},{"type":"Feature","geometry":{"type":"LineString","coordinates":[[11.315,44.65954],[11.31507,44.65945]]},"properties":{}},{"type":"Feature","geometry":{"type":"LineString","coordinates":[[11.3152,44.53309],[11.31514,44.53295]]},"properties":{}},{"type":"Feature","geometry":{"type":"LineString","coordinates":[[11.31523,44.65937],[11.31516,44.65945]]},"properties":{}},{"type":"Feature","geometry":{"type":"LineString","coordinates":[[11.31533,44.53323],[11.31545,44.53353]]},"properties":{}},{"type":"Feature","geometry":{"type":"LineString","coordinates":[[11.31533,44.53323],[11.31551,44.53319],[11.31564,44.53349],[11.31545,44.53353]]},"properties":{}},{"type":"Feature","geometry":{"type":"LineString","coordinates":[[11.31535,44.83288],[11.31538,44.83292],[11.31584,44.83284],[11.31626,44.83281],[11.3176,44.83287]]},"properties":{}},{"type":"Feature","geometry":{"type":"LineString","coordinates":[[11.31535,44.83288],[11.31586,44.83279],[11.31643,44.83274],[11.31689,44.83277],[11.3176,44.83287]]},"properties":{}},{"type":"Feature","geometry":{"type":"LineString","coordinates":[[11.31541,44.53328],[11.31549,44.53346]]},"properties":{}},{"type":"Feature","geometry":{"type":"LineString","coordinates":[[11.31543,44.50338],[11.31548,44.50351]]},"properties":{}},{"type":"Feature","geometry":{"type":"LineString","coordinates":[[11.31543,44.50338],[11.32163,44.50116]]},"properties":{}},{"type":"Feature","geometry":{"type":"LineString","coordinates":[[11.31545,44.53353],[11.31638,44.53569],[11.31689,44.53717],[11.31743,44.53805],[11.31765,44.53855],[11.31813,44.54019],[11.31833,44.54165],[11.31843,44.542],[11.31854,44.54215],[11.31927,44.54279],[11.31971,44.54324],[11.32029,44.54402],[11.32036,44.54416],[11.32041,44.54442],[11.32051,44.54568],[11.3204,44.54605],[11.32011,44.54664],[11.31994,44.54694],[11.31975,44.54718],[11.31908,44.5479],[11.31895,44.54802],[11.31881,44.54808],[11.31842,44.54821],[11.31828,44.54828],[11.31816,44.54841],[11.31798,44.54916],[11.31796,44.54934],[11.31822,44.55113]]},"properties":{}},{"type":"Feature","geometry":{"type":"LineString","coordinates":[[11.33547,44.53179],[11.33294,44.53222],[11.33151,44.53237],[11.33036,44.53242],[11.32924,44.53244],[11.32789,44.53239],[11.32681,44.53229],[11.32542,44.53211],[11.32409,44.53186],[11.32302,44.53161],[11.32208,44.53134],[11.32078,44.5309],[11.3195,44.53038],[11.31547,44.52846]]},"properties":{}},{"type":"Feature","geometry":{"type":"LineString","coordinates":[[11.31557,44.52837],[11.31547,44.52846]]},"properties":{}},{"type":"Feature","geometry":{"type":"LineString","coordinates":[[11.31548,44.50351],[11.31549,44.50354]]},"properties":{}},{"type":"Feature","geometry":{"type":"LineString","coordinates":[[11.32168,44.50125],[11.32102,44.50148],[11.32036,44.50181],[11.31895,44.50227],[11.31548,44.50351]]},"properties":{}},{"type":"Feature","geometry":{"type":"LineString","coordinates":[[11.31549,44.50354],[11.31554,44.50362]]},"properties":{}},{"type":"Feature","geometry":{"type":"LineString","coordinates":[[11.31554,44.50362],[11.31563,44.50368],[11.31592,44.50415],[11.31622,44.50455],[11.31721,44.50599],[11.31723,44.50605],[11.31719,44.50612],[11.31687,44.50623]]},"properties":{}},{"type":"Feature","geometry":{"type":"LineString","coordinates":[[11.31687,44.50623],[11.31702,44.50612],[11.31705,44.50595],[11.31703,44.50587],[11.31616,44.50461],[11.31597,44.50449],[11.31596,44.50438],[11.31555,44.50371],[11.31554,44.50362]]},"properties":{}},{"type":"Feature","geometry":{"type":"LineString","coordinates":[[11.31557,44.52837],[11.31934,44.53016],[11.32024,44.53055],[11.32117,44.5309],[11.3221,44.53121],[11.32307,44.53149],[11.32414,44.53174],[11.32547,44.53199],[11.32654,44.53214],[11.3278,44.53225],[11.32926,44.53231],[11.33044,44.53229],[11.33172,44.53222],[11.33294,44.53209],[11.33532,44.53169]]},"properties":{}},{"type":"Feature","geometry":{"type":"LineString","coordinates":[[11.31834,44.52441],[11.31784,44.52555],[11.3176,44.52594],[11.31669,44.52717],[11.3162,44.52777],[11.31557,44.52837]]},"properties":{}},{"type":"Feature","geometry":{"type":"LineString","coordinates":[[11.31562,44.53323],[11.3157,44.53342]]},"properties":{}},{"type":"Feature","geometry":{"type":"LineString","coordinates":[[11.31567,44.51447],[11.31677,44.5138]]},"properties":{}},{"type":"Feature","geometry":{"type":"LineString","coordinates":[[11.31586,44.50429],[11.31576,44.50415]]},"properties":{}},{"type":"Feature","geometry":{"type":"LineString","coordinates":[[11.31603,44.52439],[11.31589,44.52442]]},"properties":{}},{"type":"Feature","geometry":{"type":"LineString","coordinates":[[11.31606,44.50427],[11.31617,44.50442]]},"properties":{}},{"type":"Feature","geometry":{"type":"LineString","coordinates":[[11.31606,44.5243],[11.31624,44.52426]]},"properties":{}},{"type":"Feature","geometry":{"type":"LineString","coordinates":[[11.31608,44.5064],[11.31624,44.50635]]},"properties":{}},{"type":"Feature","geometry":{"type":"LineString","coordinates":[[11.31677,44.5138],[11.31716,44.51342],[11.31724,44.51326],[11.31724,44.51318]]},"properties":{}},{"type":"Feature","geometry":{"type":"LineString","coordinates":[[11.31775,44.51341],[11.3176,44.51346],[11.31726,44.51348],[11.31677,44.5138]]},"properties":{}},{"type":"Feature","geometry":{"type":"LineString","coordinates":[[11.31695,44.52688],[11.31688,44.52698]]},"properties":{}},{"type":"Feature","geometry":{"type":"LineString","coordinates":[[11.31724,44.51318],[11.31712,44.51307],[11.31694,44.51302]]},"properties":{}},{"type":"Feature","geometry":{"type":"LineString","coordinates":[[11.31694,44.51302],[11.31739,44.51302]]},"properties":{}},{"type":"Feature","geometry":{"type":"LineString","coordinates":[[11.31714,44.53769],[11.31706,44.53757]]},"properties":{}},{"type":"Feature","geometry":{"type":"LineString","coordinates":[[11.31706,44.53739],[11.31713,44.53751]]},"properties":{}},{"type":"Feature","geometry":{"type":"LineString","coordinates":[[11.31719,44.52639],[11.31732,44.52622]]},"properties":{}},{"type":"Feature","geometry":{"type":"LineString","coordinates":[[11.31724,44.51318],[11.31729,44.51309],[11.31739,44.51302]]},"properties":{}},{"type":"Feature","geometry":{"type":"LineString","coordinates":[[11.31739,44.51302],[11.31751,44.51299],[11.31769,44.513],[11.31783,44.51308],[11.31789,44.51319]]},"properties":{}},{"type":"Feature","geometry":{"type":"LineString","coordinates":[[11.36104,44.83793],[11.35973,44.83758],[11.35866,44.83706],[11.35818,44.8369],[11.35679,44.83661],[11.35553,44.83652],[11.35461,44.83637],[11.35336,44.83622],[11.35285,44.83612],[11.35247,44.83597],[11.35219,44.83573],[11.35204,44.83544],[11.35196,44.83473],[11.35192,44.83356],[11.35188,44.83322],[11.35166,44.83277],[11.35139,44.83242],[11.35105,44.83211],[11.35023,44.83147],[11.34931,44.83092],[11.34741,44.83006],[11.34695,44.82992],[11.34671,44.82988],[11.34578,44.82987],[11.3444,44.82994],[11.34267,44.83018],[11.34225,44.83025],[11.34127,44.83051],[11.33931,44.83111],[11.33865,44.83128],[11.33768,44.83145],[11.33612,44.83165],[11.33472,44.83173],[11.33431,44.83172],[11.33361,44.8316],[11.33243,44.83132],[11.33196,44.83128],[11.33146,44.83136],[11.32975,44.83182],[11.32911,44.83194],[11.327,44.83208],[11.32564,44.83209],[11.32373,44.83232],[11.32213,44.83236],[11.31866,44.83293],[11.31822,44.83293],[11.3176,44.83287]]},"properties":{}},{"type":"Feature","geometry":{"type":"LineString","coordinates":[[11.31789,44.51319],[11.31787,44.51332],[11.31775,44.51341]]},"properties":{}},{"type":"Feature","geometry":{"type":"LineString","coordinates":[[11.31789,44.51319],[11.3182,44.51344],[11.32005,44.51517],[11.32022,44.51524],[11.3205,44.5152],[11.32069,44.51524],[11.3208,44.51536],[11.32081,44.51544],[11.32078,44.51552],[11.32068,44.5156],[11.32054,44.51564],[11.32039,44.51563],[11.32028,44.51557],[11.3201,44.51532],[11.31994,44.51521],[11.31814,44.51351],[11.31796,44.51342],[11.31775,44.51341]]},"properties":{}},{"type":"Feature","geometry":{"type":"LineString","coordinates":[[11.31776,44.50252],[11.31792,44.50246]]},"properties":{}},{"type":"Feature","geometry":{"type":"LineString","coordinates":[[11.31797,44.55703],[11.31794,44.55693]]},"properties":{}},{"type":"Feature","geometry":{"type":"LineString","coordinates":[[11.31808,44.50263],[11.31794,44.50268]]},"properties":{}},{"type":"Feature","geometry":{"type":"LineString","coordinates":[[11.31798,44.5568],[11.31803,44.55692]]},"properties":{}},{"type":"Feature","geometry":{"type":"LineString","coordinates":[[11.31804,44.5487],[11.31807,44.5486]]},"properties":{}},{"type":"Feature","geometry":{"type":"LineString","coordinates":[[11.31807,44.52491],[11.31812,44.52478]]},"properties":{}},{"type":"Feature","geometry":{"type":"LineString","coordinates":[[11.3181,44.54882],[11.31808,44.54891]]},"properties":{}},{"type":"Feature","geometry":{"type":"LineString","coordinates":[[11.31811,44.55724],[11.31842,44.55804],[11.31857,44.55806],[11.32252,44.557],[11.32232,44.55644]]},"properties":{}},{"type":"Feature","geometry":{"type":"LineString","coordinates":[[11.31839,44.55196],[11.31832,44.55229],[11.31823,44.55366],[11.31805,44.55422],[11.31795,44.55473],[11.31754,44.55574],[11.31757,44.55589],[11.31811,44.55724]]},"properties":{}},{"type":"Feature","geometry":{"type":"LineString","coordinates":[[11.31811,44.55724],[11.32232,44.55644]]},"properties":{}},{"type":"Feature","geometry":{"type":"LineString","coordinates":[[11.31818,44.55357],[11.3182,44.55344]]},"properties":{}},{"type":"Feature","geometry":{"type":"LineString","coordinates":[[11.31824,44.52479],[11.31818,44.52492]]},"properties":{}},{"type":"Feature","geometry":{"type":"LineString","coordinates":[[11.31822,44.55113],[11.31827,44.55121],[11.31841,44.55132],[11.31877,44.55142],[11.31886,44.55156],[11.31884,44.55165],[11.31879,44.55171],[11.31859,44.55178],[11.31839,44.55196]]},"properties":{}},{"type":"Feature","geometry":{"type":"LineString","coordinates":[[11.31839,44.55196],[11.31841,44.55179],[11.31829,44.55159],[11.31828,44.55135],[11.31822,44.55113]]},"properties":{}},{"type":"Feature","geometry":{"type":"LineString","coordinates":[[11.31831,44.55344],[11.3183,44.55358]]},"properties":{}},{"type":"Feature","geometry":{"type":"LineString","coordinates":[[11.32159,44.52138],[11.32151,44.52156],[11.32134,44.52173],[11.3202,44.52244],[11.31965,44.52288],[11.31948,44.52305],[11.3192,44.52344],[11.31849,44.52417],[11.31834,44.52441]]},"properties":{}},{"type":"Feature","geometry":{"type":"LineString","coordinates":[[11.31857,44.51373],[11.31867,44.51383]]},"properties":{}},{"type":"Feature","geometry":{"type":"LineString","coordinates":[[11.31908,44.51451],[11.31895,44.51438]]},"properties":{}},{"type":"Feature","geometry":{"type":"LineString","coordinates":[[11.31961,44.52281],[11.31972,44.52272]]},"properties":{}},{"type":"Feature","geometry":{"type":"LineString","coordinates":[[11.32036,44.50185],[11.32008,44.50194]]},"properties":{}},{"type":"Feature","geometry":{"type":"LineString","coordinates":[[11.32046,44.52233],[11.32033,44.52241]]},"properties":{}},{"type":"Feature","geometry":{"type":"LineString","coordinates":[[11.32041,44.54519],[11.32041,44.54505]]},"properties":{}},{"type":"Feature","geometry":{"type":"LineString","coordinates":[[11.32052,44.54499],[11.32053,44.54511]]},"properties":{}},{"type":"Feature","geometry":{"type":"LineString","coordinates":[[11.32092,44.55672],[11.3207,44.55677]]},"properties":{}},{"type":"Feature","geometry":{"type":"LineString","coordinates":[[11.32163,44.50116],[11.32085,44.5]]},"properties":{}},{"type":"Feature","geometry":{"type":"LineString","coordinates":[[11.32109,44.52184],[11.32122,44.52175]]},"properties":{}},{"type":"Feature","geometry":{"type":"LineString","coordinates":[[11.32123,44.55731],[11.32138,44.55727]]},"properties":{}},{"type":"Feature","geometry":{"type":"LineString","coordinates":[[11.32151,44.52163],[11.32142,44.52172]]},"properties":{}},{"type":"Feature","geometry":{"type":"LineString","coordinates":[[11.32159,44.52138],[11.32168,44.52113],[11.32167,44.52105],[11.32178,44.52096],[11.32183,44.52075]]},"properties":{}},{"type":"Feature","geometry":{"type":"LineString","coordinates":[[11.32183,44.52075],[11.32203,44.52104],[11.32203,44.52112],[11.32194,44.5212],[11.32174,44.52124],[11.32159,44.52138]]},"properties":{}},{"type":"Feature","geometry":{"type":"LineString","coordinates":[[11.32168,44.50125],[11.32163,44.50116]]},"properties":{}},{"type":"Feature","geometry":{"type":"LineString","coordinates":[[11.32163,44.50116],[11.32493,44.5]]},"properties":{}},{"type":"Feature","geometry":{"type":"LineString","coordinates":[[11.32524,44.5],[11.32168,44.50125]]},"properties":{}},{"type":"Feature","geometry":{"type":"LineString","coordinates":[[11.32415,44.51805],[11.32372,44.51842],[11.32275,44.51897],[11.32244,44.51922],[11.32228,44.51948],[11.32191,44.52032],[11.32182,44.52059],[11.32183,44.52075]]},"properties":{}},{"type":"Feature","geometry":{"type":"LineString","coordinates":[[11.32195,44.55556],[11.32192,44.55546]]},"properties":{}},{"type":"Feature","geometry":{"type":"LineString","coordinates":[[11.32193,44.50103],[11.32223,44.50092]]},"properties":{}},{"type":"Feature","geometry":{"type":"LineString","coordinates":[[11.32232,44.55644],[11.32188,44.55523],[11.32319,44.55537],[11.32472,44.55543]]},"properties":{}},{"type":"Feature","geometry":{"type":"LineString","coordinates":[[11.32275,44.5189],[11.3229,44.51882]]},"properties":{}},{"type":"Feature","geometry":{"type":"LineString","coordinates":[[11.3231,44.51884],[11.32299,44.5189]]},"properties":{}},{"type":"Feature","geometry":{"type":"LineString","coordinates":[[11.32442,44.5183],[11.32434,44.51815],[11.32415,44.51805]]},"properties":{}},{"type":"Feature","geometry":{"type":"LineString","coordinates":[[11.32429,44.51791],[11.32415,44.51805]]},"properties":{}},{"type":"Feature","geometry":{"type":"LineString","coordinates":[[11.3243,44.65596],[11.32421,44.65601]]},"properties":{}},{"type":"Feature","geometry":{"type":"LineString","coordinates":[[11.32429,44.51791],[11.32444,44.51813],[11.32442,44.5183]]},"properties":{}},{"type":"Feature","geometry":{"type":"LineString","coordinates":[[11.32689,44.51373],[11.32672,44.51406],[11.32632,44.51456],[11.32562,44.51515],[11.32527,44.51555],[11.32498,44.51624],[11.32476,44.51713],[11.32445,44.5177],[11.32429,44.51791]]},"properties":{}},{"type":"Feature","geometry":{"type":"LineString","coordinates":[[11.3243,44.51867],[11.32434,44.5185]]},"properties":{}},{"type":"Feature","geometry":{"type":"LineString","coordinates":[[11.32439,44.51873],[11.32437,44.51891]]},"properties":{}},{"type":"Feature","geometry":{"type":"LineString","coordinates":[[11.32906,44.52159],[11.32788,44.52199],[11.32747,44.52208],[11.32707,44.5221],[11.32663,44.52207],[11.32618,44.52198],[11.32575,44.52182],[11.32536,44.52159],[11.32505,44.52131],[11.32486,44.52105],[11.32474,44.52078],[11.32443,44.51975],[11.32433,44.51934],[11.32431,44.51902],[11.32442,44.5183]]},"properties":{}},{"type":"Feature","geometry":{"type":"LineString","coordinates":[[11.32497,44.50013],[11.32471,44.50023]]},"properties":{}},{"type":"Feature","geometry":{"type":"LineString","coordinates":[[11.32472,44.55543],[11.32502,44.55544],[11.32501,44.55555],[11.32474,44.55554],[11.32472,44.55543]]},"properties":{}},{"type":"Feature","geometry":{"type":"LineString","coordinates":[[11.32484,44.52111],[11.32475,44.52094]]},"properties":{}},{"type":"Feature","geometry":{"type":"LineString","coordinates":[[11.32481,44.50002],[11.32487,44.5]]},"properties":{}},{"type":"Feature","geometry":{"type":"LineString","coordinates":[[11.32508,44.55561],[11.32482,44.5556]]},"properties":{}},{"type":"Feature","geometry":{"type":"LineString","coordinates":[[11.32486,44.51642],[11.32489,44.51624]]},"properties":{}},{"type":"Feature","geometry":{"type":"LineString","coordinates":[[11.32495,44.65549],[11.32507,44.65542]]},"properties":{}},{"type":"Feature","geometry":{"type":"LineString","coordinates":[[11.32497,44.52113],[11.32508,44.52127]]},"properties":{}},{"type":"Feature","geometry":{"type":"LineString","coordinates":[[11.32501,44.51634],[11.32498,44.51649]]},"properties":{}},{"type":"Feature","geometry":{"type":"LineString","coordinates":[[11.32681,44.50702],[11.32674,44.50681]]},"properties":{}},{"type":"Feature","geometry":{"type":"LineString","coordinates":[[11.32677,44.50675],[11.32654,44.50679],[11.32663,44.50707],[11.32667,44.50709],[11.32683,44.50707],[11.32685,44.50704],[11.32677,44.50675]]},"properties":{}},{"type":"Feature","geometry":{"type":"LineString","coordinates":[[11.32677,44.50675],[11.32904,44.50639],[11.32922,44.50628],[11.32947,44.50601]]},"properties":{}},{"type":"Feature","geometry":{"type":"LineString","coordinates":[[11.32689,44.51373],[11.32697,44.51348]]},"properties":{}},{"type":"Feature","geometry":{"type":"LineString","coordinates":[[11.32715,44.51356],[11.32701,44.51362],[11.32689,44.51373]]},"properties":{}},{"type":"Feature","geometry":{"type":"LineString","coordinates":[[11.32715,44.51356],[11.32697,44.51348]]},"properties":{}},{"type":"Feature","geometry":{"type":"LineString","coordinates":[[11.32697,44.51348],[11.32693,44.5134],[11.32694,44.51331],[11.32703,44.51322],[11.32739,44.51233],[11.32749,44.51222]]},"properties":{}},{"type":"Feature","geometry":{"type":"LineString","coordinates":[[11.32726,44.51356],[11.32715,44.51356]]},"properties":{}},{"type":"Feature","geometry":{"type":"LineString","coordinates":[[11.32743,44.52213],[11.32719,44.52214]]},"properties":{}},{"type":"Feature","geometry":{"type":"LineString","coordinates":[[11.32822,44.51719],[11.32824,44.51707],[11.32821,44.51686],[11.32762,44.51455],[11.3274,44.5137],[11.32726,44.51356]]},"properties":{}},{"type":"Feature","geometry":{"type":"LineString","coordinates":[[11.32745,44.51347],[11.32726,44.51356]]},"properties":{}},{"type":"Feature","geometry":{"type":"LineString","coordinates":[[11.32741,44.51219],[11.32747,44.51206]]},"properties":{}},{"type":"Feature","geometry":{"type":"LineString","coordinates":[[11.32745,44.51347],[11.32747,44.51368],[11.3283,44.51684],[11.32836,44.51701],[11.32846,44.51715]]},"properties":{}},{"type":"Feature","geometry":{"type":"LineString","coordinates":[[11.32749,44.51222],[11.32748,44.51235],[11.32727,44.51283],[11.32723,44.51302],[11.32727,44.51312],[11.32747,44.5133],[11.32748,44.51341],[11.32745,44.51347]]},"properties":{}},{"type":"Feature","geometry":{"type":"LineString","coordinates":[[11.32925,44.50911],[11.3287,44.51011],[11.32843,44.51095],[11.3282,44.51127],[11.32766,44.51186],[11.32749,44.51222]]},"properties":{}},{"type":"Feature","geometry":{"type":"LineString","coordinates":[[11.3276,44.51219],[11.32754,44.51234]]},"properties":{}},{"type":"Feature","geometry":{"type":"LineString","coordinates":[[11.33009,44.50106],[11.32799,44.5]]},"properties":{}},{"type":"Feature","geometry":{"type":"LineString","coordinates":[[11.3281,44.51654],[11.32806,44.51638]]},"properties":{}},{"type":"Feature","geometry":{"type":"LineString","coordinates":[[11.32816,44.51615],[11.32821,44.51633]]},"properties":{}},{"type":"Feature","geometry":{"type":"LineString","coordinates":[[11.32854,44.51797],[11.32835,44.51758],[11.32819,44.51749],[11.32811,44.51741],[11.32811,44.51729],[11.32822,44.51719]]},"properties":{}},{"type":"Feature","geometry":{"type":"LineString","coordinates":[[11.32822,44.51719],[11.32846,44.51715]]},"properties":{}},{"type":"Feature","geometry":{"type":"LineString","coordinates":[[11.32835,44.52179],[11.32858,44.52171]]},"properties":{}},{"type":"Feature","geometry":{"type":"LineString","coordinates":[[11.32837,44.5],[11.33022,44.50093]]},"properties":{}},{"type":"Feature","geometry":{"type":"LineString","coordinates":[[11.32846,44.51055],[11.3285,44.51038]]},"properties":{}},{"type":"Feature","geometry":{"type":"LineString","coordinates":[[11.32846,44.51715],[11.32864,44.51725]]},"properties":{}},{"type":"Feature","geometry":{"type":"LineString","coordinates":[[11.32854,44.51797],[11.32904,44.51986]]},"properties":{}},{"type":"Feature","geometry":{"type":"LineString","coordinates":[[11.32866,44.51741],[11.32858,44.5175],[11.32852,44.51765],[11.32854,44.51797]]},"properties":{}},{"type":"Feature","geometry":{"type":"LineString","coordinates":[[11.32866,44.51052],[11.32862,44.51068]]},"properties":{}},{"type":"Feature","geometry":{"type":"LineString","coordinates":[[11.32864,44.51725],[11.33036,44.51706],[11.33538,44.51701],[11.33598,44.51698]]},"properties":{}},{"type":"Feature","geometry":{"type":"LineString","coordinates":[[11.32864,44.51725],[11.32867,44.51733],[11.32866,44.51741]]},"properties":{}},{"type":"Feature","geometry":{"type":"LineString","coordinates":[[11.33598,44.51711],[11.33059,44.51713],[11.32887,44.51734],[11.32866,44.51741]]},"properties":{}},{"type":"Feature","geometry":{"type":"LineString","coordinates":[[11.32877,44.51917],[11.32873,44.519]]},"properties":{}},{"type":"Feature","geometry":{"type":"LineString","coordinates":[[11.32906,44.5006],[11.32889,44.50051]]},"properties":{}},{"type":"Feature","geometry":{"type":"LineString","coordinates":[[11.32895,44.5192],[11.329,44.51938]]},"properties":{}},{"type":"Feature","geometry":{"type":"LineString","coordinates":[[11.32897,44.50638],[11.32909,44.5063]]},"properties":{}},{"type":"Feature","geometry":{"type":"LineString","coordinates":[[11.32904,44.51986],[11.32944,44.52139]]},"properties":{}},{"type":"Feature","geometry":{"type":"LineString","coordinates":[[11.32904,44.51986],[11.32997,44.51974],[11.33104,44.51969],[11.33094,44.52023],[11.33095,44.52087],[11.33115,44.52145],[11.33147,44.52266],[11.33157,44.52285],[11.33227,44.52342],[11.33237,44.52365],[11.33225,44.52504],[11.33186,44.5262]]},"properties":{}},{"type":"Feature","geometry":{"type":"LineString","coordinates":[[11.32906,44.52159],[11.32944,44.52139]]},"properties":{}},{"type":"Feature","geometry":{"type":"LineString","coordinates":[[11.32949,44.52156],[11.32906,44.52159]]},"properties":{}},{"type":"Feature","geometry":{"type":"LineString","coordinates":[[11.34026,44.5077],[11.32967,44.50912],[11.32925,44.50911]]},"properties":{}},{"type":"Feature","geometry":{"type":"LineString","coordinates":[[11.33065,44.5066],[11.32925,44.50911]]},"properties":{}},{"type":"Feature","geometry":{"type":"LineString","coordinates":[[11.32958,44.51729],[11.32936,44.51732]]},"properties":{}},{"type":"Feature","geometry":{"type":"LineString","coordinates":[[11.32944,44.52139],[11.32949,44.52156]]},"properties":{}},{"type":"Feature","geometry":{"type":"LineString","coordinates":[[11.33034,44.50617],[11.33015,44.50619],[11.32988,44.50616],[11.32964,44.5061],[11.32947,44.50601]]},"properties":{}},{"type":"Feature","geometry":{"type":"LineString","coordinates":[[11.33254,44.50362],[11.32934,44.50416],[11.32893,44.50419],[11.32893,44.50456],[11.32935,44.50587],[11.32947,44.50601]]},"properties":{}},{"type":"Feature","geometry":{"type":"LineString","coordinates":[[11.32949,44.52156],[11.33076,44.52556],[11.33097,44.52595]]},"properties":{}},{"type":"Feature","geometry":{"type":"LineString","coordinates":[[11.32951,44.5171],[11.32971,44.51708]]},"properties":{}},{"type":"Feature","geometry":{"type":"LineString","coordinates":[[11.33302,44.50254],[11.33009,44.50106]]},"properties":{}},{"type":"Feature","geometry":{"type":"LineString","coordinates":[[11.33022,44.50093],[11.33009,44.50106]]},"properties":{}},{"type":"Feature","geometry":{"type":"LineString","coordinates":[[11.33024,44.50627],[11.33011,44.50629]]},"properties":{}},{"type":"Feature","geometry":{"type":"LineString","coordinates":[[11.33022,44.50093],[11.33242,44.50205],[11.3327,44.50216],[11.3329,44.50217]]},"properties":{}},{"type":"Feature","geometry":{"type":"LineString","coordinates":[[11.33285,44.50045],[11.33055,44.50065],[11.33046,44.50069],[11.33022,44.50093]]},"properties":{}},{"type":"Feature","geometry":{"type":"LineString","coordinates":[[11.33034,44.50617],[11.33056,44.5061],[11.33087,44.50608]]},"properties":{}},{"type":"Feature","geometry":{"type":"LineString","coordinates":[[11.33084,44.5062],[11.33062,44.50615],[11.33034,44.50617]]},"properties":{}},{"type":"Feature","geometry":{"type":"LineString","coordinates":[[11.33084,44.50395],[11.3306,44.50399]]},"properties":{}},{"type":"Feature","geometry":{"type":"LineString","coordinates":[[11.33065,44.5066],[11.33071,44.50646],[11.33085,44.50623]]},"properties":{}},{"type":"Feature","geometry":{"type":"LineString","coordinates":[[11.33102,44.50633],[11.33082,44.50643],[11.33065,44.5066]]},"properties":{}},{"type":"Feature","geometry":{"type":"LineString","coordinates":[[11.33085,44.50623],[11.33084,44.5062]]},"properties":{}},{"type":"Feature","geometry":{"type":"LineString","coordinates":[[11.33084,44.5062],[11.33087,44.50608]]},"properties":{}},{"type":"Feature","geometry":{"type":"LineString","coordinates":[[11.33102,44.50633],[11.33093,44.5063],[11.33085,44.50623]]},"properties":{}},{"type":"Feature","geometry":{"type":"LineString","coordinates":[[11.33087,44.50608],[11.33097,44.50603]]},"properties":{}},{"type":"Feature","geometry":{"type":"LineString","coordinates":[[11.33091,44.5201],[11.33093,44.51998]]},"properties":{}},{"type":"Feature","geometry":{"type":"LineString","coordinates":[[11.33097,44.52595],[11.33123,44.52619],[11.33135,44.52626]]},"properties":{}},{"type":"Feature","geometry":{"type":"LineString","coordinates":[[11.33114,44.52635],[11.33112,44.52621],[11.33097,44.52595]]},"properties":{}},{"type":"Feature","geometry":{"type":"LineString","coordinates":[[11.33097,44.50603],[11.3312,44.50575]]},"properties":{}},{"type":"Feature","geometry":{"type":"LineString","coordinates":[[11.33097,44.50603],[11.33117,44.50604]]},"properties":{}},{"type":"Feature","geometry":{"type":"LineString","coordinates":[[11.33099,44.52036],[11.33099,44.52046]]},"properties":{}},{"type":"Feature","geometry":{"type":"LineString","coordinates":[[11.33128,44.50617],[11.33126,44.50623],[11.33118,44.5063],[11.33102,44.50633]]},"properties":{}},{"type":"Feature","geometry":{"type":"LineString","coordinates":[[11.33156,44.52659],[11.33138,44.52665],[11.33119,44.5266],[11.3311,44.52648],[11.33114,44.52635]]},"properties":{}},{"type":"Feature","geometry":{"type":"LineString","coordinates":[[11.33114,44.52635],[11.33122,44.52629],[11.33135,44.52626]]},"properties":{}},{"type":"Feature","geometry":{"type":"LineString","coordinates":[[11.33118,44.52176],[11.33115,44.52163]]},"properties":{}},{"type":"Feature","geometry":{"type":"LineString","coordinates":[[11.33117,44.50604],[11.33121,44.50606]]},"properties":{}},{"type":"Feature","geometry":{"type":"LineString","coordinates":[[11.3312,44.50575],[11.33115,44.50593],[11.33117,44.50604]]},"properties":{}},{"type":"Feature","geometry":{"type":"LineString","coordinates":[[11.33254,44.50362],[11.3312,44.50575]]},"properties":{}},{"type":"Feature","geometry":{"type":"LineString","coordinates":[[11.33121,44.50606],[11.33135,44.50606],[11.33176,44.50598]]},"properties":{}},{"type":"Feature","geometry":{"type":"LineString","coordinates":[[11.33121,44.50606],[11.33128,44.50617]]},"properties":{}},{"type":"Feature","geometry":{"type":"LineString","coordinates":[[11.33152,44.50062],[11.33122,44.50065]]},"properties":{}},{"type":"Feature","geometry":{"type":"LineString","coordinates":[[11.33176,44.50598],[11.33128,44.50617]]},"properties":{}},{"type":"Feature","geometry":{"type":"LineString","coordinates":[[11.33129,44.5218],[11.33132,44.52192]]},"properties":{}},{"type":"Feature","geometry":{"type":"LineString","coordinates":[[11.33135,44.52626],[11.33165,44.52629],[11.33186,44.5262]]},"properties":{}},{"type":"Feature","geometry":{"type":"LineString","coordinates":[[11.33138,44.50533],[11.33147,44.50518]]},"properties":{}},{"type":"Feature","geometry":{"type":"LineString","coordinates":[[11.33146,44.50547],[11.33138,44.5056]]},"properties":{}},{"type":"Feature","geometry":{"type":"LineString","coordinates":[[11.33147,44.50883],[11.33168,44.5088]]},"properties":{}},{"type":"Feature","geometry":{"type":"LineString","coordinates":[[11.33194,44.52669],[11.33156,44.52659]]},"properties":{}},{"type":"Feature","geometry":{"type":"LineString","coordinates":[[11.33164,44.52645],[11.33156,44.52659]]},"properties":{}},{"type":"Feature","geometry":{"type":"LineString","coordinates":[[11.33164,44.52645],[11.33194,44.52669]]},"properties":{}},{"type":"Feature","geometry":{"type":"LineString","coordinates":[[11.33186,44.5262],[11.33181,44.52627],[11.33163,44.52641],[11.33164,44.52645]]},"properties":{}},{"type":"Feature","geometry":{"type":"LineString","coordinates":[[11.33192,44.50888],[11.33173,44.5089]]},"properties":{}},{"type":"Feature","geometry":{"type":"LineString","coordinates":[[11.3353,44.50541],[11.33176,44.50598]]},"properties":{}},{"type":"Feature","geometry":{"type":"LineString","coordinates":[[11.33194,44.52669],[11.33216,44.52684]]},"properties":{}},{"type":"Feature","geometry":{"type":"LineString","coordinates":[[11.33212,44.50596],[11.33195,44.50599]]},"properties":{}},{"type":"Feature","geometry":{"type":"LineString","coordinates":[[11.33195,44.50175],[11.33215,44.50184]]},"properties":{}},{"type":"Feature","geometry":{"type":"LineString","coordinates":[[11.33232,44.51717],[11.33208,44.51717]]},"properties":{}},{"type":"Feature","geometry":{"type":"LineString","coordinates":[[11.33209,44.51697],[11.33233,44.51696]]},"properties":{}},{"type":"Feature","geometry":{"type":"LineString","coordinates":[[11.33212,44.52531],[11.33216,44.52517]]},"properties":{}},{"type":"Feature","geometry":{"type":"LineString","coordinates":[[11.33216,44.52684],[11.33254,44.52706],[11.3328,44.52735],[11.33336,44.52825],[11.33342,44.52842],[11.33343,44.52868],[11.33348,44.52878],[11.33368,44.52891],[11.33386,44.52896],[11.33396,44.52907],[11.33389,44.52969],[11.33386,44.52976],[11.33368,44.52992],[11.33365,44.53004],[11.33368,44.53013],[11.33426,44.53077],[11.33504,44.53149]]},"properties":{}},{"type":"Feature","geometry":{"type":"LineString","coordinates":[[11.33504,44.53149],[11.33467,44.53125],[11.33422,44.53086],[11.33355,44.53013],[11.33328,44.52975],[11.33325,44.52964],[11.33333,44.5288],[11.33329,44.52857],[11.33232,44.52702],[11.33216,44.52684]]},"properties":{}},{"type":"Feature","geometry":{"type":"LineString","coordinates":[[11.33234,44.52482],[11.33232,44.52496]]},"properties":{}},{"type":"Feature","geometry":{"type":"LineString","coordinates":[[11.33318,44.50262],[11.33308,44.50273],[11.33254,44.50362]]},"properties":{}},{"type":"Feature","geometry":{"type":"LineString","coordinates":[[11.33266,44.50578],[11.33282,44.50576]]},"properties":{}},{"type":"Feature","geometry":{"type":"LineString","coordinates":[[11.33268,44.50328],[11.33275,44.50316]]},"properties":{}},{"type":"Feature","geometry":{"type":"LineString","coordinates":[[11.33288,44.50046],[11.33285,44.50045]]},"properties":{}},{"type":"Feature","geometry":{"type":"LineString","coordinates":[[11.33285,44.50045],[11.3328,44.50036],[11.33283,44.50032],[11.33291,44.50029],[11.333,44.50032],[11.33379,44.50028],[11.33443,44.50039]]},"properties":{}},{"type":"Feature","geometry":{"type":"LineString","coordinates":[[11.33437,44.5005],[11.33365,44.50039],[11.33302,44.50043],[11.33288,44.50046]]},"properties":{}},{"type":"Feature","geometry":{"type":"LineString","coordinates":[[11.3329,44.50217],[11.33303,44.50179],[11.33303,44.50116],[11.33293,44.50056],[11.33288,44.50046]]},"properties":{}},{"type":"Feature","geometry":{"type":"LineString","coordinates":[[11.33298,44.52814],[11.3329,44.52802]]},"properties":{}},{"type":"Feature","geometry":{"type":"LineString","coordinates":[[11.33297,44.50304],[11.3329,44.50314]]},"properties":{}},{"type":"Feature","geometry":{"type":"LineString","coordinates":[[11.3329,44.50217],[11.33338,44.5022]]},"properties":{}},{"type":"Feature","geometry":{"type":"LineString","coordinates":[[11.33302,44.50254],[11.3329,44.50231],[11.3329,44.50217]]},"properties":{}},{"type":"Feature","geometry":{"type":"LineString","coordinates":[[11.33318,44.50262],[11.33302,44.50254]]},"properties":{}},{"type":"Feature","geometry":{"type":"LineString","coordinates":[[11.3336,44.50238],[11.33357,44.50249],[11.33347,44.50259],[11.33334,44.50262],[11.33318,44.50262]]},"properties":{}},{"type":"Feature","geometry":{"type":"LineString","coordinates":[[11.33451,44.5033],[11.33318,44.50262]]},"properties":{}},{"type":"Feature","geometry":{"type":"LineString","coordinates":[[11.33338,44.5022],[11.33354,44.50228],[11.3336,44.50238]]},"properties":{}},{"type":"Feature","geometry":{"type":"LineString","coordinates":[[11.33437,44.5005],[11.33338,44.5022]]},"properties":{}},{"type":"Feature","geometry":{"type":"LineString","coordinates":[[11.33341,44.52823],[11.33345,44.52834]]},"properties":{}},{"type":"Feature","geometry":{"type":"LineString","coordinates":[[11.3336,44.50238],[11.33384,44.50276],[11.33481,44.50326]]},"properties":{}},{"type":"Feature","geometry":{"type":"LineString","coordinates":[[11.33381,44.50299],[11.33361,44.50289]]},"properties":{}},{"type":"Feature","geometry":{"type":"LineString","coordinates":[[11.33375,44.53046],[11.33365,44.53035]]},"properties":{}},{"type":"Feature","geometry":{"type":"LineString","coordinates":[[11.33404,44.53042],[11.33413,44.53053]]},"properties":{}},{"type":"Feature","geometry":{"type":"LineString","coordinates":[[11.33443,44.50039],[11.33437,44.5005]]},"properties":{}},{"type":"Feature","geometry":{"type":"LineString","coordinates":[[11.33467,44.5],[11.33443,44.50039]]},"properties":{}},{"type":"Feature","geometry":{"type":"LineString","coordinates":[[11.3377,44.5049],[11.33451,44.5033]]},"properties":{}},{"type":"Feature","geometry":{"type":"LineString","coordinates":[[11.33481,44.50326],[11.33451,44.5033]]},"properties":{}},{"type":"Feature","geometry":{"type":"LineString","coordinates":[[11.33452,44.50008],[11.33457,44.5]]},"properties":{}},{"type":"Feature","geometry":{"type":"LineString","coordinates":[[11.33495,44.5055],[11.33481,44.50553]]},"properties":{}},{"type":"Feature","geometry":{"type":"LineString","coordinates":[[11.33481,44.50326],[11.33791,44.50483]]},"properties":{}},{"type":"Feature","geometry":{"type":"LineString","coordinates":[[11.33911,44.50234],[11.33481,44.50326]]},"properties":{}},{"type":"Feature","geometry":{"type":"LineString","coordinates":[[11.33499,44.50543],[11.33513,44.50541]]},"properties":{}},{"type":"Feature","geometry":{"type":"LineString","coordinates":[[11.33504,44.53149],[11.33532,44.53169]]},"properties":{}},{"type":"Feature","geometry":{"type":"LineString","coordinates":[[11.33513,44.50835],[11.33539,44.50831]]},"properties":{}},{"type":"Feature","geometry":{"type":"LineString","coordinates":[[11.3353,44.50541],[11.33567,44.50534],[11.33616,44.50531],[11.33639,44.50523],[11.33667,44.50523],[11.33691,44.50514],[11.33745,44.50504],[11.3377,44.5049]]},"properties":{}},{"type":"Feature","geometry":{"type":"LineString","coordinates":[[11.33825,44.50517],[11.33811,44.50518],[11.33769,44.5051],[11.33693,44.50522],[11.33673,44.5053],[11.33659,44.50549],[11.33643,44.50555],[11.3363,44.50552],[11.33622,44.50545],[11.3361,44.50542],[11.3353,44.50541]]},"properties":{}},{"type":"Feature","geometry":{"type":"LineString","coordinates":[[11.33532,44.53169],[11.33547,44.53179]]},"properties":{}},{"type":"Feature","geometry":{"type":"LineString","coordinates":[[11.33532,44.53169],[11.34544,44.5298],[11.34706,44.52942]]},"properties":{}},{"type":"Feature","geometry":{"type":"LineString","coordinates":[[11.33566,44.50838],[11.33542,44.50841]]},"properties":{}},{"type":"Feature","geometry":{"type":"LineString","coordinates":[[11.33547,44.53179],[11.33585,44.53207]]},"properties":{}},{"type":"Feature","geometry":{"type":"LineString","coordinates":[[11.3471,44.52954],[11.345,44.53001],[11.33547,44.53179]]},"properties":{}},{"type":"Feature","geometry":{"type":"LineString","coordinates":[[11.33585,44.53207],[11.3362,44.5323],[11.33657,44.53247],[11.33685,44.53255],[11.33762,44.53271]]},"properties":{}},{"type":"Feature","geometry":{"type":"LineString","coordinates":[[11.33585,44.53207],[11.33618,44.53209],[11.33742,44.53252],[11.33757,44.53262],[11.33762,44.53271]]},"properties":{}},{"type":"Feature","geometry":{"type":"LineString","coordinates":[[11.3359,44.50296],[11.33617,44.5029]]},"properties":{}},{"type":"Feature","geometry":{"type":"LineString","coordinates":[[11.33598,44.51711],[11.33595,44.51706],[11.33598,44.51698]]},"properties":{}},{"type":"Feature","geometry":{"type":"LineString","coordinates":[[11.33598,44.51698],[11.33606,44.51693]]},"properties":{}},{"type":"Feature","geometry":{"type":"LineString","coordinates":[[11.336,44.51713],[11.33598,44.51711]]},"properties":{}},{"type":"Feature","geometry":{"type":"LineString","coordinates":[[11.33625,44.51714],[11.33613,44.51717],[11.336,44.51713]]},"properties":{}},{"type":"Feature","geometry":{"type":"LineString","coordinates":[[11.33609,44.51754],[11.33598,44.51722],[11.336,44.51713]]},"properties":{}},{"type":"Feature","geometry":{"type":"LineString","coordinates":[[11.33606,44.51693],[11.33627,44.51674],[11.33649,44.51635],[11.33656,44.51613],[11.33728,44.51507],[11.33752,44.51489]]},"properties":{}},{"type":"Feature","geometry":{"type":"LineString","coordinates":[[11.33606,44.51693],[11.33616,44.51692],[11.33628,44.51697]]},"properties":{}},{"type":"Feature","geometry":{"type":"LineString","coordinates":[[11.33819,44.52135],[11.33864,44.52075],[11.33839,44.52069],[11.33793,44.52062],[11.3376,44.52053],[11.33722,44.52033],[11.33695,44.52009],[11.33677,44.51978],[11.3361,44.51769],[11.33609,44.51754]]},"properties":{}},{"type":"Feature","geometry":{"type":"LineString","coordinates":[[11.33625,44.51714],[11.33609,44.51754]]},"properties":{}},{"type":"Feature","geometry":{"type":"LineString","coordinates":[[11.33629,44.51835],[11.33624,44.51821]]},"properties":{}},{"type":"Feature","geometry":{"type":"LineString","coordinates":[[11.33628,44.51711],[11.33625,44.51714]]},"properties":{}},{"type":"Feature","geometry":{"type":"LineString","coordinates":[[11.33628,44.51697],[11.33629,44.51699]]},"properties":{}},{"type":"Feature","geometry":{"type":"LineString","coordinates":[[11.33752,44.51489],[11.33747,44.51513],[11.33654,44.51649],[11.33628,44.51697]]},"properties":{}},{"type":"Feature","geometry":{"type":"LineString","coordinates":[[11.33629,44.51699],[11.33628,44.51711]]},"properties":{}},{"type":"Feature","geometry":{"type":"LineString","coordinates":[[11.33664,44.517],[11.33628,44.51711]]},"properties":{}},{"type":"Feature","geometry":{"type":"LineString","coordinates":[[11.33629,44.51699],[11.33642,44.51697],[11.33664,44.517]]},"properties":{}},{"type":"Feature","geometry":{"type":"LineString","coordinates":[[11.33638,44.51838],[11.33643,44.51854]]},"properties":{}},{"type":"Feature","geometry":{"type":"LineString","coordinates":[[11.33661,44.50294],[11.33639,44.50299]]},"properties":{}},{"type":"Feature","geometry":{"type":"LineString","coordinates":[[11.33652,44.53219],[11.33666,44.53224]]},"properties":{}},{"type":"Feature","geometry":{"type":"LineString","coordinates":[[11.33676,44.64957],[11.33661,44.64966]]},"properties":{}},{"type":"Feature","geometry":{"type":"LineString","coordinates":[[11.33664,44.517],[11.34223,44.51677]]},"properties":{}},{"type":"Feature","geometry":{"type":"LineString","coordinates":[[11.33714,44.6493],[11.33723,44.64924]]},"properties":{}},{"type":"Feature","geometry":{"type":"LineString","coordinates":[[11.3375,44.517],[11.3373,44.51701]]},"properties":{}},{"type":"Feature","geometry":{"type":"LineString","coordinates":[[11.33752,44.51513],[11.33743,44.51527]]},"properties":{}},{"type":"Feature","geometry":{"type":"LineString","coordinates":[[11.33749,44.51692],[11.33765,44.51692]]},"properties":{}},{"type":"Feature","geometry":{"type":"LineString","coordinates":[[11.33911,44.51367],[11.338,44.51442],[11.33777,44.51462],[11.33752,44.51489]]},"properties":{}},{"type":"Feature","geometry":{"type":"LineString","coordinates":[[11.33762,44.53271],[11.33814,44.53282],[11.33843,44.53295]]},"properties":{}},{"type":"Feature","geometry":{"type":"LineString","coordinates":[[11.33825,44.50517],[11.3377,44.5049]]},"properties":{}},{"type":"Feature","geometry":{"type":"LineString","coordinates":[[11.3377,44.5049],[11.33791,44.50483]]},"properties":{}},{"type":"Feature","geometry":{"type":"LineString","coordinates":[[11.33775,44.51459],[11.33786,44.51449]]},"properties":{}},{"type":"Feature","geometry":{"type":"LineString","coordinates":[[11.33791,44.50483],[11.33935,44.50555],[11.33966,44.50564],[11.3399,44.50564],[11.34144,44.50539]]},"properties":{}},{"type":"Feature","geometry":{"type":"LineString","coordinates":[[11.33816,44.52185],[11.33804,44.52191],[11.33791,44.52193]]},"properties":{}},{"type":"Feature","geometry":{"type":"LineString","coordinates":[[11.33819,44.52135],[11.33814,44.52146],[11.33817,44.52156],[11.33825,44.52164],[11.33825,44.52172],[11.33802,44.52187],[11.33789,44.52186],[11.33786,44.52182],[11.33788,44.52177],[11.33809,44.52143],[11.33819,44.52135]]},"properties":{}},{"type":"Feature","geometry":{"type":"LineString","coordinates":[[11.33823,44.50942],[11.33828,44.50932]]},"properties":{}},{"type":"Feature","geometry":{"type":"LineString","coordinates":[[11.34246,44.50531],[11.33985,44.50572],[11.33962,44.50573],[11.33934,44.50568],[11.33916,44.50562],[11.33825,44.50517]]},"properties":{}},{"type":"Feature","geometry":{"type":"LineString","coordinates":[[11.33843,44.53295],[11.33915,44.53308],[11.33927,44.53319],[11.33929,44.53329],[11.33926,44.53337],[11.33918,44.53345],[11.33905,44.53351],[11.3389,44.53351],[11.33875,44.53347],[11.33864,44.53338],[11.33856,44.5331],[11.33843,44.53295]]},"properties":{}},{"type":"Feature","geometry":{"type":"LineString","coordinates":[[11.3388,44.50927],[11.33865,44.50929]]},"properties":{}},{"type":"Feature","geometry":{"type":"LineString","coordinates":[[11.33923,44.50061],[11.33911,44.50052],[11.33887,44.5]]},"properties":{}},{"type":"Feature","geometry":{"type":"LineString","coordinates":[[11.33912,44.50044],[11.33892,44.50001]]},"properties":{}},{"type":"Feature","geometry":{"type":"LineString","coordinates":[[11.33902,44.50782],[11.3395,44.50774]]},"properties":{}},{"type":"Feature","geometry":{"type":"LineString","coordinates":[[11.33902,44.5],[11.33925,44.50049],[11.33923,44.50061]]},"properties":{}},{"type":"Feature","geometry":{"type":"LineString","coordinates":[[11.33911,44.51367],[11.33914,44.51345]]},"properties":{}},{"type":"Feature","geometry":{"type":"LineString","coordinates":[[11.3394,44.51353],[11.33933,44.5136],[11.33911,44.51367]]},"properties":{}},{"type":"Feature","geometry":{"type":"LineString","coordinates":[[11.33973,44.50243],[11.33911,44.50234]]},"properties":{}},{"type":"Feature","geometry":{"type":"LineString","coordinates":[[11.33911,44.50234],[11.33957,44.50204]]},"properties":{}},{"type":"Feature","geometry":{"type":"LineString","coordinates":[[11.33914,44.51333],[11.33927,44.51341]]},"properties":{}},{"type":"Feature","geometry":{"type":"LineString","coordinates":[[11.33914,44.51345],[11.33914,44.51333]]},"properties":{}},{"type":"Feature","geometry":{"type":"LineString","coordinates":[[11.33914,44.51333],[11.33818,44.50962],[11.3384,44.50928],[11.33914,44.50916]]},"properties":{}},{"type":"Feature","geometry":{"type":"LineString","coordinates":[[11.33914,44.51345],[11.33927,44.51341]]},"properties":{}},{"type":"Feature","geometry":{"type":"LineString","coordinates":[[11.33934,44.50911],[11.33933,44.50916],[11.33928,44.50919],[11.33914,44.50916]]},"properties":{}},{"type":"Feature","geometry":{"type":"LineString","coordinates":[[11.33914,44.50916],[11.33913,44.50912],[11.33918,44.50906],[11.33928,44.50905],[11.33934,44.50911]]},"properties":{}},{"type":"Feature","geometry":{"type":"LineString","coordinates":[[11.33927,44.5007],[11.33923,44.50061]]},"properties":{}},{"type":"Feature","geometry":{"type":"LineString","coordinates":[[11.33927,44.51341],[11.3393,44.51341]]},"properties":{}},{"type":"Feature","geometry":{"type":"LineString","coordinates":[[11.33927,44.5007],[11.33941,44.50078],[11.33966,44.50132],[11.33961,44.50143]]},"properties":{}},{"type":"Feature","geometry":{"type":"LineString","coordinates":[[11.33961,44.50143],[11.3395,44.50137],[11.33937,44.50113],[11.33923,44.50082],[11.33927,44.5007]]},"properties":{}},{"type":"Feature","geometry":{"type":"LineString","coordinates":[[11.3393,44.51341],[11.33937,44.51345],[11.3394,44.51353]]},"properties":{}},{"type":"Feature","geometry":{"type":"LineString","coordinates":[[11.3393,44.51341],[11.33942,44.51334],[11.33989,44.51316],[11.34025,44.51307],[11.3411,44.51294],[11.34125,44.51283]]},"properties":{}},{"type":"Feature","geometry":{"type":"LineString","coordinates":[[11.3405,44.50897],[11.33934,44.50911]]},"properties":{}},{"type":"Feature","geometry":{"type":"LineString","coordinates":[[11.33939,44.50088],[11.3396,44.50132]]},"properties":{}},{"type":"Feature","geometry":{"type":"LineString","coordinates":[[11.33953,44.50248],[11.33939,44.50243]]},"properties":{}},{"type":"Feature","geometry":{"type":"LineString","coordinates":[[11.34135,44.51292],[11.3411,44.51298],[11.3409,44.51312],[11.34005,44.51327],[11.3394,44.51353]]},"properties":{}},{"type":"Feature","geometry":{"type":"LineString","coordinates":[[11.33973,44.50243],[11.33959,44.50233],[11.33955,44.50226],[11.33953,44.50217],[11.33957,44.50204]]},"properties":{}},{"type":"Feature","geometry":{"type":"LineString","coordinates":[[11.33957,44.50204],[11.33961,44.50199]]},"properties":{}},{"type":"Feature","geometry":{"type":"LineString","coordinates":[[11.33961,44.50199],[11.33967,44.50169],[11.33964,44.5015]]},"properties":{}},{"type":"Feature","geometry":{"type":"LineString","coordinates":[[11.33961,44.50199],[11.33983,44.50188],[11.34004,44.50187],[11.34015,44.5019]]},"properties":{}},{"type":"Feature","geometry":{"type":"LineString","coordinates":[[11.33961,44.50143],[11.33964,44.5015]]},"properties":{}},{"type":"Feature","geometry":{"type":"LineString","coordinates":[[11.33964,44.5015],[11.33981,44.5017],[11.34015,44.5019]]},"properties":{}},{"type":"Feature","geometry":{"type":"LineString","coordinates":[[11.33982,44.50246],[11.33973,44.50243]]},"properties":{}},{"type":"Feature","geometry":{"type":"LineString","coordinates":[[11.34031,44.50234],[11.34021,44.50241],[11.34005,44.50246],[11.33982,44.50246]]},"properties":{}},{"type":"Feature","geometry":{"type":"LineString","coordinates":[[11.3402,44.50273],[11.33982,44.50246]]},"properties":{}},{"type":"Feature","geometry":{"type":"LineString","coordinates":[[11.34005,44.50175],[11.34037,44.50187]]},"properties":{}},{"type":"Feature","geometry":{"type":"LineString","coordinates":[[11.34015,44.5019],[11.34019,44.50191]]},"properties":{}},{"type":"Feature","geometry":{"type":"LineString","coordinates":[[11.34017,44.64773],[11.34031,44.64762],[11.3404,44.64746]]},"properties":{}},{"type":"Feature","geometry":{"type":"LineString","coordinates":[[11.34062,44.64763],[11.34017,44.64773]]},"properties":{}},{"type":"Feature","geometry":{"type":"LineString","coordinates":[[11.34029,44.50312],[11.34018,44.50288]]},"properties":{}},{"type":"Feature","geometry":{"type":"LineString","coordinates":[[11.34019,44.50191],[11.34044,44.50195],[11.34066,44.50203],[11.3408,44.50203]]},"properties":{}},{"type":"Feature","geometry":{"type":"LineString","coordinates":[[11.34019,44.50191],[11.34031,44.502],[11.34036,44.50208],[11.34038,44.50218],[11.34036,44.50227]]},"properties":{}},{"type":"Feature","geometry":{"type":"LineString","coordinates":[[11.34054,44.50347],[11.3402,44.50273]]},"properties":{}},{"type":"Feature","geometry":{"type":"LineString","coordinates":[[11.34031,44.50234],[11.3402,44.50273]]},"properties":{}},{"type":"Feature","geometry":{"type":"LineString","coordinates":[[11.3405,44.50897],[11.34037,44.50848],[11.3404,44.50839],[11.34024,44.50775],[11.34026,44.5077]]},"properties":{}},{"type":"Feature","geometry":{"type":"LineString","coordinates":[[11.34026,44.5077],[11.342,44.50746],[11.34229,44.50745],[11.34599,44.50693]]},"properties":{}},{"type":"Feature","geometry":{"type":"LineString","coordinates":[[11.34034,44.50884],[11.34028,44.50856]]},"properties":{}},{"type":"Feature","geometry":{"type":"LineString","coordinates":[[11.34036,44.50227],[11.34031,44.50234]]},"properties":{}},{"type":"Feature","geometry":{"type":"LineString","coordinates":[[11.3408,44.50203],[11.34065,44.50208],[11.34036,44.50227]]},"properties":{}},{"type":"Feature","geometry":{"type":"LineString","coordinates":[[11.34062,44.64763],[11.34049,44.64759],[11.3404,44.64746]]},"properties":{}},{"type":"Feature","geometry":{"type":"LineString","coordinates":[[11.3404,44.64746],[11.34042,44.64738],[11.3405,44.6473],[11.34063,44.64726],[11.34078,44.64728]]},"properties":{}},{"type":"Feature","geometry":{"type":"LineString","coordinates":[[11.34044,44.50304],[11.34054,44.50326]]},"properties":{}},{"type":"Feature","geometry":{"type":"LineString","coordinates":[[11.34638,44.50818],[11.3405,44.50897]]},"properties":{}},{"type":"Feature","geometry":{"type":"LineString","coordinates":[[11.34144,44.50539],[11.34054,44.50347]]},"properties":{}},{"type":"Feature","geometry":{"type":"LineString","coordinates":[[11.34054,44.50347],[11.3422,44.50321],[11.34412,44.5041],[11.3444,44.5049]]},"properties":{}},{"type":"Feature","geometry":{"type":"LineString","coordinates":[[11.34092,44.64746],[11.34084,44.64758],[11.34073,44.64763],[11.34062,44.64763]]},"properties":{}},{"type":"Feature","geometry":{"type":"LineString","coordinates":[[11.34078,44.64728],[11.34088,44.64736],[11.34092,44.64746]]},"properties":{}},{"type":"Feature","geometry":{"type":"LineString","coordinates":[[11.34078,44.64728],[11.34104,44.64727],[11.34132,44.64718]]},"properties":{}},{"type":"Feature","geometry":{"type":"LineString","coordinates":[[11.34447,44.50121],[11.34424,44.50128],[11.3408,44.50203]]},"properties":{}},{"type":"Feature","geometry":{"type":"LineString","coordinates":[[11.34084,44.51681],[11.34102,44.5168]]},"properties":{}},{"type":"Feature","geometry":{"type":"LineString","coordinates":[[11.34132,44.64718],[11.34105,44.64734],[11.34092,44.64746]]},"properties":{}},{"type":"Feature","geometry":{"type":"LineString","coordinates":[[11.34131,44.51685],[11.34116,44.51686]]},"properties":{}},{"type":"Feature","geometry":{"type":"LineString","coordinates":[[11.34125,44.50332],[11.34182,44.50323]]},"properties":{}},{"type":"Feature","geometry":{"type":"LineString","coordinates":[[11.34135,44.51292],[11.34125,44.51283]]},"properties":{}},{"type":"Feature","geometry":{"type":"LineString","coordinates":[[11.34125,44.51283],[11.34128,44.51276],[11.34139,44.51272],[11.34141,44.51258],[11.34123,44.51177],[11.34315,44.51151]]},"properties":{}},{"type":"Feature","geometry":{"type":"LineString","coordinates":[[11.34132,44.64718],[11.34202,44.64681],[11.34255,44.64649],[11.3441,44.64534],[11.34742,44.64278],[11.34811,44.64233],[11.34868,44.64205],[11.34965,44.64177],[11.35185,44.64148],[11.35205,44.64143],[11.35274,44.64107],[11.35403,44.64024],[11.35428,44.64012],[11.35458,44.64003],[11.35671,44.63961],[11.35855,44.63953],[11.3599,44.63968],[11.3629,44.64017],[11.36382,44.64023],[11.36407,44.64021],[11.36486,44.64007],[11.36628,44.63962],[11.36665,44.63954],[11.37135,44.63915],[11.37167,44.6391],[11.37272,44.63881]]},"properties":{}},{"type":"Feature","geometry":{"type":"LineString","coordinates":[[11.34139,44.51292],[11.34135,44.51292]]},"properties":{}},{"type":"Feature","geometry":{"type":"LineString","coordinates":[[11.34155,44.51305],[11.34139,44.51292]]},"properties":{}},{"type":"Feature","geometry":{"type":"LineString","coordinates":[[11.34153,44.51286],[11.34148,44.51291],[11.34139,44.51292]]},"properties":{}},{"type":"Feature","geometry":{"type":"LineString","coordinates":[[11.34178,44.50184],[11.34142,44.50192]]},"properties":{}},{"type":"Feature","geometry":{"type":"LineString","coordinates":[[11.34143,44.50185],[11.34176,44.50178]]},"properties":{}},{"type":"Feature","geometry":{"type":"LineString","coordinates":[[11.34246,44.50531],[11.34158,44.50543],[11.34144,44.50539]]},"properties":{}},{"type":"Feature","geometry":{"type":"LineString","coordinates":[[11.34144,44.50539],[11.34278,44.50516]]},"properties":{}},{"type":"Feature","geometry":{"type":"LineString","coordinates":[[11.34153,44.51286],[11.34155,44.51305]]},"properties":{}},{"type":"Feature","geometry":{"type":"LineString","coordinates":[[11.34339,44.51245],[11.34164,44.51268],[11.34151,44.51276],[11.34153,44.51286]]},"properties":{}},{"type":"Feature","geometry":{"type":"LineString","coordinates":[[11.34223,44.51677],[11.34233,44.51623],[11.34234,44.51568],[11.34205,44.5139],[11.34197,44.51359],[11.34155,44.51305]]},"properties":{}},{"type":"Feature","geometry":{"type":"LineString","coordinates":[[11.34196,44.51162],[11.3422,44.51159]]},"properties":{}},{"type":"Feature","geometry":{"type":"LineString","coordinates":[[11.34202,44.51397],[11.342,44.51383]]},"properties":{}},{"type":"Feature","geometry":{"type":"LineString","coordinates":[[11.34206,44.5173],[11.34202,44.51741]]},"properties":{}},{"type":"Feature","geometry":{"type":"LineString","coordinates":[[11.34211,44.514],[11.34214,44.51414]]},"properties":{}},{"type":"Feature","geometry":{"type":"LineString","coordinates":[[11.34706,44.52942],[11.34691,44.529],[11.34573,44.5264],[11.34537,44.52538],[11.34485,44.52367],[11.34465,44.52338],[11.34421,44.52289],[11.34399,44.52249],[11.34392,44.52221],[11.34382,44.52147],[11.34382,44.52073],[11.34352,44.51997],[11.34343,44.51977],[11.34325,44.51951],[11.34262,44.51888],[11.34188,44.51783],[11.34186,44.51774],[11.3419,44.51757],[11.34223,44.51677]]},"properties":{}},{"type":"Feature","geometry":{"type":"LineString","coordinates":[[11.34229,44.51586],[11.34229,44.51572]]},"properties":{}},{"type":"Feature","geometry":{"type":"LineString","coordinates":[[11.34251,44.51262],[11.34229,44.51265]]},"properties":{}},{"type":"Feature","geometry":{"type":"LineString","coordinates":[[11.34234,44.51537],[11.34236,44.5155]]},"properties":{}},{"type":"Feature","geometry":{"type":"LineString","coordinates":[[11.34237,44.50517],[11.34269,44.50512]]},"properties":{}},{"type":"Feature","geometry":{"type":"LineString","coordinates":[[11.3428,44.50526],[11.34246,44.50531]]},"properties":{}},{"type":"Feature","geometry":{"type":"LineString","coordinates":[[11.34248,44.50161],[11.34282,44.50154]]},"properties":{}},{"type":"Feature","geometry":{"type":"LineString","coordinates":[[11.34278,44.5191],[11.34268,44.51901]]},"properties":{}},{"type":"Feature","geometry":{"type":"LineString","coordinates":[[11.3428,44.50526],[11.34278,44.50516]]},"properties":{}},{"type":"Feature","geometry":{"type":"LineString","coordinates":[[11.34278,44.50516],[11.34339,44.50506]]},"properties":{}},{"type":"Feature","geometry":{"type":"LineString","coordinates":[[11.34287,44.50551],[11.3428,44.50526]]},"properties":{}},{"type":"Feature","geometry":{"type":"LineString","coordinates":[[11.34361,44.50513],[11.3428,44.50526]]},"properties":{}},{"type":"Feature","geometry":{"type":"LineString","coordinates":[[11.34302,44.50868],[11.34281,44.5087]]},"properties":{}},{"type":"Feature","geometry":{"type":"LineString","coordinates":[[11.34319,44.50564],[11.34287,44.50551]]},"properties":{}},{"type":"Feature","geometry":{"type":"LineString","coordinates":[[11.34319,44.50564],[11.34294,44.50566],[11.34287,44.50551]]},"properties":{}},{"type":"Feature","geometry":{"type":"LineString","coordinates":[[11.34289,44.50509],[11.34369,44.50495]]},"properties":{}},{"type":"Feature","geometry":{"type":"LineString","coordinates":[[11.34325,44.50567],[11.34302,44.5057]]},"properties":{}},{"type":"Feature","geometry":{"type":"LineString","coordinates":[[11.34332,44.50523],[11.34304,44.50527]]},"properties":{}},{"type":"Feature","geometry":{"type":"LineString","coordinates":[[11.34339,44.51245],[11.34315,44.51151]]},"properties":{}},{"type":"Feature","geometry":{"type":"LineString","coordinates":[[11.34315,44.51151],[11.3472,44.51098]]},"properties":{}},{"type":"Feature","geometry":{"type":"LineString","coordinates":[[11.34315,44.51932],[11.34325,44.51944]]},"properties":{}},{"type":"Feature","geometry":{"type":"LineString","coordinates":[[11.34339,44.50561],[11.34319,44.50564]]},"properties":{}},{"type":"Feature","geometry":{"type":"LineString","coordinates":[[11.34683,44.51199],[11.34339,44.51245]]},"properties":{}},{"type":"Feature","geometry":{"type":"LineString","coordinates":[[11.34339,44.50506],[11.3444,44.5049]]},"properties":{}},{"type":"Feature","geometry":{"type":"LineString","coordinates":[[11.34339,44.50506],[11.34355,44.50507],[11.34361,44.50513]]},"properties":{}},{"type":"Feature","geometry":{"type":"LineString","coordinates":[[11.3436,44.5054],[11.34339,44.50561]]},"properties":{}},{"type":"Feature","geometry":{"type":"LineString","coordinates":[[11.3436,44.5054],[11.34363,44.50556],[11.34339,44.50561]]},"properties":{}},{"type":"Feature","geometry":{"type":"LineString","coordinates":[[11.34358,44.50548],[11.3435,44.50556]]},"properties":{}},{"type":"Feature","geometry":{"type":"LineString","coordinates":[[11.34361,44.50513],[11.34356,44.50521],[11.3436,44.5054]]},"properties":{}},{"type":"Feature","geometry":{"type":"LineString","coordinates":[[11.34437,44.50501],[11.34361,44.50513]]},"properties":{}},{"type":"Feature","geometry":{"type":"LineString","coordinates":[[11.34366,44.50522],[11.34374,44.50552]]},"properties":{}},{"type":"Feature","geometry":{"type":"LineString","coordinates":[[11.34379,44.52167],[11.34377,44.5215]]},"properties":{}},{"type":"Feature","geometry":{"type":"LineString","coordinates":[[11.344,44.50137],[11.34381,44.50141]]},"properties":{}},{"type":"Feature","geometry":{"type":"LineString","coordinates":[[11.34391,44.52171],[11.34392,44.52185]]},"properties":{}},{"type":"Feature","geometry":{"type":"LineString","coordinates":[[11.34427,44.5043],[11.34437,44.50461]]},"properties":{}},{"type":"Feature","geometry":{"type":"LineString","coordinates":[[11.34448,44.50505],[11.34429,44.50507]]},"properties":{}},{"type":"Feature","geometry":{"type":"LineString","coordinates":[[11.3443,44.5113],[11.34454,44.51126]]},"properties":{}},{"type":"Feature","geometry":{"type":"LineString","coordinates":[[11.34432,44.5071],[11.34483,44.50703]]},"properties":{}},{"type":"Feature","geometry":{"type":"LineString","coordinates":[[11.3444,44.5049],[11.34437,44.50501]]},"properties":{}},{"type":"Feature","geometry":{"type":"LineString","coordinates":[[11.3454,44.50485],[11.34437,44.50501]]},"properties":{}},{"type":"Feature","geometry":{"type":"LineString","coordinates":[[11.3444,44.5049],[11.34544,44.50472]]},"properties":{}},{"type":"Feature","geometry":{"type":"LineString","coordinates":[[11.34447,44.50121],[11.34508,44.50337],[11.3455,44.50471]]},"properties":{}},{"type":"Feature","geometry":{"type":"LineString","coordinates":[[11.34903,44.50004],[11.34731,44.50048],[11.34718,44.50047],[11.3464,44.50067],[11.34621,44.50077],[11.34447,44.50121]]},"properties":{}},{"type":"Feature","geometry":{"type":"LineString","coordinates":[[11.34449,44.50481],[11.3447,44.50478]]},"properties":{}},{"type":"Feature","geometry":{"type":"LineString","coordinates":[[11.34475,44.50207],[11.34479,44.50222]]},"properties":{}},{"type":"Feature","geometry":{"type":"LineString","coordinates":[[11.34504,44.64468],[11.34494,44.64476]]},"properties":{}},{"type":"Feature","geometry":{"type":"LineString","coordinates":[[11.345,44.52434],[11.34496,44.52421]]},"properties":{}},{"type":"Feature","geometry":{"type":"LineString","coordinates":[[11.34507,44.64453],[11.34518,44.64445]]},"properties":{}},{"type":"Feature","geometry":{"type":"LineString","coordinates":[[11.34507,44.5032],[11.34512,44.50336]]},"properties":{}},{"type":"Feature","geometry":{"type":"LineString","coordinates":[[11.34528,44.52491],[11.34532,44.52505]]},"properties":{}},{"type":"Feature","geometry":{"type":"LineString","coordinates":[[11.34536,44.50417],[11.34546,44.50451]]},"properties":{}},{"type":"Feature","geometry":{"type":"LineString","coordinates":[[11.34599,44.50693],[11.3454,44.50485]]},"properties":{}},{"type":"Feature","geometry":{"type":"LineString","coordinates":[[11.3454,44.50485],[11.34539,44.50477],[11.34544,44.50472]]},"properties":{}},{"type":"Feature","geometry":{"type":"LineString","coordinates":[[11.34555,44.50483],[11.3454,44.50485]]},"properties":{}},{"type":"Feature","geometry":{"type":"LineString","coordinates":[[11.34544,44.50472],[11.3455,44.50471]]},"properties":{}},{"type":"Feature","geometry":{"type":"LineString","coordinates":[[11.3455,44.50471],[11.34555,44.50483]]},"properties":{}},{"type":"Feature","geometry":{"type":"LineString","coordinates":[[11.3455,44.50471],[11.34812,44.50408],[11.34935,44.50358]]},"properties":{}},{"type":"Feature","geometry":{"type":"LineString","coordinates":[[11.34555,44.50483],[11.34615,44.50691]]},"properties":{}},{"type":"Feature","geometry":{"type":"LineString","coordinates":[[11.34925,44.50378],[11.34819,44.50419],[11.34555,44.50483]]},"properties":{}},{"type":"Feature","geometry":{"type":"LineString","coordinates":[[11.3461,44.50827],[11.34594,44.50829]]},"properties":{}},{"type":"Feature","geometry":{"type":"LineString","coordinates":[[11.34615,44.51213],[11.34598,44.51215]]},"properties":{}},{"type":"Feature","geometry":{"type":"LineString","coordinates":[[11.34638,44.50818],[11.34599,44.50693]]},"properties":{}},{"type":"Feature","geometry":{"type":"LineString","coordinates":[[11.34599,44.50693],[11.34615,44.50691]]},"properties":{}},{"type":"Feature","geometry":{"type":"LineString","coordinates":[[11.34606,44.50719],[11.34604,44.50714]]},"properties":{}},{"type":"Feature","geometry":{"type":"LineString","coordinates":[[11.34615,44.50691],[11.34649,44.50816]]},"properties":{}},{"type":"Feature","geometry":{"type":"LineString","coordinates":[[11.34626,44.50714],[11.34628,44.50721]]},"properties":{}},{"type":"Feature","geometry":{"type":"LineString","coordinates":[[11.34632,44.50447],[11.34652,44.50442]]},"properties":{}},{"type":"Feature","geometry":{"type":"LineString","coordinates":[[11.34633,44.52758],[11.3464,44.52774]]},"properties":{}},{"type":"Feature","geometry":{"type":"LineString","coordinates":[[11.3472,44.51098],[11.34638,44.50818]]},"properties":{}},{"type":"Feature","geometry":{"type":"LineString","coordinates":[[11.34649,44.50816],[11.34638,44.50818]]},"properties":{}},{"type":"Feature","geometry":{"type":"LineString","coordinates":[[11.34648,44.52819],[11.34642,44.52805]]},"properties":{}},{"type":"Feature","geometry":{"type":"LineString","coordinates":[[11.3465,44.50863],[11.34645,44.50845]]},"properties":{}},{"type":"Feature","geometry":{"type":"LineString","coordinates":[[11.34649,44.50816],[11.34682,44.50926],[11.34692,44.5095],[11.34703,44.50985],[11.34704,44.51003],[11.34732,44.51096]]},"properties":{}},{"type":"Feature","geometry":{"type":"LineString","coordinates":[[11.34701,44.50056],[11.34652,44.50068]]},"properties":{}},{"type":"Feature","geometry":{"type":"LineString","coordinates":[[11.34659,44.50058],[11.34705,44.50046]]},"properties":{}},{"type":"Feature","geometry":{"type":"LineString","coordinates":[[11.3466,44.50842],[11.34665,44.50861]]},"properties":{}},{"type":"Feature","geometry":{"type":"LineString","coordinates":[[11.34681,44.50972],[11.34676,44.50951]]},"properties":{}},{"type":"Feature","geometry":{"type":"LineString","coordinates":[[11.34918,44.50338],[11.34904,44.50343],[11.34886,44.50355],[11.3488,44.50356],[11.3484,44.50381],[11.34812,44.50393],[11.3472,44.50415],[11.34687,44.50417],[11.3468,44.50413],[11.34679,44.50408]]},"properties":{}},{"type":"Feature","geometry":{"type":"LineString","coordinates":[[11.34679,44.50408],[11.34677,44.504],[11.34686,44.50387]]},"properties":{}},{"type":"Feature","geometry":{"type":"LineString","coordinates":[[11.34679,44.50408],[11.34685,44.50402],[11.3481,44.50377],[11.34859,44.50363]]},"properties":{}},{"type":"Feature","geometry":{"type":"LineString","coordinates":[[11.34945,44.52518],[11.3492,44.52453],[11.34819,44.52255],[11.34813,44.52237],[11.34813,44.52142],[11.34823,44.5203],[11.3481,44.51937],[11.34771,44.51718],[11.34767,44.51655],[11.34769,44.51557],[11.34767,44.51521],[11.3476,44.51487],[11.34735,44.51402],[11.34729,44.51389],[11.3469,44.51215],[11.34683,44.51199]]},"properties":{}},{"type":"Feature","geometry":{"type":"LineString","coordinates":[[11.34732,44.51096],[11.34732,44.51106],[11.34757,44.5119],[11.34683,44.51199]]},"properties":{}},{"type":"Feature","geometry":{"type":"LineString","coordinates":[[11.34683,44.50385],[11.34686,44.50382]]},"properties":{}},{"type":"Feature","geometry":{"type":"LineString","coordinates":[[11.3487,44.50373],[11.34807,44.50398],[11.347,44.50425]]},"properties":{}},{"type":"Feature","geometry":{"type":"LineString","coordinates":[[11.3471,44.52954],[11.34706,44.52942]]},"properties":{}},{"type":"Feature","geometry":{"type":"LineString","coordinates":[[11.34706,44.52942],[11.34793,44.52918],[11.3509,44.52825]]},"properties":{}},{"type":"Feature","geometry":{"type":"LineString","coordinates":[[11.34712,44.51072],[11.34707,44.51056]]},"properties":{}},{"type":"Feature","geometry":{"type":"LineString","coordinates":[[11.34708,44.51002],[11.34711,44.51013]]},"properties":{}},{"type":"Feature","geometry":{"type":"LineString","coordinates":[[11.35095,44.53701],[11.34864,44.53495],[11.3483,44.53454],[11.34737,44.53317],[11.34725,44.53287],[11.3472,44.53251],[11.34715,44.53126],[11.34722,44.5302],[11.34719,44.52991],[11.3471,44.52954]]},"properties":{}},{"type":"Feature","geometry":{"type":"LineString","coordinates":[[11.35097,44.52836],[11.3471,44.52954]]},"properties":{}},{"type":"Feature","geometry":{"type":"LineString","coordinates":[[11.34711,44.53189],[11.3471,44.53172]]},"properties":{}},{"type":"Feature","geometry":{"type":"LineString","coordinates":[[11.34715,44.50451],[11.34729,44.50448]]},"properties":{}},{"type":"Feature","geometry":{"type":"LineString","coordinates":[[11.3472,44.51047],[11.34724,44.51059]]},"properties":{}},{"type":"Feature","geometry":{"type":"LineString","coordinates":[[11.3472,44.51098],[11.34732,44.51096]]},"properties":{}},{"type":"Feature","geometry":{"type":"LineString","coordinates":[[11.34723,44.53193],[11.34724,44.53211]]},"properties":{}},{"type":"Feature","geometry":{"type":"LineString","coordinates":[[11.34735,44.64289],[11.34726,44.64296]]},"properties":{}},{"type":"Feature","geometry":{"type":"LineString","coordinates":[[11.34732,44.51096],[11.34812,44.51086]]},"properties":{}},{"type":"Feature","geometry":{"type":"LineString","coordinates":[[11.34733,44.50402],[11.34813,44.50384]]},"properties":{}},{"type":"Feature","geometry":{"type":"LineString","coordinates":[[11.34744,44.51449],[11.34741,44.51439]]},"properties":{}},{"type":"Feature","geometry":{"type":"LineString","coordinates":[[11.34749,44.51147],[11.34754,44.51165]]},"properties":{}},{"type":"Feature","geometry":{"type":"LineString","coordinates":[[11.34776,44.50395],[11.34824,44.50384],[11.34841,44.50376],[11.34859,44.50363]]},"properties":{}},{"type":"Feature","geometry":{"type":"LineString","coordinates":[[11.34803,44.53409],[11.34814,44.53424]]},"properties":{}},{"type":"Feature","geometry":{"type":"LineString","coordinates":[[11.34814,44.53444],[11.34806,44.53432]]},"properties":{}},{"type":"Feature","geometry":{"type":"LineString","coordinates":[[11.3481,44.52157],[11.34811,44.52133]]},"properties":{}},{"type":"Feature","geometry":{"type":"LineString","coordinates":[[11.35101,44.51183],[11.3505,44.51156],[11.35041,44.51154],[11.34904,44.51174],[11.34878,44.51173],[11.34866,44.51148],[11.34812,44.51086]]},"properties":{}},{"type":"Feature","geometry":{"type":"LineString","coordinates":[[11.34812,44.51086],[11.3502,44.51057]]},"properties":{}},{"type":"Feature","geometry":{"type":"LineString","coordinates":[[11.3483,44.52172],[11.34829,44.52194]]},"properties":{}},{"type":"Feature","geometry":{"type":"LineString","coordinates":[[11.34831,44.52253],[11.34935,44.52451],[11.34956,44.52508],[11.34945,44.52518]]},"properties":{}},{"type":"Feature","geometry":{"type":"LineString","coordinates":[[11.34858,44.52297],[11.34864,44.52307]]},"properties":{}},{"type":"Feature","geometry":{"type":"LineString","coordinates":[[11.34859,44.50363],[11.34877,44.50345],[11.34911,44.50328]]},"properties":{}},{"type":"Feature","geometry":{"type":"LineString","coordinates":[[11.34891,44.52406],[11.34882,44.52388]]},"properties":{}},{"type":"Feature","geometry":{"type":"LineString","coordinates":[[11.349,44.6419],[11.34911,44.64187]]},"properties":{}},{"type":"Feature","geometry":{"type":"LineString","coordinates":[[11.34911,44.50328],[11.35053,44.50275],[11.35066,44.50239],[11.35014,44.50159],[11.34903,44.50004]]},"properties":{}},{"type":"Feature","geometry":{"type":"LineString","coordinates":[[11.34919,44.5],[11.34903,44.50004]]},"properties":{}},{"type":"Feature","geometry":{"type":"LineString","coordinates":[[11.34918,44.50338],[11.34911,44.50328]]},"properties":{}},{"type":"Feature","geometry":{"type":"LineString","coordinates":[[11.34935,44.50358],[11.34918,44.50338]]},"properties":{}},{"type":"Feature","geometry":{"type":"LineString","coordinates":[[11.34935,44.50358],[11.34932,44.50369],[11.34925,44.50378]]},"properties":{}},{"type":"Feature","geometry":{"type":"LineString","coordinates":[[11.34963,44.50362],[11.34925,44.50378]]},"properties":{}},{"type":"Feature","geometry":{"type":"LineString","coordinates":[[11.34963,44.50362],[11.34935,44.50358]]},"properties":{}},{"type":"Feature","geometry":{"type":"LineString","coordinates":[[11.34935,44.50358],[11.3523,44.50237]]},"properties":{}},{"type":"Feature","geometry":{"type":"LineString","coordinates":[[11.3509,44.52825],[11.35053,44.52764],[11.35052,44.52739],[11.35037,44.52724],[11.35036,44.5271],[11.35008,44.52687],[11.34945,44.52518]]},"properties":{}},{"type":"Feature","geometry":{"type":"LineString","coordinates":[[11.34968,44.52595],[11.3496,44.52573]]},"properties":{}},{"type":"Feature","geometry":{"type":"LineString","coordinates":[[11.35278,44.50232],[11.34963,44.50362]]},"properties":{}},{"type":"Feature","geometry":{"type":"LineString","coordinates":[[11.34976,44.51168],[11.34966,44.51169]]},"properties":{}},{"type":"Feature","geometry":{"type":"LineString","coordinates":[[11.35003,44.50969],[11.35005,44.50978]]},"properties":{}},{"type":"Feature","geometry":{"type":"LineString","coordinates":[[11.35027,44.53649],[11.35016,44.5364]]},"properties":{}},{"type":"Feature","geometry":{"type":"LineString","coordinates":[[11.3502,44.51057],[11.35044,44.51144],[11.35076,44.51162],[11.35101,44.51183]]},"properties":{}},{"type":"Feature","geometry":{"type":"LineString","coordinates":[[11.3502,44.51057],[11.34968,44.50853],[11.35073,44.50838]]},"properties":{}},{"type":"Feature","geometry":{"type":"LineString","coordinates":[[11.3502,44.51057],[11.35125,44.51043]]},"properties":{}},{"type":"Feature","geometry":{"type":"LineString","coordinates":[[11.35032,44.53638],[11.35045,44.53649]]},"properties":{}},{"type":"Feature","geometry":{"type":"LineString","coordinates":[[11.35035,44.51093],[11.35038,44.51106]]},"properties":{}},{"type":"Feature","geometry":{"type":"LineString","coordinates":[[11.35079,44.51054],[11.35056,44.51057]]},"properties":{}},{"type":"Feature","geometry":{"type":"LineString","coordinates":[[11.35257,44.50204],[11.35247,44.50187],[11.35144,44.50087],[11.35072,44.5]]},"properties":{}},{"type":"Feature","geometry":{"type":"LineString","coordinates":[[11.35125,44.51043],[11.35073,44.50838]]},"properties":{}},{"type":"Feature","geometry":{"type":"LineString","coordinates":[[11.35073,44.50838],[11.35547,44.50773]]},"properties":{}},{"type":"Feature","geometry":{"type":"LineString","coordinates":[[11.35075,44.51045],[11.35098,44.51042]]},"properties":{}},{"type":"Feature","geometry":{"type":"LineString","coordinates":[[11.35085,44.509],[11.35082,44.50888]]},"properties":{}},{"type":"Feature","geometry":{"type":"LineString","coordinates":[[11.35097,44.52836],[11.3509,44.52825]]},"properties":{}},{"type":"Feature","geometry":{"type":"LineString","coordinates":[[11.3509,44.52825],[11.35256,44.52773]]},"properties":{}},{"type":"Feature","geometry":{"type":"LineString","coordinates":[[11.35142,44.54155],[11.3512,44.54073],[11.35121,44.53994],[11.35131,44.53966],[11.35158,44.53928],[11.35166,44.5391],[11.35176,44.53845],[11.35178,44.53804],[11.3516,44.5376],[11.35095,44.53701]]},"properties":{}},{"type":"Feature","geometry":{"type":"LineString","coordinates":[[11.35095,44.53701],[11.35392,44.53649],[11.35415,44.53638],[11.3544,44.5364],[11.35501,44.5363],[11.35524,44.53618],[11.35541,44.53614]]},"properties":{}},{"type":"Feature","geometry":{"type":"LineString","coordinates":[[11.3541,44.53259],[11.35394,44.53255],[11.35361,44.532],[11.35346,44.5318],[11.35231,44.5305],[11.35167,44.52948],[11.35151,44.5294],[11.35123,44.52941],[11.35109,44.52933],[11.35106,44.5292],[11.35109,44.52914],[11.3512,44.52908],[11.35123,44.52891],[11.35117,44.52868],[11.35097,44.52836]]},"properties":{}},{"type":"Feature","geometry":{"type":"LineString","coordinates":[[11.35446,44.52724],[11.35097,44.52836]]},"properties":{}},{"type":"Feature","geometry":{"type":"LineString","coordinates":[[11.35101,44.51183],[11.35211,44.51281],[11.3532,44.51514],[11.35338,44.51532],[11.35394,44.5157],[11.35428,44.51599],[11.35622,44.51834],[11.35643,44.51861],[11.35714,44.51978],[11.35795,44.52102]]},"properties":{}},{"type":"Feature","geometry":{"type":"LineString","coordinates":[[11.35131,44.50835],[11.35108,44.50838]]},"properties":{}},{"type":"Feature","geometry":{"type":"LineString","coordinates":[[11.35109,44.50281],[11.35128,44.50273]]},"properties":{}},{"type":"Feature","geometry":{"type":"LineString","coordinates":[[11.35125,44.51043],[11.35548,44.50987]]},"properties":{}},{"type":"Feature","geometry":{"type":"LineString","coordinates":[[11.35142,44.50294],[11.35127,44.503]]},"properties":{}},{"type":"Feature","geometry":{"type":"LineString","coordinates":[[11.35146,44.55575],[11.35141,44.5556]]},"properties":{}},{"type":"Feature","geometry":{"type":"LineString","coordinates":[[11.35142,44.54155],[11.35202,44.54174],[11.3521,44.54181],[11.35212,44.54195],[11.35164,44.54208],[11.35155,44.54192],[11.35142,44.54155]]},"properties":{}},{"type":"Feature","geometry":{"type":"LineString","coordinates":[[11.35385,44.55774],[11.35258,44.55722],[11.35211,44.55688],[11.35193,44.55667],[11.35173,44.55633],[11.35144,44.55549]]},"properties":{}},{"type":"Feature","geometry":{"type":"LineString","coordinates":[[11.35144,44.55549],[11.35137,44.55538],[11.35126,44.55502],[11.35118,44.55442],[11.35108,44.55435],[11.35106,44.55424],[11.35118,44.55416],[11.35157,44.55415],[11.35187,44.55402]]},"properties":{}},{"type":"Feature","geometry":{"type":"LineString","coordinates":[[11.35187,44.55402],[11.35145,44.5543],[11.35133,44.55451],[11.35134,44.55489],[11.35144,44.55549]]},"properties":{}},{"type":"Feature","geometry":{"type":"LineString","coordinates":[[11.35152,44.53928],[11.35159,44.53914]]},"properties":{}},{"type":"Feature","geometry":{"type":"LineString","coordinates":[[11.35168,44.55584],[11.35177,44.55613]]},"properties":{}},{"type":"Feature","geometry":{"type":"LineString","coordinates":[[11.35174,44.54163],[11.35197,44.54169]]},"properties":{}},{"type":"Feature","geometry":{"type":"LineString","coordinates":[[11.3518,44.53857],[11.35177,44.53873]]},"properties":{}},{"type":"Feature","geometry":{"type":"LineString","coordinates":[[11.35184,44.51248],[11.352,44.51263]]},"properties":{}},{"type":"Feature","geometry":{"type":"LineString","coordinates":[[11.35187,44.55402],[11.3561,44.55145],[11.35669,44.55094]]},"properties":{}},{"type":"Feature","geometry":{"type":"LineString","coordinates":[[11.35227,44.53015],[11.3524,44.53035]]},"properties":{}},{"type":"Feature","geometry":{"type":"LineString","coordinates":[[11.35234,44.51345],[11.35229,44.51333]]},"properties":{}},{"type":"Feature","geometry":{"type":"LineString","coordinates":[[11.3523,44.50237],[11.35244,44.50225],[11.35257,44.50204]]},"properties":{}},{"type":"Feature","geometry":{"type":"LineString","coordinates":[[11.3523,44.50237],[11.3526,44.5023],[11.35278,44.50232]]},"properties":{}},{"type":"Feature","geometry":{"type":"LineString","coordinates":[[11.35244,44.53072],[11.3523,44.53054]]},"properties":{}},{"type":"Feature","geometry":{"type":"LineString","coordinates":[[11.35245,44.58013],[11.35233,44.58017]]},"properties":{}},{"type":"Feature","geometry":{"type":"LineString","coordinates":[[11.35256,44.52773],[11.35426,44.52708],[11.35459,44.52692],[11.35518,44.52653],[11.35618,44.52567]]},"properties":{}},{"type":"Feature","geometry":{"type":"LineString","coordinates":[[11.35256,44.52773],[11.35443,44.52711],[11.35594,44.52652]]},"properties":{}},{"type":"Feature","geometry":{"type":"LineString","coordinates":[[11.35257,44.50204],[11.35268,44.50201],[11.35298,44.50204],[11.35317,44.50202],[11.35599,44.50099],[11.35614,44.50089],[11.35618,44.50083],[11.35628,44.5]]},"properties":{}},{"type":"Feature","geometry":{"type":"LineString","coordinates":[[11.35547,44.50773],[11.353,44.50268],[11.35278,44.50232]]},"properties":{}},{"type":"Feature","geometry":{"type":"LineString","coordinates":[[11.35649,44.5],[11.35638,44.5009],[11.35628,44.50103],[11.35278,44.50232]]},"properties":{}},{"type":"Feature","geometry":{"type":"LineString","coordinates":[[11.35292,44.53103],[11.35353,44.53169],[11.35398,44.53232],[11.35418,44.53244],[11.3542,44.53251],[11.35415,44.53257]]},"properties":{}},{"type":"Feature","geometry":{"type":"LineString","coordinates":[[11.35302,44.51464],[11.35307,44.51476]]},"properties":{}},{"type":"Feature","geometry":{"type":"LineString","coordinates":[[11.35308,44.51507],[11.35303,44.51496]]},"properties":{}},{"type":"Feature","geometry":{"type":"LineString","coordinates":[[11.3537,44.55295],[11.35357,44.55303]]},"properties":{}},{"type":"Feature","geometry":{"type":"LineString","coordinates":[[11.3536,44.5529],[11.35371,44.55283]]},"properties":{}},{"type":"Feature","geometry":{"type":"LineString","coordinates":[[11.35364,44.50792],[11.35388,44.5079]]},"properties":{}},{"type":"Feature","geometry":{"type":"LineString","coordinates":[[11.35385,44.55774],[11.35424,44.55786],[11.35462,44.55787],[11.35517,44.55812],[11.35529,44.55828],[11.35528,44.55842],[11.35536,44.55856],[11.35581,44.55888],[11.35593,44.55906],[11.35595,44.55917]]},"properties":{}},{"type":"Feature","geometry":{"type":"LineString","coordinates":[[11.35595,44.55917],[11.35568,44.55884],[11.35532,44.55863],[11.35512,44.55858],[11.35494,44.55862],[11.35481,44.55861],[11.35423,44.55835],[11.3541,44.55821],[11.35404,44.55795],[11.35385,44.55774]]},"properties":{}},{"type":"Feature","geometry":{"type":"LineString","coordinates":[[11.3541,44.53259],[11.35412,44.53288],[11.35438,44.53359],[11.35463,44.53485],[11.35482,44.53527],[11.35541,44.53614]]},"properties":{}},{"type":"Feature","geometry":{"type":"LineString","coordinates":[[11.35415,44.53257],[11.3541,44.53259]]},"properties":{}},{"type":"Feature","geometry":{"type":"LineString","coordinates":[[11.35411,44.50163],[11.35438,44.50153]]},"properties":{}},{"type":"Feature","geometry":{"type":"LineString","coordinates":[[11.35883,44.53973],[11.35641,44.53517],[11.35595,44.53425],[11.35573,44.53396],[11.3555,44.53371],[11.3543,44.53266],[11.35415,44.53257]]},"properties":{}},{"type":"Feature","geometry":{"type":"LineString","coordinates":[[11.35437,44.55215],[11.35424,44.55187]]},"properties":{}},{"type":"Feature","geometry":{"type":"LineString","coordinates":[[11.35481,44.57944],[11.35474,44.57954],[11.35467,44.57957],[11.35449,44.57961],[11.35433,44.57959]]},"properties":{}},{"type":"Feature","geometry":{"type":"LineString","coordinates":[[11.35754,44.58014],[11.35714,44.58051],[11.35702,44.58066],[11.35661,44.58073],[11.3568,44.58115],[11.35674,44.58133],[11.35661,44.58144],[11.35372,44.58221],[11.35346,44.58219],[11.35325,44.58209],[11.35299,44.58162],[11.35286,44.58151],[11.35187,44.5811],[11.35177,44.58101],[11.35159,44.58067],[11.35159,44.58049],[11.35169,44.58037],[11.35179,44.58032],[11.35386,44.57963],[11.35433,44.57959]]},"properties":{}},{"type":"Feature","geometry":{"type":"LineString","coordinates":[[11.35433,44.57959],[11.35425,44.57953],[11.35421,44.57945],[11.35427,44.57932],[11.3545,44.57924],[11.35471,44.57926]]},"properties":{}},{"type":"Feature","geometry":{"type":"LineString","coordinates":[[11.35442,44.51603],[11.35454,44.51618]]},"properties":{}},{"type":"Feature","geometry":{"type":"LineString","coordinates":[[11.35594,44.52666],[11.35446,44.52724]]},"properties":{}},{"type":"Feature","geometry":{"type":"LineString","coordinates":[[11.35596,44.52676],[11.35446,44.52724]]},"properties":{}},{"type":"Feature","geometry":{"type":"LineString","coordinates":[[11.35466,44.50169],[11.35449,44.50175]]},"properties":{}},{"type":"Feature","geometry":{"type":"LineString","coordinates":[[11.35452,44.53411],[11.35455,44.53427]]},"properties":{}},{"type":"Feature","geometry":{"type":"LineString","coordinates":[[11.35463,44.51647],[11.35453,44.51635]]},"properties":{}},{"type":"Feature","geometry":{"type":"LineString","coordinates":[[11.35454,44.55196],[11.35449,44.55154],[11.35406,44.55061],[11.35404,44.55047],[11.35462,44.54924],[11.35489,44.54883],[11.35512,44.54856]]},"properties":{}},{"type":"Feature","geometry":{"type":"LineString","coordinates":[[11.35485,44.50786],[11.35465,44.50789]]},"properties":{}},{"type":"Feature","geometry":{"type":"LineString","coordinates":[[11.35471,44.57926],[11.35508,44.57923],[11.35688,44.57876]]},"properties":{}},{"type":"Feature","geometry":{"type":"LineString","coordinates":[[11.35471,44.57926],[11.35481,44.57937],[11.35481,44.57944]]},"properties":{}},{"type":"Feature","geometry":{"type":"LineString","coordinates":[[11.3569,44.57891],[11.35651,44.57892],[11.35515,44.5793],[11.35481,44.57944]]},"properties":{}},{"type":"Feature","geometry":{"type":"LineString","coordinates":[[11.35512,44.54856],[11.35544,44.54817],[11.35564,44.54787],[11.35575,44.54757],[11.35576,44.5473],[11.3556,44.54678],[11.35487,44.54491],[11.35482,44.54448]]},"properties":{}},{"type":"Feature","geometry":{"type":"LineString","coordinates":[[11.35482,44.54448],[11.35472,44.54445],[11.35471,44.54438],[11.35494,44.54414],[11.35595,44.54181],[11.35616,44.54172]]},"properties":{}},{"type":"Feature","geometry":{"type":"LineString","coordinates":[[11.35482,44.54448],[11.35491,44.54442],[11.35606,44.54442]]},"properties":{}},{"type":"Feature","geometry":{"type":"LineString","coordinates":[[11.35512,44.54391],[11.35505,44.54407]]},"properties":{}},{"type":"Feature","geometry":{"type":"LineString","coordinates":[[11.35506,44.50985],[11.35518,44.50984]]},"properties":{}},{"type":"Feature","geometry":{"type":"LineString","coordinates":[[11.35516,44.54347],[11.35507,44.54366]]},"properties":{}},{"type":"Feature","geometry":{"type":"LineString","coordinates":[[11.35509,44.50678],[11.35516,44.50692]]},"properties":{}},{"type":"Feature","geometry":{"type":"LineString","coordinates":[[11.35512,44.58182],[11.35535,44.58176]]},"properties":{}},{"type":"Feature","geometry":{"type":"LineString","coordinates":[[11.35677,44.54789],[11.35541,44.54848],[11.35512,44.54856]]},"properties":{}},{"type":"Feature","geometry":{"type":"LineString","coordinates":[[11.35521,44.50733],[11.35514,44.50719]]},"properties":{}},{"type":"Feature","geometry":{"type":"LineString","coordinates":[[11.35539,44.50996],[11.3552,44.50998]]},"properties":{}},{"type":"Feature","geometry":{"type":"LineString","coordinates":[[11.35535,44.54622],[11.35534,44.54618]]},"properties":{}},{"type":"Feature","geometry":{"type":"LineString","coordinates":[[11.35537,44.54821],[11.35539,44.54818]]},"properties":{}},{"type":"Feature","geometry":{"type":"LineString","coordinates":[[11.35561,44.54843],[11.3554,44.54852]]},"properties":{}},{"type":"Feature","geometry":{"type":"LineString","coordinates":[[11.35541,44.53614],[11.35597,44.53701],[11.35636,44.53775],[11.35656,44.53827],[11.35655,44.53851],[11.35616,44.54172]]},"properties":{}},{"type":"Feature","geometry":{"type":"LineString","coordinates":[[11.35643,44.50972],[11.35547,44.50773]]},"properties":{}},{"type":"Feature","geometry":{"type":"LineString","coordinates":[[11.35547,44.50773],[11.35716,44.50748],[11.3601,44.50452]]},"properties":{}},{"type":"Feature","geometry":{"type":"LineString","coordinates":[[11.35672,44.51051],[11.35657,44.51049],[11.35585,44.51058],[11.35548,44.50987]]},"properties":{}},{"type":"Feature","geometry":{"type":"LineString","coordinates":[[11.35548,44.50987],[11.35643,44.50972]]},"properties":{}},{"type":"Feature","geometry":{"type":"LineString","coordinates":[[11.35569,44.5365],[11.35576,44.53662]]},"properties":{}},{"type":"Feature","geometry":{"type":"LineString","coordinates":[[11.35581,44.51791],[11.35572,44.51779]]},"properties":{}},{"type":"Feature","geometry":{"type":"LineString","coordinates":[[11.35592,44.51789],[11.35604,44.51803]]},"properties":{}},{"type":"Feature","geometry":{"type":"LineString","coordinates":[[11.35594,44.52666],[11.35594,44.52652]]},"properties":{}},{"type":"Feature","geometry":{"type":"LineString","coordinates":[[11.35594,44.52652],[11.35618,44.52567]]},"properties":{}},{"type":"Feature","geometry":{"type":"LineString","coordinates":[[11.35594,44.52652],[11.3583,44.52544]]},"properties":{}},{"type":"Feature","geometry":{"type":"LineString","coordinates":[[11.35596,44.52676],[11.35594,44.52666]]},"properties":{}},{"type":"Feature","geometry":{"type":"LineString","coordinates":[[11.35846,44.52552],[11.35594,44.52666]]},"properties":{}},{"type":"Feature","geometry":{"type":"LineString","coordinates":[[11.3604,44.56899],[11.36048,44.56888],[11.36055,44.56864],[11.36054,44.56791],[11.3605,44.56759],[11.36037,44.56714],[11.36007,44.5664],[11.35972,44.56564],[11.35925,44.56486],[11.35877,44.56363],[11.35819,44.56279],[11.35757,44.56166],[11.35631,44.55977],[11.35595,44.55917]]},"properties":{}},{"type":"Feature","geometry":{"type":"LineString","coordinates":[[11.36261,44.53427],[11.36217,44.53371],[11.36193,44.53345],[11.36158,44.53325],[11.36099,44.53302],[11.36072,44.53279],[11.36062,44.53257],[11.36048,44.53158],[11.36036,44.53128],[11.35983,44.53043],[11.3597,44.5301],[11.35906,44.52906],[11.35873,44.52858],[11.35832,44.52821],[11.35795,44.52799],[11.35675,44.52753],[11.35643,44.52737],[11.35615,44.52714],[11.35605,44.52699],[11.35596,44.52676]]},"properties":{}},{"type":"Feature","geometry":{"type":"LineString","coordinates":[[11.36261,44.53427],[11.36193,44.53317],[11.36017,44.53055],[11.35875,44.52829],[11.35798,44.52713],[11.35772,44.52691],[11.35749,44.52676],[11.35703,44.52663],[11.35645,44.52663],[11.35596,44.52676]]},"properties":{}},{"type":"Feature","geometry":{"type":"LineString","coordinates":[[11.35604,44.50909],[11.35596,44.50893]]},"properties":{}},{"type":"Feature","geometry":{"type":"LineString","coordinates":[[11.35603,44.54301],[11.35602,44.54314]]},"properties":{}},{"type":"Feature","geometry":{"type":"LineString","coordinates":[[11.35606,44.50872],[11.35612,44.50886]]},"properties":{}},{"type":"Feature","geometry":{"type":"LineString","coordinates":[[11.35606,44.54442],[11.35636,44.546],[11.35677,44.54789]]},"properties":{}},{"type":"Feature","geometry":{"type":"LineString","coordinates":[[11.35616,44.54172],[11.35594,44.54356],[11.35596,44.54391],[11.35606,44.54442]]},"properties":{}},{"type":"Feature","geometry":{"type":"LineString","coordinates":[[11.35635,44.57899],[11.35611,44.57906]]},"properties":{}},{"type":"Feature","geometry":{"type":"LineString","coordinates":[[11.35619,44.53481],[11.35615,44.53473]]},"properties":{}},{"type":"Feature","geometry":{"type":"LineString","coordinates":[[11.35616,44.63965],[11.35633,44.63961]]},"properties":{}},{"type":"Feature","geometry":{"type":"LineString","coordinates":[[11.35616,44.54172],[11.35672,44.54112],[11.35883,44.53973]]},"properties":{}},{"type":"Feature","geometry":{"type":"LineString","coordinates":[[11.35618,44.52567],[11.35632,44.52528],[11.35647,44.52507],[11.35668,44.52492],[11.35694,44.52482],[11.35722,44.52478],[11.35826,44.52482],[11.35894,44.52474],[11.35973,44.5246],[11.36059,44.52423]]},"properties":{}},{"type":"Feature","geometry":{"type":"LineString","coordinates":[[11.35618,44.52567],[11.35659,44.52545],[11.35681,44.52537],[11.35724,44.5253],[11.35755,44.52529],[11.35785,44.52531],[11.3583,44.52544]]},"properties":{}},{"type":"Feature","geometry":{"type":"LineString","coordinates":[[11.3562,44.55934],[11.35628,44.55946]]},"properties":{}},{"type":"Feature","geometry":{"type":"LineString","coordinates":[[11.35637,44.56004],[11.35631,44.55994]]},"properties":{}},{"type":"Feature","geometry":{"type":"LineString","coordinates":[[11.35635,44.5404],[11.35632,44.54068]]},"properties":{}},{"type":"Feature","geometry":{"type":"LineString","coordinates":[[11.3564,44.54604],[11.35645,44.54619]]},"properties":{}},{"type":"Feature","geometry":{"type":"LineString","coordinates":[[11.35643,44.50972],[11.35656,44.50986],[11.35688,44.51052]]},"properties":{}},{"type":"Feature","geometry":{"type":"LineString","coordinates":[[11.35672,44.51051],[11.35641,44.50991],[11.35643,44.50972]]},"properties":{}},{"type":"Feature","geometry":{"type":"LineString","coordinates":[[11.35669,44.55094],[11.35695,44.55072],[11.35727,44.55063],[11.35768,44.55058]]},"properties":{}},{"type":"Feature","geometry":{"type":"LineString","coordinates":[[11.35768,44.55058],[11.35768,44.55063],[11.35743,44.55065],[11.35712,44.55072],[11.35681,44.55085],[11.35669,44.55094]]},"properties":{}},{"type":"Feature","geometry":{"type":"LineString","coordinates":[[11.35679,44.51063],[11.35672,44.51051]]},"properties":{}},{"type":"Feature","geometry":{"type":"LineString","coordinates":[[11.35677,44.54789],[11.35768,44.55058]]},"properties":{}},{"type":"Feature","geometry":{"type":"LineString","coordinates":[[11.35677,44.54789],[11.35802,44.54766],[11.35815,44.54769],[11.35876,44.54804],[11.35908,44.54814],[11.35939,44.54817],[11.36136,44.54812],[11.36148,44.54814],[11.36147,44.54797],[11.36105,44.54689],[11.36084,44.54662]]},"properties":{}},{"type":"Feature","geometry":{"type":"LineString","coordinates":[[11.35782,44.51274],[11.35679,44.51063]]},"properties":{}},{"type":"Feature","geometry":{"type":"LineString","coordinates":[[11.35693,44.51061],[11.35679,44.51063]]},"properties":{}},{"type":"Feature","geometry":{"type":"LineString","coordinates":[[11.3569,44.57891],[11.35684,44.57884],[11.35688,44.57876]]},"properties":{}},{"type":"Feature","geometry":{"type":"LineString","coordinates":[[11.35688,44.57876],[11.35702,44.57875],[11.3571,44.57882]]},"properties":{}},{"type":"Feature","geometry":{"type":"LineString","coordinates":[[11.35688,44.51052],[11.35693,44.51061]]},"properties":{}},{"type":"Feature","geometry":{"type":"LineString","coordinates":[[11.35688,44.51052],[11.35773,44.51045],[11.35843,44.51047],[11.35887,44.51044]]},"properties":{}},{"type":"Feature","geometry":{"type":"LineString","coordinates":[[11.35692,44.57892],[11.3569,44.57891]]},"properties":{}},{"type":"Feature","geometry":{"type":"LineString","coordinates":[[11.3571,44.57882],[11.35708,44.57887],[11.35703,44.57891],[11.35692,44.57892]]},"properties":{}},{"type":"Feature","geometry":{"type":"LineString","coordinates":[[11.35751,44.57986],[11.3571,44.57906],[11.35692,44.57892]]},"properties":{}},{"type":"Feature","geometry":{"type":"LineString","coordinates":[[11.35693,44.51061],[11.35799,44.5127]]},"properties":{}},{"type":"Feature","geometry":{"type":"LineString","coordinates":[[11.36105,44.51023],[11.36027,44.51045],[11.35954,44.51056],[11.35859,44.51062],[11.35775,44.51056],[11.35693,44.51061]]},"properties":{}},{"type":"Feature","geometry":{"type":"LineString","coordinates":[[11.357,44.53636],[11.35696,44.53628]]},"properties":{}},{"type":"Feature","geometry":{"type":"LineString","coordinates":[[11.3571,44.57882],[11.35757,44.57976],[11.35774,44.57982],[11.35792,44.57979]]},"properties":{}},{"type":"Feature","geometry":{"type":"LineString","coordinates":[[11.35724,44.54072],[11.35721,44.54074]]},"properties":{}},{"type":"Feature","geometry":{"type":"LineString","coordinates":[[11.35722,44.54897],[11.35728,44.54915]]},"properties":{}},{"type":"Feature","geometry":{"type":"LineString","coordinates":[[11.35724,44.54775],[11.3574,44.54772]]},"properties":{}},{"type":"Feature","geometry":{"type":"LineString","coordinates":[[11.35741,44.50714],[11.35753,44.50701]]},"properties":{}},{"type":"Feature","geometry":{"type":"LineString","coordinates":[[11.35757,44.54776],[11.35741,44.54779]]},"properties":{}},{"type":"Feature","geometry":{"type":"LineString","coordinates":[[11.35764,44.63959],[11.3575,44.6396]]},"properties":{}},{"type":"Feature","geometry":{"type":"LineString","coordinates":[[11.35773,44.57996],[11.35762,44.57994],[11.35751,44.57986]]},"properties":{}},{"type":"Feature","geometry":{"type":"LineString","coordinates":[[11.35754,44.58014],[11.35756,44.58006],[11.35751,44.57986]]},"properties":{}},{"type":"Feature","geometry":{"type":"LineString","coordinates":[[11.35773,44.57996],[11.35754,44.58014]]},"properties":{}},{"type":"Feature","geometry":{"type":"LineString","coordinates":[[11.35759,44.51241],[11.35754,44.51231]]},"properties":{}},{"type":"Feature","geometry":{"type":"LineString","coordinates":[[11.35768,44.55058],[11.35878,44.55053],[11.36295,44.54948],[11.36311,44.54939],[11.36314,44.54933],[11.36312,44.54923],[11.3632,44.54913],[11.36334,44.54908],[11.3635,44.5491],[11.36354,44.54897],[11.36353,44.54886],[11.3623,44.54547],[11.36199,44.54474],[11.36155,44.54396],[11.35883,44.53973]]},"properties":{}},{"type":"Feature","geometry":{"type":"LineString","coordinates":[[11.35792,44.57979],[11.35773,44.57996]]},"properties":{}},{"type":"Feature","geometry":{"type":"LineString","coordinates":[[11.36288,44.52161],[11.36192,44.52038],[11.36099,44.51897],[11.35968,44.51652],[11.35782,44.51274]]},"properties":{}},{"type":"Feature","geometry":{"type":"LineString","coordinates":[[11.35782,44.51274],[11.35799,44.5127]]},"properties":{}},{"type":"Feature","geometry":{"type":"LineString","coordinates":[[11.35787,44.51232],[11.35792,44.51242]]},"properties":{}},{"type":"Feature","geometry":{"type":"LineString","coordinates":[[11.35791,44.52088],[11.358,44.521]]},"properties":{}},{"type":"Feature","geometry":{"type":"LineString","coordinates":[[11.36418,44.57625],[11.3603,44.57806],[11.35948,44.57847],[11.35905,44.57875],[11.35792,44.57979]]},"properties":{}},{"type":"Feature","geometry":{"type":"LineString","coordinates":[[11.35795,44.52102],[11.35882,44.52233],[11.36059,44.52423]]},"properties":{}},{"type":"Feature","geometry":{"type":"LineString","coordinates":[[11.35801,44.52118],[11.35791,44.52103],[11.35795,44.52102]]},"properties":{}},{"type":"Feature","geometry":{"type":"LineString","coordinates":[[11.35795,44.52102],[11.358,44.521]]},"properties":{}},{"type":"Feature","geometry":{"type":"LineString","coordinates":[[11.35809,44.50664],[11.35796,44.50677]]},"properties":{}},{"type":"Feature","geometry":{"type":"LineString","coordinates":[[11.35799,44.5127],[11.3597,44.51622],[11.35985,44.51647],[11.36081,44.51775],[11.36114,44.51834]]},"properties":{}},{"type":"Feature","geometry":{"type":"LineString","coordinates":[[11.35799,44.5127],[11.35817,44.51265],[11.35824,44.51267],[11.35923,44.51243],[11.36124,44.51191]]},"properties":{}},{"type":"Feature","geometry":{"type":"LineString","coordinates":[[11.358,44.521],[11.35801,44.52102]]},"properties":{}},{"type":"Feature","geometry":{"type":"LineString","coordinates":[[11.3583,44.52544],[11.35846,44.52552]]},"properties":{}},{"type":"Feature","geometry":{"type":"LineString","coordinates":[[11.3583,44.52544],[11.36067,44.52431]]},"properties":{}},{"type":"Feature","geometry":{"type":"LineString","coordinates":[[11.35838,44.51401],[11.35832,44.51389]]},"properties":{}},{"type":"Feature","geometry":{"type":"LineString","coordinates":[[11.35846,44.52552],[11.35859,44.52559],[11.35882,44.52581],[11.35896,44.52612],[11.35896,44.52634],[11.35885,44.52737],[11.35886,44.52758],[11.35895,44.52813],[11.35912,44.52858],[11.35958,44.52939],[11.36288,44.53443]]},"properties":{}},{"type":"Feature","geometry":{"type":"LineString","coordinates":[[11.36077,44.52441],[11.35846,44.52552]]},"properties":{}},{"type":"Feature","geometry":{"type":"LineString","coordinates":[[11.36204,44.50551],[11.35846,44.50925],[11.35834,44.50956],[11.35837,44.50979],[11.35844,44.50993],[11.3585,44.50999],[11.35872,44.51034],[11.35887,44.51044]]},"properties":{}},{"type":"Feature","geometry":{"type":"LineString","coordinates":[[11.35887,44.51044],[11.36001,44.51034],[11.36052,44.51022],[11.36095,44.51008]]},"properties":{}},{"type":"Feature","geometry":{"type":"LineString","coordinates":[[11.35896,44.52242],[11.35909,44.52257]]},"properties":{}},{"type":"Feature","geometry":{"type":"LineString","coordinates":[[11.35907,44.51479],[11.35914,44.51491]]},"properties":{}},{"type":"Feature","geometry":{"type":"LineString","coordinates":[[11.3593,44.50543],[11.3592,44.50552]]},"properties":{}},{"type":"Feature","geometry":{"type":"LineString","coordinates":[[11.35923,44.50534],[11.35933,44.50524]]},"properties":{}},{"type":"Feature","geometry":{"type":"LineString","coordinates":[[11.35962,44.5503],[11.35974,44.55027]]},"properties":{}},{"type":"Feature","geometry":{"type":"LineString","coordinates":[[11.35995,44.52362],[11.35982,44.52348]]},"properties":{}},{"type":"Feature","geometry":{"type":"LineString","coordinates":[[11.35986,44.5],[11.36137,44.50191],[11.36172,44.5022],[11.36221,44.50248]]},"properties":{}},{"type":"Feature","geometry":{"type":"LineString","coordinates":[[11.36018,44.56949],[11.36003,44.56955],[11.35992,44.56956]]},"properties":{}},{"type":"Feature","geometry":{"type":"LineString","coordinates":[[11.36014,44.56978],[11.36,44.5696],[11.35992,44.56956]]},"properties":{}},{"type":"Feature","geometry":{"type":"LineString","coordinates":[[11.35992,44.56956],[11.35974,44.56949],[11.35965,44.56934],[11.35967,44.56925],[11.35975,44.56917],[11.35989,44.56912],[11.36003,44.56912]]},"properties":{}},{"type":"Feature","geometry":{"type":"LineString","coordinates":[[11.36003,44.56912],[11.3602,44.5692],[11.36025,44.56926]]},"properties":{}},{"type":"Feature","geometry":{"type":"LineString","coordinates":[[11.36003,44.56912],[11.3604,44.56899]]},"properties":{}},{"type":"Feature","geometry":{"type":"LineString","coordinates":[[11.36206,44.5],[11.36201,44.50007],[11.36138,44.50054],[11.36124,44.50064],[11.3611,44.50067],[11.36054,44.50056],[11.36007,44.5]]},"properties":{}},{"type":"Feature","geometry":{"type":"LineString","coordinates":[[11.36204,44.50551],[11.3601,44.50452]]},"properties":{}},{"type":"Feature","geometry":{"type":"LineString","coordinates":[[11.3601,44.50452],[11.36204,44.50258],[11.36221,44.50248]]},"properties":{}},{"type":"Feature","geometry":{"type":"LineString","coordinates":[[11.36025,44.54198],[11.36013,44.5418]]},"properties":{}},{"type":"Feature","geometry":{"type":"LineString","coordinates":[[11.36014,44.56978],[11.36032,44.57049],[11.36046,44.57079],[11.36071,44.57116],[11.36223,44.57317]]},"properties":{}},{"type":"Feature","geometry":{"type":"LineString","coordinates":[[11.36018,44.56949],[11.36014,44.56978]]},"properties":{}},{"type":"Feature","geometry":{"type":"LineString","coordinates":[[11.36025,44.56926],[11.36027,44.56938],[11.36018,44.56949]]},"properties":{}},{"type":"Feature","geometry":{"type":"LineString","coordinates":[[11.36031,44.57059],[11.36025,44.57041]]},"properties":{}},{"type":"Feature","geometry":{"type":"LineString","coordinates":[[11.36025,44.57009],[11.36028,44.57021]]},"properties":{}},{"type":"Feature","geometry":{"type":"LineString","coordinates":[[11.3604,44.56899],[11.36025,44.56926]]},"properties":{}},{"type":"Feature","geometry":{"type":"LineString","coordinates":[[11.3603,44.54811],[11.36059,44.5481]]},"properties":{}},{"type":"Feature","geometry":{"type":"LineString","coordinates":[[11.36034,44.54638],[11.36061,44.54631]]},"properties":{}},{"type":"Feature","geometry":{"type":"LineString","coordinates":[[11.3604,44.51793],[11.36035,44.51784]]},"properties":{}},{"type":"Feature","geometry":{"type":"LineString","coordinates":[[11.36048,44.57796],[11.36062,44.57789]]},"properties":{}},{"type":"Feature","geometry":{"type":"LineString","coordinates":[[11.3605,44.51019],[11.36066,44.51014]]},"properties":{}},{"type":"Feature","geometry":{"type":"LineString","coordinates":[[11.36059,44.52423],[11.36067,44.52431]]},"properties":{}},{"type":"Feature","geometry":{"type":"LineString","coordinates":[[11.36059,44.52423],[11.36131,44.52382],[11.36163,44.52359],[11.36179,44.52332],[11.36189,44.52268],[11.36193,44.52255],[11.36213,44.52237],[11.36282,44.52201],[11.36291,44.52185],[11.36288,44.52161]]},"properties":{}},{"type":"Feature","geometry":{"type":"LineString","coordinates":[[11.3606,44.50397],[11.36071,44.50386]]},"properties":{}},{"type":"Feature","geometry":{"type":"LineString","coordinates":[[11.36067,44.52431],[11.36077,44.52441]]},"properties":{}},{"type":"Feature","geometry":{"type":"LineString","coordinates":[[11.36067,44.52431],[11.3638,44.52281]]},"properties":{}},{"type":"Feature","geometry":{"type":"LineString","coordinates":[[11.36088,44.57783],[11.36068,44.57792]]},"properties":{}},{"type":"Feature","geometry":{"type":"LineString","coordinates":[[11.36099,44.54817],[11.36074,44.54817]]},"properties":{}},{"type":"Feature","geometry":{"type":"LineString","coordinates":[[11.36077,44.52441],[11.36086,44.52451]]},"properties":{}},{"type":"Feature","geometry":{"type":"LineString","coordinates":[[11.3639,44.52292],[11.36077,44.52441]]},"properties":{}},{"type":"Feature","geometry":{"type":"LineString","coordinates":[[11.36078,44.51758],[11.36083,44.51765]]},"properties":{}},{"type":"Feature","geometry":{"type":"LineString","coordinates":[[11.36083,44.50815],[11.36092,44.50805]]},"properties":{}},{"type":"Feature","geometry":{"type":"LineString","coordinates":[[11.36084,44.54662],[11.36072,44.54667],[11.36058,44.54666],[11.36048,44.5466],[11.36044,44.5465],[11.36045,44.54645],[11.36054,44.54637],[11.36061,44.54634],[11.36078,44.54636],[11.36085,44.5464],[11.36091,44.54651],[11.36084,44.54662]]},"properties":{}},{"type":"Feature","geometry":{"type":"LineString","coordinates":[[11.36086,44.52451],[11.36125,44.52487],[11.36186,44.52536],[11.36233,44.52569],[11.36294,44.52604]]},"properties":{}},{"type":"Feature","geometry":{"type":"LineString","coordinates":[[11.36086,44.52451],[11.36028,44.52486],[11.3599,44.52517],[11.35959,44.52551],[11.35935,44.52591],[11.35921,44.52632],[11.35903,44.52716],[11.35902,44.52764],[11.35909,44.52817],[11.35921,44.52852],[11.35949,44.52899],[11.35977,44.52938],[11.36026,44.52996],[11.36097,44.53102],[11.36126,44.53126],[11.36234,44.53201],[11.36255,44.53225],[11.36264,44.53246],[11.36267,44.53266],[11.36255,44.53333],[11.36257,44.53361],[11.36265,44.53395],[11.36288,44.53443]]},"properties":{}},{"type":"Feature","geometry":{"type":"LineString","coordinates":[[11.36396,44.523],[11.36098,44.52442],[11.36086,44.52451]]},"properties":{}},{"type":"Feature","geometry":{"type":"LineString","coordinates":[[11.36108,44.50506],[11.36087,44.50495]]},"properties":{}},{"type":"Feature","geometry":{"type":"LineString","coordinates":[[11.36105,44.51023],[11.36095,44.51008]]},"properties":{}},{"type":"Feature","geometry":{"type":"LineString","coordinates":[[11.36095,44.51008],[11.36158,44.50975],[11.36189,44.50951],[11.3622,44.50922]]},"properties":{}},{"type":"Feature","geometry":{"type":"LineString","coordinates":[[11.36107,44.50656],[11.36101,44.50663]]},"properties":{}},{"type":"Feature","geometry":{"type":"LineString","coordinates":[[11.36117,44.83795],[11.36104,44.83793]]},"properties":{}},{"type":"Feature","geometry":{"type":"LineString","coordinates":[[11.3765,44.79624],[11.37628,44.79619],[11.37608,44.7962],[11.35707,44.80412],[11.35653,44.80429],[11.35579,44.80442],[11.35241,44.80448],[11.35147,44.80457],[11.3508,44.80473],[11.35023,44.80493],[11.3498,44.80513],[11.3444,44.80778],[11.3443,44.80789],[11.34433,44.80799],[11.34445,44.80807],[11.34717,44.80881],[11.34836,44.80907],[11.35025,44.80938],[11.35141,44.80982],[11.35187,44.81007],[11.35206,44.81023],[11.35215,44.81048],[11.35272,44.81763],[11.3608,44.837],[11.36106,44.8377],[11.36104,44.83793]]},"properties":{}},{"type":"Feature","geometry":{"type":"LineString","coordinates":[[11.36161,44.51131],[11.36105,44.51023]]},"properties":{}},{"type":"Feature","geometry":{"type":"LineString","coordinates":[[11.36241,44.50927],[11.36228,44.50943],[11.36185,44.5098],[11.36145,44.51004],[11.36105,44.51023]]},"properties":{}},{"type":"Feature","geometry":{"type":"LineString","coordinates":[[11.36114,44.51834],[11.36128,44.51846],[11.36157,44.51842]]},"properties":{}},{"type":"Feature","geometry":{"type":"LineString","coordinates":[[11.36114,44.51834],[11.3613,44.51875]]},"properties":{}},{"type":"Feature","geometry":{"type":"LineString","coordinates":[[11.36288,44.8377],[11.36183,44.83793],[11.36141,44.83797],[11.36117,44.83795]]},"properties":{}},{"type":"Feature","geometry":{"type":"LineString","coordinates":[[11.36117,44.83795],[11.3618,44.83786],[11.36285,44.83764],[11.36288,44.8377]]},"properties":{}},{"type":"Feature","geometry":{"type":"LineString","coordinates":[[11.36139,44.51194],[11.36118,44.51199]]},"properties":{}},{"type":"Feature","geometry":{"type":"LineString","coordinates":[[11.36124,44.51191],[11.3614,44.51179]]},"properties":{}},{"type":"Feature","geometry":{"type":"LineString","coordinates":[[11.36145,44.51185],[11.36124,44.51191]]},"properties":{}},{"type":"Feature","geometry":{"type":"LineString","coordinates":[[11.3613,44.51875],[11.3616,44.51956],[11.36189,44.52007],[11.36236,44.52073],[11.36394,44.52274]]},"properties":{}},{"type":"Feature","geometry":{"type":"LineString","coordinates":[[11.36157,44.51842],[11.36136,44.51856],[11.3613,44.51875]]},"properties":{}},{"type":"Feature","geometry":{"type":"LineString","coordinates":[[11.36145,44.51185],[11.36141,44.51183],[11.3614,44.51179]]},"properties":{}},{"type":"Feature","geometry":{"type":"LineString","coordinates":[[11.3614,44.51179],[11.3616,44.51149],[11.36161,44.51131]]},"properties":{}},{"type":"Feature","geometry":{"type":"LineString","coordinates":[[11.3617,44.51149],[11.36171,44.51157],[11.3616,44.51175],[11.36145,44.51185]]},"properties":{}},{"type":"Feature","geometry":{"type":"LineString","coordinates":[[11.3617,44.51149],[11.36178,44.51163],[11.36176,44.51172],[11.36166,44.51182],[11.36145,44.51185]]},"properties":{}},{"type":"Feature","geometry":{"type":"LineString","coordinates":[[11.36157,44.51842],[11.3638,44.51791]]},"properties":{}},{"type":"Feature","geometry":{"type":"LineString","coordinates":[[11.36161,44.51131],[11.3617,44.51149]]},"properties":{}},{"type":"Feature","geometry":{"type":"LineString","coordinates":[[11.36176,44.52535],[11.36162,44.52523]]},"properties":{}},{"type":"Feature","geometry":{"type":"LineString","coordinates":[[11.3619,44.5002],[11.3618,44.50027]]},"properties":{}},{"type":"Feature","geometry":{"type":"LineString","coordinates":[[11.36294,44.50594],[11.36204,44.50551]]},"properties":{}},{"type":"Feature","geometry":{"type":"LineString","coordinates":[[11.364,44.50343],[11.36204,44.50551]]},"properties":{}},{"type":"Feature","geometry":{"type":"LineString","coordinates":[[11.3622,44.50922],[11.36064,44.5084],[11.36294,44.50594]]},"properties":{}},{"type":"Feature","geometry":{"type":"LineString","coordinates":[[11.3622,44.50922],[11.36254,44.50884]]},"properties":{}},{"type":"Feature","geometry":{"type":"LineString","coordinates":[[11.364,44.50343],[11.36221,44.50248]]},"properties":{}},{"type":"Feature","geometry":{"type":"LineString","coordinates":[[11.36221,44.50248],[11.36271,44.50228],[11.36449,44.50192],[11.36466,44.50192],[11.36505,44.5021]]},"properties":{}},{"type":"Feature","geometry":{"type":"LineString","coordinates":[[11.36221,44.57715],[11.36238,44.57707]]},"properties":{}},{"type":"Feature","geometry":{"type":"LineString","coordinates":[[11.36223,44.57317],[11.36235,44.57327]]},"properties":{}},{"type":"Feature","geometry":{"type":"LineString","coordinates":[[11.36228,44.57329],[11.36223,44.57317]]},"properties":{}},{"type":"Feature","geometry":{"type":"LineString","coordinates":[[11.36242,44.57341],[11.36228,44.5734],[11.36225,44.57334],[11.36228,44.57329]]},"properties":{}},{"type":"Feature","geometry":{"type":"LineString","coordinates":[[11.36228,44.57329],[11.36235,44.57327]]},"properties":{}},{"type":"Feature","geometry":{"type":"LineString","coordinates":[[11.36235,44.57327],[11.36246,44.57332],[11.36246,44.57337],[11.36242,44.57341]]},"properties":{}},{"type":"Feature","geometry":{"type":"LineString","coordinates":[[11.36238,44.52064],[11.36248,44.52077]]},"properties":{}},{"type":"Feature","geometry":{"type":"LineString","coordinates":[[11.36265,44.50889],[11.36241,44.50927]]},"properties":{}},{"type":"Feature","geometry":{"type":"LineString","coordinates":[[11.36265,44.50889],[11.36277,44.50892],[11.36331,44.5088],[11.36335,44.50882],[11.36343,44.50898],[11.36337,44.50905],[11.36241,44.50927]]},"properties":{}},{"type":"Feature","geometry":{"type":"LineString","coordinates":[[11.36242,44.57341],[11.36349,44.57483]]},"properties":{}},{"type":"Feature","geometry":{"type":"LineString","coordinates":[[11.36249,44.5461],[11.36245,44.54597]]},"properties":{}},{"type":"Feature","geometry":{"type":"LineString","coordinates":[[11.36271,44.50585],[11.3625,44.50575]]},"properties":{}},{"type":"Feature","geometry":{"type":"LineString","coordinates":[[11.36254,44.50884],[11.36265,44.50889]]},"properties":{}},{"type":"Feature","geometry":{"type":"LineString","coordinates":[[11.36254,44.50884],[11.36455,44.50688],[11.36498,44.50661],[11.3651,44.50658],[11.36522,44.50661],[11.36527,44.50666],[11.3671,44.50709],[11.36739,44.50719],[11.36811,44.50754],[11.36873,44.50799],[11.36902,44.50825],[11.37014,44.5095]]},"properties":{}},{"type":"Feature","geometry":{"type":"LineString","coordinates":[[11.43189,44.63573],[11.42133,44.62381],[11.41935,44.62149],[11.41828,44.62018],[11.41784,44.61955],[11.41599,44.61651],[11.41033,44.60698],[11.40541,44.59942],[11.37509,44.55335],[11.36314,44.53505],[11.36261,44.53427]]},"properties":{}},{"type":"Feature","geometry":{"type":"LineString","coordinates":[[11.36265,44.52582],[11.36283,44.52593]]},"properties":{}},{"type":"Feature","geometry":{"type":"LineString","coordinates":[[11.37008,44.50967],[11.36889,44.50833],[11.36856,44.50804],[11.36815,44.50774],[11.3669,44.50716],[11.3664,44.50703],[11.36533,44.50681],[11.36513,44.50685],[11.36495,44.50681],[11.36486,44.50682],[11.36465,44.50694],[11.36265,44.50889]]},"properties":{}},{"type":"Feature","geometry":{"type":"LineString","coordinates":[[11.36272,44.50863],[11.36282,44.50852]]},"properties":{}},{"type":"Feature","geometry":{"type":"LineString","coordinates":[[11.36281,44.50275],[11.363,44.50285]]},"properties":{}},{"type":"Feature","geometry":{"type":"LineString","coordinates":[[11.36288,44.53443],[11.37521,44.55331],[11.409,44.6047],[11.41019,44.60656],[11.41723,44.61833],[11.41831,44.62001],[11.41946,44.62144],[11.42084,44.62303],[11.43204,44.63572]]},"properties":{}},{"type":"Feature","geometry":{"type":"LineString","coordinates":[[11.36288,44.8377],[11.36679,44.84303],[11.36691,44.84326],[11.36698,44.84352],[11.36698,44.84376],[11.36685,44.84412],[11.36541,44.84677],[11.36493,44.84756],[11.36485,44.8478],[11.3648,44.84814],[11.36482,44.84825],[11.36516,44.84838],[11.37212,44.85074],[11.37239,44.85086],[11.37265,44.85104],[11.37285,44.85125],[11.37361,44.85221],[11.3739,44.85263],[11.37506,44.85563],[11.37545,44.85646],[11.3758,44.85682],[11.37617,44.85707],[11.37667,44.85729],[11.37789,44.85772],[11.37815,44.85788],[11.37847,44.85819],[11.37859,44.8584],[11.38063,44.86282],[11.38081,44.86305],[11.38101,44.86321],[11.38135,44.86341],[11.38183,44.86358],[11.3842,44.86425],[11.38634,44.86475],[11.38844,44.86534],[11.38884,44.86539],[11.38925,44.86535],[11.39698,44.86355],[11.39731,44.86351],[11.39759,44.86353],[11.39815,44.86366],[11.39834,44.86376],[11.39859,44.86395],[11.40035,44.86572],[11.40083,44.8661],[11.40931,44.87145],[11.41573,44.87558],[11.41619,44.87581],[11.41913,44.87706],[11.41936,44.8772],[11.41955,44.87735],[11.42165,44.87961]]},"properties":{}},{"type":"Feature","geometry":{"type":"LineString","coordinates":[[11.3638,44.52281],[11.36288,44.52161]]},"properties":{}},{"type":"Feature","geometry":{"type":"LineString","coordinates":[[11.36292,44.574],[11.36301,44.57412]]},"properties":{}},{"type":"Feature","geometry":{"type":"LineString","coordinates":[[11.36294,44.50594],[11.36495,44.50392]]},"properties":{}},{"type":"Feature","geometry":{"type":"LineString","coordinates":[[11.36294,44.52604],[11.36313,44.5261],[11.36336,44.52607],[11.3635,44.52611],[11.36356,44.52617],[11.3636,44.52627],[11.3637,44.5264],[11.36488,44.52711],[11.3651,44.5272],[11.36533,44.52723],[11.36548,44.5272],[11.3661,44.52691],[11.36629,44.52694],[11.36651,44.5271]]},"properties":{}},{"type":"Feature","geometry":{"type":"LineString","coordinates":[[11.36652,44.52887],[11.36623,44.52829],[11.36596,44.52794],[11.36568,44.5277],[11.3655,44.52756],[11.36366,44.52648],[11.36346,44.52643],[11.36331,44.52646],[11.36316,44.52642],[11.36307,44.52632],[11.36306,44.52621],[11.36294,44.52604]]},"properties":{}},{"type":"Feature","geometry":{"type":"LineString","coordinates":[[11.36345,44.50909],[11.36316,44.50916]]},"properties":{}},{"type":"Feature","geometry":{"type":"LineString","coordinates":[[11.36326,44.57459],[11.36317,44.57447]]},"properties":{}},{"type":"Feature","geometry":{"type":"LineString","coordinates":[[11.36338,44.50313],[11.36322,44.50305]]},"properties":{}},{"type":"Feature","geometry":{"type":"LineString","coordinates":[[11.36324,44.50211],[11.36347,44.50207]]},"properties":{}},{"type":"Feature","geometry":{"type":"LineString","coordinates":[[11.36328,44.50553],[11.36337,44.50543]]},"properties":{}},{"type":"Feature","geometry":{"type":"LineString","coordinates":[[11.36349,44.57483],[11.36367,44.57499],[11.36378,44.57503],[11.3638,44.57517],[11.36387,44.57532]]},"properties":{}},{"type":"Feature","geometry":{"type":"LineString","coordinates":[[11.36387,44.57532],[11.36374,44.5752],[11.36359,44.57512],[11.36349,44.57483]]},"properties":{}},{"type":"Feature","geometry":{"type":"LineString","coordinates":[[11.36361,44.50393],[11.36349,44.50405]]},"properties":{}},{"type":"Feature","geometry":{"type":"LineString","coordinates":[[11.3638,44.51791],[11.364,44.51779]]},"properties":{}},{"type":"Feature","geometry":{"type":"LineString","coordinates":[[11.36405,44.51793],[11.3638,44.51791]]},"properties":{}},{"type":"Feature","geometry":{"type":"LineString","coordinates":[[11.3639,44.52292],[11.3638,44.52281]]},"properties":{}},{"type":"Feature","geometry":{"type":"LineString","coordinates":[[11.3638,44.52281],[11.36394,44.52274]]},"properties":{}},{"type":"Feature","geometry":{"type":"LineString","coordinates":[[11.36387,44.57532],[11.36438,44.57599]]},"properties":{}},{"type":"Feature","geometry":{"type":"LineString","coordinates":[[11.36396,44.523],[11.3639,44.52292]]},"properties":{}},{"type":"Feature","geometry":{"type":"LineString","coordinates":[[11.36403,44.52286],[11.3639,44.52292]]},"properties":{}},{"type":"Feature","geometry":{"type":"LineString","coordinates":[[11.36403,44.57636],[11.36391,44.57642]]},"properties":{}},{"type":"Feature","geometry":{"type":"LineString","coordinates":[[11.36394,44.52274],[11.36403,44.52286]]},"properties":{}},{"type":"Feature","geometry":{"type":"LineString","coordinates":[[11.36394,44.52274],[11.36673,44.5214]]},"properties":{}},{"type":"Feature","geometry":{"type":"LineString","coordinates":[[11.36505,44.52458],[11.36501,44.52477],[11.36484,44.52488],[11.36462,44.52487],[11.36444,44.52473],[11.36441,44.52464],[11.36451,44.52419],[11.36445,44.52377],[11.36431,44.52347],[11.36396,44.523]]},"properties":{}},{"type":"Feature","geometry":{"type":"LineString","coordinates":[[11.36409,44.52293],[11.36396,44.523]]},"properties":{}},{"type":"Feature","geometry":{"type":"LineString","coordinates":[[11.36495,44.50392],[11.364,44.50343]]},"properties":{}},{"type":"Feature","geometry":{"type":"LineString","coordinates":[[11.36505,44.5021],[11.36406,44.50329],[11.364,44.50343]]},"properties":{}},{"type":"Feature","geometry":{"type":"LineString","coordinates":[[11.36405,44.51793],[11.36401,44.51788],[11.364,44.51779]]},"properties":{}},{"type":"Feature","geometry":{"type":"LineString","coordinates":[[11.364,44.51779],[11.36414,44.51769],[11.36433,44.51771],[11.36441,44.51782],[11.36434,44.51794]]},"properties":{}},{"type":"Feature","geometry":{"type":"LineString","coordinates":[[11.36403,44.52286],[11.36409,44.52293]]},"properties":{}},{"type":"Feature","geometry":{"type":"LineString","coordinates":[[11.36683,44.5215],[11.36403,44.52286]]},"properties":{}},{"type":"Feature","geometry":{"type":"LineString","coordinates":[[11.36416,44.51798],[11.36405,44.51793]]},"properties":{}},{"type":"Feature","geometry":{"type":"LineString","coordinates":[[11.36409,44.52293],[11.36447,44.52344]]},"properties":{}},{"type":"Feature","geometry":{"type":"LineString","coordinates":[[11.36447,44.52344],[11.36464,44.52355],[11.36478,44.5236],[11.36497,44.52361],[11.36518,44.52355],[11.36564,44.52333],[11.36581,44.5232],[11.36589,44.52305],[11.36586,44.52282],[11.3658,44.52272],[11.36565,44.52261],[11.36546,44.52254],[11.36527,44.52252],[11.36485,44.52262],[11.36409,44.52293]]},"properties":{}},{"type":"Feature","geometry":{"type":"LineString","coordinates":[[11.36426,44.50735],[11.36414,44.50746]]},"properties":{}},{"type":"Feature","geometry":{"type":"LineString","coordinates":[[11.36415,44.50723],[11.36424,44.50714]]},"properties":{}},{"type":"Feature","geometry":{"type":"LineString","coordinates":[[11.36434,44.51794],[11.36416,44.51798]]},"properties":{}},{"type":"Feature","geometry":{"type":"LineString","coordinates":[[11.36431,44.51815],[11.36416,44.51798]]},"properties":{}},{"type":"Feature","geometry":{"type":"LineString","coordinates":[[11.36439,44.52701],[11.36418,44.52689]]},"properties":{}},{"type":"Feature","geometry":{"type":"LineString","coordinates":[[11.36418,44.57625],[11.36437,44.57612]]},"properties":{}},{"type":"Feature","geometry":{"type":"LineString","coordinates":[[11.36444,44.57618],[11.36418,44.57625]]},"properties":{}},{"type":"Feature","geometry":{"type":"LineString","coordinates":[[11.36673,44.5214],[11.36645,44.52108],[11.36636,44.52083],[11.36628,44.52071],[11.36451,44.51853],[11.36431,44.51815]]},"properties":{}},{"type":"Feature","geometry":{"type":"LineString","coordinates":[[11.36434,44.51794],[11.36431,44.51815]]},"properties":{}},{"type":"Feature","geometry":{"type":"LineString","coordinates":[[11.36444,44.57618],[11.36439,44.57616],[11.36437,44.57612]]},"properties":{}},{"type":"Feature","geometry":{"type":"LineString","coordinates":[[11.36437,44.57612],[11.36438,44.5761]]},"properties":{}},{"type":"Feature","geometry":{"type":"LineString","coordinates":[[11.36438,44.5761],[11.36438,44.57599]]},"properties":{}},{"type":"Feature","geometry":{"type":"LineString","coordinates":[[11.36438,44.5761],[11.36447,44.57606]]},"properties":{}},{"type":"Feature","geometry":{"type":"LineString","coordinates":[[11.36438,44.57599],[11.36447,44.57606]]},"properties":{}},{"type":"Feature","geometry":{"type":"LineString","coordinates":[[11.36444,44.50433],[11.36451,44.50425]]},"properties":{}},{"type":"Feature","geometry":{"type":"LineString","coordinates":[[11.36451,44.57617],[11.36444,44.57618]]},"properties":{}},{"type":"Feature","geometry":{"type":"LineString","coordinates":[[11.36447,44.52344],[11.36486,44.52425],[11.36505,44.52458]]},"properties":{}},{"type":"Feature","geometry":{"type":"LineString","coordinates":[[11.36447,44.57606],[11.36454,44.57611],[11.36451,44.57617]]},"properties":{}},{"type":"Feature","geometry":{"type":"LineString","coordinates":[[11.36451,44.57617],[11.36553,44.57752],[11.36563,44.5777],[11.3657,44.57802],[11.36558,44.57931],[11.36561,44.57998],[11.36571,44.58026],[11.36586,44.58053],[11.36627,44.58115]]},"properties":{}},{"type":"Feature","geometry":{"type":"LineString","coordinates":[[11.36462,44.52691],[11.36478,44.52701]]},"properties":{}},{"type":"Feature","geometry":{"type":"LineString","coordinates":[[11.36476,44.50256],[11.36467,44.50267]]},"properties":{}},{"type":"Feature","geometry":{"type":"LineString","coordinates":[[11.36478,44.57658],[11.36469,44.57647]]},"properties":{}},{"type":"Feature","geometry":{"type":"LineString","coordinates":[[11.37204,44.50547],[11.3712,44.50513],[11.3683,44.50381],[11.36748,44.50378],[11.36642,44.50404],[11.36602,44.50409],[11.36556,44.50407],[11.36495,44.50392]]},"properties":{}},{"type":"Feature","geometry":{"type":"LineString","coordinates":[[11.36495,44.50392],[11.36623,44.5027]]},"properties":{}},{"type":"Feature","geometry":{"type":"LineString","coordinates":[[11.36505,44.52458],[11.36551,44.52531],[11.36651,44.5271]]},"properties":{}},{"type":"Feature","geometry":{"type":"LineString","coordinates":[[11.36505,44.5021],[11.36623,44.5027]]},"properties":{}},{"type":"Feature","geometry":{"type":"LineString","coordinates":[[11.37068,44.5],[11.37056,44.50003],[11.37029,44.50001],[11.3698,44.50015],[11.36585,44.50149],[11.3656,44.5016],[11.36539,44.50176],[11.36505,44.5021]]},"properties":{}},{"type":"Feature","geometry":{"type":"LineString","coordinates":[[11.36509,44.57687],[11.3652,44.57702]]},"properties":{}},{"type":"Feature","geometry":{"type":"LineString","coordinates":[[11.36566,44.58026],[11.36562,44.58013]]},"properties":{}},{"type":"Feature","geometry":{"type":"LineString","coordinates":[[11.36563,44.5271],[11.36583,44.527]]},"properties":{}},{"type":"Feature","geometry":{"type":"LineString","coordinates":[[11.36611,44.52822],[11.36598,44.52806]]},"properties":{}},{"type":"Feature","geometry":{"type":"LineString","coordinates":[[11.36602,44.58071],[11.36611,44.58083]]},"properties":{}},{"type":"Feature","geometry":{"type":"LineString","coordinates":[[11.36604,44.52614],[11.36608,44.52621]]},"properties":{}},{"type":"Feature","geometry":{"type":"LineString","coordinates":[[11.36623,44.5027],[11.36803,44.50364],[11.36811,44.50361],[11.36831,44.50342],[11.36844,44.50336],[11.37057,44.50265]]},"properties":{}},{"type":"Feature","geometry":{"type":"LineString","coordinates":[[11.36623,44.5027],[11.36678,44.50221],[11.36708,44.50204],[11.36959,44.50122],[11.36961,44.50116],[11.3697,44.50112],[11.36979,44.5011],[11.36987,44.50112],[11.37268,44.5]]},"properties":{}},{"type":"Feature","geometry":{"type":"LineString","coordinates":[[11.36627,44.58115],[11.36649,44.58132]]},"properties":{}},{"type":"Feature","geometry":{"type":"LineString","coordinates":[[11.36632,44.58133],[11.36627,44.58115]]},"properties":{}},{"type":"Feature","geometry":{"type":"LineString","coordinates":[[11.36644,44.58166],[11.36627,44.58162],[11.36618,44.58151],[11.36621,44.58141],[11.36632,44.58133]]},"properties":{}},{"type":"Feature","geometry":{"type":"LineString","coordinates":[[11.36632,44.58133],[11.36649,44.58132]]},"properties":{}},{"type":"Feature","geometry":{"type":"LineString","coordinates":[[11.36672,44.58187],[11.36658,44.58174],[11.36644,44.58166]]},"properties":{}},{"type":"Feature","geometry":{"type":"LineString","coordinates":[[11.36663,44.58158],[11.36644,44.58166]]},"properties":{}},{"type":"Feature","geometry":{"type":"LineString","coordinates":[[11.36649,44.58132],[11.36664,44.58141],[11.36666,44.58148],[11.36663,44.58158]]},"properties":{}},{"type":"Feature","geometry":{"type":"LineString","coordinates":[[11.36651,44.5271],[11.36666,44.52745],[11.36678,44.52783],[11.36688,44.52882]]},"properties":{}},{"type":"Feature","geometry":{"type":"LineString","coordinates":[[11.36696,44.53],[11.36683,44.52953],[11.36652,44.52887]]},"properties":{}},{"type":"Feature","geometry":{"type":"LineString","coordinates":[[11.36652,44.52887],[11.36688,44.52882]]},"properties":{}},{"type":"Feature","geometry":{"type":"LineString","coordinates":[[11.36659,44.50234],[11.36675,44.50221]]},"properties":{}},{"type":"Feature","geometry":{"type":"LineString","coordinates":[[11.3668,44.52886],[11.3666,44.5289]]},"properties":{}},{"type":"Feature","geometry":{"type":"LineString","coordinates":[[11.36663,44.58158],[11.36672,44.58187]]},"properties":{}},{"type":"Feature","geometry":{"type":"LineString","coordinates":[[11.36749,44.58369],[11.36718,44.58277],[11.36672,44.58187]]},"properties":{}},{"type":"Feature","geometry":{"type":"LineString","coordinates":[[11.36689,44.50394],[11.36672,44.50399]]},"properties":{}},{"type":"Feature","geometry":{"type":"LineString","coordinates":[[11.36683,44.5215],[11.36673,44.5214]]},"properties":{}},{"type":"Feature","geometry":{"type":"LineString","coordinates":[[11.36673,44.5214],[11.37184,44.51895]]},"properties":{}},{"type":"Feature","geometry":{"type":"LineString","coordinates":[[11.36715,44.52179],[11.36697,44.52165],[11.36683,44.5215]]},"properties":{}},{"type":"Feature","geometry":{"type":"LineString","coordinates":[[11.37194,44.51905],[11.36683,44.5215]]},"properties":{}},{"type":"Feature","geometry":{"type":"LineString","coordinates":[[11.36688,44.52882],[11.36696,44.53]]},"properties":{}},{"type":"Feature","geometry":{"type":"LineString","coordinates":[[11.36719,44.50107],[11.36693,44.50116]]},"properties":{}},{"type":"Feature","geometry":{"type":"LineString","coordinates":[[11.36696,44.52884],[11.36696,44.52898]]},"properties":{}},{"type":"Feature","geometry":{"type":"LineString","coordinates":[[11.36696,44.53],[11.36721,44.53109],[11.36734,44.53223],[11.36784,44.53387]]},"properties":{}},{"type":"Feature","geometry":{"type":"LineString","coordinates":[[11.36719,44.50312],[11.36703,44.50304]]},"properties":{}},{"type":"Feature","geometry":{"type":"LineString","coordinates":[[11.36738,44.52183],[11.36734,44.5219],[11.36723,44.52193],[11.36714,44.52187],[11.36715,44.52179]]},"properties":{}},{"type":"Feature","geometry":{"type":"LineString","coordinates":[[11.36715,44.52179],[11.36728,44.52175]]},"properties":{}},{"type":"Feature","geometry":{"type":"LineString","coordinates":[[11.36728,44.52175],[11.36738,44.52183]]},"properties":{}},{"type":"Feature","geometry":{"type":"LineString","coordinates":[[11.36728,44.52175],[11.36755,44.52167]]},"properties":{}},{"type":"Feature","geometry":{"type":"LineString","coordinates":[[11.36755,44.52167],[11.36738,44.52183]]},"properties":{}},{"type":"Feature","geometry":{"type":"LineString","coordinates":[[11.36749,44.58369],[11.36753,44.58375],[11.36751,44.58397],[11.36756,44.58404],[11.36759,44.58415],[11.36772,44.58425],[11.36777,44.58435]]},"properties":{}},{"type":"Feature","geometry":{"type":"LineString","coordinates":[[11.36777,44.58435],[11.36758,44.58424],[11.36728,44.58421],[11.36716,44.58411],[11.36719,44.58399],[11.36744,44.58385],[11.36749,44.58369]]},"properties":{}},{"type":"Feature","geometry":{"type":"LineString","coordinates":[[11.36754,44.59728],[11.36713,44.59736],[11.36673,44.59756],[11.36667,44.59762],[11.36662,44.59778],[11.36665,44.59794],[11.36679,44.59807],[11.36695,44.59813],[11.36722,44.59813],[11.36743,44.59805],[11.36752,44.59797],[11.36759,44.59783],[11.3676,44.59756],[11.36754,44.59728]]},"properties":{}},{"type":"Feature","geometry":{"type":"LineString","coordinates":[[11.36754,44.59728],[11.36748,44.5969],[11.36751,44.59667],[11.36764,44.59651],[11.36795,44.59638],[11.36818,44.59636],[11.3684,44.5964],[11.36922,44.59676]]},"properties":{}},{"type":"Feature","geometry":{"type":"LineString","coordinates":[[11.36754,44.59728],[11.36901,44.59715]]},"properties":{}},{"type":"Feature","geometry":{"type":"LineString","coordinates":[[11.36755,44.52167],[11.36814,44.52136],[11.36934,44.5208],[11.37121,44.52004],[11.37158,44.51992],[11.37189,44.51992],[11.37208,44.51998],[11.37224,44.52007],[11.37301,44.52072],[11.37316,44.52093],[11.37323,44.52114]]},"properties":{}},{"type":"Feature","geometry":{"type":"LineString","coordinates":[[11.36765,44.53344],[11.36758,44.53324]]},"properties":{}},{"type":"Feature","geometry":{"type":"LineString","coordinates":[[11.36862,44.58764],[11.3687,44.58731],[11.36871,44.587],[11.36869,44.58621],[11.36859,44.5856],[11.36835,44.58515],[11.36777,44.58435]]},"properties":{}},{"type":"Feature","geometry":{"type":"LineString","coordinates":[[11.36781,44.53346],[11.36786,44.53365]]},"properties":{}},{"type":"Feature","geometry":{"type":"LineString","coordinates":[[11.36784,44.53387],[11.36797,44.53406],[11.36803,44.5341],[11.36818,44.53411],[11.36843,44.53403]]},"properties":{}},{"type":"Feature","geometry":{"type":"LineString","coordinates":[[11.36843,44.53403],[11.36819,44.53427],[11.36816,44.53448],[11.36812,44.53456],[11.36798,44.53463],[11.3678,44.53462],[11.36771,44.53457],[11.36766,44.53448],[11.36767,44.5344],[11.36778,44.53421],[11.36784,44.53387]]},"properties":{}},{"type":"Feature","geometry":{"type":"LineString","coordinates":[[11.36811,44.50775],[11.36792,44.50765]]},"properties":{}},{"type":"Feature","geometry":{"type":"LineString","coordinates":[[11.36836,44.51395],[11.36826,44.51403],[11.36805,44.51405]]},"properties":{}},{"type":"Feature","geometry":{"type":"LineString","coordinates":[[11.37184,44.51895],[11.37145,44.51854],[11.37118,44.5179],[11.37111,44.51757],[11.37121,44.51717],[11.37122,44.51679],[11.37107,44.51624],[11.37092,44.51592],[11.37064,44.51567],[11.36985,44.51539],[11.36947,44.5152],[11.36891,44.51481],[11.36824,44.51413],[11.36818,44.51408],[11.36805,44.51405]]},"properties":{}},{"type":"Feature","geometry":{"type":"LineString","coordinates":[[11.36805,44.51405],[11.3679,44.51398],[11.36785,44.51388],[11.36787,44.51379],[11.36799,44.5137],[11.36816,44.51367],[11.36829,44.51372],[11.36839,44.51384],[11.36836,44.51395]]},"properties":{}},{"type":"Feature","geometry":{"type":"LineString","coordinates":[[11.3682,44.59108],[11.36815,44.59095]]},"properties":{}},{"type":"Feature","geometry":{"type":"LineString","coordinates":[[11.3687,44.61005],[11.36861,44.6101],[11.36842,44.61013],[11.36822,44.61009]]},"properties":{}},{"type":"Feature","geometry":{"type":"LineString","coordinates":[[11.36862,44.61075],[11.36842,44.61035],[11.36822,44.61009]]},"properties":{}},{"type":"Feature","geometry":{"type":"LineString","coordinates":[[11.36822,44.61009],[11.36807,44.60996],[11.36804,44.60984],[11.36808,44.60973],[11.36826,44.60961]]},"properties":{}},{"type":"Feature","geometry":{"type":"LineString","coordinates":[[11.36826,44.60961],[11.36842,44.60948],[11.36875,44.60913]]},"properties":{}},{"type":"Feature","geometry":{"type":"LineString","coordinates":[[11.36826,44.60961],[11.3685,44.60959],[11.36871,44.60967]]},"properties":{}},{"type":"Feature","geometry":{"type":"LineString","coordinates":[[11.3683,44.59105],[11.36835,44.59117]]},"properties":{}},{"type":"Feature","geometry":{"type":"LineString","coordinates":[[11.37014,44.59612],[11.36838,44.59139],[11.36787,44.59015],[11.36784,44.58996],[11.36785,44.5898],[11.36834,44.58821]]},"properties":{}},{"type":"Feature","geometry":{"type":"LineString","coordinates":[[11.36834,44.58821],[11.36835,44.58797]]},"properties":{}},{"type":"Feature","geometry":{"type":"LineString","coordinates":[[11.36853,44.58802],[11.36834,44.58821]]},"properties":{}},{"type":"Feature","geometry":{"type":"LineString","coordinates":[[11.36853,44.58802],[11.36842,44.58801],[11.36835,44.58797]]},"properties":{}},{"type":"Feature","geometry":{"type":"LineString","coordinates":[[11.36835,44.58797],[11.36832,44.58786],[11.36842,44.58779]]},"properties":{}},{"type":"Feature","geometry":{"type":"LineString","coordinates":[[11.36836,44.51395],[11.36839,44.51409],[11.36851,44.51421],[11.37009,44.51527],[11.37029,44.51535],[11.37048,44.51536],[11.37067,44.51532],[11.3709,44.51521],[11.37264,44.51374],[11.37274,44.5136],[11.37274,44.51349]]},"properties":{}},{"type":"Feature","geometry":{"type":"LineString","coordinates":[[11.36842,44.58779],[11.36862,44.58764]]},"properties":{}},{"type":"Feature","geometry":{"type":"LineString","coordinates":[[11.36842,44.58779],[11.36854,44.58778],[11.36862,44.58782]]},"properties":{}},{"type":"Feature","geometry":{"type":"LineString","coordinates":[[11.37041,44.53285],[11.37008,44.53299],[11.36843,44.53403]]},"properties":{}},{"type":"Feature","geometry":{"type":"LineString","coordinates":[[11.36862,44.58782],[11.36866,44.58789],[11.36865,44.58794],[11.36853,44.58802]]},"properties":{}},{"type":"Feature","geometry":{"type":"LineString","coordinates":[[11.36862,44.58764],[11.36862,44.58782]]},"properties":{}},{"type":"Feature","geometry":{"type":"LineString","coordinates":[[11.36862,44.58696],[11.36862,44.58678]]},"properties":{}},{"type":"Feature","geometry":{"type":"LineString","coordinates":[[11.37196,44.63531],[11.37133,44.63315],[11.37106,44.63205],[11.37092,44.63133],[11.37088,44.63068],[11.37089,44.62976],[11.37081,44.62868],[11.37075,44.62838],[11.37031,44.62699],[11.37013,44.62619],[11.36986,44.62462],[11.36984,44.62419],[11.36987,44.62392],[11.36993,44.62365],[11.37054,44.62241],[11.37114,44.62078],[11.37132,44.6201],[11.37133,44.6196],[11.37127,44.61937],[11.37104,44.61868],[11.3707,44.61784],[11.36888,44.61373],[11.36876,44.61331],[11.36862,44.61075]]},"properties":{}},{"type":"Feature","geometry":{"type":"LineString","coordinates":[[11.3687,44.61005],[11.36864,44.61033],[11.36862,44.61075]]},"properties":{}},{"type":"Feature","geometry":{"type":"LineString","coordinates":[[11.36901,44.53379],[11.36868,44.53399]]},"properties":{}},{"type":"Feature","geometry":{"type":"LineString","coordinates":[[11.36869,44.6088],[11.3687,44.60872]]},"properties":{}},{"type":"Feature","geometry":{"type":"LineString","coordinates":[[11.36871,44.60967],[11.3688,44.60978],[11.36881,44.60989],[11.3687,44.61005]]},"properties":{}},{"type":"Feature","geometry":{"type":"LineString","coordinates":[[11.36875,44.60913],[11.36869,44.6095],[11.36871,44.60967]]},"properties":{}},{"type":"Feature","geometry":{"type":"LineString","coordinates":[[11.36875,44.60913],[11.36886,44.6085],[11.36925,44.6069],[11.36936,44.60538],[11.36933,44.60454],[11.36974,44.6018],[11.36979,44.60084],[11.37001,44.59933],[11.37022,44.59824],[11.37023,44.59788]]},"properties":{}},{"type":"Feature","geometry":{"type":"LineString","coordinates":[[11.36875,44.58702],[11.36875,44.58714]]},"properties":{}},{"type":"Feature","geometry":{"type":"LineString","coordinates":[[11.36888,44.60879],[11.36886,44.60893]]},"properties":{}},{"type":"Feature","geometry":{"type":"LineString","coordinates":[[11.36922,44.59676],[11.36894,44.5967],[11.36832,44.59648],[11.3682,44.59645],[11.36806,44.59646],[11.36787,44.59652],[11.36774,44.5966],[11.36766,44.59676],[11.36766,44.59687],[11.36772,44.597],[11.36788,44.59711],[11.36801,44.59716],[11.36833,44.59719],[11.36901,44.59715]]},"properties":{}},{"type":"Feature","geometry":{"type":"LineString","coordinates":[[11.37018,44.59707],[11.36901,44.59715]]},"properties":{}},{"type":"Feature","geometry":{"type":"LineString","coordinates":[[11.36909,44.61436],[11.36904,44.61424]]},"properties":{}},{"type":"Feature","geometry":{"type":"LineString","coordinates":[[11.36907,44.50823],[11.36918,44.50835]]},"properties":{}},{"type":"Feature","geometry":{"type":"LineString","coordinates":[[11.36915,44.50135],[11.36932,44.50129]]},"properties":{}},{"type":"Feature","geometry":{"type":"LineString","coordinates":[[11.36922,44.59676],[11.36955,44.59678]]},"properties":{}},{"type":"Feature","geometry":{"type":"LineString","coordinates":[[11.36947,44.59447],[11.36943,44.59438]]},"properties":{}},{"type":"Feature","geometry":{"type":"LineString","coordinates":[[11.36944,44.53334],[11.36954,44.53329]]},"properties":{}},{"type":"Feature","geometry":{"type":"LineString","coordinates":[[11.36949,44.59426],[11.36953,44.59436]]},"properties":{}},{"type":"Feature","geometry":{"type":"LineString","coordinates":[[11.3702,44.59679],[11.36987,44.59683],[11.36955,44.59678]]},"properties":{}},{"type":"Feature","geometry":{"type":"LineString","coordinates":[[11.36955,44.59678],[11.36994,44.59668],[11.37008,44.59659],[11.37017,44.59642]]},"properties":{}},{"type":"Feature","geometry":{"type":"LineString","coordinates":[[11.36981,44.61563],[11.36985,44.61574]]},"properties":{}},{"type":"Feature","geometry":{"type":"LineString","coordinates":[[11.36988,44.60044],[11.36987,44.60055]]},"properties":{}},{"type":"Feature","geometry":{"type":"LineString","coordinates":[[11.36989,44.59967],[11.3699,44.59956]]},"properties":{}},{"type":"Feature","geometry":{"type":"LineString","coordinates":[[11.37008,44.50011],[11.36991,44.50016]]},"properties":{}},{"type":"Feature","geometry":{"type":"LineString","coordinates":[[11.37273,44.51245],[11.37186,44.51172],[11.37008,44.50967]]},"properties":{}},{"type":"Feature","geometry":{"type":"LineString","coordinates":[[11.37023,44.50961],[11.37008,44.50967]]},"properties":{}},{"type":"Feature","geometry":{"type":"LineString","coordinates":[[11.37011,44.59584],[11.37016,44.59594]]},"properties":{}},{"type":"Feature","geometry":{"type":"LineString","coordinates":[[11.37018,44.61674],[11.37013,44.61661]]},"properties":{}},{"type":"Feature","geometry":{"type":"LineString","coordinates":[[11.37014,44.59612],[11.37021,44.5962],[11.37029,44.59643],[11.37031,44.59676]]},"properties":{}},{"type":"Feature","geometry":{"type":"LineString","coordinates":[[11.37017,44.59642],[11.37013,44.59621],[11.37014,44.59612]]},"properties":{}},{"type":"Feature","geometry":{"type":"LineString","coordinates":[[11.37014,44.5095],[11.37023,44.50961]]},"properties":{}},{"type":"Feature","geometry":{"type":"LineString","coordinates":[[11.37014,44.5095],[11.37024,44.50942],[11.37025,44.50931]]},"properties":{}},{"type":"Feature","geometry":{"type":"LineString","coordinates":[[11.3702,44.59679],[11.37017,44.59642]]},"properties":{}},{"type":"Feature","geometry":{"type":"LineString","coordinates":[[11.37023,44.59788],[11.37018,44.59761],[11.37018,44.59707]]},"properties":{}},{"type":"Feature","geometry":{"type":"LineString","coordinates":[[11.37018,44.59707],[11.3702,44.59679]]},"properties":{}},{"type":"Feature","geometry":{"type":"LineString","coordinates":[[11.3703,44.59706],[11.37018,44.59707]]},"properties":{}},{"type":"Feature","geometry":{"type":"LineString","coordinates":[[11.37031,44.59676],[11.3702,44.59679]]},"properties":{}},{"type":"Feature","geometry":{"type":"LineString","coordinates":[[11.3703,44.59706],[11.37028,44.59761],[11.37023,44.59788]]},"properties":{}},{"type":"Feature","geometry":{"type":"LineString","coordinates":[[11.37023,44.50961],[11.37207,44.5117],[11.37247,44.51209],[11.37286,44.51236]]},"properties":{}},{"type":"Feature","geometry":{"type":"LineString","coordinates":[[11.37025,44.50931],[11.3703,44.50948],[11.37023,44.50961]]},"properties":{}},{"type":"Feature","geometry":{"type":"LineString","coordinates":[[11.37204,44.50547],[11.37028,44.5074],[11.37008,44.50766],[11.37006,44.50775],[11.37025,44.50931]]},"properties":{}},{"type":"Feature","geometry":{"type":"LineString","coordinates":[[11.37031,44.59676],[11.3703,44.59706]]},"properties":{}},{"type":"Feature","geometry":{"type":"LineString","coordinates":[[11.37329,44.59671],[11.37279,44.59682],[11.37206,44.59691],[11.3703,44.59706]]},"properties":{}},{"type":"Feature","geometry":{"type":"LineString","coordinates":[[11.37041,44.53285],[11.37052,44.53297],[11.37074,44.53311],[11.37087,44.53312],[11.37139,44.53294],[11.37151,44.53286],[11.37153,44.5328],[11.3715,44.53271],[11.37041,44.53285]]},"properties":{}},{"type":"Feature","geometry":{"type":"LineString","coordinates":[[11.37042,44.62251],[11.37046,44.62242]]},"properties":{}},{"type":"Feature","geometry":{"type":"LineString","coordinates":[[11.37057,44.50713],[11.37048,44.50723]]},"properties":{}},{"type":"Feature","geometry":{"type":"LineString","coordinates":[[11.3705,44.61718],[11.37054,44.61727]]},"properties":{}},{"type":"Feature","geometry":{"type":"LineString","coordinates":[[11.37052,44.53293],[11.37058,44.53299]]},"properties":{}},{"type":"Feature","geometry":{"type":"LineString","coordinates":[[11.3706,44.62238],[11.37056,44.62246]]},"properties":{}},{"type":"Feature","geometry":{"type":"LineString","coordinates":[[11.37083,44.50288],[11.37067,44.50278],[11.37057,44.50265]]},"properties":{}},{"type":"Feature","geometry":{"type":"LineString","coordinates":[[11.37057,44.50265],[11.3707,44.50261]]},"properties":{}},{"type":"Feature","geometry":{"type":"LineString","coordinates":[[11.3707,44.50261],[11.37083,44.50288]]},"properties":{}},{"type":"Feature","geometry":{"type":"LineString","coordinates":[[11.3707,44.50261],[11.37313,44.50179],[11.37368,44.50169]]},"properties":{}},{"type":"Feature","geometry":{"type":"LineString","coordinates":[[11.37074,44.62909],[11.37072,44.62894]]},"properties":{}},{"type":"Feature","geometry":{"type":"LineString","coordinates":[[11.37092,44.50503],[11.37074,44.50496]]},"properties":{}},{"type":"Feature","geometry":{"type":"LineString","coordinates":[[11.3708,44.50674],[11.37087,44.50666]]},"properties":{}},{"type":"Feature","geometry":{"type":"LineString","coordinates":[[11.37083,44.50288],[11.37099,44.50314],[11.3713,44.50345],[11.3731,44.50424]]},"properties":{}},{"type":"Feature","geometry":{"type":"LineString","coordinates":[[11.37095,44.6297],[11.37096,44.62982]]},"properties":{}},{"type":"Feature","geometry":{"type":"LineString","coordinates":[[11.37098,44.50063],[11.37118,44.50055]]},"properties":{}},{"type":"Feature","geometry":{"type":"LineString","coordinates":[[11.37119,44.63914],[11.37141,44.63911]]},"properties":{}},{"type":"Feature","geometry":{"type":"LineString","coordinates":[[11.37161,44.50357],[11.37143,44.50349]]},"properties":{}},{"type":"Feature","geometry":{"type":"LineString","coordinates":[[11.3718,44.63914],[11.37159,44.63918]]},"properties":{}},{"type":"Feature","geometry":{"type":"LineString","coordinates":[[11.37184,44.51895],[11.37194,44.51905]]},"properties":{}},{"type":"Feature","geometry":{"type":"LineString","coordinates":[[11.37184,44.51895],[11.37279,44.51843],[11.37361,44.51792],[11.37474,44.5171],[11.37516,44.51675]]},"properties":{}},{"type":"Feature","geometry":{"type":"LineString","coordinates":[[11.3719,44.50217],[11.37208,44.50212]]},"properties":{}},{"type":"Feature","geometry":{"type":"LineString","coordinates":[[11.37563,44.51654],[11.37497,44.51718],[11.37411,44.51792],[11.3739,44.51817],[11.37381,44.51837],[11.3738,44.51856],[11.37396,44.51896],[11.37403,44.51925],[11.37402,44.51936],[11.37394,44.51955],[11.37376,44.51972],[11.37358,44.51981],[11.37334,44.51986],[11.3729,44.51983],[11.37258,44.51966],[11.37194,44.51905]]},"properties":{}},{"type":"Feature","geometry":{"type":"LineString","coordinates":[[11.37563,44.51654],[11.37487,44.51718],[11.37416,44.51771],[11.37328,44.51829],[11.37194,44.51905]]},"properties":{}},{"type":"Feature","geometry":{"type":"LineString","coordinates":[[11.37195,44.63507],[11.37201,44.63526]]},"properties":{}},{"type":"Feature","geometry":{"type":"LineString","coordinates":[[11.37196,44.63531],[11.37249,44.63649],[11.37258,44.63663],[11.37271,44.63677],[11.37295,44.63683]]},"properties":{}},{"type":"Feature","geometry":{"type":"LineString","coordinates":[[11.37317,44.63831],[11.3725,44.63675],[11.37222,44.63619],[11.37204,44.6357],[11.37196,44.63531]]},"properties":{}},{"type":"Feature","geometry":{"type":"LineString","coordinates":[[11.37628,44.50739],[11.37589,44.50716],[11.37408,44.50628],[11.37204,44.50547]]},"properties":{}},{"type":"Feature","geometry":{"type":"LineString","coordinates":[[11.37204,44.50547],[11.3731,44.50424]]},"properties":{}},{"type":"Feature","geometry":{"type":"LineString","coordinates":[[11.37268,44.50412],[11.37243,44.50401]]},"properties":{}},{"type":"Feature","geometry":{"type":"LineString","coordinates":[[11.37256,44.50497],[11.37246,44.50507]]},"properties":{}},{"type":"Feature","geometry":{"type":"LineString","coordinates":[[11.37274,44.58986],[11.37266,44.58975]]},"properties":{}},{"type":"Feature","geometry":{"type":"LineString","coordinates":[[11.37272,44.63881],[11.37296,44.63869],[11.37305,44.6386],[11.37311,44.6385],[11.37317,44.63831]]},"properties":{}},{"type":"Feature","geometry":{"type":"LineString","coordinates":[[11.37327,44.63882],[11.37272,44.63881]]},"properties":{}},{"type":"Feature","geometry":{"type":"LineString","coordinates":[[11.37305,44.51322],[11.37326,44.51317],[11.37336,44.51312],[11.37343,44.51302],[11.3734,44.51288],[11.37273,44.51245]]},"properties":{}},{"type":"Feature","geometry":{"type":"LineString","coordinates":[[11.37273,44.51245],[11.37244,44.51268],[11.37241,44.51283],[11.37252,44.51306],[11.37268,44.51316],[11.37281,44.51319]]},"properties":{}},{"type":"Feature","geometry":{"type":"LineString","coordinates":[[11.37286,44.51236],[11.37273,44.51245]]},"properties":{}},{"type":"Feature","geometry":{"type":"LineString","coordinates":[[11.37299,44.51352],[11.37283,44.51352],[11.37274,44.51349]]},"properties":{}},{"type":"Feature","geometry":{"type":"LineString","coordinates":[[11.37274,44.51349],[11.37268,44.51343],[11.37266,44.51332],[11.3727,44.51325],[11.37281,44.51319]]},"properties":{}},{"type":"Feature","geometry":{"type":"LineString","coordinates":[[11.37276,44.50456],[11.37285,44.50446]]},"properties":{}},{"type":"Feature","geometry":{"type":"LineString","coordinates":[[11.37281,44.51319],[11.37293,44.51318],[11.37305,44.51322]]},"properties":{}},{"type":"Feature","geometry":{"type":"LineString","coordinates":[[11.37286,44.51236],[11.37364,44.5127],[11.37375,44.51272],[11.37388,44.51269],[11.37397,44.51261],[11.37399,44.51255],[11.37398,44.51239],[11.37393,44.51233],[11.37378,44.51223],[11.37356,44.51217],[11.37317,44.51219],[11.37286,44.51236]]},"properties":{}},{"type":"Feature","geometry":{"type":"LineString","coordinates":[[11.37313,44.63713],[11.37292,44.63716],[11.37277,44.63707],[11.37275,44.63699],[11.37278,44.63692],[11.37295,44.63683]]},"properties":{}},{"type":"Feature","geometry":{"type":"LineString","coordinates":[[11.37295,44.63683],[11.37308,44.63685],[11.3732,44.63693],[11.37321,44.63704],[11.37313,44.63713]]},"properties":{}},{"type":"Feature","geometry":{"type":"LineString","coordinates":[[11.37299,44.51352],[11.37273,44.51379],[11.37143,44.51487],[11.37128,44.51518],[11.37131,44.51567],[11.37158,44.51658],[11.3716,44.51678],[11.37155,44.51703],[11.3713,44.51757],[11.37126,44.51778],[11.37136,44.5181],[11.37154,44.5183],[11.37182,44.51842],[11.37213,44.51844],[11.37242,44.5184],[11.37293,44.51818],[11.37342,44.51791],[11.37516,44.51675]]},"properties":{}},{"type":"Feature","geometry":{"type":"LineString","coordinates":[[11.37305,44.51322],[11.37311,44.51327],[11.37314,44.51338],[11.37307,44.51348],[11.37299,44.51352]]},"properties":{}},{"type":"Feature","geometry":{"type":"LineString","coordinates":[[11.3731,44.50424],[11.3737,44.50356],[11.37389,44.5032],[11.37393,44.50298],[11.37391,44.50273],[11.37368,44.50169]]},"properties":{}},{"type":"Feature","geometry":{"type":"LineString","coordinates":[[11.37313,44.63713],[11.37299,44.63726],[11.37295,44.63738],[11.37298,44.63752],[11.37335,44.63846],[11.37345,44.63863]]},"properties":{}},{"type":"Feature","geometry":{"type":"LineString","coordinates":[[11.37321,44.63868],[11.37321,44.63842],[11.37317,44.63831]]},"properties":{}},{"type":"Feature","geometry":{"type":"LineString","coordinates":[[11.37327,44.63882],[11.3732,44.63876],[11.37321,44.63868]]},"properties":{}},{"type":"Feature","geometry":{"type":"LineString","coordinates":[[11.37321,44.63868],[11.37331,44.63861],[11.37345,44.63863]]},"properties":{}},{"type":"Feature","geometry":{"type":"LineString","coordinates":[[11.37323,44.52114],[11.37333,44.52116],[11.37337,44.52121]]},"properties":{}},{"type":"Feature","geometry":{"type":"LineString","coordinates":[[11.37337,44.52121],[11.37332,44.5213],[11.37317,44.52129],[11.37313,44.52126],[11.37313,44.52119],[11.37323,44.52114]]},"properties":{}},{"type":"Feature","geometry":{"type":"LineString","coordinates":[[11.37337,44.63884],[11.37327,44.63882]]},"properties":{}},{"type":"Feature","geometry":{"type":"LineString","coordinates":[[11.37329,44.59671],[11.37354,44.59724],[11.37393,44.59784],[11.37434,44.59833],[11.37455,44.59848],[11.37492,44.59864],[11.37536,44.59871],[11.37722,44.59864]]},"properties":{}},{"type":"Feature","geometry":{"type":"LineString","coordinates":[[11.37549,44.59463],[11.37353,44.5953],[11.37311,44.59552],[11.37301,44.59564],[11.37297,44.59591],[11.37306,44.59618],[11.37329,44.59671]]},"properties":{}},{"type":"Feature","geometry":{"type":"LineString","coordinates":[[11.37927,44.59481],[11.37708,44.59549],[11.37444,44.59638],[11.37329,44.59671]]},"properties":{}},{"type":"Feature","geometry":{"type":"LineString","coordinates":[[11.37368,44.50169],[11.37332,44.5]]},"properties":{}},{"type":"Feature","geometry":{"type":"LineString","coordinates":[[11.37353,44.50611],[11.37335,44.50604]]},"properties":{}},{"type":"Feature","geometry":{"type":"LineString","coordinates":[[11.37337,44.52324],[11.37379,44.5231],[11.37398,44.52337],[11.37357,44.52352],[11.37337,44.52324]]},"properties":{}},{"type":"Feature","geometry":{"type":"LineString","coordinates":[[11.37337,44.52324],[11.37287,44.52251],[11.3738,44.52184],[11.37398,44.52155],[11.37403,44.52139],[11.37401,44.52129],[11.37383,44.52117],[11.37362,44.52116],[11.37337,44.52121]]},"properties":{}},{"type":"Feature","geometry":{"type":"LineString","coordinates":[[11.37371,44.63891],[11.37337,44.63884]]},"properties":{}},{"type":"Feature","geometry":{"type":"LineString","coordinates":[[11.37351,44.63873],[11.37346,44.63881],[11.37337,44.63884]]},"properties":{}},{"type":"Feature","geometry":{"type":"LineString","coordinates":[[11.37345,44.63863],[11.37351,44.63873]]},"properties":{}},{"type":"Feature","geometry":{"type":"LineString","coordinates":[[11.37345,44.50024],[11.37347,44.50037]]},"properties":{}},{"type":"Feature","geometry":{"type":"LineString","coordinates":[[11.37351,44.63873],[11.37371,44.63891]]},"properties":{}},{"type":"Feature","geometry":{"type":"LineString","coordinates":[[11.37359,44.50153],[11.37355,44.50134]]},"properties":{}},{"type":"Feature","geometry":{"type":"LineString","coordinates":[[11.37578,44.64256],[11.37447,44.63967],[11.37414,44.63921],[11.37371,44.63891]]},"properties":{}},{"type":"Feature","geometry":{"type":"LineString","coordinates":[[11.37386,44.50292],[11.37386,44.50281]]},"properties":{}},{"type":"Feature","geometry":{"type":"LineString","coordinates":[[11.37389,44.52318],[11.37397,44.52329]]},"properties":{}},{"type":"Feature","geometry":{"type":"LineString","coordinates":[[11.374,44.50284],[11.37399,44.5031]]},"properties":{}},{"type":"Feature","geometry":{"type":"LineString","coordinates":[[11.37429,44.5901],[11.37405,44.59018]]},"properties":{}},{"type":"Feature","geometry":{"type":"LineString","coordinates":[[11.37423,44.60812],[11.37478,44.60844],[11.37497,44.60869],[11.37518,44.60904],[11.37533,44.61059],[11.37531,44.61126],[11.37534,44.61151],[11.37539,44.61168],[11.37627,44.61316],[11.37636,44.61326],[11.37651,44.61336],[11.37668,44.6134],[11.37755,44.61337],[11.37777,44.6134],[11.37798,44.61351],[11.37812,44.61367],[11.37875,44.61476]]},"properties":{}},{"type":"Feature","geometry":{"type":"LineString","coordinates":[[11.37848,44.61479],[11.37849,44.61453],[11.37792,44.61358],[11.37775,44.61349],[11.37761,44.61346],[11.37688,44.6135],[11.37663,44.61347],[11.37644,44.61341],[11.37623,44.61326],[11.37552,44.61211],[11.37525,44.61199],[11.37516,44.61201],[11.37498,44.61198],[11.37485,44.61189],[11.37482,44.61182],[11.37485,44.61169],[11.37505,44.61158],[11.37512,44.61148],[11.37513,44.61138],[11.37493,44.60916],[11.37485,44.60897],[11.37471,44.60883],[11.3744,44.60878],[11.37427,44.60867],[11.37425,44.60859],[11.37428,44.60833],[11.37423,44.60812]]},"properties":{}},{"type":"Feature","geometry":{"type":"LineString","coordinates":[[11.37423,44.60812],[11.37415,44.60796],[11.37406,44.60751],[11.37363,44.60481],[11.3736,44.60454],[11.37361,44.60439],[11.37366,44.60423],[11.37379,44.60408],[11.37395,44.60397],[11.37428,44.60385],[11.37826,44.60307]]},"properties":{}},{"type":"Feature","geometry":{"type":"LineString","coordinates":[[11.37434,44.50635],[11.3745,44.50642]]},"properties":{}},{"type":"Feature","geometry":{"type":"LineString","coordinates":[[11.37454,44.58773],[11.37468,44.58768]]},"properties":{}},{"type":"Feature","geometry":{"type":"LineString","coordinates":[[11.37516,44.51675],[11.37631,44.51569],[11.37732,44.51451],[11.38008,44.511],[11.38051,44.51038],[11.38086,44.50972]]},"properties":{}},{"type":"Feature","geometry":{"type":"LineString","coordinates":[[11.37549,44.59463],[11.37572,44.59436],[11.37579,44.59411]]},"properties":{}},{"type":"Feature","geometry":{"type":"LineString","coordinates":[[11.37612,44.59441],[11.37549,44.59463]]},"properties":{}},{"type":"Feature","geometry":{"type":"LineString","coordinates":[[11.38101,44.50979],[11.38067,44.51043],[11.38022,44.51107],[11.37746,44.51458],[11.37657,44.51563],[11.37563,44.51654]]},"properties":{}},{"type":"Feature","geometry":{"type":"LineString","coordinates":[[11.37593,44.64317],[11.37584,44.64313],[11.37576,44.64306],[11.37577,44.64292]]},"properties":{}},{"type":"Feature","geometry":{"type":"LineString","coordinates":[[11.37577,44.64292],[11.37581,44.64269],[11.37578,44.64256]]},"properties":{}},{"type":"Feature","geometry":{"type":"LineString","coordinates":[[11.37577,44.64292],[11.37588,44.64284],[11.37604,44.64281]]},"properties":{}},{"type":"Feature","geometry":{"type":"LineString","coordinates":[[11.37578,44.64256],[11.37593,44.64274],[11.37604,44.64281]]},"properties":{}},{"type":"Feature","geometry":{"type":"LineString","coordinates":[[11.37612,44.59441],[11.37593,44.59432],[11.37584,44.59423],[11.37579,44.59411]]},"properties":{}},{"type":"Feature","geometry":{"type":"LineString","coordinates":[[11.37579,44.59411],[11.37567,44.59383],[11.37441,44.59218],[11.37427,44.59203],[11.37398,44.59192],[11.37383,44.59178],[11.3738,44.59165],[11.37391,44.59147],[11.37387,44.59128],[11.3719,44.58868],[11.38372,44.58457],[11.38398,44.58457],[11.38415,44.58465],[11.38425,44.58475],[11.38427,44.58483],[11.38415,44.58506],[11.38403,44.58514],[11.37529,44.58815],[11.3752,44.58822],[11.37521,44.58828],[11.37597,44.5894],[11.37599,44.58951],[11.37583,44.58952],[11.37332,44.5904],[11.37392,44.59119],[11.37405,44.59132],[11.37419,44.59137],[11.37439,44.5914],[11.37447,44.59144],[11.3746,44.59155],[11.37463,44.59162],[11.37462,44.59176],[11.37447,44.59195],[11.3745,44.59213],[11.37579,44.59382],[11.37612,44.59415],[11.37616,44.59432],[11.37615,44.59441]]},"properties":{}},{"type":"Feature","geometry":{"type":"LineString","coordinates":[[11.37581,44.58909],[11.37587,44.58917]]},"properties":{}},{"type":"Feature","geometry":{"type":"LineString","coordinates":[[11.37621,44.6431],[11.37608,44.64317],[11.37593,44.64317]]},"properties":{}},{"type":"Feature","geometry":{"type":"LineString","coordinates":[[11.37619,44.64341],[11.37604,44.64324],[11.37593,44.64317]]},"properties":{}},{"type":"Feature","geometry":{"type":"LineString","coordinates":[[11.37604,44.64281],[11.37616,44.64285],[11.37623,44.64291],[11.37625,44.64302],[11.37621,44.6431]]},"properties":{}},{"type":"Feature","geometry":{"type":"LineString","coordinates":[[11.37615,44.59441],[11.37612,44.59441]]},"properties":{}},{"type":"Feature","geometry":{"type":"LineString","coordinates":[[11.37927,44.59481],[11.37978,44.59458],[11.37999,44.59438],[11.38003,44.59429],[11.38004,44.59413],[11.37997,44.59393],[11.37984,44.59383],[11.3796,44.59374],[11.37932,44.59372],[11.37851,44.59384],[11.37763,44.594],[11.37669,44.59422],[11.37615,44.59441]]},"properties":{}},{"type":"Feature","geometry":{"type":"LineString","coordinates":[[11.37716,44.65088],[11.37692,44.64992],[11.37677,44.64948],[11.37617,44.64818],[11.37823,44.64757],[11.37619,44.64341]]},"properties":{}},{"type":"Feature","geometry":{"type":"LineString","coordinates":[[11.37621,44.6431],[11.37617,44.64329],[11.37619,44.64341]]},"properties":{}},{"type":"Feature","geometry":{"type":"LineString","coordinates":[[11.37628,44.50739],[11.3764,44.50744],[11.37705,44.50795],[11.37736,44.50811],[11.3809,44.50964]]},"properties":{}},{"type":"Feature","geometry":{"type":"LineString","coordinates":[[11.38086,44.50972],[11.37719,44.50817],[11.3767,44.50785],[11.37649,44.50767],[11.37628,44.50739]]},"properties":{}},{"type":"Feature","geometry":{"type":"LineString","coordinates":[[11.39473,44.79334],[11.39323,44.79281],[11.39281,44.79274],[11.39211,44.79269],[11.38737,44.79245],[11.38607,44.7925],[11.38403,44.7925],[11.38367,44.79252],[11.38339,44.7926],[11.38304,44.79279],[11.38228,44.79345],[11.38205,44.79362],[11.3798,44.79465],[11.37719,44.79574],[11.37704,44.79585],[11.37695,44.79601],[11.37694,44.79611],[11.37687,44.7962],[11.37667,44.79627],[11.3765,44.79624]]},"properties":{}},{"type":"Feature","geometry":{"type":"LineString","coordinates":[[11.37692,44.58764],[11.37676,44.5877]]},"properties":{}},{"type":"Feature","geometry":{"type":"LineString","coordinates":[[11.37702,44.65036],[11.37699,44.65025]]},"properties":{}},{"type":"Feature","geometry":{"type":"LineString","coordinates":[[11.37715,44.64547],[11.37711,44.64538]]},"properties":{}},{"type":"Feature","geometry":{"type":"LineString","coordinates":[[11.37712,44.65058],[11.37714,44.65071]]},"properties":{}},{"type":"Feature","geometry":{"type":"LineString","coordinates":[[11.37725,44.65102],[11.37717,44.65102],[11.37711,44.65098],[11.3771,44.65092],[11.37716,44.65088]]},"properties":{}},{"type":"Feature","geometry":{"type":"LineString","coordinates":[[11.37716,44.65088],[11.37724,44.65087]]},"properties":{}},{"type":"Feature","geometry":{"type":"LineString","coordinates":[[11.37789,44.59889],[11.37768,44.59876],[11.37722,44.59864]]},"properties":{}},{"type":"Feature","geometry":{"type":"LineString","coordinates":[[11.37722,44.59864],[11.37798,44.5986]]},"properties":{}},{"type":"Feature","geometry":{"type":"LineString","coordinates":[[11.37729,44.65546],[11.37723,44.65533]]},"properties":{}},{"type":"Feature","geometry":{"type":"LineString","coordinates":[[11.37724,44.65087],[11.37762,44.65083]]},"properties":{}},{"type":"Feature","geometry":{"type":"LineString","coordinates":[[11.37724,44.65087],[11.37731,44.65094],[11.37725,44.65102]]},"properties":{}},{"type":"Feature","geometry":{"type":"LineString","coordinates":[[11.37752,44.6514],[11.37758,44.65123],[11.37758,44.65108],[11.37746,44.65101],[11.37725,44.65102]]},"properties":{}},{"type":"Feature","geometry":{"type":"LineString","coordinates":[[11.37726,44.64546],[11.37731,44.64557]]},"properties":{}},{"type":"Feature","geometry":{"type":"LineString","coordinates":[[11.37752,44.6514],[11.37727,44.65177],[11.37711,44.65217],[11.3769,44.65371],[11.3769,44.6542],[11.37697,44.65464],[11.37706,44.65491],[11.37836,44.65754],[11.37914,44.65965],[11.38057,44.66283],[11.38088,44.66417],[11.38109,44.66478],[11.38127,44.66517],[11.38162,44.66579],[11.38276,44.668],[11.38529,44.67141],[11.38564,44.67174],[11.38767,44.67317],[11.38801,44.67344],[11.38853,44.67398],[11.38893,44.6745],[11.38919,44.67493],[11.38958,44.67592],[11.38984,44.67668],[11.39162,44.68086],[11.39185,44.68126],[11.39346,44.68344]]},"properties":{}},{"type":"Feature","geometry":{"type":"LineString","coordinates":[[11.37786,44.65112],[11.37752,44.6514]]},"properties":{}},{"type":"Feature","geometry":{"type":"LineString","coordinates":[[11.37786,44.65112],[11.37773,44.65112],[11.37759,44.65104],[11.37755,44.65096],[11.37762,44.65083]]},"properties":{}},{"type":"Feature","geometry":{"type":"LineString","coordinates":[[11.37762,44.65083],[11.37779,44.65078],[11.37791,44.6508],[11.378,44.65087],[11.37803,44.651],[11.37797,44.65108],[11.37786,44.65112]]},"properties":{}},{"type":"Feature","geometry":{"type":"LineString","coordinates":[[11.37763,44.65594],[11.3777,44.65611]]},"properties":{}},{"type":"Feature","geometry":{"type":"LineString","coordinates":[[11.37803,44.59915],[11.37789,44.59889]]},"properties":{}},{"type":"Feature","geometry":{"type":"LineString","coordinates":[[11.37789,44.59889],[11.3779,44.59874],[11.37798,44.5986]]},"properties":{}},{"type":"Feature","geometry":{"type":"LineString","coordinates":[[11.37798,44.5986],[11.3781,44.59871],[11.37814,44.59884],[11.37803,44.59915]]},"properties":{}},{"type":"Feature","geometry":{"type":"LineString","coordinates":[[11.37798,44.5986],[11.38082,44.5984],[11.38145,44.59822],[11.38217,44.59796],[11.38246,44.59782],[11.38269,44.59765],[11.38282,44.59751],[11.38287,44.59738],[11.38287,44.59706],[11.38271,44.59675],[11.38128,44.59502],[11.38099,44.59476],[11.38066,44.5946],[11.38037,44.59455],[11.38016,44.59457],[11.37927,44.59481]]},"properties":{}},{"type":"Feature","geometry":{"type":"LineString","coordinates":[[11.37803,44.59915],[11.37814,44.59973],[11.37863,44.60092],[11.37882,44.6019]]},"properties":{}},{"type":"Feature","geometry":{"type":"LineString","coordinates":[[11.37828,44.50866],[11.37812,44.50859]]},"properties":{}},{"type":"Feature","geometry":{"type":"LineString","coordinates":[[11.3786,44.50056],[11.37822,44.5]]},"properties":{}},{"type":"Feature","geometry":{"type":"LineString","coordinates":[[11.37826,44.60307],[11.37857,44.60289],[11.37875,44.60266],[11.37883,44.60234],[11.37882,44.6019]]},"properties":{}},{"type":"Feature","geometry":{"type":"LineString","coordinates":[[11.3791,44.6028],[11.37894,44.60294],[11.37845,44.60307],[11.37826,44.60307]]},"properties":{}},{"type":"Feature","geometry":{"type":"LineString","coordinates":[[11.37839,44.50854],[11.37852,44.5086]]},"properties":{}},{"type":"Feature","geometry":{"type":"LineString","coordinates":[[11.37861,44.61507],[11.37848,44.61503],[11.37842,44.61495],[11.37843,44.61485],[11.37848,44.61479]]},"properties":{}},{"type":"Feature","geometry":{"type":"LineString","coordinates":[[11.37848,44.61479],[11.37861,44.61474],[11.37875,44.61476]]},"properties":{}},{"type":"Feature","geometry":{"type":"LineString","coordinates":[[11.37851,44.50071],[11.37852,44.50061]]},"properties":{}},{"type":"Feature","geometry":{"type":"LineString","coordinates":[[11.3786,44.50056],[11.37876,44.50073],[11.37858,44.50086],[11.37857,44.50065],[11.3786,44.50056]]},"properties":{}},{"type":"Feature","geometry":{"type":"LineString","coordinates":[[11.37888,44.61493],[11.37879,44.61504],[11.37861,44.61507]]},"properties":{}},{"type":"Feature","geometry":{"type":"LineString","coordinates":[[11.37888,44.61493],[11.37898,44.61517],[11.38132,44.61918],[11.38144,44.61929],[11.38159,44.61937],[11.38175,44.61939],[11.38203,44.61951],[11.38235,44.61951],[11.38373,44.6191],[11.38389,44.619],[11.38404,44.61883],[11.38414,44.61878],[11.38438,44.61876],[11.38458,44.61887],[11.38463,44.61896],[11.38462,44.61905],[11.38473,44.61926],[11.38604,44.62155],[11.38762,44.62425],[11.38786,44.62459],[11.38808,44.62502],[11.39065,44.62949],[11.39076,44.62962],[11.39099,44.62976],[11.39106,44.62985],[11.39108,44.62991],[11.39103,44.63002],[11.39094,44.63008],[11.38507,44.63183],[11.38384,44.63207],[11.38368,44.63204],[11.38349,44.63186],[11.38224,44.62972],[11.38195,44.62951],[11.38165,44.62937],[11.38157,44.62928],[11.38153,44.62917],[11.38158,44.62895],[11.38158,44.62866],[11.38085,44.6274],[11.38065,44.62714],[11.38063,44.62704],[11.38066,44.62693],[11.38081,44.62681],[11.38095,44.62677],[11.38141,44.62682],[11.38188,44.62675],[11.38588,44.62556],[11.38699,44.62519],[11.38714,44.62509],[11.38729,44.62492],[11.3874,44.62448],[11.38739,44.62421],[11.38736,44.62411],[11.38683,44.62318],[11.38471,44.61953],[11.38458,44.61941],[11.38434,44.61927],[11.38412,44.61921],[11.3839,44.61919],[11.38361,44.61923],[11.38168,44.61981],[11.38148,44.6198],[11.38138,44.61974],[11.3813,44.61961],[11.38133,44.61951],[11.38128,44.61931],[11.37896,44.61531],[11.37881,44.61515],[11.37861,44.61507]]},"properties":{}},{"type":"Feature","geometry":{"type":"LineString","coordinates":[[11.37874,44.58626],[11.37889,44.58621]]},"properties":{}},{"type":"Feature","geometry":{"type":"LineString","coordinates":[[11.37875,44.61476],[11.37885,44.61483],[11.37888,44.61493]]},"properties":{}},{"type":"Feature","geometry":{"type":"LineString","coordinates":[[11.37893,44.58695],[11.37876,44.58701]]},"properties":{}},{"type":"Feature","geometry":{"type":"LineString","coordinates":[[11.37882,44.6019],[11.37893,44.60237],[11.3791,44.6028]]},"properties":{}},{"type":"Feature","geometry":{"type":"LineString","coordinates":[[11.37899,44.65934],[11.37894,44.65923]]},"properties":{}},{"type":"Feature","geometry":{"type":"LineString","coordinates":[[11.3791,44.6028],[11.38088,44.60616],[11.38097,44.60638],[11.38098,44.60656]]},"properties":{}},{"type":"Feature","geometry":{"type":"LineString","coordinates":[[11.37936,44.66003],[11.37942,44.66019]]},"properties":{}},{"type":"Feature","geometry":{"type":"LineString","coordinates":[[11.37986,44.61659],[11.37992,44.6167]]},"properties":{}},{"type":"Feature","geometry":{"type":"LineString","coordinates":[[11.38017,44.52348],[11.38007,44.52354]]},"properties":{}},{"type":"Feature","geometry":{"type":"LineString","coordinates":[[11.3802,44.52339],[11.38028,44.52333]]},"properties":{}},{"type":"Feature","geometry":{"type":"LineString","coordinates":[[11.38035,44.61779],[11.38029,44.61769]]},"properties":{}},{"type":"Feature","geometry":{"type":"LineString","coordinates":[[11.38063,44.62718],[11.38059,44.62712]]},"properties":{}},{"type":"Feature","geometry":{"type":"LineString","coordinates":[[11.38101,44.50979],[11.38086,44.50972]]},"properties":{}},{"type":"Feature","geometry":{"type":"LineString","coordinates":[[11.38086,44.50972],[11.3809,44.50964]]},"properties":{}},{"type":"Feature","geometry":{"type":"LineString","coordinates":[[11.3809,44.50964],[11.38105,44.50971]]},"properties":{}},{"type":"Feature","geometry":{"type":"LineString","coordinates":[[11.3809,44.50964],[11.38117,44.50885],[11.38128,44.50829],[11.38138,44.5064],[11.38149,44.50558],[11.38161,44.50504],[11.38191,44.50422],[11.38222,44.50366],[11.38267,44.50302],[11.38532,44.5]]},"properties":{}},{"type":"Feature","geometry":{"type":"LineString","coordinates":[[11.38098,44.60656],[11.38104,44.60671],[11.38115,44.60682],[11.38116,44.60696],[11.38121,44.60709]]},"properties":{}},{"type":"Feature","geometry":{"type":"LineString","coordinates":[[11.38121,44.60709],[11.38086,44.60697],[11.38078,44.60688],[11.38079,44.60681],[11.38098,44.60656]]},"properties":{}},{"type":"Feature","geometry":{"type":"LineString","coordinates":[[11.38283,44.5106],[11.38101,44.50979]]},"properties":{}},{"type":"Feature","geometry":{"type":"LineString","coordinates":[[11.38105,44.50971],[11.38101,44.50979]]},"properties":{}},{"type":"Feature","geometry":{"type":"LineString","coordinates":[[11.38105,44.50971],[11.3829,44.51054]]},"properties":{}},{"type":"Feature","geometry":{"type":"LineString","coordinates":[[11.38552,44.5],[11.38283,44.50307],[11.38238,44.50369],[11.38207,44.50427],[11.3818,44.50502],[11.38164,44.50581],[11.38157,44.50641],[11.38149,44.50793],[11.3814,44.5086],[11.38123,44.50925],[11.38105,44.50971]]},"properties":{}},{"type":"Feature","geometry":{"type":"LineString","coordinates":[[11.38106,44.51924],[11.38107,44.51916]]},"properties":{}},{"type":"Feature","geometry":{"type":"LineString","coordinates":[[11.38113,44.51939],[11.38113,44.51947]]},"properties":{}},{"type":"Feature","geometry":{"type":"LineString","coordinates":[[11.38126,44.52651],[11.38117,44.52644]]},"properties":{}},{"type":"Feature","geometry":{"type":"LineString","coordinates":[[11.38121,44.60709],[11.38135,44.60728],[11.38163,44.60789],[11.38196,44.60875],[11.38197,44.60916],[11.38184,44.61024],[11.38174,44.61054],[11.38171,44.61077],[11.38172,44.61128],[11.3817,44.61191],[11.38177,44.61208],[11.38229,44.61254],[11.38303,44.61349],[11.38335,44.61409],[11.38409,44.61505],[11.38442,44.61565],[11.38457,44.61572],[11.38506,44.61566],[11.38531,44.61573],[11.38688,44.61741],[11.38717,44.61769],[11.38798,44.61833],[11.38844,44.61903],[11.38902,44.62023],[11.38922,44.62055],[11.39132,44.62255],[11.39201,44.62313],[11.39215,44.62331],[11.39266,44.62419],[11.39292,44.62456],[11.39317,44.62485],[11.39363,44.62525],[11.39424,44.62623],[11.39451,44.62656],[11.39528,44.62761],[11.3955,44.6278],[11.39568,44.62785],[11.39677,44.62752],[11.39693,44.6275],[11.39705,44.62754],[11.3985,44.62989],[11.40022,44.6325],[11.40362,44.63798],[11.40362,44.63814],[11.40348,44.63832],[11.40344,44.63843],[11.40344,44.63851],[11.40354,44.63867],[11.40368,44.63876]]},"properties":{}},{"type":"Feature","geometry":{"type":"LineString","coordinates":[[11.38131,44.52648],[11.38139,44.52656]]},"properties":{}},{"type":"Feature","geometry":{"type":"LineString","coordinates":[[11.38144,44.60752],[11.38139,44.60742]]},"properties":{}},{"type":"Feature","geometry":{"type":"LineString","coordinates":[[11.38149,44.60752],[11.38154,44.60762]]},"properties":{}},{"type":"Feature","geometry":{"type":"LineString","coordinates":[[11.38172,44.66607],[11.38164,44.6659]]},"properties":{}},{"type":"Feature","geometry":{"type":"LineString","coordinates":[[11.38165,44.66572],[11.3817,44.66586]]},"properties":{}},{"type":"Feature","geometry":{"type":"LineString","coordinates":[[11.38183,44.61018],[11.38183,44.61007]]},"properties":{}},{"type":"Feature","geometry":{"type":"LineString","coordinates":[[11.38201,44.59596],[11.38188,44.59581]]},"properties":{}},{"type":"Feature","geometry":{"type":"LineString","coordinates":[[11.38191,44.60998],[11.38189,44.61009]]},"properties":{}},{"type":"Feature","geometry":{"type":"LineString","coordinates":[[11.38194,44.58516],[11.38208,44.58511]]},"properties":{}},{"type":"Feature","geometry":{"type":"LineString","coordinates":[[11.38196,44.51681],[11.38196,44.51671]]},"properties":{}},{"type":"Feature","geometry":{"type":"LineString","coordinates":[[11.38201,44.51692],[11.38201,44.51704]]},"properties":{}},{"type":"Feature","geometry":{"type":"LineString","coordinates":[[11.3822,44.62658],[11.38243,44.62651]]},"properties":{}},{"type":"Feature","geometry":{"type":"LineString","coordinates":[[11.38237,44.63003],[11.38232,44.62996]]},"properties":{}},{"type":"Feature","geometry":{"type":"LineString","coordinates":[[11.38298,44.58554],[11.38283,44.58559]]},"properties":{}},{"type":"Feature","geometry":{"type":"LineString","coordinates":[[11.38435,44.51148],[11.38283,44.5106]]},"properties":{}},{"type":"Feature","geometry":{"type":"LineString","coordinates":[[11.38283,44.5106],[11.3829,44.51054]]},"properties":{}},{"type":"Feature","geometry":{"type":"LineString","coordinates":[[11.3829,44.51054],[11.38355,44.51088],[11.38447,44.51144]]},"properties":{}},{"type":"Feature","geometry":{"type":"LineString","coordinates":[[11.3829,44.51054],[11.38403,44.50962],[11.38488,44.50919],[11.3854,44.50898],[11.38631,44.50854],[11.38862,44.50803],[11.38863,44.50782]]},"properties":{}},{"type":"Feature","geometry":{"type":"LineString","coordinates":[[11.38341,44.51009],[11.38359,44.50994]]},"properties":{}},{"type":"Feature","geometry":{"type":"LineString","coordinates":[[11.38398,44.5122],[11.38403,44.5121]]},"properties":{}},{"type":"Feature","geometry":{"type":"LineString","coordinates":[[11.38398,44.61487],[11.38405,44.61496]]},"properties":{}},{"type":"Feature","geometry":{"type":"LineString","coordinates":[[11.38401,44.51113],[11.38426,44.51127]]},"properties":{}},{"type":"Feature","geometry":{"type":"LineString","coordinates":[[11.38414,44.61519],[11.38408,44.61508]]},"properties":{}},{"type":"Feature","geometry":{"type":"LineString","coordinates":[[11.38413,44.51204],[11.38409,44.51214]]},"properties":{}},{"type":"Feature","geometry":{"type":"LineString","coordinates":[[11.38427,44.51165],[11.38396,44.51234],[11.38381,44.5125],[11.38221,44.51327],[11.38213,44.51336],[11.38213,44.51351],[11.38242,44.51413],[11.38241,44.51428],[11.38225,44.51463],[11.38217,44.51526],[11.38202,44.51568],[11.38191,44.51613],[11.382,44.51664],[11.38196,44.5171],[11.38212,44.51757],[11.38213,44.5177],[11.38195,44.51797],[11.38118,44.51876],[11.38114,44.51883],[11.3811,44.51909],[11.38109,44.52014],[11.38091,44.52096],[11.38096,44.52144],[11.38114,44.5219],[11.38113,44.5221],[11.38089,44.52253],[11.38079,44.52288],[11.38067,44.52309],[11.37988,44.52366],[11.3795,44.52416],[11.37911,44.52454],[11.37908,44.52465],[11.37919,44.52477],[11.38068,44.52597],[11.38406,44.52901],[11.38492,44.53008],[11.38646,44.53119],[11.38743,44.53193],[11.38788,44.53236],[11.38896,44.53352],[11.39055,44.53547],[11.392,44.53732],[11.39303,44.53882],[11.39354,44.53963],[11.39391,44.54035],[11.39437,44.54135],[11.39506,44.54249]]},"properties":{}},{"type":"Feature","geometry":{"type":"LineString","coordinates":[[11.38427,44.51165],[11.38435,44.51148]]},"properties":{}},{"type":"Feature","geometry":{"type":"LineString","coordinates":[[11.38444,44.51153],[11.38427,44.51165]]},"properties":{}},{"type":"Feature","geometry":{"type":"LineString","coordinates":[[11.38444,44.51153],[11.38435,44.51148]]},"properties":{}},{"type":"Feature","geometry":{"type":"LineString","coordinates":[[11.38625,44.51264],[11.38444,44.51153]]},"properties":{}},{"type":"Feature","geometry":{"type":"LineString","coordinates":[[11.38447,44.51144],[11.38444,44.51153]]},"properties":{}},{"type":"Feature","geometry":{"type":"LineString","coordinates":[[11.38447,44.51144],[11.38607,44.5124]]},"properties":{}},{"type":"Feature","geometry":{"type":"LineString","coordinates":[[11.38514,44.512],[11.38494,44.51188]]},"properties":{}},{"type":"Feature","geometry":{"type":"LineString","coordinates":[[11.38501,44.62018],[11.38495,44.62006]]},"properties":{}},{"type":"Feature","geometry":{"type":"LineString","coordinates":[[11.38497,44.61953],[11.38504,44.61967]]},"properties":{}},{"type":"Feature","geometry":{"type":"LineString","coordinates":[[11.38497,44.62575],[11.38516,44.6257]]},"properties":{}},{"type":"Feature","geometry":{"type":"LineString","coordinates":[[11.38607,44.5124],[11.38641,44.51243],[11.38667,44.51239]]},"properties":{}},{"type":"Feature","geometry":{"type":"LineString","coordinates":[[11.38607,44.5124],[11.38632,44.51257]]},"properties":{}},{"type":"Feature","geometry":{"type":"LineString","coordinates":[[11.38693,44.51302],[11.38625,44.51264]]},"properties":{}},{"type":"Feature","geometry":{"type":"LineString","coordinates":[[11.38632,44.51257],[11.38625,44.51264]]},"properties":{}},{"type":"Feature","geometry":{"type":"LineString","coordinates":[[11.38632,44.51257],[11.38693,44.51302]]},"properties":{}},{"type":"Feature","geometry":{"type":"LineString","coordinates":[[11.38667,44.51239],[11.38632,44.51257]]},"properties":{}},{"type":"Feature","geometry":{"type":"LineString","coordinates":[[11.38635,44.67221],[11.38647,44.67231]]},"properties":{}},{"type":"Feature","geometry":{"type":"LineString","coordinates":[[11.38655,44.67242],[11.38637,44.6723]]},"properties":{}},{"type":"Feature","geometry":{"type":"LineString","coordinates":[[11.39073,44.51146],[11.38667,44.51239]]},"properties":{}},{"type":"Feature","geometry":{"type":"LineString","coordinates":[[11.38693,44.51302],[11.38939,44.51448]]},"properties":{}},{"type":"Feature","geometry":{"type":"LineString","coordinates":[[11.38703,44.62366],[11.38696,44.62351]]},"properties":{}},{"type":"Feature","geometry":{"type":"LineString","coordinates":[[11.38746,44.63115],[11.38734,44.63119]]},"properties":{}},{"type":"Feature","geometry":{"type":"LineString","coordinates":[[11.38734,44.62365],[11.38742,44.62379]]},"properties":{}},{"type":"Feature","geometry":{"type":"LineString","coordinates":[[11.38766,44.53227],[11.38758,44.53218]]},"properties":{}},{"type":"Feature","geometry":{"type":"LineString","coordinates":[[11.38852,44.50783],[11.38845,44.50771]]},"properties":{}},{"type":"Feature","geometry":{"type":"LineString","coordinates":[[11.38845,44.53291],[11.38851,44.53297]]},"properties":{}},{"type":"Feature","geometry":{"type":"LineString","coordinates":[[11.38863,44.50782],[11.38878,44.50794],[11.38888,44.50798],[11.39105,44.50751],[11.39126,44.5075],[11.39142,44.50757],[11.39148,44.50763],[11.39193,44.50834],[11.39206,44.50845],[11.39215,44.50848],[11.39236,44.50849],[11.39293,44.50832],[11.3942,44.50826]]},"properties":{}},{"type":"Feature","geometry":{"type":"LineString","coordinates":[[11.38863,44.50782],[11.38835,44.50733],[11.38834,44.50714],[11.38896,44.50464]]},"properties":{}},{"type":"Feature","geometry":{"type":"LineString","coordinates":[[11.38875,44.61958],[11.38879,44.61967]]},"properties":{}},{"type":"Feature","geometry":{"type":"LineString","coordinates":[[11.38897,44.62017],[11.38894,44.62011]]},"properties":{}},{"type":"Feature","geometry":{"type":"LineString","coordinates":[[11.38896,44.50464],[11.38893,44.50436],[11.38884,44.50429],[11.38881,44.50416],[11.38885,44.50407],[11.38894,44.50401],[11.38913,44.50398],[11.38926,44.50402],[11.38937,44.50414],[11.38954,44.50419],[11.39489,44.50477],[11.39622,44.50485],[11.3968,44.50486],[11.39696,44.50482]]},"properties":{}},{"type":"Feature","geometry":{"type":"LineString","coordinates":[[11.39696,44.50497],[11.39504,44.50487],[11.38956,44.50428],[11.38932,44.50431],[11.38914,44.50439],[11.38896,44.50464]]},"properties":{}},{"type":"Feature","geometry":{"type":"LineString","coordinates":[[11.38929,44.51174],[11.38954,44.51169]]},"properties":{}},{"type":"Feature","geometry":{"type":"LineString","coordinates":[[11.38934,44.50786],[11.38954,44.50783]]},"properties":{}},{"type":"Feature","geometry":{"type":"LineString","coordinates":[[11.38939,44.51448],[11.3921,44.51586]]},"properties":{}},{"type":"Feature","geometry":{"type":"LineString","coordinates":[[11.38939,44.51448],[11.38975,44.51412],[11.39048,44.51448],[11.39115,44.51471],[11.39201,44.51486],[11.39277,44.51487],[11.39324,44.51482],[11.39388,44.51468],[11.39444,44.51447],[11.39491,44.51422],[11.39528,44.51395],[11.39557,44.51368],[11.3959,44.51324],[11.39608,44.51284],[11.39518,44.51244],[11.39493,44.51197],[11.39462,44.51126]]},"properties":{}},{"type":"Feature","geometry":{"type":"LineString","coordinates":[[11.38974,44.55047],[11.39092,44.5522],[11.39931,44.54933]]},"properties":{}},{"type":"Feature","geometry":{"type":"LineString","coordinates":[[11.38974,44.55047],[11.3895,44.55037],[11.38946,44.55029],[11.38954,44.55023],[11.38981,44.55016]]},"properties":{}},{"type":"Feature","geometry":{"type":"LineString","coordinates":[[11.38981,44.55016],[11.38968,44.55026],[11.38974,44.55047]]},"properties":{}},{"type":"Feature","geometry":{"type":"LineString","coordinates":[[11.39004,44.51167],[11.38977,44.51173]]},"properties":{}},{"type":"Feature","geometry":{"type":"LineString","coordinates":[[11.38981,44.55016],[11.3958,44.54802],[11.39493,44.54669],[11.39376,44.54462],[11.39289,44.54317],[11.39506,44.54249]]},"properties":{}},{"type":"Feature","geometry":{"type":"LineString","coordinates":[[11.39015,44.51494],[11.38999,44.51486]]},"properties":{}},{"type":"Feature","geometry":{"type":"LineString","coordinates":[[11.39003,44.62828],[11.39008,44.62838]]},"properties":{}},{"type":"Feature","geometry":{"type":"LineString","coordinates":[[11.39024,44.51485],[11.39037,44.51492]]},"properties":{}},{"type":"Feature","geometry":{"type":"LineString","coordinates":[[11.39033,44.55148],[11.3903,44.55143]]},"properties":{}},{"type":"Feature","geometry":{"type":"LineString","coordinates":[[11.39072,44.51461],[11.39045,44.5145]]},"properties":{}},{"type":"Feature","geometry":{"type":"LineString","coordinates":[[11.39057,44.5516],[11.39062,44.55169]]},"properties":{}},{"type":"Feature","geometry":{"type":"LineString","coordinates":[[11.39073,44.54986],[11.39057,44.54992]]},"properties":{}},{"type":"Feature","geometry":{"type":"LineString","coordinates":[[11.39073,44.51146],[11.39083,44.51154],[11.39099,44.5116],[11.39225,44.51179],[11.39462,44.51126]]},"properties":{}},{"type":"Feature","geometry":{"type":"LineString","coordinates":[[11.39241,44.51099],[11.39171,44.51123],[11.39073,44.51146]]},"properties":{}},{"type":"Feature","geometry":{"type":"LineString","coordinates":[[11.39075,44.54977],[11.39091,44.54972]]},"properties":{}},{"type":"Feature","geometry":{"type":"LineString","coordinates":[[11.39117,44.68002],[11.39111,44.67989]]},"properties":{}},{"type":"Feature","geometry":{"type":"LineString","coordinates":[[11.39121,44.67979],[11.39125,44.67988]]},"properties":{}},{"type":"Feature","geometry":{"type":"LineString","coordinates":[[11.39145,44.50452],[11.39124,44.5045]]},"properties":{}},{"type":"Feature","geometry":{"type":"LineString","coordinates":[[11.39159,44.50438],[11.39179,44.5044]]},"properties":{}},{"type":"Feature","geometry":{"type":"LineString","coordinates":[[11.39165,44.50783],[11.39176,44.508]]},"properties":{}},{"type":"Feature","geometry":{"type":"LineString","coordinates":[[11.39173,44.74994],[11.39169,44.74987]]},"properties":{}},{"type":"Feature","geometry":{"type":"LineString","coordinates":[[11.39188,44.75003],[11.39191,44.7501]]},"properties":{}},{"type":"Feature","geometry":{"type":"LineString","coordinates":[[11.3921,44.51586],[11.39246,44.51596],[11.39284,44.51595]]},"properties":{}},{"type":"Feature","geometry":{"type":"LineString","coordinates":[[11.39246,44.51632],[11.3924,44.51613],[11.39234,44.51605],[11.3921,44.51586]]},"properties":{}},{"type":"Feature","geometry":{"type":"LineString","coordinates":[[11.39241,44.51099],[11.39248,44.51091],[11.39257,44.51057],[11.3928,44.51009],[11.39389,44.50882],[11.39401,44.5087],[11.39426,44.50855]]},"properties":{}},{"type":"Feature","geometry":{"type":"LineString","coordinates":[[11.39618,44.51089],[11.3959,44.51017],[11.39523,44.51046],[11.39347,44.51087],[11.39294,44.51095],[11.39241,44.51099]]},"properties":{}},{"type":"Feature","geometry":{"type":"LineString","coordinates":[[11.3935,44.51684],[11.39311,44.5169],[11.39284,44.51685],[11.3927,44.51678],[11.39252,44.51661],[11.39246,44.51643],[11.39246,44.51632]]},"properties":{}},{"type":"Feature","geometry":{"type":"LineString","coordinates":[[11.39246,44.51632],[11.39255,44.51615],[11.39262,44.51607],[11.39284,44.51595]]},"properties":{}},{"type":"Feature","geometry":{"type":"LineString","coordinates":[[11.39281,44.62435],[11.39289,44.62445]]},"properties":{}},{"type":"Feature","geometry":{"type":"LineString","coordinates":[[11.39289,44.62456],[11.39284,44.62449]]},"properties":{}},{"type":"Feature","geometry":{"type":"LineString","coordinates":[[11.39284,44.51595],[11.39307,44.5159],[11.39333,44.51591]]},"properties":{}},{"type":"Feature","geometry":{"type":"LineString","coordinates":[[11.39318,44.53911],[11.39311,44.539]]},"properties":{}},{"type":"Feature","geometry":{"type":"LineString","coordinates":[[11.39327,44.50943],[11.39341,44.50926]]},"properties":{}},{"type":"Feature","geometry":{"type":"LineString","coordinates":[[11.3933,44.5392],[11.39337,44.53931]]},"properties":{}},{"type":"Feature","geometry":{"type":"LineString","coordinates":[[11.39333,44.51591],[11.39379,44.51591],[11.39485,44.5158],[11.39894,44.51571],[11.39923,44.51557]]},"properties":{}},{"type":"Feature","geometry":{"type":"LineString","coordinates":[[11.39333,44.51591],[11.39356,44.51598],[11.39376,44.51613],[11.39385,44.51632],[11.39385,44.51651]]},"properties":{}},{"type":"Feature","geometry":{"type":"LineString","coordinates":[[11.39346,44.68344],[11.39358,44.68359],[11.39386,44.68377],[11.39414,44.68387],[11.39499,44.68396],[11.3952,44.68406],[11.39535,44.68424],[11.39715,44.68696],[11.3973,44.68723],[11.39731,44.68743],[11.39714,44.68789]]},"properties":{}},{"type":"Feature","geometry":{"type":"LineString","coordinates":[[11.39618,44.68787],[11.39611,44.6877],[11.39597,44.68754],[11.39475,44.68667],[11.39466,44.6865],[11.39463,44.68629],[11.39489,44.68578],[11.39484,44.68554],[11.3937,44.68408],[11.39346,44.68344]]},"properties":{}},{"type":"Feature","geometry":{"type":"LineString","coordinates":[[11.39385,44.51651],[11.3937,44.51672],[11.3935,44.51684]]},"properties":{}},{"type":"Feature","geometry":{"type":"LineString","coordinates":[[11.39416,44.51692],[11.39391,44.51684],[11.3935,44.51684]]},"properties":{}},{"type":"Feature","geometry":{"type":"LineString","coordinates":[[11.39383,44.5429],[11.39361,44.54297]]},"properties":{}},{"type":"Feature","geometry":{"type":"LineString","coordinates":[[11.39378,44.54284],[11.39398,44.54278]]},"properties":{}},{"type":"Feature","geometry":{"type":"LineString","coordinates":[[11.39396,44.74844],[11.39384,44.7485]]},"properties":{}},{"type":"Feature","geometry":{"type":"LineString","coordinates":[[11.39385,44.51651],[11.39392,44.5167],[11.39416,44.51692]]},"properties":{}},{"type":"Feature","geometry":{"type":"LineString","coordinates":[[11.39391,44.74841],[11.39401,44.74836]]},"properties":{}},{"type":"Feature","geometry":{"type":"LineString","coordinates":[[11.394,44.54495],[11.39404,44.54503]]},"properties":{}},{"type":"Feature","geometry":{"type":"LineString","coordinates":[[11.39408,44.54533],[11.39403,44.54524]]},"properties":{}},{"type":"Feature","geometry":{"type":"LineString","coordinates":[[11.40458,44.52171],[11.40387,44.52131],[11.40196,44.52034],[11.39999,44.51984],[11.3997,44.51974],[11.39696,44.5184],[11.39416,44.51692]]},"properties":{}},{"type":"Feature","geometry":{"type":"LineString","coordinates":[[11.3942,44.50826],[11.39426,44.50855]]},"properties":{}},{"type":"Feature","geometry":{"type":"LineString","coordinates":[[11.3942,44.50826],[11.39555,44.5082],[11.39648,44.5083]]},"properties":{}},{"type":"Feature","geometry":{"type":"LineString","coordinates":[[11.39423,44.55104],[11.39438,44.55099]]},"properties":{}},{"type":"Feature","geometry":{"type":"LineString","coordinates":[[11.39426,44.50855],[11.39468,44.50844],[11.39542,44.50839],[11.39747,44.50864],[11.39773,44.5087],[11.39934,44.50928],[11.39966,44.50943],[11.39982,44.50961],[11.39986,44.51065]]},"properties":{}},{"type":"Feature","geometry":{"type":"LineString","coordinates":[[11.39443,44.55106],[11.39427,44.55111]]},"properties":{}},{"type":"Feature","geometry":{"type":"LineString","coordinates":[[11.39455,44.50842],[11.39481,44.50837]]},"properties":{}},{"type":"Feature","geometry":{"type":"LineString","coordinates":[[11.39462,44.51126],[11.39618,44.51089]]},"properties":{}},{"type":"Feature","geometry":{"type":"LineString","coordinates":[[11.39496,44.5049],[11.39469,44.50488]]},"properties":{}},{"type":"Feature","geometry":{"type":"LineString","coordinates":[[11.39473,44.79334],[11.39707,44.79412],[11.39742,44.79428],[11.39914,44.79524],[11.40464,44.79957],[11.405,44.7998],[11.40529,44.79991],[11.40574,44.79998],[11.40988,44.8001],[11.41023,44.80017],[11.41244,44.80088],[11.41362,44.80132],[11.41488,44.80186],[11.41511,44.80202],[11.41512,44.8021],[11.41522,44.80218],[11.41535,44.8022],[11.41545,44.80217],[11.41575,44.80223],[11.42169,44.80466],[11.43422,44.81068],[11.44195,44.81449],[11.45315,44.81977],[11.45378,44.82017],[11.46107,44.82616],[11.46294,44.8275],[11.46679,44.83001],[11.47152,44.83271],[11.47178,44.83279],[11.47201,44.83291],[11.47328,44.83345],[11.47637,44.83456],[11.47726,44.83493],[11.47917,44.83592],[11.48207,44.83768],[11.48342,44.83833],[11.48473,44.83885],[11.48618,44.8393],[11.48704,44.83951],[11.48923,44.83993],[11.49035,44.84003],[11.49104,44.84006],[11.49421,44.84009],[11.49687,44.83987],[11.49958,44.83971],[11.49973,44.83975],[11.49987,44.83986],[11.49991,44.84],[11.5,44.84054]]},"properties":{}},{"type":"Feature","geometry":{"type":"LineString","coordinates":[[11.42673,44.77744],[11.41753,44.77241],[11.41739,44.77236],[11.41726,44.7724],[11.41702,44.7726],[11.41365,44.77602],[11.41044,44.77909],[11.40946,44.77968],[11.40631,44.78204],[11.40576,44.78275],[11.40278,44.78557],[11.40159,44.78677],[11.39783,44.79037],[11.39731,44.79071],[11.39662,44.79107],[11.39655,44.79117],[11.39647,44.79158],[11.39638,44.79172],[11.39473,44.79334]]},"properties":{}},{"type":"Feature","geometry":{"type":"LineString","coordinates":[[11.39514,44.54827],[11.39498,44.54833]]},"properties":{}},{"type":"Feature","geometry":{"type":"LineString","coordinates":[[11.39505,44.54822],[11.39531,44.54813]]},"properties":{}},{"type":"Feature","geometry":{"type":"LineString","coordinates":[[11.39931,44.54933],[11.39741,44.54645],[11.39506,44.54249]]},"properties":{}},{"type":"Feature","geometry":{"type":"LineString","coordinates":[[11.39509,44.50474],[11.39537,44.50477]]},"properties":{}},{"type":"Feature","geometry":{"type":"LineString","coordinates":[[11.39526,44.50026],[11.39512,44.50004]]},"properties":{}},{"type":"Feature","geometry":{"type":"LineString","coordinates":[[11.39523,44.54287],[11.39515,44.54274]]},"properties":{}},{"type":"Feature","geometry":{"type":"LineString","coordinates":[[11.39571,44.50087],[11.39517,44.5]]},"properties":{}},{"type":"Feature","geometry":{"type":"LineString","coordinates":[[11.39533,44.50817],[11.39546,44.50817]]},"properties":{}},{"type":"Feature","geometry":{"type":"LineString","coordinates":[[11.39575,44.51104],[11.39537,44.51113]]},"properties":{}},{"type":"Feature","geometry":{"type":"LineString","coordinates":[[11.3954,44.543],[11.39549,44.54315]]},"properties":{}},{"type":"Feature","geometry":{"type":"LineString","coordinates":[[11.39555,44.51377],[11.39542,44.51389]]},"properties":{}},{"type":"Feature","geometry":{"type":"LineString","coordinates":[[11.39546,44.50033],[11.39557,44.50052]]},"properties":{}},{"type":"Feature","geometry":{"type":"LineString","coordinates":[[11.39731,44.5043],[11.39729,44.50358],[11.39715,44.50311],[11.39571,44.50087]]},"properties":{}},{"type":"Feature","geometry":{"type":"LineString","coordinates":[[11.39571,44.50087],[11.39664,44.50074],[11.39796,44.50038]]},"properties":{}},{"type":"Feature","geometry":{"type":"LineString","coordinates":[[11.39603,44.51059],[11.39595,44.51039]]},"properties":{}},{"type":"Feature","geometry":{"type":"LineString","coordinates":[[11.39677,44.68839],[11.39646,44.68837],[11.39631,44.6883],[11.39621,44.68821],[11.39615,44.6881],[11.39614,44.68799],[11.39618,44.68787]]},"properties":{}},{"type":"Feature","geometry":{"type":"LineString","coordinates":[[11.39618,44.68787],[11.39637,44.68771],[11.39666,44.68765],[11.39694,44.68771],[11.39706,44.68779],[11.39714,44.68789]]},"properties":{}},{"type":"Feature","geometry":{"type":"LineString","coordinates":[[11.39618,44.51089],[11.39715,44.51067],[11.39723,44.51073],[11.39779,44.5108],[11.39873,44.51075],[11.39967,44.51063],[11.39986,44.51065]]},"properties":{}},{"type":"Feature","geometry":{"type":"LineString","coordinates":[[11.39638,44.50204],[11.39627,44.50188]]},"properties":{}},{"type":"Feature","geometry":{"type":"LineString","coordinates":[[11.39628,44.51798],[11.39646,44.51808]]},"properties":{}},{"type":"Feature","geometry":{"type":"LineString","coordinates":[[11.39662,44.51825],[11.39647,44.51817]]},"properties":{}},{"type":"Feature","geometry":{"type":"LineString","coordinates":[[11.39648,44.5083],[11.39771,44.50848],[11.39975,44.50917],[11.40133,44.5094],[11.40137,44.50957],[11.40179,44.51024],[11.40212,44.51106],[11.40243,44.51159]]},"properties":{}},{"type":"Feature","geometry":{"type":"LineString","coordinates":[[11.39648,44.5083],[11.39644,44.50824],[11.39644,44.50817],[11.39683,44.50667],[11.39694,44.50641]]},"properties":{}},{"type":"Feature","geometry":{"type":"LineString","coordinates":[[11.39694,44.50641],[11.39692,44.50668],[11.39657,44.50819],[11.39648,44.5083]]},"properties":{}},{"type":"Feature","geometry":{"type":"LineString","coordinates":[[11.39654,44.50773],[11.39656,44.50763]]},"properties":{}},{"type":"Feature","geometry":{"type":"LineString","coordinates":[[11.39669,44.50781],[11.39666,44.50793]]},"properties":{}},{"type":"Feature","geometry":{"type":"LineString","coordinates":[[11.39669,44.50226],[11.39679,44.50242]]},"properties":{}},{"type":"Feature","geometry":{"type":"LineString","coordinates":[[11.39712,44.68857],[11.39695,44.68846],[11.39677,44.68839]]},"properties":{}},{"type":"Feature","geometry":{"type":"LineString","coordinates":[[11.39704,44.68828],[11.39677,44.68839]]},"properties":{}},{"type":"Feature","geometry":{"type":"LineString","coordinates":[[11.39683,44.7571],[11.39689,44.7572]]},"properties":{}},{"type":"Feature","geometry":{"type":"LineString","coordinates":[[11.39719,44.50541],[11.39694,44.50641]]},"properties":{}},{"type":"Feature","geometry":{"type":"LineString","coordinates":[[11.3971,44.50509],[11.39696,44.50497]]},"properties":{}},{"type":"Feature","geometry":{"type":"LineString","coordinates":[[11.39696,44.50497],[11.39696,44.50482]]},"properties":{}},{"type":"Feature","geometry":{"type":"LineString","coordinates":[[11.39696,44.50482],[11.39703,44.50474],[11.39714,44.50469]]},"properties":{}},{"type":"Feature","geometry":{"type":"LineString","coordinates":[[11.39704,44.68828],[11.39712,44.68857]]},"properties":{}},{"type":"Feature","geometry":{"type":"LineString","coordinates":[[11.39714,44.68789],[11.39718,44.68799],[11.39717,44.6881],[11.39704,44.68828]]},"properties":{}},{"type":"Feature","geometry":{"type":"LineString","coordinates":[[11.39737,44.5051],[11.39723,44.50512],[11.3971,44.50509]]},"properties":{}},{"type":"Feature","geometry":{"type":"LineString","coordinates":[[11.39719,44.50541],[11.39717,44.50519],[11.3971,44.50509]]},"properties":{}},{"type":"Feature","geometry":{"type":"LineString","coordinates":[[11.39712,44.68857],[11.39816,44.69055],[11.39926,44.69236],[11.40007,44.69363],[11.40119,44.6957],[11.40176,44.69686],[11.40296,44.699]]},"properties":{}},{"type":"Feature","geometry":{"type":"LineString","coordinates":[[11.39714,44.50469],[11.39721,44.5046],[11.39731,44.5043]]},"properties":{}},{"type":"Feature","geometry":{"type":"LineString","coordinates":[[11.39714,44.50469],[11.39735,44.50469]]},"properties":{}},{"type":"Feature","geometry":{"type":"LineString","coordinates":[[11.39718,44.62771],[11.39723,44.62779]]},"properties":{}},{"type":"Feature","geometry":{"type":"LineString","coordinates":[[11.39722,44.6279],[11.39718,44.62782]]},"properties":{}},{"type":"Feature","geometry":{"type":"LineString","coordinates":[[11.39737,44.5051],[11.3973,44.50517],[11.39719,44.50541]]},"properties":{}},{"type":"Feature","geometry":{"type":"LineString","coordinates":[[11.39731,44.5043],[11.39731,44.50461],[11.39735,44.50469]]},"properties":{}},{"type":"Feature","geometry":{"type":"LineString","coordinates":[[11.39735,44.50469],[11.39747,44.50474],[11.39754,44.50482]]},"properties":{}},{"type":"Feature","geometry":{"type":"LineString","coordinates":[[11.39754,44.50482],[11.39756,44.50489],[11.39754,44.50497],[11.39737,44.5051]]},"properties":{}},{"type":"Feature","geometry":{"type":"LineString","coordinates":[[11.39753,44.75831],[11.39746,44.75819]]},"properties":{}},{"type":"Feature","geometry":{"type":"LineString","coordinates":[[11.39754,44.50482],[11.39775,44.50485],[11.40193,44.50482],[11.40257,44.50487],[11.4078,44.5057],[11.41318,44.50702],[11.41334,44.50702],[11.41348,44.50698],[11.41368,44.50681],[11.41386,44.50671],[11.41392,44.50657]]},"properties":{}},{"type":"Feature","geometry":{"type":"LineString","coordinates":[[11.39796,44.50038],[11.39771,44.5]]},"properties":{}},{"type":"Feature","geometry":{"type":"LineString","coordinates":[[11.39822,44.50032],[11.39796,44.50038]]},"properties":{}},{"type":"Feature","geometry":{"type":"LineString","coordinates":[[11.39806,44.54752],[11.39801,44.54743]]},"properties":{}},{"type":"Feature","geometry":{"type":"LineString","coordinates":[[11.39801,44.5],[11.39822,44.50032]]},"properties":{}},{"type":"Feature","geometry":{"type":"LineString","coordinates":[[11.39817,44.54755],[11.39822,44.54763]]},"properties":{}},{"type":"Feature","geometry":{"type":"LineString","coordinates":[[11.39827,44.6909],[11.39819,44.69074]]},"properties":{}},{"type":"Feature","geometry":{"type":"LineString","coordinates":[[11.39822,44.50032],[11.39833,44.50044],[11.39979,44.50271],[11.39994,44.50285],[11.40014,44.50289],[11.40026,44.50288],[11.40192,44.50244],[11.40261,44.50222],[11.40285,44.5022],[11.40318,44.50225]]},"properties":{}},{"type":"Feature","geometry":{"type":"LineString","coordinates":[[11.39847,44.5157],[11.39865,44.5157]]},"properties":{}},{"type":"Feature","geometry":{"type":"LineString","coordinates":[[11.39902,44.63075],[11.39896,44.63065]]},"properties":{}},{"type":"Feature","geometry":{"type":"LineString","coordinates":[[11.39905,44.69191],[11.39914,44.69204]]},"properties":{}},{"type":"Feature","geometry":{"type":"LineString","coordinates":[[11.39911,44.6307],[11.39917,44.63079]]},"properties":{}},{"type":"Feature","geometry":{"type":"LineString","coordinates":[[11.40004,44.51617],[11.39985,44.51622],[11.39963,44.51624],[11.39944,44.5162],[11.39932,44.51614],[11.39921,44.51605],[11.39912,44.5159],[11.39912,44.51575],[11.39923,44.51557]]},"properties":{}},{"type":"Feature","geometry":{"type":"LineString","coordinates":[[11.39923,44.51557],[11.39943,44.51545],[11.39989,44.51531],[11.40012,44.51531],[11.40042,44.51542]]},"properties":{}},{"type":"Feature","geometry":{"type":"LineString","coordinates":[[11.40974,44.56215],[11.40768,44.55876],[11.4069,44.55758],[11.40622,44.55639],[11.40514,44.55465],[11.4043,44.55338],[11.40402,44.55308],[11.40361,44.5528],[11.4025,44.55226],[11.40115,44.55151],[11.40003,44.55022],[11.39931,44.54933]]},"properties":{}},{"type":"Feature","geometry":{"type":"LineString","coordinates":[[11.39951,44.54966],[11.39942,44.54955]]},"properties":{}},{"type":"Feature","geometry":{"type":"LineString","coordinates":[[11.3995,44.50234],[11.39943,44.50223]]},"properties":{}},{"type":"Feature","geometry":{"type":"LineString","coordinates":[[11.39947,44.50212],[11.39955,44.50226]]},"properties":{}},{"type":"Feature","geometry":{"type":"LineString","coordinates":[[11.39954,44.54957],[11.39963,44.54968]]},"properties":{}},{"type":"Feature","geometry":{"type":"LineString","coordinates":[[11.39986,44.51065],[11.40223,44.51163],[11.40243,44.51178]]},"properties":{}},{"type":"Feature","geometry":{"type":"LineString","coordinates":[[11.3999,44.50979],[11.39991,44.50996]]},"properties":{}},{"type":"Feature","geometry":{"type":"LineString","coordinates":[[11.40023,44.74772],[11.40002,44.74776]]},"properties":{}},{"type":"Feature","geometry":{"type":"LineString","coordinates":[[11.40458,44.52171],[11.40611,44.52107],[11.4058,44.52074],[11.4054,44.5205],[11.40396,44.51976],[11.40369,44.51959],[11.40356,44.51947],[11.4025,44.5182],[11.40231,44.51803],[11.40025,44.51692],[11.40003,44.51676],[11.39993,44.51661],[11.3999,44.51643],[11.39995,44.51627],[11.40004,44.51617]]},"properties":{}},{"type":"Feature","geometry":{"type":"LineString","coordinates":[[11.40061,44.51569],[11.40059,44.51585],[11.40049,44.51598],[11.40034,44.51607],[11.40004,44.51617]]},"properties":{}},{"type":"Feature","geometry":{"type":"LineString","coordinates":[[11.40042,44.51542],[11.4007,44.51542],[11.40084,44.51539],[11.40158,44.51514],[11.40186,44.51496],[11.40333,44.51446],[11.40376,44.51438],[11.40979,44.51232],[11.41134,44.51195],[11.41143,44.51189],[11.41154,44.51178],[11.41156,44.51165],[11.41162,44.51156],[11.41202,44.51125],[11.41213,44.51109],[11.4122,44.51084],[11.41202,44.51066]]},"properties":{}},{"type":"Feature","geometry":{"type":"LineString","coordinates":[[11.40042,44.51542],[11.40055,44.51553],[11.40061,44.51569]]},"properties":{}},{"type":"Feature","geometry":{"type":"LineString","coordinates":[[11.41202,44.51066],[11.4123,44.51072],[11.41232,44.51083],[11.41225,44.51102],[11.41228,44.51114],[11.41236,44.5112],[11.41273,44.51129],[11.41319,44.51132],[11.41335,44.51137],[11.41359,44.51154],[11.41366,44.51164],[11.41371,44.51184],[11.41364,44.51205],[11.41354,44.51217],[11.41342,44.51224],[11.41317,44.51234],[11.41241,44.51234],[11.41196,44.51228],[11.41169,44.51213],[11.41144,44.51206],[11.41004,44.51235],[11.40088,44.51548],[11.40076,44.51555],[11.40061,44.51569]]},"properties":{}},{"type":"Feature","geometry":{"type":"LineString","coordinates":[[11.40112,44.52017],[11.40081,44.5201]]},"properties":{}},{"type":"Feature","geometry":{"type":"LineString","coordinates":[[11.40086,44.74749],[11.40096,44.74746]]},"properties":{}},{"type":"Feature","geometry":{"type":"LineString","coordinates":[[11.40112,44.51122],[11.40088,44.51112]]},"properties":{}},{"type":"Feature","geometry":{"type":"LineString","coordinates":[[11.40094,44.70098],[11.40102,44.70111]]},"properties":{}},{"type":"Feature","geometry":{"type":"LineString","coordinates":[[11.40115,44.52008],[11.40133,44.52012]]},"properties":{}},{"type":"Feature","geometry":{"type":"LineString","coordinates":[[11.40124,44.51119],[11.40146,44.51128]]},"properties":{}},{"type":"Feature","geometry":{"type":"LineString","coordinates":[[11.40145,44.55172],[11.40133,44.55165]]},"properties":{}},{"type":"Feature","geometry":{"type":"LineString","coordinates":[[11.40138,44.63445],[11.40134,44.63438]]},"properties":{}},{"type":"Feature","geometry":{"type":"LineString","coordinates":[[11.40141,44.69627],[11.40134,44.69612]]},"properties":{}},{"type":"Feature","geometry":{"type":"LineString","coordinates":[[11.40146,44.51752],[11.40158,44.51757]]},"properties":{}},{"type":"Feature","geometry":{"type":"LineString","coordinates":[[11.40149,44.69612],[11.40155,44.69627]]},"properties":{}},{"type":"Feature","geometry":{"type":"LineString","coordinates":[[11.40162,44.7022],[11.40155,44.7021]]},"properties":{}},{"type":"Feature","geometry":{"type":"LineString","coordinates":[[11.40158,44.6347],[11.40163,44.63478]]},"properties":{}},{"type":"Feature","geometry":{"type":"LineString","coordinates":[[11.40159,44.5025],[11.40185,44.50244]]},"properties":{}},{"type":"Feature","geometry":{"type":"LineString","coordinates":[[11.40159,44.55172],[11.40173,44.5518]]},"properties":{}},{"type":"Feature","geometry":{"type":"LineString","coordinates":[[11.40204,44.50244],[11.4018,44.50251]]},"properties":{}},{"type":"Feature","geometry":{"type":"LineString","coordinates":[[11.40183,44.51493],[11.40217,44.51482]]},"properties":{}},{"type":"Feature","geometry":{"type":"LineString","coordinates":[[11.40266,44.51495],[11.40185,44.51523]]},"properties":{}},{"type":"Feature","geometry":{"type":"LineString","coordinates":[[11.40267,44.51196],[11.40252,44.51193],[11.40243,44.51178]]},"properties":{}},{"type":"Feature","geometry":{"type":"LineString","coordinates":[[11.40243,44.51178],[11.40237,44.51168],[11.40238,44.51162],[11.40243,44.51159]]},"properties":{}},{"type":"Feature","geometry":{"type":"LineString","coordinates":[[11.40243,44.51159],[11.40267,44.51196]]},"properties":{}},{"type":"Feature","geometry":{"type":"LineString","coordinates":[[11.40256,44.69837],[11.40248,44.69821]]},"properties":{}},{"type":"Feature","geometry":{"type":"LineString","coordinates":[[11.40265,44.69832],[11.40272,44.69845]]},"properties":{}},{"type":"Feature","geometry":{"type":"LineString","coordinates":[[11.40267,44.51196],[11.40306,44.51256],[11.40315,44.51261],[11.40323,44.5126],[11.4065,44.51124],[11.40837,44.51063],[11.40934,44.51051],[11.41046,44.51048],[11.41136,44.51056],[11.41202,44.51066]]},"properties":{}},{"type":"Feature","geometry":{"type":"LineString","coordinates":[[11.40282,44.75912],[11.40288,44.75909]]},"properties":{}},{"type":"Feature","geometry":{"type":"LineString","coordinates":[[11.40301,44.69911],[11.40288,44.69911]]},"properties":{}},{"type":"Feature","geometry":{"type":"LineString","coordinates":[[11.40288,44.69911],[11.40164,44.69952],[11.40021,44.69992],[11.40281,44.704],[11.40507,44.70328],[11.40515,44.70347],[11.4052,44.70438],[11.40526,44.70491],[11.40538,44.70547],[11.40552,44.70596],[11.40557,44.70629],[11.40566,44.70757],[11.40574,44.70788],[11.40603,44.70861]]},"properties":{}},{"type":"Feature","geometry":{"type":"LineString","coordinates":[[11.40288,44.69911],[11.40287,44.69903],[11.40296,44.699]]},"properties":{}},{"type":"Feature","geometry":{"type":"LineString","coordinates":[[11.40295,44.7591],[11.40288,44.75913]]},"properties":{}},{"type":"Feature","geometry":{"type":"LineString","coordinates":[[11.40296,44.699],[11.40303,44.69905],[11.40301,44.69911]]},"properties":{}},{"type":"Feature","geometry":{"type":"LineString","coordinates":[[11.40412,44.69742],[11.40517,44.69902],[11.40329,44.6995],[11.40301,44.69911]]},"properties":{}},{"type":"Feature","geometry":{"type":"LineString","coordinates":[[11.40339,44.93268],[11.40337,44.93278],[11.40327,44.93285],[11.40312,44.93287],[11.403,44.93283],[11.40293,44.93275],[11.40293,44.93266],[11.40301,44.93257],[11.40314,44.93254]]},"properties":{}},{"type":"Feature","geometry":{"type":"LineString","coordinates":[[11.4059,44.8998],[11.40557,44.89974],[11.40521,44.89974],[11.40509,44.89977],[11.40481,44.8999],[11.40403,44.90102],[11.40367,44.90162],[11.40338,44.90217],[11.40271,44.9037],[11.40265,44.90392],[11.40257,44.90457],[11.40251,44.90586],[11.40241,44.90627],[11.40227,44.90659],[11.40204,44.90696],[11.4018,44.90725],[11.4002,44.90862],[11.3999,44.90892],[11.39973,44.90915],[11.39726,44.91414],[11.39713,44.91455],[11.39711,44.91496],[11.39766,44.91952],[11.3976,44.91991],[11.39744,44.92031],[11.39731,44.92053],[11.39696,44.92094],[11.39657,44.92124],[11.39609,44.92152],[11.39555,44.92173],[11.39489,44.92187],[11.39163,44.92218],[11.3911,44.92231],[11.39067,44.92254],[11.39036,44.92281],[11.3902,44.92309],[11.39012,44.9234],[11.38998,44.92576],[11.39003,44.92598],[11.39008,44.92607],[11.39031,44.92631],[11.39061,44.92647],[11.3923,44.92689],[11.39298,44.92717],[11.4015,44.93143],[11.40197,44.93171],[11.40273,44.93234],[11.40314,44.93254]]},"properties":{}},{"type":"Feature","geometry":{"type":"LineString","coordinates":[[11.40314,44.93254],[11.4033,44.93257],[11.40339,44.93268]]},"properties":{}},{"type":"Feature","geometry":{"type":"LineString","coordinates":[[11.4041,44.50209],[11.40391,44.50222],[11.40371,44.50244],[11.40356,44.5025],[11.40345,44.5025],[11.40326,44.50244],[11.40318,44.50231],[11.40318,44.50225]]},"properties":{}},{"type":"Feature","geometry":{"type":"LineString","coordinates":[[11.40318,44.50225],[11.40323,44.50214],[11.40338,44.50206],[11.40393,44.50211],[11.4041,44.50209]]},"properties":{}},{"type":"Feature","geometry":{"type":"LineString","coordinates":[[11.40339,44.93268],[11.40348,44.93282],[11.40372,44.93299],[11.40466,44.93348],[11.40498,44.9337],[11.41004,44.93898],[11.4102,44.93901],[11.41035,44.93899],[11.4106,44.93867],[11.41086,44.93852],[11.412,44.93824],[11.41206,44.9382],[11.41211,44.93783],[11.41218,44.93774],[11.41252,44.93798],[11.41271,44.93803],[11.41378,44.93793],[11.41492,44.93794],[11.41657,44.93807],[11.4175,44.93836],[11.41789,44.93843],[11.41926,44.93843],[11.42,44.93837],[11.42024,44.9384],[11.42031,44.93843],[11.42046,44.93868],[11.42058,44.93903],[11.42076,44.93958],[11.42113,44.94099],[11.42134,44.94145],[11.42159,44.94223],[11.42233,44.94552]]},"properties":{}},{"type":"Feature","geometry":{"type":"LineString","coordinates":[[11.40375,44.88592],[11.4036,44.88587]]},"properties":{}},{"type":"Feature","geometry":{"type":"LineString","coordinates":[[11.4036,44.88587],[11.40431,44.8848],[11.40474,44.88494],[11.40415,44.88586],[11.40392,44.88578],[11.40377,44.88581],[11.40375,44.88592]]},"properties":{}},{"type":"Feature","geometry":{"type":"LineString","coordinates":[[11.40368,44.63876],[11.40416,44.63882]]},"properties":{}},{"type":"Feature","geometry":{"type":"LineString","coordinates":[[11.40387,44.63907],[11.40379,44.63888],[11.40368,44.63876]]},"properties":{}},{"type":"Feature","geometry":{"type":"LineString","coordinates":[[11.41192,44.88809],[11.41119,44.88821],[11.41079,44.88819],[11.40375,44.88592]]},"properties":{}},{"type":"Feature","geometry":{"type":"LineString","coordinates":[[11.40487,44.63917],[11.4048,44.63932],[11.40463,44.63945],[11.4045,44.63949],[11.40424,44.6395],[11.40413,44.63947],[11.40396,44.63936],[11.40387,44.63921],[11.40387,44.63907]]},"properties":{}},{"type":"Feature","geometry":{"type":"LineString","coordinates":[[11.40387,44.63907],[11.40393,44.63896],[11.40403,44.63888],[11.40416,44.63882]]},"properties":{}},{"type":"Feature","geometry":{"type":"LineString","coordinates":[[11.4041,44.50209],[11.40573,44.50158]]},"properties":{}},{"type":"Feature","geometry":{"type":"LineString","coordinates":[[11.40412,44.69742],[11.40403,44.69738],[11.40405,44.6973],[11.40414,44.69729],[11.4042,44.69734],[11.4042,44.69738],[11.40412,44.69742]]},"properties":{}},{"type":"Feature","geometry":{"type":"LineString","coordinates":[[11.40416,44.63882],[11.40445,44.63879],[11.40471,44.63888]]},"properties":{}},{"type":"Feature","geometry":{"type":"LineString","coordinates":[[11.40473,44.50192],[11.4045,44.502]]},"properties":{}},{"type":"Feature","geometry":{"type":"LineString","coordinates":[[11.4045,44.50191],[11.40473,44.50183]]},"properties":{}},{"type":"Feature","geometry":{"type":"LineString","coordinates":[[11.41578,44.52614],[11.41505,44.52598],[11.41358,44.52533],[11.4119,44.52473],[11.41091,44.52431],[11.40981,44.52375],[11.40906,44.5235],[11.40792,44.5232],[11.40694,44.52282],[11.40523,44.52206],[11.40458,44.52171]]},"properties":{}},{"type":"Feature","geometry":{"type":"LineString","coordinates":[[11.40471,44.63888],[11.40498,44.63891],[11.40529,44.6389]]},"properties":{}},{"type":"Feature","geometry":{"type":"LineString","coordinates":[[11.40471,44.63888],[11.40486,44.63906],[11.40487,44.63917]]},"properties":{}},{"type":"Feature","geometry":{"type":"LineString","coordinates":[[11.40573,44.50158],[11.40476,44.5]]},"properties":{}},{"type":"Feature","geometry":{"type":"LineString","coordinates":[[11.40477,44.71849],[11.40481,44.71841]]},"properties":{}},{"type":"Feature","geometry":{"type":"LineString","coordinates":[[11.40493,44.71836],[11.40487,44.71846]]},"properties":{}},{"type":"Feature","geometry":{"type":"LineString","coordinates":[[11.40529,44.6389],[11.40504,44.63902],[11.40487,44.63917]]},"properties":{}},{"type":"Feature","geometry":{"type":"LineString","coordinates":[[11.40517,44.70452],[11.40515,44.70441]]},"properties":{}},{"type":"Feature","geometry":{"type":"LineString","coordinates":[[11.40525,44.70423],[11.40526,44.70435]]},"properties":{}},{"type":"Feature","geometry":{"type":"LineString","coordinates":[[11.40529,44.6389],[11.41659,44.63596]]},"properties":{}},{"type":"Feature","geometry":{"type":"LineString","coordinates":[[11.40541,44.8948],[11.40523,44.89489],[11.40505,44.89508],[11.40502,44.89527],[11.40535,44.89611],[11.40553,44.89682],[11.4055,44.89847],[11.40543,44.89883],[11.40531,44.89915],[11.40528,44.89939],[11.40531,44.89948],[11.40544,44.8996],[11.4059,44.8998]]},"properties":{}},{"type":"Feature","geometry":{"type":"LineString","coordinates":[[11.41218,44.88904],[11.41218,44.88935],[11.41207,44.88957],[11.41119,44.89062],[11.41106,44.89081],[11.41088,44.89116],[11.41023,44.8927],[11.4101,44.89289],[11.40982,44.89318],[11.4089,44.89386],[11.40839,44.89411],[11.40724,44.89444],[11.40541,44.8948]]},"properties":{}},{"type":"Feature","geometry":{"type":"LineString","coordinates":[[11.4055,44.70634],[11.40549,44.70624]]},"properties":{}},{"type":"Feature","geometry":{"type":"LineString","coordinates":[[11.4057,44.63882],[11.40556,44.63885]]},"properties":{}},{"type":"Feature","geometry":{"type":"LineString","coordinates":[[11.4056,44.72535],[11.40568,44.72543]]},"properties":{}},{"type":"Feature","geometry":{"type":"LineString","coordinates":[[11.4057,44.72554],[11.40563,44.72546]]},"properties":{}},{"type":"Feature","geometry":{"type":"LineString","coordinates":[[11.40564,44.70633],[11.40565,44.70644]]},"properties":{}},{"type":"Feature","geometry":{"type":"LineString","coordinates":[[11.40573,44.50158],[11.40934,44.50041]]},"properties":{}},{"type":"Feature","geometry":{"type":"LineString","coordinates":[[11.40599,44.51377],[11.40582,44.51383]]},"properties":{}},{"type":"Feature","geometry":{"type":"LineString","coordinates":[[11.41024,44.90123],[11.4059,44.8998]]},"properties":{}},{"type":"Feature","geometry":{"type":"LineString","coordinates":[[11.4059,44.70813],[11.40595,44.70826]]},"properties":{}},{"type":"Feature","geometry":{"type":"LineString","coordinates":[[11.40595,44.70848],[11.40591,44.70838]]},"properties":{}},{"type":"Feature","geometry":{"type":"LineString","coordinates":[[11.40594,44.72159],[11.40602,44.72169]]},"properties":{}},{"type":"Feature","geometry":{"type":"LineString","coordinates":[[11.40605,44.70905],[11.40597,44.70902],[11.4059,44.70893],[11.40592,44.70884],[11.40597,44.70879]]},"properties":{}},{"type":"Feature","geometry":{"type":"LineString","coordinates":[[11.40597,44.70879],[11.40603,44.70861]]},"properties":{}},{"type":"Feature","geometry":{"type":"LineString","coordinates":[[11.40597,44.70879],[11.40608,44.70875],[11.40619,44.70877]]},"properties":{}},{"type":"Feature","geometry":{"type":"LineString","coordinates":[[11.40603,44.70861],[11.40619,44.70877]]},"properties":{}},{"type":"Feature","geometry":{"type":"LineString","coordinates":[[11.40604,44.63867],[11.40618,44.63863]]},"properties":{}},{"type":"Feature","geometry":{"type":"LineString","coordinates":[[11.40624,44.70902],[11.40605,44.70905]]},"properties":{}},{"type":"Feature","geometry":{"type":"LineString","coordinates":[[11.40623,44.70922],[11.40605,44.70905]]},"properties":{}},{"type":"Feature","geometry":{"type":"LineString","coordinates":[[11.4062,44.72227],[11.40615,44.72212]]},"properties":{}},{"type":"Feature","geometry":{"type":"LineString","coordinates":[[11.40619,44.70877],[11.40623,44.70878]]},"properties":{}},{"type":"Feature","geometry":{"type":"LineString","coordinates":[[11.40623,44.70878],[11.40631,44.70886],[11.40632,44.70891]]},"properties":{}},{"type":"Feature","geometry":{"type":"LineString","coordinates":[[11.40623,44.70878],[11.4067,44.70869]]},"properties":{}},{"type":"Feature","geometry":{"type":"LineString","coordinates":[[11.44023,44.75047],[11.43999,44.7506],[11.4397,44.75069],[11.43936,44.75075],[11.4382,44.75085],[11.43711,44.75084],[11.43614,44.75091],[11.43522,44.75084],[11.4335,44.75097],[11.43119,44.75154],[11.42977,44.75201],[11.42497,44.75379],[11.41752,44.75649],[11.41434,44.75734],[11.41287,44.75778],[11.41194,44.75815],[11.41177,44.75814],[11.41049,44.75778],[11.41024,44.75776],[11.40553,44.75831],[11.40465,44.75845],[11.40258,44.75922],[11.402,44.7594],[11.40178,44.75943],[11.40013,44.75935],[11.39976,44.75936],[11.39932,44.75947],[11.39851,44.75986],[11.39721,44.75774],[11.39583,44.75564],[11.39559,44.75521],[11.39433,44.75318],[11.39405,44.75163],[11.39397,44.75157],[11.39384,44.75158],[11.39275,44.75185],[11.39251,44.75122],[11.39233,44.75087],[11.39185,44.75008],[11.39164,44.74963],[11.39398,44.74841],[11.39448,44.74821],[11.39503,44.74809],[11.39541,44.74808],[11.39685,44.74772],[11.3976,44.7476],[11.39808,44.74763],[11.39864,44.74775],[11.39939,44.74778],[11.40012,44.74772],[11.4021,44.74717],[11.4026,44.747],[11.40493,44.74578],[11.4052,44.74558],[11.40536,44.74532],[11.40564,44.74468],[11.40571,44.74459],[11.40568,44.74448],[11.40577,44.74426],[11.40714,44.74093],[11.40781,44.73973],[11.40876,44.73812],[11.40947,44.73606],[11.40989,44.73251],[11.41012,44.73171],[11.40966,44.73028],[11.40913,44.72947],[11.40756,44.72729],[11.4066,44.7264],[11.40607,44.72598],[11.40529,44.72501],[11.40527,44.72489],[11.4053,44.72481],[11.40718,44.72396],[11.40727,44.72385],[11.40644,44.72284],[11.40604,44.72178],[11.40583,44.72152],[11.4051,44.72089],[11.40482,44.72056],[11.40433,44.71959],[11.40431,44.71946],[11.40435,44.7193],[11.4053,44.71761],[11.40579,44.71666],[11.40687,44.71415],[11.40692,44.71356],[11.40694,44.71104],[11.40688,44.71069],[11.40623,44.70922]]},"properties":{}},{"type":"Feature","geometry":{"type":"LineString","coordinates":[[11.40624,44.70902],[11.40623,44.70922]]},"properties":{}},{"type":"Feature","geometry":{"type":"LineString","coordinates":[[11.40632,44.70891],[11.40624,44.70902]]},"properties":{}},{"type":"Feature","geometry":{"type":"LineString","coordinates":[[11.40632,44.55664],[11.40626,44.55653]]},"properties":{}},{"type":"Feature","geometry":{"type":"LineString","coordinates":[[11.40633,44.74298],[11.4063,44.74307]]},"properties":{}},{"type":"Feature","geometry":{"type":"LineString","coordinates":[[11.4067,44.70869],[11.40632,44.70891]]},"properties":{}},{"type":"Feature","geometry":{"type":"LineString","coordinates":[[11.40635,44.74282],[11.40638,44.74274]]},"properties":{}},{"type":"Feature","geometry":{"type":"LineString","coordinates":[[11.4067,44.70869],[11.4105,44.70716],[11.41285,44.70628],[11.41342,44.7061],[11.41465,44.7058],[11.41616,44.70548]]},"properties":{}},{"type":"Feature","geometry":{"type":"LineString","coordinates":[[11.40673,44.71453],[11.40671,44.7146]]},"properties":{}},{"type":"Feature","geometry":{"type":"LineString","coordinates":[[11.40672,44.71448],[11.40676,44.71437]]},"properties":{}},{"type":"Feature","geometry":{"type":"LineString","coordinates":[[11.40735,44.52302],[11.40714,44.52293]]},"properties":{}},{"type":"Feature","geometry":{"type":"LineString","coordinates":[[11.40738,44.55825],[11.40745,44.55838]]},"properties":{}},{"type":"Feature","geometry":{"type":"LineString","coordinates":[[11.40748,44.52299],[11.40767,44.52307]]},"properties":{}},{"type":"Feature","geometry":{"type":"LineString","coordinates":[[11.40777,44.50095],[11.40754,44.50102]]},"properties":{}},{"type":"Feature","geometry":{"type":"LineString","coordinates":[[11.40774,44.50088],[11.40795,44.50081]]},"properties":{}},{"type":"Feature","geometry":{"type":"LineString","coordinates":[[11.40781,44.51296],[11.4079,44.51293]]},"properties":{}},{"type":"Feature","geometry":{"type":"LineString","coordinates":[[11.40845,44.73869],[11.40843,44.73872]]},"properties":{}},{"type":"Feature","geometry":{"type":"LineString","coordinates":[[11.40903,44.72937],[11.40894,44.72926]]},"properties":{}},{"type":"Feature","geometry":{"type":"LineString","coordinates":[[11.40912,44.7294],[11.40921,44.72952]]},"properties":{}},{"type":"Feature","geometry":{"type":"LineString","coordinates":[[11.40933,44.56154],[11.40927,44.56144]]},"properties":{}},{"type":"Feature","geometry":{"type":"LineString","coordinates":[[11.40934,44.50041],[11.40953,44.50031],[11.40962,44.50021],[11.40966,44.50008],[11.40975,44.5]]},"properties":{}},{"type":"Feature","geometry":{"type":"LineString","coordinates":[[11.41027,44.50064],[11.41015,44.50056],[11.40973,44.50039],[11.40934,44.50041]]},"properties":{}},{"type":"Feature","geometry":{"type":"LineString","coordinates":[[11.40965,44.56192],[11.40971,44.56203]]},"properties":{}},{"type":"Feature","geometry":{"type":"LineString","coordinates":[[11.40974,44.56215],[11.40982,44.56222],[11.41016,44.56236],[11.4104,44.56238]]},"properties":{}},{"type":"Feature","geometry":{"type":"LineString","coordinates":[[11.4104,44.56238],[11.41021,44.56245],[11.41003,44.56258],[11.40991,44.56261],[11.40979,44.56258],[11.40968,44.56246],[11.40974,44.56224],[11.40974,44.56215]]},"properties":{}},{"type":"Feature","geometry":{"type":"LineString","coordinates":[[11.41024,44.90123],[11.41053,44.9013]]},"properties":{}},{"type":"Feature","geometry":{"type":"LineString","coordinates":[[11.41039,44.9014],[11.41033,44.9013],[11.41024,44.90123]]},"properties":{}},{"type":"Feature","geometry":{"type":"LineString","coordinates":[[11.41037,44.50097],[11.41026,44.5008]]},"properties":{}},{"type":"Feature","geometry":{"type":"LineString","coordinates":[[11.41201,44.50343],[11.41027,44.50064]]},"properties":{}},{"type":"Feature","geometry":{"type":"LineString","coordinates":[[11.41027,44.5],[11.41034,44.50006],[11.41039,44.50019],[11.41025,44.50054],[11.41027,44.50064]]},"properties":{}},{"type":"Feature","geometry":{"type":"LineString","coordinates":[[11.41037,44.50068],[11.41048,44.50086]]},"properties":{}},{"type":"Feature","geometry":{"type":"LineString","coordinates":[[11.41095,44.90149],[11.41093,44.90156],[11.41082,44.90166],[11.41063,44.9017],[11.41054,44.90168],[11.4104,44.9016],[11.41036,44.90146],[11.41039,44.9014]]},"properties":{}},{"type":"Feature","geometry":{"type":"LineString","coordinates":[[11.41039,44.9014],[11.41053,44.9013]]},"properties":{}},{"type":"Feature","geometry":{"type":"LineString","coordinates":[[11.44191,44.55228],[11.4416,44.55234],[11.43907,44.55316],[11.43507,44.55428],[11.43142,44.5556],[11.41677,44.56031],[11.41398,44.56138],[11.41186,44.562],[11.4104,44.56238]]},"properties":{}},{"type":"Feature","geometry":{"type":"LineString","coordinates":[[11.41053,44.9013],[11.41065,44.90128]]},"properties":{}},{"type":"Feature","geometry":{"type":"LineString","coordinates":[[11.41065,44.90128],[11.41086,44.90134],[11.41095,44.90149]]},"properties":{}},{"type":"Feature","geometry":{"type":"LineString","coordinates":[[11.41065,44.90128],[11.41094,44.90111],[11.41192,44.90024]]},"properties":{}},{"type":"Feature","geometry":{"type":"LineString","coordinates":[[11.41214,44.90039],[11.41166,44.90106],[11.41152,44.90117],[11.41095,44.90149]]},"properties":{}},{"type":"Feature","geometry":{"type":"LineString","coordinates":[[11.41101,44.52431],[11.4112,44.5244]]},"properties":{}},{"type":"Feature","geometry":{"type":"LineString","coordinates":[[11.41164,44.52467],[11.4114,44.52458]]},"properties":{}},{"type":"Feature","geometry":{"type":"LineString","coordinates":[[11.41192,44.88809],[11.41215,44.88887]]},"properties":{}},{"type":"Feature","geometry":{"type":"LineString","coordinates":[[11.42129,44.87972],[11.41699,44.8812],[11.41633,44.88147],[11.41575,44.88184],[11.41207,44.88462],[11.41183,44.88486],[11.4115,44.88531],[11.4114,44.88554],[11.41137,44.88572],[11.41136,44.88603],[11.41141,44.88631],[11.41192,44.88809]]},"properties":{}},{"type":"Feature","geometry":{"type":"LineString","coordinates":[[11.41192,44.90024],[11.41204,44.90028],[11.41214,44.90039]]},"properties":{}},{"type":"Feature","geometry":{"type":"LineString","coordinates":[[11.41192,44.90024],[11.41239,44.89983]]},"properties":{}},{"type":"Feature","geometry":{"type":"LineString","coordinates":[[11.41205,44.52916],[11.41196,44.52904]]},"properties":{}},{"type":"Feature","geometry":{"type":"LineString","coordinates":[[11.41201,44.50343],[11.41248,44.50362],[11.41256,44.50373]]},"properties":{}},{"type":"Feature","geometry":{"type":"LineString","coordinates":[[11.41217,44.50403],[11.41198,44.50394],[11.41192,44.50388],[11.4119,44.5038],[11.41197,44.50364],[11.41201,44.50343]]},"properties":{}},{"type":"Feature","geometry":{"type":"LineString","coordinates":[[11.41239,44.89983],[11.41235,44.90006],[11.41214,44.90039]]},"properties":{}},{"type":"Feature","geometry":{"type":"LineString","coordinates":[[11.41215,44.88887],[11.41222,44.88893],[11.41241,44.88898]]},"properties":{}},{"type":"Feature","geometry":{"type":"LineString","coordinates":[[11.41218,44.88904],[11.41215,44.88887]]},"properties":{}},{"type":"Feature","geometry":{"type":"LineString","coordinates":[[11.41249,44.50395],[11.4124,44.504],[11.41217,44.50403]]},"properties":{}},{"type":"Feature","geometry":{"type":"LineString","coordinates":[[11.41243,44.50418],[11.41232,44.50409],[11.41217,44.50403]]},"properties":{}},{"type":"Feature","geometry":{"type":"LineString","coordinates":[[11.41255,44.88893],[11.41247,44.88903],[11.41241,44.88905],[11.41229,44.88907],[11.41218,44.88904]]},"properties":{}},{"type":"Feature","geometry":{"type":"LineString","coordinates":[[11.41218,44.88904],[11.41241,44.88898]]},"properties":{}},{"type":"Feature","geometry":{"type":"LineString","coordinates":[[11.41226,44.52931],[11.41236,44.52944]]},"properties":{}},{"type":"Feature","geometry":{"type":"LineString","coordinates":[[11.41728,44.89042],[11.41722,44.89134],[11.41696,44.89314],[11.41689,44.89339],[11.41544,44.89549],[11.41502,44.89623],[11.41429,44.8973],[11.41382,44.89788],[11.41264,44.89957],[11.41239,44.89983]]},"properties":{}},{"type":"Feature","geometry":{"type":"LineString","coordinates":[[11.41241,44.88898],[11.41255,44.88893]]},"properties":{}},{"type":"Feature","geometry":{"type":"LineString","coordinates":[[11.41243,44.50418],[11.41283,44.50479],[11.41392,44.50657]]},"properties":{}},{"type":"Feature","geometry":{"type":"LineString","coordinates":[[11.41249,44.50395],[11.41243,44.50407],[11.41243,44.50418]]},"properties":{}},{"type":"Feature","geometry":{"type":"LineString","coordinates":[[11.41256,44.50373],[11.41255,44.50389],[11.41249,44.50395]]},"properties":{}},{"type":"Feature","geometry":{"type":"LineString","coordinates":[[11.41255,44.88893],[11.41276,44.88873]]},"properties":{}},{"type":"Feature","geometry":{"type":"LineString","coordinates":[[11.41256,44.50373],[11.41273,44.50362],[11.41884,44.5017],[11.41922,44.50168]]},"properties":{}},{"type":"Feature","geometry":{"type":"LineString","coordinates":[[11.41264,44.75791],[11.41257,44.75794]]},"properties":{}},{"type":"Feature","geometry":{"type":"LineString","coordinates":[[11.41267,44.75782],[11.41276,44.75779]]},"properties":{}},{"type":"Feature","geometry":{"type":"LineString","coordinates":[[11.41728,44.89042],[11.41541,44.89031],[11.41518,44.89027],[11.41276,44.88873]]},"properties":{}},{"type":"Feature","geometry":{"type":"LineString","coordinates":[[11.41276,44.88873],[11.4132,44.88828],[11.41346,44.8881],[11.41385,44.88807],[11.41484,44.88809],[11.41525,44.88803],[11.41587,44.88782],[11.41761,44.88707]]},"properties":{}},{"type":"Feature","geometry":{"type":"LineString","coordinates":[[11.41326,44.5035],[11.41297,44.50358]]},"properties":{}},{"type":"Feature","geometry":{"type":"LineString","coordinates":[[11.41303,44.63681],[11.4132,44.63677]]},"properties":{}},{"type":"Feature","geometry":{"type":"LineString","coordinates":[[11.41309,44.50505],[11.41319,44.50524]]},"properties":{}},{"type":"Feature","geometry":{"type":"LineString","coordinates":[[11.41358,44.63677],[11.41345,44.6368]]},"properties":{}},{"type":"Feature","geometry":{"type":"LineString","coordinates":[[11.41361,44.53145],[11.41351,44.5313]]},"properties":{}},{"type":"Feature","geometry":{"type":"LineString","coordinates":[[11.41352,44.53114],[11.4136,44.53126]]},"properties":{}},{"type":"Feature","geometry":{"type":"LineString","coordinates":[[11.41392,44.50657],[11.41425,44.50703],[11.41439,44.50715],[11.41458,44.5072],[11.41538,44.50723],[11.41667,44.50719],[11.42211,44.5067],[11.42228,44.50661],[11.42237,44.50649],[11.42237,44.50633],[11.42233,44.50621],[11.42205,44.50574],[11.41969,44.50194],[11.41949,44.50179],[11.41934,44.50173]]},"properties":{}},{"type":"Feature","geometry":{"type":"LineString","coordinates":[[11.41447,44.53268],[11.41437,44.53253]]},"properties":{}},{"type":"Feature","geometry":{"type":"LineString","coordinates":[[11.4146,44.53268],[11.41466,44.53278]]},"properties":{}},{"type":"Feature","geometry":{"type":"LineString","coordinates":[[11.41506,44.52707],[11.41494,44.52712]]},"properties":{}},{"type":"Feature","geometry":{"type":"LineString","coordinates":[[11.41507,44.52699],[11.41524,44.52693]]},"properties":{}},{"type":"Feature","geometry":{"type":"LineString","coordinates":[[11.41558,44.70555],[11.41567,44.70553]]},"properties":{}},{"type":"Feature","geometry":{"type":"LineString","coordinates":[[11.41583,44.7056],[11.41571,44.70562]]},"properties":{}},{"type":"Feature","geometry":{"type":"LineString","coordinates":[[11.41578,44.52614],[11.41655,44.52636],[11.41663,44.52646],[11.41661,44.52658]]},"properties":{}},{"type":"Feature","geometry":{"type":"LineString","coordinates":[[11.41614,44.52654],[11.41613,44.52641],[11.41609,44.52634],[11.416,44.52625],[11.41578,44.52614]]},"properties":{}},{"type":"Feature","geometry":{"type":"LineString","coordinates":[[11.42418,44.53124],[11.42368,44.53154],[11.42341,44.53165],[11.42097,44.53182],[11.42007,44.53174],[11.41991,44.53175],[11.4193,44.53191],[11.41786,44.53212],[11.41653,44.53252],[11.41481,44.53308],[11.41212,44.52915],[11.41158,44.52843],[11.41192,44.52835],[11.4146,44.52721],[11.41584,44.52672]]},"properties":{}},{"type":"Feature","geometry":{"type":"LineString","coordinates":[[11.41584,44.52672],[11.41614,44.52654]]},"properties":{}},{"type":"Feature","geometry":{"type":"LineString","coordinates":[[11.41622,44.52664],[11.4161,44.52664],[11.41584,44.52672]]},"properties":{}},{"type":"Feature","geometry":{"type":"LineString","coordinates":[[11.41622,44.52664],[11.41614,44.52654]]},"properties":{}},{"type":"Feature","geometry":{"type":"LineString","coordinates":[[11.41616,44.70548],[11.41643,44.70533],[11.41682,44.70528],[11.41718,44.70575]]},"properties":{}},{"type":"Feature","geometry":{"type":"LineString","coordinates":[[11.41718,44.70575],[11.41682,44.70553],[11.41665,44.70548],[11.41645,44.70545],[11.41616,44.70548]]},"properties":{}},{"type":"Feature","geometry":{"type":"LineString","coordinates":[[11.41633,44.52668],[11.41622,44.52664]]},"properties":{}},{"type":"Feature","geometry":{"type":"LineString","coordinates":[[11.41661,44.52658],[11.41651,44.52666],[11.41633,44.52668]]},"properties":{}},{"type":"Feature","geometry":{"type":"LineString","coordinates":[[11.41691,44.52705],[11.41655,44.52679],[11.41633,44.52668]]},"properties":{}},{"type":"Feature","geometry":{"type":"LineString","coordinates":[[11.41761,44.88707],[11.41637,44.88575]]},"properties":{}},{"type":"Feature","geometry":{"type":"LineString","coordinates":[[11.41637,44.88575],[11.41437,44.887],[11.41421,44.887],[11.41404,44.88688],[11.4142,44.88682],[11.41627,44.88567],[11.41637,44.88575]]},"properties":{}},{"type":"Feature","geometry":{"type":"LineString","coordinates":[[11.41673,44.53253],[11.41643,44.53262]]},"properties":{}},{"type":"Feature","geometry":{"type":"LineString","coordinates":[[11.41659,44.63596],[11.41675,44.63586],[11.4168,44.63578],[11.4168,44.63568],[11.41694,44.63557],[11.41708,44.63557],[11.41725,44.63566],[11.41757,44.63572]]},"properties":{}},{"type":"Feature","geometry":{"type":"LineString","coordinates":[[11.41757,44.63572],[11.41659,44.63596]]},"properties":{}},{"type":"Feature","geometry":{"type":"LineString","coordinates":[[11.41661,44.52658],[11.41673,44.52684],[11.41691,44.52705]]},"properties":{}},{"type":"Feature","geometry":{"type":"LineString","coordinates":[[11.42418,44.53124],[11.42357,44.53077],[11.42308,44.53045],[11.42229,44.53008],[11.42109,44.5296],[11.42079,44.52944],[11.41691,44.52705]]},"properties":{}},{"type":"Feature","geometry":{"type":"LineString","coordinates":[[11.41702,44.5323],[11.41721,44.53225]]},"properties":{}},{"type":"Feature","geometry":{"type":"LineString","coordinates":[[11.44023,44.75047],[11.43993,44.7501],[11.43983,44.74985],[11.43963,44.74891],[11.43949,44.74838],[11.43928,44.74779],[11.43892,44.74704],[11.4389,44.74693],[11.43892,44.74667],[11.43904,44.74623],[11.43904,44.74606],[11.43902,44.74593],[11.43878,44.74543],[11.43865,44.74534],[11.43846,44.74532],[11.43647,44.74567],[11.43669,44.74411],[11.43705,44.74067],[11.43703,44.74043],[11.43635,44.73899],[11.43694,44.73886],[11.43899,44.7383],[11.4396,44.73824],[11.44065,44.73829],[11.44126,44.73811],[11.44208,44.73804],[11.44257,44.73795],[11.44131,44.73718],[11.44,44.73599],[11.43811,44.73415],[11.43652,44.73099],[11.43578,44.72909],[11.43448,44.72649],[11.43406,44.72606],[11.43314,44.72531],[11.43,44.72292],[11.42932,44.72217],[11.42907,44.72176],[11.42892,44.72142],[11.42873,44.72065],[11.42849,44.72014],[11.42782,44.71926],[11.42757,44.71901],[11.42716,44.71871],[11.42663,44.71754],[11.4262,44.71638],[11.42554,44.7151],[11.42517,44.7145],[11.42229,44.71144],[11.42169,44.71073],[11.42101,44.71001],[11.41882,44.70782],[11.41718,44.70575]]},"properties":{}},{"type":"Feature","geometry":{"type":"LineString","coordinates":[[11.41761,44.88707],[11.41763,44.88719],[11.41756,44.88799],[11.41728,44.89042]]},"properties":{}},{"type":"Feature","geometry":{"type":"LineString","coordinates":[[11.41757,44.63572],[11.42009,44.63506],[11.42074,44.63498]]},"properties":{}},{"type":"Feature","geometry":{"type":"LineString","coordinates":[[11.41767,44.52749],[11.41778,44.52756]]},"properties":{}},{"type":"Feature","geometry":{"type":"LineString","coordinates":[[11.41782,44.52767],[11.41771,44.52761]]},"properties":{}},{"type":"Feature","geometry":{"type":"LineString","coordinates":[[11.41891,44.50173],[11.41859,44.50181]]},"properties":{}},{"type":"Feature","geometry":{"type":"LineString","coordinates":[[11.41923,44.63534],[11.41905,44.63539]]},"properties":{}},{"type":"Feature","geometry":{"type":"LineString","coordinates":[[11.4192,44.63524],[11.41937,44.6352]]},"properties":{}},{"type":"Feature","geometry":{"type":"LineString","coordinates":[[11.41934,44.50173],[11.41922,44.50168]]},"properties":{}},{"type":"Feature","geometry":{"type":"LineString","coordinates":[[11.41922,44.50168],[11.41912,44.50157],[11.41911,44.5015],[11.4192,44.50136],[11.41944,44.50129],[11.41967,44.50137],[11.41974,44.50149],[11.41971,44.50161],[11.41956,44.50172],[11.41934,44.50173]]},"properties":{}},{"type":"Feature","geometry":{"type":"LineString","coordinates":[[11.42074,44.63498],[11.42128,44.63477],[11.42135,44.63486]]},"properties":{}},{"type":"Feature","geometry":{"type":"LineString","coordinates":[[11.42135,44.63486],[11.42108,44.63495],[11.42074,44.63498]]},"properties":{}},{"type":"Feature","geometry":{"type":"LineString","coordinates":[[11.4208,44.70975],[11.42087,44.70982]]},"properties":{}},{"type":"Feature","geometry":{"type":"LineString","coordinates":[[11.42101,44.71005],[11.42094,44.70998]]},"properties":{}},{"type":"Feature","geometry":{"type":"LineString","coordinates":[[11.4211,44.50431],[11.42098,44.50411]]},"properties":{}},{"type":"Feature","geometry":{"type":"LineString","coordinates":[[11.42165,44.87961],[11.42129,44.87972]]},"properties":{}},{"type":"Feature","geometry":{"type":"LineString","coordinates":[[11.42129,44.87972],[11.42149,44.87972],[11.42169,44.87976],[11.42197,44.88001],[11.42358,44.88167],[11.42634,44.88464],[11.42714,44.8843],[11.42809,44.88397],[11.42863,44.88404],[11.42913,44.88418],[11.4295,44.88438],[11.42978,44.88467],[11.42992,44.88506],[11.42997,44.88536],[11.43007,44.8867],[11.43019,44.88737],[11.43024,44.88792],[11.43024,44.88828],[11.42994,44.89051],[11.42999,44.89121],[11.42997,44.89156],[11.43,44.89186],[11.43032,44.89307],[11.4304,44.89328],[11.43149,44.89505],[11.43234,44.89653],[11.43249,44.89683],[11.43257,44.89719],[11.43253,44.89825],[11.43246,44.89864],[11.43238,44.89883],[11.43217,44.89914],[11.43111,44.90034],[11.42526,44.90931],[11.42504,44.90969],[11.42497,44.9099],[11.42493,44.91024],[11.42498,44.91043],[11.4252,44.91088],[11.42552,44.91124],[11.4258,44.91143],[11.42664,44.91185],[11.42741,44.9124],[11.42852,44.91339],[11.4295,44.91417],[11.43,44.9147],[11.43034,44.9152],[11.43057,44.91562],[11.43074,44.91612],[11.43093,44.91773],[11.43109,44.91965],[11.43115,44.91991],[11.43138,44.92028],[11.43175,44.92058],[11.43252,44.92093],[11.4328,44.92113],[11.43428,44.92289],[11.43451,44.92306],[11.43505,44.92331],[11.4364,44.92421],[11.43667,44.92444],[11.43716,44.92501],[11.43742,44.92512],[11.43855,44.92504],[11.43891,44.92507],[11.4392,44.92515],[11.43939,44.92529],[11.44007,44.92643],[11.44018,44.92653],[11.44039,44.9266],[11.44052,44.9266],[11.44153,44.92652],[11.4418,44.92659],[11.44211,44.92682],[11.4427,44.92749],[11.44288,44.92767],[11.44301,44.92774],[11.44319,44.92778],[11.44347,44.92779],[11.44525,44.92775],[11.44546,44.92771],[11.44575,44.9276],[11.44671,44.92714],[11.44803,44.92664],[11.44858,44.9264],[11.4497,44.92586],[11.45071,44.92528],[11.45093,44.92511],[11.45173,44.92432],[11.452,44.924],[11.45271,44.92263],[11.4532,44.92179],[11.45339,44.92152],[11.45354,44.92137],[11.45382,44.92121],[11.45437,44.92097],[11.45508,44.9205],[11.45542,44.92033],[11.45639,44.92008],[11.45674,44.92005],[11.45695,44.92007],[11.4572,44.92013],[11.45754,44.92027],[11.45781,44.92046],[11.45802,44.92066],[11.45849,44.92124],[11.45906,44.92229],[11.45935,44.92262],[11.45982,44.92291],[11.46014,44.92302],[11.46045,44.92308],[11.46085,44.92311],[11.46172,44.92305],[11.46353,44.92322],[11.46481,44.92343],[11.46548,44.92344],[11.46579,44.92341],[11.46597,44.92335],[11.46672,44.92299],[11.46724,44.92285],[11.46834,44.92269],[11.46882,44.92264],[11.46917,44.92264],[11.46962,44.92274],[11.47337,44.92468],[11.47394,44.92393],[11.4754,44.92408],[11.4761,44.92406],[11.47727,44.92377],[11.47826,44.92336],[11.47866,44.92332],[11.47895,44.92332],[11.47935,44.9234],[11.47974,44.92357],[11.48276,44.92508],[11.48365,44.92561],[11.48398,44.92574],[11.48421,44.92579],[11.48463,44.92584],[11.48505,44.92584],[11.48678,44.92552],[11.4873,44.92549],[11.48764,44.92554],[11.48794,44.92563],[11.48847,44.92596],[11.48893,44.92617],[11.48922,44.92625],[11.48962,44.92629],[11.49008,44.92626],[11.49249,44.92581],[11.49283,44.9258],[11.49314,44.92585],[11.49352,44.92601],[11.4938,44.92627],[11.49692,44.93069],[11.49766,44.93171],[11.49788,44.93196],[11.49831,44.93229],[11.49886,44.93255],[11.49931,44.93268],[11.5,44.93276]]},"properties":{}},{"type":"Feature","geometry":{"type":"LineString","coordinates":[[11.42135,44.63486],[11.42189,44.63554],[11.42242,44.63637],[11.42252,44.63644],[11.42273,44.63649],[11.43189,44.63573]]},"properties":{}},{"type":"Feature","geometry":{"type":"LineString","coordinates":[[11.5,44.8726],[11.49853,44.87244],[11.49755,44.87245],[11.49696,44.87243],[11.49626,44.87231],[11.4948,44.87173],[11.49372,44.87122],[11.49309,44.87098],[11.48878,44.86961],[11.48683,44.86923],[11.48651,44.86909],[11.48578,44.86866],[11.48547,44.86852],[11.48505,44.86842],[11.48256,44.86808],[11.48104,44.86796],[11.47987,44.86765],[11.47807,44.86736],[11.47767,44.8672],[11.47749,44.86709],[11.47661,44.86632],[11.47631,44.86617],[11.47598,44.86609],[11.47554,44.86609],[11.47491,44.86625],[11.4711,44.86739],[11.47063,44.86748],[11.47018,44.86746],[11.46925,44.8672],[11.46891,44.86715],[11.46851,44.86719],[11.46753,44.86743],[11.46693,44.86739],[11.46549,44.86759],[11.46346,44.86774],[11.46203,44.86778],[11.45966,44.86767],[11.45764,44.86776],[11.45029,44.86867],[11.44829,44.86902],[11.44785,44.86905],[11.44726,44.86902],[11.4469,44.86904],[11.44551,44.86931],[11.44284,44.86991],[11.44235,44.87004],[11.44203,44.87016],[11.44087,44.87089],[11.4405,44.87118],[11.43948,44.87208],[11.43754,44.87349],[11.43603,44.87451],[11.43331,44.87657],[11.43069,44.8783],[11.43049,44.8784],[11.43001,44.87856],[11.42948,44.87862],[11.42902,44.87857],[11.42838,44.87839],[11.42805,44.87834],[11.42738,44.87834],[11.42473,44.87891],[11.42165,44.87961]]},"properties":{}},{"type":"Feature","geometry":{"type":"LineString","coordinates":[[11.42203,44.52991],[11.42216,44.52995]]},"properties":{}},{"type":"Feature","geometry":{"type":"LineString","coordinates":[[11.42235,44.53016],[11.42217,44.5301]]},"properties":{}},{"type":"Feature","geometry":{"type":"LineString","coordinates":[[11.42233,44.94552],[11.42247,44.94599],[11.42253,44.94728],[11.42263,44.94814],[11.42259,44.94843],[11.42237,44.94907],[11.42116,44.94894],[11.41973,44.94861],[11.41868,44.94834],[11.41403,44.94727],[11.41384,44.9472],[11.41365,44.94703],[11.41334,44.9465],[11.41279,44.94594],[11.41236,44.94561],[11.41164,44.94517],[11.41137,44.94505],[11.40998,44.94459],[11.40894,44.94439],[11.40846,44.94413],[11.408,44.94409],[11.40771,44.94403],[11.40737,44.9439],[11.40722,44.94381],[11.40711,44.9437],[11.40679,44.9428],[11.40642,44.94219],[11.40636,44.942],[11.40638,44.94182],[11.40658,44.94136],[11.40692,44.94079],[11.4072,44.94049],[11.40754,44.94021],[11.40866,44.93976],[11.40987,44.93948],[11.41019,44.93927],[11.41029,44.93925],[11.41601,44.94524],[11.41624,44.94536],[11.4164,44.94554],[11.41668,44.94574],[11.41702,44.94586],[11.41748,44.94591],[11.42233,44.94552]]},"properties":{}},{"type":"Feature","geometry":{"type":"LineString","coordinates":[[11.42233,44.94552],[11.42664,44.94517],[11.43236,44.94466],[11.43324,44.94462],[11.4335,44.94496],[11.4337,44.94535],[11.43373,44.94572],[11.43374,44.94675],[11.43384,44.94789],[11.43386,44.94802],[11.43421,44.94885],[11.43425,44.949],[11.43418,44.95069],[11.43422,44.95122],[11.43442,44.95259],[11.43435,44.95268],[11.43398,44.95277],[11.43539,44.95358],[11.43564,44.95366],[11.43598,44.95369],[11.43635,44.95387],[11.43648,44.95397],[11.43658,44.95414],[11.43671,44.95427],[11.4429,44.95781],[11.44308,44.95788],[11.44329,44.95791],[11.44339,44.958],[11.44022,44.96289],[11.43993,44.96344],[11.43827,44.96697],[11.43798,44.96739],[11.43754,44.9678],[11.43706,44.96812],[11.43061,44.97169],[11.42918,44.97246],[11.42872,44.97267],[11.42808,44.97287],[11.42733,44.97299],[11.42512,44.97297],[11.42435,44.97302],[11.42368,44.97318],[11.42323,44.97334],[11.42302,44.97362]]},"properties":{}},{"type":"Feature","geometry":{"type":"LineString","coordinates":[[11.42302,44.97362],[11.42302,44.97373]]},"properties":{}},{"type":"Feature","geometry":{"type":"LineString","coordinates":[[11.42302,44.97373],[11.42288,44.97385],[11.42265,44.97388],[11.42247,44.97377],[11.42243,44.97366],[11.42254,44.97351],[11.42269,44.97347],[11.42286,44.97349],[11.42302,44.97362]]},"properties":{}},{"type":"Feature","geometry":{"type":"LineString","coordinates":[[11.42302,44.97373],[11.42317,44.97382],[11.42336,44.97407],[11.42376,44.97472],[11.42397,44.97517],[11.42431,44.97607],[11.42447,44.97657],[11.42468,44.97777],[11.4248,44.97825],[11.42511,44.97902],[11.42534,44.97979],[11.42597,44.98129],[11.42601,44.98163],[11.42593,44.98227],[11.42597,44.98372]]},"properties":{}},{"type":"Feature","geometry":{"type":"LineString","coordinates":[[11.42308,44.63644],[11.42323,44.63643]]},"properties":{}},{"type":"Feature","geometry":{"type":"LineString","coordinates":[[11.42334,44.63647],[11.42318,44.63648]]},"properties":{}},{"type":"Feature","geometry":{"type":"LineString","coordinates":[[11.4232,44.75441],[11.42325,44.75439]]},"properties":{}},{"type":"Feature","geometry":{"type":"LineString","coordinates":[[11.42342,44.75437],[11.42336,44.75439]]},"properties":{}},{"type":"Feature","geometry":{"type":"LineString","coordinates":[[11.44238,44.5445],[11.44128,44.54265],[11.44066,44.54192],[11.44035,44.5415],[11.43998,44.54088],[11.43957,44.54031],[11.43933,44.54007],[11.43903,44.53984],[11.43832,44.53948],[11.43577,44.53859],[11.43515,44.53835],[11.43455,44.53804],[11.43305,44.53716],[11.43269,44.53692],[11.43077,44.53535],[11.42859,44.53376],[11.42805,44.53342],[11.42674,44.53276],[11.42514,44.53189],[11.42418,44.53124]]},"properties":{}},{"type":"Feature","geometry":{"type":"LineString","coordinates":[[11.42469,44.53169],[11.42458,44.53161]]},"properties":{}},{"type":"Feature","geometry":{"type":"LineString","coordinates":[[11.42461,44.53146],[11.42471,44.53154]]},"properties":{}},{"type":"Feature","geometry":{"type":"LineString","coordinates":[[11.42597,44.98372],[11.42597,44.98381],[11.42554,44.98376],[11.42551,44.98371],[11.42558,44.98367],[11.42597,44.98372]]},"properties":{}},{"type":"Feature","geometry":{"type":"LineString","coordinates":[[11.42631,44.71684],[11.42627,44.71672]]},"properties":{}},{"type":"Feature","geometry":{"type":"LineString","coordinates":[[11.42631,44.71654],[11.42636,44.71666]]},"properties":{}},{"type":"Feature","geometry":{"type":"LineString","coordinates":[[11.42673,44.77744],[11.42682,44.77749]]},"properties":{}},{"type":"Feature","geometry":{"type":"LineString","coordinates":[[11.42673,44.77744],[11.42697,44.77722],[11.42706,44.77727],[11.42682,44.77749]]},"properties":{}},{"type":"Feature","geometry":{"type":"LineString","coordinates":[[11.42682,44.77749],[11.43398,44.78139],[11.43559,44.78219],[11.43712,44.78048],[11.44215,44.77578],[11.44419,44.77437],[11.44456,44.77416],[11.44489,44.77403],[11.44538,44.77391],[11.44591,44.77385],[11.44854,44.7737],[11.44891,44.77363],[11.4493,44.77348],[11.45096,44.77233],[11.45424,44.76924],[11.45477,44.76884],[11.45541,44.76847],[11.45599,44.76822],[11.45774,44.76759],[11.45964,44.76691],[11.46031,44.76672],[11.46651,44.76518],[11.4673,44.76509],[11.46904,44.76504]]},"properties":{}},{"type":"Feature","geometry":{"type":"LineString","coordinates":[[11.42877,44.72061],[11.42879,44.72069]]},"properties":{}},{"type":"Feature","geometry":{"type":"LineString","coordinates":[[11.42893,44.63596],[11.42909,44.63594]]},"properties":{}},{"type":"Feature","geometry":{"type":"LineString","coordinates":[[11.42898,44.72164],[11.42894,44.72157]]},"properties":{}},{"type":"Feature","geometry":{"type":"LineString","coordinates":[[11.4293,44.63599],[11.42914,44.636]]},"properties":{}},{"type":"Feature","geometry":{"type":"LineString","coordinates":[[11.42952,44.55625],[11.42937,44.5563]]},"properties":{}},{"type":"Feature","geometry":{"type":"LineString","coordinates":[[11.42941,44.55618],[11.42958,44.55613]]},"properties":{}},{"type":"Feature","geometry":{"type":"LineString","coordinates":[[11.43163,44.75145],[11.43156,44.75146]]},"properties":{}},{"type":"Feature","geometry":{"type":"LineString","coordinates":[[11.43163,44.75139],[11.4317,44.75137]]},"properties":{}},{"type":"Feature","geometry":{"type":"LineString","coordinates":[[11.5,44.71303],[11.48623,44.69597],[11.4781,44.68581],[11.47625,44.68351],[11.47496,44.68199],[11.47067,44.67656],[11.46945,44.67507],[11.46844,44.6739],[11.46684,44.6722],[11.43813,44.64275],[11.43703,44.64155],[11.43189,44.63573]]},"properties":{}},{"type":"Feature","geometry":{"type":"LineString","coordinates":[[11.43189,44.63573],[11.43204,44.63572]]},"properties":{}},{"type":"Feature","geometry":{"type":"LineString","coordinates":[[11.43204,44.63572],[11.43735,44.64175],[11.4391,44.6436],[11.46391,44.66903],[11.46698,44.67219],[11.46824,44.67353],[11.46903,44.67441],[11.47112,44.67696],[11.4807,44.68884],[11.5,44.71285]]},"properties":{}},{"type":"Feature","geometry":{"type":"LineString","coordinates":[[11.43204,44.63572],[11.44179,44.63488]]},"properties":{}},{"type":"Feature","geometry":{"type":"LineString","coordinates":[[11.43506,44.5013],[11.43282,44.50027],[11.4323,44.5]]},"properties":{}},{"type":"Feature","geometry":{"type":"LineString","coordinates":[[11.43294,44.72519],[11.43287,44.72514]]},"properties":{}},{"type":"Feature","geometry":{"type":"LineString","coordinates":[[11.43325,44.50052],[11.43303,44.50042]]},"properties":{}},{"type":"Feature","geometry":{"type":"LineString","coordinates":[[11.43314,44.72526],[11.43321,44.72532]]},"properties":{}},{"type":"Feature","geometry":{"type":"LineString","coordinates":[[11.43347,44.53745],[11.43329,44.53736]]},"properties":{}},{"type":"Feature","geometry":{"type":"LineString","coordinates":[[11.4336,44.55479],[11.43377,44.55473]]},"properties":{}},{"type":"Feature","geometry":{"type":"LineString","coordinates":[[11.43367,44.50059],[11.43398,44.50072]]},"properties":{}},{"type":"Feature","geometry":{"type":"LineString","coordinates":[[11.43389,44.55475],[11.43373,44.5548]]},"properties":{}},{"type":"Feature","geometry":{"type":"LineString","coordinates":[[11.43377,44.53753],[11.43393,44.53763]]},"properties":{}},{"type":"Feature","geometry":{"type":"LineString","coordinates":[[11.43435,44.50545],[11.43443,44.5056]]},"properties":{}},{"type":"Feature","geometry":{"type":"LineString","coordinates":[[11.43505,44.72768],[11.43501,44.72761]]},"properties":{}},{"type":"Feature","geometry":{"type":"LineString","coordinates":[[11.43506,44.5013],[11.43518,44.50135],[11.4352,44.50141],[11.43515,44.50159]]},"properties":{}},{"type":"Feature","geometry":{"type":"LineString","coordinates":[[11.43515,44.50159],[11.43503,44.50137],[11.43506,44.5013]]},"properties":{}},{"type":"Feature","geometry":{"type":"LineString","coordinates":[[11.43658,44.50426],[11.43555,44.50249],[11.43515,44.50159]]},"properties":{}},{"type":"Feature","geometry":{"type":"LineString","coordinates":[[11.43529,44.72798],[11.43533,44.72807]]},"properties":{}},{"type":"Feature","geometry":{"type":"LineString","coordinates":[[11.43568,44.50283],[11.4356,44.5027]]},"properties":{}},{"type":"Feature","geometry":{"type":"LineString","coordinates":[[11.43592,44.503],[11.43598,44.50313]]},"properties":{}},{"type":"Feature","geometry":{"type":"LineString","coordinates":[[11.43607,44.75093],[11.43595,44.75093]]},"properties":{}},{"type":"Feature","geometry":{"type":"LineString","coordinates":[[11.43608,44.75087],[11.4362,44.75087]]},"properties":{}},{"type":"Feature","geometry":{"type":"LineString","coordinates":[[11.43647,44.74528],[11.43648,44.74515]]},"properties":{}},{"type":"Feature","geometry":{"type":"LineString","coordinates":[[11.43654,44.50895],[11.43661,44.50907]]},"properties":{}},{"type":"Feature","geometry":{"type":"LineString","coordinates":[[11.43658,44.50426],[11.43438,44.50496],[11.4341,44.50508],[11.4341,44.50526],[11.43629,44.50871],[11.43824,44.51165],[11.43945,44.51135],[11.44079,44.5109],[11.43796,44.50647],[11.43658,44.50426]]},"properties":{}},{"type":"Feature","geometry":{"type":"LineString","coordinates":[[11.43662,44.74503],[11.4366,44.74515]]},"properties":{}},{"type":"Feature","geometry":{"type":"LineString","coordinates":[[11.43705,44.55375],[11.43687,44.5538]]},"properties":{}},{"type":"Feature","geometry":{"type":"LineString","coordinates":[[11.43701,44.55371],[11.43714,44.55367]]},"properties":{}},{"type":"Feature","geometry":{"type":"LineString","coordinates":[[11.43708,44.74102],[11.43707,44.74113]]},"properties":{}},{"type":"Feature","geometry":{"type":"LineString","coordinates":[[11.4375,44.50581],[11.43742,44.5057]]},"properties":{}},{"type":"Feature","geometry":{"type":"LineString","coordinates":[[11.43825,44.63521],[11.43811,44.63521]]},"properties":{}},{"type":"Feature","geometry":{"type":"LineString","coordinates":[[11.43817,44.63516],[11.43833,44.63515]]},"properties":{}},{"type":"Feature","geometry":{"type":"LineString","coordinates":[[11.43938,44.73831],[11.4392,44.73833]]},"properties":{}},{"type":"Feature","geometry":{"type":"LineString","coordinates":[[11.43952,44.50899],[11.43943,44.50885]]},"properties":{}},{"type":"Feature","geometry":{"type":"LineString","coordinates":[[11.43977,44.7507],[11.43963,44.75073]]},"properties":{}},{"type":"Feature","geometry":{"type":"LineString","coordinates":[[11.43982,44.73821],[11.43989,44.73821]]},"properties":{}},{"type":"Feature","geometry":{"type":"LineString","coordinates":[[11.43992,44.75016],[11.43988,44.75006]]},"properties":{}},{"type":"Feature","geometry":{"type":"LineString","coordinates":[[11.46901,44.76442],[11.46877,44.76423],[11.46856,44.76399],[11.46777,44.76282],[11.46707,44.762],[11.46521,44.75954],[11.46289,44.7564],[11.46271,44.75623],[11.46165,44.75552],[11.46151,44.75538],[11.45984,44.75268],[11.45872,44.75133],[11.45862,44.75116],[11.45857,44.75098],[11.45849,44.75099],[11.45845,44.75096],[11.45806,44.75056],[11.45385,44.74765],[11.45347,44.74742],[11.45297,44.74724],[11.45264,44.74723],[11.45231,44.74726],[11.44997,44.74799],[11.44858,44.74849],[11.44411,44.74981],[11.44349,44.7499],[11.44238,44.74995],[11.44188,44.75],[11.44132,44.75011],[11.44023,44.75047]]},"properties":{}},{"type":"Feature","geometry":{"type":"LineString","coordinates":[[11.44037,44.54157],[11.44029,44.54145]]},"properties":{}},{"type":"Feature","geometry":{"type":"LineString","coordinates":[[11.44047,44.75033],[11.44071,44.75026]]},"properties":{}},{"type":"Feature","geometry":{"type":"LineString","coordinates":[[11.4405,44.54163],[11.44058,44.54176]]},"properties":{}},{"type":"Feature","geometry":{"type":"LineString","coordinates":[[11.44057,44.73657],[11.44051,44.7365]]},"properties":{}},{"type":"Feature","geometry":{"type":"LineString","coordinates":[[11.44136,44.55244],[11.44118,44.5525]]},"properties":{}},{"type":"Feature","geometry":{"type":"LineString","coordinates":[[11.44126,44.55242],[11.44143,44.55236]]},"properties":{}},{"type":"Feature","geometry":{"type":"LineString","coordinates":[[11.44132,44.73712],[11.44141,44.73719]]},"properties":{}},{"type":"Feature","geometry":{"type":"LineString","coordinates":[[11.44179,44.63488],[11.44198,44.63476],[11.44209,44.63462]]},"properties":{}},{"type":"Feature","geometry":{"type":"LineString","coordinates":[[11.44231,44.63481],[11.44179,44.63488]]},"properties":{}},{"type":"Feature","geometry":{"type":"LineString","coordinates":[[11.44258,44.55209],[11.44247,44.55232],[11.44235,44.55239],[11.44223,44.55239],[11.44191,44.55228]]},"properties":{}},{"type":"Feature","geometry":{"type":"LineString","coordinates":[[11.44191,44.55228],[11.44222,44.55211],[11.44244,44.55212],[11.44258,44.55209]]},"properties":{}},{"type":"Feature","geometry":{"type":"LineString","coordinates":[[11.44231,44.63481],[11.44216,44.63474],[11.44209,44.63462]]},"properties":{}},{"type":"Feature","geometry":{"type":"LineString","coordinates":[[11.44209,44.63462],[11.44211,44.63449],[11.44222,44.63439],[11.44238,44.63435],[11.44252,44.63436],[11.44261,44.63439],[11.44274,44.63451],[11.44274,44.63465],[11.44264,44.63476]]},"properties":{}},{"type":"Feature","geometry":{"type":"LineString","coordinates":[[11.44242,44.63482],[11.44231,44.63481]]},"properties":{}},{"type":"Feature","geometry":{"type":"LineString","coordinates":[[11.44238,44.5445],[11.4426,44.54476],[11.44276,44.54481],[11.44283,44.54488],[11.44286,44.54497],[11.44282,44.54506],[11.44294,44.54536]]},"properties":{}},{"type":"Feature","geometry":{"type":"LineString","coordinates":[[11.44294,44.54536],[11.44272,44.54518],[11.44265,44.54515],[11.44241,44.54511],[11.44232,44.54503],[11.4423,44.54494],[11.44238,44.54475],[11.44238,44.5445]]},"properties":{}},{"type":"Feature","geometry":{"type":"LineString","coordinates":[[11.44267,44.63494],[11.44242,44.63482]]},"properties":{}},{"type":"Feature","geometry":{"type":"LineString","coordinates":[[11.44264,44.63476],[11.44242,44.63482]]},"properties":{}},{"type":"Feature","geometry":{"type":"LineString","coordinates":[[11.44637,44.55083],[11.44308,44.55185],[11.44277,44.55197],[11.44258,44.55209]]},"properties":{}},{"type":"Feature","geometry":{"type":"LineString","coordinates":[[11.44264,44.63476],[11.44267,44.63494]]},"properties":{}},{"type":"Feature","geometry":{"type":"LineString","coordinates":[[11.45012,44.64986],[11.45003,44.64954],[11.45005,44.64948],[11.44933,44.64759],[11.44865,44.646],[11.44799,44.64461],[11.44754,44.64264],[11.44702,44.64076],[11.44693,44.64057],[11.44654,44.63982],[11.44627,44.63943],[11.44566,44.63887],[11.44524,44.63854],[11.44464,44.63813],[11.44442,44.63789],[11.44379,44.63661],[11.44356,44.63629],[11.44322,44.63567],[11.4429,44.63518],[11.44267,44.63494]]},"properties":{}},{"type":"Feature","geometry":{"type":"LineString","coordinates":[[11.44297,44.63534],[11.44292,44.63525]]},"properties":{}},{"type":"Feature","geometry":{"type":"LineString","coordinates":[[11.44637,44.55083],[11.44494,44.54862],[11.44336,44.54597],[11.44294,44.54536]]},"properties":{}},{"type":"Feature","geometry":{"type":"LineString","coordinates":[[11.44324,44.63566],[11.44328,44.63573]]},"properties":{}},{"type":"Feature","geometry":{"type":"LineString","coordinates":[[11.44365,44.54635],[11.4437,44.54644]]},"properties":{}},{"type":"Feature","geometry":{"type":"LineString","coordinates":[[11.44442,44.55147],[11.44417,44.55155]]},"properties":{}},{"type":"Feature","geometry":{"type":"LineString","coordinates":[[11.44431,44.54773],[11.44426,44.54764]]},"properties":{}},{"type":"Feature","geometry":{"type":"LineString","coordinates":[[11.44453,44.55136],[11.4447,44.5513]]},"properties":{}},{"type":"Feature","geometry":{"type":"LineString","coordinates":[[11.44525,44.7495],[11.44517,44.74953]]},"properties":{}},{"type":"Feature","geometry":{"type":"LineString","coordinates":[[11.44522,44.74944],[11.44528,44.74942]]},"properties":{}},{"type":"Feature","geometry":{"type":"LineString","coordinates":[[11.4457,44.63893],[11.44559,44.63884]]},"properties":{}},{"type":"Feature","geometry":{"type":"LineString","coordinates":[[11.44576,44.63891],[11.44584,44.63898]]},"properties":{}},{"type":"Feature","geometry":{"type":"LineString","coordinates":[[11.44603,44.55012],[11.44612,44.55025]]},"properties":{}},{"type":"Feature","geometry":{"type":"LineString","coordinates":[[11.44891,44.55481],[11.44637,44.55083]]},"properties":{}},{"type":"Feature","geometry":{"type":"LineString","coordinates":[[11.44678,44.55156],[11.44666,44.55139]]},"properties":{}},{"type":"Feature","geometry":{"type":"LineString","coordinates":[[11.44772,44.64355],[11.4477,44.64345]]},"properties":{}},{"type":"Feature","geometry":{"type":"LineString","coordinates":[[11.4478,44.6436],[11.44781,44.64369]]},"properties":{}},{"type":"Feature","geometry":{"type":"LineString","coordinates":[[11.44828,44.55482],[11.44857,44.55488]]},"properties":{}},{"type":"Feature","geometry":{"type":"LineString","coordinates":[[11.44856,44.55493],[11.44796,44.55514],[11.44786,44.55498],[11.44823,44.55486],[11.44856,44.55493]]},"properties":{}},{"type":"Feature","geometry":{"type":"LineString","coordinates":[[11.44891,44.55481],[11.44856,44.55493]]},"properties":{}},{"type":"Feature","geometry":{"type":"LineString","coordinates":[[11.44872,44.55466],[11.44863,44.55451]]},"properties":{}},{"type":"Feature","geometry":{"type":"LineString","coordinates":[[11.45552,44.56497],[11.4554,44.56494],[11.45525,44.56482],[11.45502,44.56452],[11.45365,44.56236],[11.45251,44.56047],[11.44891,44.55481]]},"properties":{}},{"type":"Feature","geometry":{"type":"LineString","coordinates":[[11.44892,44.55473],[11.44901,44.55487]]},"properties":{}},{"type":"Feature","geometry":{"type":"LineString","coordinates":[[11.44986,44.64885],[11.44989,44.64894]]},"properties":{}},{"type":"Feature","geometry":{"type":"LineString","coordinates":[[11.45009,44.64991],[11.45006,44.64982]]},"properties":{}},{"type":"Feature","geometry":{"type":"LineString","coordinates":[[11.45124,44.55842],[11.45132,44.55855]]},"properties":{}},{"type":"Feature","geometry":{"type":"LineString","coordinates":[[11.45125,44.74756],[11.45134,44.74753]]},"properties":{}},{"type":"Feature","geometry":{"type":"LineString","coordinates":[[11.45144,44.55888],[11.45135,44.55874]]},"properties":{}},{"type":"Feature","geometry":{"type":"LineString","coordinates":[[11.45146,44.74753],[11.45136,44.74756]]},"properties":{}},{"type":"Feature","geometry":{"type":"LineString","coordinates":[[11.45606,44.56558],[11.456,44.56536],[11.45589,44.56518],[11.45573,44.56506],[11.45552,44.56497]]},"properties":{}},{"type":"Feature","geometry":{"type":"LineString","coordinates":[[11.45552,44.56497],[11.45593,44.56494],[11.45612,44.56506],[11.45606,44.56558]]},"properties":{}},{"type":"Feature","geometry":{"type":"LineString","coordinates":[[11.45606,44.56558],[11.45617,44.56606],[11.45631,44.56631],[11.45648,44.56653]]},"properties":{}},{"type":"Feature","geometry":{"type":"LineString","coordinates":[[11.45648,44.56653],[11.45679,44.5669],[11.45746,44.56793],[11.45785,44.56886]]},"properties":{}},{"type":"Feature","geometry":{"type":"LineString","coordinates":[[11.45785,44.56886],[11.45754,44.5683],[11.45696,44.56738],[11.45648,44.56653]]},"properties":{}},{"type":"Feature","geometry":{"type":"LineString","coordinates":[[11.45711,44.57541],[11.45704,44.57528]]},"properties":{}},{"type":"Feature","geometry":{"type":"LineString","coordinates":[[11.4572,44.57543],[11.45727,44.57555]]},"properties":{}},{"type":"Feature","geometry":{"type":"LineString","coordinates":[[11.45769,44.75034],[11.45762,44.75029]]},"properties":{}},{"type":"Feature","geometry":{"type":"LineString","coordinates":[[11.45765,44.75021],[11.45772,44.75026]]},"properties":{}},{"type":"Feature","geometry":{"type":"LineString","coordinates":[[11.45785,44.56886],[11.4592,44.57095],[11.45945,44.57139]]},"properties":{}},{"type":"Feature","geometry":{"type":"LineString","coordinates":[[11.45825,44.56957],[11.45816,44.56943]]},"properties":{}},{"type":"Feature","geometry":{"type":"LineString","coordinates":[[11.45828,44.56949],[11.45837,44.56962]]},"properties":{}},{"type":"Feature","geometry":{"type":"LineString","coordinates":[[11.45983,44.58454],[11.46075,44.58436],[11.46164,44.58423],[11.46217,44.5841],[11.46513,44.58316],[11.46669,44.5825],[11.47153,44.58094],[11.47393,44.58011],[11.47416,44.58001],[11.47424,44.57994],[11.47424,44.57984],[11.47276,44.57737],[11.47068,44.5744],[11.46915,44.57405],[11.46727,44.57349],[11.46681,44.57333],[11.46606,44.57295],[11.4657,44.57282],[11.4651,44.57272],[11.46427,44.57271],[11.46258,44.57236],[11.46188,44.57225],[11.46059,44.57195],[11.45945,44.57139]]},"properties":{}},{"type":"Feature","geometry":{"type":"LineString","coordinates":[[11.45945,44.57139],[11.4595,44.57169],[11.4595,44.57187],[11.45946,44.57207],[11.45937,44.57231],[11.45927,44.57246],[11.45901,44.57274],[11.45758,44.57375],[11.45737,44.57394],[11.45709,44.57434],[11.457,44.57471],[11.45701,44.57493],[11.45704,44.57516],[11.45712,44.57534],[11.45944,44.57962],[11.45974,44.58011],[11.46095,44.58185],[11.46113,44.58219],[11.46119,44.58256],[11.46118,44.58271],[11.46106,44.58311],[11.46088,44.5834],[11.45983,44.58454]]},"properties":{}},{"type":"Feature","geometry":{"type":"LineString","coordinates":[[11.45948,44.58525],[11.45951,44.58509]]},"properties":{}},{"type":"Feature","geometry":{"type":"LineString","coordinates":[[11.45983,44.58454],[11.45975,44.58466],[11.45957,44.58504],[11.45952,44.58534],[11.45958,44.58581],[11.45982,44.58626],[11.46078,44.58779],[11.46089,44.58802],[11.46095,44.58827],[11.46095,44.58854],[11.46089,44.58889],[11.46065,44.58985],[11.46065,44.59019],[11.46076,44.5906],[11.46093,44.59092],[11.46113,44.5912],[11.463,44.59341],[11.46323,44.5938],[11.4638,44.59513],[11.46391,44.59529],[11.46428,44.59567],[11.46448,44.59583],[11.46497,44.59609],[11.46522,44.59618],[11.46729,44.59672],[11.4682,44.59714],[11.46844,44.59728],[11.46878,44.59755],[11.46928,44.59809],[11.46979,44.59866],[11.47081,44.60025],[11.47263,44.60246],[11.47308,44.60299],[11.47433,44.60406],[11.47464,44.60451],[11.47483,44.60484],[11.47509,44.60517],[11.47588,44.60589],[11.47607,44.60613],[11.47622,44.60639],[11.47626,44.60654],[11.4764,44.60757],[11.4764,44.6079],[11.47632,44.60875],[11.47638,44.60891],[11.47656,44.60915],[11.4772,44.60962]]},"properties":{}},{"type":"Feature","geometry":{"type":"LineString","coordinates":[[11.46012,44.75331],[11.46004,44.75318]]},"properties":{}},{"type":"Feature","geometry":{"type":"LineString","coordinates":[[11.46007,44.75293],[11.46019,44.75306]]},"properties":{}},{"type":"Feature","geometry":{"type":"LineString","coordinates":[[11.46048,44.58444],[11.46032,44.58447]]},"properties":{}},{"type":"Feature","geometry":{"type":"LineString","coordinates":[[11.46044,44.58395],[11.46034,44.58405]]},"properties":{}},{"type":"Feature","geometry":{"type":"LineString","coordinates":[[11.46064,44.58437],[11.46083,44.58433]]},"properties":{}},{"type":"Feature","geometry":{"type":"LineString","coordinates":[[11.46364,44.59488],[11.46361,44.59477]]},"properties":{}},{"type":"Feature","geometry":{"type":"LineString","coordinates":[[11.46366,44.59468],[11.4637,44.59479]]},"properties":{}},{"type":"Feature","geometry":{"type":"LineString","coordinates":[[11.46399,44.57269],[11.46379,44.57264]]},"properties":{}},{"type":"Feature","geometry":{"type":"LineString","coordinates":[[11.46537,44.5831],[11.46525,44.58314]]},"properties":{}},{"type":"Feature","geometry":{"type":"LineString","coordinates":[[11.46562,44.57277],[11.46582,44.57283]]},"properties":{}},{"type":"Feature","geometry":{"type":"LineString","coordinates":[[11.4659,44.58283],[11.46603,44.58278]]},"properties":{}},{"type":"Feature","geometry":{"type":"LineString","coordinates":[[11.46815,44.76345],[11.46812,44.7634]]},"properties":{}},{"type":"Feature","geometry":{"type":"LineString","coordinates":[[11.46817,44.76336],[11.4682,44.7634]]},"properties":{}},{"type":"Feature","geometry":{"type":"LineString","coordinates":[[11.46901,44.76442],[11.46922,44.76449],[11.46953,44.76453]]},"properties":{}},{"type":"Feature","geometry":{"type":"LineString","coordinates":[[11.46929,44.76478],[11.4692,44.76459],[11.46901,44.76442]]},"properties":{}},{"type":"Feature","geometry":{"type":"LineString","coordinates":[[11.46904,44.76504],[11.46925,44.76496],[11.46931,44.76483]]},"properties":{}},{"type":"Feature","geometry":{"type":"LineString","coordinates":[[11.46956,44.76499],[11.46904,44.76504]]},"properties":{}},{"type":"Feature","geometry":{"type":"LineString","coordinates":[[11.46931,44.76483],[11.46929,44.76478]]},"properties":{}},{"type":"Feature","geometry":{"type":"LineString","coordinates":[[11.46929,44.76478],[11.46935,44.76462],[11.46953,44.76453]]},"properties":{}},{"type":"Feature","geometry":{"type":"LineString","coordinates":[[11.46956,44.76499],[11.4694,44.76493],[11.46931,44.76483]]},"properties":{}},{"type":"Feature","geometry":{"type":"LineString","coordinates":[[11.46953,44.76453],[11.46963,44.76452],[11.46982,44.76457],[11.46994,44.76469]]},"properties":{}},{"type":"Feature","geometry":{"type":"LineString","coordinates":[[11.46986,44.76492],[11.46967,44.76499],[11.46956,44.76499]]},"properties":{}},{"type":"Feature","geometry":{"type":"LineString","coordinates":[[11.46994,44.76469],[11.46995,44.76477],[11.46986,44.76492]]},"properties":{}},{"type":"Feature","geometry":{"type":"LineString","coordinates":[[11.47048,44.7649],[11.47005,44.76488],[11.46986,44.76492]]},"properties":{}},{"type":"Feature","geometry":{"type":"LineString","coordinates":[[11.46994,44.76469],[11.47018,44.76483],[11.47048,44.7649]]},"properties":{}},{"type":"Feature","geometry":{"type":"LineString","coordinates":[[11.47032,44.57434],[11.47017,44.57431]]},"properties":{}},{"type":"Feature","geometry":{"type":"LineString","coordinates":[[11.47018,44.59917],[11.47024,44.59927]]},"properties":{}},{"type":"Feature","geometry":{"type":"LineString","coordinates":[[11.47045,44.57431],[11.47062,44.57435]]},"properties":{}},{"type":"Feature","geometry":{"type":"LineString","coordinates":[[11.47048,44.7649],[11.47094,44.76491],[11.47492,44.76462],[11.4752,44.76463],[11.47562,44.76473],[11.47589,44.76488],[11.47609,44.76509],[11.47697,44.76698],[11.47717,44.76715]]},"properties":{}},{"type":"Feature","geometry":{"type":"LineString","coordinates":[[11.47061,44.60003],[11.47053,44.59991]]},"properties":{}},{"type":"Feature","geometry":{"type":"LineString","coordinates":[[11.47331,44.58033],[11.47318,44.58038]]},"properties":{}},{"type":"Feature","geometry":{"type":"LineString","coordinates":[[11.47369,44.58017],[11.47379,44.58013]]},"properties":{}},{"type":"Feature","geometry":{"type":"LineString","coordinates":[[11.47395,44.76471],[11.47372,44.76472]]},"properties":{}},{"type":"Feature","geometry":{"type":"LineString","coordinates":[[11.47413,44.6038],[11.47428,44.60394]]},"properties":{}},{"type":"Feature","geometry":{"type":"LineString","coordinates":[[11.47467,44.60466],[11.47462,44.60454]]},"properties":{}},{"type":"Feature","geometry":{"type":"LineString","coordinates":[[11.47466,44.76457],[11.4749,44.76456]]},"properties":{}},{"type":"Feature","geometry":{"type":"LineString","coordinates":[[11.47717,44.76715],[11.47729,44.76718],[11.47748,44.76717]]},"properties":{}},{"type":"Feature","geometry":{"type":"LineString","coordinates":[[11.47729,44.76732],[11.47717,44.76715]]},"properties":{}},{"type":"Feature","geometry":{"type":"LineString","coordinates":[[11.4772,44.60962],[11.47769,44.60999],[11.47786,44.61009]]},"properties":{}},{"type":"Feature","geometry":{"type":"LineString","coordinates":[[11.47786,44.61009],[11.47769,44.61006],[11.47734,44.61009],[11.47723,44.61006],[11.47716,44.60997],[11.47725,44.60977],[11.4772,44.60962]]},"properties":{}},{"type":"Feature","geometry":{"type":"LineString","coordinates":[[11.47737,44.76748],[11.47729,44.7674],[11.47729,44.76732]]},"properties":{}},{"type":"Feature","geometry":{"type":"LineString","coordinates":[[11.47729,44.76732],[11.47735,44.76723],[11.47748,44.76717]]},"properties":{}},{"type":"Feature","geometry":{"type":"LineString","coordinates":[[11.47756,44.76753],[11.47737,44.76748]]},"properties":{}},{"type":"Feature","geometry":{"type":"LineString","coordinates":[[11.47742,44.76775],[11.47737,44.76748]]},"properties":{}},{"type":"Feature","geometry":{"type":"LineString","coordinates":[[11.47742,44.76775],[11.47748,44.768],[11.47789,44.76867],[11.48037,44.77217],[11.4806,44.77242],[11.4809,44.7726],[11.48125,44.77274],[11.48169,44.77283],[11.48219,44.77286],[11.48258,44.7728],[11.4829,44.77269],[11.48543,44.77156]]},"properties":{}},{"type":"Feature","geometry":{"type":"LineString","coordinates":[[11.47756,44.76753],[11.47742,44.76775]]},"properties":{}},{"type":"Feature","geometry":{"type":"LineString","coordinates":[[11.47748,44.76717],[11.47763,44.76717],[11.47774,44.76722]]},"properties":{}},{"type":"Feature","geometry":{"type":"LineString","coordinates":[[11.47765,44.76752],[11.47756,44.76753]]},"properties":{}},{"type":"Feature","geometry":{"type":"LineString","coordinates":[[11.47765,44.76752],[11.47763,44.76766],[11.47768,44.76774],[11.47788,44.76788],[11.47815,44.76794],[11.47849,44.76795],[11.47889,44.76788],[11.47914,44.76779],[11.47989,44.76741],[11.47942,44.76693],[11.47925,44.76654],[11.47915,44.76643],[11.47791,44.76702],[11.47776,44.76713],[11.47774,44.76722]]},"properties":{}},{"type":"Feature","geometry":{"type":"LineString","coordinates":[[11.47774,44.76722],[11.47778,44.76727],[11.4778,44.76738],[11.47772,44.76748],[11.47765,44.76752]]},"properties":{}},{"type":"Feature","geometry":{"type":"LineString","coordinates":[[11.47786,44.61009],[11.47812,44.61023],[11.47909,44.6109],[11.47958,44.6113],[11.48007,44.6118],[11.48056,44.61272],[11.48244,44.61484],[11.48535,44.61832],[11.48578,44.6189],[11.48658,44.62025],[11.48795,44.62234],[11.4884,44.62281],[11.4888,44.62311],[11.48932,44.62342],[11.49074,44.62488],[11.49134,44.62544],[11.49191,44.62604],[11.49205,44.62623],[11.49215,44.62644],[11.49239,44.62717],[11.49259,44.6276],[11.49276,44.62781],[11.49301,44.62799],[11.49324,44.6281],[11.4942,44.62827],[11.49451,44.62835],[11.49512,44.62865],[11.49573,44.62885],[11.49763,44.62924],[11.49905,44.62959],[11.49956,44.62983],[11.5,44.63015]]},"properties":{}},{"type":"Feature","geometry":{"type":"LineString","coordinates":[[11.47829,44.50271],[11.48052,44.50258],[11.48123,44.50247],[11.48181,44.50232],[11.48392,44.50149],[11.48441,44.50134],[11.48465,44.5013],[11.49318,44.5008],[11.5,44.50036]]},"properties":{}},{"type":"Feature","geometry":{"type":"LineString","coordinates":[[11.47887,44.6107],[11.479,44.6108]]},"properties":{}},{"type":"Feature","geometry":{"type":"LineString","coordinates":[[11.47911,44.61096],[11.47899,44.61088]]},"properties":{}},{"type":"Feature","geometry":{"type":"LineString","coordinates":[[11.47918,44.76772],[11.47934,44.76765]]},"properties":{}},{"type":"Feature","geometry":{"type":"LineString","coordinates":[[11.48209,44.6144],[11.48219,44.61451]]},"properties":{}},{"type":"Feature","geometry":{"type":"LineString","coordinates":[[11.48326,44.61588],[11.48317,44.61576]]},"properties":{}},{"type":"Feature","geometry":{"type":"LineString","coordinates":[[11.48543,44.77156],[11.48568,44.77146],[11.48609,44.77143],[11.48643,44.77148],[11.48663,44.77155],[11.48671,44.77161]]},"properties":{}},{"type":"Feature","geometry":{"type":"LineString","coordinates":[[11.48671,44.77161],[11.48627,44.77151],[11.486,44.77149],[11.48543,44.77156]]},"properties":{}},{"type":"Feature","geometry":{"type":"LineString","coordinates":[[11.48661,44.62018],[11.48668,44.62028]]},"properties":{}},{"type":"Feature","geometry":{"type":"LineString","coordinates":[[11.48671,44.77161],[11.48744,44.77184]]},"properties":{}},{"type":"Feature","geometry":{"type":"LineString","coordinates":[[11.48693,44.62091],[11.48686,44.62079]]},"properties":{}},{"type":"Feature","geometry":{"type":"LineString","coordinates":[[11.48744,44.77184],[11.48817,44.77193],[11.48911,44.77191]]},"properties":{}},{"type":"Feature","geometry":{"type":"LineString","coordinates":[[11.48793,44.77196],[11.48744,44.77184]]},"properties":{}},{"type":"Feature","geometry":{"type":"LineString","coordinates":[[11.48911,44.77191],[11.48898,44.77195],[11.48863,44.77199],[11.48793,44.77196]]},"properties":{}},{"type":"Feature","geometry":{"type":"LineString","coordinates":[[11.5,44.78418],[11.49694,44.78427],[11.4958,44.78439],[11.49548,44.78447],[11.49522,44.7846],[11.49505,44.78479],[11.49503,44.78499],[11.49494,44.7851],[11.49473,44.78516],[11.49454,44.78513],[11.49445,44.78507],[11.4944,44.78498],[11.4944,44.78488],[11.49447,44.78478],[11.49444,44.78461],[11.49168,44.7822],[11.48853,44.77928],[11.48824,44.77897],[11.48814,44.77876],[11.48816,44.77737],[11.48811,44.77711],[11.48797,44.77693],[11.48776,44.77681],[11.48769,44.77673],[11.48765,44.77661],[11.48768,44.77648],[11.48774,44.77639],[11.48788,44.77628],[11.48801,44.77623],[11.4881,44.77612],[11.48821,44.77578],[11.48833,44.77246],[11.48827,44.77228],[11.4882,44.77217],[11.48793,44.77196]]},"properties":{}},{"type":"Feature","geometry":{"type":"LineString","coordinates":[[11.48848,44.76526],[11.49532,44.76697]]},"properties":{}},{"type":"Feature","geometry":{"type":"LineString","coordinates":[[11.48848,44.76526],[11.48832,44.76563],[11.48826,44.76568],[11.48756,44.76593],[11.4874,44.76614],[11.48692,44.76638],[11.48681,44.76639],[11.48662,44.76648],[11.48652,44.76638],[11.48566,44.7668],[11.48479,44.76601],[11.48737,44.7651],[11.48779,44.76509],[11.48848,44.76526]]},"properties":{}},{"type":"Feature","geometry":{"type":"LineString","coordinates":[[11.48853,44.62286],[11.48862,44.62293]]},"properties":{}},{"type":"Feature","geometry":{"type":"LineString","coordinates":[[11.48911,44.77191],[11.48949,44.77181],[11.48978,44.7717],[11.49138,44.77092],[11.49304,44.77003],[11.49332,44.76981],[11.49358,44.7695],[11.49374,44.76919],[11.49382,44.76888]]},"properties":{}},{"type":"Feature","geometry":{"type":"LineString","coordinates":[[11.48974,44.62393],[11.48964,44.62382]]},"properties":{}},{"type":"Feature","geometry":{"type":"LineString","coordinates":[[11.492,44.62603],[11.49209,44.62614]]},"properties":{}},{"type":"Feature","geometry":{"type":"LineString","coordinates":[[11.49306,44.62806],[11.4929,44.62798]]},"properties":{}},{"type":"Feature","geometry":{"type":"LineString","coordinates":[[11.49382,44.76888],[11.4938,44.76873],[11.49389,44.76826],[11.49396,44.76809],[11.49414,44.76788],[11.49455,44.76772]]},"properties":{}},{"type":"Feature","geometry":{"type":"LineString","coordinates":[[11.49455,44.76772],[11.49428,44.76787],[11.49406,44.76808],[11.49401,44.76818],[11.4939,44.76874],[11.49382,44.76888]]},"properties":{}},{"type":"Feature","geometry":{"type":"LineString","coordinates":[[11.49542,44.76734],[11.49455,44.76772]]},"properties":{}},{"type":"Feature","geometry":{"type":"LineString","coordinates":[[11.49532,44.76697],[11.49569,44.76704],[11.49621,44.76706],[11.49634,44.76711],[11.49634,44.76716],[11.49626,44.7672],[11.49579,44.76722],[11.49542,44.76734]]},"properties":{}},{"type":"Feature","geometry":{"type":"LineString","coordinates":[[11.49542,44.76734],[11.49552,44.76724],[11.49554,44.76713],[11.49548,44.76705],[11.49532,44.76697]]},"properties":{}},{"type":"Feature","geometry":{"type":"LineString","coordinates":[[11.49718,44.62913],[11.49732,44.62916]]},"properties":{}},{"type":"Feature","geometry":{"type":"LineString","coordinates":[[11.49758,44.62925],[11.49741,44.62922]]},"properties":{}},{"type":"Feature","geometry":{"type":"LineString","coordinates":[[11.34279,44.5056],[11.34284,44.50559],[11.34278,44.50536],[11.34273,44.50536],[11.34279,44.5056]]},"properties":{}},{"type":"Feature","geometry":{"type":"LineString","coordinates":[[11.34297,44.50561],[11.34307,44.50562],[11.34295,44.50557],[11.34297,44.50561]]},"properties":{}},{"type":"Feature","geometry":{"type":"LineString","coordinates":[[11.36136,44.51178],[11.36133,44.51178],[11.36156,44.51146],[11.36136,44.51178]]},"properties":{}},{"type":"Feature","geometry":{"type":"LineString","coordinates":[[11.36161,44.51178],[11.36164,44.51179],[11.36175,44.51161],[11.36161,44.51178]]},"properties":{}}]}