{"type":"FeatureCollection","features":[{"type":"Feature","geometry":{"type":"LineString","coordinates":[[12.0952,45.5],[12.09479,45.50014],[12.09395,45.50031],[12.08537,45.50188],[12.08526,45.50198],[12.08524,45.50213],[12.0856,45.50336],[12.08554,45.50348],[12.08536,45.50359],[12.07931,45.50464],[12.07707,45.50489],[12.07704,45.50497],[12.07692,45.505],[12.07692,45.50511],[12.07861,45.50973],[12.07857,45.50986],[12.07833,45.50998],[12.07049,45.51143],[12.07011,45.51154],[12.06995,45.51164],[12.06962,45.5116],[12.06821,45.51185],[12.05367,45.51451],[12.04594,45.51601],[12.04119,45.5168],[12.03506,45.51795],[12.03504,45.51806],[12.03493,45.5181],[12.0348,45.51808],[12.03475,45.51802],[12.03417,45.5181],[12.03292,45.51832],[12.02115,45.5205],[12.01764,45.52118],[12.01741,45.52127],[12.01685,45.52138],[12.01461,45.52176],[12.0144,45.52176],[12.01423,45.52182],[12.01412,45.52177],[12.01201,45.52219],[12.00397,45.52365],[12.0,45.52443]]},"properties":{}},{"type":"Feature","geometry":{"type":"LineString","coordinates":[[12.02026,45.6072],[12.01836,45.60732],[12.0178,45.60731],[12.0172,45.60717],[12.0149,45.60648],[12.01384,45.60624],[12.01287,45.60609],[12.01136,45.60595],[12.01068,45.60594],[12.00576,45.60627],[12.00495,45.60644],[12.00351,45.60694],[12.00245,45.60718],[12.00086,45.6073],[12.0,45.60744]]},"properties":{}},{"type":"Feature","geometry":{"type":"LineString","coordinates":[[12.00808,45.66623],[12.00724,45.66536],[12.00694,45.66514],[12.00654,45.66491],[12.00597,45.6647],[12.00378,45.66409],[12.00293,45.66382],[12.00223,45.66349],[12.0,45.66235]]},"properties":{}},{"type":"Feature","geometry":{"type":"LineString","coordinates":[[12.0,45.66751],[12.00542,45.66673],[12.00787,45.66664]]},"properties":{}},{"type":"Feature","geometry":{"type":"LineString","coordinates":[[12.0,45.68298],[12.0006,45.68327],[12.00113,45.68344],[12.00484,45.6843],[12.00607,45.68453]]},"properties":{}},{"type":"Feature","geometry":{"type":"LineString","coordinates":[[12.0,45.74972],[12.00088,45.74765],[12.00087,45.7476],[12.0006,45.74705],[12.00044,45.74681],[12.00039,45.74664],[12.00059,45.7466],[12.00238,45.74599],[12.00396,45.74553],[12.00438,45.74543],[12.00592,45.74521],[12.0062,45.74513],[12.00966,45.74357],[12.00991,45.74342],[12.00997,45.74326]]},"properties":{}},{"type":"Feature","geometry":{"type":"LineString","coordinates":[[12.0,45.76481],[12.00065,45.76512],[12.00237,45.76623],[12.00279,45.76644],[12.00428,45.76709],[12.00798,45.76865],[12.01132,45.76971],[12.01312,45.77054],[12.01354,45.7708],[12.0141,45.77099],[12.0147,45.77125],[12.01532,45.77139],[12.01599,45.77143],[12.01659,45.77137],[12.01871,45.77095],[12.02212,45.77004],[12.02743,45.7693]]},"properties":{}},{"type":"Feature","geometry":{"type":"LineString","coordinates":[[12.00596,45.7852],[12.00268,45.78557],[12.00088,45.78586],[12.00044,45.78588],[12.0,45.78584]]},"properties":{}},{"type":"Feature","geometry":{"type":"LineString","coordinates":[[12.0,45.89556],[12.00048,45.89549],[12.00094,45.89549],[12.00152,45.89558],[12.00171,45.89566]]},"properties":{}},{"type":"Feature","geometry":{"type":"LineString","coordinates":[[12.00037,45.89779],[12.0,45.89767]]},"properties":{}},{"type":"Feature","geometry":{"type":"LineString","coordinates":[[12.00037,45.89779],[12.0,45.89838]]},"properties":{}},{"type":"Feature","geometry":{"type":"LineString","coordinates":[[12.00037,45.89779],[12.00172,45.89583],[12.00173,45.89568]]},"properties":{}},{"type":"Feature","geometry":{"type":"LineString","coordinates":[[12.00173,45.89568],[12.00171,45.89566]]},"properties":{}},{"type":"Feature","geometry":{"type":"LineString","coordinates":[[12.00171,45.89566],[12.00172,45.89559],[12.00186,45.89553],[12.00199,45.89543]]},"properties":{}},{"type":"Feature","geometry":{"type":"LineString","coordinates":[[12.00199,45.89543],[12.0019,45.89568],[12.00183,45.89571],[12.00173,45.89568]]},"properties":{}},{"type":"Feature","geometry":{"type":"LineString","coordinates":[[12.00304,45.87996],[12.00343,45.8814],[12.00376,45.88336],[12.00382,45.88406],[12.00384,45.88461],[12.00381,45.88483],[12.00306,45.88752],[12.00301,45.88794],[12.00307,45.88857],[12.00379,45.89224],[12.00379,45.89253],[12.00375,45.89271],[12.00353,45.89314],[12.00199,45.89543]]},"properties":{}},{"type":"Feature","geometry":{"type":"LineString","coordinates":[[12.00269,45.87966],[12.00284,45.87919]]},"properties":{}},{"type":"Feature","geometry":{"type":"LineString","coordinates":[[12.00284,45.87919],[12.00293,45.87965]]},"properties":{}},{"type":"Feature","geometry":{"type":"LineString","coordinates":[[12.02208,45.8639],[12.01844,45.86565],[12.01491,45.86775],[12.01426,45.86797],[12.01243,45.86846],[12.01202,45.86861],[12.00898,45.87013],[12.00867,45.87027],[12.00763,45.8706],[12.00721,45.87083],[12.00653,45.8714],[12.0043,45.87352],[12.004,45.87402],[12.00387,45.8744],[12.0031,45.87729],[12.00284,45.87919]]},"properties":{}},{"type":"Feature","geometry":{"type":"LineString","coordinates":[[12.00596,45.7852],[12.00601,45.78517]]},"properties":{}},{"type":"Feature","geometry":{"type":"LineString","coordinates":[[12.00604,45.7852],[12.00596,45.7852]]},"properties":{}},{"type":"Feature","geometry":{"type":"LineString","coordinates":[[12.00604,45.7852],[12.00601,45.78517]]},"properties":{}},{"type":"Feature","geometry":{"type":"LineString","coordinates":[[12.00601,45.78517],[12.00601,45.78513],[12.00607,45.7851],[12.00614,45.78516]]},"properties":{}},{"type":"Feature","geometry":{"type":"LineString","coordinates":[[12.00612,45.78519],[12.00604,45.7852]]},"properties":{}},{"type":"Feature","geometry":{"type":"LineString","coordinates":[[12.00607,45.68453],[12.00655,45.68462],[12.00668,45.6847],[12.00683,45.68486],[12.00693,45.68491],[12.00708,45.68493],[12.00778,45.68495],[12.00849,45.68518]]},"properties":{}},{"type":"Feature","geometry":{"type":"LineString","coordinates":[[12.00849,45.68518],[12.00803,45.68506],[12.00742,45.68497],[12.00664,45.68496],[12.00637,45.68464],[12.00607,45.68453]]},"properties":{}},{"type":"Feature","geometry":{"type":"LineString","coordinates":[[12.00614,45.78516],[12.00612,45.78519]]},"properties":{}},{"type":"Feature","geometry":{"type":"LineString","coordinates":[[12.0062,45.78518],[12.00612,45.78519]]},"properties":{}},{"type":"Feature","geometry":{"type":"LineString","coordinates":[[12.00614,45.78516],[12.0062,45.78518]]},"properties":{}},{"type":"Feature","geometry":{"type":"LineString","coordinates":[[12.02924,45.77695],[12.02789,45.77691],[12.02717,45.77684],[12.02675,45.77686],[12.02284,45.77763],[12.02247,45.77773],[12.02227,45.77782],[12.02055,45.77893],[12.01761,45.78158],[12.01729,45.78183],[12.01698,45.78203],[12.01615,45.78233],[12.01474,45.7826],[12.01301,45.78309],[12.0106,45.78387],[12.0082,45.7848],[12.00778,45.78491],[12.00712,45.78504],[12.0062,45.78518]]},"properties":{}},{"type":"Feature","geometry":{"type":"LineString","coordinates":[[12.00826,45.66668],[12.00787,45.66664]]},"properties":{}},{"type":"Feature","geometry":{"type":"LineString","coordinates":[[12.00787,45.66664],[12.00821,45.66655]]},"properties":{}},{"type":"Feature","geometry":{"type":"LineString","coordinates":[[12.00808,45.66623],[12.00846,45.66649]]},"properties":{}},{"type":"Feature","geometry":{"type":"LineString","coordinates":[[12.00822,45.66653],[12.00808,45.66623]]},"properties":{}},{"type":"Feature","geometry":{"type":"LineString","coordinates":[[12.00826,45.66668],[12.0082,45.66662],[12.00821,45.66655]]},"properties":{}},{"type":"Feature","geometry":{"type":"LineString","coordinates":[[12.00821,45.66655],[12.00822,45.66653]]},"properties":{}},{"type":"Feature","geometry":{"type":"LineString","coordinates":[[12.00822,45.66653],[12.00833,45.66648],[12.00846,45.66649]]},"properties":{}},{"type":"Feature","geometry":{"type":"LineString","coordinates":[[12.00895,45.66661],[12.0088,45.66666],[12.00856,45.66679],[12.00826,45.66668]]},"properties":{}},{"type":"Feature","geometry":{"type":"LineString","coordinates":[[12.00846,45.66649],[12.00868,45.66658],[12.00895,45.66661]]},"properties":{}},{"type":"Feature","geometry":{"type":"LineString","coordinates":[[12.00849,45.68518],[12.01219,45.6864],[12.01325,45.68663],[12.01472,45.68688],[12.01611,45.68686],[12.0188,45.68646],[12.01941,45.68642],[12.02396,45.68674],[12.02695,45.68689]]},"properties":{}},{"type":"Feature","geometry":{"type":"LineString","coordinates":[[12.00895,45.66661],[12.01123,45.66655],[12.01153,45.66651],[12.01176,45.66642],[12.01224,45.66617],[12.01391,45.6654],[12.01437,45.66525],[12.01486,45.66514],[12.01807,45.6649],[12.02073,45.66452],[12.02147,45.66445],[12.022,45.66443],[12.02473,45.66449]]},"properties":{}},{"type":"Feature","geometry":{"type":"LineString","coordinates":[[12.0104,45.50256],[12.00939,45.5]]},"properties":{}},{"type":"Feature","geometry":{"type":"LineString","coordinates":[[12.00997,45.74326],[12.00994,45.74297],[12.00981,45.74276],[12.00983,45.7426],[12.00992,45.74251],[12.01009,45.74244],[12.01029,45.74243],[12.01047,45.7425],[12.01059,45.74264],[12.01058,45.74292],[12.01066,45.74323],[12.01058,45.74366]]},"properties":{}},{"type":"Feature","geometry":{"type":"LineString","coordinates":[[12.01058,45.74366],[12.01058,45.74324],[12.01055,45.74315],[12.01048,45.74307],[12.01022,45.74298],[12.01008,45.74306],[12.00997,45.74326]]},"properties":{}},{"type":"Feature","geometry":{"type":"LineString","coordinates":[[12.0105,45.50279],[12.01037,45.50278],[12.01028,45.50269],[12.0103,45.50261],[12.0104,45.50256]]},"properties":{}},{"type":"Feature","geometry":{"type":"LineString","coordinates":[[12.0104,45.50256],[12.01054,45.50257],[12.01063,45.50266],[12.01061,45.50273],[12.0105,45.50279]]},"properties":{}},{"type":"Feature","geometry":{"type":"LineString","coordinates":[[12.0211,45.5072],[12.01536,45.50824],[12.01465,45.50827],[12.01417,45.50823],[12.01356,45.50809],[12.01331,45.508],[12.01287,45.50777],[12.01266,45.50762],[12.01233,45.50731],[12.01211,45.50699],[12.01186,45.50648],[12.0105,45.50279]]},"properties":{}},{"type":"Feature","geometry":{"type":"LineString","coordinates":[[12.01058,45.74366],[12.01059,45.74386],[12.01067,45.74415],[12.01095,45.74471],[12.01485,45.75148],[12.01543,45.75242],[12.01682,45.75403]]},"properties":{}},{"type":"Feature","geometry":{"type":"LineString","coordinates":[[12.01291,45.83253],[12.01282,45.83249],[12.00873,45.83195],[12.00838,45.83187],[12.0076,45.83166],[12.00645,45.83125],[12.00538,45.83069],[12.0061,45.83002],[12.00731,45.82927],[12.00932,45.82782],[12.01023,45.82708],[12.01047,45.82674],[12.01109,45.82496],[12.01156,45.82347],[12.01162,45.82318],[12.01175,45.82246],[12.01244,45.81696],[12.01267,45.81552],[12.01278,45.81461]]},"properties":{}},{"type":"Feature","geometry":{"type":"LineString","coordinates":[[12.01278,45.81461],[12.01258,45.81439],[12.0126,45.81433],[12.01273,45.81425],[12.01284,45.81403],[12.01282,45.81381],[12.01273,45.8137],[12.01272,45.81364],[12.01276,45.81353],[12.01297,45.81342],[12.01317,45.81342],[12.0135,45.81361],[12.01377,45.81368]]},"properties":{}},{"type":"Feature","geometry":{"type":"LineString","coordinates":[[12.01377,45.81368],[12.01335,45.81374],[12.01329,45.8138],[12.01311,45.81387],[12.01299,45.81397],[12.01291,45.81406],[12.01282,45.81426],[12.01278,45.81461]]},"properties":{}},{"type":"Feature","geometry":{"type":"LineString","coordinates":[[12.01291,45.83253],[12.01293,45.83263],[12.01259,45.83361],[12.01221,45.8342],[12.01142,45.83609],[12.01135,45.83632],[12.0114,45.83649],[12.01152,45.83664],[12.01239,45.83741],[12.01274,45.83781],[12.01359,45.83897]]},"properties":{}},{"type":"Feature","geometry":{"type":"LineString","coordinates":[[12.01291,45.83253],[12.01369,45.83242],[12.01402,45.8324],[12.01539,45.8325],[12.01591,45.83269],[12.01731,45.83335],[12.01752,45.83346],[12.01799,45.83381],[12.01821,45.83393],[12.01843,45.83401],[12.01888,45.83409],[12.02134,45.8343],[12.02195,45.83444],[12.02349,45.83487],[12.02408,45.83496],[12.02465,45.8349],[12.03056,45.83384],[12.03114,45.83381],[12.03196,45.83391]]},"properties":{}},{"type":"Feature","geometry":{"type":"LineString","coordinates":[[12.01359,45.83897],[12.01381,45.8391],[12.01403,45.83916],[12.01411,45.83921],[12.01411,45.83929],[12.01402,45.8394],[12.01402,45.83953]]},"properties":{}},{"type":"Feature","geometry":{"type":"LineString","coordinates":[[12.01402,45.83953],[12.01381,45.83931],[12.01373,45.83914],[12.01359,45.83897]]},"properties":{}},{"type":"Feature","geometry":{"type":"LineString","coordinates":[[12.01377,45.81368],[12.01478,45.81368]]},"properties":{}},{"type":"Feature","geometry":{"type":"LineString","coordinates":[[12.01402,45.83953],[12.01586,45.84209]]},"properties":{}},{"type":"Feature","geometry":{"type":"LineString","coordinates":[[12.01634,45.81329],[12.01626,45.8137],[12.01632,45.81381],[12.01631,45.81395],[12.01618,45.81409],[12.01605,45.81414],[12.01577,45.81416],[12.01563,45.81411],[12.01553,45.81404],[12.01545,45.8139],[12.01533,45.81381],[12.01508,45.81373],[12.01478,45.81368]]},"properties":{}},{"type":"Feature","geometry":{"type":"LineString","coordinates":[[12.01478,45.81368],[12.01546,45.81364],[12.01578,45.81356],[12.01593,45.81355],[12.01634,45.81329]]},"properties":{}},{"type":"Feature","geometry":{"type":"LineString","coordinates":[[12.01586,45.84209],[12.01619,45.84236],[12.0163,45.84239],[12.01645,45.8425],[12.01667,45.84316]]},"properties":{}},{"type":"Feature","geometry":{"type":"LineString","coordinates":[[12.01667,45.84316],[12.01654,45.84305],[12.01627,45.84291],[12.01593,45.84285],[12.01577,45.84275],[12.01574,45.84262],[12.01575,45.84255],[12.01587,45.84242],[12.01586,45.84209]]},"properties":{}},{"type":"Feature","geometry":{"type":"LineString","coordinates":[[12.03795,45.79691],[12.03612,45.79869],[12.03531,45.79941],[12.0345,45.80001],[12.02817,45.80406],[12.02475,45.80614],[12.01994,45.80914],[12.01912,45.80975],[12.0185,45.81041],[12.01634,45.81329]]},"properties":{}},{"type":"Feature","geometry":{"type":"LineString","coordinates":[[12.01667,45.84316],[12.01902,45.8463],[12.0222,45.85064],[12.02324,45.85197],[12.02376,45.85277],[12.02443,45.85367]]},"properties":{}},{"type":"Feature","geometry":{"type":"LineString","coordinates":[[12.01682,45.75403],[12.01854,45.75593],[12.01894,45.75633],[12.02029,45.75753],[12.02197,45.75894],[12.0235,45.76014],[12.02378,45.76045],[12.02399,45.76075],[12.02551,45.76443],[12.02755,45.76735],[12.02773,45.76778],[12.028,45.7689],[12.028,45.76913],[12.02787,45.7692]]},"properties":{}},{"type":"Feature","geometry":{"type":"LineString","coordinates":[[12.03494,45.75302],[12.03231,45.75251],[12.02955,45.75247],[12.02906,45.75255],[12.02713,45.75298],[12.02579,45.75325],[12.02421,45.75334],[12.02343,45.75345],[12.02259,45.75351],[12.02068,45.75339],[12.02,45.7534],[12.01886,45.75349],[12.01774,45.75362],[12.01682,45.75403]]},"properties":{}},{"type":"Feature","geometry":{"type":"LineString","coordinates":[[12.02026,45.6072],[12.02053,45.6072],[12.02118,45.60715]]},"properties":{}},{"type":"Feature","geometry":{"type":"LineString","coordinates":[[12.02118,45.60715],[12.02101,45.60725],[12.02092,45.60741],[12.02074,45.60746],[12.02062,45.60743],[12.02041,45.60724],[12.02026,45.6072]]},"properties":{}},{"type":"Feature","geometry":{"type":"LineString","coordinates":[[12.0211,45.5072],[12.02124,45.50715],[12.02135,45.50708]]},"properties":{}},{"type":"Feature","geometry":{"type":"LineString","coordinates":[[12.02141,45.50718],[12.0211,45.5072]]},"properties":{}},{"type":"Feature","geometry":{"type":"LineString","coordinates":[[12.04087,45.59353],[12.04011,45.59446],[12.03993,45.59476],[12.03976,45.59521],[12.03965,45.59585],[12.03958,45.59707],[12.03957,45.5977],[12.03964,45.59941],[12.0395,45.59975],[12.03941,45.59988],[12.03919,45.60008],[12.03877,45.60032],[12.03834,45.60046],[12.03541,45.60076],[12.03422,45.60102],[12.03305,45.60136],[12.0324,45.60167],[12.02913,45.60382],[12.02848,45.60437],[12.02713,45.60562],[12.02666,45.60592],[12.02626,45.60609],[12.02582,45.60621],[12.02363,45.60667],[12.02288,45.60677],[12.02118,45.60715]]},"properties":{}},{"type":"Feature","geometry":{"type":"LineString","coordinates":[[12.02141,45.50718],[12.02135,45.50708]]},"properties":{}},{"type":"Feature","geometry":{"type":"LineString","coordinates":[[12.02135,45.50708],[12.02139,45.50702],[12.02146,45.50698],[12.02163,45.50701]]},"properties":{}},{"type":"Feature","geometry":{"type":"LineString","coordinates":[[12.02167,45.50714],[12.02156,45.50721],[12.02141,45.50718]]},"properties":{}},{"type":"Feature","geometry":{"type":"LineString","coordinates":[[12.02163,45.50701],[12.02178,45.50706],[12.02191,45.50706]]},"properties":{}},{"type":"Feature","geometry":{"type":"LineString","coordinates":[[12.02163,45.50701],[12.02168,45.50706],[12.02167,45.50714]]},"properties":{}},{"type":"Feature","geometry":{"type":"LineString","coordinates":[[12.02191,45.50706],[12.02175,45.50709],[12.02167,45.50714]]},"properties":{}},{"type":"Feature","geometry":{"type":"LineString","coordinates":[[12.03891,45.5039],[12.0309,45.50539],[12.0305,45.50549],[12.03032,45.50556],[12.0302,45.50554],[12.02966,45.50562],[12.02191,45.50706]]},"properties":{}},{"type":"Feature","geometry":{"type":"LineString","coordinates":[[12.02208,45.8639],[12.02248,45.86357],[12.02272,45.8633]]},"properties":{}},{"type":"Feature","geometry":{"type":"LineString","coordinates":[[12.02298,45.86351],[12.02208,45.8639]]},"properties":{}},{"type":"Feature","geometry":{"type":"LineString","coordinates":[[12.02298,45.86351],[12.02284,45.86353],[12.0227,45.86348],[12.02268,45.8634],[12.02272,45.8633]]},"properties":{}},{"type":"Feature","geometry":{"type":"LineString","coordinates":[[12.02272,45.8633],[12.02466,45.86067],[12.0248,45.86038]]},"properties":{}},{"type":"Feature","geometry":{"type":"LineString","coordinates":[[12.02718,45.86102],[12.02663,45.8613],[12.02415,45.8629],[12.02298,45.86351]]},"properties":{}},{"type":"Feature","geometry":{"type":"LineString","coordinates":[[12.02443,45.85367],[12.02482,45.85382]]},"properties":{}},{"type":"Feature","geometry":{"type":"LineString","coordinates":[[12.02466,45.85399],[12.02443,45.85367]]},"properties":{}},{"type":"Feature","geometry":{"type":"LineString","coordinates":[[12.0246,45.85585],[12.02457,45.85608],[12.02456,45.85657],[12.0248,45.86038]]},"properties":{}},{"type":"Feature","geometry":{"type":"LineString","coordinates":[[12.0246,45.85585],[12.02454,45.85564],[12.02449,45.85558],[12.02449,45.85552],[12.02473,45.85536]]},"properties":{}},{"type":"Feature","geometry":{"type":"LineString","coordinates":[[12.02473,45.85536],[12.02481,45.85556],[12.02478,45.85562],[12.0247,45.85566],[12.0246,45.85585]]},"properties":{}},{"type":"Feature","geometry":{"type":"LineString","coordinates":[[12.02495,45.85454],[12.02492,45.85433],[12.02466,45.85399]]},"properties":{}},{"type":"Feature","geometry":{"type":"LineString","coordinates":[[12.02466,45.85399],[12.0247,45.85388],[12.02482,45.85382]]},"properties":{}},{"type":"Feature","geometry":{"type":"LineString","coordinates":[[12.02473,45.85536],[12.02495,45.85454]]},"properties":{}},{"type":"Feature","geometry":{"type":"LineString","coordinates":[[12.02473,45.66449],[12.0255,45.66449],[12.0275,45.6643],[12.03041,45.66425],[12.03452,45.66412],[12.03662,45.66399],[12.03776,45.66382],[12.03847,45.66367],[12.0409,45.66287],[12.04398,45.66245],[12.04549,45.66209],[12.04687,45.66183],[12.04832,45.66172]]},"properties":{}},{"type":"Feature","geometry":{"type":"LineString","coordinates":[[12.02473,45.66449],[12.02475,45.66444],[12.02493,45.66427],[12.02697,45.66089],[12.02717,45.66071],[12.02743,45.66061],[12.02771,45.66057],[12.0306,45.66047],[12.03157,45.6605],[12.03529,45.66045],[12.0354,45.66046],[12.03687,45.66096],[12.03704,45.66099],[12.03931,45.66046],[12.03955,45.66038],[12.03994,45.66018],[12.04051,45.66003],[12.04109,45.66003],[12.04141,45.6601],[12.04201,45.66029],[12.04211,45.66029],[12.04216,45.66027],[12.04236,45.65983],[12.04242,45.65977],[12.04252,45.65974],[12.04411,45.65985],[12.04507,45.66008],[12.04533,45.66017],[12.04602,45.66058],[12.04628,45.66067],[12.04716,45.66072],[12.04761,45.66081],[12.04798,45.66107],[12.04818,45.66136],[12.04832,45.66172]]},"properties":{}},{"type":"Feature","geometry":{"type":"LineString","coordinates":[[12.0248,45.86038],[12.02492,45.8605],[12.02509,45.86054],[12.02597,45.86049],[12.02637,45.86051],[12.02675,45.86057],[12.02729,45.86075]]},"properties":{}},{"type":"Feature","geometry":{"type":"LineString","coordinates":[[12.02482,45.85382],[12.02497,45.85382]]},"properties":{}},{"type":"Feature","geometry":{"type":"LineString","coordinates":[[12.0251,45.85394],[12.02503,45.85435],[12.02495,45.85454]]},"properties":{}},{"type":"Feature","geometry":{"type":"LineString","coordinates":[[12.02497,45.85382],[12.02508,45.85389],[12.0251,45.85394]]},"properties":{}},{"type":"Feature","geometry":{"type":"LineString","coordinates":[[12.02497,45.85382],[12.02509,45.85376],[12.02519,45.85366]]},"properties":{}},{"type":"Feature","geometry":{"type":"LineString","coordinates":[[12.02519,45.85366],[12.0251,45.85394]]},"properties":{}},{"type":"Feature","geometry":{"type":"LineString","coordinates":[[12.03196,45.83391],[12.0317,45.83467],[12.03124,45.83541],[12.02897,45.83796],[12.0272,45.83942],[12.02703,45.8396],[12.02691,45.8398],[12.02678,45.84039],[12.02676,45.84062],[12.02692,45.84231],[12.02722,45.84301],[12.02809,45.84476],[12.02819,45.84513],[12.02832,45.84609],[12.02832,45.84635],[12.02824,45.84663],[12.028,45.84706],[12.02621,45.85],[12.02608,45.85039],[12.02519,45.85366]]},"properties":{}},{"type":"Feature","geometry":{"type":"LineString","coordinates":[[12.03189,45.68697],[12.03091,45.687],[12.02932,45.68698],[12.02768,45.68694],[12.02695,45.68689]]},"properties":{}},{"type":"Feature","geometry":{"type":"LineString","coordinates":[[12.02695,45.68689],[12.03189,45.68697]]},"properties":{}},{"type":"Feature","geometry":{"type":"LineString","coordinates":[[12.02729,45.86075],[12.02733,45.86084],[12.02731,45.8609],[12.02718,45.86102]]},"properties":{}},{"type":"Feature","geometry":{"type":"LineString","coordinates":[[12.02778,45.86097],[12.02747,45.86096],[12.02718,45.86102]]},"properties":{}},{"type":"Feature","geometry":{"type":"LineString","coordinates":[[12.02729,45.86075],[12.02778,45.86097]]},"properties":{}},{"type":"Feature","geometry":{"type":"LineString","coordinates":[[12.02743,45.7693],[12.02781,45.76922]]},"properties":{}},{"type":"Feature","geometry":{"type":"LineString","coordinates":[[12.02781,45.7694],[12.0276,45.76932],[12.02743,45.7693]]},"properties":{}},{"type":"Feature","geometry":{"type":"LineString","coordinates":[[12.02778,45.86097],[12.02895,45.86146],[12.03155,45.86278],[12.03199,45.86293],[12.03233,45.863],[12.03275,45.86304],[12.03308,45.86304],[12.0336,45.86295],[12.03389,45.86286],[12.03467,45.8625],[12.03541,45.86208],[12.03603,45.86157],[12.03628,45.86142],[12.03656,45.86132],[12.03688,45.86129],[12.03744,45.86131],[12.03832,45.86151],[12.03852,45.86152],[12.03977,45.86122],[12.04079,45.86124],[12.04123,45.86115],[12.04279,45.86031],[12.04403,45.85961]]},"properties":{}},{"type":"Feature","geometry":{"type":"LineString","coordinates":[[12.02781,45.7694],[12.02774,45.7693],[12.02781,45.76922]]},"properties":{}},{"type":"Feature","geometry":{"type":"LineString","coordinates":[[12.02781,45.76922],[12.02787,45.7692]]},"properties":{}},{"type":"Feature","geometry":{"type":"LineString","coordinates":[[12.02813,45.76965],[12.02803,45.76953],[12.02781,45.7694]]},"properties":{}},{"type":"Feature","geometry":{"type":"LineString","coordinates":[[12.02787,45.7692],[12.02797,45.76922],[12.02804,45.76927],[12.02813,45.76965]]},"properties":{}},{"type":"Feature","geometry":{"type":"LineString","coordinates":[[12.02872,45.77349],[12.02871,45.77267],[12.02813,45.76965]]},"properties":{}},{"type":"Feature","geometry":{"type":"LineString","coordinates":[[12.02872,45.77349],[12.03178,45.77358],[12.03334,45.77356],[12.0345,45.77347]]},"properties":{}},{"type":"Feature","geometry":{"type":"LineString","coordinates":[[12.02924,45.77695],[12.02923,45.77689],[12.02908,45.77667],[12.02905,45.77658],[12.02897,45.77633],[12.0289,45.77573],[12.02868,45.77511],[12.02865,45.77486],[12.02872,45.77349]]},"properties":{}},{"type":"Feature","geometry":{"type":"LineString","coordinates":[[12.03479,45.77561],[12.03356,45.77584],[12.0304,45.77677],[12.02972,45.77691],[12.02924,45.77695]]},"properties":{}},{"type":"Feature","geometry":{"type":"LineString","coordinates":[[12.03189,45.68697],[12.03954,45.68708],[12.04011,45.68705],[12.04259,45.68669],[12.04316,45.68657],[12.04923,45.68495],[12.0501,45.68479],[12.051,45.68474],[12.05774,45.68487],[12.06069,45.68456],[12.06262,45.68432],[12.06363,45.68414],[12.0644,45.68389],[12.06502,45.68356],[12.06726,45.68213],[12.06769,45.68195],[12.06806,45.68185],[12.07113,45.68126],[12.07651,45.68062],[12.08013,45.68001]]},"properties":{}},{"type":"Feature","geometry":{"type":"LineString","coordinates":[[12.03196,45.83391],[12.03236,45.83272],[12.03261,45.83207],[12.03282,45.8316],[12.03411,45.82935],[12.03448,45.82823],[12.03498,45.82654],[12.03608,45.82434],[12.03662,45.82305],[12.03667,45.82282],[12.03666,45.82267],[12.03659,45.82196],[12.03644,45.821],[12.03618,45.82005],[12.03616,45.81972],[12.03622,45.81943],[12.03639,45.81897],[12.03729,45.81701],[12.03851,45.81471],[12.03868,45.81407],[12.03893,45.81267],[12.03878,45.8094],[12.0386,45.80885],[12.0381,45.80773],[12.03806,45.80711],[12.03813,45.80541],[12.03838,45.80436],[12.03931,45.80079],[12.03963,45.79982],[12.03998,45.79895],[12.04059,45.79754],[12.04245,45.79519],[12.04269,45.79467],[12.04277,45.79408]]},"properties":{}},{"type":"Feature","geometry":{"type":"LineString","coordinates":[[12.0345,45.77347],[12.0345,45.77415],[12.03497,45.77526],[12.03511,45.77544]]},"properties":{}},{"type":"Feature","geometry":{"type":"LineString","coordinates":[[12.0345,45.77347],[12.03453,45.7727]]},"properties":{}},{"type":"Feature","geometry":{"type":"LineString","coordinates":[[12.03453,45.7727],[12.03443,45.77252],[12.03454,45.77238]]},"properties":{}},{"type":"Feature","geometry":{"type":"LineString","coordinates":[[12.03463,45.77256],[12.03455,45.77263],[12.03453,45.7727]]},"properties":{}},{"type":"Feature","geometry":{"type":"LineString","coordinates":[[12.03454,45.77238],[12.03465,45.7725],[12.03463,45.77256]]},"properties":{}},{"type":"Feature","geometry":{"type":"LineString","coordinates":[[12.03454,45.77238],[12.03466,45.77049],[12.03486,45.76859],[12.03479,45.76761],[12.03443,45.76628],[12.03443,45.76617],[12.03455,45.76576],[12.03471,45.76375],[12.03469,45.76354],[12.03436,45.76278],[12.03404,45.76115],[12.03394,45.76014],[12.03368,45.75941],[12.03345,45.75831],[12.03341,45.7581],[12.03342,45.75774],[12.03354,45.75697],[12.03406,45.75472],[12.03494,45.75302]]},"properties":{}},{"type":"Feature","geometry":{"type":"LineString","coordinates":[[12.04382,45.76938],[12.04332,45.77133],[12.04328,45.77152],[12.04332,45.7716],[12.04324,45.77167],[12.04311,45.77167],[12.04286,45.77152],[12.0423,45.77138],[12.04191,45.77135],[12.04162,45.77141],[12.04089,45.77171],[12.04053,45.7718],[12.03854,45.77195],[12.03791,45.77203],[12.03594,45.77238],[12.03534,45.77246],[12.0348,45.77249],[12.03463,45.77256]]},"properties":{}},{"type":"Feature","geometry":{"type":"LineString","coordinates":[[12.03498,45.77562],[12.03479,45.77561]]},"properties":{}},{"type":"Feature","geometry":{"type":"LineString","coordinates":[[12.03479,45.77561],[12.03493,45.77553]]},"properties":{}},{"type":"Feature","geometry":{"type":"LineString","coordinates":[[12.03498,45.77562],[12.03493,45.77553]]},"properties":{}},{"type":"Feature","geometry":{"type":"LineString","coordinates":[[12.03493,45.77553],[12.03498,45.77547],[12.03511,45.77544]]},"properties":{}},{"type":"Feature","geometry":{"type":"LineString","coordinates":[[12.03494,45.75302],[12.0352,45.75273]]},"properties":{}},{"type":"Feature","geometry":{"type":"LineString","coordinates":[[12.03638,45.77532],[12.03597,45.77543],[12.03535,45.77554],[12.03512,45.77565],[12.03498,45.77562]]},"properties":{}},{"type":"Feature","geometry":{"type":"LineString","coordinates":[[12.03511,45.77544],[12.03524,45.77548],[12.03541,45.77548],[12.03638,45.77532]]},"properties":{}},{"type":"Feature","geometry":{"type":"LineString","coordinates":[[12.04397,45.76871],[12.04421,45.76776],[12.04431,45.7675],[12.04592,45.76503],[12.04882,45.75905],[12.04945,45.75782],[12.04999,45.75659],[12.0501,45.75617],[12.05012,45.75574],[12.04994,45.75204],[12.04967,45.75207],[12.04919,45.75204],[12.04783,45.75189],[12.04749,45.75189],[12.04703,45.75197],[12.04655,45.75215],[12.04539,45.75236],[12.04482,45.75263],[12.04455,45.75268],[12.04197,45.75262],[12.04174,45.75051],[12.04169,45.75033],[12.04132,45.74978],[12.04058,45.74925],[12.03833,45.74931],[12.03636,45.74955],[12.03597,45.74956],[12.03594,45.75028],[12.03537,45.75251],[12.03523,45.75269]]},"properties":{}},{"type":"Feature","geometry":{"type":"LineString","coordinates":[[12.04226,45.775],[12.04029,45.77475],[12.03984,45.77474],[12.03957,45.77476],[12.03638,45.77532]]},"properties":{}},{"type":"Feature","geometry":{"type":"LineString","coordinates":[[12.04235,45.79423],[12.04115,45.79513],[12.04002,45.79584],[12.03857,45.79666]]},"properties":{}},{"type":"Feature","geometry":{"type":"LineString","coordinates":[[12.03911,45.50386],[12.03911,45.5039],[12.03905,45.50395],[12.03897,45.50394],[12.03891,45.5039]]},"properties":{}},{"type":"Feature","geometry":{"type":"LineString","coordinates":[[12.03891,45.5039],[12.03891,45.50386],[12.03897,45.50381],[12.03907,45.50382],[12.03911,45.50386]]},"properties":{}},{"type":"Feature","geometry":{"type":"LineString","coordinates":[[12.03911,45.50386],[12.04771,45.50223],[12.05982,45.5]]},"properties":{}},{"type":"Feature","geometry":{"type":"LineString","coordinates":[[12.04087,45.59353],[12.04133,45.59299],[12.04139,45.59288],[12.04138,45.59272],[12.04141,45.59265],[12.0419,45.59248]]},"properties":{}},{"type":"Feature","geometry":{"type":"LineString","coordinates":[[12.0419,45.59248],[12.04155,45.59292],[12.04151,45.59299],[12.04152,45.59321],[12.04149,45.59325],[12.04112,45.59337],[12.04087,45.59353]]},"properties":{}},{"type":"Feature","geometry":{"type":"LineString","coordinates":[[12.05014,45.59183],[12.04882,45.59197],[12.04274,45.59225],[12.04232,45.59232],[12.0419,45.59248]]},"properties":{}},{"type":"Feature","geometry":{"type":"LineString","coordinates":[[12.04226,45.775],[12.0427,45.77506],[12.04278,45.77502]]},"properties":{}},{"type":"Feature","geometry":{"type":"LineString","coordinates":[[12.04327,45.77529],[12.04226,45.775]]},"properties":{}},{"type":"Feature","geometry":{"type":"LineString","coordinates":[[12.04235,45.79423],[12.04274,45.79389],[12.04287,45.79384]]},"properties":{}},{"type":"Feature","geometry":{"type":"LineString","coordinates":[[12.04277,45.79408],[12.04235,45.79423]]},"properties":{}},{"type":"Feature","geometry":{"type":"LineString","coordinates":[[12.04277,45.79408],[12.04287,45.79384]]},"properties":{}},{"type":"Feature","geometry":{"type":"LineString","coordinates":[[12.04327,45.77529],[12.04284,45.77511],[12.04278,45.77502]]},"properties":{}},{"type":"Feature","geometry":{"type":"LineString","coordinates":[[12.04278,45.77502],[12.04298,45.77387],[12.04305,45.77379],[12.04317,45.77374],[12.04471,45.77369],[12.04705,45.77398],[12.04786,45.77403]]},"properties":{}},{"type":"Feature","geometry":{"type":"LineString","coordinates":[[12.04287,45.79384],[12.04745,45.78966],[12.04801,45.7893],[12.04922,45.78864],[12.05037,45.7881],[12.05112,45.78771],[12.05165,45.78727],[12.05253,45.78634],[12.05306,45.78571]]},"properties":{}},{"type":"Feature","geometry":{"type":"LineString","coordinates":[[12.0462,45.77744],[12.04403,45.77697],[12.04401,45.77693],[12.0444,45.77604],[12.04445,45.77587],[12.04443,45.77577],[12.04432,45.77566],[12.04422,45.77562],[12.04327,45.77529]]},"properties":{}},{"type":"Feature","geometry":{"type":"LineString","coordinates":[[12.04382,45.76938],[12.0438,45.76925],[12.04367,45.76913],[12.04366,45.76907],[12.04368,45.76902],[12.04387,45.76889],[12.04397,45.76871]]},"properties":{}},{"type":"Feature","geometry":{"type":"LineString","coordinates":[[12.04397,45.76871],[12.04392,45.76902],[12.04394,45.76911],[12.04387,45.76917],[12.04382,45.76938]]},"properties":{}},{"type":"Feature","geometry":{"type":"LineString","coordinates":[[12.04403,45.85961],[12.04409,45.8595],[12.04409,45.85938],[12.04414,45.85933],[12.04439,45.85932],[12.04452,45.85925],[12.04485,45.85917]]},"properties":{}},{"type":"Feature","geometry":{"type":"LineString","coordinates":[[12.04485,45.85917],[12.04465,45.85939],[12.04434,45.85944],[12.04403,45.85961]]},"properties":{}},{"type":"Feature","geometry":{"type":"LineString","coordinates":[[12.04485,45.85917],[12.04637,45.85838],[12.04699,45.85813],[12.04782,45.85793],[12.04869,45.85785],[12.04972,45.85791],[12.05303,45.85832],[12.05602,45.85848],[12.05675,45.85846],[12.0582,45.85833],[12.05963,45.85816],[12.06097,45.8579],[12.06153,45.85788],[12.06208,45.85798],[12.06644,45.859]]},"properties":{}},{"type":"Feature","geometry":{"type":"LineString","coordinates":[[12.04651,45.77733],[12.04639,45.77742],[12.0462,45.77744]]},"properties":{}},{"type":"Feature","geometry":{"type":"LineString","coordinates":[[12.04654,45.77772],[12.04639,45.77753],[12.0462,45.77744]]},"properties":{}},{"type":"Feature","geometry":{"type":"LineString","coordinates":[[12.04651,45.77733],[12.04648,45.77752],[12.04654,45.77772]]},"properties":{}},{"type":"Feature","geometry":{"type":"LineString","coordinates":[[12.04718,45.77655],[12.04699,45.77653],[12.04687,45.77658],[12.04651,45.77733]]},"properties":{}},{"type":"Feature","geometry":{"type":"LineString","coordinates":[[12.04654,45.77772],[12.04668,45.77793]]},"properties":{}},{"type":"Feature","geometry":{"type":"LineString","coordinates":[[12.04668,45.77793],[12.04681,45.77812],[12.04701,45.77829]]},"properties":{}},{"type":"Feature","geometry":{"type":"LineString","coordinates":[[12.04701,45.77829],[12.04669,45.77822],[12.04668,45.77793]]},"properties":{}},{"type":"Feature","geometry":{"type":"LineString","coordinates":[[12.04991,45.78032],[12.04817,45.77918],[12.04701,45.77829]]},"properties":{}},{"type":"Feature","geometry":{"type":"LineString","coordinates":[[12.05111,45.77739],[12.04718,45.77655]]},"properties":{}},{"type":"Feature","geometry":{"type":"LineString","coordinates":[[12.04792,45.77408],[12.04789,45.77435],[12.04777,45.77473],[12.04698,45.77638],[12.04701,45.77646],[12.04718,45.77655]]},"properties":{}},{"type":"Feature","geometry":{"type":"LineString","coordinates":[[12.04786,45.77403],[12.04792,45.77408]]},"properties":{}},{"type":"Feature","geometry":{"type":"LineString","coordinates":[[12.04786,45.77403],[12.04793,45.77397]]},"properties":{}},{"type":"Feature","geometry":{"type":"LineString","coordinates":[[12.04793,45.77397],[12.04792,45.77408]]},"properties":{}},{"type":"Feature","geometry":{"type":"LineString","coordinates":[[12.0481,45.77308],[12.04793,45.77397]]},"properties":{}},{"type":"Feature","geometry":{"type":"LineString","coordinates":[[12.0481,45.77308],[12.04805,45.773],[12.04793,45.77291],[12.0479,45.77283],[12.04796,45.77277],[12.04823,45.77267]]},"properties":{}},{"type":"Feature","geometry":{"type":"LineString","coordinates":[[12.04823,45.77267],[12.04818,45.77277],[12.04819,45.77288],[12.04813,45.77295],[12.0481,45.77308]]},"properties":{}},{"type":"Feature","geometry":{"type":"LineString","coordinates":[[12.04823,45.77267],[12.0483,45.77258],[12.0492,45.77085],[12.0517,45.76758],[12.0526,45.76643],[12.05287,45.76614],[12.05444,45.76511],[12.0547,45.76482],[12.05737,45.76095],[12.05763,45.76049],[12.05773,45.76023],[12.05782,45.75989],[12.05806,45.75838],[12.05817,45.75569],[12.05917,45.75192],[12.05939,45.75123],[12.06107,45.74755],[12.06136,45.74707],[12.06223,45.74583],[12.06323,45.74412],[12.06408,45.74284],[12.0645,45.74215],[12.06481,45.74173],[12.06544,45.74076],[12.06563,45.74042],[12.0662,45.73919],[12.06698,45.73739]]},"properties":{}},{"type":"Feature","geometry":{"type":"LineString","coordinates":[[12.04832,45.66172],[12.0496,45.66167],[12.05001,45.66171],[12.05067,45.66185],[12.05093,45.66187],[12.05236,45.6618],[12.05431,45.66165],[12.05661,45.66171],[12.05691,45.66166],[12.05894,45.66108],[12.05945,45.661],[12.0606,45.66089],[12.06131,45.66078],[12.06221,45.6606],[12.06435,45.66005],[12.06574,45.65982],[12.06662,45.65975],[12.06742,45.65973],[12.06949,45.65989],[12.07125,45.65986],[12.07301,45.65988],[12.07361,45.65985],[12.07442,45.65971]]},"properties":{}},{"type":"Feature","geometry":{"type":"LineString","coordinates":[[12.04991,45.78032],[12.05029,45.78034],[12.05038,45.78039]]},"properties":{}},{"type":"Feature","geometry":{"type":"LineString","coordinates":[[12.05021,45.78054],[12.04991,45.78032]]},"properties":{}},{"type":"Feature","geometry":{"type":"LineString","coordinates":[[12.05011,45.59116],[12.05014,45.59183]]},"properties":{}},{"type":"Feature","geometry":{"type":"LineString","coordinates":[[12.10186,45.57544],[12.10014,45.57581],[12.09919,45.57597],[12.09834,45.57609],[12.09777,45.57612],[12.09769,45.57616],[12.09743,45.57619],[12.09685,45.57633],[12.09492,45.57673],[12.09401,45.57688],[12.09349,45.5769],[12.09219,45.57671],[12.09141,45.5767],[12.09018,45.57685],[12.08809,45.57735],[12.08676,45.57752],[12.08323,45.57781],[12.08187,45.57788],[12.08006,45.57793],[12.07807,45.57819],[12.07625,45.57838],[12.07343,45.57846],[12.07181,45.57864],[12.07065,45.57881],[12.0699,45.57895],[12.06894,45.5792],[12.06854,45.57933],[12.06798,45.57959],[12.06679,45.58029],[12.06648,45.5806],[12.06589,45.58143],[12.06568,45.58161],[12.06535,45.58178],[12.0648,45.58197],[12.06069,45.58295],[12.05998,45.58316],[12.05973,45.5833],[12.05659,45.58598],[12.05616,45.58627],[12.05579,45.5864],[12.05547,45.58646],[12.05291,45.5867],[12.05193,45.58705],[12.05176,45.58724],[12.05147,45.58748],[12.05123,45.58793],[12.05117,45.58818],[12.05116,45.59073],[12.05122,45.59135],[12.05119,45.59145],[12.05109,45.5916],[12.05087,45.5917],[12.05071,45.59175],[12.05014,45.59183]]},"properties":{}},{"type":"Feature","geometry":{"type":"LineString","coordinates":[[12.05038,45.78048],[12.0503,45.78053],[12.05021,45.78054]]},"properties":{}},{"type":"Feature","geometry":{"type":"LineString","coordinates":[[12.0503,45.78062],[12.05021,45.78054]]},"properties":{}},{"type":"Feature","geometry":{"type":"LineString","coordinates":[[12.05038,45.78048],[12.0504,45.78069],[12.05161,45.78173],[12.05177,45.7819],[12.05216,45.78253]]},"properties":{}},{"type":"Feature","geometry":{"type":"LineString","coordinates":[[12.05038,45.78039],[12.05038,45.78048]]},"properties":{}},{"type":"Feature","geometry":{"type":"LineString","coordinates":[[12.0515,45.77743],[12.05137,45.77753],[12.05124,45.7778],[12.05038,45.78039]]},"properties":{}},{"type":"Feature","geometry":{"type":"LineString","coordinates":[[12.05111,45.77739],[12.05141,45.77737],[12.05159,45.77722]]},"properties":{}},{"type":"Feature","geometry":{"type":"LineString","coordinates":[[12.0515,45.77743],[12.05111,45.77739]]},"properties":{}},{"type":"Feature","geometry":{"type":"LineString","coordinates":[[12.05168,45.77742],[12.0515,45.77743]]},"properties":{}},{"type":"Feature","geometry":{"type":"LineString","coordinates":[[12.05168,45.77742],[12.05157,45.77733],[12.05159,45.77722]]},"properties":{}},{"type":"Feature","geometry":{"type":"LineString","coordinates":[[12.05159,45.77722],[12.0516,45.77721]]},"properties":{}},{"type":"Feature","geometry":{"type":"LineString","coordinates":[[12.0516,45.77721],[12.05165,45.77702],[12.05172,45.77691]]},"properties":{}},{"type":"Feature","geometry":{"type":"LineString","coordinates":[[12.0516,45.77721],[12.05169,45.77716],[12.05183,45.77715]]},"properties":{}},{"type":"Feature","geometry":{"type":"LineString","coordinates":[[12.05197,45.77726],[12.05197,45.77732],[12.05191,45.77739],[12.05179,45.77743],[12.05168,45.77742]]},"properties":{}},{"type":"Feature","geometry":{"type":"LineString","coordinates":[[12.05172,45.77691],[12.05177,45.7771],[12.05183,45.77715]]},"properties":{}},{"type":"Feature","geometry":{"type":"LineString","coordinates":[[12.05172,45.77691],[12.05176,45.77677],[12.0521,45.77635],[12.05224,45.77623],[12.05328,45.77573]]},"properties":{}},{"type":"Feature","geometry":{"type":"LineString","coordinates":[[12.05183,45.77715],[12.05186,45.77716]]},"properties":{}},{"type":"Feature","geometry":{"type":"LineString","coordinates":[[12.05186,45.77716],[12.05197,45.77726]]},"properties":{}},{"type":"Feature","geometry":{"type":"LineString","coordinates":[[12.05186,45.77716],[12.052,45.77713]]},"properties":{}},{"type":"Feature","geometry":{"type":"LineString","coordinates":[[12.05211,45.77711],[12.05197,45.77726]]},"properties":{}},{"type":"Feature","geometry":{"type":"LineString","coordinates":[[12.052,45.77713],[12.05227,45.77691],[12.05258,45.77676],[12.05284,45.77671],[12.05299,45.7766],[12.05311,45.77657],[12.0539,45.77614]]},"properties":{}},{"type":"Feature","geometry":{"type":"LineString","coordinates":[[12.052,45.77713],[12.05211,45.77711]]},"properties":{}},{"type":"Feature","geometry":{"type":"LineString","coordinates":[[12.05783,45.77827],[12.05668,45.77813],[12.05399,45.77771],[12.05389,45.77764],[12.0537,45.77731],[12.05357,45.7772],[12.05283,45.77683],[12.05264,45.77684],[12.05253,45.77688],[12.05211,45.77711]]},"properties":{}},{"type":"Feature","geometry":{"type":"LineString","coordinates":[[12.05216,45.78253],[12.05232,45.78274]]},"properties":{}},{"type":"Feature","geometry":{"type":"LineString","coordinates":[[12.05232,45.78274],[12.05216,45.78253]]},"properties":{}},{"type":"Feature","geometry":{"type":"LineString","coordinates":[[12.05347,45.78415],[12.05232,45.78274]]},"properties":{}},{"type":"Feature","geometry":{"type":"LineString","coordinates":[[12.05306,45.78571],[12.05352,45.78516],[12.05364,45.78497],[12.0537,45.78476]]},"properties":{}},{"type":"Feature","geometry":{"type":"LineString","coordinates":[[12.05449,45.78476],[12.05396,45.78503],[12.05306,45.78571]]},"properties":{}},{"type":"Feature","geometry":{"type":"LineString","coordinates":[[12.05386,45.77558],[12.05368,45.7756],[12.05357,45.77572],[12.05343,45.7758],[12.05336,45.77579],[12.05328,45.77573]]},"properties":{}},{"type":"Feature","geometry":{"type":"LineString","coordinates":[[12.05328,45.77573],[12.05421,45.77512]]},"properties":{}},{"type":"Feature","geometry":{"type":"LineString","coordinates":[[12.05347,45.78415],[12.05381,45.78442],[12.05407,45.78452]]},"properties":{}},{"type":"Feature","geometry":{"type":"LineString","coordinates":[[12.0537,45.78476],[12.05362,45.7844],[12.05347,45.78415]]},"properties":{}},{"type":"Feature","geometry":{"type":"LineString","coordinates":[[12.0537,45.78476],[12.05373,45.78461],[12.0538,45.78453],[12.05407,45.78452]]},"properties":{}},{"type":"Feature","geometry":{"type":"LineString","coordinates":[[12.05394,45.77561],[12.05386,45.77558]]},"properties":{}},{"type":"Feature","geometry":{"type":"LineString","coordinates":[[12.05391,45.77609],[12.05383,45.77597],[12.05389,45.77566],[12.05386,45.77558]]},"properties":{}},{"type":"Feature","geometry":{"type":"LineString","coordinates":[[12.0539,45.77614],[12.05391,45.77609]]},"properties":{}},{"type":"Feature","geometry":{"type":"LineString","coordinates":[[12.0539,45.77614],[12.054,45.77609]]},"properties":{}},{"type":"Feature","geometry":{"type":"LineString","coordinates":[[12.05391,45.77609],[12.05395,45.7757],[12.05394,45.77561]]},"properties":{}},{"type":"Feature","geometry":{"type":"LineString","coordinates":[[12.05404,45.77566],[12.05394,45.77561]]},"properties":{}},{"type":"Feature","geometry":{"type":"LineString","coordinates":[[12.054,45.77609],[12.05404,45.77566]]},"properties":{}},{"type":"Feature","geometry":{"type":"LineString","coordinates":[[12.054,45.77609],[12.05411,45.77602]]},"properties":{}},{"type":"Feature","geometry":{"type":"LineString","coordinates":[[12.05415,45.7757],[12.05404,45.77566]]},"properties":{}},{"type":"Feature","geometry":{"type":"LineString","coordinates":[[12.05407,45.78452],[12.05431,45.78457]]},"properties":{}},{"type":"Feature","geometry":{"type":"LineString","coordinates":[[12.05411,45.77602],[12.05415,45.7757]]},"properties":{}},{"type":"Feature","geometry":{"type":"LineString","coordinates":[[12.05411,45.77602],[12.05425,45.77594],[12.05431,45.77586],[12.05426,45.77576],[12.05415,45.7757]]},"properties":{}},{"type":"Feature","geometry":{"type":"LineString","coordinates":[[12.05421,45.77512],[12.05426,45.77503],[12.05424,45.7749],[12.05427,45.77485],[12.05434,45.77483],[12.05455,45.77485],[12.05467,45.77482]]},"properties":{}},{"type":"Feature","geometry":{"type":"LineString","coordinates":[[12.05467,45.77482],[12.05447,45.77492],[12.05421,45.77512]]},"properties":{}},{"type":"Feature","geometry":{"type":"LineString","coordinates":[[12.05431,45.78457],[12.05452,45.78464],[12.05453,45.78469],[12.05449,45.78476]]},"properties":{}},{"type":"Feature","geometry":{"type":"LineString","coordinates":[[12.05431,45.78457],[12.05485,45.78452],[12.0552,45.78443]]},"properties":{}},{"type":"Feature","geometry":{"type":"LineString","coordinates":[[12.0552,45.78443],[12.05449,45.78476]]},"properties":{}},{"type":"Feature","geometry":{"type":"LineString","coordinates":[[12.05467,45.77482],[12.05527,45.77441],[12.05647,45.77341],[12.05768,45.77223],[12.05813,45.77186],[12.0591,45.77127]]},"properties":{}},{"type":"Feature","geometry":{"type":"LineString","coordinates":[[12.0552,45.78443],[12.05645,45.78392],[12.05803,45.78335],[12.05838,45.78326],[12.05881,45.78319],[12.05898,45.78321],[12.05911,45.78334],[12.05915,45.78357],[12.05921,45.78365]]},"properties":{}},{"type":"Feature","geometry":{"type":"LineString","coordinates":[[12.05817,45.77833],[12.05783,45.77827]]},"properties":{}},{"type":"Feature","geometry":{"type":"LineString","coordinates":[[12.05783,45.77827],[12.05812,45.77819]]},"properties":{}},{"type":"Feature","geometry":{"type":"LineString","coordinates":[[12.05817,45.77833],[12.0581,45.77827],[12.05812,45.77819]]},"properties":{}},{"type":"Feature","geometry":{"type":"LineString","coordinates":[[12.05812,45.77819],[12.05826,45.77816],[12.05835,45.77824]]},"properties":{}},{"type":"Feature","geometry":{"type":"LineString","coordinates":[[12.0582,45.77834],[12.05817,45.77833]]},"properties":{}},{"type":"Feature","geometry":{"type":"LineString","coordinates":[[12.05845,45.77842],[12.0582,45.77834]]},"properties":{}},{"type":"Feature","geometry":{"type":"LineString","coordinates":[[12.05835,45.77824],[12.0583,45.77832],[12.0582,45.77834]]},"properties":{}},{"type":"Feature","geometry":{"type":"LineString","coordinates":[[12.05835,45.77824],[12.05845,45.77842]]},"properties":{}},{"type":"Feature","geometry":{"type":"LineString","coordinates":[[12.06317,45.77971],[12.06098,45.77938],[12.06047,45.77927],[12.05978,45.77903],[12.05845,45.77842]]},"properties":{}},{"type":"Feature","geometry":{"type":"LineString","coordinates":[[12.0591,45.77127],[12.0592,45.77119],[12.0593,45.77102],[12.05947,45.77101],[12.05967,45.77093]]},"properties":{}},{"type":"Feature","geometry":{"type":"LineString","coordinates":[[12.05967,45.77093],[12.05949,45.77117],[12.0591,45.77127]]},"properties":{}},{"type":"Feature","geometry":{"type":"LineString","coordinates":[[12.05921,45.78365],[12.05932,45.78368],[12.05941,45.78367],[12.0595,45.78359],[12.05954,45.7835]]},"properties":{}},{"type":"Feature","geometry":{"type":"LineString","coordinates":[[12.05988,45.7837],[12.05945,45.78377],[12.05935,45.78375],[12.05921,45.78365]]},"properties":{}},{"type":"Feature","geometry":{"type":"LineString","coordinates":[[12.05988,45.7837],[12.05967,45.78366],[12.05958,45.78359],[12.05954,45.7835]]},"properties":{}},{"type":"Feature","geometry":{"type":"LineString","coordinates":[[12.05954,45.7835],[12.05954,45.78338],[12.0596,45.78329],[12.05972,45.78322],[12.05984,45.7832]]},"properties":{}},{"type":"Feature","geometry":{"type":"LineString","coordinates":[[12.05967,45.77093],[12.06179,45.76957],[12.06362,45.76854],[12.06624,45.76696]]},"properties":{}},{"type":"Feature","geometry":{"type":"LineString","coordinates":[[12.05984,45.7832],[12.06008,45.78307],[12.0601,45.78299],[12.06007,45.78288]]},"properties":{}},{"type":"Feature","geometry":{"type":"LineString","coordinates":[[12.05984,45.7832],[12.06047,45.78319]]},"properties":{}},{"type":"Feature","geometry":{"type":"LineString","coordinates":[[12.06047,45.78319],[12.06059,45.78324],[12.06066,45.78331],[12.06066,45.78341],[12.06061,45.78347],[12.06006,45.78368],[12.05988,45.7837]]},"properties":{}},{"type":"Feature","geometry":{"type":"LineString","coordinates":[[12.06007,45.78288],[12.06025,45.7831],[12.06047,45.78319]]},"properties":{}},{"type":"Feature","geometry":{"type":"LineString","coordinates":[[12.06362,45.78006],[12.06351,45.78047],[12.06342,45.78066],[12.06319,45.78098],[12.06301,45.78114],[12.0621,45.78173],[12.06142,45.78211],[12.061,45.78231],[12.06022,45.78259],[12.06009,45.78272],[12.06007,45.78288]]},"properties":{}},{"type":"Feature","geometry":{"type":"LineString","coordinates":[[12.06317,45.77971],[12.06333,45.77972],[12.06348,45.77968]]},"properties":{}},{"type":"Feature","geometry":{"type":"LineString","coordinates":[[12.06342,45.77982],[12.06317,45.77971]]},"properties":{}},{"type":"Feature","geometry":{"type":"LineString","coordinates":[[12.06348,45.77987],[12.06342,45.77982]]},"properties":{}},{"type":"Feature","geometry":{"type":"LineString","coordinates":[[12.06342,45.77982],[12.06341,45.77976],[12.06348,45.77968]]},"properties":{}},{"type":"Feature","geometry":{"type":"LineString","coordinates":[[12.06348,45.77968],[12.06351,45.77967]]},"properties":{}},{"type":"Feature","geometry":{"type":"LineString","coordinates":[[12.06369,45.77987],[12.06357,45.77989],[12.06348,45.77987]]},"properties":{}},{"type":"Feature","geometry":{"type":"LineString","coordinates":[[12.06362,45.78006],[12.06358,45.77997],[12.06348,45.77987]]},"properties":{}},{"type":"Feature","geometry":{"type":"LineString","coordinates":[[12.06491,45.77714],[12.06412,45.77892],[12.06382,45.77937],[12.06362,45.77959],[12.06351,45.77967]]},"properties":{}},{"type":"Feature","geometry":{"type":"LineString","coordinates":[[12.06351,45.77967],[12.06364,45.77967],[12.06373,45.77973]]},"properties":{}},{"type":"Feature","geometry":{"type":"LineString","coordinates":[[12.06369,45.77987],[12.06362,45.78006]]},"properties":{}},{"type":"Feature","geometry":{"type":"LineString","coordinates":[[12.06369,45.77986],[12.06369,45.77987]]},"properties":{}},{"type":"Feature","geometry":{"type":"LineString","coordinates":[[12.06373,45.77973],[12.06374,45.7798],[12.06369,45.77986]]},"properties":{}},{"type":"Feature","geometry":{"type":"LineString","coordinates":[[12.06395,45.77983],[12.06369,45.77986]]},"properties":{}},{"type":"Feature","geometry":{"type":"LineString","coordinates":[[12.06373,45.77973],[12.06395,45.77983]]},"properties":{}},{"type":"Feature","geometry":{"type":"LineString","coordinates":[[12.06734,45.78033],[12.06395,45.77983]]},"properties":{}},{"type":"Feature","geometry":{"type":"LineString","coordinates":[[12.06493,45.77711],[12.06537,45.77642],[12.06553,45.77624],[12.06577,45.77603],[12.06935,45.7742],[12.06995,45.77394]]},"properties":{}},{"type":"Feature","geometry":{"type":"LineString","coordinates":[[12.06624,45.76696],[12.06637,45.76683],[12.06643,45.76659],[12.0665,45.76654],[12.06702,45.76657]]},"properties":{}},{"type":"Feature","geometry":{"type":"LineString","coordinates":[[12.06702,45.76657],[12.06682,45.76664],[12.06665,45.76676],[12.0665,45.76675],[12.06644,45.76684],[12.06624,45.76696]]},"properties":{}},{"type":"Feature","geometry":{"type":"LineString","coordinates":[[12.06644,45.859],[12.06696,45.85915],[12.0672,45.85916],[12.06826,45.85942]]},"properties":{}},{"type":"Feature","geometry":{"type":"LineString","coordinates":[[12.06826,45.85942],[12.06783,45.85943],[12.06735,45.85953],[12.06713,45.8595],[12.06698,45.85947],[12.06682,45.85938],[12.06678,45.8593],[12.06644,45.859]]},"properties":{}},{"type":"Feature","geometry":{"type":"LineString","coordinates":[[12.06698,45.73739],[12.06711,45.73711],[12.06721,45.73674],[12.0673,45.73664]]},"properties":{}},{"type":"Feature","geometry":{"type":"LineString","coordinates":[[12.0673,45.73664],[12.06721,45.737],[12.06724,45.73713],[12.0673,45.73721],[12.0673,45.73726],[12.06724,45.7373],[12.06704,45.73734],[12.06698,45.73739]]},"properties":{}},{"type":"Feature","geometry":{"type":"LineString","coordinates":[[12.06702,45.76657],[12.0678,45.76628],[12.06882,45.76582],[12.06907,45.76567],[12.06942,45.76538],[12.06991,45.76484],[12.07347,45.76048],[12.07392,45.76005],[12.07725,45.75759],[12.07894,45.7564],[12.08045,45.75527],[12.08747,45.75049],[12.08761,45.75035],[12.08813,45.74967],[12.09119,45.74529],[12.09199,45.74425],[12.09229,45.74376]]},"properties":{}},{"type":"Feature","geometry":{"type":"LineString","coordinates":[[12.0673,45.73664],[12.0676,45.73613],[12.06827,45.73526],[12.06846,45.73494],[12.06939,45.73289],[12.0708,45.72915],[12.07406,45.72215],[12.07422,45.72193],[12.07459,45.72151],[12.07483,45.72131],[12.07512,45.72111],[12.07572,45.72079],[12.0761,45.72063],[12.08113,45.71905],[12.08156,45.71887],[12.08175,45.71876],[12.08197,45.71857],[12.08218,45.71835],[12.08659,45.71306],[12.08712,45.71239],[12.08744,45.71178]]},"properties":{}},{"type":"Feature","geometry":{"type":"LineString","coordinates":[[12.06733,45.55289],[12.06752,45.55308]]},"properties":{}},{"type":"Feature","geometry":{"type":"LineString","coordinates":[[12.06752,45.55308],[12.06739,45.55305],[12.06733,45.553],[12.06733,45.55289]]},"properties":{}},{"type":"Feature","geometry":{"type":"LineString","coordinates":[[12.06733,45.55289],[12.06731,45.55252],[12.0674,45.55246],[12.06756,45.55244]]},"properties":{}},{"type":"Feature","geometry":{"type":"LineString","coordinates":[[12.07052,45.78077],[12.06734,45.78033]]},"properties":{}},{"type":"Feature","geometry":{"type":"LineString","coordinates":[[12.06995,45.77394],[12.06921,45.7746],[12.06874,45.77531],[12.06853,45.77601],[12.06791,45.7794],[12.0677,45.78013],[12.06755,45.78025],[12.06734,45.78033]]},"properties":{}},{"type":"Feature","geometry":{"type":"LineString","coordinates":[[12.06752,45.55308],[12.06775,45.55312],[12.06806,45.55312],[12.07205,45.55295],[12.07255,45.55285],[12.07561,45.55261],[12.07684,45.55235],[12.07693,45.55231],[12.077,45.55219],[12.07687,45.5494],[12.07832,45.54913],[12.07848,45.54914]]},"properties":{}},{"type":"Feature","geometry":{"type":"LineString","coordinates":[[12.06756,45.55244],[12.0676,45.55289],[12.06766,45.55296],[12.06832,45.55294],[12.06828,45.55241],[12.06756,45.55244]]},"properties":{}},{"type":"Feature","geometry":{"type":"LineString","coordinates":[[12.06826,45.85942],[12.07186,45.86025],[12.07462,45.86064],[12.07523,45.86065]]},"properties":{}},{"type":"Feature","geometry":{"type":"LineString","coordinates":[[12.08935,45.76157],[12.08794,45.76224],[12.08381,45.76443],[12.08208,45.76539],[12.08163,45.76571],[12.08113,45.76612],[12.07891,45.76847],[12.07834,45.76899],[12.0778,45.7694],[12.07725,45.76977],[12.07631,45.77033],[12.0742,45.77122],[12.07052,45.77353],[12.06995,45.77394]]},"properties":{}},{"type":"Feature","geometry":{"type":"LineString","coordinates":[[12.07153,45.78078],[12.07127,45.78086],[12.07115,45.78096],[12.07101,45.78099],[12.07092,45.78097],[12.07081,45.78088],[12.07052,45.78077]]},"properties":{}},{"type":"Feature","geometry":{"type":"LineString","coordinates":[[12.07052,45.78077],[12.07074,45.78075],[12.07104,45.78067],[12.07116,45.7807],[12.07123,45.78076],[12.07153,45.78078]]},"properties":{}},{"type":"Feature","geometry":{"type":"LineString","coordinates":[[12.09429,45.77706],[12.09301,45.77712],[12.08915,45.7775],[12.07153,45.78078]]},"properties":{}},{"type":"Feature","geometry":{"type":"LineString","coordinates":[[12.07442,45.65971],[12.07462,45.65964],[12.07482,45.65962]]},"properties":{}},{"type":"Feature","geometry":{"type":"LineString","coordinates":[[12.07487,45.65971],[12.07473,45.65969],[12.07442,45.65971]]},"properties":{}},{"type":"Feature","geometry":{"type":"LineString","coordinates":[[12.07487,45.65971],[12.07482,45.65962]]},"properties":{}},{"type":"Feature","geometry":{"type":"LineString","coordinates":[[12.07482,45.65962],[12.07525,45.65958]]},"properties":{}},{"type":"Feature","geometry":{"type":"LineString","coordinates":[[12.0939,45.6562],[12.09387,45.65645],[12.0942,45.65719],[12.09438,45.65821],[12.09526,45.66059],[12.09532,45.66085],[12.09533,45.66104],[12.0953,45.66117],[12.09473,45.66228],[12.09499,45.66245],[12.09589,45.66324],[12.09597,45.66335],[12.09598,45.66345],[12.09178,45.66573],[12.0905,45.66673],[12.08798,45.66889],[12.08785,45.66894],[12.08775,45.66896],[12.08764,45.66891],[12.08026,45.66365],[12.07966,45.66328],[12.0761,45.66121],[12.0759,45.66107],[12.07542,45.6606],[12.07487,45.65971]]},"properties":{}},{"type":"Feature","geometry":{"type":"LineString","coordinates":[[12.07525,45.65958],[12.07487,45.65971]]},"properties":{}},{"type":"Feature","geometry":{"type":"LineString","coordinates":[[12.07703,45.86092],[12.07668,45.86078],[12.07636,45.86077],[12.07616,45.86081],[12.07576,45.86069],[12.07523,45.86065]]},"properties":{}},{"type":"Feature","geometry":{"type":"LineString","coordinates":[[12.07523,45.86065],[12.07592,45.86049],[12.07608,45.8604],[12.07629,45.8604],[12.07661,45.86058],[12.07703,45.86092]]},"properties":{}},{"type":"Feature","geometry":{"type":"LineString","coordinates":[[12.07525,45.65958],[12.07881,45.65888],[12.08163,45.65821],[12.0834,45.65796],[12.0845,45.65775],[12.08918,45.6565],[12.0939,45.6562]]},"properties":{}},{"type":"Feature","geometry":{"type":"LineString","coordinates":[[12.1139,45.86571],[12.10994,45.86657],[12.10923,45.86663],[12.10798,45.86662],[12.10782,45.86667],[12.10716,45.86702],[12.10616,45.86741],[12.1051,45.86712],[12.10476,45.86708],[12.10425,45.86714],[12.10387,45.86724],[12.10373,45.86722],[12.10348,45.86712],[12.10334,45.86696],[12.10331,45.86687],[12.10319,45.86676],[12.10239,45.86651],[12.10213,45.86649],[12.10052,45.86652],[12.09932,45.86659],[12.09934,45.86742],[12.09947,45.86813],[12.09944,45.86857],[12.0983,45.8686],[12.09725,45.86869],[12.09308,45.86942],[12.09235,45.86953],[12.09198,45.86952],[12.09066,45.86929],[12.09009,45.86932],[12.08474,45.87067],[12.08408,45.87076],[12.08246,45.87085],[12.08137,45.87139],[12.08058,45.87188],[12.08028,45.87197],[12.07995,45.87197],[12.07962,45.87191],[12.07886,45.87117],[12.07878,45.87108],[12.07878,45.87104],[12.07892,45.87077],[12.07899,45.87069],[12.08025,45.86978],[12.08043,45.86971],[12.08063,45.8697],[12.08129,45.86977],[12.08152,45.86974],[12.08172,45.86962],[12.0818,45.86649],[12.08178,45.86455],[12.08192,45.86404],[12.0826,45.8626],[12.07766,45.86121],[12.07703,45.86092]]},"properties":{}},{"type":"Feature","geometry":{"type":"LineString","coordinates":[[12.07931,45.54898],[12.07909,45.54908],[12.079,45.54918],[12.07899,45.54929],[12.07889,45.54934],[12.07874,45.54932],[12.07867,45.54924],[12.07848,45.54914]]},"properties":{}},{"type":"Feature","geometry":{"type":"LineString","coordinates":[[12.07848,45.54914],[12.07872,45.54914],[12.07906,45.54902],[12.07931,45.54898]]},"properties":{}},{"type":"Feature","geometry":{"type":"LineString","coordinates":[[12.07931,45.54898],[12.08623,45.54781],[12.08679,45.54768],[12.08742,45.54765],[12.08787,45.54754],[12.10436,45.5448]]},"properties":{}},{"type":"Feature","geometry":{"type":"LineString","coordinates":[[12.08013,45.68001],[12.08068,45.67989],[12.08181,45.67969],[12.08298,45.67954]]},"properties":{}},{"type":"Feature","geometry":{"type":"LineString","coordinates":[[12.08298,45.67954],[12.08013,45.68001]]},"properties":{}},{"type":"Feature","geometry":{"type":"LineString","coordinates":[[12.08298,45.67954],[12.08439,45.6794]]},"properties":{}},{"type":"Feature","geometry":{"type":"LineString","coordinates":[[12.08439,45.6794],[12.08888,45.67898],[12.08907,45.67894],[12.08926,45.67884],[12.08971,45.67892],[12.09129,45.6789]]},"properties":{}},{"type":"Feature","geometry":{"type":"LineString","coordinates":[[12.09129,45.6789],[12.08972,45.67896],[12.08951,45.679],[12.08933,45.67909],[12.08908,45.67904],[12.08888,45.67903],[12.08534,45.67936],[12.08439,45.6794]]},"properties":{}},{"type":"Feature","geometry":{"type":"LineString","coordinates":[[12.08744,45.71178],[12.08746,45.71146],[12.08735,45.71128],[12.08713,45.71112],[12.08708,45.71097],[12.08711,45.71084],[12.08721,45.71072],[12.0874,45.71062],[12.0878,45.71058],[12.08804,45.71048],[12.08834,45.7101]]},"properties":{}},{"type":"Feature","geometry":{"type":"LineString","coordinates":[[12.08834,45.7101],[12.0881,45.71071],[12.08809,45.71083],[12.08813,45.71096],[12.08808,45.71112],[12.08796,45.71123],[12.08779,45.7113],[12.0876,45.71148],[12.08744,45.71178]]},"properties":{}},{"type":"Feature","geometry":{"type":"LineString","coordinates":[[12.08834,45.7101],[12.09005,45.7069],[12.0911,45.70544],[12.09144,45.705],[12.09288,45.70368],[12.09374,45.70269],[12.09399,45.70236],[12.09413,45.70212],[12.09423,45.70181],[12.09436,45.70084],[12.09448,45.70051],[12.09491,45.69985],[12.09667,45.6974]]},"properties":{}},{"type":"Feature","geometry":{"type":"LineString","coordinates":[[12.08935,45.76157],[12.09005,45.76117],[12.09009,45.76109],[12.09009,45.76094],[12.09019,45.76082],[12.09068,45.76064],[12.09117,45.76002]]},"properties":{}},{"type":"Feature","geometry":{"type":"LineString","coordinates":[[12.09117,45.76002],[12.09076,45.76068],[12.09078,45.76083],[12.09088,45.76097],[12.09086,45.76113],[12.09079,45.76121],[12.09055,45.7613],[12.09005,45.76127],[12.08935,45.76157]]},"properties":{}},{"type":"Feature","geometry":{"type":"LineString","coordinates":[[12.09212,45.75886],[12.09205,45.75908],[12.09188,45.75938],[12.09141,45.75977],[12.09117,45.76002]]},"properties":{}},{"type":"Feature","geometry":{"type":"LineString","coordinates":[[12.09129,45.6789],[12.09434,45.67884],[12.09865,45.67852],[12.09925,45.67852],[12.09995,45.67858]]},"properties":{}},{"type":"Feature","geometry":{"type":"LineString","coordinates":[[12.09212,45.75886],[12.09216,45.75855],[12.0921,45.75836],[12.09211,45.75829],[12.0922,45.75818],[12.09238,45.75812],[12.09281,45.75817],[12.09313,45.75814]]},"properties":{}},{"type":"Feature","geometry":{"type":"LineString","coordinates":[[12.09313,45.75814],[12.09281,45.75828],[12.09264,45.75851],[12.09225,45.75867],[12.09212,45.75886]]},"properties":{}},{"type":"Feature","geometry":{"type":"LineString","coordinates":[[12.09229,45.74376],[12.09238,45.7435],[12.09237,45.74342],[12.09265,45.74335],[12.09285,45.74317]]},"properties":{}},{"type":"Feature","geometry":{"type":"LineString","coordinates":[[12.09285,45.74317],[12.09273,45.74334],[12.09259,45.74343],[12.09258,45.7435],[12.09244,45.74358],[12.09229,45.74376]]},"properties":{}},{"type":"Feature","geometry":{"type":"LineString","coordinates":[[12.11431,45.72597],[12.11389,45.72611],[12.11361,45.72628],[12.10371,45.73362],[12.09985,45.736],[12.09763,45.73741],[12.09705,45.73797],[12.09458,45.7412],[12.09285,45.74317]]},"properties":{}},{"type":"Feature","geometry":{"type":"LineString","coordinates":[[12.09672,45.75595],[12.09489,45.75709],[12.09366,45.75792],[12.09337,45.75807],[12.09313,45.75814]]},"properties":{}},{"type":"Feature","geometry":{"type":"LineString","coordinates":[[12.0939,45.6562],[12.0964,45.65574],[12.09686,45.65572],[12.0977,45.65577],[12.09927,45.65567],[12.09986,45.65571],[12.1039,45.65612],[12.1052,45.6564],[12.10579,45.65645],[12.10642,45.6564],[12.10748,45.65615],[12.10793,45.65608],[12.10832,45.65608],[12.10931,45.65621],[12.10959,45.65622],[12.11009,45.65617],[12.11061,45.65606]]},"properties":{}},{"type":"Feature","geometry":{"type":"LineString","coordinates":[[12.09568,45.77697],[12.09508,45.77704],[12.09499,45.77713],[12.09488,45.77715],[12.09459,45.77708],[12.09429,45.77706]]},"properties":{}},{"type":"Feature","geometry":{"type":"LineString","coordinates":[[12.09429,45.77706],[12.09467,45.77696],[12.09475,45.77689],[12.09488,45.77685],[12.09502,45.77689],[12.09508,45.77696],[12.09568,45.77697]]},"properties":{}},{"type":"Feature","geometry":{"type":"LineString","coordinates":[[12.10501,45.77731],[12.10269,45.77719],[12.1,45.77696],[12.09826,45.77686],[12.09568,45.77697]]},"properties":{}},{"type":"Feature","geometry":{"type":"LineString","coordinates":[[12.09571,45.52102],[12.09565,45.52114],[12.09566,45.52125],[12.096,45.5213]]},"properties":{}},{"type":"Feature","geometry":{"type":"LineString","coordinates":[[12.096,45.5213],[12.09567,45.52133],[12.09556,45.52137],[12.09531,45.52137],[12.09489,45.5215],[12.09479,45.52148],[12.09471,45.52139],[12.09473,45.5213],[12.09482,45.52124],[12.09525,45.52122],[12.09571,45.52102]]},"properties":{}},{"type":"Feature","geometry":{"type":"LineString","coordinates":[[12.11211,45.51307],[12.10438,45.51611],[12.09901,45.519],[12.09571,45.52102]]},"properties":{}},{"type":"Feature","geometry":{"type":"LineString","coordinates":[[12.10824,45.52127],[12.10528,45.52132],[12.10175,45.52131],[12.0993,45.52123],[12.096,45.5213]]},"properties":{}},{"type":"Feature","geometry":{"type":"LineString","coordinates":[[12.09667,45.6974],[12.09668,45.69728],[12.09681,45.6971],[12.09676,45.69689],[12.09693,45.69619]]},"properties":{}},{"type":"Feature","geometry":{"type":"LineString","coordinates":[[12.09667,45.6974],[12.097,45.69693],[12.09723,45.69667],[12.09752,45.69644],[12.09709,45.69621],[12.09693,45.69619]]},"properties":{}},{"type":"Feature","geometry":{"type":"LineString","coordinates":[[12.09672,45.75595],[12.09701,45.75567],[12.09726,45.75552],[12.09735,45.75538],[12.09744,45.75529],[12.09761,45.75524],[12.09777,45.75526],[12.09836,45.75493]]},"properties":{}},{"type":"Feature","geometry":{"type":"LineString","coordinates":[[12.09836,45.75493],[12.09794,45.75528],[12.09796,45.75551],[12.09787,45.75563],[12.0977,45.75569],[12.09743,45.75564],[12.09721,45.75566],[12.09672,45.75595]]},"properties":{}},{"type":"Feature","geometry":{"type":"LineString","coordinates":[[12.09751,45.69338],[12.09745,45.69376],[12.09693,45.69619]]},"properties":{}},{"type":"Feature","geometry":{"type":"LineString","coordinates":[[12.09751,45.69338],[12.09748,45.69327],[12.09751,45.69319],[12.09754,45.69316],[12.09773,45.69313]]},"properties":{}},{"type":"Feature","geometry":{"type":"LineString","coordinates":[[12.09773,45.69313],[12.09758,45.69324],[12.09751,45.69338]]},"properties":{}},{"type":"Feature","geometry":{"type":"LineString","coordinates":[[12.10744,45.69143],[12.10332,45.69103],[12.10278,45.69103],[12.10253,45.69108],[12.10115,45.6919],[12.09773,45.69313]]},"properties":{}},{"type":"Feature","geometry":{"type":"LineString","coordinates":[[12.11376,45.74549],[12.11216,45.7465],[12.10798,45.74921],[12.10715,45.74969],[12.10641,45.75006],[12.10386,45.75104],[12.10319,45.75142],[12.10183,45.7524],[12.10002,45.75379],[12.09836,45.75493]]},"properties":{}},{"type":"Feature","geometry":{"type":"LineString","coordinates":[[12.10028,45.67863],[12.09995,45.67858]]},"properties":{}},{"type":"Feature","geometry":{"type":"LineString","coordinates":[[12.10007,45.67889],[12.09988,45.67874],[12.09995,45.67858]]},"properties":{}},{"type":"Feature","geometry":{"type":"LineString","coordinates":[[12.09995,45.67858],[12.10061,45.67862],[12.10146,45.67874]]},"properties":{}},{"type":"Feature","geometry":{"type":"LineString","coordinates":[[12.1084,45.69113],[12.10854,45.69068],[12.10885,45.68899],[12.10959,45.68552],[12.10961,45.6852],[12.10958,45.68497],[12.10952,45.68472],[12.10932,45.68431],[12.10915,45.68411],[12.10897,45.68396],[12.10624,45.68268],[12.10187,45.68082],[12.10169,45.68069],[12.10127,45.68024],[12.10071,45.67955],[12.10007,45.67889]]},"properties":{}},{"type":"Feature","geometry":{"type":"LineString","coordinates":[[12.10028,45.67863],[12.10009,45.67871],[12.10005,45.6788],[12.10007,45.67889]]},"properties":{}},{"type":"Feature","geometry":{"type":"LineString","coordinates":[[12.10146,45.67874],[12.10028,45.67863]]},"properties":{}},{"type":"Feature","geometry":{"type":"LineString","coordinates":[[12.10146,45.67874],[12.10204,45.67876],[12.10399,45.67865],[12.10536,45.67868],[12.10591,45.67866],[12.10852,45.67826]]},"properties":{}},{"type":"Feature","geometry":{"type":"LineString","coordinates":[[12.10186,45.57544],[12.1018,45.57526],[12.10161,45.5742],[12.10165,45.57406],[12.10175,45.57399],[12.10226,45.57387],[12.10352,45.57367]]},"properties":{}},{"type":"Feature","geometry":{"type":"LineString","coordinates":[[12.10186,45.57544],[12.10445,45.57494],[12.10623,45.57472],[12.10729,45.5745]]},"properties":{}},{"type":"Feature","geometry":{"type":"LineString","coordinates":[[12.10459,45.57364],[12.10449,45.57311],[12.10409,45.57311],[12.10357,45.57315],[12.10345,45.5732],[12.10352,45.57367]]},"properties":{}},{"type":"Feature","geometry":{"type":"LineString","coordinates":[[12.10352,45.57367],[12.10459,45.57364]]},"properties":{}},{"type":"Feature","geometry":{"type":"LineString","coordinates":[[12.10436,45.5448],[12.10468,45.54469],[12.1048,45.5446],[12.10499,45.54435],[12.10514,45.54427],[12.10533,45.54422],[12.10562,45.54424],[12.10607,45.54443],[12.10638,45.54445]]},"properties":{}},{"type":"Feature","geometry":{"type":"LineString","coordinates":[[12.10638,45.54445],[12.10605,45.54458],[12.10579,45.54488],[12.10551,45.54497],[12.10519,45.54494],[12.10478,45.54479],[12.10436,45.5448]]},"properties":{}},{"type":"Feature","geometry":{"type":"LineString","coordinates":[[12.10459,45.57364],[12.10521,45.57364],[12.10735,45.57375],[12.10732,45.57419],[12.10726,45.57442],[12.10729,45.5745]]},"properties":{}},{"type":"Feature","geometry":{"type":"LineString","coordinates":[[12.10635,45.77738],[12.10561,45.7773],[12.10535,45.77733],[12.10501,45.77731]]},"properties":{}},{"type":"Feature","geometry":{"type":"LineString","coordinates":[[12.10501,45.77731],[12.10536,45.77725],[12.10555,45.77717],[12.10566,45.77707],[12.1058,45.77704],[12.10594,45.77709],[12.10608,45.7773],[12.10635,45.77738]]},"properties":{}},{"type":"Feature","geometry":{"type":"LineString","coordinates":[[12.12146,45.7786],[12.11845,45.77747],[12.11803,45.77736],[12.11746,45.77727],[12.11686,45.77726],[12.11059,45.77759],[12.10635,45.77738]]},"properties":{}},{"type":"Feature","geometry":{"type":"LineString","coordinates":[[12.10638,45.54445],[12.11231,45.54344]]},"properties":{}},{"type":"Feature","geometry":{"type":"LineString","coordinates":[[12.10729,45.5745],[12.10805,45.57432],[12.10841,45.57418]]},"properties":{}},{"type":"Feature","geometry":{"type":"LineString","coordinates":[[12.10744,45.69143],[12.10786,45.69139],[12.10812,45.69133],[12.10832,45.69122],[12.1084,45.69113]]},"properties":{}},{"type":"Feature","geometry":{"type":"LineString","coordinates":[[12.1084,45.69113],[12.1082,45.69143],[12.108,45.6916],[12.10769,45.69147],[12.10744,45.69143]]},"properties":{}},{"type":"Feature","geometry":{"type":"LineString","coordinates":[[12.10788,45.50165],[12.10812,45.50181],[12.10831,45.50185],[12.10837,45.50192],[12.10837,45.502],[12.10829,45.50209],[12.10825,45.50238]]},"properties":{}},{"type":"Feature","geometry":{"type":"LineString","coordinates":[[12.10825,45.50238],[12.10811,45.50217],[12.10794,45.502],[12.10797,45.50188],[12.10788,45.50165]]},"properties":{}},{"type":"Feature","geometry":{"type":"LineString","coordinates":[[12.10788,45.50165],[12.10762,45.50124],[12.1075,45.50085],[12.10748,45.50064],[12.10751,45.50045],[12.10758,45.50032],[12.10793,45.5]]},"properties":{}},{"type":"Feature","geometry":{"type":"LineString","coordinates":[[12.10861,45.52161],[12.1085,45.52135],[12.10824,45.52127]]},"properties":{}},{"type":"Feature","geometry":{"type":"LineString","coordinates":[[12.10824,45.52127],[12.10854,45.52118],[12.10864,45.52121],[12.10868,45.52127],[12.10864,45.52133],[12.10861,45.52161]]},"properties":{}},{"type":"Feature","geometry":{"type":"LineString","coordinates":[[12.11306,45.51206],[12.11308,45.51195],[12.11289,45.51065],[12.11229,45.50796],[12.11214,45.50756],[12.1111,45.50611],[12.10974,45.50431],[12.10839,45.50276],[12.10832,45.50263],[12.10825,45.50238]]},"properties":{}},{"type":"Feature","geometry":{"type":"LineString","coordinates":[[12.10841,45.57418],[12.10888,45.57388]]},"properties":{}},{"type":"Feature","geometry":{"type":"LineString","coordinates":[[12.10891,45.57409],[12.10884,45.57407],[12.10868,45.57408],[12.10841,45.57418]]},"properties":{}},{"type":"Feature","geometry":{"type":"LineString","coordinates":[[12.10852,45.67826],[12.10897,45.67817],[12.10916,45.67806],[12.10949,45.67808],[12.11014,45.67801]]},"properties":{}},{"type":"Feature","geometry":{"type":"LineString","coordinates":[[12.11014,45.67801],[12.10947,45.67814],[12.10938,45.6782],[12.10934,45.67828],[12.10923,45.67832],[12.10892,45.67824],[12.10852,45.67826]]},"properties":{}},{"type":"Feature","geometry":{"type":"LineString","coordinates":[[12.10955,45.5271],[12.10949,45.52694],[12.10935,45.52595],[12.10861,45.52161]]},"properties":{}},{"type":"Feature","geometry":{"type":"LineString","coordinates":[[12.10888,45.57388],[12.10945,45.57332],[12.10951,45.57318],[12.10949,45.5731],[12.10951,45.57305],[12.10971,45.57293],[12.10992,45.57271]]},"properties":{}},{"type":"Feature","geometry":{"type":"LineString","coordinates":[[12.10888,45.57388],[12.10898,45.57387],[12.10908,45.57393]]},"properties":{}},{"type":"Feature","geometry":{"type":"LineString","coordinates":[[12.10912,45.57429],[12.10891,45.57409]]},"properties":{}},{"type":"Feature","geometry":{"type":"LineString","coordinates":[[12.10908,45.57403],[12.10904,45.57407],[12.10891,45.57409]]},"properties":{}},{"type":"Feature","geometry":{"type":"LineString","coordinates":[[12.10908,45.57393],[12.10908,45.57403]]},"properties":{}},{"type":"Feature","geometry":{"type":"LineString","coordinates":[[12.10992,45.57271],[12.10982,45.57296],[12.10984,45.57315],[12.10976,45.57322],[12.10967,45.57324],[12.10942,45.57346],[12.10911,45.57378],[12.10908,45.57393]]},"properties":{}},{"type":"Feature","geometry":{"type":"LineString","coordinates":[[12.10908,45.57403],[12.10912,45.57429]]},"properties":{}},{"type":"Feature","geometry":{"type":"LineString","coordinates":[[12.10912,45.57429],[12.11011,45.5787],[12.1105,45.58061],[12.11031,45.5853]]},"properties":{}},{"type":"Feature","geometry":{"type":"LineString","coordinates":[[12.10958,45.52724],[12.10948,45.52719],[12.10949,45.52713],[12.10955,45.5271]]},"properties":{}},{"type":"Feature","geometry":{"type":"LineString","coordinates":[[12.10955,45.5271],[12.10966,45.52711],[12.10969,45.52716],[12.10966,45.52722],[12.10958,45.52724]]},"properties":{}},{"type":"Feature","geometry":{"type":"LineString","coordinates":[[12.11231,45.54344],[12.11193,45.53841],[12.11147,45.53635],[12.11085,45.53432],[12.11032,45.53111],[12.10981,45.52965],[12.10956,45.52758],[12.10958,45.52724]]},"properties":{}},{"type":"Feature","geometry":{"type":"LineString","coordinates":[[12.10992,45.57271],[12.11043,45.57205],[12.11104,45.57137],[12.11272,45.56983]]},"properties":{}},{"type":"Feature","geometry":{"type":"LineString","coordinates":[[12.11014,45.67801],[12.11154,45.67778],[12.11214,45.67774],[12.1155,45.6778],[12.11835,45.6778],[12.11988,45.67786],[12.12455,45.67839],[12.12719,45.67881],[12.12825,45.67888]]},"properties":{}},{"type":"Feature","geometry":{"type":"LineString","coordinates":[[12.11031,45.5853],[12.11037,45.58544],[12.1105,45.58555],[12.1106,45.58562],[12.11083,45.58571],[12.1109,45.58579],[12.11092,45.58588],[12.11086,45.58602],[12.11064,45.58613],[12.11045,45.58631],[12.11035,45.5865]]},"properties":{}},{"type":"Feature","geometry":{"type":"LineString","coordinates":[[12.11035,45.5865],[12.11033,45.58618],[12.11019,45.58587],[12.11022,45.58578],[12.11029,45.5857],[12.11031,45.5853]]},"properties":{}},{"type":"Feature","geometry":{"type":"LineString","coordinates":[[12.11035,45.5865],[12.11033,45.58688],[12.11043,45.58888]]},"properties":{}},{"type":"Feature","geometry":{"type":"LineString","coordinates":[[12.11043,45.58888],[12.11045,45.58915],[12.11097,45.58912],[12.11094,45.58886],[12.11043,45.58888]]},"properties":{}},{"type":"Feature","geometry":{"type":"LineString","coordinates":[[12.11061,45.65606],[12.11093,45.65592],[12.11111,45.65577],[12.11144,45.65582],[12.11169,45.65579]]},"properties":{}},{"type":"Feature","geometry":{"type":"LineString","coordinates":[[12.11169,45.65579],[12.1114,45.65589],[12.11124,45.656],[12.11097,45.65599],[12.11061,45.65606]]},"properties":{}},{"type":"Feature","geometry":{"type":"LineString","coordinates":[[12.11169,45.65579],[12.11273,45.65553],[12.11308,45.6554],[12.11689,45.65317],[12.11742,45.65295],[12.11789,45.65284],[12.11839,45.65277],[12.11896,45.65278],[12.12407,45.65324],[12.1245,45.65324],[12.12736,45.65267],[12.12947,45.65207],[12.13006,45.65193],[12.13064,45.65187],[12.13335,45.65178]]},"properties":{}},{"type":"Feature","geometry":{"type":"LineString","coordinates":[[12.11211,45.51307],[12.11242,45.51289],[12.11257,45.51275],[12.11266,45.51241],[12.11281,45.51231],[12.11306,45.51206]]},"properties":{}},{"type":"Feature","geometry":{"type":"LineString","coordinates":[[12.11306,45.51206],[12.11306,45.51227],[12.11321,45.51244],[12.11322,45.51263],[12.11318,45.51274],[12.11304,45.51282],[12.11279,45.51282],[12.11211,45.51307]]},"properties":{}},{"type":"Feature","geometry":{"type":"LineString","coordinates":[[12.11231,45.54344],[12.11835,45.54243],[12.11873,45.54233],[12.12203,45.54185],[12.12565,45.54123],[12.12592,45.54116],[12.12633,45.54098],[12.1275,45.54042],[12.1281,45.54007]]},"properties":{}},{"type":"Feature","geometry":{"type":"LineString","coordinates":[[12.11272,45.56983],[12.11441,45.56805]]},"properties":{}},{"type":"Feature","geometry":{"type":"LineString","coordinates":[[12.11823,45.56944],[12.11507,45.5696],[12.11272,45.56983]]},"properties":{}},{"type":"Feature","geometry":{"type":"LineString","coordinates":[[12.11376,45.74549],[12.11398,45.74532],[12.11405,45.74523],[12.11407,45.74508],[12.11418,45.74497],[12.11437,45.74491],[12.11458,45.74493],[12.11472,45.74489],[12.11498,45.74473]]},"properties":{}},{"type":"Feature","geometry":{"type":"LineString","coordinates":[[12.11498,45.74473],[12.11486,45.74491],[12.11481,45.74504],[12.11481,45.74525],[12.11469,45.74539],[12.11441,45.74546],[12.11416,45.74538],[12.11402,45.74539],[12.11376,45.74549]]},"properties":{}},{"type":"Feature","geometry":{"type":"LineString","coordinates":[[12.1139,45.86571],[12.11404,45.86564],[12.1141,45.86542],[12.11429,45.86536]]},"properties":{}},{"type":"Feature","geometry":{"type":"LineString","coordinates":[[12.11448,45.86542],[12.11452,45.86553],[12.11445,45.86563],[12.11431,45.86568],[12.1139,45.86571]]},"properties":{}},{"type":"Feature","geometry":{"type":"LineString","coordinates":[[12.11429,45.86536],[12.11448,45.86542]]},"properties":{}},{"type":"Feature","geometry":{"type":"LineString","coordinates":[[12.11429,45.86536],[12.11441,45.86529],[12.11444,45.86524]]},"properties":{}},{"type":"Feature","geometry":{"type":"LineString","coordinates":[[12.11431,45.72597],[12.11448,45.72592],[12.1147,45.72578],[12.11494,45.72583],[12.11508,45.72583]]},"properties":{}},{"type":"Feature","geometry":{"type":"LineString","coordinates":[[12.11508,45.72583],[12.11478,45.72603],[12.11431,45.72597]]},"properties":{}},{"type":"Feature","geometry":{"type":"LineString","coordinates":[[12.11441,45.56805],[12.11457,45.56769],[12.11459,45.56747],[12.11457,45.5673],[12.11462,45.5672],[12.11468,45.56715],[12.11485,45.56712],[12.11519,45.56719],[12.11552,45.56718]]},"properties":{}},{"type":"Feature","geometry":{"type":"LineString","coordinates":[[12.11552,45.56718],[12.11498,45.56744],[12.11452,45.56797],[12.11441,45.56805]]},"properties":{}},{"type":"Feature","geometry":{"type":"LineString","coordinates":[[12.11444,45.86524],[12.11448,45.86542]]},"properties":{}},{"type":"Feature","geometry":{"type":"LineString","coordinates":[[12.1238,45.86404],[12.12405,45.86337],[12.12412,45.86221],[12.12408,45.86211],[12.124,45.86206],[12.12219,45.86153],[12.12097,45.86114],[12.12056,45.86104],[12.11966,45.86098],[12.11863,45.86114],[12.11747,45.86122],[12.11722,45.86126],[12.11702,45.86142],[12.11695,45.86154],[12.11682,45.86245],[12.11675,45.86256],[12.11663,45.86265],[12.11643,45.86273],[12.11617,45.86278],[12.11511,45.86289],[12.11484,45.86294],[12.11463,45.86303],[12.11453,45.86313],[12.11448,45.86321],[12.11444,45.8636],[12.11442,45.86431],[12.11444,45.86524]]},"properties":{}},{"type":"Feature","geometry":{"type":"LineString","coordinates":[[12.11498,45.74473],[12.11887,45.74215],[12.12247,45.74003],[12.1232,45.73956],[12.12634,45.73687],[12.12678,45.73653],[12.12753,45.73612],[12.12959,45.73513],[12.13213,45.73366],[12.13614,45.73129],[12.13898,45.72925],[12.14598,45.72401],[12.1465,45.72359],[12.14702,45.72309],[12.14833,45.72168],[12.14886,45.7212],[12.15067,45.71997],[12.15141,45.71953],[12.15281,45.7188],[12.15343,45.71838],[12.15445,45.71765],[12.15511,45.71711],[12.15605,45.7162],[12.15654,45.71577],[12.15688,45.71558],[12.15882,45.7148],[12.15975,45.71432],[12.16057,45.71382],[12.16362,45.71169],[12.16668,45.7097],[12.16799,45.70888],[12.17143,45.70694],[12.17381,45.7052],[12.17509,45.70431],[12.17539,45.70404],[12.17577,45.70356]]},"properties":{}},{"type":"Feature","geometry":{"type":"LineString","coordinates":[[12.12595,45.71732],[12.12548,45.71758],[12.12533,45.71771],[12.12528,45.7178],[12.12362,45.72137],[12.12213,45.7241],[12.12195,45.72438],[12.12175,45.72461],[12.12144,45.72482],[12.12096,45.72498],[12.12041,45.72505],[12.11922,45.72516],[12.11907,45.72525],[12.11854,45.72572],[12.11844,45.72578],[12.11821,45.72574],[12.11772,45.72551],[12.11751,45.72547],[12.11508,45.72583]]},"properties":{}},{"type":"Feature","geometry":{"type":"LineString","coordinates":[[12.11552,45.56718],[12.11633,45.56699],[12.11673,45.56683],[12.11703,45.56662],[12.11773,45.56592],[12.11809,45.56572],[12.11947,45.56525],[12.12235,45.5644],[12.12379,45.56388]]},"properties":{}},{"type":"Feature","geometry":{"type":"LineString","coordinates":[[12.11905,45.5694],[12.11884,45.56945],[12.11874,45.56955],[12.11864,45.56958],[12.11823,45.56944]]},"properties":{}},{"type":"Feature","geometry":{"type":"LineString","coordinates":[[12.11823,45.56944],[12.1186,45.56934],[12.11905,45.5694]]},"properties":{}},{"type":"Feature","geometry":{"type":"LineString","coordinates":[[12.16896,45.56663],[12.16574,45.56714],[12.16429,45.56741],[12.16274,45.5676],[12.15336,45.56803],[12.15123,45.56825],[12.14779,45.56841],[12.14467,45.56847],[12.14136,45.56866],[12.1403,45.56853],[12.13831,45.56843],[12.13761,45.56851],[12.13554,45.56886],[12.13418,45.56916],[12.1338,45.56921],[12.13328,45.5692],[12.12964,45.56901],[12.12313,45.56918],[12.11905,45.5694]]},"properties":{}},{"type":"Feature","geometry":{"type":"LineString","coordinates":[[12.12146,45.7786],[12.12171,45.77864],[12.12203,45.77853],[12.12233,45.77852],[12.12273,45.77844]]},"properties":{}},{"type":"Feature","geometry":{"type":"LineString","coordinates":[[12.12273,45.77844],[12.12239,45.77859],[12.12212,45.77878],[12.1217,45.7787],[12.12146,45.7786]]},"properties":{}},{"type":"Feature","geometry":{"type":"LineString","coordinates":[[12.12273,45.77844],[12.12381,45.77779],[12.1241,45.77766],[12.1244,45.77758],[12.12492,45.77753],[12.1254,45.77755],[12.12617,45.77767],[12.12662,45.77782],[12.12772,45.77844],[12.13045,45.7801],[12.13201,45.78109],[12.1348,45.78277],[12.13558,45.7832],[12.13627,45.78349]]},"properties":{}},{"type":"Feature","geometry":{"type":"LineString","coordinates":[[12.12333,45.8645],[12.12322,45.86456],[12.12311,45.86454]]},"properties":{}},{"type":"Feature","geometry":{"type":"LineString","coordinates":[[12.12335,45.8647],[12.12311,45.86454]]},"properties":{}},{"type":"Feature","geometry":{"type":"LineString","coordinates":[[12.12311,45.86454],[12.12303,45.8645],[12.12302,45.86442],[12.12314,45.86433],[12.12329,45.86434],[12.12335,45.8644],[12.12335,45.86448]]},"properties":{}},{"type":"Feature","geometry":{"type":"LineString","coordinates":[[12.12333,45.8645],[12.12331,45.86463],[12.12335,45.8647]]},"properties":{}},{"type":"Feature","geometry":{"type":"LineString","coordinates":[[12.12335,45.86448],[12.12333,45.8645]]},"properties":{}},{"type":"Feature","geometry":{"type":"LineString","coordinates":[[12.1238,45.86404],[12.12385,45.86421],[12.1236,45.8643],[12.12335,45.86448]]},"properties":{}},{"type":"Feature","geometry":{"type":"LineString","coordinates":[[12.13179,45.87256],[12.13153,45.87231],[12.13039,45.87147],[12.12956,45.8707],[12.12855,45.86944],[12.12702,45.86745],[12.12685,45.86728],[12.12335,45.8647]]},"properties":{}},{"type":"Feature","geometry":{"type":"LineString","coordinates":[[12.1236,45.86426],[12.12368,45.8642],[12.1238,45.86404]]},"properties":{}},{"type":"Feature","geometry":{"type":"LineString","coordinates":[[12.12379,45.56388],[12.12392,45.56376],[12.12399,45.56363],[12.12409,45.56355],[12.12447,45.56355],[12.12468,45.5635]]},"properties":{}},{"type":"Feature","geometry":{"type":"LineString","coordinates":[[12.12468,45.5635],[12.1245,45.56365],[12.12437,45.56383],[12.12422,45.56387],[12.12399,45.56385],[12.12379,45.56388]]},"properties":{}},{"type":"Feature","geometry":{"type":"LineString","coordinates":[[12.12468,45.5635],[12.12633,45.56279],[12.12666,45.56267],[12.12692,45.56262],[12.12792,45.56253],[12.12952,45.5622],[12.13001,45.56213],[12.13042,45.56202],[12.13074,45.56185],[12.13263,45.5605],[12.13281,45.56036],[12.133,45.56009]]},"properties":{}},{"type":"Feature","geometry":{"type":"LineString","coordinates":[[12.12595,45.71732],[12.12607,45.71712],[12.12605,45.71699],[12.12596,45.71688]]},"properties":{}},{"type":"Feature","geometry":{"type":"LineString","coordinates":[[12.1265,45.717],[12.12595,45.71732]]},"properties":{}},{"type":"Feature","geometry":{"type":"LineString","coordinates":[[12.1265,45.717],[12.12624,45.71701],[12.12608,45.71697],[12.12596,45.71688]]},"properties":{}},{"type":"Feature","geometry":{"type":"LineString","coordinates":[[12.12596,45.71688],[12.12588,45.71676],[12.12589,45.71661],[12.12599,45.71648],[12.1261,45.71642]]},"properties":{}},{"type":"Feature","geometry":{"type":"LineString","coordinates":[[12.14209,45.70552],[12.14161,45.70579],[12.14082,45.70641],[12.13967,45.70717],[12.1355,45.70914],[12.13349,45.71028],[12.13297,45.71063],[12.13203,45.71138],[12.13041,45.71284],[12.12899,45.71394],[12.12873,45.71408],[12.12794,45.7144],[12.12775,45.71451],[12.12711,45.71516],[12.12664,45.71569],[12.12652,45.71589],[12.12634,45.71598],[12.12612,45.71628],[12.1261,45.71642]]},"properties":{}},{"type":"Feature","geometry":{"type":"LineString","coordinates":[[12.1261,45.71642],[12.12626,45.71638],[12.12649,45.71639],[12.12669,45.71648],[12.12677,45.71657],[12.1268,45.71671],[12.12675,45.71685],[12.12661,45.71696],[12.1265,45.717]]},"properties":{}},{"type":"Feature","geometry":{"type":"LineString","coordinates":[[12.1281,45.54007],[12.12876,45.53969]]},"properties":{}},{"type":"Feature","geometry":{"type":"LineString","coordinates":[[12.12876,45.53969],[12.12885,45.53988],[12.1281,45.54007]]},"properties":{}},{"type":"Feature","geometry":{"type":"LineString","coordinates":[[12.12987,45.67889],[12.12951,45.67895],[12.12926,45.6791],[12.12912,45.67913],[12.12891,45.6791],[12.12862,45.67893],[12.12825,45.67888]]},"properties":{}},{"type":"Feature","geometry":{"type":"LineString","coordinates":[[12.12825,45.67888],[12.12865,45.67882],[12.12893,45.67868],[12.1291,45.67865],[12.12928,45.67869],[12.12958,45.67886],[12.12987,45.67889]]},"properties":{}},{"type":"Feature","geometry":{"type":"LineString","coordinates":[[12.12876,45.53969],[12.13004,45.53924],[12.13268,45.53803],[12.13338,45.53782],[12.13479,45.53757],[12.13554,45.5375],[12.13901,45.53726],[12.14106,45.53694],[12.14394,45.53643],[12.14444,45.53634],[12.14508,45.53616],[12.14542,45.53601],[12.1459,45.53574],[12.14623,45.5354],[12.14668,45.5347],[12.14683,45.53452],[12.14702,45.53432],[12.1479,45.53357],[12.14837,45.53323],[12.1501,45.53243],[12.15036,45.53226],[12.15109,45.53152]]},"properties":{}},{"type":"Feature","geometry":{"type":"LineString","coordinates":[[12.12987,45.67889],[12.13222,45.67888],[12.13289,45.67882],[12.13638,45.67792],[12.14136,45.67631],[12.14239,45.67593],[12.14798,45.67417],[12.14921,45.67358],[12.14982,45.67334],[12.15124,45.67284],[12.1517,45.67273],[12.15273,45.67259],[12.15932,45.67205],[12.16145,45.67193],[12.16239,45.67199],[12.16357,45.67201]]},"properties":{}},{"type":"Feature","geometry":{"type":"LineString","coordinates":[[12.13179,45.87256],[12.13194,45.87271],[12.13201,45.87282],[12.13227,45.87302],[12.13341,45.87451],[12.13356,45.87465]]},"properties":{}},{"type":"Feature","geometry":{"type":"LineString","coordinates":[[12.13213,45.87503],[12.1318,45.87281],[12.13175,45.87276],[12.1318,45.87267],[12.13179,45.87256]]},"properties":{}},{"type":"Feature","geometry":{"type":"LineString","coordinates":[[12.13232,45.87505],[12.1322,45.87506],[12.13213,45.87503]]},"properties":{}},{"type":"Feature","geometry":{"type":"LineString","coordinates":[[12.13232,45.87505],[12.13212,45.87517],[12.13213,45.87503]]},"properties":{}},{"type":"Feature","geometry":{"type":"LineString","coordinates":[[12.13356,45.87465],[12.1333,45.87473],[12.13285,45.87481],[12.13232,45.87505]]},"properties":{}},{"type":"Feature","geometry":{"type":"LineString","coordinates":[[12.133,45.56009],[12.13304,45.55981],[12.13302,45.55972],[12.13294,45.55964],[12.1329,45.55952],[12.13292,45.5594],[12.13299,45.55929],[12.13309,45.55921],[12.13327,45.55914],[12.13352,45.55913],[12.13364,45.55916],[12.13384,45.55927],[12.13406,45.5593],[12.13429,45.55928],[12.13458,45.5592]]},"properties":{}},{"type":"Feature","geometry":{"type":"LineString","coordinates":[[12.13458,45.5592],[12.13402,45.55947],[12.13395,45.55953],[12.1339,45.55966],[12.13374,45.55979],[12.13351,45.55986],[12.13322,45.55988],[12.133,45.56009]]},"properties":{}},{"type":"Feature","geometry":{"type":"LineString","coordinates":[[12.13451,45.65199],[12.13419,45.65209],[12.1341,45.65209],[12.13395,45.65194],[12.1338,45.65185],[12.13335,45.65178]]},"properties":{}},{"type":"Feature","geometry":{"type":"LineString","coordinates":[[12.13335,45.65178],[12.13378,45.65166],[12.13384,45.65168],[12.13391,45.6518],[12.13402,45.65188],[12.13451,45.65199]]},"properties":{}},{"type":"Feature","geometry":{"type":"LineString","coordinates":[[12.16624,45.89631],[12.16352,45.89477],[12.1631,45.89449],[12.14983,45.88297],[12.14944,45.88274],[12.14861,45.88256],[12.14811,45.88232],[12.146,45.88096],[12.14555,45.88062],[12.14508,45.88014],[12.14352,45.87827],[12.14315,45.87796],[12.14267,45.87778],[12.13721,45.87623],[12.13642,45.8759],[12.1357,45.87553],[12.13437,45.87513],[12.13372,45.87477],[12.13356,45.87465]]},"properties":{}},{"type":"Feature","geometry":{"type":"LineString","coordinates":[[12.13451,45.65199],[12.13536,45.65205],[12.1386,45.65197],[12.1426,45.65205],[12.14309,45.65202],[12.14431,45.65182],[12.14476,45.65179],[12.14696,45.65191],[12.14905,45.65175],[12.15376,45.65183],[12.15842,45.65161],[12.15907,45.65151],[12.15972,45.65133]]},"properties":{}},{"type":"Feature","geometry":{"type":"LineString","coordinates":[[12.1363,45.6434],[12.13562,45.64302],[12.13531,45.64277],[12.13415,45.64117],[12.13394,45.64086],[12.13376,45.64053],[12.13366,45.64008],[12.13369,45.63992],[12.13452,45.63877]]},"properties":{}},{"type":"Feature","geometry":{"type":"LineString","coordinates":[[12.13452,45.63877],[12.13463,45.63858],[12.13461,45.63845],[12.1345,45.6384],[12.1341,45.63834],[12.13408,45.63829],[12.13413,45.63822],[12.13426,45.63822],[12.13445,45.63829],[12.13514,45.63829]]},"properties":{}},{"type":"Feature","geometry":{"type":"LineString","coordinates":[[12.13514,45.63829],[12.13498,45.63831],[12.1348,45.63839],[12.13467,45.63862],[12.13452,45.63877]]},"properties":{}},{"type":"Feature","geometry":{"type":"LineString","coordinates":[[12.13458,45.5592],[12.13496,45.55888],[12.13528,45.55841],[12.13579,45.55733],[12.13622,45.55633],[12.13645,45.55596],[12.13675,45.55563],[12.13938,45.55304],[12.13953,45.55293],[12.13991,45.55277],[12.14221,45.55222],[12.14278,45.55205],[12.14343,45.55182],[12.1531,45.54749],[12.15455,45.54702],[12.15504,45.54693]]},"properties":{}},{"type":"Feature","geometry":{"type":"LineString","coordinates":[[12.16252,45.63939],[12.16146,45.6392],[12.16002,45.63901],[12.15845,45.6389],[12.1554,45.63885],[12.14998,45.63894],[12.14943,45.63883],[12.14652,45.638],[12.1459,45.63792],[12.13514,45.63829]]},"properties":{}},{"type":"Feature","geometry":{"type":"LineString","coordinates":[[12.13558,45.64418],[12.13542,45.64434],[12.13534,45.64428],[12.13531,45.64418],[12.13537,45.64413],[12.13558,45.64418]]},"properties":{}},{"type":"Feature","geometry":{"type":"LineString","coordinates":[[12.13558,45.64418],[12.13614,45.64373],[12.13633,45.64353]]},"properties":{}},{"type":"Feature","geometry":{"type":"LineString","coordinates":[[12.13627,45.78349],[12.13666,45.78347],[12.13676,45.78353],[12.1368,45.78366],[12.13686,45.78372]]},"properties":{}},{"type":"Feature","geometry":{"type":"LineString","coordinates":[[12.13686,45.78372],[12.13649,45.78372],[12.13627,45.78349]]},"properties":{}},{"type":"Feature","geometry":{"type":"LineString","coordinates":[[12.13633,45.64353],[12.13628,45.64347],[12.1363,45.6434]]},"properties":{}},{"type":"Feature","geometry":{"type":"LineString","coordinates":[[12.1363,45.6434],[12.1364,45.64337],[12.1365,45.64344],[12.13645,45.64352],[12.13633,45.64353]]},"properties":{}},{"type":"Feature","geometry":{"type":"LineString","coordinates":[[12.13686,45.78372],[12.14158,45.78531],[12.14331,45.78587],[12.14468,45.78625]]},"properties":{}},{"type":"Feature","geometry":{"type":"LineString","coordinates":[[12.14209,45.70552],[12.14223,45.70543],[12.1423,45.70532],[12.14261,45.70533]]},"properties":{}},{"type":"Feature","geometry":{"type":"LineString","coordinates":[[12.14261,45.70533],[12.14245,45.70539],[12.1424,45.70544],[12.14209,45.70552]]},"properties":{}},{"type":"Feature","geometry":{"type":"LineString","coordinates":[[12.14261,45.70533],[12.1429,45.70527],[12.14327,45.70527],[12.14344,45.70531],[12.14435,45.70566],[12.14471,45.70574],[12.14505,45.70577],[12.14521,45.70575],[12.14562,45.70561],[12.14777,45.7042],[12.15189,45.70123],[12.15268,45.70067],[12.15299,45.70048],[12.15338,45.70035],[12.15682,45.69989],[12.15742,45.69976],[12.16631,45.69657],[12.16679,45.69634],[12.17296,45.69282],[12.17726,45.6908],[12.17775,45.69059],[12.17874,45.69024],[12.18158,45.68964],[12.184,45.68879],[12.18431,45.68862],[12.18477,45.6883],[12.18609,45.6872],[12.1866,45.6869],[12.18709,45.68673],[12.18785,45.68657],[12.19008,45.68602],[12.19042,45.68585],[12.19087,45.68555],[12.19186,45.68482],[12.19231,45.68454],[12.19267,45.68437],[12.19781,45.68262],[12.2012,45.68132],[12.20176,45.681],[12.20484,45.67906],[12.20558,45.67864],[12.20579,45.67857],[12.20614,45.67853],[12.21024,45.6785],[12.2107,45.67845],[12.21111,45.67835],[12.21152,45.67818],[12.21554,45.67594],[12.2159,45.6757],[12.21651,45.67519]]},"properties":{}},{"type":"Feature","geometry":{"type":"LineString","coordinates":[[12.14408,45.50137],[12.14386,45.50122],[12.14366,45.50117],[12.14354,45.5011],[12.1435,45.50104],[12.14351,45.50089],[12.14345,45.50074],[12.14293,45.5]]},"properties":{}},{"type":"Feature","geometry":{"type":"LineString","coordinates":[[12.14305,45.5],[12.14327,45.50033],[12.14351,45.50056],[12.14374,45.50071],[12.14401,45.50082],[12.14407,45.50088],[12.1441,45.50102],[12.14404,45.5011],[12.14408,45.50137]]},"properties":{}},{"type":"Feature","geometry":{"type":"LineString","coordinates":[[12.14408,45.50137],[12.14446,45.50194]]},"properties":{}},{"type":"Feature","geometry":{"type":"LineString","coordinates":[[12.14446,45.50194],[12.14577,45.50405],[12.14693,45.5061],[12.1472,45.50652],[12.1475,45.50689]]},"properties":{}},{"type":"Feature","geometry":{"type":"LineString","coordinates":[[12.1475,45.50689],[12.14729,45.50678],[12.1472,45.50665],[12.14563,45.50394],[12.14467,45.50242],[12.14449,45.5021],[12.14446,45.50194]]},"properties":{}},{"type":"Feature","geometry":{"type":"LineString","coordinates":[[12.14468,45.78625],[12.14567,45.78652],[12.15003,45.78743],[12.15057,45.78758],[12.15116,45.78785],[12.15347,45.78935],[12.15429,45.78984],[12.15501,45.7902],[12.15582,45.79055],[12.15697,45.79094],[12.15783,45.79118],[12.17172,45.79437],[12.17226,45.79453],[12.17273,45.79476],[12.17716,45.79758],[12.1787,45.79852],[12.18462,45.80231],[12.18747,45.80409],[12.18778,45.80434]]},"properties":{}},{"type":"Feature","geometry":{"type":"LineString","coordinates":[[12.15623,45.76337],[12.15613,45.76345],[12.15609,45.76356],[12.1561,45.76388],[12.15618,45.76402],[12.15745,45.76525],[12.15762,45.7655],[12.1577,45.7657],[12.15774,45.76599],[12.15766,45.76637],[12.15758,45.76656],[12.15592,45.77016],[12.15579,45.77069],[12.15577,45.77131],[12.1558,45.77155],[12.15589,45.77181],[12.1561,45.77215],[12.1567,45.77297],[12.15686,45.77325],[12.15693,45.77346],[12.15694,45.77361],[12.15687,45.7739],[12.15644,45.77515],[12.15631,45.77535],[12.15607,45.7756],[12.15462,45.77696],[12.15407,45.77771],[12.15367,45.77817],[12.15335,45.77841],[12.15182,45.77941],[12.15118,45.77991],[12.15034,45.78079],[12.14876,45.78261],[12.14775,45.7837],[12.14712,45.78422],[12.14555,45.78531],[12.14532,45.78557],[12.14485,45.78601],[12.14468,45.78625]]},"properties":{}},{"type":"Feature","geometry":{"type":"LineString","coordinates":[[12.1475,45.50689],[12.14762,45.50699]]},"properties":{}},{"type":"Feature","geometry":{"type":"LineString","coordinates":[[12.14762,45.50699],[12.14793,45.50712],[12.14833,45.50718],[12.14845,45.50728],[12.14848,45.50735],[12.14847,45.50744],[12.1483,45.50763],[12.14824,45.50792]]},"properties":{}},{"type":"Feature","geometry":{"type":"LineString","coordinates":[[12.14824,45.50792],[12.14809,45.50762],[12.14787,45.50743],[12.14788,45.5073],[12.14783,45.50722],[12.14762,45.50699]]},"properties":{}},{"type":"Feature","geometry":{"type":"LineString","coordinates":[[12.14959,45.51079],[12.14938,45.51043],[12.14894,45.50945],[12.14832,45.50826],[12.14824,45.50792]]},"properties":{}},{"type":"Feature","geometry":{"type":"LineString","coordinates":[[12.14959,45.51079],[12.14979,45.51099],[12.14988,45.51104],[12.15006,45.5111],[12.15025,45.51112],[12.1504,45.51123],[12.1504,45.51136],[12.15017,45.5116],[12.15004,45.51186]]},"properties":{}},{"type":"Feature","geometry":{"type":"LineString","coordinates":[[12.15004,45.51186],[12.15,45.51156],[12.14996,45.51147],[12.14984,45.51137],[12.14976,45.51105],[12.14959,45.51079]]},"properties":{}},{"type":"Feature","geometry":{"type":"LineString","coordinates":[[12.1514,45.51665],[12.15137,45.51643],[12.15095,45.51519],[12.1508,45.51457],[12.15009,45.51222],[12.15004,45.51186]]},"properties":{}},{"type":"Feature","geometry":{"type":"LineString","coordinates":[[12.15137,45.53151],[12.15127,45.53155],[12.15109,45.53152]]},"properties":{}},{"type":"Feature","geometry":{"type":"LineString","coordinates":[[12.15109,45.53152],[12.15104,45.53143],[12.15104,45.53137],[12.15128,45.53103],[12.15136,45.53074],[12.15149,45.5307],[12.15162,45.53074]]},"properties":{}},{"type":"Feature","geometry":{"type":"LineString","coordinates":[[12.1521,45.53458],[12.15215,45.5344],[12.15212,45.53421],[12.15149,45.53174],[12.15143,45.53159],[12.15137,45.53151]]},"properties":{}},{"type":"Feature","geometry":{"type":"LineString","coordinates":[[12.15162,45.53074],[12.15164,45.53082],[12.15162,45.53085],[12.15147,45.53095],[12.15138,45.53111],[12.15142,45.53142],[12.15137,45.53151]]},"properties":{}},{"type":"Feature","geometry":{"type":"LineString","coordinates":[[12.1514,45.51665],[12.1514,45.51694],[12.15143,45.51709],[12.15158,45.51722],[12.15161,45.51733],[12.15174,45.51752],[12.15178,45.51763]]},"properties":{}},{"type":"Feature","geometry":{"type":"LineString","coordinates":[[12.15178,45.51763],[12.15163,45.51749],[12.15148,45.51746],[12.15125,45.51746],[12.15115,45.5174],[12.15111,45.51733],[12.15113,45.51722],[12.15127,45.5171],[12.15133,45.51698],[12.1514,45.51665]]},"properties":{}},{"type":"Feature","geometry":{"type":"LineString","coordinates":[[12.15162,45.53074],[12.15271,45.53023],[12.15333,45.5299],[12.15465,45.52909],[12.15513,45.52886],[12.15582,45.52861],[12.15628,45.52848],[12.15773,45.52816],[12.15654,45.52586],[12.15637,45.52563],[12.15582,45.52506],[12.15562,45.52478],[12.15555,45.5245],[12.15552,45.52412],[12.15556,45.52402],[12.15571,45.52391]]},"properties":{}},{"type":"Feature","geometry":{"type":"LineString","coordinates":[[12.15178,45.51763],[12.15354,45.52048],[12.154,45.52108],[12.15465,45.52177],[12.15493,45.52213],[12.15523,45.52266],[12.15571,45.52391]]},"properties":{}},{"type":"Feature","geometry":{"type":"LineString","coordinates":[[12.1521,45.53458],[12.15202,45.5349],[12.15212,45.53508],[12.1521,45.53527],[12.15221,45.53547]]},"properties":{}},{"type":"Feature","geometry":{"type":"LineString","coordinates":[[12.15221,45.53547],[12.15197,45.53534],[12.15162,45.5353],[12.15152,45.53523],[12.15147,45.53514],[12.15152,45.53499],[12.15163,45.53491],[12.15185,45.53486],[12.1521,45.53458]]},"properties":{}},{"type":"Feature","geometry":{"type":"LineString","coordinates":[[12.15427,45.54279],[12.15255,45.53595],[12.15242,45.5357],[12.15221,45.53547]]},"properties":{}},{"type":"Feature","geometry":{"type":"LineString","coordinates":[[12.15429,45.54287],[12.15427,45.54279]]},"properties":{}},{"type":"Feature","geometry":{"type":"LineString","coordinates":[[12.15427,45.54279],[12.15485,45.54277]]},"properties":{}},{"type":"Feature","geometry":{"type":"LineString","coordinates":[[12.15429,45.54287],[12.15498,45.54563],[12.15503,45.54644]]},"properties":{}},{"type":"Feature","geometry":{"type":"LineString","coordinates":[[12.15485,45.54277],[12.15429,45.54287]]},"properties":{}},{"type":"Feature","geometry":{"type":"LineString","coordinates":[[12.1638,45.54305],[12.16084,45.5426],[12.15976,45.54265],[12.15849,45.54262],[12.15485,45.54277]]},"properties":{}},{"type":"Feature","geometry":{"type":"LineString","coordinates":[[12.15503,45.54644],[12.15504,45.54693]]},"properties":{}},{"type":"Feature","geometry":{"type":"LineString","coordinates":[[12.15504,45.54693],[12.15496,45.54685],[12.15492,45.54672],[12.15503,45.54644]]},"properties":{}},{"type":"Feature","geometry":{"type":"LineString","coordinates":[[12.15504,45.54693],[12.15639,45.54685],[12.15766,45.54661]]},"properties":{}},{"type":"Feature","geometry":{"type":"LineString","coordinates":[[12.16333,45.52276],[12.16175,45.5233],[12.16015,45.52371],[12.15965,45.52373],[12.15724,45.52373],[12.15626,45.52381],[12.15571,45.52391]]},"properties":{}},{"type":"Feature","geometry":{"type":"LineString","coordinates":[[12.15623,45.76337],[12.15636,45.76327],[12.15639,45.7632],[12.15641,45.76313],[12.15633,45.76304],[12.15636,45.76294],[12.15669,45.76278],[12.15694,45.76261]]},"properties":{}},{"type":"Feature","geometry":{"type":"LineString","coordinates":[[12.15694,45.76261],[12.15683,45.7628],[12.15673,45.76308],[12.15642,45.76331],[12.15623,45.76337]]},"properties":{}},{"type":"Feature","geometry":{"type":"LineString","coordinates":[[12.15922,45.74332],[12.16022,45.7441],[12.1617,45.74549],[12.16275,45.7463],[12.16332,45.74669],[12.1641,45.74754],[12.16445,45.74785],[12.16608,45.74908],[12.16762,45.75031],[12.16863,45.75066],[12.1697,45.75124],[12.17029,45.75146],[12.16981,45.75272],[12.16965,45.75386],[12.16958,45.75406],[12.16941,45.75433],[12.16898,45.75475],[12.16813,45.75539],[12.16322,45.75888],[12.16234,45.7594],[12.16007,45.76047],[12.15715,45.7624],[12.15694,45.76261]]},"properties":{}},{"type":"Feature","geometry":{"type":"LineString","coordinates":[[12.15766,45.54661],[12.15745,45.54525],[12.15741,45.54491],[12.15744,45.54486],[12.15743,45.54481],[12.1621,45.54424]]},"properties":{}},{"type":"Feature","geometry":{"type":"LineString","coordinates":[[12.15766,45.54661],[12.15984,45.54612],[12.16278,45.54559],[12.16551,45.54506],[12.16608,45.54491],[12.16643,45.54473],[12.16804,45.54308]]},"properties":{}},{"type":"Feature","geometry":{"type":"LineString","coordinates":[[12.15919,45.74318],[12.15926,45.74324],[12.15922,45.74332]]},"properties":{}},{"type":"Feature","geometry":{"type":"LineString","coordinates":[[12.15922,45.74332],[12.1591,45.74333],[12.15902,45.74327],[12.15908,45.74319],[12.15919,45.74318]]},"properties":{}},{"type":"Feature","geometry":{"type":"LineString","coordinates":[[12.15919,45.74318],[12.15953,45.74285],[12.16043,45.74218],[12.16138,45.7415],[12.16197,45.74112],[12.16295,45.7406],[12.16434,45.73993],[12.16531,45.73938],[12.1666,45.7386],[12.16955,45.73671],[12.17409,45.73398],[12.1756,45.73292],[12.17899,45.73101],[12.18094,45.72996],[12.18316,45.72863],[12.1835,45.72834],[12.1837,45.72805],[12.18429,45.72643],[12.18497,45.72558],[12.18521,45.72536]]},"properties":{}},{"type":"Feature","geometry":{"type":"LineString","coordinates":[[12.15921,45.64604],[12.16152,45.64606]]},"properties":{}},{"type":"Feature","geometry":{"type":"LineString","coordinates":[[12.15921,45.64604],[12.15887,45.64602],[12.15886,45.64579],[12.15923,45.64579],[12.15921,45.64604]]},"properties":{}},{"type":"Feature","geometry":{"type":"LineString","coordinates":[[12.15972,45.65133],[12.15991,45.65123],[12.16002,45.65112],[12.1601,45.65109],[12.16023,45.65112],[12.16028,45.65117],[12.16028,45.65123],[12.16019,45.65135],[12.16016,45.65157]]},"properties":{}},{"type":"Feature","geometry":{"type":"LineString","coordinates":[[12.16016,45.65157],[12.16011,45.65141],[12.16004,45.65131],[12.15972,45.65133]]},"properties":{}},{"type":"Feature","geometry":{"type":"LineString","coordinates":[[12.16368,45.66595],[12.16332,45.66508],[12.16251,45.66294],[12.16218,45.66117],[12.16216,45.65977],[12.16213,45.65953],[12.16207,45.65934],[12.16196,45.65911],[12.1612,45.65791],[12.16005,45.65594],[12.15982,45.65537],[12.15979,45.65522],[12.1598,45.65481],[12.16024,45.65336],[12.16027,45.65305],[12.16028,45.65286],[12.16016,45.65157]]},"properties":{}},{"type":"Feature","geometry":{"type":"LineString","coordinates":[[12.16152,45.64606],[12.16148,45.64635],[12.16157,45.64641],[12.16184,45.64619],[12.16209,45.64603]]},"properties":{}},{"type":"Feature","geometry":{"type":"LineString","coordinates":[[12.16152,45.64606],[12.16204,45.646],[12.16209,45.64603]]},"properties":{}},{"type":"Feature","geometry":{"type":"LineString","coordinates":[[12.16209,45.64603],[12.16241,45.64593],[12.1629,45.64584],[12.16461,45.6457],[12.16496,45.64564],[12.16689,45.64515]]},"properties":{}},{"type":"Feature","geometry":{"type":"LineString","coordinates":[[12.1621,45.54424],[12.16211,45.54409],[12.16223,45.54387],[12.16235,45.54377],[12.1625,45.54377],[12.16299,45.54386]]},"properties":{}},{"type":"Feature","geometry":{"type":"LineString","coordinates":[[12.1621,45.54424],[12.16263,45.54407],[12.16299,45.54386]]},"properties":{}},{"type":"Feature","geometry":{"type":"LineString","coordinates":[[12.16278,45.63952],[12.16252,45.63939]]},"properties":{}},{"type":"Feature","geometry":{"type":"LineString","coordinates":[[12.16252,45.63939],[12.16282,45.63934]]},"properties":{}},{"type":"Feature","geometry":{"type":"LineString","coordinates":[[12.16494,45.63956],[12.16472,45.63951],[12.1635,45.6394],[12.16305,45.63959],[12.16287,45.63958],[12.16278,45.63952]]},"properties":{}},{"type":"Feature","geometry":{"type":"LineString","coordinates":[[12.16278,45.63952],[12.16276,45.63943],[12.16282,45.63934]]},"properties":{}},{"type":"Feature","geometry":{"type":"LineString","coordinates":[[12.16282,45.63934],[12.16293,45.6393],[12.16313,45.6391],[12.16372,45.63692],[12.16428,45.63704],[12.16451,45.63826],[12.16494,45.63956]]},"properties":{}},{"type":"Feature","geometry":{"type":"LineString","coordinates":[[12.16299,45.54386],[12.16371,45.54339],[12.16388,45.54319]]},"properties":{}},{"type":"Feature","geometry":{"type":"LineString","coordinates":[[12.16317,45.90384],[12.16335,45.90398],[12.1636,45.904]]},"properties":{}},{"type":"Feature","geometry":{"type":"LineString","coordinates":[[12.1636,45.904],[12.16336,45.9042],[12.16329,45.90436],[12.16317,45.90442],[12.16303,45.90442],[12.16291,45.90434],[12.16289,45.90425],[12.16306,45.90409],[12.16317,45.90384]]},"properties":{}},{"type":"Feature","geometry":{"type":"LineString","coordinates":[[12.16656,45.8967],[12.16409,45.89903],[12.16372,45.8995],[12.16351,45.89985],[12.16323,45.90057],[12.16317,45.90115],[12.16317,45.90384]]},"properties":{}},{"type":"Feature","geometry":{"type":"LineString","coordinates":[[12.16333,45.52276],[12.16367,45.52266],[12.16429,45.52259]]},"properties":{}},{"type":"Feature","geometry":{"type":"LineString","coordinates":[[12.16333,45.52276],[12.16363,45.52274],[12.16405,45.52282],[12.16429,45.52259]]},"properties":{}},{"type":"Feature","geometry":{"type":"LineString","coordinates":[[12.16357,45.67201],[12.16382,45.67193],[12.16393,45.6718]]},"properties":{}},{"type":"Feature","geometry":{"type":"LineString","coordinates":[[12.16408,45.672],[12.16391,45.67198],[12.16357,45.67201]]},"properties":{}},{"type":"Feature","geometry":{"type":"LineString","coordinates":[[12.17237,45.89955],[12.1721,45.89946],[12.17197,45.89946],[12.17165,45.89957],[12.16818,45.90145],[12.16638,45.90248],[12.1636,45.904]]},"properties":{}},{"type":"Feature","geometry":{"type":"LineString","coordinates":[[12.16434,45.6714],[12.16433,45.67093],[12.16418,45.67047],[12.16324,45.66904],[12.16308,45.66874],[12.16303,45.66858],[12.16301,45.66835],[12.16305,45.66807],[12.16341,45.66727],[12.16355,45.66664],[12.16361,45.66649]]},"properties":{}},{"type":"Feature","geometry":{"type":"LineString","coordinates":[[12.16361,45.66649],[12.16366,45.66632],[12.16362,45.66623],[12.16369,45.66614],[12.16368,45.66595]]},"properties":{}},{"type":"Feature","geometry":{"type":"LineString","coordinates":[[12.16368,45.66595],[12.16383,45.66612],[12.16396,45.66618],[12.16397,45.66626],[12.16392,45.66632],[12.16361,45.66649]]},"properties":{}},{"type":"Feature","geometry":{"type":"LineString","coordinates":[[12.16388,45.54319],[12.1638,45.54313],[12.1638,45.54305]]},"properties":{}},{"type":"Feature","geometry":{"type":"LineString","coordinates":[[12.1638,45.54305],[12.16384,45.54301],[12.16395,45.54298],[12.16408,45.54304]]},"properties":{}},{"type":"Feature","geometry":{"type":"LineString","coordinates":[[12.16408,45.54304],[12.1641,45.5431],[12.16406,45.54317],[12.16398,45.5432],[12.16388,45.54319]]},"properties":{}},{"type":"Feature","geometry":{"type":"LineString","coordinates":[[12.16408,45.672],[12.16396,45.67192],[12.16393,45.6718]]},"properties":{}},{"type":"Feature","geometry":{"type":"LineString","coordinates":[[12.16393,45.6718],[12.16397,45.67172],[12.16409,45.67164]]},"properties":{}},{"type":"Feature","geometry":{"type":"LineString","coordinates":[[12.16472,45.67206],[12.16408,45.672]]},"properties":{}},{"type":"Feature","geometry":{"type":"LineString","coordinates":[[12.16755,45.54261],[12.16686,45.54253],[12.16609,45.54256],[12.16479,45.54285],[12.16408,45.54304]]},"properties":{}},{"type":"Feature","geometry":{"type":"LineString","coordinates":[[12.16409,45.67164],[12.16427,45.67151],[12.16434,45.6714]]},"properties":{}},{"type":"Feature","geometry":{"type":"LineString","coordinates":[[12.16409,45.67164],[12.16432,45.67163],[12.16447,45.6717]]},"properties":{}},{"type":"Feature","geometry":{"type":"LineString","coordinates":[[12.16429,45.52259],[12.16451,45.5224],[12.16485,45.52223],[12.16695,45.52155],[12.17162,45.5206],[12.17955,45.5189],[12.17986,45.51883],[12.18174,45.51864],[12.18214,45.51855],[12.18454,45.51754]]},"properties":{}},{"type":"Feature","geometry":{"type":"LineString","coordinates":[[12.16434,45.6714],[12.16437,45.67156],[12.16447,45.6717]]},"properties":{}},{"type":"Feature","geometry":{"type":"LineString","coordinates":[[12.16447,45.6717],[12.16458,45.67195],[12.16472,45.67206]]},"properties":{}},{"type":"Feature","geometry":{"type":"LineString","coordinates":[[12.16472,45.67206],[12.16702,45.67208],[12.17225,45.67136],[12.17415,45.671],[12.17478,45.67076],[12.17538,45.67043]]},"properties":{}},{"type":"Feature","geometry":{"type":"LineString","coordinates":[[12.16494,45.63956],[12.16733,45.63947],[12.16857,45.63938],[12.16895,45.63924],[12.16961,45.6387],[12.1699,45.63853],[12.1701,45.63846],[12.1705,45.6384],[12.17123,45.63852],[12.17858,45.64033],[12.17939,45.6405],[12.18356,45.64112],[12.18395,45.64112],[12.18448,45.64102],[12.18606,45.64031],[12.18633,45.64023],[12.18689,45.64018],[12.18854,45.64022],[12.1892,45.64032],[12.19012,45.64063],[12.19048,45.6408],[12.19079,45.64099],[12.19159,45.64159],[12.19205,45.64178],[12.19848,45.6422],[12.19904,45.6423],[12.19943,45.64244]]},"properties":{}},{"type":"Feature","geometry":{"type":"LineString","coordinates":[[12.16624,45.89631],[12.16664,45.89648],[12.16669,45.89658]]},"properties":{}},{"type":"Feature","geometry":{"type":"LineString","coordinates":[[12.16653,45.89651],[12.16624,45.89631]]},"properties":{}},{"type":"Feature","geometry":{"type":"LineString","coordinates":[[12.16669,45.89658],[12.16653,45.89651]]},"properties":{}},{"type":"Feature","geometry":{"type":"LineString","coordinates":[[12.16656,45.8967],[12.16657,45.8966],[12.16653,45.89651]]},"properties":{}},{"type":"Feature","geometry":{"type":"LineString","coordinates":[[12.16669,45.89658],[12.16656,45.8967]]},"properties":{}},{"type":"Feature","geometry":{"type":"LineString","coordinates":[[12.16728,45.64527],[12.16689,45.64515]]},"properties":{}},{"type":"Feature","geometry":{"type":"LineString","coordinates":[[12.16689,45.64515],[12.16701,45.64514],[12.16728,45.64527]]},"properties":{}},{"type":"Feature","geometry":{"type":"LineString","coordinates":[[12.17031,45.64627],[12.16965,45.64608],[12.16728,45.64527]]},"properties":{}},{"type":"Feature","geometry":{"type":"LineString","coordinates":[[12.16755,45.54261],[12.1681,45.54266],[12.16822,45.54273],[12.16829,45.54282]]},"properties":{}},{"type":"Feature","geometry":{"type":"LineString","coordinates":[[12.16804,45.54308],[12.16806,45.54289],[12.16801,45.54281],[12.16755,45.54261]]},"properties":{}},{"type":"Feature","geometry":{"type":"LineString","coordinates":[[12.16804,45.54308],[12.16829,45.54282]]},"properties":{}},{"type":"Feature","geometry":{"type":"LineString","coordinates":[[12.16829,45.54282],[12.16907,45.54204],[12.16992,45.54146],[12.17056,45.54119],[12.17271,45.54051],[12.17373,45.54013],[12.17419,45.53989],[12.17467,45.53956]]},"properties":{}},{"type":"Feature","geometry":{"type":"LineString","coordinates":[[12.16896,45.56663],[12.16919,45.56656],[12.16933,45.56647],[12.16941,45.56638],[12.16948,45.56618]]},"properties":{}},{"type":"Feature","geometry":{"type":"LineString","coordinates":[[12.16948,45.56618],[12.16959,45.56642],[12.16969,45.56651],[12.16965,45.56663],[12.16949,45.56667],[12.16919,45.56662],[12.16896,45.56663]]},"properties":{}},{"type":"Feature","geometry":{"type":"LineString","coordinates":[[12.16948,45.56618],[12.16926,45.56333],[12.16927,45.56299],[12.16938,45.56283],[12.16954,45.56275],[12.16972,45.5627],[12.17095,45.56264],[12.1818,45.56212]]},"properties":{}},{"type":"Feature","geometry":{"type":"LineString","coordinates":[[12.17036,45.72267],[12.17022,45.72261]]},"properties":{}},{"type":"Feature","geometry":{"type":"LineString","coordinates":[[12.17022,45.72261],[12.17012,45.72274],[12.16996,45.72271],[12.17002,45.72255],[12.17022,45.72261]]},"properties":{}},{"type":"Feature","geometry":{"type":"LineString","coordinates":[[12.17031,45.64627],[12.17073,45.64634],[12.17112,45.64635],[12.17121,45.64643],[12.17126,45.64657],[12.17137,45.64667]]},"properties":{}},{"type":"Feature","geometry":{"type":"LineString","coordinates":[[12.17137,45.64667],[12.17113,45.64659],[12.17094,45.6466],[12.17074,45.64645],[12.17031,45.64627]]},"properties":{}},{"type":"Feature","geometry":{"type":"LineString","coordinates":[[12.17033,45.72272],[12.17033,45.72282],[12.17045,45.72295]]},"properties":{}},{"type":"Feature","geometry":{"type":"LineString","coordinates":[[12.17045,45.72295],[12.1702,45.72292],[12.17018,45.72285],[12.17033,45.72272]]},"properties":{}},{"type":"Feature","geometry":{"type":"LineString","coordinates":[[12.17036,45.72267],[12.17033,45.72272]]},"properties":{}},{"type":"Feature","geometry":{"type":"LineString","coordinates":[[12.19119,45.71384],[12.19049,45.71396],[12.18784,45.71457],[12.17982,45.71654],[12.17848,45.71691],[12.17378,45.71838],[12.17324,45.71867],[12.17283,45.71905],[12.17239,45.71964],[12.17036,45.72267]]},"properties":{}},{"type":"Feature","geometry":{"type":"LineString","coordinates":[[12.17045,45.72295],[12.1729,45.72327],[12.18489,45.72499]]},"properties":{}},{"type":"Feature","geometry":{"type":"LineString","coordinates":[[12.18588,45.65024],[12.17233,45.64694],[12.17137,45.64667]]},"properties":{}},{"type":"Feature","geometry":{"type":"LineString","coordinates":[[12.18152,45.73818],[12.18052,45.73921],[12.18017,45.73949],[12.17944,45.73999],[12.17722,45.74136],[12.17693,45.74156],[12.17648,45.74202],[12.17584,45.74303],[12.17448,45.74532],[12.17419,45.74573],[12.17337,45.74672],[12.17164,45.74858],[12.17203,45.74885]]},"properties":{}},{"type":"Feature","geometry":{"type":"LineString","coordinates":[[12.17321,45.89945],[12.17339,45.89954],[12.17321,45.89971],[12.17318,45.8998],[12.17312,45.89982],[12.17303,45.89981],[12.17294,45.89974],[12.17237,45.89955]]},"properties":{}},{"type":"Feature","geometry":{"type":"LineString","coordinates":[[12.17237,45.89955],[12.17247,45.89945]]},"properties":{}},{"type":"Feature","geometry":{"type":"LineString","coordinates":[[12.17321,45.89945],[12.17307,45.89954],[12.17291,45.89957],[12.17247,45.89945]]},"properties":{}},{"type":"Feature","geometry":{"type":"LineString","coordinates":[[12.17247,45.89945],[12.17263,45.89929],[12.17272,45.89925],[12.17321,45.89945]]},"properties":{}},{"type":"Feature","geometry":{"type":"LineString","coordinates":[[12.17467,45.53956],[12.17513,45.53911],[12.17524,45.53889]]},"properties":{}},{"type":"Feature","geometry":{"type":"LineString","coordinates":[[12.17524,45.53889],[12.17528,45.53908],[12.17549,45.53928],[12.17547,45.53943],[12.17528,45.53953],[12.17492,45.53949],[12.17467,45.53956]]},"properties":{}},{"type":"Feature","geometry":{"type":"LineString","coordinates":[[12.17524,45.53889],[12.17534,45.53867],[12.17612,45.53739],[12.17654,45.53693],[12.1768,45.53672],[12.17796,45.53598],[12.1805,45.53447],[12.18391,45.53173],[12.18428,45.53151],[12.18543,45.53093],[12.18716,45.52947]]},"properties":{}},{"type":"Feature","geometry":{"type":"LineString","coordinates":[[12.17538,45.67043],[12.17571,45.67019],[12.17581,45.67004],[12.1759,45.66998],[12.17617,45.66994],[12.17653,45.66983]]},"properties":{}},{"type":"Feature","geometry":{"type":"LineString","coordinates":[[12.17653,45.66983],[12.17639,45.66996],[12.1763,45.67022],[12.17619,45.67031],[12.17608,45.67034],[12.17582,45.67034],[12.17538,45.67043]]},"properties":{}},{"type":"Feature","geometry":{"type":"LineString","coordinates":[[12.17577,45.70356],[12.17606,45.70314],[12.17601,45.70301],[12.17604,45.70289],[12.17612,45.70278],[12.17624,45.70271],[12.17639,45.70267],[12.17671,45.70269],[12.1773,45.70257]]},"properties":{}},{"type":"Feature","geometry":{"type":"LineString","coordinates":[[12.1773,45.70257],[12.17709,45.70271],[12.17699,45.70282],[12.17695,45.70288],[12.17698,45.70298],[12.17696,45.70309],[12.1768,45.70326],[12.17658,45.70333],[12.17634,45.70331],[12.1762,45.70334],[12.17603,45.7034],[12.17577,45.70356]]},"properties":{}},{"type":"Feature","geometry":{"type":"LineString","coordinates":[[12.1841,45.66875],[12.17765,45.66956],[12.17699,45.66967],[12.17653,45.66983]]},"properties":{}},{"type":"Feature","geometry":{"type":"LineString","coordinates":[[12.1773,45.70257],[12.17811,45.70232],[12.17945,45.70171],[12.1806,45.70092],[12.18321,45.69899],[12.18517,45.69782],[12.192,45.69397],[12.19346,45.6931],[12.19395,45.69273],[12.19697,45.68977],[12.19741,45.68947],[12.19868,45.68885],[12.20269,45.6872],[12.20341,45.68681],[12.20473,45.68595],[12.20608,45.68501],[12.21039,45.68165],[12.21138,45.68068]]},"properties":{}},{"type":"Feature","geometry":{"type":"LineString","coordinates":[[12.18152,45.73818],[12.18142,45.73812],[12.18159,45.73798],[12.18172,45.738]]},"properties":{}},{"type":"Feature","geometry":{"type":"LineString","coordinates":[[12.18172,45.738],[12.18152,45.73818]]},"properties":{}},{"type":"Feature","geometry":{"type":"LineString","coordinates":[[12.19613,45.72842],[12.19452,45.73111],[12.19429,45.73138],[12.19384,45.73176],[12.19339,45.73198],[12.1929,45.73217],[12.18828,45.73377],[12.18713,45.73425],[12.18659,45.73456],[12.18617,45.73485],[12.18172,45.738]]},"properties":{}},{"type":"Feature","geometry":{"type":"LineString","coordinates":[[12.18201,45.5621],[12.182,45.56215],[12.18192,45.56218],[12.18183,45.56216],[12.1818,45.56212]]},"properties":{}},{"type":"Feature","geometry":{"type":"LineString","coordinates":[[12.1818,45.56212],[12.18182,45.56207],[12.18189,45.56204],[12.18197,45.56205],[12.18201,45.5621]]},"properties":{}},{"type":"Feature","geometry":{"type":"LineString","coordinates":[[12.18201,45.5621],[12.18345,45.56206],[12.18763,45.56275],[12.19308,45.5635],[12.1957,45.56348],[12.19703,45.56362],[12.1971,45.56414],[12.19726,45.56473],[12.19789,45.56475],[12.19986,45.56465],[12.2028,45.56444],[12.20332,45.56432],[12.20416,45.564],[12.20693,45.56285],[12.2076,45.56262],[12.20818,45.56246],[12.20847,45.5624],[12.20978,45.56228],[12.21198,45.56214],[12.21257,45.56205],[12.21331,45.56183]]},"properties":{}},{"type":"Feature","geometry":{"type":"LineString","coordinates":[[12.1841,45.66875],[12.18605,45.66843],[12.18721,45.66836]]},"properties":{}},{"type":"Feature","geometry":{"type":"LineString","coordinates":[[12.18721,45.66836],[12.1841,45.66875]]},"properties":{}},{"type":"Feature","geometry":{"type":"LineString","coordinates":[[12.18454,45.51754],[12.18468,45.51747],[12.18471,45.51741],[12.18478,45.51738],[12.18515,45.51743]]},"properties":{}},{"type":"Feature","geometry":{"type":"LineString","coordinates":[[12.18515,45.51743],[12.18495,45.51749],[12.18486,45.51756],[12.18454,45.51754]]},"properties":{}},{"type":"Feature","geometry":{"type":"LineString","coordinates":[[12.18521,45.72536],[12.18534,45.72525],[12.18539,45.72512],[12.18489,45.72499]]},"properties":{}},{"type":"Feature","geometry":{"type":"LineString","coordinates":[[12.18489,45.72499],[12.18532,45.72498],[12.18564,45.72494],[12.1858,45.72502],[12.18581,45.72512],[12.18573,45.7252],[12.18543,45.72527],[12.18521,45.72536]]},"properties":{}},{"type":"Feature","geometry":{"type":"LineString","coordinates":[[12.18515,45.51743],[12.18773,45.51715]]},"properties":{}},{"type":"Feature","geometry":{"type":"LineString","coordinates":[[12.18588,45.65024],[12.18623,45.65032],[12.18674,45.65051],[12.18683,45.6505],[12.18731,45.65067]]},"properties":{}},{"type":"Feature","geometry":{"type":"LineString","coordinates":[[12.18731,45.65067],[12.18708,45.65064],[12.18682,45.65071],[12.18673,45.6507],[12.18666,45.65066],[12.18662,45.65055],[12.18645,45.65045],[12.18588,45.65024]]},"properties":{}},{"type":"Feature","geometry":{"type":"LineString","coordinates":[[12.19128,45.5354],[12.19134,45.53439],[12.19125,45.53404],[12.19108,45.53373],[12.18805,45.53036],[12.18725,45.52952],[12.18716,45.52947]]},"properties":{}},{"type":"Feature","geometry":{"type":"LineString","coordinates":[[12.18716,45.52947],[12.18769,45.52904],[12.18793,45.52889],[12.1892,45.52842],[12.18944,45.52829],[12.18968,45.52803],[12.19031,45.52663],[12.19053,45.52642],[12.1917,45.52574],[12.19356,45.52495],[12.19413,45.52464]]},"properties":{}},{"type":"Feature","geometry":{"type":"LineString","coordinates":[[12.1919,45.66757],[12.19013,45.66796],[12.18911,45.66815],[12.18721,45.66836]]},"properties":{}},{"type":"Feature","geometry":{"type":"LineString","coordinates":[[12.2031,45.6552],[12.20125,45.65499],[12.19903,45.65452],[12.19597,45.65348],[12.19318,45.65287],[12.19209,45.6525],[12.18731,45.65067]]},"properties":{}},{"type":"Feature","geometry":{"type":"LineString","coordinates":[[12.18898,45.51738],[12.18858,45.51724],[12.1884,45.51724],[12.18811,45.51717],[12.18773,45.51715]]},"properties":{}},{"type":"Feature","geometry":{"type":"LineString","coordinates":[[12.18773,45.51715],[12.1881,45.51708],[12.18835,45.51698],[12.18846,45.51696],[12.18859,45.517],[12.18867,45.51713],[12.18898,45.51738]]},"properties":{}},{"type":"Feature","geometry":{"type":"LineString","coordinates":[[12.18778,45.80434],[12.1881,45.80447],[12.18822,45.80445],[12.18834,45.80448],[12.18843,45.80455],[12.18845,45.80461],[12.18873,45.80484]]},"properties":{}},{"type":"Feature","geometry":{"type":"LineString","coordinates":[[12.18873,45.80484],[12.18864,45.80479],[12.18838,45.80474],[12.1882,45.80479],[12.18807,45.80476],[12.18799,45.80469],[12.18797,45.80459],[12.18778,45.80434]]},"properties":{}},{"type":"Feature","geometry":{"type":"LineString","coordinates":[[12.18873,45.80484],[12.1892,45.80518],[12.19763,45.81052],[12.19812,45.81093],[12.19857,45.81143],[12.19892,45.81205],[12.20379,45.82388],[12.20385,45.82401],[12.20407,45.82432],[12.20451,45.82465],[12.20501,45.82483],[12.21018,45.82564],[12.2099,45.82589],[12.21022,45.82605],[12.21061,45.82618],[12.21136,45.82582],[12.21147,45.82575],[12.21148,45.82569],[12.21189,45.82557],[12.2134,45.8249],[12.21549,45.82422],[12.22007,45.82311],[12.22068,45.8229],[12.22254,45.822],[12.22274,45.82179],[12.22284,45.82162],[12.22428,45.81815],[12.22445,45.81783],[12.22467,45.81757],[12.23574,45.8112],[12.23606,45.81105],[12.23654,45.8109],[12.23732,45.81077]]},"properties":{}},{"type":"Feature","geometry":{"type":"LineString","coordinates":[[12.18898,45.51738],[12.19068,45.51848],[12.19145,45.51908],[12.19215,45.51971],[12.19232,45.51996],[12.19257,45.52053],[12.19275,45.52157],[12.19294,45.5221],[12.19321,45.5225],[12.19432,45.52377]]},"properties":{}},{"type":"Feature","geometry":{"type":"LineString","coordinates":[[12.19094,45.538],[12.191,45.53802],[12.19101,45.53806]]},"properties":{}},{"type":"Feature","geometry":{"type":"LineString","coordinates":[[12.19101,45.53806],[12.19097,45.53808],[12.1909,45.53808],[12.19088,45.53803],[12.19094,45.538]]},"properties":{}},{"type":"Feature","geometry":{"type":"LineString","coordinates":[[12.19094,45.538],[12.19108,45.53667]]},"properties":{}},{"type":"Feature","geometry":{"type":"LineString","coordinates":[[12.22119,45.53379],[12.21964,45.53378],[12.21716,45.53383],[12.2134,45.53441],[12.20977,45.53465],[12.20642,45.53498],[12.20575,45.53516],[12.20499,45.5355],[12.20432,45.5359],[12.2029,45.53693],[12.20261,45.53706],[12.20195,45.53725],[12.20106,45.53737],[12.1971,45.53764],[12.19671,45.53762],[12.1958,45.53741],[12.19545,45.53742],[12.1912,45.53809],[12.19101,45.53806]]},"properties":{}},{"type":"Feature","geometry":{"type":"LineString","coordinates":[[12.19108,45.53667],[12.19128,45.5354]]},"properties":{}},{"type":"Feature","geometry":{"type":"LineString","coordinates":[[12.19108,45.53667],[12.19126,45.53663],[12.19172,45.53636],[12.19178,45.53629],[12.19177,45.5362],[12.19138,45.53548],[12.19128,45.5354]]},"properties":{}},{"type":"Feature","geometry":{"type":"LineString","coordinates":[[12.19183,45.71382],[12.19176,45.71377],[12.19126,45.71361],[12.19121,45.7137],[12.19119,45.71384]]},"properties":{}},{"type":"Feature","geometry":{"type":"LineString","coordinates":[[12.19183,45.71382],[12.19119,45.71384]]},"properties":{}},{"type":"Feature","geometry":{"type":"LineString","coordinates":[[12.19861,45.71409],[12.19774,45.71417],[12.19733,45.71408],[12.19715,45.71408],[12.19701,45.71412],[12.19665,45.71435],[12.19634,45.71444],[12.19487,45.71442],[12.1934,45.71416],[12.19235,45.7139],[12.19183,45.71382]]},"properties":{}},{"type":"Feature","geometry":{"type":"LineString","coordinates":[[12.19293,45.66757],[12.19246,45.66767],[12.19217,45.66759],[12.1919,45.66757]]},"properties":{}},{"type":"Feature","geometry":{"type":"LineString","coordinates":[[12.1919,45.66757],[12.19223,45.66752],[12.19245,45.66743],[12.19293,45.66757]]},"properties":{}},{"type":"Feature","geometry":{"type":"LineString","coordinates":[[12.21998,45.66869],[12.21818,45.66867],[12.21676,45.66856],[12.2153,45.6686],[12.21455,45.66869],[12.21158,45.66917],[12.20966,45.66957],[12.20486,45.67002],[12.20435,45.66997],[12.20371,45.66977],[12.20242,45.66909],[12.20117,45.66848],[12.20076,45.6683],[12.20018,45.66812],[12.19919,45.66798],[12.19293,45.66757]]},"properties":{}},{"type":"Feature","geometry":{"type":"LineString","coordinates":[[12.19413,45.52464],[12.19447,45.52437],[12.19457,45.52424]]},"properties":{}},{"type":"Feature","geometry":{"type":"LineString","coordinates":[[12.19476,45.52436],[12.19455,45.52443],[12.19413,45.52464]]},"properties":{}},{"type":"Feature","geometry":{"type":"LineString","coordinates":[[12.19432,45.52377],[12.19458,45.52399],[12.19475,45.52406]]},"properties":{}},{"type":"Feature","geometry":{"type":"LineString","coordinates":[[12.19458,45.52418],[12.19432,45.52377]]},"properties":{}},{"type":"Feature","geometry":{"type":"LineString","coordinates":[[12.19476,45.52436],[12.19466,45.52434],[12.19457,45.52424]]},"properties":{}},{"type":"Feature","geometry":{"type":"LineString","coordinates":[[12.19457,45.52424],[12.19458,45.52418]]},"properties":{}},{"type":"Feature","geometry":{"type":"LineString","coordinates":[[12.19458,45.52418],[12.19461,45.52412],[12.19475,45.52406]]},"properties":{}},{"type":"Feature","geometry":{"type":"LineString","coordinates":[[12.19475,45.52406],[12.19484,45.52406]]},"properties":{}},{"type":"Feature","geometry":{"type":"LineString","coordinates":[[12.19501,45.5242],[12.19499,45.52427],[12.19493,45.52433],[12.19476,45.52436]]},"properties":{}},{"type":"Feature","geometry":{"type":"LineString","coordinates":[[12.19484,45.52406],[12.19493,45.52409],[12.19501,45.5242]]},"properties":{}},{"type":"Feature","geometry":{"type":"LineString","coordinates":[[12.19484,45.52406],[12.19523,45.52396]]},"properties":{}},{"type":"Feature","geometry":{"type":"LineString","coordinates":[[12.19523,45.52396],[12.19501,45.5242]]},"properties":{}},{"type":"Feature","geometry":{"type":"LineString","coordinates":[[12.19523,45.52396],[12.19569,45.52364],[12.19619,45.52316],[12.19693,45.52213],[12.19751,45.52152],[12.20112,45.51848],[12.20153,45.51822],[12.20198,45.51801],[12.20354,45.51752],[12.20424,45.51723]]},"properties":{}},{"type":"Feature","geometry":{"type":"LineString","coordinates":[[12.19632,45.72866],[12.19627,45.72852],[12.19613,45.72842]]},"properties":{}},{"type":"Feature","geometry":{"type":"LineString","coordinates":[[12.19632,45.72809],[12.19613,45.72842]]},"properties":{}},{"type":"Feature","geometry":{"type":"LineString","coordinates":[[12.19632,45.72809],[12.19634,45.72848],[12.19632,45.72866]]},"properties":{}},{"type":"Feature","geometry":{"type":"LineString","coordinates":[[12.19674,45.72737],[12.19632,45.72809]]},"properties":{}},{"type":"Feature","geometry":{"type":"LineString","coordinates":[[12.19634,45.72931],[12.19632,45.72866]]},"properties":{}},{"type":"Feature","geometry":{"type":"LineString","coordinates":[[12.19634,45.72931],[12.19672,45.72953],[12.19675,45.72966],[12.19669,45.72976],[12.19642,45.72982],[12.19634,45.72931]]},"properties":{}},{"type":"Feature","geometry":{"type":"LineString","coordinates":[[12.19674,45.72737],[12.19675,45.72722],[12.1967,45.72708],[12.19633,45.72675],[12.19628,45.72662],[12.19629,45.72652],[12.19637,45.72643],[12.19646,45.7264],[12.19718,45.72632]]},"properties":{}},{"type":"Feature","geometry":{"type":"LineString","coordinates":[[12.19718,45.72632],[12.19706,45.72637],[12.19698,45.72646],[12.19698,45.72658],[12.19703,45.72666],[12.19704,45.72676],[12.19687,45.72703],[12.19674,45.72737]]},"properties":{}},{"type":"Feature","geometry":{"type":"LineString","coordinates":[[12.19718,45.72632],[12.19757,45.72626],[12.19776,45.72618],[12.20587,45.72062]]},"properties":{}},{"type":"Feature","geometry":{"type":"LineString","coordinates":[[12.19861,45.71409],[12.20025,45.7152],[12.2006,45.7154],[12.20285,45.71417],[12.20415,45.71307]]},"properties":{}},{"type":"Feature","geometry":{"type":"LineString","coordinates":[[12.19953,45.71055],[12.19769,45.71225],[12.19716,45.71288],[12.1975,45.71311],[12.19861,45.71409]]},"properties":{}},{"type":"Feature","geometry":{"type":"LineString","coordinates":[[12.19943,45.64244],[12.20006,45.64273]]},"properties":{}},{"type":"Feature","geometry":{"type":"LineString","coordinates":[[12.20006,45.64273],[12.19978,45.6427],[12.19964,45.64263],[12.19943,45.64244]]},"properties":{}},{"type":"Feature","geometry":{"type":"LineString","coordinates":[[12.19953,45.71055],[12.19964,45.71029]]},"properties":{}},{"type":"Feature","geometry":{"type":"LineString","coordinates":[[12.19977,45.7104],[12.19953,45.71055]]},"properties":{}},{"type":"Feature","geometry":{"type":"LineString","coordinates":[[12.19977,45.7104],[12.19968,45.71036],[12.19964,45.71029]]},"properties":{}},{"type":"Feature","geometry":{"type":"LineString","coordinates":[[12.19964,45.71029],[12.19971,45.71019],[12.19996,45.71015],[12.20019,45.71004]]},"properties":{}},{"type":"Feature","geometry":{"type":"LineString","coordinates":[[12.19983,45.71041],[12.19977,45.7104]]},"properties":{}},{"type":"Feature","geometry":{"type":"LineString","coordinates":[[12.20013,45.71058],[12.19983,45.71041]]},"properties":{}},{"type":"Feature","geometry":{"type":"LineString","coordinates":[[12.19998,45.7103],[12.19993,45.71037],[12.19983,45.71041]]},"properties":{}},{"type":"Feature","geometry":{"type":"LineString","coordinates":[[12.19998,45.7103],[12.20013,45.71058]]},"properties":{}},{"type":"Feature","geometry":{"type":"LineString","coordinates":[[12.20019,45.71004],[12.20004,45.71018],[12.19998,45.7103]]},"properties":{}},{"type":"Feature","geometry":{"type":"LineString","coordinates":[[12.20006,45.64273],[12.20641,45.64571],[12.20673,45.64596],[12.20766,45.64724],[12.20787,45.64747],[12.2081,45.64767],[12.2086,45.64797],[12.21166,45.64926],[12.212,45.64941],[12.21228,45.64959],[12.21559,45.65225],[12.2159,45.65259],[12.21625,45.65316],[12.21638,45.65331]]},"properties":{}},{"type":"Feature","geometry":{"type":"LineString","coordinates":[[12.20013,45.71058],[12.20383,45.71277]]},"properties":{}},{"type":"Feature","geometry":{"type":"LineString","coordinates":[[12.22333,45.6804],[12.22317,45.68086],[12.2229,45.68193],[12.22279,45.68219],[12.22268,45.68233],[12.2218,45.68285],[12.22126,45.68327],[12.22021,45.68421],[12.21787,45.6862],[12.21521,45.68859],[12.2148,45.68889],[12.21387,45.68944],[12.21354,45.68973],[12.21336,45.68999],[12.21302,45.69096],[12.21177,45.69287],[12.21166,45.69308],[12.21158,45.69331],[12.21125,45.69477],[12.2111,45.69516],[12.21099,45.69531],[12.20989,45.69628],[12.20926,45.69676],[12.20877,45.69707],[12.20805,45.69772],[12.20717,45.69831],[12.20581,45.69942],[12.20546,45.69977],[12.20515,45.70014],[12.20487,45.70056],[12.2046,45.70116],[12.2042,45.70255],[12.20408,45.70315],[12.20402,45.7033],[12.20242,45.7054],[12.202,45.706],[12.2019,45.70639],[12.20163,45.7086],[12.20153,45.70887],[12.20145,45.70899],[12.20114,45.70932],[12.20019,45.71004]]},"properties":{}},{"type":"Feature","geometry":{"type":"LineString","coordinates":[[12.20057,45.74639],[12.20042,45.74648],[12.20028,45.74663],[12.20019,45.74665],[12.2001,45.74659],[12.2001,45.74652],[12.20016,45.74649],[12.20057,45.74639]]},"properties":{}},{"type":"Feature","geometry":{"type":"LineString","coordinates":[[12.22145,45.74368],[12.21884,45.74432],[12.21835,45.7444],[12.21012,45.74514],[12.20857,45.74526],[12.2066,45.74502],[12.20622,45.74501],[12.20452,45.74535],[12.20238,45.74599],[12.20057,45.74639]]},"properties":{}},{"type":"Feature","geometry":{"type":"LineString","coordinates":[[12.20294,45.65697],[12.20253,45.65789],[12.20241,45.65785],[12.20239,45.65782],[12.20241,45.65777],[12.20277,45.65695],[12.20294,45.65697]]},"properties":{}},{"type":"Feature","geometry":{"type":"LineString","coordinates":[[12.20314,45.65546],[12.20341,45.65575],[12.20343,45.65591],[12.20294,45.65697]]},"properties":{}},{"type":"Feature","geometry":{"type":"LineString","coordinates":[[12.20341,45.65524],[12.2031,45.6552]]},"properties":{}},{"type":"Feature","geometry":{"type":"LineString","coordinates":[[12.20314,45.65546],[12.20303,45.65532],[12.2031,45.6552]]},"properties":{}},{"type":"Feature","geometry":{"type":"LineString","coordinates":[[12.20341,45.65524],[12.20314,45.65534],[12.20314,45.65546]]},"properties":{}},{"type":"Feature","geometry":{"type":"LineString","coordinates":[[12.20357,45.65525],[12.20341,45.65524]]},"properties":{}},{"type":"Feature","geometry":{"type":"LineString","coordinates":[[12.20357,45.65525],[12.20385,45.65527]]},"properties":{}},{"type":"Feature","geometry":{"type":"LineString","coordinates":[[12.21134,45.65628],[12.21104,45.65638],[12.21078,45.65637],[12.21048,45.65625],[12.21031,45.65606],[12.21012,45.65597],[12.20944,45.65599],[12.2077,45.65551],[12.20666,45.65542],[12.20623,45.65557],[12.20614,45.65556],[12.20605,45.65549],[12.20579,45.65539],[12.20463,45.65541],[12.20382,45.65533],[12.20357,45.65525]]},"properties":{}},{"type":"Feature","geometry":{"type":"LineString","coordinates":[[12.20383,45.71277],[12.2041,45.71289],[12.20424,45.713],[12.20415,45.71307]]},"properties":{}},{"type":"Feature","geometry":{"type":"LineString","coordinates":[[12.20415,45.71307],[12.20406,45.71294],[12.20383,45.71277]]},"properties":{}},{"type":"Feature","geometry":{"type":"LineString","coordinates":[[12.20385,45.65527],[12.20465,45.65535],[12.20505,45.65535]]},"properties":{}},{"type":"Feature","geometry":{"type":"LineString","coordinates":[[12.20505,45.65535],[12.20503,45.65516],[12.20495,45.65509],[12.20407,45.65486],[12.20392,45.65491],[12.20385,45.65527]]},"properties":{}},{"type":"Feature","geometry":{"type":"LineString","coordinates":[[12.20424,45.51723],[12.20586,45.51619],[12.20614,45.51603]]},"properties":{}},{"type":"Feature","geometry":{"type":"LineString","coordinates":[[12.20614,45.51603],[12.20602,45.51616],[12.2051,45.51675],[12.20494,45.51693],[12.20484,45.5171],[12.20424,45.51723]]},"properties":{}},{"type":"Feature","geometry":{"type":"LineString","coordinates":[[12.20505,45.65535],[12.20576,45.65532],[12.20602,45.65535],[12.20624,45.65531],[12.20651,45.65535],[12.20678,45.65534],[12.2076,45.65542],[12.20806,45.65551],[12.20924,45.65585],[12.20955,45.65591],[12.21002,45.65587],[12.21038,45.65571],[12.21066,45.65553],[12.21097,45.65549]]},"properties":{}},{"type":"Feature","geometry":{"type":"LineString","coordinates":[[12.20811,45.50871],[12.20789,45.50862],[12.20453,45.50561],[12.20452,45.50552],[12.20459,45.50543],[12.20551,45.50497]]},"properties":{}},{"type":"Feature","geometry":{"type":"LineString","coordinates":[[12.20551,45.50497],[12.2057,45.50477],[12.20606,45.5047]]},"properties":{}},{"type":"Feature","geometry":{"type":"LineString","coordinates":[[12.20606,45.5047],[12.20586,45.5049],[12.20551,45.50497]]},"properties":{}},{"type":"Feature","geometry":{"type":"LineString","coordinates":[[12.20562,45.62352],[12.20568,45.62366],[12.2051,45.62382],[12.20505,45.62371],[12.20562,45.62352]]},"properties":{}},{"type":"Feature","geometry":{"type":"LineString","coordinates":[[12.21463,45.62233],[12.21154,45.62249],[12.20819,45.62276],[12.20778,45.62282],[12.20728,45.62295],[12.20562,45.62352]]},"properties":{}},{"type":"Feature","geometry":{"type":"LineString","coordinates":[[12.20587,45.72062],[12.20607,45.72025],[12.20629,45.72021],[12.20691,45.71996]]},"properties":{}},{"type":"Feature","geometry":{"type":"LineString","coordinates":[[12.20691,45.71996],[12.20628,45.72033],[12.20587,45.72062]]},"properties":{}},{"type":"Feature","geometry":{"type":"LineString","coordinates":[[12.20606,45.5047],[12.20672,45.50438],[12.20739,45.50384],[12.2085,45.50323],[12.20974,45.50278],[12.21083,45.50252],[12.21133,45.50229],[12.21156,45.50213],[12.21175,45.50196],[12.21202,45.50151],[12.21215,45.50138],[12.21321,45.50054],[12.21351,45.5]]},"properties":{}},{"type":"Feature","geometry":{"type":"LineString","coordinates":[[12.20614,45.51603],[12.20877,45.5143]]},"properties":{}},{"type":"Feature","geometry":{"type":"LineString","coordinates":[[12.21768,45.70797],[12.21558,45.70998],[12.21455,45.71088],[12.21389,45.71151],[12.21132,45.71436],[12.20976,45.71557],[12.20891,45.71631],[12.20879,45.71647],[12.20868,45.71675],[12.20845,45.71752],[12.20832,45.71844],[12.20806,45.71911],[12.20794,45.71928],[12.20777,45.71944],[12.20691,45.71996]]},"properties":{}},{"type":"Feature","geometry":{"type":"LineString","coordinates":[[12.20811,45.50871],[12.20867,45.50866]]},"properties":{}},{"type":"Feature","geometry":{"type":"LineString","coordinates":[[12.20867,45.50866],[12.20849,45.50884],[12.2084,45.50887],[12.2083,45.50884],[12.20811,45.50871]]},"properties":{}},{"type":"Feature","geometry":{"type":"LineString","coordinates":[[12.20867,45.50866],[12.20899,45.50852],[12.20926,45.50854],[12.21036,45.5095],[12.21043,45.50962],[12.2104,45.50973],[12.21,45.51028],[12.20999,45.51033],[12.21001,45.51041],[12.21009,45.51051],[12.21204,45.51219]]},"properties":{}},{"type":"Feature","geometry":{"type":"LineString","coordinates":[[12.20894,45.51419],[12.20915,45.51437],[12.20915,45.51447],[12.20901,45.51448],[12.20877,45.5143]]},"properties":{}},{"type":"Feature","geometry":{"type":"LineString","coordinates":[[12.20877,45.5143],[12.20894,45.51419]]},"properties":{}},{"type":"Feature","geometry":{"type":"LineString","coordinates":[[12.20894,45.51419],[12.21002,45.51346],[12.21204,45.51219]]},"properties":{}},{"type":"Feature","geometry":{"type":"LineString","coordinates":[[12.21097,45.65549],[12.21129,45.65557],[12.2115,45.65574],[12.21156,45.65585]]},"properties":{}},{"type":"Feature","geometry":{"type":"LineString","coordinates":[[12.21097,45.65549],[12.21146,45.65536],[12.21282,45.65477],[12.21335,45.65461],[12.21383,45.65438],[12.21638,45.65331]]},"properties":{}},{"type":"Feature","geometry":{"type":"LineString","coordinates":[[12.21157,45.65593],[12.21151,45.65612],[12.21134,45.65628]]},"properties":{}},{"type":"Feature","geometry":{"type":"LineString","coordinates":[[12.21227,45.65727],[12.21216,45.65717],[12.21211,45.65705],[12.21205,45.65649],[12.212,45.65635],[12.21182,45.65625],[12.21173,45.65624],[12.21134,45.65628]]},"properties":{}},{"type":"Feature","geometry":{"type":"LineString","coordinates":[[12.21168,45.68122],[12.21177,45.68105],[12.21175,45.68096],[12.21166,45.68087],[12.21144,45.68076],[12.21138,45.68068]]},"properties":{}},{"type":"Feature","geometry":{"type":"LineString","coordinates":[[12.21138,45.68068],[12.2117,45.68038]]},"properties":{}},{"type":"Feature","geometry":{"type":"LineString","coordinates":[[12.21156,45.65585],[12.21157,45.65593]]},"properties":{}},{"type":"Feature","geometry":{"type":"LineString","coordinates":[[12.21646,45.65338],[12.21338,45.6547],[12.21273,45.65518],[12.21173,45.65563],[12.21156,45.65585]]},"properties":{}},{"type":"Feature","geometry":{"type":"LineString","coordinates":[[12.21157,45.65593],[12.21169,45.65608],[12.21198,45.65626],[12.21208,45.65637],[12.21214,45.65697],[12.21227,45.65727]]},"properties":{}},{"type":"Feature","geometry":{"type":"LineString","coordinates":[[12.21168,45.68122],[12.21048,45.68222],[12.20609,45.68562],[12.20589,45.6858],[12.20571,45.68611],[12.20567,45.68635],[12.20571,45.68661],[12.20581,45.68687],[12.20597,45.68714],[12.20619,45.68742],[12.20646,45.68766],[12.2069,45.68793],[12.20741,45.68812],[12.20796,45.68824],[12.20851,45.68829],[12.20898,45.68828],[12.20963,45.68818],[12.20996,45.68809],[12.21049,45.68783],[12.21094,45.68746],[12.21166,45.68667],[12.21304,45.68508],[12.21389,45.68403],[12.21522,45.68258],[12.21472,45.68216],[12.21454,45.6823]]},"properties":{}},{"type":"Feature","geometry":{"type":"LineString","coordinates":[[12.2117,45.68038],[12.21167,45.68056],[12.21172,45.68067],[12.21184,45.68076],[12.21206,45.68085],[12.21212,45.68098],[12.21206,45.68105],[12.21168,45.68122]]},"properties":{}},{"type":"Feature","geometry":{"type":"LineString","coordinates":[[12.2117,45.68038],[12.21289,45.67944]]},"properties":{}},{"type":"Feature","geometry":{"type":"LineString","coordinates":[[12.21204,45.51219],[12.21419,45.51083],[12.21504,45.51008],[12.21574,45.50944],[12.21606,45.50907],[12.2166,45.50793],[12.21677,45.50766],[12.21698,45.50747],[12.21803,45.50674],[12.21832,45.50652]]},"properties":{}},{"type":"Feature","geometry":{"type":"LineString","coordinates":[[12.22223,45.66468],[12.22194,45.66312],[12.22186,45.66287],[12.22158,45.66237],[12.22117,45.66196],[12.22033,45.66147],[12.21814,45.66028],[12.21787,45.66008],[12.21719,45.6595],[12.21684,45.65929],[12.21631,45.65907],[12.21362,45.65816],[12.21302,45.6578],[12.21227,45.65727]]},"properties":{}},{"type":"Feature","geometry":{"type":"LineString","coordinates":[[12.21289,45.67944],[12.2131,45.67922],[12.21308,45.67916],[12.21311,45.67909],[12.21324,45.67902]]},"properties":{}},{"type":"Feature","geometry":{"type":"LineString","coordinates":[[12.2133,45.67931],[12.21322,45.6793],[12.21289,45.67944]]},"properties":{}},{"type":"Feature","geometry":{"type":"LineString","coordinates":[[12.21324,45.67902],[12.21338,45.67872],[12.21372,45.67832],[12.2139,45.67815]]},"properties":{}},{"type":"Feature","geometry":{"type":"LineString","coordinates":[[12.21324,45.67902],[12.21342,45.67904]]},"properties":{}},{"type":"Feature","geometry":{"type":"LineString","coordinates":[[12.21486,45.67969],[12.21482,45.67975],[12.21485,45.6798],[12.21485,45.6799],[12.21475,45.67998],[12.2146,45.68],[12.21448,45.67995],[12.21438,45.67985],[12.21417,45.67978],[12.21361,45.67948],[12.21347,45.67937],[12.2133,45.67931]]},"properties":{}},{"type":"Feature","geometry":{"type":"LineString","coordinates":[[12.2135,45.67912],[12.21347,45.67925],[12.2133,45.67931]]},"properties":{}},{"type":"Feature","geometry":{"type":"LineString","coordinates":[[12.21331,45.56183],[12.21389,45.56152],[12.21396,45.56146],[12.21406,45.56127],[12.21418,45.56118],[12.21438,45.56111],[12.21482,45.56104],[12.21631,45.56031]]},"properties":{}},{"type":"Feature","geometry":{"type":"LineString","coordinates":[[12.21631,45.56031],[12.21514,45.56101],[12.21507,45.56117],[12.21508,45.56131],[12.21514,45.56144],[12.21514,45.56158],[12.21507,45.56171],[12.21491,45.56184],[12.21474,45.56191],[12.21455,45.56193],[12.2143,45.56189],[12.2141,45.56178],[12.2139,45.56175],[12.21331,45.56183]]},"properties":{}},{"type":"Feature","geometry":{"type":"LineString","coordinates":[[12.21342,45.67904],[12.2135,45.67912]]},"properties":{}},{"type":"Feature","geometry":{"type":"LineString","coordinates":[[12.2139,45.67815],[12.21349,45.67876],[12.21344,45.67887],[12.21342,45.67904]]},"properties":{}},{"type":"Feature","geometry":{"type":"LineString","coordinates":[[12.2135,45.67912],[12.2137,45.67925],[12.2142,45.67946],[12.21448,45.67968],[12.21455,45.6797],[12.21486,45.67969]]},"properties":{}},{"type":"Feature","geometry":{"type":"LineString","coordinates":[[12.2139,45.67815],[12.21494,45.67704],[12.21651,45.67519]]},"properties":{}},{"type":"Feature","geometry":{"type":"LineString","coordinates":[[12.21454,45.6823],[12.21405,45.68267],[12.21395,45.6827],[12.21387,45.68264],[12.21388,45.68257],[12.21425,45.68231],[12.21454,45.6823]]},"properties":{}},{"type":"Feature","geometry":{"type":"LineString","coordinates":[[12.21479,45.62235],[12.21463,45.62233]]},"properties":{}},{"type":"Feature","geometry":{"type":"LineString","coordinates":[[12.21463,45.62233],[12.21479,45.62229]]},"properties":{}},{"type":"Feature","geometry":{"type":"LineString","coordinates":[[12.21479,45.62229],[12.21492,45.62222],[12.21503,45.62211]]},"properties":{}},{"type":"Feature","geometry":{"type":"LineString","coordinates":[[12.21479,45.62229],[12.21491,45.62228],[12.21503,45.62232]]},"properties":{}},{"type":"Feature","geometry":{"type":"LineString","coordinates":[[12.21503,45.62232],[12.21491,45.62236],[12.21479,45.62235]]},"properties":{}},{"type":"Feature","geometry":{"type":"LineString","coordinates":[[12.21503,45.62253],[12.21491,45.62241],[12.21479,45.62235]]},"properties":{}},{"type":"Feature","geometry":{"type":"LineString","coordinates":[[12.2175,45.6783],[12.21604,45.67868],[12.21597,45.67875],[12.21596,45.6788],[12.21617,45.67924],[12.21613,45.67932],[12.21601,45.67938],[12.21486,45.67969]]},"properties":{}},{"type":"Feature","geometry":{"type":"LineString","coordinates":[[12.23862,45.62572],[12.23548,45.62578],[12.23163,45.62564],[12.23115,45.62555],[12.23027,45.62516],[12.22981,45.6251],[12.22945,45.62515],[12.22703,45.62569],[12.22637,45.62597],[12.22531,45.62651],[12.22462,45.62669],[12.22366,45.62679],[12.22242,45.62685],[12.2213,45.62678],[12.21764,45.62611],[12.21673,45.62591],[12.21609,45.62569],[12.21533,45.62529],[12.21519,45.62514],[12.21512,45.62491],[12.21511,45.62373],[12.21503,45.62253]]},"properties":{}},{"type":"Feature","geometry":{"type":"LineString","coordinates":[[12.21503,45.62232],[12.21503,45.62253]]},"properties":{}},{"type":"Feature","geometry":{"type":"LineString","coordinates":[[12.21503,45.62211],[12.21503,45.62232]]},"properties":{}},{"type":"Feature","geometry":{"type":"LineString","coordinates":[[12.21503,45.62211],[12.215,45.62166],[12.21474,45.62124],[12.21469,45.6211],[12.21469,45.62095],[12.21472,45.62078],[12.215,45.62031],[12.21523,45.61977],[12.21536,45.61929],[12.21537,45.61872],[12.21522,45.61739],[12.21528,45.61681],[12.21546,45.61625],[12.2156,45.61598],[12.21596,45.61553],[12.21657,45.61502],[12.21667,45.61487],[12.21677,45.61461],[12.21673,45.61434],[12.21648,45.61351],[12.21642,45.61319],[12.21625,45.61049],[12.21625,45.60868],[12.21634,45.60654],[12.21638,45.60634],[12.21687,45.60512],[12.21693,45.60411],[12.21686,45.60326],[12.21655,45.60277],[12.21646,45.60249],[12.21637,45.59961],[12.21643,45.59936],[12.21652,45.59918],[12.21676,45.59892],[12.21743,45.59837],[12.21755,45.59819],[12.21758,45.59798],[12.21746,45.59685],[12.2171,45.59623],[12.21697,45.59605],[12.2169,45.59602],[12.2169,45.59558],[12.21678,45.59325]]},"properties":{}},{"type":"Feature","geometry":{"type":"LineString","coordinates":[[12.22667,45.55528],[12.22636,45.55546],[12.22562,45.55568],[12.22313,45.55684],[12.21631,45.56031]]},"properties":{}},{"type":"Feature","geometry":{"type":"LineString","coordinates":[[12.21646,45.65338],[12.21638,45.65331]]},"properties":{}},{"type":"Feature","geometry":{"type":"LineString","coordinates":[[12.21638,45.65331],[12.21757,45.65283],[12.21882,45.65243],[12.21939,45.65228],[12.22024,45.65211],[12.22098,45.65201],[12.23481,45.65092],[12.23667,45.65073]]},"properties":{}},{"type":"Feature","geometry":{"type":"LineString","coordinates":[[12.23106,45.6571],[12.22665,45.65718],[12.22626,45.65716],[12.22571,45.65711],[12.22146,45.65633],[12.22123,45.65625],[12.22105,45.65614],[12.21831,45.65432],[12.2177,45.65401],[12.21681,45.65362],[12.21646,45.65338]]},"properties":{}},{"type":"Feature","geometry":{"type":"LineString","coordinates":[[12.23497,45.65099],[12.2239,45.65188],[12.2215,45.65204],[12.22067,45.65213],[12.22005,45.65223],[12.21877,45.65253],[12.21758,45.65292],[12.21646,45.65338]]},"properties":{}},{"type":"Feature","geometry":{"type":"LineString","coordinates":[[12.21651,45.67519],[12.21759,45.67408],[12.21772,45.6739],[12.21795,45.67338],[12.21809,45.67315],[12.21933,45.67176],[12.21947,45.67163],[12.21969,45.6715],[12.22041,45.67123]]},"properties":{}},{"type":"Feature","geometry":{"type":"LineString","coordinates":[[12.21678,45.59325],[12.21678,45.59299],[12.21686,45.59295],[12.21724,45.59291]]},"properties":{}},{"type":"Feature","geometry":{"type":"LineString","coordinates":[[12.21724,45.59291],[12.21724,45.5931],[12.21713,45.59316],[12.21678,45.59325]]},"properties":{}},{"type":"Feature","geometry":{"type":"LineString","coordinates":[[12.21724,45.59291],[12.21927,45.59264],[12.21973,45.59251],[12.2242,45.59077],[12.22461,45.59065],[12.22509,45.59057],[12.22908,45.59031],[12.2302,45.5902],[12.23424,45.59003]]},"properties":{}},{"type":"Feature","geometry":{"type":"LineString","coordinates":[[12.21788,45.67842],[12.2175,45.6783]]},"properties":{}},{"type":"Feature","geometry":{"type":"LineString","coordinates":[[12.2175,45.6783],[12.21768,45.67802],[12.21804,45.67817],[12.21788,45.67842]]},"properties":{}},{"type":"Feature","geometry":{"type":"LineString","coordinates":[[12.21837,45.70834],[12.21768,45.70797]]},"properties":{}},{"type":"Feature","geometry":{"type":"LineString","coordinates":[[12.21768,45.70797],[12.2178,45.70786],[12.2179,45.70791],[12.21837,45.70834]]},"properties":{}},{"type":"Feature","geometry":{"type":"LineString","coordinates":[[12.21788,45.67842],[12.2188,45.68018]]},"properties":{}},{"type":"Feature","geometry":{"type":"LineString","coordinates":[[12.21832,45.50652],[12.21837,45.50643],[12.21838,45.5063]]},"properties":{}},{"type":"Feature","geometry":{"type":"LineString","coordinates":[[12.21858,45.50637],[12.21832,45.50652]]},"properties":{}},{"type":"Feature","geometry":{"type":"LineString","coordinates":[[12.22094,45.70374],[12.22159,45.7048],[12.22166,45.70495],[12.22168,45.70512],[12.22156,45.70567],[12.22157,45.70578],[12.22162,45.70587],[12.22256,45.7069],[12.22277,45.70701],[12.22385,45.70747],[12.22389,45.70754],[12.22383,45.70766],[12.22306,45.70873],[12.22249,45.70972],[12.22206,45.71035],[12.22133,45.71006],[12.22016,45.70952],[12.2198,45.70931],[12.21904,45.70877],[12.21837,45.70834]]},"properties":{}},{"type":"Feature","geometry":{"type":"LineString","coordinates":[[12.21858,45.50637],[12.21847,45.50636],[12.21838,45.5063]]},"properties":{}},{"type":"Feature","geometry":{"type":"LineString","coordinates":[[12.21838,45.5063],[12.21837,45.50618],[12.2185,45.5061]]},"properties":{}},{"type":"Feature","geometry":{"type":"LineString","coordinates":[[12.2185,45.5061],[12.21878,45.5059]]},"properties":{}},{"type":"Feature","geometry":{"type":"LineString","coordinates":[[12.2185,45.5061],[12.21862,45.5061],[12.21871,45.50615]]},"properties":{}},{"type":"Feature","geometry":{"type":"LineString","coordinates":[[12.21864,45.50636],[12.21858,45.50637]]},"properties":{}},{"type":"Feature","geometry":{"type":"LineString","coordinates":[[12.21912,45.50655],[12.21885,45.50642],[12.21864,45.50636]]},"properties":{}},{"type":"Feature","geometry":{"type":"LineString","coordinates":[[12.21875,45.50622],[12.21873,45.5063],[12.21864,45.50636]]},"properties":{}},{"type":"Feature","geometry":{"type":"LineString","coordinates":[[12.21871,45.50615],[12.21875,45.50622]]},"properties":{}},{"type":"Feature","geometry":{"type":"LineString","coordinates":[[12.21878,45.5059],[12.21871,45.50604],[12.21871,45.50615]]},"properties":{}},{"type":"Feature","geometry":{"type":"LineString","coordinates":[[12.21875,45.50622],[12.21912,45.50655]]},"properties":{}},{"type":"Feature","geometry":{"type":"LineString","coordinates":[[12.2213,45.5031],[12.22094,45.5034],[12.22047,45.50388],[12.21878,45.5059]]},"properties":{}},{"type":"Feature","geometry":{"type":"LineString","coordinates":[[12.2188,45.68018],[12.21895,45.68027],[12.21906,45.68025],[12.21917,45.68014],[12.22098,45.67772],[12.22103,45.67753],[12.22097,45.67747],[12.22098,45.67741],[12.22112,45.67736],[12.22136,45.67719],[12.22381,45.67391],[12.22496,45.6726],[12.22504,45.67239],[12.22527,45.67228],[12.22656,45.67101],[12.22691,45.67075],[12.22735,45.67062],[12.22744,45.67057],[12.22756,45.67047],[12.22764,45.67028],[12.22775,45.67019],[12.22789,45.67012],[12.22806,45.6701],[12.22834,45.67014],[12.22846,45.6702],[12.2286,45.67035],[12.22863,45.67049],[12.22878,45.67064],[12.22921,45.67091]]},"properties":{}},{"type":"Feature","geometry":{"type":"LineString","coordinates":[[12.22921,45.67091],[12.22876,45.67077],[12.22838,45.67078],[12.22806,45.67084],[12.22775,45.67075],[12.22733,45.67073],[12.22707,45.67078],[12.22674,45.67097],[12.22536,45.67229],[12.22525,45.67249],[12.22503,45.67264],[12.22388,45.67394],[12.22146,45.67718],[12.22115,45.67754],[12.22107,45.6777],[12.21924,45.68018],[12.21919,45.68026],[12.21918,45.68039],[12.21907,45.68046],[12.21895,45.68044],[12.2188,45.68018]]},"properties":{}},{"type":"Feature","geometry":{"type":"LineString","coordinates":[[12.21912,45.50655],[12.21957,45.50686],[12.22017,45.50715]]},"properties":{}},{"type":"Feature","geometry":{"type":"LineString","coordinates":[[12.2208,45.67091],[12.22087,45.67076],[12.22096,45.66916],[12.22085,45.66899],[12.22064,45.66886],[12.22022,45.66873],[12.21998,45.66869]]},"properties":{}},{"type":"Feature","geometry":{"type":"LineString","coordinates":[[12.21998,45.66869],[12.22031,45.66862],[12.22055,45.66844],[12.22077,45.66843],[12.22092,45.66849],[12.22101,45.6686],[12.22101,45.66868],[12.22093,45.66885],[12.22094,45.66893],[12.22101,45.669],[12.22193,45.66922],[12.22231,45.66927],[12.22269,45.66928],[12.22306,45.66923],[12.22381,45.66903]]},"properties":{}},{"type":"Feature","geometry":{"type":"LineString","coordinates":[[12.22017,45.50715],[12.2205,45.50725],[12.22075,45.50728],[12.22083,45.50733],[12.22087,45.5074],[12.22087,45.50758],[12.22089,45.50766],[12.22102,45.50787]]},"properties":{}},{"type":"Feature","geometry":{"type":"LineString","coordinates":[[12.22102,45.50787],[12.22071,45.50762],[12.22046,45.50751],[12.22037,45.50734],[12.22017,45.50715]]},"properties":{}},{"type":"Feature","geometry":{"type":"LineString","coordinates":[[12.22041,45.67123],[12.22062,45.67113],[12.22073,45.67101]]},"properties":{}},{"type":"Feature","geometry":{"type":"LineString","coordinates":[[12.22086,45.67112],[12.22041,45.67123]]},"properties":{}},{"type":"Feature","geometry":{"type":"LineString","coordinates":[[12.22086,45.67112],[12.22077,45.67108],[12.22073,45.67101]]},"properties":{}},{"type":"Feature","geometry":{"type":"LineString","coordinates":[[12.22073,45.67101],[12.2208,45.67091]]},"properties":{}},{"type":"Feature","geometry":{"type":"LineString","coordinates":[[12.2208,45.67091],[12.22095,45.6709],[12.22123,45.671],[12.22141,45.67102]]},"properties":{}},{"type":"Feature","geometry":{"type":"LineString","coordinates":[[12.22141,45.67102],[12.22086,45.67112]]},"properties":{}},{"type":"Feature","geometry":{"type":"LineString","coordinates":[[12.22094,45.70374],[12.22079,45.70364],[12.22072,45.70365],[12.22066,45.70361],[12.22067,45.70349],[12.22061,45.70334],[12.22082,45.70323],[12.22098,45.70305]]},"properties":{}},{"type":"Feature","geometry":{"type":"LineString","coordinates":[[12.22098,45.70305],[12.22079,45.70344],[12.22094,45.70374]]},"properties":{}},{"type":"Feature","geometry":{"type":"LineString","coordinates":[[12.24871,45.67042],[12.24863,45.67172],[12.24853,45.67186],[12.24649,45.67376],[12.24642,45.67393],[12.24648,45.67433],[12.24648,45.67454],[12.24642,45.67473],[12.24616,45.67525],[12.24616,45.67536],[12.24621,45.67551],[12.2468,45.67628],[12.2472,45.67711],[12.24765,45.67771],[12.2478,45.67798],[12.24784,45.67811],[12.24783,45.67835],[12.24752,45.67946],[12.24738,45.67974],[12.24709,45.68012],[12.24682,45.68039],[12.24659,45.68051],[12.24593,45.6806],[12.2457,45.68069],[12.24554,45.68079],[12.24507,45.68121],[12.24491,45.68126],[12.2433,45.68117],[12.24299,45.68126],[12.2427,45.68152],[12.2423,45.68197],[12.24195,45.68246],[12.24099,45.68284],[12.24043,45.68314],[12.23838,45.68477],[12.23761,45.68552],[12.23709,45.68617],[12.23571,45.68883],[12.2349,45.69003],[12.2347,45.69024],[12.23401,45.69076],[12.23333,45.69149],[12.23082,45.69441],[12.23047,45.69472],[12.23014,45.69491],[12.22975,45.69505],[12.22777,45.69561],[12.22735,45.69577],[12.22701,45.696],[12.22469,45.69834],[12.22242,45.70069],[12.22219,45.70101],[12.22098,45.70305]]},"properties":{}},{"type":"Feature","geometry":{"type":"LineString","coordinates":[[12.22102,45.50787],[12.22248,45.50965]]},"properties":{}},{"type":"Feature","geometry":{"type":"LineString","coordinates":[[12.22178,45.53379],[12.22152,45.53387],[12.22119,45.53379]]},"properties":{}},{"type":"Feature","geometry":{"type":"LineString","coordinates":[[12.22119,45.53379],[12.22152,45.53371],[12.22178,45.53379]]},"properties":{}},{"type":"Feature","geometry":{"type":"LineString","coordinates":[[12.2213,45.5031],[12.22144,45.50288],[12.22176,45.50275]]},"properties":{}},{"type":"Feature","geometry":{"type":"LineString","coordinates":[[12.22176,45.50275],[12.22157,45.50296],[12.2213,45.5031]]},"properties":{}},{"type":"Feature","geometry":{"type":"LineString","coordinates":[[12.22354,45.66969],[12.22305,45.67026],[12.22236,45.67076],[12.22196,45.67092],[12.22141,45.67102]]},"properties":{}},{"type":"Feature","geometry":{"type":"LineString","coordinates":[[12.22145,45.74368],[12.2215,45.74354]]},"properties":{}},{"type":"Feature","geometry":{"type":"LineString","coordinates":[[12.22145,45.74368],[12.22159,45.74365]]},"properties":{}},{"type":"Feature","geometry":{"type":"LineString","coordinates":[[12.22159,45.74365],[12.22153,45.74363],[12.2215,45.74354]]},"properties":{}},{"type":"Feature","geometry":{"type":"LineString","coordinates":[[12.2215,45.74354],[12.22153,45.74326],[12.22137,45.74247],[12.22136,45.74222],[12.22145,45.74193],[12.22166,45.74154],[12.22194,45.74139],[12.22301,45.74108],[12.22514,45.74059],[12.22582,45.74053],[12.22722,45.7406],[12.22792,45.74055],[12.22813,45.7405],[12.22842,45.74038],[12.2294,45.73978],[12.22984,45.7396],[12.23097,45.73943],[12.23207,45.73942],[12.23239,45.73938],[12.23269,45.7393],[12.23279,45.73933],[12.23282,45.73939],[12.23269,45.7407],[12.23279,45.74089],[12.23308,45.74102]]},"properties":{}},{"type":"Feature","geometry":{"type":"LineString","coordinates":[[12.23308,45.74102],[12.23273,45.74097],[12.23217,45.74095],[12.22927,45.74124],[12.22905,45.7413],[12.22874,45.74144],[12.22779,45.74202],[12.22744,45.74219],[12.22686,45.74236],[12.22159,45.74365]]},"properties":{}},{"type":"Feature","geometry":{"type":"LineString","coordinates":[[12.22352,45.51994],[12.22169,45.51675]]},"properties":{}},{"type":"Feature","geometry":{"type":"LineString","coordinates":[[12.22169,45.51675],[12.22161,45.5165],[12.22148,45.51635],[12.22151,45.51625],[12.22159,45.51619],[12.22174,45.51617],[12.22199,45.51623],[12.22215,45.51621],[12.22264,45.51609],[12.22323,45.51599],[12.22442,45.51565],[12.22509,45.51541],[12.22519,45.5153],[12.2253,45.51508],[12.22553,45.51499],[12.22567,45.51485]]},"properties":{}},{"type":"Feature","geometry":{"type":"LineString","coordinates":[[12.22567,45.51485],[12.22574,45.51523],[12.22561,45.51535],[12.2251,45.51547],[12.22347,45.51599],[12.22268,45.51613],[12.22212,45.51627],[12.22175,45.51653],[12.2217,45.51661],[12.22169,45.51675]]},"properties":{}},{"type":"Feature","geometry":{"type":"LineString","coordinates":[[12.22492,45.50113],[12.22217,45.50249],[12.22176,45.50275]]},"properties":{}},{"type":"Feature","geometry":{"type":"LineString","coordinates":[[12.22178,45.53379],[12.22545,45.53379],[12.22735,45.53364],[12.22768,45.53358],[12.22797,45.53347],[12.22858,45.53298],[12.22887,45.53284],[12.22924,45.53276],[12.22953,45.53275],[12.23011,45.5328],[12.23045,45.53288],[12.23078,45.53302],[12.23144,45.53345],[12.23181,45.53357],[12.23241,45.53359],[12.23357,45.53347],[12.234,45.53346],[12.23437,45.53351],[12.23458,45.53357],[12.23501,45.53379],[12.23528,45.53405],[12.23542,45.53437],[12.23544,45.53473]]},"properties":{}},{"type":"Feature","geometry":{"type":"LineString","coordinates":[[12.22223,45.66468],[12.2226,45.66517],[12.22297,45.66546],[12.2232,45.6656],[12.22371,45.6658],[12.22426,45.66592],[12.22465,45.66596],[12.22647,45.66615],[12.22716,45.66618]]},"properties":{}},{"type":"Feature","geometry":{"type":"LineString","coordinates":[[12.22392,45.66899],[12.22408,45.66883],[12.22422,45.66857],[12.2242,45.66852],[12.22402,45.66842],[12.2239,45.66827],[12.22373,45.66818],[12.22337,45.66808],[12.22302,45.66817],[12.22286,45.66817],[12.22265,45.66809],[12.22257,45.66799],[12.22257,45.66785],[12.22268,45.66772],[12.22279,45.66767],[12.22285,45.66756],[12.22286,45.66746],[12.22281,45.66717],[12.22264,45.66672],[12.22223,45.66468]]},"properties":{}},{"type":"Feature","geometry":{"type":"LineString","coordinates":[[12.22248,45.50965],[12.22268,45.50983],[12.2229,45.50996],[12.22297,45.50997]]},"properties":{}},{"type":"Feature","geometry":{"type":"LineString","coordinates":[[12.22271,45.5102],[12.22248,45.50965]]},"properties":{}},{"type":"Feature","geometry":{"type":"LineString","coordinates":[[12.22464,45.51221],[12.22473,45.512],[12.22468,45.51189],[12.22449,45.51175],[12.22402,45.51157],[12.22341,45.51124],[12.22314,45.51097],[12.22287,45.51054],[12.2227,45.51041],[12.22268,45.51027],[12.22271,45.5102]]},"properties":{}},{"type":"Feature","geometry":{"type":"LineString","coordinates":[[12.22271,45.5102],[12.2228,45.51007],[12.22297,45.50997]]},"properties":{}},{"type":"Feature","geometry":{"type":"LineString","coordinates":[[12.22297,45.50997],[12.22311,45.50997]]},"properties":{}},{"type":"Feature","geometry":{"type":"LineString","coordinates":[[12.22311,45.50997],[12.22325,45.51005],[12.2233,45.51015]]},"properties":{}},{"type":"Feature","geometry":{"type":"LineString","coordinates":[[12.22311,45.50997],[12.22359,45.50991]]},"properties":{}},{"type":"Feature","geometry":{"type":"LineString","coordinates":[[12.2233,45.51015],[12.22325,45.51028],[12.22312,45.51044],[12.22305,45.51059],[12.22304,45.5107],[12.22314,45.51089],[12.22348,45.5112],[12.22384,45.5114],[12.2244,45.51165],[12.22475,45.51186],[12.22505,45.5121],[12.2251,45.51219]]},"properties":{}},{"type":"Feature","geometry":{"type":"LineString","coordinates":[[12.22359,45.50991],[12.22338,45.51003],[12.2233,45.51015]]},"properties":{}},{"type":"Feature","geometry":{"type":"LineString","coordinates":[[12.22773,45.67905],[12.22702,45.67966],[12.22353,45.6804],[12.22333,45.6804]]},"properties":{}},{"type":"Feature","geometry":{"type":"LineString","coordinates":[[12.22413,45.67861],[12.22333,45.6804]]},"properties":{}},{"type":"Feature","geometry":{"type":"LineString","coordinates":[[12.22352,45.51994],[12.22379,45.5201],[12.22397,45.52015],[12.22422,45.52016],[12.22549,45.51991],[12.23079,45.51915],[12.231,45.51908],[12.23113,45.51894]]},"properties":{}},{"type":"Feature","geometry":{"type":"LineString","coordinates":[[12.23127,45.51925],[12.23108,45.51922],[12.23081,45.51923],[12.22507,45.52006],[12.22426,45.52025],[12.22408,45.52036],[12.224,45.52048],[12.2238,45.52055],[12.22357,45.52052],[12.22344,45.5204],[12.22344,45.52028],[12.22356,45.52005],[12.22352,45.51994]]},"properties":{}},{"type":"Feature","geometry":{"type":"LineString","coordinates":[[12.22354,45.66969],[12.22375,45.66934],[12.22377,45.66927],[12.22374,45.6692]]},"properties":{}},{"type":"Feature","geometry":{"type":"LineString","coordinates":[[12.22396,45.6692],[12.22354,45.66969]]},"properties":{}},{"type":"Feature","geometry":{"type":"LineString","coordinates":[[12.22359,45.50991],[12.22484,45.5096],[12.22602,45.5095]]},"properties":{}},{"type":"Feature","geometry":{"type":"LineString","coordinates":[[12.22396,45.6692],[12.22384,45.66924],[12.22374,45.6692]]},"properties":{}},{"type":"Feature","geometry":{"type":"LineString","coordinates":[[12.22374,45.6692],[12.22372,45.66911],[12.22381,45.66903]]},"properties":{}},{"type":"Feature","geometry":{"type":"LineString","coordinates":[[12.22381,45.66903],[12.22392,45.66899]]},"properties":{}},{"type":"Feature","geometry":{"type":"LineString","coordinates":[[12.22392,45.66899],[12.22455,45.66858]]},"properties":{}},{"type":"Feature","geometry":{"type":"LineString","coordinates":[[12.22455,45.66858],[12.22443,45.66877],[12.22396,45.6692]]},"properties":{}},{"type":"Feature","geometry":{"type":"LineString","coordinates":[[12.22413,45.67861],[12.22425,45.67835],[12.22424,45.67827],[12.22446,45.67802]]},"properties":{}},{"type":"Feature","geometry":{"type":"LineString","coordinates":[[12.22446,45.67802],[12.22443,45.67814],[12.22453,45.67826],[12.22454,45.67833],[12.22448,45.67839],[12.22425,45.67848],[12.22413,45.67861]]},"properties":{}},{"type":"Feature","geometry":{"type":"LineString","coordinates":[[12.23244,45.67263],[12.23189,45.67333],[12.23153,45.67371],[12.23137,45.67383],[12.23101,45.67393],[12.22859,45.67435],[12.22811,45.6745],[12.22778,45.67467],[12.22586,45.67646],[12.22525,45.6771],[12.22446,45.67802]]},"properties":{}},{"type":"Feature","geometry":{"type":"LineString","coordinates":[[12.22447,45.51256],[12.22437,45.51289],[12.22426,45.51304],[12.22398,45.5131],[12.22383,45.51303],[12.22381,45.51293],[12.22386,45.51286],[12.2243,45.51274],[12.22447,45.51256]]},"properties":{}},{"type":"Feature","geometry":{"type":"LineString","coordinates":[[12.22455,45.51247],[12.22447,45.51256]]},"properties":{}},{"type":"Feature","geometry":{"type":"LineString","coordinates":[[12.22455,45.51247],[12.22464,45.51221]]},"properties":{}},{"type":"Feature","geometry":{"type":"LineString","coordinates":[[12.22482,45.51236],[12.22455,45.51247]]},"properties":{}},{"type":"Feature","geometry":{"type":"LineString","coordinates":[[12.22455,45.66858],[12.22655,45.66669]]},"properties":{}},{"type":"Feature","geometry":{"type":"LineString","coordinates":[[12.22482,45.51236],[12.2247,45.51231],[12.22464,45.51221]]},"properties":{}},{"type":"Feature","geometry":{"type":"LineString","coordinates":[[12.22486,45.51236],[12.22482,45.51236]]},"properties":{}},{"type":"Feature","geometry":{"type":"LineString","coordinates":[[12.2252,45.51261],[12.22505,45.51245],[12.22486,45.51236]]},"properties":{}},{"type":"Feature","geometry":{"type":"LineString","coordinates":[[12.2251,45.51219],[12.22504,45.51231],[12.22486,45.51236]]},"properties":{}},{"type":"Feature","geometry":{"type":"LineString","coordinates":[[12.2249,45.83304],[12.22511,45.83317],[12.22535,45.83338]]},"properties":{}},{"type":"Feature","geometry":{"type":"LineString","coordinates":[[12.22535,45.83338],[12.22481,45.83325],[12.22469,45.83319],[12.2249,45.83304]]},"properties":{}},{"type":"Feature","geometry":{"type":"LineString","coordinates":[[12.2249,45.83304],[12.2275,45.83117],[12.22786,45.83094],[12.22899,45.83063],[12.22971,45.8304],[12.23131,45.82998],[12.23373,45.82942],[12.23483,45.82906],[12.23637,45.82867],[12.25327,45.82273]]},"properties":{}},{"type":"Feature","geometry":{"type":"LineString","coordinates":[[12.22492,45.50113],[12.22517,45.501],[12.22538,45.50095],[12.22552,45.50079],[12.22573,45.50069]]},"properties":{}},{"type":"Feature","geometry":{"type":"LineString","coordinates":[[12.22573,45.50069],[12.22556,45.50086],[12.2256,45.50106],[12.22555,45.50114],[12.22541,45.50116],[12.22515,45.50109],[12.22492,45.50113]]},"properties":{}},{"type":"Feature","geometry":{"type":"LineString","coordinates":[[12.2251,45.51219],[12.2252,45.51261]]},"properties":{}},{"type":"Feature","geometry":{"type":"LineString","coordinates":[[12.2252,45.51261],[12.22544,45.51348],[12.22567,45.51485]]},"properties":{}},{"type":"Feature","geometry":{"type":"LineString","coordinates":[[12.24788,45.84787],[12.24528,45.84667],[12.24499,45.84649],[12.24481,45.84629],[12.2446,45.84587],[12.2433,45.8414],[12.24309,45.84112],[12.24282,45.84088],[12.2417,45.84007],[12.24107,45.83978],[12.23615,45.83804],[12.22922,45.83504],[12.2286,45.83485],[12.22734,45.83465],[12.22697,45.83457],[12.22656,45.83444],[12.22626,45.83424],[12.22535,45.83338]]},"properties":{}},{"type":"Feature","geometry":{"type":"LineString","coordinates":[[12.22677,45.5],[12.22573,45.50069]]},"properties":{}},{"type":"Feature","geometry":{"type":"LineString","coordinates":[[12.22602,45.5095],[12.22779,45.50936],[12.2288,45.5094],[12.22892,45.50937],[12.2291,45.50942],[12.22918,45.50951],[12.22928,45.50994],[12.23023,45.5119],[12.23038,45.51239],[12.2305,45.51255]]},"properties":{}},{"type":"Feature","geometry":{"type":"LineString","coordinates":[[12.22679,45.50947],[12.22602,45.5095]]},"properties":{}},{"type":"Feature","geometry":{"type":"LineString","coordinates":[[12.22668,45.51368],[12.22666,45.51375],[12.22657,45.51383],[12.22639,45.51384],[12.2263,45.51379],[12.22625,45.51365],[12.22614,45.51357],[12.22605,45.51306],[12.22611,45.51296],[12.22611,45.51286],[12.22623,45.51277]]},"properties":{}},{"type":"Feature","geometry":{"type":"LineString","coordinates":[[12.22679,45.50947],[12.22628,45.50954],[12.22606,45.50961],[12.22527,45.50966],[12.22585,45.51254],[12.22593,45.51267],[12.22623,45.51277]]},"properties":{}},{"type":"Feature","geometry":{"type":"LineString","coordinates":[[12.22623,45.51277],[12.22642,45.51278],[12.2265,45.51285],[12.22663,45.51344]]},"properties":{}},{"type":"Feature","geometry":{"type":"LineString","coordinates":[[12.22655,45.66669],[12.22705,45.66621],[12.22716,45.66618]]},"properties":{}},{"type":"Feature","geometry":{"type":"LineString","coordinates":[[12.22758,45.66625],[12.22728,45.66627],[12.22711,45.66631],[12.22655,45.66669]]},"properties":{}},{"type":"Feature","geometry":{"type":"LineString","coordinates":[[12.22663,45.51344],[12.22681,45.51353],[12.22699,45.51356]]},"properties":{}},{"type":"Feature","geometry":{"type":"LineString","coordinates":[[12.22663,45.51344],[12.22668,45.51368]]},"properties":{}},{"type":"Feature","geometry":{"type":"LineString","coordinates":[[12.22673,45.55514],[12.22685,45.55517],[12.22686,45.55525],[12.22678,45.5553],[12.22667,45.55528]]},"properties":{}},{"type":"Feature","geometry":{"type":"LineString","coordinates":[[12.22667,45.55528],[12.22663,45.55521],[12.22673,45.55514]]},"properties":{}},{"type":"Feature","geometry":{"type":"LineString","coordinates":[[12.22699,45.51356],[12.22668,45.51368]]},"properties":{}},{"type":"Feature","geometry":{"type":"LineString","coordinates":[[12.22692,45.55451],[12.22673,45.55514]]},"properties":{}},{"type":"Feature","geometry":{"type":"LineString","coordinates":[[12.22732,45.50943],[12.22679,45.50947]]},"properties":{}},{"type":"Feature","geometry":{"type":"LineString","coordinates":[[12.22692,45.55451],[12.22685,45.55431],[12.22688,45.55424],[12.22696,45.55422],[12.22733,45.55422]]},"properties":{}},{"type":"Feature","geometry":{"type":"LineString","coordinates":[[12.22733,45.55422],[12.22709,45.55431],[12.22692,45.55451]]},"properties":{}},{"type":"Feature","geometry":{"type":"LineString","coordinates":[[12.22821,45.51336],[12.22763,45.51349],[12.22699,45.51356]]},"properties":{}},{"type":"Feature","geometry":{"type":"LineString","coordinates":[[12.22716,45.66618],[12.22758,45.66625]]},"properties":{}},{"type":"Feature","geometry":{"type":"LineString","coordinates":[[12.22821,45.51336],[12.22827,45.51326],[12.22815,45.51254],[12.22802,45.51197],[12.22797,45.51193],[12.22758,45.50995],[12.22747,45.50949],[12.22746,45.50946],[12.22732,45.50943]]},"properties":{}},{"type":"Feature","geometry":{"type":"LineString","coordinates":[[12.23025,45.51261],[12.23028,45.51246],[12.23012,45.51191],[12.22959,45.51076],[12.22909,45.50982],[12.22898,45.50975],[12.22877,45.5097],[12.22861,45.50953],[12.22845,45.50944],[12.22821,45.50941],[12.22732,45.50943]]},"properties":{}},{"type":"Feature","geometry":{"type":"LineString","coordinates":[[12.23424,45.55877],[12.23104,45.55894],[12.23069,45.55887],[12.22963,45.55825],[12.22941,45.55806],[12.22927,45.55775],[12.22912,45.55581],[12.22893,45.55442],[12.22888,45.55431],[12.22882,45.55423],[12.22872,45.55419],[12.22849,45.55417],[12.22733,45.55422]]},"properties":{}},{"type":"Feature","geometry":{"type":"LineString","coordinates":[[12.22758,45.66625],[12.22875,45.66636]]},"properties":{}},{"type":"Feature","geometry":{"type":"LineString","coordinates":[[12.22773,45.67905],[12.22777,45.67894],[12.22767,45.67876],[12.22771,45.67866],[12.22779,45.67863],[12.22799,45.67863],[12.22832,45.67857]]},"properties":{}},{"type":"Feature","geometry":{"type":"LineString","coordinates":[[12.22832,45.67857],[12.22805,45.67871],[12.22773,45.67905]]},"properties":{}},{"type":"Feature","geometry":{"type":"LineString","coordinates":[[12.23,45.51285],[12.22933,45.51311],[12.22821,45.51336]]},"properties":{}},{"type":"Feature","geometry":{"type":"LineString","coordinates":[[12.24149,45.67011],[12.2392,45.67406],[12.23869,45.67475],[12.23819,45.6757],[12.23755,45.67658],[12.2374,45.67671],[12.23715,45.67681],[12.23508,45.67725],[12.2348,45.67733],[12.2331,45.67822],[12.23247,45.67866],[12.2308,45.67837],[12.22996,45.67829],[12.22867,45.67849],[12.22832,45.67857]]},"properties":{}},{"type":"Feature","geometry":{"type":"LineString","coordinates":[[12.22875,45.66636],[12.23033,45.66652]]},"properties":{}},{"type":"Feature","geometry":{"type":"LineString","coordinates":[[12.22875,45.66636],[12.22876,45.66408],[12.22879,45.66383],[12.22888,45.66356],[12.22893,45.66341],[12.22914,45.66311],[12.22921,45.66316],[12.22931,45.66317],[12.22953,45.66313],[12.23152,45.66316]]},"properties":{}},{"type":"Feature","geometry":{"type":"LineString","coordinates":[[12.23244,45.67263],[12.23164,45.67212],[12.22921,45.67091]]},"properties":{}},{"type":"Feature","geometry":{"type":"LineString","coordinates":[[12.23,45.51285],[12.23018,45.51272],[12.23023,45.51266]]},"properties":{}},{"type":"Feature","geometry":{"type":"LineString","coordinates":[[12.23036,45.5128],[12.23017,45.5128],[12.23,45.51285]]},"properties":{}},{"type":"Feature","geometry":{"type":"LineString","coordinates":[[12.23013,45.52054],[12.23015,45.52083],[12.22986,45.52084],[12.22984,45.52055],[12.23013,45.52054]]},"properties":{}},{"type":"Feature","geometry":{"type":"LineString","coordinates":[[12.23013,45.52054],[12.2301,45.51995],[12.23013,45.51987],[12.23019,45.51981],[12.23038,45.51975],[12.23139,45.51969],[12.2315,45.51966],[12.2316,45.51956]]},"properties":{}},{"type":"Feature","geometry":{"type":"LineString","coordinates":[[12.23036,45.5128],[12.23025,45.51275],[12.23023,45.51266]]},"properties":{}},{"type":"Feature","geometry":{"type":"LineString","coordinates":[[12.23023,45.51266],[12.23025,45.51261]]},"properties":{}},{"type":"Feature","geometry":{"type":"LineString","coordinates":[[12.23025,45.51261],[12.23034,45.51255],[12.2305,45.51255]]},"properties":{}},{"type":"Feature","geometry":{"type":"LineString","coordinates":[[12.23033,45.66652],[12.23398,45.66689]]},"properties":{}},{"type":"Feature","geometry":{"type":"LineString","coordinates":[[12.23152,45.66316],[12.23146,45.66324],[12.23075,45.66527],[12.23033,45.66652]]},"properties":{}},{"type":"Feature","geometry":{"type":"LineString","coordinates":[[12.23133,45.51875],[12.23147,45.51858],[12.23152,45.51836],[12.23143,45.51689],[12.23126,45.51662],[12.23125,45.51618],[12.23138,45.51605],[12.23143,45.51596],[12.23122,45.51426],[12.23107,45.5138],[12.23076,45.51321],[12.23054,45.5129],[12.23036,45.5128]]},"properties":{}},{"type":"Feature","geometry":{"type":"LineString","coordinates":[[12.2305,45.51255],[12.23059,45.51262],[12.23065,45.51285],[12.23095,45.51332],[12.23123,45.51391],[12.2313,45.51416],[12.23156,45.51594],[12.2316,45.51604],[12.2317,45.51615],[12.23173,45.51623],[12.23174,45.51663],[12.23171,45.5167],[12.23158,45.51682],[12.23156,45.51694],[12.23165,45.5185],[12.2318,45.51873]]},"properties":{}},{"type":"Feature","geometry":{"type":"LineString","coordinates":[[12.23823,45.51156],[12.23765,45.51116],[12.23693,45.51053],[12.23637,45.50989],[12.23587,45.50918],[12.23405,45.50622],[12.23243,45.5035],[12.23171,45.50201],[12.23142,45.5011],[12.23101,45.5]]},"properties":{}},{"type":"Feature","geometry":{"type":"LineString","coordinates":[[12.23197,45.6569],[12.23162,45.65704],[12.2314,45.6571],[12.23106,45.6571]]},"properties":{}},{"type":"Feature","geometry":{"type":"LineString","coordinates":[[12.23106,45.6571],[12.23135,45.65704],[12.23141,45.65698],[12.23141,45.65691],[12.23151,45.65685],[12.23178,45.65691],[12.23197,45.6569]]},"properties":{}},{"type":"Feature","geometry":{"type":"LineString","coordinates":[[12.23127,45.51925],[12.23114,45.51909],[12.23113,45.51894]]},"properties":{}},{"type":"Feature","geometry":{"type":"LineString","coordinates":[[12.23113,45.51894],[12.23121,45.51883],[12.23133,45.51875]]},"properties":{}},{"type":"Feature","geometry":{"type":"LineString","coordinates":[[12.23116,45.5],[12.23159,45.50117],[12.23175,45.5017],[12.23206,45.5025],[12.23256,45.50347],[12.23418,45.50618],[12.23601,45.50914],[12.23666,45.51006],[12.23707,45.51048],[12.23776,45.51109],[12.23823,45.51141]]},"properties":{}},{"type":"Feature","geometry":{"type":"LineString","coordinates":[[12.23139,45.51931],[12.23127,45.51925]]},"properties":{}},{"type":"Feature","geometry":{"type":"LineString","coordinates":[[12.23133,45.51875],[12.23156,45.51869],[12.2318,45.51873]]},"properties":{}},{"type":"Feature","geometry":{"type":"LineString","coordinates":[[12.23177,45.51931],[12.23161,45.51934],[12.23139,45.51931]]},"properties":{}},{"type":"Feature","geometry":{"type":"LineString","coordinates":[[12.2316,45.51956],[12.23153,45.51941],[12.23139,45.51931]]},"properties":{}},{"type":"Feature","geometry":{"type":"LineString","coordinates":[[12.23152,45.66316],[12.23314,45.66318],[12.23579,45.6635]]},"properties":{}},{"type":"Feature","geometry":{"type":"LineString","coordinates":[[12.23177,45.51931],[12.2316,45.51956]]},"properties":{}},{"type":"Feature","geometry":{"type":"LineString","coordinates":[[12.23197,45.51918],[12.23177,45.51931]]},"properties":{}},{"type":"Feature","geometry":{"type":"LineString","coordinates":[[12.2318,45.51873],[12.23187,45.51876]]},"properties":{}},{"type":"Feature","geometry":{"type":"LineString","coordinates":[[12.23187,45.51876],[12.2322,45.51881],[12.23248,45.51877],[12.23538,45.51751]]},"properties":{}},{"type":"Feature","geometry":{"type":"LineString","coordinates":[[12.23187,45.51876],[12.23198,45.51885],[12.23204,45.51896],[12.23203,45.51908],[12.23197,45.51918]]},"properties":{}},{"type":"Feature","geometry":{"type":"LineString","coordinates":[[12.23558,45.60461],[12.23205,45.60472],[12.23197,45.6047],[12.23187,45.60462],[12.23186,45.6044],[12.2319,45.60426],[12.23187,45.60399]]},"properties":{}},{"type":"Feature","geometry":{"type":"LineString","coordinates":[[12.23545,45.51759],[12.23243,45.5189],[12.23217,45.51904],[12.23197,45.51918]]},"properties":{}},{"type":"Feature","geometry":{"type":"LineString","coordinates":[[12.23197,45.6569],[12.2334,45.65638],[12.23626,45.65557],[12.23637,45.65558]]},"properties":{}},{"type":"Feature","geometry":{"type":"LineString","coordinates":[[12.23244,45.67263],[12.23267,45.67241],[12.23364,45.67183],[12.23486,45.67053],[12.23611,45.66978]]},"properties":{}},{"type":"Feature","geometry":{"type":"LineString","coordinates":[[12.23625,45.74074],[12.23482,45.74106],[12.23426,45.74114],[12.23392,45.74113],[12.23308,45.74102]]},"properties":{}},{"type":"Feature","geometry":{"type":"LineString","coordinates":[[12.23398,45.66689],[12.23427,45.6669],[12.23441,45.66685],[12.23454,45.66649]]},"properties":{}},{"type":"Feature","geometry":{"type":"LineString","coordinates":[[12.23433,45.66735],[12.23432,45.66705],[12.23421,45.66696],[12.23398,45.66689]]},"properties":{}},{"type":"Feature","geometry":{"type":"LineString","coordinates":[[12.23583,45.66932],[12.23453,45.6693],[12.2342,45.6692],[12.23402,45.66905],[12.23393,45.66883],[12.23393,45.66865],[12.23405,45.66823]]},"properties":{}},{"type":"Feature","geometry":{"type":"LineString","coordinates":[[12.23405,45.66823],[12.2343,45.66744]]},"properties":{}},{"type":"Feature","geometry":{"type":"LineString","coordinates":[[12.23405,45.66823],[12.23424,45.66799],[12.23435,45.66763],[12.2343,45.66744]]},"properties":{}},{"type":"Feature","geometry":{"type":"LineString","coordinates":[[12.23468,45.55898],[12.23442,45.55882],[12.23424,45.55877]]},"properties":{}},{"type":"Feature","geometry":{"type":"LineString","coordinates":[[12.23424,45.55877],[12.23439,45.55873],[12.23465,45.55876]]},"properties":{}},{"type":"Feature","geometry":{"type":"LineString","coordinates":[[12.23521,45.60266],[12.23476,45.59923],[12.23484,45.59526],[12.23424,45.59003]]},"properties":{}},{"type":"Feature","geometry":{"type":"LineString","coordinates":[[12.23424,45.59003],[12.23397,45.5879],[12.23349,45.58328],[12.23328,45.58176],[12.2332,45.58096],[12.23318,45.57991],[12.23306,45.57798],[12.23313,45.57762],[12.2332,45.57745],[12.2348,45.57496],[12.23487,45.57468],[12.2349,45.57443],[12.235,45.5742],[12.23511,45.57409],[12.23527,45.57404],[12.23539,45.57395],[12.23549,45.57378],[12.23548,45.57366],[12.23541,45.57355],[12.23527,45.57345],[12.23514,45.5734],[12.23506,45.57328],[12.23501,45.57297],[12.23529,45.56788],[12.23505,45.56253],[12.23504,45.56131],[12.23487,45.56021]]},"properties":{}},{"type":"Feature","geometry":{"type":"LineString","coordinates":[[12.2343,45.66744],[12.23433,45.66735]]},"properties":{}},{"type":"Feature","geometry":{"type":"LineString","coordinates":[[12.23433,45.66735],[12.23451,45.66679],[12.23454,45.66649]]},"properties":{}},{"type":"Feature","geometry":{"type":"LineString","coordinates":[[12.23454,45.66649],[12.23477,45.66533],[12.23484,45.66511],[12.23496,45.66492],[12.23574,45.664]]},"properties":{}},{"type":"Feature","geometry":{"type":"LineString","coordinates":[[12.23468,45.55898],[12.23465,45.55876]]},"properties":{}},{"type":"Feature","geometry":{"type":"LineString","coordinates":[[12.23465,45.55876],[12.23442,45.55691],[12.23422,45.55478],[12.2342,45.55413],[12.23424,45.55356],[12.23446,45.5519],[12.23443,45.55056],[12.2345,45.54955],[12.23459,45.54901],[12.23475,45.54834],[12.23697,45.54114],[12.23706,45.54093],[12.23936,45.53732],[12.23952,45.53696],[12.23959,45.53665],[12.23939,45.53605],[12.23932,45.53572]]},"properties":{}},{"type":"Feature","geometry":{"type":"LineString","coordinates":[[12.23481,45.55981],[12.23468,45.55898]]},"properties":{}},{"type":"Feature","geometry":{"type":"LineString","coordinates":[[12.23487,45.56021],[12.23481,45.55981]]},"properties":{}},{"type":"Feature","geometry":{"type":"LineString","coordinates":[[12.23487,45.56021],[12.23357,45.56023],[12.23361,45.55993],[12.2337,45.55985],[12.23481,45.55981]]},"properties":{}},{"type":"Feature","geometry":{"type":"LineString","coordinates":[[12.23667,45.65083],[12.23497,45.65099]]},"properties":{}},{"type":"Feature","geometry":{"type":"LineString","coordinates":[[12.23667,45.65093],[12.23497,45.65099]]},"properties":{}},{"type":"Feature","geometry":{"type":"LineString","coordinates":[[12.23521,45.60266],[12.23558,45.60268],[12.24349,45.60204],[12.24486,45.60198],[12.2454,45.60204],[12.24581,45.60214],[12.24925,45.60308],[12.24988,45.60317],[12.25019,45.60317],[12.25273,45.60284],[12.25302,45.60267],[12.25373,45.60206]]},"properties":{}},{"type":"Feature","geometry":{"type":"LineString","coordinates":[[12.23558,45.60461],[12.23521,45.60266]]},"properties":{}},{"type":"Feature","geometry":{"type":"LineString","coordinates":[[12.23538,45.51751],[12.23576,45.51728],[12.23614,45.51709],[12.23747,45.51649],[12.23807,45.51613],[12.2382,45.51605],[12.23831,45.5159],[12.2383,45.51559]]},"properties":{}},{"type":"Feature","geometry":{"type":"LineString","coordinates":[[12.23538,45.51751],[12.23726,45.51669],[12.23842,45.51603]]},"properties":{}},{"type":"Feature","geometry":{"type":"LineString","coordinates":[[12.23544,45.53473],[12.23551,45.53502],[12.23586,45.53531]]},"properties":{}},{"type":"Feature","geometry":{"type":"LineString","coordinates":[[12.23586,45.53531],[12.23566,45.53523],[12.23535,45.53526],[12.23523,45.53521],[12.23519,45.53512],[12.23521,45.53507],[12.23537,45.53486],[12.23544,45.53473]]},"properties":{}},{"type":"Feature","geometry":{"type":"LineString","coordinates":[[12.23842,45.51614],[12.23772,45.51656],[12.23731,45.51677],[12.23545,45.51759]]},"properties":{}},{"type":"Feature","geometry":{"type":"LineString","coordinates":[[12.23811,45.51675],[12.23787,45.51667],[12.23771,45.51668],[12.23636,45.51728],[12.23545,45.51759]]},"properties":{}},{"type":"Feature","geometry":{"type":"LineString","coordinates":[[12.2392,45.62569],[12.23903,45.62425],[12.23864,45.62005],[12.23856,45.61949],[12.23736,45.61357],[12.23678,45.61101],[12.23646,45.60918],[12.23558,45.60461]]},"properties":{}},{"type":"Feature","geometry":{"type":"LineString","coordinates":[[12.23574,45.664],[12.23592,45.66378]]},"properties":{}},{"type":"Feature","geometry":{"type":"LineString","coordinates":[[12.23574,45.664],[12.23612,45.66364],[12.23626,45.6636],[12.23787,45.66427],[12.24005,45.66526]]},"properties":{}},{"type":"Feature","geometry":{"type":"LineString","coordinates":[[12.23579,45.6635],[12.23611,45.66349],[12.23627,45.66338]]},"properties":{}},{"type":"Feature","geometry":{"type":"LineString","coordinates":[[12.23592,45.66378],[12.23598,45.6636],[12.23593,45.66355],[12.23579,45.6635]]},"properties":{}},{"type":"Feature","geometry":{"type":"LineString","coordinates":[[12.23711,45.66935],[12.23583,45.66932]]},"properties":{}},{"type":"Feature","geometry":{"type":"LineString","coordinates":[[12.23611,45.66978],[12.23624,45.66965],[12.23625,45.66951],[12.23617,45.66942],[12.23606,45.66936],[12.23583,45.66932]]},"properties":{}},{"type":"Feature","geometry":{"type":"LineString","coordinates":[[12.23586,45.53531],[12.23603,45.53539],[12.23626,45.53545],[12.23932,45.53572]]},"properties":{}},{"type":"Feature","geometry":{"type":"LineString","coordinates":[[12.23592,45.66378],[12.23627,45.66338]]},"properties":{}},{"type":"Feature","geometry":{"type":"LineString","coordinates":[[12.23711,45.66935],[12.23685,45.66939],[12.23666,45.66946],[12.23611,45.66978]]},"properties":{}},{"type":"Feature","geometry":{"type":"LineString","coordinates":[[12.23625,45.74074],[12.23662,45.74069],[12.23669,45.74064],[12.23679,45.74065],[12.23698,45.74059]]},"properties":{}},{"type":"Feature","geometry":{"type":"LineString","coordinates":[[12.23698,45.74059],[12.23682,45.74078],[12.23676,45.7408],[12.23652,45.74074],[12.23625,45.74074]]},"properties":{}},{"type":"Feature","geometry":{"type":"LineString","coordinates":[[12.23627,45.66338],[12.23842,45.66094],[12.23868,45.66069],[12.23911,45.66045],[12.23957,45.66031],[12.24009,45.66025],[12.24362,45.66028]]},"properties":{}},{"type":"Feature","geometry":{"type":"LineString","coordinates":[[12.24459,45.65619],[12.24278,45.6565],[12.2409,45.65658],[12.23723,45.65733],[12.23707,45.65726],[12.23689,45.65696],[12.23681,45.65668],[12.23676,45.65622],[12.23643,45.65563],[12.23637,45.65558]]},"properties":{}},{"type":"Feature","geometry":{"type":"LineString","coordinates":[[12.23637,45.65558],[12.23629,45.6551],[12.23628,45.65441],[12.23636,45.65399],[12.23659,45.65326],[12.23672,45.65254],[12.23667,45.65093]]},"properties":{}},{"type":"Feature","geometry":{"type":"LineString","coordinates":[[12.23667,45.65093],[12.23667,45.65083]]},"properties":{}},{"type":"Feature","geometry":{"type":"LineString","coordinates":[[12.24166,45.65042],[12.24095,45.65044],[12.23909,45.65061],[12.23667,45.65093]]},"properties":{}},{"type":"Feature","geometry":{"type":"LineString","coordinates":[[12.23667,45.65083],[12.23667,45.65073]]},"properties":{}},{"type":"Feature","geometry":{"type":"LineString","coordinates":[[12.24128,45.6502],[12.23667,45.65083]]},"properties":{}},{"type":"Feature","geometry":{"type":"LineString","coordinates":[[12.23667,45.65073],[12.23669,45.64988],[12.23662,45.64912],[12.23705,45.64926],[12.23741,45.6493],[12.24027,45.64902],[12.24058,45.64893],[12.24113,45.64858],[12.24182,45.64848]]},"properties":{}},{"type":"Feature","geometry":{"type":"LineString","coordinates":[[12.23667,45.65073],[12.24122,45.65011]]},"properties":{}},{"type":"Feature","geometry":{"type":"LineString","coordinates":[[12.24878,45.73826],[12.24671,45.73842],[12.24317,45.73861],[12.24264,45.73866],[12.24225,45.73873],[12.24058,45.73911],[12.23991,45.7393],[12.23805,45.74031],[12.23698,45.74059]]},"properties":{}},{"type":"Feature","geometry":{"type":"LineString","coordinates":[[12.24116,45.66981],[12.23711,45.66935]]},"properties":{}},{"type":"Feature","geometry":{"type":"LineString","coordinates":[[12.239,45.81088],[12.23862,45.81088],[12.2382,45.81096],[12.2378,45.81079],[12.23732,45.81077]]},"properties":{}},{"type":"Feature","geometry":{"type":"LineString","coordinates":[[12.23732,45.81077],[12.23788,45.8107],[12.23818,45.81058],[12.23829,45.81058],[12.23847,45.81065],[12.23862,45.81078],[12.239,45.81088]]},"properties":{}},{"type":"Feature","geometry":{"type":"LineString","coordinates":[[12.23742,45.5],[12.23764,45.50241]]},"properties":{}},{"type":"Feature","geometry":{"type":"LineString","coordinates":[[12.23764,45.50241],[12.23772,45.50278],[12.23777,45.50287],[12.23787,45.50292],[12.2379,45.50297],[12.2379,45.50303],[12.23782,45.5031],[12.23778,45.50332],[12.23782,45.50412]]},"properties":{}},{"type":"Feature","geometry":{"type":"LineString","coordinates":[[12.23782,45.50412],[12.23777,45.50401],[12.23771,45.50328],[12.23767,45.50311],[12.23757,45.50305],[12.23755,45.50299],[12.23762,45.50289],[12.23764,45.50241]]},"properties":{}},{"type":"Feature","geometry":{"type":"LineString","coordinates":[[12.23782,45.50412],[12.23811,45.5073]]},"properties":{}},{"type":"Feature","geometry":{"type":"LineString","coordinates":[[12.23838,45.51666],[12.23829,45.51675],[12.23811,45.51675]]},"properties":{}},{"type":"Feature","geometry":{"type":"LineString","coordinates":[[12.2384,45.51809],[12.23836,45.51802],[12.23831,45.51694],[12.23824,45.51685],[12.23811,45.51675]]},"properties":{}},{"type":"Feature","geometry":{"type":"LineString","coordinates":[[12.23811,45.5073],[12.2382,45.50874],[12.23823,45.51141]]},"properties":{}},{"type":"Feature","geometry":{"type":"LineString","coordinates":[[12.25065,45.50526],[12.24938,45.50565],[12.24777,45.50643],[12.24683,45.50671],[12.24568,45.5072],[12.24508,45.50736],[12.24477,45.5074],[12.24442,45.5074],[12.24356,45.5073],[12.24193,45.50695],[12.2417,45.50693],[12.23811,45.5073]]},"properties":{}},{"type":"Feature","geometry":{"type":"LineString","coordinates":[[12.23823,45.51141],[12.24304,45.5144]]},"properties":{}},{"type":"Feature","geometry":{"type":"LineString","coordinates":[[12.23823,45.51141],[12.23823,45.51156]]},"properties":{}},{"type":"Feature","geometry":{"type":"LineString","coordinates":[[12.24288,45.51445],[12.23823,45.51156]]},"properties":{}},{"type":"Feature","geometry":{"type":"LineString","coordinates":[[12.23823,45.51156],[12.23825,45.51434],[12.23829,45.51523]]},"properties":{}},{"type":"Feature","geometry":{"type":"LineString","coordinates":[[12.23829,45.51523],[12.23844,45.51546],[12.23854,45.51551]]},"properties":{}},{"type":"Feature","geometry":{"type":"LineString","coordinates":[[12.2383,45.51559],[12.23829,45.51523]]},"properties":{}},{"type":"Feature","geometry":{"type":"LineString","coordinates":[[12.2383,45.51559],[12.2384,45.51551],[12.23854,45.51551]]},"properties":{}},{"type":"Feature","geometry":{"type":"LineString","coordinates":[[12.23838,45.51666],[12.23843,45.51802],[12.2384,45.51809]]},"properties":{}},{"type":"Feature","geometry":{"type":"LineString","coordinates":[[12.23842,45.51614],[12.23838,45.51666]]},"properties":{}},{"type":"Feature","geometry":{"type":"LineString","coordinates":[[12.23932,45.53572],[12.23866,45.52547],[12.2384,45.51809]]},"properties":{}},{"type":"Feature","geometry":{"type":"LineString","coordinates":[[12.23842,45.51603],[12.23842,45.51614]]},"properties":{}},{"type":"Feature","geometry":{"type":"LineString","coordinates":[[12.23854,45.51551],[12.23862,45.51556],[12.23865,45.51565],[12.23845,45.51587],[12.23842,45.51603]]},"properties":{}},{"type":"Feature","geometry":{"type":"LineString","coordinates":[[12.23842,45.51603],[12.23893,45.51575],[12.23947,45.51557],[12.24179,45.51525],[12.24199,45.51516],[12.24211,45.51507],[12.24233,45.51478],[12.2425,45.51463],[12.24288,45.51445]]},"properties":{}},{"type":"Feature","geometry":{"type":"LineString","coordinates":[[12.2446,45.51541],[12.24445,45.51554],[12.24411,45.51571],[12.2438,45.5158],[12.24343,45.51583],[12.24299,45.5158],[12.24271,45.51573],[12.24229,45.51548],[12.24205,45.51538],[12.2417,45.51536],[12.24134,45.5154],[12.23956,45.51564],[12.23898,45.51583],[12.23842,45.51614]]},"properties":{}},{"type":"Feature","geometry":{"type":"LineString","coordinates":[[12.23922,45.62592],[12.23903,45.62579],[12.23862,45.62572]]},"properties":{}},{"type":"Feature","geometry":{"type":"LineString","coordinates":[[12.23862,45.62572],[12.23903,45.62567],[12.2392,45.62569]]},"properties":{}},{"type":"Feature","geometry":{"type":"LineString","coordinates":[[12.239,45.81088],[12.23974,45.81114],[12.24473,45.81353],[12.24537,45.81381]]},"properties":{}},{"type":"Feature","geometry":{"type":"LineString","coordinates":[[12.23922,45.62592],[12.2392,45.62569]]},"properties":{}},{"type":"Feature","geometry":{"type":"LineString","coordinates":[[12.24129,45.64439],[12.23988,45.63254],[12.23922,45.62592]]},"properties":{}},{"type":"Feature","geometry":{"type":"LineString","coordinates":[[12.24005,45.66526],[12.24153,45.66592],[12.24166,45.66602],[12.24307,45.66691],[12.24209,45.66747],[12.24166,45.66765],[12.24193,45.66803],[12.24201,45.66833],[12.24188,45.66903]]},"properties":{}},{"type":"Feature","geometry":{"type":"LineString","coordinates":[[12.2426,45.66365],[12.24258,45.66392],[12.24253,45.66402],[12.24132,45.66436],[12.241,45.66466],[12.2403,45.66491],[12.2402,45.66501],[12.24005,45.66526]]},"properties":{}},{"type":"Feature","geometry":{"type":"LineString","coordinates":[[12.24246,45.66989],[12.24116,45.66981]]},"properties":{}},{"type":"Feature","geometry":{"type":"LineString","coordinates":[[12.24149,45.67011],[12.24151,45.66997],[12.24148,45.66992],[12.24116,45.66981]]},"properties":{}},{"type":"Feature","geometry":{"type":"LineString","coordinates":[[12.24188,45.66903],[12.2418,45.66951],[12.24166,45.66974],[12.24155,45.66979],[12.24116,45.66981]]},"properties":{}},{"type":"Feature","geometry":{"type":"LineString","coordinates":[[12.24128,45.6502],[12.24122,45.65011]]},"properties":{}},{"type":"Feature","geometry":{"type":"LineString","coordinates":[[12.24122,45.65011],[12.24114,45.64992],[12.24115,45.64975],[12.24119,45.64964],[12.24141,45.64941],[12.24156,45.64932]]},"properties":{}},{"type":"Feature","geometry":{"type":"LineString","coordinates":[[12.24122,45.65011],[12.24289,45.64987]]},"properties":{}},{"type":"Feature","geometry":{"type":"LineString","coordinates":[[12.24166,45.65042],[12.24143,45.65032],[12.24128,45.6502]]},"properties":{}},{"type":"Feature","geometry":{"type":"LineString","coordinates":[[12.24287,45.64997],[12.24128,45.6502]]},"properties":{}},{"type":"Feature","geometry":{"type":"LineString","coordinates":[[12.24129,45.64439],[12.24146,45.64504],[12.24156,45.64515],[12.24175,45.64525],[12.2418,45.64534],[12.24176,45.64543],[12.24154,45.64561],[12.24155,45.64586],[12.24152,45.64597]]},"properties":{}},{"type":"Feature","geometry":{"type":"LineString","coordinates":[[12.24152,45.64597],[12.24144,45.64552],[12.24137,45.64535],[12.24139,45.64517],[12.24129,45.64462],[12.24129,45.64439]]},"properties":{}},{"type":"Feature","geometry":{"type":"LineString","coordinates":[[12.24246,45.66989],[12.24163,45.66991],[12.24149,45.67011]]},"properties":{}},{"type":"Feature","geometry":{"type":"LineString","coordinates":[[12.24172,45.64746],[12.24152,45.64597]]},"properties":{}},{"type":"Feature","geometry":{"type":"LineString","coordinates":[[12.24156,45.64932],[12.24179,45.64916],[12.24186,45.64903],[12.24188,45.64893],[12.24182,45.64848]]},"properties":{}},{"type":"Feature","geometry":{"type":"LineString","coordinates":[[12.24156,45.64932],[12.24183,45.64926],[12.24226,45.64927]]},"properties":{}},{"type":"Feature","geometry":{"type":"LineString","coordinates":[[12.24224,45.65131],[12.24219,45.65123],[12.24214,45.65093],[12.24204,45.65064],[12.24189,45.65052],[12.24166,45.65042]]},"properties":{}},{"type":"Feature","geometry":{"type":"LineString","coordinates":[[12.24172,45.64746],[12.242,45.649],[12.24226,45.64927]]},"properties":{}},{"type":"Feature","geometry":{"type":"LineString","coordinates":[[12.24182,45.64848],[12.24173,45.64782],[12.24172,45.64746]]},"properties":{}},{"type":"Feature","geometry":{"type":"LineString","coordinates":[[12.24188,45.66903],[12.24534,45.6693],[12.24533,45.66951],[12.24496,45.66993],[12.2449,45.66996],[12.24437,45.66999]]},"properties":{}},{"type":"Feature","geometry":{"type":"LineString","coordinates":[[12.24224,45.65131],[12.24244,45.65266],[12.24254,45.65304],[12.24267,45.65337],[12.24306,45.65401],[12.24459,45.65619]]},"properties":{}},{"type":"Feature","geometry":{"type":"LineString","coordinates":[[12.24269,45.65025],[12.2424,45.65041],[12.2422,45.65063],[12.24226,45.65122],[12.24224,45.65131]]},"properties":{}},{"type":"Feature","geometry":{"type":"LineString","coordinates":[[12.24226,45.64927],[12.24248,45.64934],[12.24274,45.64951]]},"properties":{}},{"type":"Feature","geometry":{"type":"LineString","coordinates":[[12.24422,45.6619],[12.24243,45.66156]]},"properties":{}},{"type":"Feature","geometry":{"type":"LineString","coordinates":[[12.2426,45.66365],[12.24228,45.66364],[12.24213,45.66258],[12.24213,45.6624],[12.24219,45.66209],[12.24243,45.66156]]},"properties":{}},{"type":"Feature","geometry":{"type":"LineString","coordinates":[[12.24243,45.66156],[12.2426,45.66128],[12.24335,45.66056]]},"properties":{}},{"type":"Feature","geometry":{"type":"LineString","coordinates":[[12.24437,45.66999],[12.24246,45.66989]]},"properties":{}},{"type":"Feature","geometry":{"type":"LineString","coordinates":[[12.24464,45.663],[12.24407,45.66301],[12.24285,45.6631],[12.24293,45.66367],[12.2426,45.66365]]},"properties":{}},{"type":"Feature","geometry":{"type":"LineString","coordinates":[[12.24287,45.64997],[12.2428,45.65012],[12.24269,45.65025]]},"properties":{}},{"type":"Feature","geometry":{"type":"LineString","coordinates":[[12.2484,45.65008],[12.24747,45.6499],[12.24694,45.64984],[12.24575,45.64979],[12.24466,45.64988],[12.24296,45.65015],[12.24269,45.65025]]},"properties":{}},{"type":"Feature","geometry":{"type":"LineString","coordinates":[[12.24274,45.64951],[12.24299,45.6496],[12.24324,45.64962],[12.2448,45.64944],[12.24558,45.64941],[12.24612,45.64943],[12.24685,45.64952],[12.24767,45.64971],[12.24815,45.64986],[12.24847,45.65]]},"properties":{}},{"type":"Feature","geometry":{"type":"LineString","coordinates":[[12.24274,45.64951],[12.24286,45.64969],[12.24289,45.64987]]},"properties":{}},{"type":"Feature","geometry":{"type":"LineString","coordinates":[[12.24289,45.64987],[12.24287,45.64997]]},"properties":{}},{"type":"Feature","geometry":{"type":"LineString","coordinates":[[12.2484,45.65008],[12.24735,45.64981],[12.24611,45.64966],[12.2451,45.64968],[12.24287,45.64997]]},"properties":{}},{"type":"Feature","geometry":{"type":"LineString","coordinates":[[12.2446,45.51541],[12.24374,45.51496],[12.24288,45.51445]]},"properties":{}},{"type":"Feature","geometry":{"type":"LineString","coordinates":[[12.24288,45.51445],[12.24304,45.5144]]},"properties":{}},{"type":"Feature","geometry":{"type":"LineString","coordinates":[[12.24289,45.64987],[12.24474,45.64962],[12.24539,45.64957],[12.24612,45.64957],[12.24738,45.64973],[12.24847,45.65]]},"properties":{}},{"type":"Feature","geometry":{"type":"LineString","coordinates":[[12.24304,45.5144],[12.24361,45.51475],[12.24467,45.51533]]},"properties":{}},{"type":"Feature","geometry":{"type":"LineString","coordinates":[[12.24304,45.5144],[12.24356,45.51434],[12.24402,45.51439],[12.24427,45.51447],[12.24464,45.51469],[12.24487,45.51478],[12.24507,45.51481],[12.24548,45.51479],[12.24674,45.51463],[12.24806,45.51442],[12.25006,45.51403],[12.25589,45.51267]]},"properties":{}},{"type":"Feature","geometry":{"type":"LineString","coordinates":[[12.24335,45.66056],[12.24362,45.66028]]},"properties":{}},{"type":"Feature","geometry":{"type":"LineString","coordinates":[[12.24335,45.66056],[12.24353,45.66046],[12.2438,45.66037]]},"properties":{}},{"type":"Feature","geometry":{"type":"LineString","coordinates":[[12.24362,45.66028],[12.24371,45.66028]]},"properties":{}},{"type":"Feature","geometry":{"type":"LineString","coordinates":[[12.24371,45.66028],[12.24417,45.66029]]},"properties":{}},{"type":"Feature","geometry":{"type":"LineString","coordinates":[[12.24371,45.66028],[12.2438,45.66037]]},"properties":{}},{"type":"Feature","geometry":{"type":"LineString","coordinates":[[12.2438,45.66037],[12.2439,45.6604],[12.24474,45.66042],[12.2451,45.66049]]},"properties":{}},{"type":"Feature","geometry":{"type":"LineString","coordinates":[[12.2438,45.66037],[12.24417,45.66029]]},"properties":{}},{"type":"Feature","geometry":{"type":"LineString","coordinates":[[12.24417,45.66029],[12.24445,45.66029]]},"properties":{}},{"type":"Feature","geometry":{"type":"LineString","coordinates":[[12.24495,45.66206],[12.24422,45.6619]]},"properties":{}},{"type":"Feature","geometry":{"type":"LineString","coordinates":[[12.24422,45.6619],[12.24441,45.66164],[12.24445,45.66164]]},"properties":{}},{"type":"Feature","geometry":{"type":"LineString","coordinates":[[12.24828,45.6701],[12.24703,45.67011],[12.24437,45.66999]]},"properties":{}},{"type":"Feature","geometry":{"type":"LineString","coordinates":[[12.24445,45.66029],[12.24515,45.66034],[12.24684,45.66032]]},"properties":{}},{"type":"Feature","geometry":{"type":"LineString","coordinates":[[12.24445,45.66029],[12.24461,45.66032]]},"properties":{}},{"type":"Feature","geometry":{"type":"LineString","coordinates":[[12.24684,45.66032],[12.24687,45.66022],[12.24678,45.66017],[12.2448,45.66019],[12.24455,45.66015],[12.24428,45.66006],[12.24417,45.66011],[12.24417,45.66017],[12.2442,45.6602],[12.24439,45.66025],[12.24445,45.66029]]},"properties":{}},{"type":"Feature","geometry":{"type":"LineString","coordinates":[[12.24445,45.66164],[12.24496,45.66174],[12.24505,45.66181],[12.24506,45.66188]]},"properties":{}},{"type":"Feature","geometry":{"type":"LineString","coordinates":[[12.24445,45.66164],[12.2446,45.66159]]},"properties":{}},{"type":"Feature","geometry":{"type":"LineString","coordinates":[[12.24459,45.65619],[12.24577,45.65779],[12.24632,45.65871],[12.24669,45.65925]]},"properties":{}},{"type":"Feature","geometry":{"type":"LineString","coordinates":[[12.27254,45.53195],[12.26496,45.52791],[12.26201,45.52627],[12.26059,45.52541],[12.25897,45.52438],[12.2514,45.51933],[12.25011,45.5185],[12.2481,45.51729],[12.24632,45.51631],[12.2446,45.51541]]},"properties":{}},{"type":"Feature","geometry":{"type":"LineString","coordinates":[[12.24467,45.51533],[12.2446,45.51541]]},"properties":{}},{"type":"Feature","geometry":{"type":"LineString","coordinates":[[12.2446,45.66159],[12.24472,45.6615]]},"properties":{}},{"type":"Feature","geometry":{"type":"LineString","coordinates":[[12.2446,45.66159],[12.24469,45.66158],[12.24506,45.66167],[12.2451,45.6617],[12.24512,45.66178]]},"properties":{}},{"type":"Feature","geometry":{"type":"LineString","coordinates":[[12.24461,45.66032],[12.24558,45.66056],[12.24591,45.66061]]},"properties":{}},{"type":"Feature","geometry":{"type":"LineString","coordinates":[[12.24461,45.66032],[12.2451,45.66049]]},"properties":{}},{"type":"Feature","geometry":{"type":"LineString","coordinates":[[12.24464,45.663],[12.24476,45.66357],[12.24495,45.66386],[12.24582,45.66447]]},"properties":{}},{"type":"Feature","geometry":{"type":"LineString","coordinates":[[12.24527,45.66226],[12.24493,45.66262],[12.24464,45.663]]},"properties":{}},{"type":"Feature","geometry":{"type":"LineString","coordinates":[[12.24467,45.51533],[12.24658,45.51632],[12.24796,45.51709],[12.25022,45.51843],[12.25112,45.51901],[12.25875,45.5241],[12.26036,45.52513],[12.26211,45.52619],[12.26437,45.52746],[12.27018,45.53057]]},"properties":{}},{"type":"Feature","geometry":{"type":"LineString","coordinates":[[12.25593,45.51275],[12.25154,45.51379],[12.24937,45.51427],[12.24735,45.51462],[12.24534,45.51491],[12.24506,45.51503],[12.24467,45.51533]]},"properties":{}},{"type":"Feature","geometry":{"type":"LineString","coordinates":[[12.2447,45.66162],[12.24505,45.66171]]},"properties":{}},{"type":"Feature","geometry":{"type":"LineString","coordinates":[[12.24472,45.6615],[12.24477,45.66146],[12.24519,45.66157],[12.24525,45.66161],[12.24521,45.66167]]},"properties":{}},{"type":"Feature","geometry":{"type":"LineString","coordinates":[[12.24472,45.6615],[12.24517,45.6616],[12.24521,45.66167]]},"properties":{}},{"type":"Feature","geometry":{"type":"LineString","coordinates":[[12.2448,45.66154],[12.24515,45.66163]]},"properties":{}},{"type":"Feature","geometry":{"type":"LineString","coordinates":[[12.24491,45.66146],[12.24525,45.66156]]},"properties":{}},{"type":"Feature","geometry":{"type":"LineString","coordinates":[[12.24523,45.66219],[12.24495,45.66206]]},"properties":{}},{"type":"Feature","geometry":{"type":"LineString","coordinates":[[12.24506,45.66188],[12.24495,45.66206]]},"properties":{}},{"type":"Feature","geometry":{"type":"LineString","coordinates":[[12.24512,45.66178],[12.24506,45.66188]]},"properties":{}},{"type":"Feature","geometry":{"type":"LineString","coordinates":[[12.2451,45.66049],[12.24529,45.66063],[12.24552,45.66089]]},"properties":{}},{"type":"Feature","geometry":{"type":"LineString","coordinates":[[12.24521,45.66167],[12.24512,45.66178]]},"properties":{}},{"type":"Feature","geometry":{"type":"LineString","coordinates":[[12.24533,45.66217],[12.24523,45.66219]]},"properties":{}},{"type":"Feature","geometry":{"type":"LineString","coordinates":[[12.24527,45.66226],[12.24523,45.66219]]},"properties":{}},{"type":"Feature","geometry":{"type":"LineString","coordinates":[[12.24533,45.66217],[12.24527,45.66226]]},"properties":{}},{"type":"Feature","geometry":{"type":"LineString","coordinates":[[12.24572,45.66176],[12.24533,45.66217]]},"properties":{}},{"type":"Feature","geometry":{"type":"LineString","coordinates":[[12.24537,45.81381],[12.24582,45.81393],[12.246,45.81391],[12.24631,45.8138],[12.24808,45.8123],[12.24819,45.81225],[12.24833,45.81223],[12.24859,45.81226],[12.24876,45.8124],[12.24879,45.81249],[12.24878,45.81268],[12.24828,45.81426],[12.24823,45.8146],[12.24829,45.81479],[12.24851,45.81511]]},"properties":{}},{"type":"Feature","geometry":{"type":"LineString","coordinates":[[12.24851,45.81511],[12.24822,45.81496],[12.24752,45.81478],[12.24746,45.81473],[12.24668,45.81445],[12.24559,45.81395],[12.24537,45.81381]]},"properties":{}},{"type":"Feature","geometry":{"type":"LineString","coordinates":[[12.24552,45.66089],[12.24579,45.66138]]},"properties":{}},{"type":"Feature","geometry":{"type":"LineString","coordinates":[[12.24591,45.66061],[12.24557,45.66066],[12.24551,45.66079],[12.24552,45.66089]]},"properties":{}},{"type":"Feature","geometry":{"type":"LineString","coordinates":[[12.24579,45.66138],[12.24579,45.6616],[12.24572,45.66176]]},"properties":{}},{"type":"Feature","geometry":{"type":"LineString","coordinates":[[12.24579,45.66138],[12.24596,45.66148],[12.24598,45.66157],[12.24592,45.66165],[12.24572,45.66176]]},"properties":{}},{"type":"Feature","geometry":{"type":"LineString","coordinates":[[12.24681,45.66517],[12.24615,45.66464],[12.24582,45.66447]]},"properties":{}},{"type":"Feature","geometry":{"type":"LineString","coordinates":[[12.24582,45.66447],[12.24585,45.66478],[12.2457,45.66546],[12.24576,45.66553],[12.24592,45.66557],[12.24601,45.66556],[12.24681,45.66517]]},"properties":{}},{"type":"Feature","geometry":{"type":"LineString","coordinates":[[12.24591,45.66061],[12.24693,45.66063],[12.24735,45.66051]]},"properties":{}},{"type":"Feature","geometry":{"type":"LineString","coordinates":[[12.24661,45.64439],[12.24672,45.6446],[12.24685,45.64472]]},"properties":{}},{"type":"Feature","geometry":{"type":"LineString","coordinates":[[12.24661,45.64439],[12.24657,45.64468],[12.24661,45.64472],[12.24685,45.64472]]},"properties":{}},{"type":"Feature","geometry":{"type":"LineString","coordinates":[[12.24971,45.63582],[12.24972,45.63647],[12.24963,45.63681],[12.24892,45.63817],[12.24848,45.63918],[12.24828,45.63941],[12.2467,45.6406],[12.24631,45.64094],[12.24622,45.6411],[12.24619,45.64135],[12.24661,45.64439]]},"properties":{}},{"type":"Feature","geometry":{"type":"LineString","coordinates":[[12.24669,45.65925],[12.24743,45.66032],[12.24744,45.66043],[12.24735,45.66051]]},"properties":{}},{"type":"Feature","geometry":{"type":"LineString","coordinates":[[12.24894,45.65934],[12.24881,45.65935],[12.24805,45.65924],[12.24681,45.65913],[12.2467,45.65916],[12.24669,45.65925]]},"properties":{}},{"type":"Feature","geometry":{"type":"LineString","coordinates":[[12.24955,45.66635],[12.24881,45.666],[12.24827,45.666],[12.24764,45.66581],[12.24681,45.66517]]},"properties":{}},{"type":"Feature","geometry":{"type":"LineString","coordinates":[[12.24684,45.66032],[12.24716,45.66036],[12.24728,45.66042],[12.24735,45.66051]]},"properties":{}},{"type":"Feature","geometry":{"type":"LineString","coordinates":[[12.24685,45.64472],[12.2475,45.64475],[12.25054,45.64453]]},"properties":{}},{"type":"Feature","geometry":{"type":"LineString","coordinates":[[12.25065,45.50526],[12.25056,45.50518],[12.24694,45.5]]},"properties":{}},{"type":"Feature","geometry":{"type":"LineString","coordinates":[[12.24735,45.66051],[12.24815,45.66153],[12.24834,45.66168],[12.24863,45.66182],[12.24918,45.66195],[12.2498,45.662],[12.25167,45.66223]]},"properties":{}},{"type":"Feature","geometry":{"type":"LineString","coordinates":[[12.24788,45.84787],[12.24818,45.84793],[12.24857,45.8479],[12.24877,45.84798],[12.24884,45.84805],[12.24887,45.84822],[12.24883,45.8483],[12.24857,45.84851],[12.24855,45.84879]]},"properties":{}},{"type":"Feature","geometry":{"type":"LineString","coordinates":[[12.24855,45.84879],[12.24837,45.84847],[12.24813,45.84829],[12.24807,45.84808],[12.24788,45.84787]]},"properties":{}},{"type":"Feature","geometry":{"type":"LineString","coordinates":[[12.24871,45.67042],[12.24866,45.67015],[12.24828,45.6701]]},"properties":{}},{"type":"Feature","geometry":{"type":"LineString","coordinates":[[12.24913,45.67005],[12.24828,45.6701]]},"properties":{}},{"type":"Feature","geometry":{"type":"LineString","coordinates":[[12.25073,45.65094],[12.2484,45.65008]]},"properties":{}},{"type":"Feature","geometry":{"type":"LineString","coordinates":[[12.24847,45.65],[12.25081,45.65086]]},"properties":{}},{"type":"Feature","geometry":{"type":"LineString","coordinates":[[12.24851,45.81511],[12.25279,45.81978],[12.25301,45.82009],[12.25332,45.82066],[12.25388,45.82225]]},"properties":{}},{"type":"Feature","geometry":{"type":"LineString","coordinates":[[12.24855,45.84879],[12.2487,45.84905],[12.24885,45.84922],[12.26488,45.8612]]},"properties":{}},{"type":"Feature","geometry":{"type":"LineString","coordinates":[[12.24943,45.67007],[12.24884,45.67013],[12.24878,45.6702],[12.24871,45.67042]]},"properties":{}},{"type":"Feature","geometry":{"type":"LineString","coordinates":[[12.24878,45.73826],[12.24934,45.73829],[12.24942,45.73805]]},"properties":{}},{"type":"Feature","geometry":{"type":"LineString","coordinates":[[12.24878,45.73826],[12.24922,45.73819],[12.24942,45.73805]]},"properties":{}},{"type":"Feature","geometry":{"type":"LineString","coordinates":[[12.24913,45.67005],[12.24893,45.67001],[12.24881,45.6699],[12.24891,45.66935]]},"properties":{}},{"type":"Feature","geometry":{"type":"LineString","coordinates":[[12.24891,45.66935],[12.24889,45.66924],[12.24926,45.66822],[12.24941,45.66736],[12.24948,45.66725],[12.24956,45.66722]]},"properties":{}},{"type":"Feature","geometry":{"type":"LineString","coordinates":[[12.24891,45.66935],[12.24898,45.66927],[12.24919,45.66924],[12.25063,45.66926],[12.25203,45.66942],[12.25284,45.66948],[12.253,45.66941],[12.25337,45.66877]]},"properties":{}},{"type":"Feature","geometry":{"type":"LineString","coordinates":[[12.25362,45.65993],[12.25311,45.6595],[12.25125,45.65827],[12.24956,45.65943],[12.24942,45.65946],[12.24902,45.65938],[12.24894,45.65934]]},"properties":{}},{"type":"Feature","geometry":{"type":"LineString","coordinates":[[12.25058,45.65108],[12.25067,45.65114],[12.25073,45.65124],[12.25074,45.65128],[12.25068,45.65141],[12.24948,45.65262],[12.24916,45.653],[12.24826,45.6546],[12.24819,45.65482],[12.24816,45.65535],[12.24846,45.65698],[12.24841,45.65818],[12.24843,45.65834],[12.24894,45.65934]]},"properties":{}},{"type":"Feature","geometry":{"type":"LineString","coordinates":[[12.24943,45.67007],[12.24913,45.67005]]},"properties":{}},{"type":"Feature","geometry":{"type":"LineString","coordinates":[[12.24942,45.73805],[12.25063,45.73448]]},"properties":{}},{"type":"Feature","geometry":{"type":"LineString","coordinates":[[12.25,45.67005],[12.24943,45.67007]]},"properties":{}},{"type":"Feature","geometry":{"type":"LineString","coordinates":[[12.24955,45.66635],[12.25056,45.66688],[12.25042,45.66712],[12.25108,45.66746],[12.2509,45.66763],[12.25089,45.66771],[12.25092,45.66775]]},"properties":{}},{"type":"Feature","geometry":{"type":"LineString","coordinates":[[12.24956,45.66722],[12.24951,45.66674],[12.24955,45.66635]]},"properties":{}},{"type":"Feature","geometry":{"type":"LineString","coordinates":[[12.25092,45.66775],[12.25034,45.66752],[12.24987,45.66739],[12.2496,45.66728],[12.24956,45.66722]]},"properties":{}},{"type":"Feature","geometry":{"type":"LineString","coordinates":[[12.24971,45.63582],[12.24967,45.63571],[12.24955,45.63556],[12.24956,45.63549],[12.24965,45.63546],[12.24974,45.63549],[12.25001,45.63548]]},"properties":{}},{"type":"Feature","geometry":{"type":"LineString","coordinates":[[12.25001,45.63548],[12.24975,45.63556],[12.24971,45.6356],[12.24971,45.63582]]},"properties":{}},{"type":"Feature","geometry":{"type":"LineString","coordinates":[[12.25065,45.67079],[12.25063,45.67017],[12.2506,45.67012],[12.2505,45.67008],[12.25,45.67005]]},"properties":{}},{"type":"Feature","geometry":{"type":"LineString","coordinates":[[12.25169,45.6701],[12.25039,45.67003],[12.25,45.67005]]},"properties":{}},{"type":"Feature","geometry":{"type":"LineString","coordinates":[[12.25001,45.63548],[12.25406,45.63516]]},"properties":{}},{"type":"Feature","geometry":{"type":"LineString","coordinates":[[12.25161,45.64477],[12.25105,45.64458],[12.25054,45.64453]]},"properties":{}},{"type":"Feature","geometry":{"type":"LineString","coordinates":[[12.25054,45.64453],[12.25084,45.64448],[12.25121,45.64417]]},"properties":{}},{"type":"Feature","geometry":{"type":"LineString","coordinates":[[12.25058,45.65108],[12.24964,45.65075],[12.24947,45.65073],[12.24923,45.6508],[12.24912,45.6509],[12.24908,45.65102],[12.24911,45.65117],[12.24921,45.65132],[12.24939,45.65143],[12.2497,45.65151],[12.24996,45.65149],[12.25015,45.65143],[12.25058,45.65108]]},"properties":{}},{"type":"Feature","geometry":{"type":"LineString","coordinates":[[12.25058,45.65108],[12.25073,45.65094]]},"properties":{}},{"type":"Feature","geometry":{"type":"LineString","coordinates":[[12.25063,45.73448],[12.25488,45.72203],[12.25523,45.72208],[12.25666,45.72246],[12.25768,45.72269],[12.26084,45.723],[12.26124,45.723],[12.26167,45.72295]]},"properties":{}},{"type":"Feature","geometry":{"type":"LineString","coordinates":[[12.25802,45.73548],[12.25757,45.73532],[12.25717,45.73522],[12.25137,45.73439],[12.25091,45.73436],[12.25079,45.73439],[12.25063,45.73448]]},"properties":{}},{"type":"Feature","geometry":{"type":"LineString","coordinates":[[12.25896,45.69819],[12.25929,45.69638],[12.25935,45.69582],[12.25899,45.6933],[12.25889,45.69293],[12.25721,45.68984],[12.25557,45.68632],[12.25416,45.68434],[12.25326,45.68327],[12.25185,45.67965],[12.25049,45.67601],[12.25045,45.67572],[12.25065,45.67079]]},"properties":{}},{"type":"Feature","geometry":{"type":"LineString","coordinates":[[12.25169,45.6701],[12.25115,45.67016],[12.2509,45.67027],[12.25069,45.67051],[12.25065,45.67079]]},"properties":{}},{"type":"Feature","geometry":{"type":"LineString","coordinates":[[12.25538,45.50384],[12.25436,45.50423],[12.25382,45.50441],[12.25245,45.50471],[12.25097,45.50522],[12.25065,45.50526]]},"properties":{}},{"type":"Feature","geometry":{"type":"LineString","coordinates":[[12.26085,45.65405],[12.25929,45.65385],[12.25832,45.65365],[12.25747,45.65342],[12.25613,45.65295],[12.25073,45.65094]]},"properties":{}},{"type":"Feature","geometry":{"type":"LineString","coordinates":[[12.25073,45.65094],[12.25081,45.65086]]},"properties":{}},{"type":"Feature","geometry":{"type":"LineString","coordinates":[[12.25081,45.65086],[12.25698,45.65316],[12.25752,45.65333],[12.25836,45.65356],[12.25932,45.65377],[12.26088,45.65395]]},"properties":{}},{"type":"Feature","geometry":{"type":"LineString","coordinates":[[12.25081,45.65086],[12.25127,45.65041],[12.25143,45.65022],[12.25155,45.64997],[12.25161,45.64965],[12.25179,45.64783],[12.25173,45.6451],[12.25161,45.64477]]},"properties":{}},{"type":"Feature","geometry":{"type":"LineString","coordinates":[[12.25337,45.66877],[12.25273,45.66857],[12.25206,45.6683],[12.25092,45.66775]]},"properties":{}},{"type":"Feature","geometry":{"type":"LineString","coordinates":[[12.25161,45.64477],[12.25121,45.64417]]},"properties":{}},{"type":"Feature","geometry":{"type":"LineString","coordinates":[[12.25121,45.64417],[12.25113,45.64393],[12.25107,45.64359],[12.25108,45.64328],[12.25193,45.64064],[12.25248,45.63862],[12.25262,45.63836],[12.25388,45.63667],[12.25472,45.63535]]},"properties":{}},{"type":"Feature","geometry":{"type":"LineString","coordinates":[[12.25167,45.66223],[12.25251,45.66228],[12.25262,45.66224],[12.25274,45.66209],[12.25358,45.66057]]},"properties":{}},{"type":"Feature","geometry":{"type":"LineString","coordinates":[[12.25167,45.66223],[12.25233,45.66233],[12.25246,45.6624],[12.25252,45.66247],[12.25254,45.66255],[12.25253,45.66267],[12.25235,45.66336],[12.25237,45.66342],[12.25243,45.66347],[12.25511,45.66386],[12.25557,45.66403],[12.25566,45.66413],[12.25568,45.66436],[12.25542,45.66546]]},"properties":{}},{"type":"Feature","geometry":{"type":"LineString","coordinates":[[12.25339,45.67014],[12.25169,45.6701]]},"properties":{}},{"type":"Feature","geometry":{"type":"LineString","coordinates":[[12.25534,45.50382],[12.25525,45.50375],[12.255,45.50335],[12.25485,45.50305],[12.2547,45.50227],[12.25458,45.50195],[12.25446,45.50176],[12.25418,45.50142],[12.25404,45.5013],[12.25388,45.50123],[12.2532,45.50115],[12.25291,45.50101],[12.25266,45.50076],[12.25203,45.5]]},"properties":{}},{"type":"Feature","geometry":{"type":"LineString","coordinates":[[12.25206,45.5],[12.25292,45.501],[12.25321,45.50113],[12.25389,45.50121],[12.25415,45.50136],[12.25454,45.50184],[12.25465,45.50203],[12.25472,45.50227]]},"properties":{}},{"type":"Feature","geometry":{"type":"LineString","coordinates":[[12.25208,45.5],[12.25293,45.501],[12.25321,45.50112],[12.2539,45.5012],[12.25411,45.50131],[12.25457,45.50184],[12.25471,45.50211],[12.25476,45.50226]]},"properties":{}},{"type":"Feature","geometry":{"type":"LineString","coordinates":[[12.25327,45.82273],[12.25376,45.82256],[12.25385,45.82248],[12.25388,45.82225]]},"properties":{}},{"type":"Feature","geometry":{"type":"LineString","coordinates":[[12.25388,45.82225],[12.25404,45.82245],[12.25414,45.82248],[12.25424,45.82256],[12.25426,45.82265],[12.25421,45.82274],[12.25407,45.82281],[12.25397,45.82282],[12.25362,45.82271],[12.25327,45.82273]]},"properties":{}},{"type":"Feature","geometry":{"type":"LineString","coordinates":[[12.25337,45.66877],[12.25441,45.66907],[12.25445,45.66913],[12.25447,45.66944]]},"properties":{}},{"type":"Feature","geometry":{"type":"LineString","coordinates":[[12.25471,45.66999],[12.25376,45.67017],[12.25339,45.67014]]},"properties":{}},{"type":"Feature","geometry":{"type":"LineString","coordinates":[[12.25436,45.66984],[12.25425,45.66998],[12.25409,45.67006],[12.25386,45.67011],[12.25339,45.67014]]},"properties":{}},{"type":"Feature","geometry":{"type":"LineString","coordinates":[[12.25358,45.66057],[12.2537,45.66021],[12.25362,45.65993]]},"properties":{}},{"type":"Feature","geometry":{"type":"LineString","coordinates":[[12.25358,45.66057],[12.2537,45.66035],[12.25383,45.6602]]},"properties":{}},{"type":"Feature","geometry":{"type":"LineString","coordinates":[[12.25391,45.66028],[12.2538,45.66034],[12.25358,45.66057]]},"properties":{}},{"type":"Feature","geometry":{"type":"LineString","coordinates":[[12.25362,45.65993],[12.25391,45.66011]]},"properties":{}},{"type":"Feature","geometry":{"type":"LineString","coordinates":[[12.25383,45.66019],[12.25362,45.65993]]},"properties":{}},{"type":"Feature","geometry":{"type":"LineString","coordinates":[[12.25373,45.60206],[12.25372,45.60196],[12.2539,45.60184],[12.25423,45.60181],[12.25431,45.60187],[12.25444,45.60219]]},"properties":{}},{"type":"Feature","geometry":{"type":"LineString","coordinates":[[12.25444,45.60219],[12.25417,45.60198],[12.2541,45.60196],[12.25392,45.60196],[12.25373,45.60206]]},"properties":{}},{"type":"Feature","geometry":{"type":"LineString","coordinates":[[12.25391,45.66028],[12.25383,45.6602]]},"properties":{}},{"type":"Feature","geometry":{"type":"LineString","coordinates":[[12.25383,45.6602],[12.25383,45.66019]]},"properties":{}},{"type":"Feature","geometry":{"type":"LineString","coordinates":[[12.25383,45.66019],[12.25384,45.66015],[12.25391,45.66011]]},"properties":{}},{"type":"Feature","geometry":{"type":"LineString","coordinates":[[12.25391,45.66011],[12.25401,45.6601],[12.25429,45.65995]]},"properties":{}},{"type":"Feature","geometry":{"type":"LineString","coordinates":[[12.254,45.66028],[12.25391,45.66028]]},"properties":{}},{"type":"Feature","geometry":{"type":"LineString","coordinates":[[12.26034,45.65867],[12.26047,45.65881],[12.26044,45.65897],[12.26026,45.65908],[12.26016,45.65919],[12.25993,45.65969],[12.25951,45.65968],[12.25952,45.65974],[12.25904,45.66082],[12.25898,45.66089],[12.25899,45.66095],[12.25892,45.66101],[12.25856,45.66096],[12.25541,45.66088],[12.25501,45.66077],[12.25422,45.66035],[12.254,45.66028]]},"properties":{}},{"type":"Feature","geometry":{"type":"LineString","coordinates":[[12.25429,45.65995],[12.25414,45.66011],[12.25407,45.66025],[12.254,45.66028]]},"properties":{}},{"type":"Feature","geometry":{"type":"LineString","coordinates":[[12.25406,45.63516],[12.25471,45.63508]]},"properties":{}},{"type":"Feature","geometry":{"type":"LineString","coordinates":[[12.2547,45.63518],[12.25453,45.63514],[12.25406,45.63516]]},"properties":{}},{"type":"Feature","geometry":{"type":"LineString","coordinates":[[12.25424,45.51226],[12.25437,45.51247]]},"properties":{}},{"type":"Feature","geometry":{"type":"LineString","coordinates":[[12.25437,45.51247],[12.25424,45.51248],[12.25424,45.51226]]},"properties":{}},{"type":"Feature","geometry":{"type":"LineString","coordinates":[[12.25521,45.51028],[12.25544,45.51111],[12.25547,45.5116],[12.25558,45.5117],[12.2565,45.51217],[12.25696,45.51207],[12.25798,45.51177],[12.25807,45.51194],[12.25808,45.51201],[12.25793,45.5121],[12.25758,45.5121],[12.25625,45.51236],[12.25606,45.51236],[12.25563,45.51221],[12.25519,45.51214],[12.25446,45.51214],[12.25431,45.51218],[12.25424,45.51226]]},"properties":{}},{"type":"Feature","geometry":{"type":"LineString","coordinates":[[12.25429,45.65995],[12.25556,45.65896],[12.256,45.65876],[12.25617,45.65874],[12.25635,45.65877],[12.25821,45.65944],[12.25893,45.65958],[12.25908,45.65954],[12.25917,45.65945],[12.25933,45.6591],[12.25937,45.65884],[12.25943,45.65876],[12.25966,45.65865],[12.2598,45.65861],[12.2601,45.65861],[12.26034,45.65867]]},"properties":{}},{"type":"Feature","geometry":{"type":"LineString","coordinates":[[12.25436,45.66984],[12.2544,45.66993],[12.2545,45.66999],[12.25471,45.66999]]},"properties":{}},{"type":"Feature","geometry":{"type":"LineString","coordinates":[[12.25447,45.66944],[12.25436,45.66984]]},"properties":{}},{"type":"Feature","geometry":{"type":"LineString","coordinates":[[12.25589,45.51267],[12.25567,45.51238],[12.25553,45.51234],[12.25437,45.51247]]},"properties":{}},{"type":"Feature","geometry":{"type":"LineString","coordinates":[[12.25441,45.73284],[12.25457,45.73312],[12.25412,45.73323],[12.25397,45.73295],[12.25441,45.73284]]},"properties":{}},{"type":"Feature","geometry":{"type":"LineString","coordinates":[[12.25441,45.73284],[12.25434,45.73269],[12.25505,45.7325],[12.25519,45.73244],[12.25534,45.73228],[12.25551,45.732]]},"properties":{}},{"type":"Feature","geometry":{"type":"LineString","coordinates":[[12.2608,45.63084],[12.25788,45.62987],[12.25766,45.62976],[12.25754,45.62964],[12.25745,45.62938],[12.25748,45.62917],[12.25838,45.62416],[12.25893,45.62137],[12.25892,45.62107],[12.25875,45.62071],[12.25793,45.61959],[12.25697,45.61837],[12.2568,45.6182],[12.25481,45.61681],[12.2541,45.6161],[12.25399,45.61592],[12.25393,45.61577],[12.25393,45.61556],[12.25402,45.61535],[12.25568,45.61332],[12.25576,45.61316],[12.25579,45.61298],[12.25581,45.61251],[12.25581,45.61091],[12.25542,45.60734],[12.25509,45.60557],[12.25486,45.60471],[12.25477,45.60332],[12.25456,45.6025],[12.25444,45.60219]]},"properties":{}},{"type":"Feature","geometry":{"type":"LineString","coordinates":[[12.25523,45.66622],[12.25447,45.66944]]},"properties":{}},{"type":"Feature","geometry":{"type":"LineString","coordinates":[[12.25473,45.6352],[12.2547,45.63518]]},"properties":{}},{"type":"Feature","geometry":{"type":"LineString","coordinates":[[12.2547,45.63518],[12.25467,45.63514],[12.25471,45.63508]]},"properties":{}},{"type":"Feature","geometry":{"type":"LineString","coordinates":[[12.25471,45.63508],[12.25561,45.63504]]},"properties":{}},{"type":"Feature","geometry":{"type":"LineString","coordinates":[[12.25935,45.68489],[12.25807,45.68485],[12.25769,45.68493],[12.25699,45.68514],[12.25419,45.67772],[12.25387,45.67696],[12.25367,45.67634],[12.25359,45.676],[12.25359,45.67565],[12.25405,45.6726],[12.25407,45.67229],[12.25427,45.67233],[12.25614,45.67314],[12.25618,45.67307],[12.25617,45.67297],[12.25605,45.67267],[12.25493,45.67014],[12.25486,45.67003],[12.25471,45.66999]]},"properties":{}},{"type":"Feature","geometry":{"type":"LineString","coordinates":[[12.25472,45.50227],[12.25487,45.50304],[12.25502,45.50334],[12.25534,45.50382]]},"properties":{}},{"type":"Feature","geometry":{"type":"LineString","coordinates":[[12.25472,45.50227],[12.25476,45.50226]]},"properties":{}},{"type":"Feature","geometry":{"type":"LineString","coordinates":[[12.25472,45.63535],[12.25473,45.6352]]},"properties":{}},{"type":"Feature","geometry":{"type":"LineString","coordinates":[[12.25485,45.6352],[12.25472,45.63535]]},"properties":{}},{"type":"Feature","geometry":{"type":"LineString","coordinates":[[12.25485,45.6352],[12.25473,45.6352]]},"properties":{}},{"type":"Feature","geometry":{"type":"LineString","coordinates":[[12.25476,45.50226],[12.25483,45.50283],[12.25489,45.50304],[12.25504,45.50334],[12.25533,45.50377],[12.25544,45.50379],[12.25599,45.50366],[12.25649,45.5036],[12.25745,45.50357],[12.25793,45.5036],[12.25887,45.50375],[12.25992,45.50409],[12.2603,45.50416],[12.2616,45.50412],[12.26535,45.50335],[12.26688,45.5032],[12.26808,45.50287],[12.26922,45.50273]]},"properties":{}},{"type":"Feature","geometry":{"type":"LineString","coordinates":[[12.25476,45.50226],[12.25673,45.50217],[12.25812,45.50235],[12.25892,45.50237],[12.25978,45.50233],[12.26099,45.50247],[12.26161,45.50241],[12.26269,45.50223],[12.26353,45.50197],[12.2638,45.50186],[12.2643,45.50152],[12.26453,45.50142],[12.26596,45.50113],[12.26776,45.50062]]},"properties":{}},{"type":"Feature","geometry":{"type":"LineString","coordinates":[[12.25561,45.63504],[12.25498,45.63513],[12.25485,45.6352]]},"properties":{}},{"type":"Feature","geometry":{"type":"LineString","coordinates":[[12.2568,45.50834],[12.25748,45.50971],[12.25747,45.50975],[12.25715,45.50987],[12.25697,45.51],[12.25681,45.51018],[12.25667,45.51024],[12.25604,45.51024],[12.25539,45.5103],[12.25521,45.51028]]},"properties":{}},{"type":"Feature","geometry":{"type":"LineString","coordinates":[[12.25521,45.51028],[12.25461,45.50889],[12.2568,45.50834]]},"properties":{}},{"type":"Feature","geometry":{"type":"LineString","coordinates":[[12.25542,45.66546],[12.25523,45.66622]]},"properties":{}},{"type":"Feature","geometry":{"type":"LineString","coordinates":[[12.25598,45.66583],[12.2554,45.66597],[12.25523,45.66622]]},"properties":{}},{"type":"Feature","geometry":{"type":"LineString","coordinates":[[12.25597,45.5037],[12.2555,45.50381],[12.25534,45.50382]]},"properties":{}},{"type":"Feature","geometry":{"type":"LineString","coordinates":[[12.25534,45.50382],[12.25538,45.50384]]},"properties":{}},{"type":"Feature","geometry":{"type":"LineString","coordinates":[[12.25538,45.50384],[12.25597,45.5037]]},"properties":{}},{"type":"Feature","geometry":{"type":"LineString","coordinates":[[12.25542,45.66546],[12.25542,45.66575],[12.25546,45.66581],[12.25559,45.66586],[12.25598,45.66583]]},"properties":{}},{"type":"Feature","geometry":{"type":"LineString","coordinates":[[12.25551,45.732],[12.25552,45.73173],[12.25547,45.73162],[12.25547,45.73155],[12.25555,45.73143],[12.25576,45.73135],[12.256,45.73139],[12.25609,45.73144],[12.25629,45.73169],[12.25668,45.73186]]},"properties":{}},{"type":"Feature","geometry":{"type":"LineString","coordinates":[[12.25668,45.73186],[12.25643,45.73179],[12.25617,45.73176],[12.25568,45.73188],[12.25551,45.732]]},"properties":{}},{"type":"Feature","geometry":{"type":"LineString","coordinates":[[12.25561,45.63504],[12.25619,45.63499]]},"properties":{}},{"type":"Feature","geometry":{"type":"LineString","coordinates":[[12.25573,45.87075],[12.25511,45.87072],[12.25171,45.87016],[12.25149,45.87008],[12.25142,45.86992],[12.2515,45.8698],[12.25172,45.86969],[12.25295,45.86942],[12.25449,45.86898],[12.25496,45.8689],[12.25508,45.8689],[12.25519,45.86898],[12.25523,45.86912],[12.2553,45.87008],[12.25539,45.87015],[12.25541,45.87033],[12.25532,45.87041],[12.25546,45.87064],[12.25573,45.87075]]},"properties":{}},{"type":"Feature","geometry":{"type":"LineString","coordinates":[[12.25573,45.87075],[12.25684,45.87069],[12.2634,45.87013],[12.26391,45.87005],[12.26642,45.8695],[12.26838,45.86921],[12.26916,45.86913],[12.26966,45.86911]]},"properties":{}},{"type":"Feature","geometry":{"type":"LineString","coordinates":[[12.25593,45.51275],[12.25589,45.51267]]},"properties":{}},{"type":"Feature","geometry":{"type":"LineString","coordinates":[[12.25589,45.51267],[12.25823,45.51213],[12.25939,45.51179],[12.26022,45.51147],[12.26305,45.51009]]},"properties":{}},{"type":"Feature","geometry":{"type":"LineString","coordinates":[[12.25593,45.51275],[12.25603,45.51319],[12.25709,45.51435],[12.25728,45.51441],[12.25915,45.51451],[12.25925,45.51454],[12.25933,45.51461],[12.25933,45.51468],[12.25924,45.5148],[12.25725,45.51702],[12.25706,45.51834],[12.25703,45.51974]]},"properties":{}},{"type":"Feature","geometry":{"type":"LineString","coordinates":[[12.26313,45.51018],[12.26075,45.51132],[12.25945,45.51187],[12.25826,45.51221],[12.25593,45.51275]]},"properties":{}},{"type":"Feature","geometry":{"type":"LineString","coordinates":[[12.25597,45.5037],[12.25631,45.50363],[12.25704,45.5036],[12.25765,45.5036],[12.25813,45.50363],[12.25892,45.50377],[12.26003,45.50414]]},"properties":{}},{"type":"Feature","geometry":{"type":"LineString","coordinates":[[12.26002,45.50416],[12.25891,45.50378],[12.25812,45.50365],[12.25764,45.50361],[12.25704,45.50361],[12.25642,45.50364],[12.25597,45.5037]]},"properties":{}},{"type":"Feature","geometry":{"type":"LineString","coordinates":[[12.25598,45.66583],[12.25805,45.6656],[12.2584,45.66553],[12.26041,45.66475],[12.26357,45.66376]]},"properties":{}},{"type":"Feature","geometry":{"type":"LineString","coordinates":[[12.25619,45.63499],[12.25612,45.63455],[12.25634,45.63376],[12.25632,45.63371],[12.2564,45.63365],[12.25661,45.63336],[12.25745,45.63356],[12.25759,45.63367],[12.25775,45.6337],[12.25795,45.63368],[12.25843,45.6338]]},"properties":{}},{"type":"Feature","geometry":{"type":"LineString","coordinates":[[12.25619,45.63499],[12.25747,45.63486],[12.2576,45.63482],[12.25843,45.6338]]},"properties":{}},{"type":"Feature","geometry":{"type":"LineString","coordinates":[[12.25668,45.73186],[12.25699,45.73198],[12.25731,45.73218],[12.25752,45.73235],[12.25776,45.73269],[12.25784,45.73289],[12.25793,45.7333],[12.25797,45.73437]]},"properties":{}},{"type":"Feature","geometry":{"type":"LineString","coordinates":[[12.2568,45.50834],[12.26151,45.50717]]},"properties":{}},{"type":"Feature","geometry":{"type":"LineString","coordinates":[[12.25703,45.51974],[12.25694,45.52062],[12.25786,45.52055],[12.25703,45.51974]]},"properties":{}},{"type":"Feature","geometry":{"type":"LineString","coordinates":[[12.25797,45.73437],[12.25804,45.73478],[12.25815,45.73499],[12.25844,45.73514],[12.2587,45.73537],[12.25884,45.73545],[12.26084,45.73575]]},"properties":{}},{"type":"Feature","geometry":{"type":"LineString","coordinates":[[12.25802,45.73548],[12.25792,45.73533],[12.25796,45.73518],[12.25797,45.73437]]},"properties":{}},{"type":"Feature","geometry":{"type":"LineString","coordinates":[[12.26084,45.73575],[12.26006,45.73574],[12.25987,45.73578],[12.25951,45.73595],[12.25935,45.73598],[12.25895,45.73591],[12.25867,45.73584],[12.25839,45.73571],[12.25802,45.73548]]},"properties":{}},{"type":"Feature","geometry":{"type":"LineString","coordinates":[[12.25843,45.6338],[12.2608,45.63084]]},"properties":{}},{"type":"Feature","geometry":{"type":"LineString","coordinates":[[12.25948,45.71264],[12.25964,45.71242],[12.25973,45.71221],[12.25976,45.71189],[12.25948,45.7031],[12.25938,45.7023],[12.259,45.70021],[12.25889,45.69977]]},"properties":{}},{"type":"Feature","geometry":{"type":"LineString","coordinates":[[12.25889,45.69977],[12.25872,45.69938],[12.25846,45.69908],[12.25837,45.69903],[12.25832,45.69895],[12.2584,45.69882],[12.2587,45.69871],[12.25879,45.69864],[12.25896,45.69819]]},"properties":{}},{"type":"Feature","geometry":{"type":"LineString","coordinates":[[12.25896,45.69819],[12.25886,45.69903],[12.25889,45.69977]]},"properties":{}},{"type":"Feature","geometry":{"type":"LineString","coordinates":[[12.25935,45.68521],[12.2591,45.68581],[12.25903,45.6861],[12.25902,45.68638],[12.25907,45.68666],[12.25922,45.68698],[12.26079,45.68948],[12.26103,45.68991],[12.26136,45.69015],[12.26173,45.69025],[12.26313,45.69034],[12.26359,45.69042],[12.26396,45.69058],[12.26442,45.69096]]},"properties":{}},{"type":"Feature","geometry":{"type":"LineString","coordinates":[[12.25935,45.68521],[12.25935,45.68489]]},"properties":{}},{"type":"Feature","geometry":{"type":"LineString","coordinates":[[12.25935,45.68489],[12.25945,45.68491],[12.25946,45.68495],[12.25935,45.68521]]},"properties":{}},{"type":"Feature","geometry":{"type":"LineString","coordinates":[[12.25948,45.71264],[12.25965,45.71267],[12.26033,45.71249]]},"properties":{}},{"type":"Feature","geometry":{"type":"LineString","coordinates":[[12.25961,45.71288],[12.25956,45.71271],[12.25948,45.71264]]},"properties":{}},{"type":"Feature","geometry":{"type":"LineString","coordinates":[[12.25961,45.71288],[12.26014,45.7157],[12.26035,45.7162],[12.26103,45.71761],[12.26112,45.71787],[12.26115,45.71816],[12.26112,45.71969],[12.26113,45.72043],[12.26119,45.72077],[12.26167,45.72295]]},"properties":{}},{"type":"Feature","geometry":{"type":"LineString","coordinates":[[12.26033,45.71249],[12.26035,45.71256],[12.2603,45.71263],[12.25983,45.71285],[12.25961,45.71288]]},"properties":{}},{"type":"Feature","geometry":{"type":"LineString","coordinates":[[12.26002,45.50416],[12.26047,45.5042],[12.26161,45.50415],[12.26548,45.50336],[12.26688,45.50323],[12.2682,45.50288],[12.2716,45.50255]]},"properties":{}},{"type":"Feature","geometry":{"type":"LineString","coordinates":[[12.26151,45.50717],[12.26133,45.50651],[12.26124,45.5063],[12.26059,45.50517],[12.26029,45.5049],[12.26021,45.5048],[12.26005,45.50439],[12.26001,45.5042],[12.26002,45.50416]]},"properties":{}},{"type":"Feature","geometry":{"type":"LineString","coordinates":[[12.26002,45.50416],[12.26003,45.50414]]},"properties":{}},{"type":"Feature","geometry":{"type":"LineString","coordinates":[[12.26003,45.50414],[12.26046,45.50418],[12.2616,45.50413],[12.26535,45.50337],[12.26688,45.50321],[12.26808,45.50288],[12.26923,45.50275]]},"properties":{}},{"type":"Feature","geometry":{"type":"LineString","coordinates":[[12.26033,45.71249],[12.26308,45.71193],[12.26363,45.71177],[12.26373,45.7117],[12.26382,45.71156],[12.26382,45.71079],[12.26384,45.71073],[12.26395,45.71064],[12.26738,45.70995],[12.26773,45.70994],[12.26837,45.71],[12.26867,45.70997],[12.26978,45.7096]]},"properties":{}},{"type":"Feature","geometry":{"type":"LineString","coordinates":[[12.26034,45.65867],[12.26057,45.65868],[12.2608,45.65855],[12.26187,45.65651],[12.26191,45.65636],[12.26189,45.65621],[12.2618,45.6561],[12.26165,45.65599],[12.26128,45.65584],[12.26108,45.65565],[12.26107,45.65557],[12.26111,45.65548],[12.26146,45.65508],[12.26148,45.65497],[12.26136,45.65487],[12.26106,45.65473],[12.26087,45.65452],[12.26082,45.65429],[12.26085,45.65405]]},"properties":{}},{"type":"Feature","geometry":{"type":"LineString","coordinates":[[12.2608,45.63084],[12.26092,45.63072],[12.26106,45.63063],[12.26136,45.63053],[12.26167,45.63047]]},"properties":{}},{"type":"Feature","geometry":{"type":"LineString","coordinates":[[12.26084,45.73575],[12.2614,45.73582]]},"properties":{}},{"type":"Feature","geometry":{"type":"LineString","coordinates":[[12.29287,45.65289],[12.29163,45.65334],[12.28877,45.65417],[12.28783,45.6545],[12.28618,45.65528],[12.28473,45.65602],[12.28408,45.65631],[12.28381,45.6564],[12.28333,45.65649],[12.2826,45.65647],[12.28202,45.65637],[12.28004,45.65591],[12.2789,45.65578],[12.26085,45.65405]]},"properties":{}},{"type":"Feature","geometry":{"type":"LineString","coordinates":[[12.26085,45.65405],[12.26088,45.65395]]},"properties":{}},{"type":"Feature","geometry":{"type":"LineString","coordinates":[[12.26088,45.65395],[12.26623,45.65447]]},"properties":{}},{"type":"Feature","geometry":{"type":"LineString","coordinates":[[12.26088,45.65395],[12.26101,45.65372],[12.26124,45.65357],[12.26152,45.65348],[12.26179,45.65346],[12.26218,45.65354],[12.26268,45.65384],[12.26295,45.65392],[12.26554,45.65432],[12.26623,45.65447]]},"properties":{}},{"type":"Feature","geometry":{"type":"LineString","coordinates":[[12.2614,45.73582],[12.2636,45.736],[12.26548,45.73627]]},"properties":{}},{"type":"Feature","geometry":{"type":"LineString","coordinates":[[12.26491,45.7318],[12.262,45.73191],[12.26187,45.73192],[12.26175,45.73198],[12.26172,45.73201],[12.26184,45.73355],[12.2614,45.73582]]},"properties":{}},{"type":"Feature","geometry":{"type":"LineString","coordinates":[[12.26305,45.51009],[12.26285,45.50982],[12.26239,45.50879],[12.26194,45.50805],[12.26151,45.50717]]},"properties":{}},{"type":"Feature","geometry":{"type":"LineString","coordinates":[[12.26167,45.72295],[12.26221,45.72537],[12.26233,45.72562],[12.26305,45.72656],[12.26325,45.72692],[12.26491,45.7318]]},"properties":{}},{"type":"Feature","geometry":{"type":"LineString","coordinates":[[12.26167,45.63047],[12.26215,45.63036],[12.26233,45.63026],[12.26251,45.63029],[12.26293,45.63026]]},"properties":{}},{"type":"Feature","geometry":{"type":"LineString","coordinates":[[12.26293,45.63026],[12.26263,45.63038],[12.26254,45.63047],[12.26244,45.63052],[12.26232,45.63052],[12.26222,45.63047],[12.2621,45.63045],[12.26167,45.63047]]},"properties":{}},{"type":"Feature","geometry":{"type":"LineString","coordinates":[[12.26293,45.63026],[12.26377,45.63014],[12.2667,45.63006],[12.26697,45.63003],[12.26872,45.62952]]},"properties":{}},{"type":"Feature","geometry":{"type":"LineString","coordinates":[[12.26313,45.51018],[12.26305,45.51009]]},"properties":{}},{"type":"Feature","geometry":{"type":"LineString","coordinates":[[12.26305,45.51009],[12.26478,45.50925],[12.26539,45.50901],[12.26925,45.50714],[12.2699,45.50676],[12.27025,45.50649],[12.27084,45.50595],[12.27133,45.50529],[12.27139,45.50505],[12.27202,45.50384],[12.27227,45.50331],[12.27247,45.50274],[12.27248,45.50263]]},"properties":{}},{"type":"Feature","geometry":{"type":"LineString","coordinates":[[12.26663,45.51621],[12.26607,45.51548],[12.26611,45.51532],[12.26648,45.51513],[12.26655,45.51501],[12.26652,45.51489],[12.266,45.51398],[12.26598,45.51388],[12.266,45.51382],[12.26611,45.51374],[12.26679,45.51351],[12.26684,45.51341],[12.26681,45.5133],[12.26639,45.51268],[12.26571,45.51145],[12.26502,45.51047],[12.26484,45.5104],[12.26469,45.51041],[12.26387,45.51063],[12.26364,45.51066],[12.26351,45.51062],[12.26339,45.51051],[12.26313,45.51018]]},"properties":{}},{"type":"Feature","geometry":{"type":"LineString","coordinates":[[12.27286,45.50269],[12.27243,45.50377],[12.27208,45.50442],[12.2718,45.50484],[12.27157,45.50509],[12.2713,45.50554],[12.27094,45.50599],[12.27034,45.50655],[12.26999,45.50682],[12.26932,45.50721],[12.26313,45.51018]]},"properties":{}},{"type":"Feature","geometry":{"type":"LineString","coordinates":[[12.26357,45.66376],[12.26389,45.66359],[12.26443,45.66339],[12.26495,45.66323]]},"properties":{}},{"type":"Feature","geometry":{"type":"LineString","coordinates":[[12.26357,45.66376],[12.26468,45.66338]]},"properties":{}},{"type":"Feature","geometry":{"type":"LineString","coordinates":[[12.26442,45.69096],[12.26504,45.69074],[12.26528,45.69074],[12.26451,45.69105],[12.26442,45.69096]]},"properties":{}},{"type":"Feature","geometry":{"type":"LineString","coordinates":[[12.26495,45.66323],[12.26468,45.66338]]},"properties":{}},{"type":"Feature","geometry":{"type":"LineString","coordinates":[[12.26468,45.66338],[12.2656,45.66316],[12.26637,45.66304],[12.2826,45.66153]]},"properties":{}},{"type":"Feature","geometry":{"type":"LineString","coordinates":[[12.26488,45.8612],[12.26542,45.86153],[12.26582,45.86168],[12.26593,45.86195],[12.26605,45.86208]]},"properties":{}},{"type":"Feature","geometry":{"type":"LineString","coordinates":[[12.26605,45.86208],[12.26547,45.86188],[12.26529,45.86156],[12.26488,45.8612]]},"properties":{}},{"type":"Feature","geometry":{"type":"LineString","coordinates":[[12.26491,45.7318],[12.2652,45.73262],[12.26578,45.73517],[12.26616,45.73606]]},"properties":{}},{"type":"Feature","geometry":{"type":"LineString","coordinates":[[12.27645,45.71602],[12.27694,45.71602],[12.27865,45.71589],[12.27902,45.71591],[12.27933,45.71598],[12.27942,45.71602],[12.27996,45.71642],[12.28172,45.71787],[12.28168,45.721],[12.28161,45.72124],[12.28133,45.7215],[12.27807,45.72358],[12.27773,45.72388],[12.27687,45.72474],[12.27661,45.72495],[12.27379,45.72661],[12.2736,45.72675],[12.27233,45.72807],[12.27214,45.72822],[12.27179,45.72842],[12.26546,45.73159],[12.26513,45.73174],[12.26491,45.7318]]},"properties":{}},{"type":"Feature","geometry":{"type":"LineString","coordinates":[[12.26495,45.66323],[12.26845,45.6622],[12.26939,45.66199],[12.27008,45.66193],[12.27095,45.66178],[12.27214,45.66168],[12.27261,45.66159],[12.27461,45.66099],[12.27551,45.66076],[12.27613,45.66068],[12.27742,45.6606],[12.27872,45.66015],[12.27983,45.65984],[12.28,45.65972],[12.2801,45.65976],[12.28051,45.65978],[12.28313,45.65968],[12.28377,45.65968],[12.284,45.65973],[12.28445,45.65987],[12.28727,45.66113],[12.28739,45.66124],[12.28741,45.66133]]},"properties":{}},{"type":"Feature","geometry":{"type":"LineString","coordinates":[[12.26548,45.73627],[12.26604,45.73623],[12.26612,45.73618],[12.26616,45.73606]]},"properties":{}},{"type":"Feature","geometry":{"type":"LineString","coordinates":[[12.26616,45.73606],[12.26621,45.73615],[12.26619,45.73627],[12.26623,45.73638],[12.26614,45.73648],[12.26595,45.73648],[12.26581,45.73636],[12.26548,45.73627]]},"properties":{}},{"type":"Feature","geometry":{"type":"LineString","coordinates":[[12.26605,45.86208],[12.27073,45.86558]]},"properties":{}},{"type":"Feature","geometry":{"type":"LineString","coordinates":[[12.26623,45.65447],[12.27173,45.65501],[12.27429,45.65522],[12.28006,45.65582],[12.28283,45.65607],[12.28336,45.65607],[12.28422,45.65595],[12.28487,45.65577],[12.2855,45.6555],[12.28708,45.65474],[12.2887,45.65411],[12.29019,45.65371],[12.29287,45.65289]]},"properties":{}},{"type":"Feature","geometry":{"type":"LineString","coordinates":[[12.26663,45.51621],[12.26684,45.51634]]},"properties":{}},{"type":"Feature","geometry":{"type":"LineString","coordinates":[[12.26668,45.5164],[12.26663,45.51621]]},"properties":{}},{"type":"Feature","geometry":{"type":"LineString","coordinates":[[12.26707,45.51675],[12.2669,45.51663],[12.26668,45.51653],[12.26665,45.51649],[12.26668,45.5164]]},"properties":{}},{"type":"Feature","geometry":{"type":"LineString","coordinates":[[12.26668,45.5164],[12.26684,45.51634]]},"properties":{}},{"type":"Feature","geometry":{"type":"LineString","coordinates":[[12.26684,45.51634],[12.26691,45.51635]]},"properties":{}},{"type":"Feature","geometry":{"type":"LineString","coordinates":[[12.26691,45.51635],[12.26725,45.51631]]},"properties":{}},{"type":"Feature","geometry":{"type":"LineString","coordinates":[[12.26691,45.51635],[12.26702,45.51645]]},"properties":{}},{"type":"Feature","geometry":{"type":"LineString","coordinates":[[12.26702,45.51645],[12.267,45.51654],[12.26707,45.51675]]},"properties":{}},{"type":"Feature","geometry":{"type":"LineString","coordinates":[[12.26725,45.51631],[12.26702,45.51645]]},"properties":{}},{"type":"Feature","geometry":{"type":"LineString","coordinates":[[12.269,45.52774],[12.26882,45.52733],[12.26824,45.52564],[12.26742,45.52341],[12.26733,45.52293],[12.26734,45.52233],[12.26742,45.52197],[12.26742,45.5218],[12.26706,45.52088]]},"properties":{}},{"type":"Feature","geometry":{"type":"LineString","coordinates":[[12.26706,45.52088],[12.26695,45.52088],[12.26687,45.52083],[12.26684,45.52075],[12.26688,45.52068],[12.26697,45.52064],[12.2671,45.52064],[12.2672,45.52075]]},"properties":{}},{"type":"Feature","geometry":{"type":"LineString","coordinates":[[12.2672,45.52075],[12.26715,45.52085],[12.26706,45.52088]]},"properties":{}},{"type":"Feature","geometry":{"type":"LineString","coordinates":[[12.2672,45.52075],[12.26791,45.52067],[12.2693,45.52033],[12.26958,45.52017],[12.26966,45.52009],[12.26973,45.51989],[12.26967,45.51967],[12.26947,45.51948],[12.26747,45.51834],[12.26724,45.51814],[12.26712,45.51786],[12.26717,45.51704],[12.26714,45.51686],[12.26707,45.51675]]},"properties":{}},{"type":"Feature","geometry":{"type":"LineString","coordinates":[[12.26725,45.51631],[12.26842,45.51582],[12.27006,45.51522],[12.27443,45.51382],[12.27481,45.51368],[12.27519,45.51347],[12.27543,45.51337],[12.27628,45.51319],[12.27684,45.5128],[12.27715,45.51267],[12.27891,45.51241],[12.28311,45.5121]]},"properties":{}},{"type":"Feature","geometry":{"type":"LineString","coordinates":[[12.26776,45.50062],[12.26727,45.5]]},"properties":{}},{"type":"Feature","geometry":{"type":"LineString","coordinates":[[12.26776,45.50062],[12.26812,45.50108],[12.26922,45.50273]]},"properties":{}},{"type":"Feature","geometry":{"type":"LineString","coordinates":[[12.26872,45.62952],[12.26888,45.62935],[12.26896,45.62919]]},"properties":{}},{"type":"Feature","geometry":{"type":"LineString","coordinates":[[12.26872,45.62952],[12.26909,45.6294],[12.26896,45.62919]]},"properties":{}},{"type":"Feature","geometry":{"type":"LineString","coordinates":[[12.28437,45.61153],[12.28455,45.61193],[12.28459,45.61217],[12.2846,45.61236],[12.28452,45.61267],[12.28314,45.6157],[12.28294,45.61599],[12.28284,45.61621],[12.28253,45.61695],[12.28169,45.61809],[12.28161,45.61824],[12.28105,45.62225],[12.28096,45.62247],[12.28066,45.62286],[12.28045,45.62304],[12.27989,45.62335],[12.27291,45.62579],[12.27159,45.62613],[12.27113,45.62631],[12.27068,45.62659],[12.27039,45.62689],[12.26896,45.62919]]},"properties":{}},{"type":"Feature","geometry":{"type":"LineString","coordinates":[[12.269,45.52774],[12.26904,45.52778],[12.26897,45.5278],[12.26895,45.52777],[12.269,45.52774]]},"properties":{}},{"type":"Feature","geometry":{"type":"LineString","coordinates":[[12.26922,45.50273],[12.26923,45.50275]]},"properties":{}},{"type":"Feature","geometry":{"type":"LineString","coordinates":[[12.26922,45.50273],[12.27023,45.50264]]},"properties":{}},{"type":"Feature","geometry":{"type":"LineString","coordinates":[[12.26923,45.50275],[12.27006,45.50267]]},"properties":{}},{"type":"Feature","geometry":{"type":"LineString","coordinates":[[12.27121,45.86973],[12.27082,45.86951],[12.27067,45.86937],[12.27035,45.86918],[12.27018,45.86914],[12.26966,45.86911]]},"properties":{}},{"type":"Feature","geometry":{"type":"LineString","coordinates":[[12.26966,45.86911],[12.26987,45.86908],[12.27005,45.86896],[12.27014,45.86894],[12.27022,45.86896],[12.27041,45.86909],[12.27071,45.86914],[12.27078,45.86921],[12.27076,45.86929],[12.2708,45.86939],[12.27121,45.86973]]},"properties":{}},{"type":"Feature","geometry":{"type":"LineString","coordinates":[[12.26978,45.7096],[12.27,45.70947],[12.27001,45.70939],[12.26993,45.70924]]},"properties":{}},{"type":"Feature","geometry":{"type":"LineString","coordinates":[[12.27034,45.70968],[12.27015,45.70956],[12.26978,45.7096]]},"properties":{}},{"type":"Feature","geometry":{"type":"LineString","coordinates":[[12.26993,45.70924],[12.27025,45.70943],[12.27026,45.70955],[12.27034,45.70968]]},"properties":{}},{"type":"Feature","geometry":{"type":"LineString","coordinates":[[12.26993,45.70924],[12.26936,45.70868],[12.26935,45.70862],[12.26939,45.70857],[12.26953,45.70854],[12.26963,45.7086],[12.2697,45.70883],[12.26993,45.70924]]},"properties":{}},{"type":"Feature","geometry":{"type":"LineString","coordinates":[[12.27006,45.50267],[12.27023,45.50264]]},"properties":{}},{"type":"Feature","geometry":{"type":"LineString","coordinates":[[12.2716,45.50255],[12.27006,45.50267]]},"properties":{}},{"type":"Feature","geometry":{"type":"LineString","coordinates":[[12.27018,45.53057],[12.27033,45.53059],[12.27452,45.53276],[12.27491,45.53294],[12.2753,45.53308]]},"properties":{}},{"type":"Feature","geometry":{"type":"LineString","coordinates":[[12.27018,45.53057],[12.27634,45.53384]]},"properties":{}},{"type":"Feature","geometry":{"type":"LineString","coordinates":[[12.27023,45.50264],[12.27161,45.50251]]},"properties":{}},{"type":"Feature","geometry":{"type":"LineString","coordinates":[[12.27576,45.71574],[12.27557,45.71554],[12.27484,45.71498],[12.27433,45.71449],[12.27137,45.71075],[12.27034,45.70968]]},"properties":{}},{"type":"Feature","geometry":{"type":"LineString","coordinates":[[12.27063,45.86605],[12.27075,45.86593],[12.2708,45.86581],[12.27073,45.86558]]},"properties":{}},{"type":"Feature","geometry":{"type":"LineString","coordinates":[[12.27073,45.86558],[12.27095,45.86582],[12.27113,45.86595]]},"properties":{}},{"type":"Feature","geometry":{"type":"LineString","coordinates":[[12.2769,45.87334],[12.27577,45.87287],[12.27502,45.87244],[12.27121,45.86973]]},"properties":{}},{"type":"Feature","geometry":{"type":"LineString","coordinates":[[12.27248,45.86691],[12.27204,45.86663],[12.27185,45.86656],[12.27165,45.86651],[12.27135,45.86652]]},"properties":{}},{"type":"Feature","geometry":{"type":"LineString","coordinates":[[12.27148,45.86625],[12.27218,45.86666],[12.27248,45.86691]]},"properties":{}},{"type":"Feature","geometry":{"type":"LineString","coordinates":[[12.27243,45.50255],[12.2716,45.50255]]},"properties":{}},{"type":"Feature","geometry":{"type":"LineString","coordinates":[[12.27246,45.50261],[12.2716,45.50255]]},"properties":{}},{"type":"Feature","geometry":{"type":"LineString","coordinates":[[12.27161,45.50251],[12.27232,45.50245],[12.27248,45.50239]]},"properties":{}},{"type":"Feature","geometry":{"type":"LineString","coordinates":[[12.27161,45.50251],[12.27242,45.50251]]},"properties":{}},{"type":"Feature","geometry":{"type":"LineString","coordinates":[[12.27242,45.50251],[12.27426,45.50252],[12.2755,45.50261]]},"properties":{}},{"type":"Feature","geometry":{"type":"LineString","coordinates":[[12.27243,45.50255],[12.27242,45.50251]]},"properties":{}},{"type":"Feature","geometry":{"type":"LineString","coordinates":[[12.27242,45.50251],[12.27248,45.50239]]},"properties":{}},{"type":"Feature","geometry":{"type":"LineString","coordinates":[[12.27246,45.50261],[12.27243,45.50255]]},"properties":{}},{"type":"Feature","geometry":{"type":"LineString","coordinates":[[12.27545,45.50264],[12.27415,45.50255],[12.27243,45.50255]]},"properties":{}},{"type":"Feature","geometry":{"type":"LineString","coordinates":[[12.27248,45.50263],[12.27246,45.50261]]},"properties":{}},{"type":"Feature","geometry":{"type":"LineString","coordinates":[[12.27286,45.50269],[12.27265,45.50271],[12.27248,45.50263]]},"properties":{}},{"type":"Feature","geometry":{"type":"LineString","coordinates":[[12.27248,45.86691],[12.27472,45.86862],[12.27599,45.86964],[12.28208,45.87427],[12.28258,45.8746]]},"properties":{}},{"type":"Feature","geometry":{"type":"LineString","coordinates":[[12.27248,45.50239],[12.27259,45.50232],[12.27276,45.50231],[12.2732,45.50247],[12.27444,45.50247],[12.27536,45.50256],[12.2755,45.50261]]},"properties":{}},{"type":"Feature","geometry":{"type":"LineString","coordinates":[[12.27627,45.53392],[12.27254,45.53195]]},"properties":{}},{"type":"Feature","geometry":{"type":"LineString","coordinates":[[12.27545,45.53449],[12.27544,45.53417],[12.27533,45.53383],[12.27513,45.53354],[12.27488,45.53329],[12.27473,45.53318],[12.2728,45.53213],[12.27254,45.53195]]},"properties":{}},{"type":"Feature","geometry":{"type":"LineString","coordinates":[[12.27497,45.50266],[12.27396,45.50257],[12.27321,45.50258],[12.27294,45.50264],[12.27286,45.50269]]},"properties":{}},{"type":"Feature","geometry":{"type":"LineString","coordinates":[[12.28963,45.57967],[12.28734,45.5784],[12.28649,45.578],[12.28035,45.57482],[12.27898,45.57404],[12.27859,45.5738],[12.27824,45.57356],[12.27745,45.57288],[12.27687,45.57234],[12.27632,45.57176],[12.2758,45.57101],[12.2753,45.57009],[12.27503,45.56943],[12.27489,45.56895],[12.2747,45.56806],[12.27465,45.56766],[12.27395,45.56175],[12.27372,45.55934],[12.27237,45.54755],[12.27239,45.54606],[12.27257,45.54449],[12.2728,45.54357],[12.27341,45.54188]]},"properties":{}},{"type":"Feature","geometry":{"type":"LineString","coordinates":[[12.27341,45.54188],[12.27341,45.54178],[12.2752,45.53755],[12.27533,45.53718],[12.27543,45.53672],[12.27546,45.53637],[12.27543,45.53468],[12.27545,45.53449]]},"properties":{}},{"type":"Feature","geometry":{"type":"LineString","coordinates":[[12.27341,45.54188],[12.27385,45.54092],[12.27424,45.54019],[12.2752,45.53854],[12.27563,45.53795],[12.2761,45.5374],[12.27653,45.53697],[12.27704,45.53654]]},"properties":{}},{"type":"Feature","geometry":{"type":"LineString","coordinates":[[12.27371,45.54158],[12.27337,45.54245],[12.27315,45.54314],[12.27281,45.5445],[12.27262,45.54608],[12.2726,45.54756],[12.27392,45.55934],[12.27423,45.56185],[12.27459,45.56551],[12.27486,45.56785],[12.27499,45.56861],[12.27526,45.56951],[12.27556,45.5702],[12.27599,45.57091],[12.27656,45.57174],[12.27698,45.5722],[12.27757,45.57278],[12.27874,45.57369],[12.28011,45.57449],[12.28101,45.57496],[12.2842,45.57645],[12.28699,45.57809],[12.28977,45.57954]]},"properties":{}},{"type":"Feature","geometry":{"type":"LineString","coordinates":[[12.27716,45.5366],[12.27663,45.53704],[12.27614,45.53754],[12.27544,45.53842],[12.27504,45.53902],[12.27452,45.53992],[12.27421,45.54051],[12.27371,45.54158]]},"properties":{}},{"type":"Feature","geometry":{"type":"LineString","coordinates":[[12.27821,45.53692],[12.27725,45.53726],[12.27684,45.53745],[12.27649,45.53766],[12.27614,45.53798],[12.27445,45.54027],[12.27403,45.54101],[12.27382,45.54145],[12.27371,45.54158]]},"properties":{}},{"type":"Feature","geometry":{"type":"LineString","coordinates":[[12.27398,46.0],[12.2739,45.99924],[12.2739,45.99801],[12.27401,45.99666],[12.27569,45.98428],[12.27585,45.98362],[12.27603,45.9832],[12.27623,45.98287],[12.27644,45.98258],[12.27696,45.9821],[12.27735,45.9818],[12.28127,45.97914],[12.28166,45.97879],[12.28188,45.97853],[12.2823,45.97783],[12.28247,45.97733],[12.28254,45.97684],[12.28264,45.97517],[12.28273,45.9747],[12.28282,45.97442],[12.28296,45.9741],[12.28343,45.97342],[12.28378,45.97309],[12.2857,45.97158],[12.28599,45.9713],[12.28627,45.97089],[12.28648,45.97052],[12.28662,45.9702],[12.28669,45.96989],[12.28672,45.96958],[12.28669,45.96895],[12.28598,45.96616],[12.2859,45.96512],[12.28595,45.96438],[12.28603,45.96397],[12.28627,45.96326],[12.28647,45.96283]]},"properties":{}},{"type":"Feature","geometry":{"type":"LineString","coordinates":[[12.28606,45.96514],[12.28617,45.96616],[12.28636,45.96688],[12.28668,45.9679],[12.28693,45.96896],[12.28696,45.96958],[12.28692,45.96991],[12.28684,45.97023],[12.2867,45.97059],[12.28648,45.97099],[12.28618,45.97139],[12.28588,45.9717],[12.28393,45.97318],[12.2836,45.9735],[12.28331,45.97385],[12.28313,45.97415],[12.28291,45.97473],[12.28284,45.97518],[12.2828,45.9755],[12.28273,45.97684],[12.28267,45.97734],[12.28251,45.97786],[12.28209,45.97858],[12.28185,45.97886],[12.28144,45.97922],[12.27765,45.98177],[12.27712,45.98219],[12.27646,45.9829],[12.27631,45.98314],[12.27614,45.9835],[12.27602,45.98403],[12.27592,45.98496],[12.27446,45.9959],[12.27432,45.99769],[12.27431,45.99932],[12.27436,46.0]]},"properties":{}},{"type":"Feature","geometry":{"type":"LineString","coordinates":[[12.27545,45.50264],[12.27497,45.50266]]},"properties":{}},{"type":"Feature","geometry":{"type":"LineString","coordinates":[[12.27581,45.50266],[12.27501,45.50282],[12.27433,45.50301],[12.27424,45.503],[12.27427,45.5029],[12.27439,45.50282],[12.275,45.50277],[12.27501,45.50271],[12.27497,45.50266]]},"properties":{}},{"type":"Feature","geometry":{"type":"LineString","coordinates":[[12.2753,45.53308],[12.27609,45.53326],[12.27705,45.53336]]},"properties":{}},{"type":"Feature","geometry":{"type":"LineString","coordinates":[[12.2753,45.53308],[12.27652,45.53368]]},"properties":{}},{"type":"Feature","geometry":{"type":"LineString","coordinates":[[12.27581,45.50266],[12.27545,45.50264]]},"properties":{}},{"type":"Feature","geometry":{"type":"LineString","coordinates":[[12.27554,45.50262],[12.27545,45.50264]]},"properties":{}},{"type":"Feature","geometry":{"type":"LineString","coordinates":[[12.27704,45.53654],[12.27658,45.53627],[12.27643,45.53614],[12.27608,45.53582],[12.27595,45.53564],[12.27559,45.53507],[12.27552,45.53489],[12.27545,45.53449]]},"properties":{}},{"type":"Feature","geometry":{"type":"LineString","coordinates":[[12.2755,45.50261],[12.27642,45.5027],[12.27724,45.5029],[12.28017,45.50391],[12.28261,45.50458]]},"properties":{}},{"type":"Feature","geometry":{"type":"LineString","coordinates":[[12.2755,45.50261],[12.27554,45.50262]]},"properties":{}},{"type":"Feature","geometry":{"type":"LineString","coordinates":[[12.27587,45.50265],[12.27554,45.50262]]},"properties":{}},{"type":"Feature","geometry":{"type":"LineString","coordinates":[[12.27576,45.71574],[12.2761,45.71595],[12.27645,45.71602]]},"properties":{}},{"type":"Feature","geometry":{"type":"LineString","coordinates":[[12.27645,45.71602],[12.27597,45.71612],[12.27587,45.7161],[12.2758,45.71604],[12.27576,45.71574]]},"properties":{}},{"type":"Feature","geometry":{"type":"LineString","coordinates":[[12.28224,45.50455],[12.28016,45.50394],[12.27723,45.50294],[12.27641,45.50274],[12.27581,45.50266]]},"properties":{}},{"type":"Feature","geometry":{"type":"LineString","coordinates":[[12.27587,45.50265],[12.27581,45.50266]]},"properties":{}},{"type":"Feature","geometry":{"type":"LineString","coordinates":[[12.28217,45.5045],[12.28005,45.50388],[12.27742,45.50297],[12.27642,45.50272],[12.27587,45.50265]]},"properties":{}},{"type":"Feature","geometry":{"type":"LineString","coordinates":[[12.27623,45.90952],[12.27605,45.90964],[12.27595,45.90957],[12.27596,45.90951],[12.27608,45.90942],[12.27623,45.90952]]},"properties":{}},{"type":"Feature","geometry":{"type":"LineString","coordinates":[[12.28955,45.90033],[12.27623,45.90952]]},"properties":{}},{"type":"Feature","geometry":{"type":"LineString","coordinates":[[12.279,45.53537],[12.27627,45.53392]]},"properties":{}},{"type":"Feature","geometry":{"type":"LineString","coordinates":[[12.27717,45.53644],[12.27673,45.53621],[12.27638,45.53594],[12.27616,45.53569],[12.27594,45.53527],[12.27588,45.53496],[12.2759,45.53463],[12.27607,45.53419],[12.27627,45.53392]]},"properties":{}},{"type":"Feature","geometry":{"type":"LineString","coordinates":[[12.27627,45.53392],[12.27634,45.53384]]},"properties":{}},{"type":"Feature","geometry":{"type":"LineString","coordinates":[[12.27634,45.53384],[12.27913,45.53532]]},"properties":{}},{"type":"Feature","geometry":{"type":"LineString","coordinates":[[12.27634,45.53384],[12.27652,45.53368]]},"properties":{}},{"type":"Feature","geometry":{"type":"LineString","coordinates":[[12.27652,45.53368],[12.27744,45.5341],[12.27794,45.53426],[12.27879,45.53448],[12.2791,45.5346],[12.27943,45.53481],[12.27957,45.53494],[12.27968,45.53509]]},"properties":{}},{"type":"Feature","geometry":{"type":"LineString","coordinates":[[12.27652,45.53368],[12.27705,45.53336]]},"properties":{}},{"type":"Feature","geometry":{"type":"LineString","coordinates":[[12.28108,45.87672],[12.28111,45.87668],[12.28106,45.87664],[12.28106,45.87654],[12.2807,45.87497],[12.28052,45.87469],[12.28037,45.87455],[12.2801,45.87437],[12.27984,45.87425],[12.27854,45.87393],[12.2769,45.87334]]},"properties":{}},{"type":"Feature","geometry":{"type":"LineString","coordinates":[[12.28108,45.87672],[12.28101,45.87672],[12.28098,45.87667],[12.28057,45.87665],[12.28037,45.8767],[12.28022,45.87669],[12.28006,45.87663],[12.27849,45.87651],[12.27777,45.87636],[12.27618,45.87592],[12.27408,45.87504],[12.27339,45.87454],[12.27275,45.87423],[12.27276,45.87414],[12.27284,45.87409],[12.27651,45.87386],[12.27656,45.87385],[12.2769,45.87334]]},"properties":{}},{"type":"Feature","geometry":{"type":"LineString","coordinates":[[12.27716,45.5366],[12.27704,45.53654]]},"properties":{}},{"type":"Feature","geometry":{"type":"LineString","coordinates":[[12.27704,45.53654],[12.27717,45.53644]]},"properties":{}},{"type":"Feature","geometry":{"type":"LineString","coordinates":[[12.27705,45.53336],[12.28138,45.53371]]},"properties":{}},{"type":"Feature","geometry":{"type":"LineString","coordinates":[[12.27705,45.53336],[12.27743,45.53322],[12.27787,45.53311],[12.2783,45.53307],[12.27869,45.53307],[12.27924,45.53315],[12.28138,45.53371]]},"properties":{}},{"type":"Feature","geometry":{"type":"LineString","coordinates":[[12.27821,45.53692],[12.2777,45.5368],[12.27716,45.5366]]},"properties":{}},{"type":"Feature","geometry":{"type":"LineString","coordinates":[[12.27731,45.53649],[12.27716,45.5366]]},"properties":{}},{"type":"Feature","geometry":{"type":"LineString","coordinates":[[12.27731,45.53649],[12.27717,45.53644]]},"properties":{}},{"type":"Feature","geometry":{"type":"LineString","coordinates":[[12.27717,45.53644],[12.27797,45.53591],[12.279,45.53537]]},"properties":{}},{"type":"Feature","geometry":{"type":"LineString","coordinates":[[12.27881,45.53667],[12.27795,45.53664],[12.27731,45.53649]]},"properties":{}},{"type":"Feature","geometry":{"type":"LineString","coordinates":[[12.27913,45.53544],[12.27805,45.53599],[12.27731,45.53649]]},"properties":{}},{"type":"Feature","geometry":{"type":"LineString","coordinates":[[12.28067,45.5367],[12.28014,45.53687],[12.27947,45.53698],[12.27875,45.53699],[12.27821,45.53692]]},"properties":{}},{"type":"Feature","geometry":{"type":"LineString","coordinates":[[12.27881,45.53667],[12.27821,45.53692]]},"properties":{}},{"type":"Feature","geometry":{"type":"LineString","coordinates":[[12.27975,45.53577],[12.27964,45.53601],[12.27945,45.53623],[12.27906,45.53654],[12.27881,45.53667]]},"properties":{}},{"type":"Feature","geometry":{"type":"LineString","coordinates":[[12.28067,45.5367],[12.28003,45.53664],[12.27881,45.53667]]},"properties":{}},{"type":"Feature","geometry":{"type":"LineString","coordinates":[[12.27913,45.53544],[12.279,45.53537]]},"properties":{}},{"type":"Feature","geometry":{"type":"LineString","coordinates":[[12.279,45.53537],[12.27913,45.53532]]},"properties":{}},{"type":"Feature","geometry":{"type":"LineString","coordinates":[[12.27913,45.53532],[12.27925,45.53538]]},"properties":{}},{"type":"Feature","geometry":{"type":"LineString","coordinates":[[12.27913,45.53532],[12.27968,45.53509]]},"properties":{}},{"type":"Feature","geometry":{"type":"LineString","coordinates":[[12.27975,45.53577],[12.27913,45.53544]]},"properties":{}},{"type":"Feature","geometry":{"type":"LineString","coordinates":[[12.27925,45.53538],[12.27913,45.53544]]},"properties":{}},{"type":"Feature","geometry":{"type":"LineString","coordinates":[[12.27925,45.53538],[12.27977,45.53566]]},"properties":{}},{"type":"Feature","geometry":{"type":"LineString","coordinates":[[12.27972,45.53519],[12.27925,45.53538]]},"properties":{}},{"type":"Feature","geometry":{"type":"LineString","coordinates":[[12.27968,45.53509],[12.27972,45.53519]]},"properties":{}},{"type":"Feature","geometry":{"type":"LineString","coordinates":[[12.27968,45.53509],[12.28069,45.53476],[12.2815,45.53457],[12.28231,45.53443],[12.2834,45.53431],[12.28552,45.53426],[12.28904,45.53437]]},"properties":{}},{"type":"Feature","geometry":{"type":"LineString","coordinates":[[12.27972,45.53519],[12.27978,45.53542],[12.27977,45.53566]]},"properties":{}},{"type":"Feature","geometry":{"type":"LineString","coordinates":[[12.28933,45.53448],[12.28551,45.53436],[12.28436,45.53437],[12.28339,45.53442],[12.28231,45.53453],[12.2815,45.53468],[12.28071,45.53487],[12.27972,45.53519]]},"properties":{}},{"type":"Feature","geometry":{"type":"LineString","coordinates":[[12.28113,45.5365],[12.27975,45.53577]]},"properties":{}},{"type":"Feature","geometry":{"type":"LineString","coordinates":[[12.27977,45.53566],[12.27975,45.53577]]},"properties":{}},{"type":"Feature","geometry":{"type":"LineString","coordinates":[[12.27977,45.53566],[12.28124,45.53644]]},"properties":{}},{"type":"Feature","geometry":{"type":"LineString","coordinates":[[12.28659,45.53938],[12.28583,45.53905],[12.28435,45.53828],[12.28313,45.53775],[12.28172,45.53702],[12.28128,45.53685],[12.28067,45.5367]]},"properties":{}},{"type":"Feature","geometry":{"type":"LineString","coordinates":[[12.28113,45.5365],[12.28067,45.5367]]},"properties":{}},{"type":"Feature","geometry":{"type":"LineString","coordinates":[[12.28168,45.87831],[12.28108,45.87672]]},"properties":{}},{"type":"Feature","geometry":{"type":"LineString","coordinates":[[12.28659,45.53938],[12.28113,45.5365]]},"properties":{}},{"type":"Feature","geometry":{"type":"LineString","coordinates":[[12.28124,45.53644],[12.28113,45.5365]]},"properties":{}},{"type":"Feature","geometry":{"type":"LineString","coordinates":[[12.28124,45.53644],[12.28667,45.53933]]},"properties":{}},{"type":"Feature","geometry":{"type":"LineString","coordinates":[[12.28624,45.53462],[12.28546,45.53464],[12.28483,45.5347],[12.28393,45.53488],[12.28331,45.53511],[12.28274,45.5354],[12.28124,45.53644]]},"properties":{}},{"type":"Feature","geometry":{"type":"LineString","coordinates":[[12.28138,45.53371],[12.28789,45.53419],[12.28879,45.5343],[12.28904,45.53437]]},"properties":{}},{"type":"Feature","geometry":{"type":"LineString","coordinates":[[12.28168,45.87831],[12.28179,45.87847],[12.28185,45.87851],[12.28223,45.87866]]},"properties":{}},{"type":"Feature","geometry":{"type":"LineString","coordinates":[[12.28223,45.87866],[12.28176,45.8786],[12.28172,45.87856],[12.28168,45.87831]]},"properties":{}},{"type":"Feature","geometry":{"type":"LineString","coordinates":[[12.28241,45.50456],[12.28217,45.5045]]},"properties":{}},{"type":"Feature","geometry":{"type":"LineString","coordinates":[[12.28224,45.50455],[12.28217,45.5045]]},"properties":{}},{"type":"Feature","geometry":{"type":"LineString","coordinates":[[12.28809,45.87886],[12.28588,45.87925],[12.28526,45.87918],[12.28223,45.87866]]},"properties":{}},{"type":"Feature","geometry":{"type":"LineString","coordinates":[[12.28239,45.50458],[12.28224,45.50455]]},"properties":{}},{"type":"Feature","geometry":{"type":"LineString","coordinates":[[12.28238,45.50474],[12.28224,45.50455]]},"properties":{}},{"type":"Feature","geometry":{"type":"LineString","coordinates":[[12.28245,45.50485],[12.28238,45.50474]]},"properties":{}},{"type":"Feature","geometry":{"type":"LineString","coordinates":[[12.28238,45.50474],[12.28236,45.50465],[12.28239,45.50458]]},"properties":{}},{"type":"Feature","geometry":{"type":"LineString","coordinates":[[12.28247,45.5046],[12.28239,45.50458]]},"properties":{}},{"type":"Feature","geometry":{"type":"LineString","coordinates":[[12.28239,45.50458],[12.28241,45.50456]]},"properties":{}},{"type":"Feature","geometry":{"type":"LineString","coordinates":[[12.28248,45.50457],[12.28241,45.50456]]},"properties":{}},{"type":"Feature","geometry":{"type":"LineString","coordinates":[[12.28245,45.50485],[12.28247,45.50502],[12.28241,45.50535],[12.28211,45.50662],[12.28207,45.50719],[12.2825,45.5086],[12.28253,45.50884],[12.28248,45.50964],[12.28256,45.51031],[12.28264,45.51062],[12.28296,45.51139],[12.28311,45.5121]]},"properties":{}},{"type":"Feature","geometry":{"type":"LineString","coordinates":[[12.28247,45.5046],[12.28245,45.50485]]},"properties":{}},{"type":"Feature","geometry":{"type":"LineString","coordinates":[[12.2846,45.50498],[12.28247,45.5046]]},"properties":{}},{"type":"Feature","geometry":{"type":"LineString","coordinates":[[12.28248,45.50457],[12.28247,45.5046]]},"properties":{}},{"type":"Feature","geometry":{"type":"LineString","coordinates":[[12.2826,45.5046],[12.28248,45.50457]]},"properties":{}},{"type":"Feature","geometry":{"type":"LineString","coordinates":[[12.28258,45.8746],[12.28315,45.87488],[12.28342,45.87495]]},"properties":{}},{"type":"Feature","geometry":{"type":"LineString","coordinates":[[12.28365,45.87559],[12.28353,45.87539],[12.28269,45.87473],[12.28258,45.8746]]},"properties":{}},{"type":"Feature","geometry":{"type":"LineString","coordinates":[[12.2826,45.5046],[12.28443,45.50494]]},"properties":{}},{"type":"Feature","geometry":{"type":"LineString","coordinates":[[12.2826,45.5046],[12.28261,45.50458]]},"properties":{}},{"type":"Feature","geometry":{"type":"LineString","coordinates":[[12.28297,45.6616],[12.2826,45.66153]]},"properties":{}},{"type":"Feature","geometry":{"type":"LineString","coordinates":[[12.2826,45.66153],[12.283,45.66151]]},"properties":{}},{"type":"Feature","geometry":{"type":"LineString","coordinates":[[12.28261,45.50458],[12.28484,45.50498]]},"properties":{}},{"type":"Feature","geometry":{"type":"LineString","coordinates":[[12.28261,45.50458],[12.28294,45.50398],[12.28351,45.50307]]},"properties":{}},{"type":"Feature","geometry":{"type":"LineString","coordinates":[[12.28323,45.6616],[12.28318,45.66164],[12.28308,45.66167],[12.28297,45.6616]]},"properties":{}},{"type":"Feature","geometry":{"type":"LineString","coordinates":[[12.28297,45.6616],[12.283,45.66151]]},"properties":{}},{"type":"Feature","geometry":{"type":"LineString","coordinates":[[12.283,45.66151],[12.28309,45.66148],[12.28317,45.66149]]},"properties":{}},{"type":"Feature","geometry":{"type":"LineString","coordinates":[[12.28311,45.5121],[12.28334,45.51337],[12.28347,45.51502]]},"properties":{}},{"type":"Feature","geometry":{"type":"LineString","coordinates":[[12.28317,45.66149],[12.28322,45.66154],[12.28323,45.6616]]},"properties":{}},{"type":"Feature","geometry":{"type":"LineString","coordinates":[[12.28317,45.66149],[12.28362,45.66143]]},"properties":{}},{"type":"Feature","geometry":{"type":"LineString","coordinates":[[12.28362,45.66143],[12.28338,45.66151],[12.28323,45.6616]]},"properties":{}},{"type":"Feature","geometry":{"type":"LineString","coordinates":[[12.28365,45.87559],[12.28364,45.87546],[12.28357,45.87531],[12.28336,45.87512],[12.28335,45.87506],[12.28342,45.87495]]},"properties":{}},{"type":"Feature","geometry":{"type":"LineString","coordinates":[[12.28342,45.87495],[12.28358,45.87488],[12.28367,45.87488]]},"properties":{}},{"type":"Feature","geometry":{"type":"LineString","coordinates":[[12.28347,45.51502],[12.28359,45.51511],[12.28382,45.51519],[12.28386,45.51528],[12.28378,45.51537]]},"properties":{}},{"type":"Feature","geometry":{"type":"LineString","coordinates":[[12.28354,45.51532],[12.28347,45.51511],[12.28347,45.51502]]},"properties":{}},{"type":"Feature","geometry":{"type":"LineString","coordinates":[[12.28351,45.50307],[12.28383,45.50316],[12.28407,45.50328],[12.28444,45.5034],[12.28566,45.50369],[12.2858,45.50379],[12.28578,45.50389],[12.2857,45.504],[12.28546,45.50421],[12.28538,45.50433],[12.28513,45.50502]]},"properties":{}},{"type":"Feature","geometry":{"type":"LineString","coordinates":[[12.28351,45.50307],[12.28444,45.5015],[12.28524,45.5]]},"properties":{}},{"type":"Feature","geometry":{"type":"LineString","coordinates":[[12.28378,45.51537],[12.28365,45.51538],[12.28354,45.51532]]},"properties":{}},{"type":"Feature","geometry":{"type":"LineString","coordinates":[[12.28367,45.51559],[12.28354,45.51532]]},"properties":{}},{"type":"Feature","geometry":{"type":"LineString","coordinates":[[12.28362,45.66143],[12.285,45.66131],[12.28563,45.66129],[12.28741,45.66133]]},"properties":{}},{"type":"Feature","geometry":{"type":"LineString","coordinates":[[12.28446,45.87605],[12.28409,45.87587],[12.28373,45.87591],[12.28366,45.87589],[12.28359,45.87581],[12.28364,45.87572],[12.28365,45.87559]]},"properties":{}},{"type":"Feature","geometry":{"type":"LineString","coordinates":[[12.28367,45.51559],[12.28481,45.51771],[12.28501,45.51799],[12.2854,45.51842],[12.28582,45.51946],[12.28598,45.51972],[12.28618,45.51998],[12.28739,45.52115],[12.28877,45.52265],[12.28912,45.52297],[12.28988,45.5235],[12.29274,45.52529],[12.2933,45.52551],[12.29522,45.52599],[12.2955,45.52603],[12.29666,45.52606],[12.29868,45.52629],[12.2998,45.52647],[12.30035,45.52647],[12.30153,45.52629],[12.30342,45.52619],[12.30371,45.52623],[12.30397,45.52636],[12.30407,45.52651],[12.30413,45.52668],[12.30427,45.52738],[12.30427,45.52755],[12.30416,45.52823],[12.30404,45.52884],[12.30389,45.52938],[12.30277,45.53331]]},"properties":{}},{"type":"Feature","geometry":{"type":"LineString","coordinates":[[12.28378,45.51537],[12.28367,45.51559]]},"properties":{}},{"type":"Feature","geometry":{"type":"LineString","coordinates":[[12.28367,45.87488],[12.28381,45.87493]]},"properties":{}},{"type":"Feature","geometry":{"type":"LineString","coordinates":[[12.28367,45.87488],[12.28387,45.87474]]},"properties":{}},{"type":"Feature","geometry":{"type":"LineString","coordinates":[[12.28381,45.87493],[12.2839,45.87503],[12.2839,45.8751],[12.28387,45.87516],[12.28376,45.87524],[12.28372,45.87542],[12.28382,45.87571],[12.28389,45.87577],[12.28426,45.87587],[12.28446,45.87605]]},"properties":{}},{"type":"Feature","geometry":{"type":"LineString","coordinates":[[12.28387,45.87474],[12.28381,45.87493]]},"properties":{}},{"type":"Feature","geometry":{"type":"LineString","coordinates":[[12.28387,45.87474],[12.28556,45.87257],[12.28647,45.87126],[12.28671,45.87107],[12.28704,45.87094],[12.28677,45.87039],[12.2865,45.87046]]},"properties":{}},{"type":"Feature","geometry":{"type":"LineString","coordinates":[[12.28437,45.61153],[12.28423,45.61134],[12.28414,45.61114],[12.28414,45.61107],[12.28419,45.61104],[12.28431,45.61103],[12.28438,45.61109],[12.28438,45.61114],[12.28433,45.61118],[12.28437,45.61153]]},"properties":{}},{"type":"Feature","geometry":{"type":"LineString","coordinates":[[12.28443,45.50494],[12.28484,45.50498]]},"properties":{}},{"type":"Feature","geometry":{"type":"LineString","coordinates":[[12.2846,45.50498],[12.28443,45.50494]]},"properties":{}},{"type":"Feature","geometry":{"type":"LineString","coordinates":[[12.28809,45.87886],[12.28774,45.87854],[12.28446,45.87605]]},"properties":{}},{"type":"Feature","geometry":{"type":"LineString","coordinates":[[12.28508,45.50504],[12.2846,45.50498]]},"properties":{}},{"type":"Feature","geometry":{"type":"LineString","coordinates":[[12.28477,45.50502],[12.2846,45.50498]]},"properties":{}},{"type":"Feature","geometry":{"type":"LineString","coordinates":[[12.28508,45.50504],[12.28477,45.50502]]},"properties":{}},{"type":"Feature","geometry":{"type":"LineString","coordinates":[[12.28865,45.50522],[12.28759,45.50536],[12.28648,45.50534],[12.28594,45.50526],[12.28477,45.50502]]},"properties":{}},{"type":"Feature","geometry":{"type":"LineString","coordinates":[[12.28484,45.50498],[12.28513,45.50502]]},"properties":{}},{"type":"Feature","geometry":{"type":"LineString","coordinates":[[12.28484,45.50498],[12.28513,45.50502]]},"properties":{}},{"type":"Feature","geometry":{"type":"LineString","coordinates":[[12.28865,45.50522],[12.2875,45.50533],[12.28662,45.50531],[12.28577,45.50518],[12.28508,45.50504]]},"properties":{}},{"type":"Feature","geometry":{"type":"LineString","coordinates":[[12.28513,45.50502],[12.28508,45.50504]]},"properties":{}},{"type":"Feature","geometry":{"type":"LineString","coordinates":[[12.28513,45.50502],[12.28525,45.50504]]},"properties":{}},{"type":"Feature","geometry":{"type":"LineString","coordinates":[[12.28513,45.50502],[12.28513,45.50502]]},"properties":{}},{"type":"Feature","geometry":{"type":"LineString","coordinates":[[12.28513,45.50502],[12.28525,45.50504]]},"properties":{}},{"type":"Feature","geometry":{"type":"LineString","coordinates":[[12.28525,45.50504],[12.28672,45.50528]]},"properties":{}},{"type":"Feature","geometry":{"type":"LineString","coordinates":[[12.28525,45.50504],[12.28589,45.50517],[12.28672,45.50528]]},"properties":{}},{"type":"Feature","geometry":{"type":"LineString","coordinates":[[12.29104,45.89203],[12.2897,45.89309],[12.28942,45.89337],[12.28908,45.89387],[12.28879,45.89436],[12.28856,45.89488],[12.28842,45.89495],[12.28796,45.89509],[12.28737,45.8955],[12.28558,45.89638],[12.28547,45.89627]]},"properties":{}},{"type":"Feature","geometry":{"type":"LineString","coordinates":[[12.28547,45.89627],[12.28537,45.8963],[12.28549,45.89622],[12.28554,45.89623],[12.28547,45.89627]]},"properties":{}},{"type":"Feature","geometry":{"type":"LineString","coordinates":[[12.28657,45.96263],[12.28672,45.96208],[12.28672,45.96186],[12.28668,45.96166],[12.28655,45.96152],[12.28643,45.96145],[12.28597,45.96137]]},"properties":{}},{"type":"Feature","geometry":{"type":"LineString","coordinates":[[12.28597,45.96137],[12.28584,45.9614],[12.28564,45.96156],[12.28559,45.96168],[12.28558,45.96191],[12.28577,45.9622],[12.28647,45.96283]]},"properties":{}},{"type":"Feature","geometry":{"type":"LineString","coordinates":[[12.28597,45.96137],[12.28681,45.96127],[12.28722,45.96117],[12.28743,45.96107],[12.28827,45.96052]]},"properties":{}},{"type":"Feature","geometry":{"type":"LineString","coordinates":[[12.28658,45.96292],[12.28642,45.96329],[12.28618,45.964],[12.28607,45.96477],[12.28606,45.96514]]},"properties":{}},{"type":"Feature","geometry":{"type":"LineString","coordinates":[[12.28793,45.96406],[12.28718,45.96384],[12.28696,45.96385],[12.28674,45.96392],[12.28653,45.96406],[12.28633,45.96429],[12.28614,45.96478],[12.28606,45.96514]]},"properties":{}},{"type":"Feature","geometry":{"type":"LineString","coordinates":[[12.28624,45.53462],[12.28524,45.53474],[12.28445,45.53489],[12.28403,45.53503],[12.28373,45.53517],[12.28345,45.53537],[12.2832,45.53562],[12.28303,45.53587],[12.28293,45.53616],[12.28291,45.53653],[12.28302,45.5369],[12.28317,45.53715],[12.2834,45.53738],[12.28387,45.5377],[12.28517,45.53839],[12.28604,45.53891],[12.28667,45.53933]]},"properties":{}},{"type":"Feature","geometry":{"type":"LineString","coordinates":[[12.28933,45.53448],[12.28901,45.53453],[12.28624,45.53462]]},"properties":{}},{"type":"Feature","geometry":{"type":"LineString","coordinates":[[12.28647,45.96283],[12.28658,45.96292]]},"properties":{}},{"type":"Feature","geometry":{"type":"LineString","coordinates":[[12.28647,45.96283],[12.28657,45.96263]]},"properties":{}},{"type":"Feature","geometry":{"type":"LineString","coordinates":[[12.2865,45.87046],[12.2866,45.87066],[12.28631,45.87073],[12.28621,45.87053],[12.2865,45.87046]]},"properties":{}},{"type":"Feature","geometry":{"type":"LineString","coordinates":[[12.28657,45.96263],[12.28719,45.96169],[12.28755,45.96126],[12.28827,45.96052]]},"properties":{}},{"type":"Feature","geometry":{"type":"LineString","coordinates":[[12.28658,45.96292],[12.2874,45.96366],[12.28793,45.96406]]},"properties":{}},{"type":"Feature","geometry":{"type":"LineString","coordinates":[[12.28904,45.95993],[12.28768,45.96131],[12.28732,45.96173],[12.28702,45.96213],[12.2867,45.96267],[12.28658,45.96292]]},"properties":{}},{"type":"Feature","geometry":{"type":"LineString","coordinates":[[12.30699,45.55085],[12.3047,45.54926],[12.30163,45.5474],[12.29715,45.54497],[12.28659,45.53938]]},"properties":{}},{"type":"Feature","geometry":{"type":"LineString","coordinates":[[12.28667,45.53933],[12.30165,45.54728],[12.30478,45.54921],[12.30708,45.55078]]},"properties":{}},{"type":"Feature","geometry":{"type":"LineString","coordinates":[[12.28672,45.50528],[12.28749,45.50529],[12.28838,45.50522]]},"properties":{}},{"type":"Feature","geometry":{"type":"LineString","coordinates":[[12.28672,45.50528],[12.2875,45.5053],[12.28838,45.50522]]},"properties":{}},{"type":"Feature","geometry":{"type":"LineString","coordinates":[[12.28741,45.66133],[12.29159,45.66145]]},"properties":{}},{"type":"Feature","geometry":{"type":"LineString","coordinates":[[12.28793,45.96406],[12.28848,45.96441],[12.28889,45.96472]]},"properties":{}},{"type":"Feature","geometry":{"type":"LineString","coordinates":[[12.28904,45.95993],[12.28878,45.96028],[12.28785,45.96127],[12.28747,45.96194],[12.28734,45.96231],[12.28729,45.9626],[12.28728,45.96297],[12.28734,45.96322],[12.28754,45.9636],[12.28793,45.96406]]},"properties":{}},{"type":"Feature","geometry":{"type":"LineString","coordinates":[[12.29229,45.88201],[12.28821,45.87891],[12.28809,45.87886]]},"properties":{}},{"type":"Feature","geometry":{"type":"LineString","coordinates":[[12.28827,45.96052],[12.29047,45.95832]]},"properties":{}},{"type":"Feature","geometry":{"type":"LineString","coordinates":[[12.28838,45.50522],[12.28908,45.50513],[12.28965,45.50502]]},"properties":{}},{"type":"Feature","geometry":{"type":"LineString","coordinates":[[12.28838,45.50522],[12.28903,45.50516]]},"properties":{}},{"type":"Feature","geometry":{"type":"LineString","coordinates":[[12.2885,45.96628],[12.28842,45.9665],[12.28844,45.96666],[12.28855,45.96686],[12.28868,45.96702]]},"properties":{}},{"type":"Feature","geometry":{"type":"LineString","coordinates":[[12.28868,45.96702],[12.28831,45.96679],[12.28816,45.96674],[12.2881,45.96667],[12.28811,45.96658],[12.28833,45.96646],[12.2885,45.96628]]},"properties":{}},{"type":"Feature","geometry":{"type":"LineString","coordinates":[[12.28915,45.9654],[12.2885,45.96628]]},"properties":{}},{"type":"Feature","geometry":{"type":"LineString","coordinates":[[12.28903,45.50516],[12.28865,45.50522]]},"properties":{}},{"type":"Feature","geometry":{"type":"LineString","coordinates":[[12.29092,45.50593],[12.29051,45.50593],[12.29036,45.50587],[12.29033,45.50579],[12.29028,45.50506],[12.29017,45.50497],[12.29003,45.50496],[12.28927,45.50513],[12.28865,45.50522]]},"properties":{}},{"type":"Feature","geometry":{"type":"LineString","coordinates":[[12.28868,45.96702],[12.291,45.96865],[12.2949,45.97045],[12.29687,45.97132]]},"properties":{}},{"type":"Feature","geometry":{"type":"LineString","coordinates":[[12.28889,45.96472],[12.28922,45.96481]]},"properties":{}},{"type":"Feature","geometry":{"type":"LineString","coordinates":[[12.28914,45.96493],[12.28889,45.96472]]},"properties":{}},{"type":"Feature","geometry":{"type":"LineString","coordinates":[[12.28903,45.50516],[12.28965,45.50502]]},"properties":{}},{"type":"Feature","geometry":{"type":"LineString","coordinates":[[12.28904,45.53437],[12.29326,45.5345],[12.2966,45.53451],[12.29844,45.53448],[12.30142,45.5343]]},"properties":{}},{"type":"Feature","geometry":{"type":"LineString","coordinates":[[12.2905,45.95845],[12.28904,45.95993]]},"properties":{}},{"type":"Feature","geometry":{"type":"LineString","coordinates":[[12.28915,45.96498],[12.28914,45.96493]]},"properties":{}},{"type":"Feature","geometry":{"type":"LineString","coordinates":[[12.28914,45.96493],[12.28922,45.96481]]},"properties":{}},{"type":"Feature","geometry":{"type":"LineString","coordinates":[[12.28941,45.96508],[12.28924,45.96506],[12.28915,45.96498]]},"properties":{}},{"type":"Feature","geometry":{"type":"LineString","coordinates":[[12.28915,45.9654],[12.2892,45.96523],[12.28915,45.96498]]},"properties":{}},{"type":"Feature","geometry":{"type":"LineString","coordinates":[[12.28941,45.96508],[12.28915,45.9654]]},"properties":{}},{"type":"Feature","geometry":{"type":"LineString","coordinates":[[12.28922,45.96481],[12.28935,45.96478]]},"properties":{}},{"type":"Feature","geometry":{"type":"LineString","coordinates":[[12.30142,45.5344],[12.29946,45.53453],[12.29701,45.53461],[12.29297,45.5346],[12.28933,45.53448]]},"properties":{}},{"type":"Feature","geometry":{"type":"LineString","coordinates":[[12.28935,45.96478],[12.28948,45.9648],[12.28958,45.96491]]},"properties":{}},{"type":"Feature","geometry":{"type":"LineString","coordinates":[[12.28935,45.96478],[12.2896,45.9647],[12.28975,45.96461]]},"properties":{}},{"type":"Feature","geometry":{"type":"LineString","coordinates":[[12.28958,45.96491],[12.28953,45.96503],[12.28941,45.96508]]},"properties":{}},{"type":"Feature","geometry":{"type":"LineString","coordinates":[[12.28955,45.90033],[12.28996,45.90002],[12.29042,45.89972]]},"properties":{}},{"type":"Feature","geometry":{"type":"LineString","coordinates":[[12.29042,45.89972],[12.29028,45.89994],[12.29022,45.90009],[12.29014,45.90016],[12.28979,45.90021],[12.28955,45.90033]]},"properties":{}},{"type":"Feature","geometry":{"type":"LineString","coordinates":[[12.28975,45.96461],[12.28962,45.96478],[12.28958,45.96491]]},"properties":{}},{"type":"Feature","geometry":{"type":"LineString","coordinates":[[12.29122,45.58068],[12.29085,45.58039],[12.29029,45.58003],[12.28963,45.57967]]},"properties":{}},{"type":"Feature","geometry":{"type":"LineString","coordinates":[[12.29452,45.58621],[12.29362,45.58667],[12.29332,45.5869],[12.2931,45.58719],[12.29301,45.58777],[12.29303,45.58816],[12.29301,45.58851],[12.29285,45.58879],[12.29271,45.5889],[12.29232,45.58905],[12.29203,45.58908],[12.29169,45.58909],[12.29141,45.58905],[12.29119,45.58899],[12.29075,45.58878],[12.29046,45.58852],[12.29033,45.5883],[12.2902,45.58797],[12.2893,45.58508],[12.28913,45.58438],[12.28846,45.58206],[12.28847,45.58152],[12.28857,45.58112],[12.28868,45.58084],[12.28888,45.58044],[12.28918,45.58009],[12.28963,45.57967]]},"properties":{}},{"type":"Feature","geometry":{"type":"LineString","coordinates":[[12.28963,45.57967],[12.28977,45.57954]]},"properties":{}},{"type":"Feature","geometry":{"type":"LineString","coordinates":[[12.28965,45.50502],[12.29053,45.50452]]},"properties":{}},{"type":"Feature","geometry":{"type":"LineString","coordinates":[[12.28965,45.50502],[12.29012,45.50491],[12.29026,45.50495],[12.29033,45.50505],[12.29038,45.5058],[12.29051,45.50589],[12.29091,45.50589]]},"properties":{}},{"type":"Feature","geometry":{"type":"LineString","coordinates":[[12.28975,45.96461],[12.29033,45.96391],[12.29044,45.96371],[12.29055,45.96333],[12.29069,45.96229],[12.29074,45.96208],[12.29106,45.96146],[12.29109,45.96132],[12.29107,45.96099],[12.29069,45.95963],[12.2905,45.95845]]},"properties":{}},{"type":"Feature","geometry":{"type":"LineString","coordinates":[[12.28977,45.57954],[12.2904,45.57993],[12.29134,45.58059],[12.29242,45.5815]]},"properties":{}},{"type":"Feature","geometry":{"type":"LineString","coordinates":[[12.28977,45.57954],[12.29035,45.57898],[12.29074,45.57878],[12.2911,45.57872],[12.29141,45.57875],[12.29157,45.57881],[12.29186,45.57899],[12.29203,45.57923],[12.29208,45.57944],[12.29207,45.57959],[12.29189,45.58031],[12.29188,45.58053],[12.29191,45.58074],[12.29211,45.58112],[12.29242,45.5815]]},"properties":{}},{"type":"Feature","geometry":{"type":"LineString","coordinates":[[12.28998,45.99983],[12.29002,46.0]]},"properties":{}},{"type":"Feature","geometry":{"type":"LineString","coordinates":[[12.28998,45.99983],[12.28976,45.99912],[12.28997,45.99872],[12.2902,45.99801],[12.29029,45.99755],[12.29057,45.99716],[12.29113,45.99671]]},"properties":{}},{"type":"Feature","geometry":{"type":"LineString","coordinates":[[12.29113,45.99671],[12.2911,45.99681],[12.29115,45.99687],[12.29164,45.99712],[12.29183,45.99718],[12.29221,45.99723],[12.29243,45.99732],[12.29131,45.99805],[12.29098,45.99967],[12.29031,45.99943],[12.29006,45.99965],[12.28998,45.99983]]},"properties":{}},{"type":"Feature","geometry":{"type":"LineString","coordinates":[[12.29047,45.95832],[12.29038,45.95786],[12.2904,45.9576],[12.2906,45.95662],[12.2906,45.95633],[12.29023,45.95458],[12.29021,45.95423],[12.29043,45.95216],[12.2913,45.94982],[12.29046,45.94967],[12.29024,45.94958],[12.29007,45.94947]]},"properties":{}},{"type":"Feature","geometry":{"type":"LineString","coordinates":[[12.29755,45.89309],[12.29528,45.89599],[12.29456,45.89674],[12.29374,45.89742],[12.29042,45.89972]]},"properties":{}},{"type":"Feature","geometry":{"type":"LineString","coordinates":[[12.2905,45.95845],[12.29047,45.95832]]},"properties":{}},{"type":"Feature","geometry":{"type":"LineString","coordinates":[[12.29047,45.95832],[12.29103,45.95767],[12.2915,45.95695],[12.29273,45.95438],[12.29305,45.95381],[12.29352,45.95313],[12.29423,45.9523],[12.29486,45.9517],[12.29685,45.95004],[12.29774,45.94909],[12.29815,45.94855],[12.2997,45.94605],[12.30018,45.94539],[12.30098,45.94444],[12.30171,45.9437],[12.30248,45.94301],[12.30311,45.94252],[12.30712,45.93972],[12.30831,45.93886],[12.30894,45.93836],[12.30958,45.93784],[12.31121,45.93638],[12.31173,45.93589],[12.31208,45.93545],[12.31239,45.93499],[12.31261,45.93455],[12.3129,45.93356],[12.31292,45.93226],[12.31279,45.9282],[12.31282,45.92709],[12.3129,45.92666],[12.3131,45.92604],[12.31336,45.92556],[12.31376,45.92498],[12.31472,45.92396],[12.31557,45.92339],[12.3165,45.92292],[12.3173,45.92264],[12.31831,45.92235],[12.32043,45.92181]]},"properties":{}},{"type":"Feature","geometry":{"type":"LineString","coordinates":[[12.32044,45.92195],[12.31838,45.92246],[12.31738,45.92276],[12.31662,45.92304],[12.31573,45.9235],[12.31488,45.92405],[12.31394,45.92505],[12.31351,45.92564],[12.31326,45.92614],[12.31309,45.92661],[12.31298,45.92717],[12.31296,45.92827],[12.3131,45.93226],[12.31309,45.93325],[12.31299,45.93388],[12.31275,45.93458],[12.31252,45.93503],[12.31223,45.93549],[12.31187,45.93594],[12.31135,45.93645],[12.30906,45.93841],[12.30771,45.93945],[12.3032,45.9426],[12.30258,45.9431],[12.30185,45.94374],[12.30112,45.94448],[12.30031,45.94544],[12.29982,45.9461],[12.29939,45.94678],[12.29868,45.94798],[12.29788,45.94913],[12.29745,45.94962],[12.29697,45.95009],[12.29496,45.95178],[12.29435,45.95237],[12.29364,45.95319],[12.29332,45.95364],[12.29303,45.95413],[12.29188,45.95652],[12.29143,45.95735],[12.29115,45.95773],[12.2905,45.95845]]},"properties":{}},{"type":"Feature","geometry":{"type":"LineString","coordinates":[[12.29053,45.50452],[12.29059,45.50444],[12.29112,45.50414],[12.29117,45.50405],[12.29127,45.50397],[12.29147,45.50395],[12.29197,45.50404]]},"properties":{}},{"type":"Feature","geometry":{"type":"LineString","coordinates":[[12.29197,45.50404],[12.29177,45.50409],[12.29164,45.50416],[12.29159,45.50423],[12.29143,45.5043],[12.29122,45.50425],[12.29102,45.50427],[12.29053,45.50452]]},"properties":{}},{"type":"Feature","geometry":{"type":"LineString","coordinates":[[12.29104,45.89203],[12.29081,45.89164],[12.29074,45.89135],[12.2908,45.891],[12.29116,45.89053],[12.29115,45.89042],[12.29108,45.89035],[12.29093,45.89031],[12.29072,45.89034],[12.29039,45.89055],[12.29012,45.89066],[12.28986,45.8907],[12.28916,45.89071],[12.28856,45.89089],[12.28833,45.89088],[12.28816,45.89077],[12.28817,45.89062],[12.28828,45.89048],[12.28856,45.89031],[12.28859,45.89023],[12.28859,45.89011],[12.28855,45.89],[12.28816,45.88959],[12.28793,45.88949],[12.28759,45.88952],[12.28716,45.88974],[12.2868,45.89012],[12.28665,45.89016],[12.28649,45.89015],[12.28634,45.89006],[12.2863,45.88992],[12.28659,45.88923],[12.28665,45.88912],[12.28684,45.88902],[12.28842,45.88848],[12.289,45.8882],[12.29194,45.88612],[12.29232,45.8858],[12.29294,45.88463],[12.29377,45.88472],[12.29405,45.88467],[12.29404,45.88461],[12.2941,45.88454],[12.29435,45.88448]]},"properties":{}},{"type":"Feature","geometry":{"type":"LineString","coordinates":[[12.2977,45.89277],[12.29706,45.89252],[12.29694,45.89243],[12.29674,45.89216],[12.29647,45.89207],[12.29619,45.89213],[12.29522,45.89271],[12.29501,45.89271],[12.29488,45.89264],[12.29482,45.89256],[12.29481,45.89247],[12.29511,45.89212],[12.29513,45.89203],[12.2951,45.89168],[12.29515,45.89153],[12.2954,45.89135],[12.2959,45.89126],[12.296,45.89121],[12.29606,45.89113],[12.29605,45.89106],[12.29595,45.89097],[12.29587,45.89096],[12.29512,45.89115],[12.29421,45.89133],[12.29233,45.89177],[12.2915,45.89189],[12.29104,45.89203]]},"properties":{}},{"type":"Feature","geometry":{"type":"LineString","coordinates":[[12.29505,45.98989],[12.29351,45.99342],[12.29349,45.99359],[12.29343,45.99374],[12.29281,45.99455],[12.29197,45.9959],[12.29151,45.99639],[12.29113,45.99671]]},"properties":{}},{"type":"Feature","geometry":{"type":"LineString","coordinates":[[12.29448,45.58597],[12.29422,45.58474],[12.29382,45.58377],[12.29351,45.58318],[12.29304,45.58247],[12.29274,45.58213],[12.29183,45.58121],[12.29122,45.58068]]},"properties":{}},{"type":"Feature","geometry":{"type":"LineString","coordinates":[[12.29122,45.58068],[12.29075,45.58046],[12.29029,45.58029],[12.28994,45.58025],[12.28963,45.58029],[12.28926,45.58042],[12.28899,45.58064],[12.28878,45.58089],[12.28866,45.58113],[12.28858,45.5814],[12.28854,45.58187],[12.28862,45.58239],[12.28942,45.58506],[12.28967,45.58583],[12.28996,45.58647],[12.29018,45.58675],[12.29048,45.58695],[12.29068,45.58703],[12.29111,45.58713],[12.29159,45.58714],[12.29183,45.58711],[12.29313,45.58662],[12.29448,45.58597]]},"properties":{}},{"type":"Feature","geometry":{"type":"LineString","coordinates":[[12.29205,45.66156],[12.29194,45.6615],[12.29159,45.66145]]},"properties":{}},{"type":"Feature","geometry":{"type":"LineString","coordinates":[[12.29159,45.66145],[12.29208,45.66141]]},"properties":{}},{"type":"Feature","geometry":{"type":"LineString","coordinates":[[12.29197,45.50404],[12.29277,45.50403],[12.2938,45.50392],[12.2945,45.50381],[12.29683,45.50336],[12.30056,45.50339],[12.3016,45.50351],[12.30212,45.5036],[12.30241,45.50369],[12.3028,45.50393],[12.30331,45.50451],[12.30348,45.50462],[12.30374,45.50474],[12.30412,45.50482],[12.30578,45.5051],[12.30618,45.50513],[12.31995,45.50398],[12.32097,45.50388],[12.32196,45.50374],[12.32311,45.50374],[12.32462,45.50369],[12.32599,45.50355]]},"properties":{}},{"type":"Feature","geometry":{"type":"LineString","coordinates":[[12.29243,45.66158],[12.29235,45.66164],[12.29223,45.66165],[12.29214,45.66163],[12.29205,45.66156]]},"properties":{}},{"type":"Feature","geometry":{"type":"LineString","coordinates":[[12.29205,45.66156],[12.29204,45.66149],[12.29208,45.66141]]},"properties":{}},{"type":"Feature","geometry":{"type":"LineString","coordinates":[[12.29208,45.66141],[12.29217,45.66137]]},"properties":{}},{"type":"Feature","geometry":{"type":"LineString","coordinates":[[12.29217,45.66137],[12.29258,45.66035],[12.29356,45.65837],[12.29378,45.6578],[12.2941,45.65723],[12.29592,45.65382],[12.29594,45.65358],[12.29583,45.65339],[12.29586,45.6533],[12.29595,45.65327],[12.29607,45.65331],[12.29657,45.6533],[12.29906,45.65311],[12.2996,45.65316],[12.29997,45.65329],[12.30058,45.65355],[12.3008,45.65361],[12.3018,45.65361],[12.30239,45.65359],[12.30265,45.65354]]},"properties":{}},{"type":"Feature","geometry":{"type":"LineString","coordinates":[[12.29217,45.66137],[12.29231,45.66137],[12.29241,45.66141]]},"properties":{}},{"type":"Feature","geometry":{"type":"LineString","coordinates":[[12.29229,45.88201],[12.29254,45.88214],[12.29265,45.88216]]},"properties":{}},{"type":"Feature","geometry":{"type":"LineString","coordinates":[[12.29258,45.88227],[12.29238,45.88213],[12.29229,45.88201]]},"properties":{}},{"type":"Feature","geometry":{"type":"LineString","coordinates":[[12.29241,45.66141],[12.29274,45.66147]]},"properties":{}},{"type":"Feature","geometry":{"type":"LineString","coordinates":[[12.29241,45.66141],[12.29246,45.66149],[12.29243,45.66158]]},"properties":{}},{"type":"Feature","geometry":{"type":"LineString","coordinates":[[12.29242,45.5815],[12.29322,45.58242],[12.29369,45.58315],[12.29395,45.58363],[12.29444,45.58475],[12.29468,45.58586]]},"properties":{}},{"type":"Feature","geometry":{"type":"LineString","coordinates":[[12.29274,45.66147],[12.29243,45.66158]]},"properties":{}},{"type":"Feature","geometry":{"type":"LineString","coordinates":[[12.29272,45.88235],[12.29263,45.88233],[12.29258,45.88227]]},"properties":{}},{"type":"Feature","geometry":{"type":"LineString","coordinates":[[12.29258,45.88227],[12.29258,45.88221],[12.29265,45.88216]]},"properties":{}},{"type":"Feature","geometry":{"type":"LineString","coordinates":[[12.29265,45.88216],[12.29272,45.88214]]},"properties":{}},{"type":"Feature","geometry":{"type":"LineString","coordinates":[[12.29272,45.88214],[12.29282,45.88217]]},"properties":{}},{"type":"Feature","geometry":{"type":"LineString","coordinates":[[12.29272,45.88214],[12.29287,45.88178]]},"properties":{}},{"type":"Feature","geometry":{"type":"LineString","coordinates":[[12.29334,45.8831],[12.29272,45.88235]]},"properties":{}},{"type":"Feature","geometry":{"type":"LineString","coordinates":[[12.29287,45.88223],[12.29284,45.88231],[12.29272,45.88235]]},"properties":{}},{"type":"Feature","geometry":{"type":"LineString","coordinates":[[12.29274,45.66147],[12.29443,45.66154],[12.29466,45.66139]]},"properties":{}},{"type":"Feature","geometry":{"type":"LineString","coordinates":[[12.29282,45.88217],[12.29287,45.88223]]},"properties":{}},{"type":"Feature","geometry":{"type":"LineString","coordinates":[[12.29283,45.88202],[12.29282,45.88217]]},"properties":{}},{"type":"Feature","geometry":{"type":"LineString","coordinates":[[12.29283,45.88202],[12.29286,45.88209],[12.29297,45.88215],[12.29346,45.88226]]},"properties":{}},{"type":"Feature","geometry":{"type":"LineString","coordinates":[[12.29287,45.88178],[12.29283,45.88202]]},"properties":{}},{"type":"Feature","geometry":{"type":"LineString","coordinates":[[12.29287,45.65289],[12.2973,45.65146],[12.29831,45.65119],[12.29957,45.65098],[12.30316,45.65059]]},"properties":{}},{"type":"Feature","geometry":{"type":"LineString","coordinates":[[12.29287,45.88178],[12.293,45.88155],[12.29357,45.88101],[12.29381,45.88061],[12.29384,45.88036],[12.2937,45.87985]]},"properties":{}},{"type":"Feature","geometry":{"type":"LineString","coordinates":[[12.29287,45.88223],[12.29312,45.88222],[12.29346,45.88226]]},"properties":{}},{"type":"Feature","geometry":{"type":"LineString","coordinates":[[12.29345,45.88324],[12.29334,45.8831]]},"properties":{}},{"type":"Feature","geometry":{"type":"LineString","coordinates":[[12.29334,45.8831],[12.29416,45.88272]]},"properties":{}},{"type":"Feature","geometry":{"type":"LineString","coordinates":[[12.29392,45.88377],[12.29386,45.88358],[12.2936,45.88329],[12.29345,45.88324]]},"properties":{}},{"type":"Feature","geometry":{"type":"LineString","coordinates":[[12.29392,45.88377],[12.29345,45.88324]]},"properties":{}},{"type":"Feature","geometry":{"type":"LineString","coordinates":[[12.29346,45.88226],[12.29379,45.88242],[12.29416,45.88272]]},"properties":{}},{"type":"Feature","geometry":{"type":"LineString","coordinates":[[12.29365,45.87959],[12.29398,45.87967]]},"properties":{}},{"type":"Feature","geometry":{"type":"LineString","coordinates":[[12.2937,45.87985],[12.29365,45.87959]]},"properties":{}},{"type":"Feature","geometry":{"type":"LineString","coordinates":[[12.29365,45.87959],[12.29369,45.87708],[12.29373,45.87641]]},"properties":{}},{"type":"Feature","geometry":{"type":"LineString","coordinates":[[12.29398,45.87967],[12.29377,45.87974],[12.2937,45.87985]]},"properties":{}},{"type":"Feature","geometry":{"type":"LineString","coordinates":[[12.29373,45.87641],[12.29383,45.87607],[12.29379,45.87592],[12.29381,45.87581],[12.29399,45.87572],[12.29421,45.87542]]},"properties":{}},{"type":"Feature","geometry":{"type":"LineString","coordinates":[[12.29421,45.87542],[12.29419,45.87561],[12.29427,45.87587],[12.29425,45.87596],[12.29418,45.87602],[12.29393,45.87613],[12.29373,45.87641]]},"properties":{}},{"type":"Feature","geometry":{"type":"LineString","coordinates":[[12.29435,45.88448],[12.29421,45.88411],[12.29392,45.88377]]},"properties":{}},{"type":"Feature","geometry":{"type":"LineString","coordinates":[[12.29398,45.87967],[12.29535,45.87996]]},"properties":{}},{"type":"Feature","geometry":{"type":"LineString","coordinates":[[12.29416,45.88272],[12.29501,45.88344],[12.2954,45.88398]]},"properties":{}},{"type":"Feature","geometry":{"type":"LineString","coordinates":[[12.29431,45.87523],[12.29421,45.87542]]},"properties":{}},{"type":"Feature","geometry":{"type":"LineString","coordinates":[[12.29431,45.87523],[12.2957,45.8756],[12.29668,45.87566],[12.29799,45.87592],[12.29898,45.876],[12.29871,45.87412],[12.29869,45.87377],[12.29872,45.87346],[12.29881,45.87304],[12.29888,45.87288],[12.29895,45.87286],[12.29897,45.87282],[12.29893,45.87279],[12.29885,45.87281],[12.29856,45.87274],[12.29827,45.87272],[12.29702,45.87275],[12.29674,45.87268],[12.296,45.87241],[12.29497,45.87419],[12.29431,45.87523]]},"properties":{}},{"type":"Feature","geometry":{"type":"LineString","coordinates":[[12.2978,45.88617],[12.29722,45.88601],[12.29594,45.88577],[12.29553,45.88561],[12.29514,45.88516],[12.29445,45.88462],[12.29435,45.88448]]},"properties":{}},{"type":"Feature","geometry":{"type":"LineString","coordinates":[[12.29452,45.58621],[12.29448,45.58597]]},"properties":{}},{"type":"Feature","geometry":{"type":"LineString","coordinates":[[12.29448,45.58597],[12.29468,45.58586]]},"properties":{}},{"type":"Feature","geometry":{"type":"LineString","coordinates":[[12.31487,45.64005],[12.31421,45.63889],[12.31227,45.63562],[12.31175,45.63481],[12.31112,45.63393],[12.31023,45.63278],[12.30944,45.6319],[12.30826,45.63067],[12.30575,45.62831],[12.30491,45.62742],[12.30446,45.62683],[12.30366,45.62567],[12.30331,45.62505],[12.30297,45.62433],[12.30266,45.62354],[12.29989,45.61615],[12.29876,45.61279],[12.29845,45.61148],[12.2982,45.6103],[12.29801,45.60909],[12.29536,45.59175],[12.29508,45.59018],[12.29488,45.58834],[12.29452,45.58621]]},"properties":{}},{"type":"Feature","geometry":{"type":"LineString","coordinates":[[12.29473,45.5861],[12.29452,45.58621]]},"properties":{}},{"type":"Feature","geometry":{"type":"LineString","coordinates":[[12.29468,45.97712],[12.29498,45.97749],[12.29533,45.97804],[12.29595,45.97875],[12.29605,45.97883]]},"properties":{}},{"type":"Feature","geometry":{"type":"LineString","coordinates":[[12.29687,45.97132],[12.29679,45.97144],[12.29613,45.97209],[12.2959,45.9726],[12.29432,45.97419],[12.29413,45.97479],[12.29391,45.97521],[12.29352,45.97581],[12.29349,45.97623],[12.29337,45.9765],[12.29339,45.97657],[12.29406,45.97688],[12.29438,45.97696],[12.29468,45.97712]]},"properties":{}},{"type":"Feature","geometry":{"type":"LineString","coordinates":[[12.29468,45.97712],[12.29589,45.97624],[12.298,45.97706],[12.29991,45.97788]]},"properties":{}},{"type":"Feature","geometry":{"type":"LineString","coordinates":[[12.29468,45.58586],[12.29473,45.5861]]},"properties":{}},{"type":"Feature","geometry":{"type":"LineString","coordinates":[[12.29468,45.58586],[12.30098,45.58242],[12.30305,45.58136],[12.30494,45.58055],[12.30684,45.57988],[12.30783,45.57958],[12.30991,45.57903],[12.33145,45.57391],[12.33329,45.57352],[12.33476,45.57331],[12.33679,45.57316],[12.33855,45.57317],[12.33986,45.57326],[12.34071,45.57336]]},"properties":{}},{"type":"Feature","geometry":{"type":"LineString","coordinates":[[12.29473,45.5861],[12.29492,45.58765],[12.29834,45.61003],[12.29862,45.61141],[12.29896,45.61273],[12.30011,45.6161],[12.30318,45.62432],[12.30351,45.62504],[12.30385,45.62562],[12.30414,45.6261],[12.30508,45.62738],[12.30592,45.62826],[12.30843,45.6306],[12.3096,45.63181],[12.31037,45.63269],[12.31128,45.63386],[12.31238,45.63544],[12.31503,45.63996]]},"properties":{}},{"type":"Feature","geometry":{"type":"LineString","coordinates":[[12.34084,45.57358],[12.33988,45.57346],[12.33919,45.5734],[12.3377,45.57335],[12.33687,45.57336],[12.3348,45.5735],[12.33396,45.57361],[12.33243,45.57388],[12.32129,45.57649],[12.30991,45.57922],[12.30796,45.57973],[12.30605,45.58034],[12.30507,45.5807],[12.30317,45.58153],[12.30112,45.58256],[12.29581,45.58546],[12.29536,45.58576],[12.29473,45.5861]]},"properties":{}},{"type":"Feature","geometry":{"type":"LineString","coordinates":[[12.31176,45.6678],[12.31053,45.66738],[12.31031,45.66727],[12.30982,45.66693],[12.30903,45.6662],[12.3078,45.66554],[12.30681,45.66511],[12.30545,45.66469],[12.30348,45.66417],[12.29948,45.66326],[12.29837,45.66297],[12.29776,45.66276],[12.29727,45.66255],[12.2962,45.66197],[12.29553,45.66165],[12.29497,45.6615]]},"properties":{}},{"type":"Feature","geometry":{"type":"LineString","coordinates":[[12.29505,45.98989],[12.29651,45.99019]]},"properties":{}},{"type":"Feature","geometry":{"type":"LineString","coordinates":[[12.29505,45.98989],[12.29645,45.98667]]},"properties":{}},{"type":"Feature","geometry":{"type":"LineString","coordinates":[[12.29535,45.87996],[12.29574,45.88],[12.29595,45.87998],[12.29615,45.88009],[12.29641,45.88017]]},"properties":{}},{"type":"Feature","geometry":{"type":"LineString","coordinates":[[12.29641,45.88017],[12.29586,45.88015],[12.29578,45.88009],[12.29535,45.87996]]},"properties":{}},{"type":"Feature","geometry":{"type":"LineString","coordinates":[[12.2954,45.88398],[12.29562,45.88428],[12.29576,45.88439],[12.29673,45.8848],[12.29718,45.88487],[12.29774,45.8849]]},"properties":{}},{"type":"Feature","geometry":{"type":"LineString","coordinates":[[12.2954,45.88398],[12.29593,45.88375],[12.2961,45.88374],[12.29631,45.88386],[12.29763,45.88439],[12.29801,45.88462]]},"properties":{}},{"type":"Feature","geometry":{"type":"LineString","coordinates":[[12.29605,45.97883],[12.29605,45.97887]]},"properties":{}},{"type":"Feature","geometry":{"type":"LineString","coordinates":[[12.29605,45.97883],[12.2962,45.97893],[12.29667,45.9791],[12.29763,45.97945],[12.29825,45.97963],[12.29877,45.97973],[12.29973,45.97984],[12.30035,45.97984]]},"properties":{}},{"type":"Feature","geometry":{"type":"LineString","coordinates":[[12.30172,45.99669],[12.30155,45.99698],[12.30136,45.99715],[12.29986,45.99832],[12.29894,45.99882],[12.29638,46.0]]},"properties":{}},{"type":"Feature","geometry":{"type":"LineString","coordinates":[[12.29641,45.88017],[12.29948,45.88079]]},"properties":{}},{"type":"Feature","geometry":{"type":"LineString","coordinates":[[12.29778,45.98693],[12.29645,45.98667]]},"properties":{}},{"type":"Feature","geometry":{"type":"LineString","coordinates":[[12.29645,45.98667],[12.29752,45.98431],[12.29762,45.98396],[12.29778,45.98307],[12.29817,45.98191],[12.29927,45.98093]]},"properties":{}},{"type":"Feature","geometry":{"type":"LineString","coordinates":[[12.29651,45.99019],[12.29662,45.99021],[12.29679,45.98981]]},"properties":{}},{"type":"Feature","geometry":{"type":"LineString","coordinates":[[12.29669,45.98979],[12.29651,45.99019]]},"properties":{}},{"type":"Feature","geometry":{"type":"LineString","coordinates":[[12.29679,45.98981],[12.29669,45.98979]]},"properties":{}},{"type":"Feature","geometry":{"type":"LineString","coordinates":[[12.29778,45.98693],[12.29737,45.98759],[12.29641,45.98973],[12.29669,45.98979]]},"properties":{}},{"type":"Feature","geometry":{"type":"LineString","coordinates":[[12.2977,45.99002],[12.29679,45.98981]]},"properties":{}},{"type":"Feature","geometry":{"type":"LineString","coordinates":[[12.30308,45.97433],[12.30171,45.97363],[12.2985,45.97207],[12.29687,45.97132]]},"properties":{}},{"type":"Feature","geometry":{"type":"LineString","coordinates":[[12.29838,45.8841],[12.29776,45.88388],[12.29734,45.88369],[12.29704,45.88352]]},"properties":{}},{"type":"Feature","geometry":{"type":"LineString","coordinates":[[12.29755,45.89309],[12.29772,45.89282]]},"properties":{}},{"type":"Feature","geometry":{"type":"LineString","coordinates":[[12.29777,45.89285],[12.29755,45.89309]]},"properties":{}},{"type":"Feature","geometry":{"type":"LineString","coordinates":[[12.29772,45.89282],[12.2977,45.89277]]},"properties":{}},{"type":"Feature","geometry":{"type":"LineString","coordinates":[[12.2977,45.89277],[12.29772,45.89272],[12.29792,45.89261]]},"properties":{}},{"type":"Feature","geometry":{"type":"LineString","coordinates":[[12.29792,45.99007],[12.2977,45.99002]]},"properties":{}},{"type":"Feature","geometry":{"type":"LineString","coordinates":[[12.29792,45.99007],[12.2977,45.99057],[12.29772,45.99067],[12.29763,45.99071],[12.29743,45.99066],[12.29737,45.99061],[12.29737,45.99057],[12.29748,45.99032],[12.29762,45.99022],[12.2977,45.99002]]},"properties":{}},{"type":"Feature","geometry":{"type":"LineString","coordinates":[[12.29777,45.89285],[12.29772,45.89282]]},"properties":{}},{"type":"Feature","geometry":{"type":"LineString","coordinates":[[12.29774,45.8849],[12.29801,45.88462]]},"properties":{}},{"type":"Feature","geometry":{"type":"LineString","coordinates":[[12.29774,45.8849],[12.29804,45.88487],[12.29828,45.88491]]},"properties":{}},{"type":"Feature","geometry":{"type":"LineString","coordinates":[[12.29792,45.89261],[12.29792,45.8928],[12.29785,45.89285],[12.29777,45.89285]]},"properties":{}},{"type":"Feature","geometry":{"type":"LineString","coordinates":[[12.3015,45.98197],[12.29956,45.98432],[12.29853,45.98575],[12.29778,45.98693]]},"properties":{}},{"type":"Feature","geometry":{"type":"LineString","coordinates":[[12.2978,45.88617],[12.2986,45.88652],[12.29944,45.88697]]},"properties":{}},{"type":"Feature","geometry":{"type":"LineString","coordinates":[[12.29828,45.88491],[12.29866,45.88505],[12.2978,45.88617]]},"properties":{}},{"type":"Feature","geometry":{"type":"LineString","coordinates":[[12.29849,45.99018],[12.29792,45.99007]]},"properties":{}},{"type":"Feature","geometry":{"type":"LineString","coordinates":[[12.30024,45.88973],[12.29973,45.89042],[12.29878,45.89152],[12.29792,45.89261]]},"properties":{}},{"type":"Feature","geometry":{"type":"LineString","coordinates":[[12.29801,45.88462],[12.29808,45.8847]]},"properties":{}},{"type":"Feature","geometry":{"type":"LineString","coordinates":[[12.29801,45.88462],[12.29809,45.88452]]},"properties":{}},{"type":"Feature","geometry":{"type":"LineString","coordinates":[[12.29808,45.8847],[12.29813,45.8848],[12.29828,45.88491]]},"properties":{}},{"type":"Feature","geometry":{"type":"LineString","coordinates":[[12.29809,45.88452],[12.29808,45.8847]]},"properties":{}},{"type":"Feature","geometry":{"type":"LineString","coordinates":[[12.29809,45.88452],[12.29838,45.8841]]},"properties":{}},{"type":"Feature","geometry":{"type":"LineString","coordinates":[[12.29821,45.99637],[12.29777,45.99663],[12.29739,45.99626],[12.29759,45.99613],[12.29821,45.99637]]},"properties":{}},{"type":"Feature","geometry":{"type":"LineString","coordinates":[[12.30082,45.99466],[12.29821,45.99637]]},"properties":{}},{"type":"Feature","geometry":{"type":"LineString","coordinates":[[12.29838,45.8841],[12.2992,45.88259],[12.29979,45.8813]]},"properties":{}},{"type":"Feature","geometry":{"type":"LineString","coordinates":[[12.30475,45.99134],[12.30451,45.99142],[12.30416,45.99141],[12.29849,45.99018]]},"properties":{}},{"type":"Feature","geometry":{"type":"LineString","coordinates":[[12.3055,45.98025],[12.30506,45.9809],[12.30431,45.98183],[12.30354,45.98262],[12.30029,45.98686],[12.29938,45.98826],[12.29849,45.99018]]},"properties":{}},{"type":"Feature","geometry":{"type":"LineString","coordinates":[[12.2986,45.55467],[12.29889,45.55719]]},"properties":{}},{"type":"Feature","geometry":{"type":"LineString","coordinates":[[12.2986,45.55467],[12.29853,45.55439],[12.29846,45.55431],[12.29849,45.55422],[12.29859,45.5542],[12.29896,45.55426],[12.29958,45.55416]]},"properties":{}},{"type":"Feature","geometry":{"type":"LineString","coordinates":[[12.29958,45.55416],[12.29936,45.55425],[12.29877,45.5544],[12.29865,45.55453],[12.2986,45.55467]]},"properties":{}},{"type":"Feature","geometry":{"type":"LineString","coordinates":[[12.29887,45.5616],[12.29909,45.56441],[12.29906,45.5646]]},"properties":{}},{"type":"Feature","geometry":{"type":"LineString","coordinates":[[12.29887,45.5616],[12.2988,45.56158],[12.29877,45.56153],[12.2988,45.56148],[12.29888,45.56146]]},"properties":{}},{"type":"Feature","geometry":{"type":"LineString","coordinates":[[12.29888,45.56146],[12.29894,45.56148],[12.29897,45.56153],[12.29895,45.56158],[12.29887,45.5616]]},"properties":{}},{"type":"Feature","geometry":{"type":"LineString","coordinates":[[12.2989,45.55767],[12.29875,45.5589],[12.29888,45.56146]]},"properties":{}},{"type":"Feature","geometry":{"type":"LineString","coordinates":[[12.29889,45.55719],[12.2989,45.55728],[12.29903,45.55746],[12.29893,45.55758],[12.2989,45.55767]]},"properties":{}},{"type":"Feature","geometry":{"type":"LineString","coordinates":[[12.2989,45.55767],[12.29887,45.55756],[12.29873,45.55739],[12.29876,45.55733],[12.29885,45.55728],[12.29889,45.55719]]},"properties":{}},{"type":"Feature","geometry":{"type":"LineString","coordinates":[[12.29906,45.5646],[12.29911,45.56463],[12.29909,45.56468]]},"properties":{}},{"type":"Feature","geometry":{"type":"LineString","coordinates":[[12.29909,45.56468],[12.29903,45.56469],[12.29898,45.56466],[12.299,45.56461],[12.29906,45.5646]]},"properties":{}},{"type":"Feature","geometry":{"type":"LineString","coordinates":[[12.29909,45.56468],[12.29932,45.56482],[12.30018,45.56521],[12.30114,45.56574],[12.30141,45.56583],[12.30177,45.56586]]},"properties":{}},{"type":"Feature","geometry":{"type":"LineString","coordinates":[[12.3015,45.98197],[12.30032,45.98154],[12.29942,45.98117],[12.2993,45.98108],[12.29927,45.98093]]},"properties":{}},{"type":"Feature","geometry":{"type":"LineString","coordinates":[[12.29927,45.98093],[12.29985,45.98045],[12.30014,45.98018],[12.30029,45.98002],[12.30035,45.97984]]},"properties":{}},{"type":"Feature","geometry":{"type":"LineString","coordinates":[[12.29944,45.88697],[12.29978,45.88715],[12.30004,45.88721],[12.30077,45.88716],[12.3018,45.88697],[12.30196,45.88698],[12.30206,45.88705],[12.3021,45.88718],[12.30198,45.8881],[12.30207,45.88899],[12.30197,45.88929],[12.30162,45.88972]]},"properties":{}},{"type":"Feature","geometry":{"type":"LineString","coordinates":[[12.3005,45.88894],[12.30006,45.88811],[12.29972,45.88731],[12.29944,45.88697]]},"properties":{}},{"type":"Feature","geometry":{"type":"LineString","coordinates":[[12.29948,45.88079],[12.29973,45.88084]]},"properties":{}},{"type":"Feature","geometry":{"type":"LineString","coordinates":[[12.29966,45.88095],[12.29948,45.88079]]},"properties":{}},{"type":"Feature","geometry":{"type":"LineString","coordinates":[[12.30214,45.53938],[12.30071,45.53841],[12.3002,45.53796],[12.29955,45.5373]]},"properties":{}},{"type":"Feature","geometry":{"type":"LineString","coordinates":[[12.29955,45.5373],[12.29906,45.5368],[12.29882,45.5366],[12.29838,45.53643],[12.29798,45.53639],[12.29768,45.53641],[12.29742,45.53648],[12.29708,45.53666],[12.29681,45.53697],[12.29675,45.53715],[12.29674,45.53733],[12.29676,45.5375],[12.29683,45.53762],[12.29696,45.53778],[12.29717,45.53795],[12.29758,45.53811],[12.29803,45.53817],[12.29849,45.53811],[12.29887,45.53795],[12.2991,45.53776],[12.29955,45.5373]]},"properties":{}},{"type":"Feature","geometry":{"type":"LineString","coordinates":[[12.29955,45.5373],[12.30007,45.53678]]},"properties":{}},{"type":"Feature","geometry":{"type":"LineString","coordinates":[[12.29958,45.55416],[12.29994,45.55401],[12.3007,45.55362],[12.30178,45.55323],[12.30257,45.55304],[12.30359,45.55292]]},"properties":{}},{"type":"Feature","geometry":{"type":"LineString","coordinates":[[12.29971,45.881],[12.29966,45.88095]]},"properties":{}},{"type":"Feature","geometry":{"type":"LineString","coordinates":[[12.29966,45.88095],[12.29967,45.88089],[12.29973,45.88084]]},"properties":{}},{"type":"Feature","geometry":{"type":"LineString","coordinates":[[12.29986,45.88101],[12.29971,45.881]]},"properties":{}},{"type":"Feature","geometry":{"type":"LineString","coordinates":[[12.29979,45.8813],[12.29971,45.881]]},"properties":{}},{"type":"Feature","geometry":{"type":"LineString","coordinates":[[12.29973,45.88084],[12.29985,45.88084],[12.29992,45.88088]]},"properties":{}},{"type":"Feature","geometry":{"type":"LineString","coordinates":[[12.29986,45.88101],[12.29979,45.8813]]},"properties":{}},{"type":"Feature","geometry":{"type":"LineString","coordinates":[[12.29993,45.88096],[12.29986,45.88101]]},"properties":{}},{"type":"Feature","geometry":{"type":"LineString","coordinates":[[12.29991,45.97788],[12.30058,45.97818],[12.30156,45.97875]]},"properties":{}},{"type":"Feature","geometry":{"type":"LineString","coordinates":[[12.29991,45.97788],[12.30181,45.97559],[12.30308,45.97433]]},"properties":{}},{"type":"Feature","geometry":{"type":"LineString","coordinates":[[12.29992,45.88088],[12.30013,45.88092]]},"properties":{}},{"type":"Feature","geometry":{"type":"LineString","coordinates":[[12.29992,45.88088],[12.29993,45.88096]]},"properties":{}},{"type":"Feature","geometry":{"type":"LineString","coordinates":[[12.30013,45.88092],[12.29993,45.88096]]},"properties":{}},{"type":"Feature","geometry":{"type":"LineString","coordinates":[[12.30079,45.53719],[12.30007,45.53678]]},"properties":{}},{"type":"Feature","geometry":{"type":"LineString","coordinates":[[12.30007,45.53678],[12.29996,45.53666],[12.29994,45.53649],[12.29997,45.53639],[12.30009,45.53625],[12.30031,45.53615],[12.30107,45.53588],[12.30139,45.53581]]},"properties":{}},{"type":"Feature","geometry":{"type":"LineString","coordinates":[[12.30007,45.53678],[12.30068,45.53615],[12.30092,45.536],[12.30126,45.53587]]},"properties":{}},{"type":"Feature","geometry":{"type":"LineString","coordinates":[[12.30013,45.88092],[12.3007,45.88104],[12.30101,45.88117],[12.30123,45.88131],[12.30178,45.88184],[12.30228,45.88238],[12.30253,45.8827],[12.3027,45.88302]]},"properties":{}},{"type":"Feature","geometry":{"type":"LineString","coordinates":[[12.30024,45.88973],[12.30038,45.88948],[12.30055,45.88927],[12.3005,45.88894]]},"properties":{}},{"type":"Feature","geometry":{"type":"LineString","coordinates":[[12.30081,45.88933],[12.3007,45.8893],[12.30059,45.88933],[12.30024,45.88973]]},"properties":{}},{"type":"Feature","geometry":{"type":"LineString","coordinates":[[12.30035,45.97984],[12.30051,45.9796],[12.30061,45.9795],[12.30156,45.97875]]},"properties":{}},{"type":"Feature","geometry":{"type":"LineString","coordinates":[[12.30081,45.88933],[12.3005,45.88894]]},"properties":{}},{"type":"Feature","geometry":{"type":"LineString","coordinates":[[12.30079,45.53719],[12.30174,45.5377],[12.30175,45.53762]]},"properties":{}},{"type":"Feature","geometry":{"type":"LineString","coordinates":[[12.30126,45.53587],[12.30097,45.5361],[12.30057,45.53673],[12.30055,45.53688],[12.30058,45.53697],[12.30079,45.53719]]},"properties":{}},{"type":"Feature","geometry":{"type":"LineString","coordinates":[[12.30132,45.88976],[12.30081,45.88933]]},"properties":{}},{"type":"Feature","geometry":{"type":"LineString","coordinates":[[12.30082,45.99466],[12.3015,45.99419]]},"properties":{}},{"type":"Feature","geometry":{"type":"LineString","coordinates":[[12.30132,45.99459],[12.301,45.9946],[12.30082,45.99466]]},"properties":{}},{"type":"Feature","geometry":{"type":"LineString","coordinates":[[12.30126,45.53587],[12.30139,45.53581]]},"properties":{}},{"type":"Feature","geometry":{"type":"LineString","coordinates":[[12.30153,45.9946],[12.30144,45.99462],[12.30132,45.99459]]},"properties":{}},{"type":"Feature","geometry":{"type":"LineString","coordinates":[[12.30132,45.99459],[12.30127,45.99454],[12.30128,45.99447],[12.30136,45.9944],[12.30149,45.99422]]},"properties":{}},{"type":"Feature","geometry":{"type":"LineString","coordinates":[[12.30162,45.88972],[12.30151,45.8898],[12.30132,45.88976]]},"properties":{}},{"type":"Feature","geometry":{"type":"LineString","coordinates":[[12.30167,45.88994],[12.30132,45.88976]]},"properties":{}},{"type":"Feature","geometry":{"type":"LineString","coordinates":[[12.30139,45.53581],[12.30178,45.53563]]},"properties":{}},{"type":"Feature","geometry":{"type":"LineString","coordinates":[[12.30142,45.5344],[12.30142,45.5343]]},"properties":{}},{"type":"Feature","geometry":{"type":"LineString","coordinates":[[12.30142,45.5343],[12.30146,45.5341],[12.3016,45.53394],[12.30192,45.53376],[12.30255,45.53356],[12.30268,45.53346],[12.30277,45.53331]]},"properties":{}},{"type":"Feature","geometry":{"type":"LineString","coordinates":[[12.30142,45.5343],[12.30358,45.53407]]},"properties":{}},{"type":"Feature","geometry":{"type":"LineString","coordinates":[[12.30178,45.53563],[12.302,45.53542],[12.30203,45.53532],[12.30202,45.5352],[12.30181,45.53491],[12.30154,45.53472],[12.30145,45.53457],[12.30142,45.5344]]},"properties":{}},{"type":"Feature","geometry":{"type":"LineString","coordinates":[[12.30362,45.53417],[12.30142,45.5344]]},"properties":{}},{"type":"Feature","geometry":{"type":"LineString","coordinates":[[12.30149,45.99422],[12.30152,45.99441],[12.3016,45.99449]]},"properties":{}},{"type":"Feature","geometry":{"type":"LineString","coordinates":[[12.30149,45.99422],[12.3015,45.99419]]},"properties":{}},{"type":"Feature","geometry":{"type":"LineString","coordinates":[[12.30475,45.99134],[12.30224,45.99353],[12.30165,45.99401],[12.3015,45.99419]]},"properties":{}},{"type":"Feature","geometry":{"type":"LineString","coordinates":[[12.30356,45.97948],[12.3015,45.98197]]},"properties":{}},{"type":"Feature","geometry":{"type":"LineString","coordinates":[[12.30187,45.99468],[12.30153,45.9946]]},"properties":{}},{"type":"Feature","geometry":{"type":"LineString","coordinates":[[12.3016,45.99449],[12.30159,45.99455],[12.30153,45.9946]]},"properties":{}},{"type":"Feature","geometry":{"type":"LineString","coordinates":[[12.30156,45.97875],[12.30172,45.97864]]},"properties":{}},{"type":"Feature","geometry":{"type":"LineString","coordinates":[[12.3016,45.99449],[12.30187,45.99468]]},"properties":{}},{"type":"Feature","geometry":{"type":"LineString","coordinates":[[12.30162,45.88972],[12.30159,45.88984],[12.30167,45.88994]]},"properties":{}},{"type":"Feature","geometry":{"type":"LineString","coordinates":[[12.30454,45.89114],[12.30167,45.88994]]},"properties":{}},{"type":"Feature","geometry":{"type":"LineString","coordinates":[[12.30172,45.99669],[12.30172,45.99652],[12.30163,45.99642],[12.30165,45.99631],[12.30177,45.99623],[12.30217,45.99611]]},"properties":{}},{"type":"Feature","geometry":{"type":"LineString","coordinates":[[12.30217,45.99611],[12.30209,45.99629],[12.30213,45.99638],[12.30208,45.99649],[12.30186,45.99656],[12.30172,45.99669]]},"properties":{}},{"type":"Feature","geometry":{"type":"LineString","coordinates":[[12.30172,45.97864],[12.30191,45.97852]]},"properties":{}},{"type":"Feature","geometry":{"type":"LineString","coordinates":[[12.30172,45.97864],[12.3019,45.97865]]},"properties":{}},{"type":"Feature","geometry":{"type":"LineString","coordinates":[[12.30175,45.53762],[12.30172,45.5372],[12.30183,45.53723],[12.30193,45.53742],[12.30191,45.53754],[12.30175,45.53762]]},"properties":{}},{"type":"Feature","geometry":{"type":"LineString","coordinates":[[12.30177,45.56586],[12.30186,45.5658],[12.30188,45.56575],[12.30187,45.56558]]},"properties":{}},{"type":"Feature","geometry":{"type":"LineString","coordinates":[[12.30177,45.56586],[12.30237,45.56584]]},"properties":{}},{"type":"Feature","geometry":{"type":"LineString","coordinates":[[12.30362,45.53417],[12.30364,45.53438],[12.3036,45.53452],[12.30342,45.53475],[12.30309,45.53494],[12.30249,45.53521],[12.30178,45.53563]]},"properties":{}},{"type":"Feature","geometry":{"type":"LineString","coordinates":[[12.30217,45.99611],[12.30233,45.99593],[12.30244,45.99573],[12.30249,45.99553],[12.30247,45.99537],[12.30242,45.9952],[12.30231,45.99503],[12.30209,45.99481],[12.30187,45.99468]]},"properties":{}},{"type":"Feature","geometry":{"type":"LineString","coordinates":[[12.30237,45.56584],[12.30205,45.56574],[12.30187,45.56558]]},"properties":{}},{"type":"Feature","geometry":{"type":"LineString","coordinates":[[12.30187,45.56558],[12.30189,45.5654],[12.30202,45.56528],[12.30264,45.56523],[12.30277,45.56528],[12.30285,45.56535],[12.30288,45.56544],[12.30288,45.5657]]},"properties":{}},{"type":"Feature","geometry":{"type":"LineString","coordinates":[[12.3019,45.97865],[12.30356,45.97948]]},"properties":{}},{"type":"Feature","geometry":{"type":"LineString","coordinates":[[12.30191,45.97852],[12.30187,45.97859],[12.3019,45.97865]]},"properties":{}},{"type":"Feature","geometry":{"type":"LineString","coordinates":[[12.30191,45.97852],[12.3052,45.97611]]},"properties":{}},{"type":"Feature","geometry":{"type":"LineString","coordinates":[[12.30214,45.53938],[12.30239,45.53953],[12.30271,45.53963],[12.30285,45.53981],[12.30333,45.54012],[12.30375,45.54048],[12.30548,45.54236],[12.3058,45.54282],[12.306,45.54318],[12.30611,45.54351],[12.30758,45.54622],[12.30777,45.54637]]},"properties":{}},{"type":"Feature","geometry":{"type":"LineString","coordinates":[[12.30706,45.54709],[12.30525,45.54754],[12.30498,45.54756],[12.30479,45.54752],[12.30467,45.54742],[12.30286,45.54483],[12.3027,45.54451],[12.30264,45.54431],[12.30269,45.54417],[12.3028,45.54404],[12.303,45.5439],[12.30516,45.5428],[12.3053,45.54266],[12.30536,45.54246],[12.3053,45.54229],[12.30506,45.54203],[12.30368,45.54053],[12.30333,45.54019],[12.30311,45.54003],[12.30294,45.53996],[12.30273,45.53993],[12.30248,45.53996],[12.3023,45.5399],[12.30223,45.53978],[12.30222,45.53953],[12.30214,45.53938]]},"properties":{}},{"type":"Feature","geometry":{"type":"LineString","coordinates":[[12.30237,45.56584],[12.30278,45.56583]]},"properties":{}},{"type":"Feature","geometry":{"type":"LineString","coordinates":[[12.30265,45.65354],[12.30273,45.65361],[12.30612,45.65437],[12.30646,45.65443],[12.30687,45.65443],[12.30724,45.65435],[12.30751,45.65423],[12.30882,45.65334],[12.30922,45.65293],[12.30924,45.65283],[12.30918,45.6526]]},"properties":{}},{"type":"Feature","geometry":{"type":"LineString","coordinates":[[12.30265,45.65354],[12.30267,45.65349],[12.30258,45.65325],[12.30258,45.65307],[12.30301,45.65169]]},"properties":{}},{"type":"Feature","geometry":{"type":"LineString","coordinates":[[12.3027,45.88302],[12.30286,45.88319]]},"properties":{}},{"type":"Feature","geometry":{"type":"LineString","coordinates":[[12.30285,45.88342],[12.3027,45.88302]]},"properties":{}},{"type":"Feature","geometry":{"type":"LineString","coordinates":[[12.30277,45.53331],[12.30281,45.53349],[12.30289,45.53358],[12.3034,45.53388],[12.30358,45.53407]]},"properties":{}},{"type":"Feature","geometry":{"type":"LineString","coordinates":[[12.30278,45.56583],[12.30297,45.56583]]},"properties":{}},{"type":"Feature","geometry":{"type":"LineString","coordinates":[[12.30288,45.5657],[12.30285,45.56579],[12.30278,45.56583]]},"properties":{}},{"type":"Feature","geometry":{"type":"LineString","coordinates":[[12.30287,45.88347],[12.30285,45.88342]]},"properties":{}},{"type":"Feature","geometry":{"type":"LineString","coordinates":[[12.30285,45.88342],[12.30283,45.88328],[12.30286,45.88319]]},"properties":{}},{"type":"Feature","geometry":{"type":"LineString","coordinates":[[12.30286,45.88319],[12.30304,45.88345]]},"properties":{}},{"type":"Feature","geometry":{"type":"LineString","coordinates":[[12.30286,45.88319],[12.30293,45.88294],[12.30315,45.87944],[12.30344,45.87722],[12.30352,45.87682],[12.30368,45.87639],[12.30455,45.87478],[12.30553,45.87261],[12.3063,45.87298],[12.3065,45.87305],[12.3068,45.87309],[12.3074,45.87308],[12.30767,45.87314],[12.30864,45.87386],[12.30996,45.87471],[12.31032,45.87485],[12.31106,45.87503],[12.31186,45.87518],[12.31232,45.87548],[12.31246,45.87552],[12.31269,45.87551],[12.31283,45.87559],[12.31288,45.87567],[12.31288,45.87576],[12.31284,45.87582],[12.31271,45.87591],[12.31266,45.87619],[12.31275,45.87657],[12.3128,45.87758],[12.31294,45.87782],[12.31316,45.87792],[12.31325,45.87804],[12.31324,45.8781],[12.31316,45.87819],[12.3129,45.87833],[12.31279,45.87855],[12.31273,45.87959],[12.31276,45.87987],[12.31283,45.88007],[12.31277,45.88018],[12.3126,45.88025],[12.31237,45.8802],[12.31214,45.87986],[12.31194,45.87968],[12.31156,45.87946],[12.31124,45.8794],[12.31101,45.87941],[12.31041,45.87959],[12.31024,45.87969],[12.30965,45.88017],[12.30728,45.88169],[12.305,45.88356],[12.30432,45.88416]]},"properties":{}},{"type":"Feature","geometry":{"type":"LineString","coordinates":[[12.30303,45.88359],[12.30288,45.88358],[12.30285,45.88351],[12.30287,45.88347]]},"properties":{}},{"type":"Feature","geometry":{"type":"LineString","coordinates":[[12.30287,45.88347],[12.30297,45.88343],[12.30304,45.88345]]},"properties":{}},{"type":"Feature","geometry":{"type":"LineString","coordinates":[[12.30288,45.5657],[12.30292,45.56579],[12.30297,45.56583]]},"properties":{}},{"type":"Feature","geometry":{"type":"LineString","coordinates":[[12.30297,45.56583],[12.30491,45.56581]]},"properties":{}},{"type":"Feature","geometry":{"type":"LineString","coordinates":[[12.30917,45.65259],[12.30892,45.65251],[12.30707,45.6525],[12.3069,45.65245],[12.30676,45.65222],[12.30664,45.65216],[12.30301,45.65169]]},"properties":{}},{"type":"Feature","geometry":{"type":"LineString","coordinates":[[12.30316,45.65059],[12.3031,45.65132],[12.30301,45.65169]]},"properties":{}},{"type":"Feature","geometry":{"type":"LineString","coordinates":[[12.30329,45.88367],[12.30303,45.88359]]},"properties":{}},{"type":"Feature","geometry":{"type":"LineString","coordinates":[[12.30309,45.88351],[12.30303,45.88359]]},"properties":{}},{"type":"Feature","geometry":{"type":"LineString","coordinates":[[12.30304,45.88345],[12.30309,45.88351]]},"properties":{}},{"type":"Feature","geometry":{"type":"LineString","coordinates":[[12.30308,45.97433],[12.30367,45.97463],[12.30525,45.97533],[12.3058,45.97567]]},"properties":{}},{"type":"Feature","geometry":{"type":"LineString","coordinates":[[12.30605,45.97377],[12.30493,45.97304],[12.30469,45.97301],[12.30455,45.97306],[12.30404,45.97343],[12.30308,45.97433]]},"properties":{}},{"type":"Feature","geometry":{"type":"LineString","coordinates":[[12.30309,45.88351],[12.30329,45.88367]]},"properties":{}},{"type":"Feature","geometry":{"type":"LineString","coordinates":[[12.31487,45.64005],[12.31298,45.641],[12.31255,45.64129],[12.31222,45.64162],[12.30968,45.64458],[12.30924,45.64495],[12.30892,45.64511],[12.30857,45.64524],[12.30648,45.64569],[12.306,45.64583],[12.30556,45.64605],[12.30517,45.64636],[12.30372,45.64773],[12.30359,45.64788],[12.30341,45.64817],[12.30331,45.64846],[12.30326,45.64883],[12.30316,45.65059]]},"properties":{}},{"type":"Feature","geometry":{"type":"LineString","coordinates":[[12.30316,45.65059],[12.30423,45.65048],[12.30524,45.65032],[12.30832,45.64962]]},"properties":{}},{"type":"Feature","geometry":{"type":"LineString","coordinates":[[12.30388,45.884],[12.30329,45.88367]]},"properties":{}},{"type":"Feature","geometry":{"type":"LineString","coordinates":[[12.30356,45.97948],[12.3055,45.98025]]},"properties":{}},{"type":"Feature","geometry":{"type":"LineString","coordinates":[[12.30356,45.97948],[12.30438,45.97854],[12.3045,45.97847],[12.30593,45.97876],[12.30613,45.97877]]},"properties":{}},{"type":"Feature","geometry":{"type":"LineString","coordinates":[[12.30358,45.53407],[12.30362,45.53417]]},"properties":{}},{"type":"Feature","geometry":{"type":"LineString","coordinates":[[12.30358,45.53407],[12.30609,45.5337],[12.30881,45.53316],[12.31094,45.53262],[12.3122,45.53226],[12.31359,45.53181],[12.31593,45.53094],[12.31805,45.53003],[12.31928,45.52943],[12.32075,45.52865],[12.3224,45.52768],[12.32399,45.52663],[12.32577,45.5253],[12.3269,45.52436],[12.32857,45.52288],[12.33014,45.52138],[12.33187,45.51965],[12.33785,45.51354],[12.33899,45.51229]]},"properties":{}},{"type":"Feature","geometry":{"type":"LineString","coordinates":[[12.30387,45.55328],[12.30379,45.55303],[12.30359,45.55292]]},"properties":{}},{"type":"Feature","geometry":{"type":"LineString","coordinates":[[12.30359,45.55292],[12.30378,45.55289]]},"properties":{}},{"type":"Feature","geometry":{"type":"LineString","coordinates":[[12.33911,45.51233],[12.33746,45.51413],[12.33265,45.51904],[12.32997,45.52172],[12.32859,45.52303],[12.32701,45.52443],[12.32544,45.52571],[12.32392,45.52682],[12.32225,45.52791],[12.32052,45.5289],[12.31912,45.52964],[12.31787,45.53023],[12.31545,45.53125],[12.31356,45.53193],[12.31098,45.53272],[12.30853,45.53333],[12.30582,45.53386],[12.30362,45.53417]]},"properties":{}},{"type":"Feature","geometry":{"type":"LineString","coordinates":[[12.30378,45.55289],[12.30394,45.55278],[12.30394,45.55218],[12.30402,45.55203],[12.30414,45.55194],[12.30432,45.55189],[12.30449,45.55189],[12.30467,45.55195]]},"properties":{}},{"type":"Feature","geometry":{"type":"LineString","coordinates":[[12.30441,45.55265],[12.30394,45.55286],[12.30378,45.55289]]},"properties":{}},{"type":"Feature","geometry":{"type":"LineString","coordinates":[[12.30387,45.55328],[12.30403,45.55443],[12.30469,45.5581]]},"properties":{}},{"type":"Feature","geometry":{"type":"LineString","coordinates":[[12.30441,45.55265],[12.30405,45.55297],[12.30393,45.55312],[12.30387,45.55328]]},"properties":{}},{"type":"Feature","geometry":{"type":"LineString","coordinates":[[12.30388,45.884],[12.30415,45.88408]]},"properties":{}},{"type":"Feature","geometry":{"type":"LineString","coordinates":[[12.30407,45.88418],[12.30388,45.884]]},"properties":{}},{"type":"Feature","geometry":{"type":"LineString","coordinates":[[12.30424,45.88425],[12.30414,45.88425],[12.30407,45.88418]]},"properties":{}},{"type":"Feature","geometry":{"type":"LineString","coordinates":[[12.30407,45.88418],[12.30409,45.88411],[12.30415,45.88408]]},"properties":{}},{"type":"Feature","geometry":{"type":"LineString","coordinates":[[12.30415,45.88408],[12.30427,45.88409],[12.30432,45.88416]]},"properties":{}},{"type":"Feature","geometry":{"type":"LineString","coordinates":[[12.30448,45.88435],[12.30424,45.88425]]},"properties":{}},{"type":"Feature","geometry":{"type":"LineString","coordinates":[[12.30432,45.88418],[12.30424,45.88425]]},"properties":{}},{"type":"Feature","geometry":{"type":"LineString","coordinates":[[12.30432,45.88418],[12.30448,45.88435]]},"properties":{}},{"type":"Feature","geometry":{"type":"LineString","coordinates":[[12.30432,45.88416],[12.30432,45.88418]]},"properties":{}},{"type":"Feature","geometry":{"type":"LineString","coordinates":[[12.30648,45.8855],[12.30437,45.88666]]},"properties":{}},{"type":"Feature","geometry":{"type":"LineString","coordinates":[[12.30481,45.55236],[12.30441,45.55265]]},"properties":{}},{"type":"Feature","geometry":{"type":"LineString","coordinates":[[12.30648,45.8855],[12.30448,45.88435]]},"properties":{}},{"type":"Feature","geometry":{"type":"LineString","coordinates":[[12.30494,45.55878],[12.30469,45.55884],[12.30451,45.55878]]},"properties":{}},{"type":"Feature","geometry":{"type":"LineString","coordinates":[[12.30458,45.55915],[12.30462,45.55893],[12.30451,45.55878]]},"properties":{}},{"type":"Feature","geometry":{"type":"LineString","coordinates":[[12.30451,45.55878],[12.30442,45.5587],[12.30439,45.55861],[12.30441,45.55851],[12.30455,45.55839]]},"properties":{}},{"type":"Feature","geometry":{"type":"LineString","coordinates":[[12.30454,45.89114],[12.30486,45.89119],[12.30501,45.89133],[12.30528,45.89147]]},"properties":{}},{"type":"Feature","geometry":{"type":"LineString","coordinates":[[12.30528,45.89147],[12.30487,45.89135],[12.30475,45.89134],[12.30469,45.89126],[12.30454,45.89114]]},"properties":{}},{"type":"Feature","geometry":{"type":"LineString","coordinates":[[12.30455,45.55839],[12.30466,45.55826],[12.30469,45.5581]]},"properties":{}},{"type":"Feature","geometry":{"type":"LineString","coordinates":[[12.30455,45.55839],[12.30469,45.55836],[12.30485,45.55838]]},"properties":{}},{"type":"Feature","geometry":{"type":"LineString","coordinates":[[12.30492,45.56102],[12.30443,45.56027],[12.30434,45.56003],[12.30433,45.55984],[12.30436,45.55969],[12.30458,45.55915]]},"properties":{}},{"type":"Feature","geometry":{"type":"LineString","coordinates":[[12.30494,45.55878],[12.30476,45.5589],[12.30458,45.55915]]},"properties":{}},{"type":"Feature","geometry":{"type":"LineString","coordinates":[[12.30467,45.55195],[12.3051,45.55199],[12.30552,45.55188]]},"properties":{}},{"type":"Feature","geometry":{"type":"LineString","coordinates":[[12.30467,45.55195],[12.30478,45.55203],[12.30485,45.55214],[12.30486,45.55225],[12.30481,45.55236]]},"properties":{}},{"type":"Feature","geometry":{"type":"LineString","coordinates":[[12.30469,45.5581],[12.30475,45.55825],[12.30485,45.55838]]},"properties":{}},{"type":"Feature","geometry":{"type":"LineString","coordinates":[[12.30777,45.98857],[12.30703,45.98935],[12.30475,45.99134]]},"properties":{}},{"type":"Feature","geometry":{"type":"LineString","coordinates":[[12.30552,45.55188],[12.30481,45.55236]]},"properties":{}},{"type":"Feature","geometry":{"type":"LineString","coordinates":[[12.30485,45.55838],[12.30543,45.55843]]},"properties":{}},{"type":"Feature","geometry":{"type":"LineString","coordinates":[[12.30546,45.56509],[12.30557,45.56537],[12.30582,45.56577],[12.3058,45.56587],[12.30569,45.56593],[12.3056,45.56594],[12.30526,45.56583],[12.30491,45.56581]]},"properties":{}},{"type":"Feature","geometry":{"type":"LineString","coordinates":[[12.30491,45.56581],[12.30527,45.56579],[12.30544,45.56571],[12.30546,45.56509]]},"properties":{}},{"type":"Feature","geometry":{"type":"LineString","coordinates":[[12.30492,45.56102],[12.30508,45.56132],[12.30526,45.56148],[12.30525,45.56157],[12.30517,45.56168],[12.30513,45.56187]]},"properties":{}},{"type":"Feature","geometry":{"type":"LineString","coordinates":[[12.30513,45.56187],[12.30503,45.56171],[12.30489,45.5616],[12.30485,45.56152],[12.30496,45.56126],[12.30492,45.56102]]},"properties":{}},{"type":"Feature","geometry":{"type":"LineString","coordinates":[[12.30543,45.55843],[12.30523,45.55846],[12.30515,45.55851],[12.30503,45.5587],[12.30494,45.55878]]},"properties":{}},{"type":"Feature","geometry":{"type":"LineString","coordinates":[[12.30513,45.56187],[12.30525,45.5622],[12.30528,45.56244],[12.30532,45.56334],[12.30546,45.56509]]},"properties":{}},{"type":"Feature","geometry":{"type":"LineString","coordinates":[[12.307,45.97697],[12.30689,45.9769],[12.30568,45.97641],[12.3052,45.97611]]},"properties":{}},{"type":"Feature","geometry":{"type":"LineString","coordinates":[[12.3052,45.97611],[12.3058,45.97567]]},"properties":{}},{"type":"Feature","geometry":{"type":"LineString","coordinates":[[12.30528,45.89147],[12.30599,45.89173],[12.30769,45.89207],[12.30839,45.89215],[12.31225,45.89235]]},"properties":{}},{"type":"Feature","geometry":{"type":"LineString","coordinates":[[12.30543,45.55843],[12.3066,45.55836],[12.30784,45.55819],[12.30945,45.55792],[12.31047,45.55768],[12.31176,45.5573],[12.31231,45.55708],[12.31287,45.5568],[12.314,45.55608]]},"properties":{}},{"type":"Feature","geometry":{"type":"LineString","coordinates":[[12.30601,45.97936],[12.30571,45.97994],[12.3055,45.98025]]},"properties":{}},{"type":"Feature","geometry":{"type":"LineString","coordinates":[[12.30699,45.55085],[12.30552,45.55188]]},"properties":{}},{"type":"Feature","geometry":{"type":"LineString","coordinates":[[12.3058,45.97567],[12.30635,45.97602],[12.30725,45.97637]]},"properties":{}},{"type":"Feature","geometry":{"type":"LineString","coordinates":[[12.3058,45.97567],[12.30727,45.97459]]},"properties":{}},{"type":"Feature","geometry":{"type":"LineString","coordinates":[[12.30601,45.97936],[12.30608,45.97907],[12.30608,45.97898]]},"properties":{}},{"type":"Feature","geometry":{"type":"LineString","coordinates":[[12.30635,45.9791],[12.30616,45.97918],[12.30601,45.97936]]},"properties":{}},{"type":"Feature","geometry":{"type":"LineString","coordinates":[[12.30727,45.97459],[12.30605,45.97377]]},"properties":{}},{"type":"Feature","geometry":{"type":"LineString","coordinates":[[12.30605,45.97377],[12.3072,45.97247],[12.30841,45.97302],[12.30898,45.97334]]},"properties":{}},{"type":"Feature","geometry":{"type":"LineString","coordinates":[[12.30635,45.9791],[12.30616,45.97907],[12.30608,45.97898]]},"properties":{}},{"type":"Feature","geometry":{"type":"LineString","coordinates":[[12.30608,45.97898],[12.30606,45.97887],[12.30613,45.97877]]},"properties":{}},{"type":"Feature","geometry":{"type":"LineString","coordinates":[[12.30613,45.97877],[12.30622,45.97873]]},"properties":{}},{"type":"Feature","geometry":{"type":"LineString","coordinates":[[12.30622,45.97873],[12.30636,45.97839],[12.30653,45.9781]]},"properties":{}},{"type":"Feature","geometry":{"type":"LineString","coordinates":[[12.30622,45.97873],[12.30641,45.97876]]},"properties":{}},{"type":"Feature","geometry":{"type":"LineString","coordinates":[[12.30648,45.97905],[12.30635,45.9791]]},"properties":{}},{"type":"Feature","geometry":{"type":"LineString","coordinates":[[12.30641,45.97876],[12.30645,45.97879]]},"properties":{}},{"type":"Feature","geometry":{"type":"LineString","coordinates":[[12.30653,45.9781],[12.30639,45.97861],[12.30641,45.97876]]},"properties":{}},{"type":"Feature","geometry":{"type":"LineString","coordinates":[[12.30645,45.97879],[12.30668,45.97889],[12.30714,45.97902]]},"properties":{}},{"type":"Feature","geometry":{"type":"LineString","coordinates":[[12.30645,45.97879],[12.30652,45.97891],[12.30651,45.97902],[12.30648,45.97905]]},"properties":{}},{"type":"Feature","geometry":{"type":"LineString","coordinates":[[12.30648,45.8855],[12.31313,45.88757]]},"properties":{}},{"type":"Feature","geometry":{"type":"LineString","coordinates":[[12.30788,45.88471],[12.30648,45.8855]]},"properties":{}},{"type":"Feature","geometry":{"type":"LineString","coordinates":[[12.30714,45.97902],[12.30674,45.97898],[12.30648,45.97905]]},"properties":{}},{"type":"Feature","geometry":{"type":"LineString","coordinates":[[12.30653,45.9781],[12.307,45.97697]]},"properties":{}},{"type":"Feature","geometry":{"type":"LineString","coordinates":[[12.314,45.55608],[12.30699,45.55085]]},"properties":{}},{"type":"Feature","geometry":{"type":"LineString","coordinates":[[12.30708,45.55078],[12.30699,45.55085]]},"properties":{}},{"type":"Feature","geometry":{"type":"LineString","coordinates":[[12.307,45.97697],[12.30725,45.97637]]},"properties":{}},{"type":"Feature","geometry":{"type":"LineString","coordinates":[[12.30788,45.54677],[12.30761,45.5469],[12.30706,45.54709]]},"properties":{}},{"type":"Feature","geometry":{"type":"LineString","coordinates":[[12.30935,45.54971],[12.30934,45.5496],[12.30875,45.54849],[12.30802,45.5472],[12.30784,45.54707],[12.30757,45.547],[12.30706,45.54709]]},"properties":{}},{"type":"Feature","geometry":{"type":"LineString","coordinates":[[12.30708,45.55078],[12.31414,45.55599]]},"properties":{}},{"type":"Feature","geometry":{"type":"LineString","coordinates":[[12.30892,45.54994],[12.3083,45.55013],[12.30788,45.5503],[12.30708,45.55078]]},"properties":{}},{"type":"Feature","geometry":{"type":"LineString","coordinates":[[12.30714,45.97902],[12.30886,45.97947],[12.3152,45.98101]]},"properties":{}},{"type":"Feature","geometry":{"type":"LineString","coordinates":[[12.30847,45.97378],[12.30831,45.97399],[12.30814,45.97431],[12.30725,45.97637]]},"properties":{}},{"type":"Feature","geometry":{"type":"LineString","coordinates":[[12.30727,45.97459],[12.30829,45.97384],[12.30847,45.97378]]},"properties":{}},{"type":"Feature","geometry":{"type":"LineString","coordinates":[[12.30777,45.54637],[12.30815,45.54647],[12.30846,45.54644]]},"properties":{}},{"type":"Feature","geometry":{"type":"LineString","coordinates":[[12.30777,45.54637],[12.30795,45.54655],[12.30795,45.54666]]},"properties":{}},{"type":"Feature","geometry":{"type":"LineString","coordinates":[[12.30777,45.98857],[12.3079,45.98842],[12.30794,45.98824],[12.30802,45.9882],[12.30816,45.98821],[12.30828,45.98831],[12.30848,45.98836]]},"properties":{}},{"type":"Feature","geometry":{"type":"LineString","coordinates":[[12.30848,45.98836],[12.30816,45.9884],[12.30777,45.98857]]},"properties":{}},{"type":"Feature","geometry":{"type":"LineString","coordinates":[[12.30788,45.88471],[12.30825,45.88441],[12.3083,45.88433],[12.3084,45.88429],[12.30849,45.88429],[12.30858,45.88434],[12.30896,45.88433],[12.30968,45.88443]]},"properties":{}},{"type":"Feature","geometry":{"type":"LineString","coordinates":[[12.30968,45.88443],[12.30872,45.88443],[12.30861,45.88445],[12.30856,45.88451],[12.30846,45.88454],[12.30825,45.88453],[12.30788,45.88471]]},"properties":{}},{"type":"Feature","geometry":{"type":"LineString","coordinates":[[12.30788,45.54677],[12.30787,45.54691],[12.30793,45.547],[12.30822,45.54727],[12.30883,45.54843],[12.30917,45.54896],[12.30926,45.54902],[12.30948,45.54908]]},"properties":{}},{"type":"Feature","geometry":{"type":"LineString","coordinates":[[12.30795,45.54666],[12.30788,45.54677]]},"properties":{}},{"type":"Feature","geometry":{"type":"LineString","coordinates":[[12.30846,45.54644],[12.30795,45.54666]]},"properties":{}},{"type":"Feature","geometry":{"type":"LineString","coordinates":[[12.30832,45.64962],[12.30877,45.64946],[12.30903,45.64926]]},"properties":{}},{"type":"Feature","geometry":{"type":"LineString","coordinates":[[12.30923,45.64971],[12.30873,45.64959],[12.30832,45.64962]]},"properties":{}},{"type":"Feature","geometry":{"type":"LineString","coordinates":[[12.30846,45.54644],[12.31091,45.54555],[12.31193,45.54547],[12.31262,45.54534],[12.31346,45.54507],[12.31372,45.54505],[12.31389,45.54511],[12.31397,45.54522],[12.31485,45.54749]]},"properties":{}},{"type":"Feature","geometry":{"type":"LineString","coordinates":[[12.30847,45.97378],[12.30898,45.97334]]},"properties":{}},{"type":"Feature","geometry":{"type":"LineString","coordinates":[[12.31446,45.9877],[12.3131,45.98804],[12.31228,45.98818],[12.30848,45.98836]]},"properties":{}},{"type":"Feature","geometry":{"type":"LineString","coordinates":[[12.30892,45.54994],[12.30933,45.54977]]},"properties":{}},{"type":"Feature","geometry":{"type":"LineString","coordinates":[[12.30943,45.54988],[12.30892,45.54994]]},"properties":{}},{"type":"Feature","geometry":{"type":"LineString","coordinates":[[12.30898,45.97334],[12.31126,45.97167]]},"properties":{}},{"type":"Feature","geometry":{"type":"LineString","coordinates":[[12.30923,45.64971],[12.30913,45.64964],[12.30903,45.6495],[12.309,45.64936],[12.30903,45.64926]]},"properties":{}},{"type":"Feature","geometry":{"type":"LineString","coordinates":[[12.30903,45.64926],[12.30915,45.64911],[12.30934,45.64901],[12.30947,45.64897],[12.30967,45.64879],[12.30971,45.64866],[12.30975,45.64809]]},"properties":{}},{"type":"Feature","geometry":{"type":"LineString","coordinates":[[12.30914,45.95888],[12.30986,45.9594],[12.31159,45.96049],[12.31435,45.96188],[12.31631,45.96291],[12.31672,45.96308],[12.31816,45.96354],[12.32044,45.96457],[12.32128,45.96505]]},"properties":{}},{"type":"Feature","geometry":{"type":"LineString","coordinates":[[12.30918,45.6526],[12.30917,45.65259]]},"properties":{}},{"type":"Feature","geometry":{"type":"LineString","coordinates":[[12.30917,45.65259],[12.30913,45.65249],[12.30915,45.65236],[12.30923,45.65228],[12.30938,45.65223],[12.30956,45.65209],[12.30968,45.65196],[12.30974,45.6518],[12.30974,45.6501],[12.30968,45.64997],[12.30952,45.6498]]},"properties":{}},{"type":"Feature","geometry":{"type":"LineString","coordinates":[[12.31002,45.64969],[12.30988,45.64985],[12.30983,45.65004],[12.30984,45.65182],[12.30982,45.65197],[12.3097,45.65222],[12.30972,45.65229],[12.3098,45.65239],[12.30981,45.65251],[12.30971,45.65264],[12.30955,45.6527],[12.30933,45.65268],[12.30918,45.6526]]},"properties":{}},{"type":"Feature","geometry":{"type":"LineString","coordinates":[[12.30952,45.6498],[12.30923,45.64971]]},"properties":{}},{"type":"Feature","geometry":{"type":"LineString","coordinates":[[12.30943,45.54988],[12.30936,45.54985],[12.30933,45.54977]]},"properties":{}},{"type":"Feature","geometry":{"type":"LineString","coordinates":[[12.30933,45.54977],[12.30935,45.54971]]},"properties":{}},{"type":"Feature","geometry":{"type":"LineString","coordinates":[[12.30935,45.54971],[12.30943,45.54958],[12.30943,45.5495],[12.3093,45.54929],[12.30929,45.54924],[12.30935,45.54913],[12.30948,45.54908]]},"properties":{}},{"type":"Feature","geometry":{"type":"LineString","coordinates":[[12.3098,45.55025],[12.30953,45.54995],[12.30943,45.54988]]},"properties":{}},{"type":"Feature","geometry":{"type":"LineString","coordinates":[[12.30956,45.54978],[12.30952,45.54986],[12.30943,45.54988]]},"properties":{}},{"type":"Feature","geometry":{"type":"LineString","coordinates":[[12.30948,45.54908],[12.30956,45.54907]]},"properties":{}},{"type":"Feature","geometry":{"type":"LineString","coordinates":[[12.31002,45.64969],[12.3098,45.64978],[12.30952,45.6498]]},"properties":{}},{"type":"Feature","geometry":{"type":"LineString","coordinates":[[12.30956,45.54978],[12.3097,45.55],[12.3098,45.55025]]},"properties":{}},{"type":"Feature","geometry":{"type":"LineString","coordinates":[[12.30979,45.54926],[12.30955,45.54957],[12.30952,45.54968],[12.30956,45.54978]]},"properties":{}},{"type":"Feature","geometry":{"type":"LineString","coordinates":[[12.30956,45.54907],[12.30971,45.54911],[12.30979,45.54921],[12.30979,45.54926]]},"properties":{}},{"type":"Feature","geometry":{"type":"LineString","coordinates":[[12.30956,45.54907],[12.31105,45.54874],[12.31134,45.54862],[12.3115,45.54864],[12.3117,45.54862],[12.31451,45.54808],[12.31471,45.54797],[12.31488,45.54776],[12.31485,45.54749]]},"properties":{}},{"type":"Feature","geometry":{"type":"LineString","coordinates":[[12.3098,45.88444],[12.30968,45.88443]]},"properties":{}},{"type":"Feature","geometry":{"type":"LineString","coordinates":[[12.30975,45.64809],[12.3098,45.64856]]},"properties":{}},{"type":"Feature","geometry":{"type":"LineString","coordinates":[[12.3124,45.64603],[12.31191,45.64609],[12.31138,45.64623],[12.3109,45.64643],[12.3105,45.64669],[12.3102,45.64696],[12.30995,45.6473],[12.30979,45.64772],[12.30975,45.64809]]},"properties":{}},{"type":"Feature","geometry":{"type":"LineString","coordinates":[[12.31485,45.54749],[12.315,45.5477],[12.31532,45.54784],[12.31543,45.54793],[12.31547,45.54806],[12.31546,45.54814],[12.31534,45.54827],[12.31514,45.54833],[12.31503,45.54833],[12.31467,45.54822],[12.31437,45.5482],[12.31173,45.54869],[12.31005,45.54905],[12.3099,45.54911],[12.30979,45.54926]]},"properties":{}},{"type":"Feature","geometry":{"type":"LineString","coordinates":[[12.3098,45.88444],[12.31011,45.88445],[12.31029,45.8845]]},"properties":{}},{"type":"Feature","geometry":{"type":"LineString","coordinates":[[12.31029,45.8845],[12.3101,45.88451],[12.3098,45.88444]]},"properties":{}},{"type":"Feature","geometry":{"type":"LineString","coordinates":[[12.3098,45.64856],[12.30986,45.64873],[12.30995,45.64884],[12.31019,45.64896],[12.31049,45.64897],[12.31109,45.64886]]},"properties":{}},{"type":"Feature","geometry":{"type":"LineString","coordinates":[[12.3098,45.64856],[12.30983,45.64881],[12.30992,45.64903],[12.31012,45.64917],[12.3102,45.64933]]},"properties":{}},{"type":"Feature","geometry":{"type":"LineString","coordinates":[[12.31792,45.55372],[12.31573,45.55141],[12.31556,45.55134],[12.31531,45.55135],[12.31498,45.55148],[12.3146,45.55167],[12.3141,45.55198],[12.31366,45.55217],[12.31155,45.55261],[12.3113,45.55264],[12.31115,45.55262],[12.31099,45.55244],[12.3098,45.55025]]},"properties":{}},{"type":"Feature","geometry":{"type":"LineString","coordinates":[[12.3102,45.64933],[12.31017,45.64952],[12.31002,45.64969]]},"properties":{}},{"type":"Feature","geometry":{"type":"LineString","coordinates":[[12.31548,45.648],[12.31475,45.64817],[12.31387,45.64843],[12.3107,45.64908],[12.31046,45.64914],[12.3102,45.64933]]},"properties":{}},{"type":"Feature","geometry":{"type":"LineString","coordinates":[[12.31485,45.88386],[12.31088,45.88449],[12.31029,45.8845]]},"properties":{}},{"type":"Feature","geometry":{"type":"LineString","coordinates":[[12.31097,45.6489],[12.31109,45.64886]]},"properties":{}},{"type":"Feature","geometry":{"type":"LineString","coordinates":[[12.31109,45.64886],[12.31374,45.64827],[12.31548,45.648]]},"properties":{}},{"type":"Feature","geometry":{"type":"LineString","coordinates":[[12.31126,45.97167],[12.31136,45.97149],[12.31136,45.97139],[12.31129,45.97128],[12.31136,45.97116],[12.31148,45.97112],[12.31183,45.97114],[12.31207,45.97107]]},"properties":{}},{"type":"Feature","geometry":{"type":"LineString","coordinates":[[12.31207,45.97107],[12.31182,45.97123],[12.31169,45.9714],[12.31126,45.97167]]},"properties":{}},{"type":"Feature","geometry":{"type":"LineString","coordinates":[[12.31194,45.66785],[12.31176,45.6678]]},"properties":{}},{"type":"Feature","geometry":{"type":"LineString","coordinates":[[12.34315,45.87568],[12.34315,45.87417],[12.34306,45.87327],[12.34292,45.87242],[12.34069,45.8633],[12.3405,45.86263],[12.34015,45.86189],[12.3396,45.86102],[12.33925,45.86058],[12.33872,45.85999],[12.33817,45.85947],[12.33739,45.85886],[12.33299,45.85607],[12.33158,45.85498],[12.32914,45.85268],[12.32155,45.84524],[12.32072,45.84434],[12.32008,45.84355],[12.31944,45.84267],[12.31859,45.84126],[12.31814,45.84036],[12.31779,45.83941],[12.31751,45.83855],[12.31728,45.83764],[12.3149,45.82292],[12.31474,45.82204],[12.31447,45.82103],[12.31404,45.81997],[12.31363,45.81916],[12.31302,45.81821],[12.31246,45.81746],[12.31158,45.81645],[12.30912,45.81389],[12.3068,45.81128],[12.30553,45.80964],[12.30448,45.8082],[12.28911,45.78393],[12.28861,45.78293],[12.28821,45.78183],[12.28789,45.78046],[12.28705,45.77632],[12.28671,45.7751],[12.28646,45.77438],[12.28592,45.77312],[12.28342,45.76852],[12.28228,45.76607],[12.27899,45.75824],[12.27868,45.75724],[12.2785,45.7564],[12.27839,45.7552],[12.27842,45.75417],[12.27856,45.75315],[12.27874,45.75236],[12.28142,45.74382],[12.28185,45.74225],[12.28205,45.74137],[12.28234,45.73957],[12.28322,45.7315],[12.28337,45.73055],[12.28357,45.72963],[12.28387,45.72865],[12.28414,45.728],[12.28475,45.72669],[12.28566,45.72516],[12.2893,45.71967],[12.2898,45.71868],[12.29023,45.71763],[12.29051,45.71658],[12.29063,45.71598],[12.2907,45.71537],[12.29086,45.71025],[12.29091,45.70973],[12.2911,45.7086],[12.29138,45.70763],[12.29153,45.70724],[12.29182,45.70657],[12.29233,45.70561],[12.29921,45.69457],[12.29947,45.69412],[12.29994,45.69314],[12.30038,45.69185],[12.30063,45.69061],[12.30071,45.68963],[12.30064,45.68551],[12.30066,45.68489],[12.30077,45.68405],[12.30084,45.68375],[12.3011,45.68295],[12.30128,45.68254],[12.30507,45.6752],[12.30557,45.67431],[12.30616,45.67344],[12.3069,45.67246],[12.30791,45.67133],[12.30871,45.67055],[12.31176,45.6678]]},"properties":{}},{"type":"Feature","geometry":{"type":"LineString","coordinates":[[12.31176,45.6678],[12.31488,45.66497],[12.31576,45.66406],[12.31638,45.66323],[12.31673,45.66262],[12.31703,45.66197],[12.31731,45.66115],[12.31744,45.66055],[12.31751,45.65992],[12.3175,45.659],[12.31659,45.65197],[12.31649,45.65064],[12.31644,45.64916],[12.31645,45.64841]]},"properties":{}},{"type":"Feature","geometry":{"type":"LineString","coordinates":[[12.32205,45.66912],[12.31943,45.66848],[12.31683,45.66791],[12.31608,45.66786],[12.31522,45.66793],[12.31424,45.6681],[12.31356,45.66817],[12.31328,45.66817],[12.31255,45.66804],[12.31194,45.66785]]},"properties":{}},{"type":"Feature","geometry":{"type":"LineString","coordinates":[[12.31194,45.66785],[12.30845,45.67103],[12.30767,45.67183],[12.30656,45.67317],[12.30572,45.67441],[12.30519,45.67535],[12.30163,45.68224],[12.30139,45.68273],[12.30107,45.68361],[12.30086,45.68467],[12.30083,45.68545],[12.30089,45.68979],[12.30083,45.69046],[12.30071,45.69126],[12.30053,45.69202],[12.3002,45.69298],[12.29968,45.69409],[12.29944,45.69452],[12.29253,45.70561],[12.29215,45.70629],[12.29159,45.7076],[12.29137,45.7083],[12.29113,45.7094],[12.29106,45.71023],[12.2909,45.71533],[12.29084,45.7159],[12.2907,45.71659],[12.29058,45.71712],[12.2904,45.7177],[12.28998,45.71874],[12.28972,45.71928],[12.28919,45.7202],[12.28591,45.72511],[12.28522,45.72623],[12.28472,45.72716],[12.28431,45.72806],[12.28404,45.72875],[12.28376,45.72971],[12.28356,45.73059],[12.28342,45.73153],[12.28252,45.7396],[12.2824,45.74051],[12.28223,45.7414],[12.28192,45.74273],[12.28152,45.74413],[12.2796,45.75021],[12.27884,45.75273],[12.27865,45.75375],[12.27858,45.75455],[12.27858,45.75518],[12.27864,45.75605],[12.27886,45.7572],[12.27908,45.75793],[12.27943,45.75884],[12.28249,45.76608],[12.28361,45.76844],[12.2861,45.77307],[12.28662,45.77431],[12.28708,45.7757],[12.28808,45.78043],[12.28841,45.78179],[12.28881,45.7829],[12.28929,45.78388],[12.2916,45.78761],[12.29519,45.79324],[12.30471,45.8081],[12.30575,45.80955],[12.30701,45.81116],[12.31174,45.81638],[12.31293,45.81778],[12.31352,45.81863],[12.31425,45.81995],[12.31466,45.82099],[12.31495,45.82203],[12.31512,45.82293],[12.31699,45.83466],[12.31758,45.83809],[12.31798,45.83939],[12.31876,45.84116],[12.3196,45.84263],[12.32024,45.84347],[12.32089,45.84427],[12.32171,45.84516],[12.32232,45.84577],[12.32636,45.8497],[12.3293,45.85263],[12.33174,45.85489],[12.33243,45.85545],[12.33326,45.85606],[12.33471,45.85702],[12.33628,45.85797],[12.33753,45.85878],[12.33831,45.8594],[12.33887,45.85993],[12.33938,45.86049],[12.33975,45.86096],[12.33998,45.8613],[12.34053,45.86223],[12.34069,45.8626],[12.3409,45.86326],[12.34309,45.87239],[12.34325,45.87324],[12.34335,45.8742],[12.34338,45.87474],[12.3433,45.87566]]},"properties":{}},{"type":"Feature","geometry":{"type":"LineString","coordinates":[[12.31665,45.64779],[12.31664,45.64958],[12.31673,45.65145],[12.31694,45.65334],[12.31769,45.65901],[12.31771,45.6599],[12.31761,45.66069],[12.3175,45.66117],[12.31724,45.66196],[12.31689,45.66271],[12.31637,45.66354],[12.31572,45.66437],[12.3153,45.66481],[12.31466,45.6654],[12.31194,45.66785]]},"properties":{}},{"type":"Feature","geometry":{"type":"LineString","coordinates":[[12.32128,45.96505],[12.32091,45.96525],[12.3199,45.96568],[12.31898,45.96619],[12.31617,45.96807],[12.31207,45.97107]]},"properties":{}},{"type":"Feature","geometry":{"type":"LineString","coordinates":[[12.31331,45.89247],[12.31257,45.89235],[12.31225,45.89235]]},"properties":{}},{"type":"Feature","geometry":{"type":"LineString","coordinates":[[12.31225,45.89235],[12.31244,45.89232],[12.31259,45.89222],[12.3127,45.8922],[12.31293,45.89237],[12.31331,45.89247]]},"properties":{}},{"type":"Feature","geometry":{"type":"LineString","coordinates":[[12.31442,45.64617],[12.314,45.64622],[12.31305,45.64621],[12.3124,45.64603]]},"properties":{}},{"type":"Feature","geometry":{"type":"LineString","coordinates":[[12.3124,45.64603],[12.31411,45.64604]]},"properties":{}},{"type":"Feature","geometry":{"type":"LineString","coordinates":[[12.31313,45.88757],[12.31339,45.88765]]},"properties":{}},{"type":"Feature","geometry":{"type":"LineString","coordinates":[[12.31382,45.88779],[12.31369,45.88778],[12.31347,45.88785],[12.31338,45.88785],[12.3133,45.88781],[12.31324,45.88768],[12.31313,45.88757]]},"properties":{}},{"type":"Feature","geometry":{"type":"LineString","coordinates":[[12.31331,45.89247],[12.31387,45.89259],[12.31419,45.8927],[12.32146,45.89558]]},"properties":{}},{"type":"Feature","geometry":{"type":"LineString","coordinates":[[12.3134,45.88765],[12.3135,45.88766],[12.31356,45.8877]]},"properties":{}},{"type":"Feature","geometry":{"type":"LineString","coordinates":[[12.31356,45.88771],[12.31382,45.88779]]},"properties":{}},{"type":"Feature","geometry":{"type":"LineString","coordinates":[[12.31788,45.88976],[12.31611,45.88874],[12.31545,45.88842],[12.3141,45.88786],[12.31387,45.88778],[12.31382,45.88779]]},"properties":{}},{"type":"Feature","geometry":{"type":"LineString","coordinates":[[12.34071,45.57336],[12.34021,45.57202],[12.34006,45.57179],[12.33965,45.57141],[12.33921,45.57114],[12.33364,45.56805],[12.33202,45.56712],[12.32185,45.56151],[12.31937,45.55992],[12.31648,45.55793],[12.314,45.55608]]},"properties":{}},{"type":"Feature","geometry":{"type":"LineString","coordinates":[[12.314,45.55608],[12.31414,45.55599]]},"properties":{}},{"type":"Feature","geometry":{"type":"LineString","coordinates":[[12.31411,45.64604],[12.31471,45.64606]]},"properties":{}},{"type":"Feature","geometry":{"type":"LineString","coordinates":[[12.31411,45.64604],[12.31488,45.64595],[12.31529,45.64587],[12.31575,45.64569],[12.316,45.6455],[12.31622,45.64525],[12.31638,45.64486],[12.31644,45.64458],[12.31642,45.64395],[12.31646,45.64374]]},"properties":{}},{"type":"Feature","geometry":{"type":"LineString","coordinates":[[12.31414,45.55599],[12.31657,45.5578],[12.31954,45.55983],[12.32198,45.56139],[12.32487,45.56303],[12.34027,45.57148],[12.34511,45.57408],[12.34677,45.57484],[12.34806,45.57553],[12.34983,45.5766],[12.35039,45.57698]]},"properties":{}},{"type":"Feature","geometry":{"type":"LineString","coordinates":[[12.31414,45.55599],[12.31536,45.5552],[12.31595,45.55486],[12.31681,45.55443],[12.31784,45.554]]},"properties":{}},{"type":"Feature","geometry":{"type":"LineString","coordinates":[[12.31471,45.64606],[12.31442,45.64617]]},"properties":{}},{"type":"Feature","geometry":{"type":"LineString","coordinates":[[12.31637,45.64784],[12.31636,45.64745],[12.31629,45.64713],[12.3161,45.64677],[12.3159,45.64656],[12.3156,45.64637],[12.31523,45.64622],[12.31478,45.64615],[12.31442,45.64617]]},"properties":{}},{"type":"Feature","geometry":{"type":"LineString","coordinates":[[12.31446,45.9877],[12.31363,45.98657],[12.31314,45.9861],[12.31299,45.98599],[12.31291,45.98604],[12.31254,45.98576],[12.31261,45.98571],[12.31191,45.98526],[12.31109,45.9848],[12.31094,45.98476],[12.31068,45.98477],[12.31062,45.98473],[12.3106,45.98467],[12.31069,45.98458],[12.31098,45.98451],[12.31338,45.98278],[12.31354,45.98252],[12.31389,45.98242],[12.31536,45.98135],[12.31541,45.98125],[12.31539,45.98116],[12.3152,45.98101]]},"properties":{}},{"type":"Feature","geometry":{"type":"LineString","coordinates":[[12.31758,45.9866],[12.31587,45.98734],[12.31446,45.9877]]},"properties":{}},{"type":"Feature","geometry":{"type":"LineString","coordinates":[[12.31652,45.64609],[12.31471,45.64606]]},"properties":{}},{"type":"Feature","geometry":{"type":"LineString","coordinates":[[12.31503,45.88383],[12.31504,45.88394],[12.31489,45.88396],[12.31485,45.88386]]},"properties":{}},{"type":"Feature","geometry":{"type":"LineString","coordinates":[[12.31503,45.88383],[12.31485,45.88386]]},"properties":{}},{"type":"Feature","geometry":{"type":"LineString","coordinates":[[12.31646,45.64374],[12.3163,45.64298],[12.3162,45.64262],[12.31603,45.64221],[12.31548,45.64112],[12.31487,45.64005]]},"properties":{}},{"type":"Feature","geometry":{"type":"LineString","coordinates":[[12.31503,45.63996],[12.31487,45.64005]]},"properties":{}},{"type":"Feature","geometry":{"type":"LineString","coordinates":[[12.31503,45.63996],[12.31569,45.64113],[12.31603,45.64179],[12.31623,45.6422],[12.31646,45.64289]]},"properties":{}},{"type":"Feature","geometry":{"type":"LineString","coordinates":[[12.33705,45.62185],[12.33633,45.62489],[12.33586,45.6265],[12.33528,45.62833],[12.33513,45.62866],[12.33488,45.62891],[12.33462,45.62909],[12.33275,45.62991],[12.33231,45.63014],[12.32931,45.63236],[12.32903,45.63251],[12.32634,45.63359],[12.32591,45.63378],[12.32521,45.63418],[12.32449,45.63471],[12.32401,45.63519],[12.32292,45.6366],[12.32258,45.63689],[12.32209,45.63721],[12.31981,45.63821],[12.31777,45.63907],[12.31752,45.63915],[12.31606,45.6395],[12.31566,45.63964],[12.31503,45.63996]]},"properties":{}},{"type":"Feature","geometry":{"type":"LineString","coordinates":[[12.31628,45.88365],[12.31503,45.88383]]},"properties":{}},{"type":"Feature","geometry":{"type":"LineString","coordinates":[[12.3152,45.98101],[12.31634,45.98132],[12.31684,45.98154],[12.31746,45.9819],[12.31821,45.98246],[12.31864,45.98275],[12.31879,45.9828]]},"properties":{}},{"type":"Feature","geometry":{"type":"LineString","coordinates":[[12.31637,45.64784],[12.31548,45.648]]},"properties":{}},{"type":"Feature","geometry":{"type":"LineString","coordinates":[[12.31628,45.88365],[12.31663,45.8835]]},"properties":{}},{"type":"Feature","geometry":{"type":"LineString","coordinates":[[12.31667,45.88369],[12.31628,45.88365]]},"properties":{}},{"type":"Feature","geometry":{"type":"LineString","coordinates":[[12.31645,45.64841],[12.31637,45.64819],[12.31637,45.64784]]},"properties":{}},{"type":"Feature","geometry":{"type":"LineString","coordinates":[[12.31646,45.64782],[12.31637,45.64784]]},"properties":{}},{"type":"Feature","geometry":{"type":"LineString","coordinates":[[12.31645,45.64841],[12.31646,45.64782]]},"properties":{}},{"type":"Feature","geometry":{"type":"LineString","coordinates":[[12.31652,45.64609],[12.31654,45.64446],[12.31646,45.64374]]},"properties":{}},{"type":"Feature","geometry":{"type":"LineString","coordinates":[[12.31646,45.64289],[12.31665,45.6433],[12.31684,45.64411],[12.31705,45.64452],[12.31724,45.64473],[12.31746,45.6449],[12.31795,45.64513],[12.31807,45.64522]]},"properties":{}},{"type":"Feature","geometry":{"type":"LineString","coordinates":[[12.31646,45.64289],[12.31661,45.64348],[12.31671,45.64414],[12.31673,45.64478],[12.31671,45.64609]]},"properties":{}},{"type":"Feature","geometry":{"type":"LineString","coordinates":[[12.31646,45.64782],[12.31652,45.64609]]},"properties":{}},{"type":"Feature","geometry":{"type":"LineString","coordinates":[[12.31665,45.64779],[12.31646,45.64782]]},"properties":{}},{"type":"Feature","geometry":{"type":"LineString","coordinates":[[12.31671,45.64609],[12.31652,45.64609]]},"properties":{}},{"type":"Feature","geometry":{"type":"LineString","coordinates":[[12.31667,45.88369],[12.31662,45.88362],[12.31663,45.8835]]},"properties":{}},{"type":"Feature","geometry":{"type":"LineString","coordinates":[[12.31663,45.8835],[12.3167,45.88343],[12.3168,45.88339],[12.31703,45.88343]]},"properties":{}},{"type":"Feature","geometry":{"type":"LineString","coordinates":[[12.3167,45.64635],[12.31665,45.64779]]},"properties":{}},{"type":"Feature","geometry":{"type":"LineString","coordinates":[[12.3263,45.64573],[12.31796,45.64753],[12.31665,45.64779]]},"properties":{}},{"type":"Feature","geometry":{"type":"LineString","coordinates":[[12.31692,45.88374],[12.31678,45.88374],[12.31667,45.88369]]},"properties":{}},{"type":"Feature","geometry":{"type":"LineString","coordinates":[[12.31671,45.64609],[12.3167,45.64635]]},"properties":{}},{"type":"Feature","geometry":{"type":"LineString","coordinates":[[12.31679,45.64609],[12.3167,45.64635]]},"properties":{}},{"type":"Feature","geometry":{"type":"LineString","coordinates":[[12.31679,45.64609],[12.31671,45.64609]]},"properties":{}},{"type":"Feature","geometry":{"type":"LineString","coordinates":[[12.31807,45.64522],[12.31823,45.64538],[12.31829,45.6456],[12.31822,45.64579],[12.31808,45.64594],[12.31789,45.64603],[12.31764,45.64608],[12.31679,45.64609]]},"properties":{}},{"type":"Feature","geometry":{"type":"LineString","coordinates":[[12.31807,45.64522],[12.31774,45.64512],[12.31752,45.64509],[12.31725,45.64515],[12.31707,45.64524],[12.31694,45.64537],[12.31685,45.64557],[12.31679,45.64609]]},"properties":{}},{"type":"Feature","geometry":{"type":"LineString","coordinates":[[12.31692,45.88374],[12.31711,45.8838],[12.31756,45.88409],[12.31973,45.88595],[12.32128,45.8872],[12.31969,45.88822],[12.31788,45.88976]]},"properties":{}},{"type":"Feature","geometry":{"type":"LineString","coordinates":[[12.31712,45.8836],[12.31703,45.8837],[12.31692,45.88374]]},"properties":{}},{"type":"Feature","geometry":{"type":"LineString","coordinates":[[12.31703,45.88343],[12.31746,45.88345]]},"properties":{}},{"type":"Feature","geometry":{"type":"LineString","coordinates":[[12.31703,45.88343],[12.31709,45.88349],[12.31712,45.8836]]},"properties":{}},{"type":"Feature","geometry":{"type":"LineString","coordinates":[[12.31746,45.88345],[12.31729,45.8835],[12.31712,45.8836]]},"properties":{}},{"type":"Feature","geometry":{"type":"LineString","coordinates":[[12.32437,45.8807],[12.32181,45.88181],[12.31968,45.88268],[12.31848,45.88325],[12.31812,45.88334],[12.31746,45.88345]]},"properties":{}},{"type":"Feature","geometry":{"type":"LineString","coordinates":[[12.31783,45.9865],[12.31758,45.9866]]},"properties":{}},{"type":"Feature","geometry":{"type":"LineString","coordinates":[[12.31789,45.98663],[12.3178,45.9866],[12.31758,45.9866]]},"properties":{}},{"type":"Feature","geometry":{"type":"LineString","coordinates":[[12.31783,45.9865],[12.31806,45.98666]]},"properties":{}},{"type":"Feature","geometry":{"type":"LineString","coordinates":[[12.31789,45.98663],[12.31783,45.9865]]},"properties":{}},{"type":"Feature","geometry":{"type":"LineString","coordinates":[[12.31821,45.98638],[12.31783,45.9865]]},"properties":{}},{"type":"Feature","geometry":{"type":"LineString","coordinates":[[12.31784,45.554],[12.31793,45.55386]]},"properties":{}},{"type":"Feature","geometry":{"type":"LineString","coordinates":[[12.31815,45.55391],[12.31807,45.55398],[12.31784,45.554]]},"properties":{}},{"type":"Feature","geometry":{"type":"LineString","coordinates":[[12.32466,45.89257],[12.32419,45.89259],[12.32357,45.8925],[12.32134,45.89169],[12.32052,45.89129],[12.31788,45.88976]]},"properties":{}},{"type":"Feature","geometry":{"type":"LineString","coordinates":[[12.31806,45.98666],[12.31835,45.98691],[12.31857,45.98694],[12.31866,45.98702],[12.31865,45.9871],[12.31853,45.98718],[12.31789,45.98663]]},"properties":{}},{"type":"Feature","geometry":{"type":"LineString","coordinates":[[12.31792,45.55372],[12.31806,45.55382]]},"properties":{}},{"type":"Feature","geometry":{"type":"LineString","coordinates":[[12.31793,45.55386],[12.31792,45.55372]]},"properties":{}},{"type":"Feature","geometry":{"type":"LineString","coordinates":[[12.31793,45.55386],[12.31806,45.55382]]},"properties":{}},{"type":"Feature","geometry":{"type":"LineString","coordinates":[[12.31806,45.55382],[12.31808,45.55383]]},"properties":{}},{"type":"Feature","geometry":{"type":"LineString","coordinates":[[12.31821,45.98638],[12.31802,45.98653],[12.31801,45.98658],[12.31806,45.98666]]},"properties":{}},{"type":"Feature","geometry":{"type":"LineString","coordinates":[[12.31808,45.55383],[12.31813,45.55386],[12.31815,45.55391]]},"properties":{}},{"type":"Feature","geometry":{"type":"LineString","coordinates":[[12.31808,45.55383],[12.31837,45.55379]]},"properties":{}},{"type":"Feature","geometry":{"type":"LineString","coordinates":[[12.31837,45.55379],[12.31815,45.55391]]},"properties":{}},{"type":"Feature","geometry":{"type":"LineString","coordinates":[[12.31944,45.9861],[12.31873,45.98622],[12.31821,45.98638]]},"properties":{}},{"type":"Feature","geometry":{"type":"LineString","coordinates":[[12.31837,45.55379],[12.31887,45.55354],[12.31925,45.5532],[12.31948,45.55282],[12.3198,45.55194],[12.31997,45.55158],[12.32042,45.55104],[12.32069,45.5508],[12.32103,45.55057],[12.32352,45.54929],[12.32543,45.54843],[12.32649,45.54801],[12.32797,45.54762],[12.32856,45.54749],[12.32896,45.54747],[12.32932,45.54754]]},"properties":{}},{"type":"Feature","geometry":{"type":"LineString","coordinates":[[12.31883,45.9828],[12.31894,45.98284],[12.31901,45.98301],[12.31942,45.9837],[12.32009,45.98537],[12.32022,45.98551],[12.3204,45.9856]]},"properties":{}},{"type":"Feature","geometry":{"type":"LineString","coordinates":[[12.32063,45.98611],[12.32046,45.98619],[12.32034,45.98621],[12.31944,45.9861]]},"properties":{}},{"type":"Feature","geometry":{"type":"LineString","coordinates":[[12.31944,45.9861],[12.31974,45.98598],[12.31992,45.98574],[12.32006,45.98564],[12.32029,45.98559],[12.3204,45.9856]]},"properties":{}},{"type":"Feature","geometry":{"type":"LineString","coordinates":[[12.3204,45.9856],[12.32058,45.98566],[12.3207,45.98576]]},"properties":{}},{"type":"Feature","geometry":{"type":"LineString","coordinates":[[12.32043,45.92181],[12.32044,45.92195]]},"properties":{}},{"type":"Feature","geometry":{"type":"LineString","coordinates":[[12.32866,45.90325],[12.32056,45.91925],[12.32037,45.91981],[12.32029,45.92046],[12.32031,45.92091],[12.32043,45.92181]]},"properties":{}},{"type":"Feature","geometry":{"type":"LineString","coordinates":[[12.32043,45.92181],[12.32179,45.92145],[12.3227,45.92116],[12.32423,45.92062],[12.32555,45.92009],[12.32639,45.91971],[12.32769,45.91904],[12.32943,45.91802],[12.33115,45.91675],[12.33263,45.91544],[12.33365,45.9144],[12.33579,45.91204],[12.33688,45.91109],[12.33731,45.91075],[12.33843,45.90996],[12.3396,45.90921],[12.34174,45.90792],[12.34273,45.9072],[12.34342,45.90653],[12.34381,45.9061],[12.34444,45.90503],[12.34487,45.90393],[12.34498,45.90298],[12.34493,45.90184],[12.34477,45.9012],[12.34107,45.88885],[12.34085,45.88774],[12.34071,45.88672],[12.34066,45.88459],[12.34101,45.88279],[12.34137,45.88149],[12.34278,45.87742],[12.34299,45.87665],[12.34314,45.87586],[12.34315,45.87568]]},"properties":{}},{"type":"Feature","geometry":{"type":"LineString","coordinates":[[12.32044,45.92195],[12.3225,45.93921],[12.32284,45.94168],[12.32282,45.94184],[12.3227,45.94201],[12.32269,45.94209],[12.32273,45.94218],[12.32283,45.94226],[12.32292,45.94238],[12.32298,45.94278]]},"properties":{}},{"type":"Feature","geometry":{"type":"LineString","coordinates":[[12.3433,45.87566],[12.34313,45.87673],[12.34293,45.87747],[12.34156,45.88153],[12.34118,45.88282],[12.34098,45.88388],[12.34084,45.88522],[12.34089,45.88673],[12.34102,45.88772],[12.34118,45.88854],[12.34147,45.88965],[12.34513,45.90186],[12.34521,45.90301],[12.34516,45.90351],[12.34499,45.90425],[12.34466,45.90508],[12.34429,45.90581],[12.34399,45.90624],[12.34355,45.90675],[12.34294,45.90731],[12.34186,45.90812],[12.33976,45.90932],[12.33857,45.91005],[12.33708,45.91117],[12.33601,45.91214],[12.33288,45.91546],[12.3313,45.91684],[12.32955,45.91809],[12.32782,45.91913],[12.32649,45.91984],[12.32561,45.92023],[12.32431,45.92074],[12.32281,45.92128],[12.32184,45.92158],[12.32044,45.92195]]},"properties":{}},{"type":"Feature","geometry":{"type":"LineString","coordinates":[[12.3207,45.98576],[12.32075,45.98591],[12.32069,45.98605],[12.32063,45.98611]]},"properties":{}},{"type":"Feature","geometry":{"type":"LineString","coordinates":[[12.32115,45.98591],[12.32063,45.98611]]},"properties":{}},{"type":"Feature","geometry":{"type":"LineString","coordinates":[[12.3207,45.98576],[12.32089,45.98587],[12.32115,45.98591]]},"properties":{}},{"type":"Feature","geometry":{"type":"LineString","coordinates":[[12.32792,45.98594],[12.32497,45.98566],[12.32437,45.98562],[12.32365,45.98565],[12.32115,45.98591]]},"properties":{}},{"type":"Feature","geometry":{"type":"LineString","coordinates":[[12.32274,45.96393],[12.32188,45.96461],[12.32172,45.96477],[12.32128,45.96505]]},"properties":{}},{"type":"Feature","geometry":{"type":"LineString","coordinates":[[12.32612,45.50336],[12.32576,45.5031],[12.32443,45.50189],[12.32131,45.5]]},"properties":{}},{"type":"Feature","geometry":{"type":"LineString","coordinates":[[12.32146,45.89558],[12.32177,45.8957]]},"properties":{}},{"type":"Feature","geometry":{"type":"LineString","coordinates":[[12.32177,45.8957],[12.32168,45.89575],[12.32138,45.89563],[12.32146,45.89558]]},"properties":{}},{"type":"Feature","geometry":{"type":"LineString","coordinates":[[12.32177,45.8957],[12.32339,45.89635],[12.32366,45.8965],[12.32414,45.89683],[12.32771,45.90052]]},"properties":{}},{"type":"Feature","geometry":{"type":"LineString","coordinates":[[12.32205,45.66912],[12.32236,45.66913],[12.32262,45.66905],[12.32281,45.66889],[12.32298,45.66865],[12.32312,45.66851],[12.32328,45.66841],[12.32354,45.66832],[12.32381,45.66828],[12.32424,45.66827],[12.32455,45.66831],[12.32502,45.66846],[12.32535,45.66865],[12.32552,45.66883],[12.32564,45.66905],[12.32566,45.66939],[12.32562,45.66961],[12.32528,45.67013],[12.32525,45.67033],[12.32527,45.67043],[12.32539,45.67057],[12.32573,45.67085]]},"properties":{}},{"type":"Feature","geometry":{"type":"LineString","coordinates":[[12.32573,45.67085],[12.32391,45.66966],[12.32369,45.66954],[12.32304,45.66935],[12.32205,45.66912]]},"properties":{}},{"type":"Feature","geometry":{"type":"LineString","coordinates":[[12.32355,45.94796],[12.32492,45.95947],[12.32493,45.95986],[12.32484,45.96035],[12.32465,45.96073],[12.32319,45.96336],[12.32295,45.9637],[12.32274,45.96393]]},"properties":{}},{"type":"Feature","geometry":{"type":"LineString","coordinates":[[12.32904,45.94994],[12.32694,45.95452],[12.32686,45.95457],[12.32691,45.95462],[12.32905,45.95505],[12.33063,45.95552],[12.33262,45.95632],[12.33329,45.95689],[12.33321,45.95697],[12.3317,45.95794],[12.33102,45.95831],[12.32854,45.95983],[12.32845,45.95994],[12.32843,45.96002],[12.32923,45.96091],[12.32608,45.9621],[12.327,45.9627],[12.32761,45.96302],[12.32869,45.96399],[12.32873,45.9641],[12.32817,45.96445],[12.32767,45.96503],[12.32737,45.96495],[12.32671,45.96463],[12.32651,45.96436],[12.32582,45.96379],[12.32554,45.96363],[12.32488,45.96316],[12.32425,45.96292],[12.32344,45.96351],[12.32274,45.96393]]},"properties":{}},{"type":"Feature","geometry":{"type":"LineString","coordinates":[[12.32298,45.94278],[12.32306,45.94378],[12.3234,45.94676]]},"properties":{}},{"type":"Feature","geometry":{"type":"LineString","coordinates":[[12.32311,45.94184],[12.32327,45.94192],[12.32334,45.942],[12.32335,45.94209],[12.32331,45.94218],[12.32318,45.94227],[12.32305,45.94247],[12.32298,45.94278]]},"properties":{}},{"type":"Feature","geometry":{"type":"LineString","coordinates":[[12.3234,45.94676],[12.32352,45.94701],[12.32377,45.94718],[12.32383,45.94727],[12.32384,45.94736],[12.32381,45.94745],[12.32369,45.94756]]},"properties":{}},{"type":"Feature","geometry":{"type":"LineString","coordinates":[[12.32355,45.94796],[12.32347,45.94774],[12.32341,45.94768],[12.3231,45.94752],[12.32302,45.94738],[12.32303,45.94725],[12.32309,45.94717],[12.32329,45.94706],[12.32338,45.94695],[12.3234,45.94676]]},"properties":{}},{"type":"Feature","geometry":{"type":"LineString","coordinates":[[12.32369,45.94756],[12.32361,45.9476],[12.32358,45.94765],[12.32355,45.94796]]},"properties":{}},{"type":"Feature","geometry":{"type":"LineString","coordinates":[[12.32369,45.94756],[12.324,45.94753],[12.32436,45.94766],[12.32586,45.94836],[12.32886,45.94988],[12.32904,45.94993]]},"properties":{}},{"type":"Feature","geometry":{"type":"LineString","coordinates":[[12.32437,45.8807],[12.32462,45.88053]]},"properties":{}},{"type":"Feature","geometry":{"type":"LineString","coordinates":[[12.32468,45.88061],[12.32437,45.8807]]},"properties":{}},{"type":"Feature","geometry":{"type":"LineString","coordinates":[[12.32468,45.88061],[12.32462,45.88053]]},"properties":{}},{"type":"Feature","geometry":{"type":"LineString","coordinates":[[12.32462,45.88053],[12.32464,45.88047],[12.3247,45.88043],[12.32487,45.88044]]},"properties":{}},{"type":"Feature","geometry":{"type":"LineString","coordinates":[[12.32492,45.8805],[12.32492,45.88055],[12.32486,45.88061],[12.32477,45.88063],[12.32468,45.88061]]},"properties":{}},{"type":"Feature","geometry":{"type":"LineString","coordinates":[[12.32487,45.88044],[12.32492,45.8805]]},"properties":{}},{"type":"Feature","geometry":{"type":"LineString","coordinates":[[12.32487,45.88044],[12.32504,45.88041]]},"properties":{}},{"type":"Feature","geometry":{"type":"LineString","coordinates":[[12.32504,45.88041],[12.32492,45.8805]]},"properties":{}},{"type":"Feature","geometry":{"type":"LineString","coordinates":[[12.32504,45.88041],[12.32615,45.87993],[12.32783,45.87935],[12.32994,45.87871],[12.3311,45.87843],[12.33142,45.87832],[12.33173,45.87817],[12.33197,45.87797],[12.33204,45.87784],[12.33201,45.87774],[12.33203,45.87765],[12.33217,45.87748],[12.33229,45.87742],[12.33255,45.87739],[12.33268,45.87741],[12.33297,45.87757],[12.33315,45.8776],[12.33538,45.87742],[12.33765,45.87692],[12.34108,45.87605],[12.34133,45.87592]]},"properties":{}},{"type":"Feature","geometry":{"type":"LineString","coordinates":[[12.32573,45.67085],[12.32645,45.67126],[12.32814,45.67206],[12.32864,45.67222],[12.33154,45.67286]]},"properties":{}},{"type":"Feature","geometry":{"type":"LineString","coordinates":[[12.32623,45.50359],[12.32599,45.50355]]},"properties":{}},{"type":"Feature","geometry":{"type":"LineString","coordinates":[[12.32599,45.50355],[12.32619,45.50349]]},"properties":{}},{"type":"Feature","geometry":{"type":"LineString","coordinates":[[12.32612,45.50336],[12.32631,45.50342]]},"properties":{}},{"type":"Feature","geometry":{"type":"LineString","coordinates":[[12.32621,45.50347],[12.32612,45.50336]]},"properties":{}},{"type":"Feature","geometry":{"type":"LineString","coordinates":[[12.32623,45.50359],[12.32619,45.50349]]},"properties":{}},{"type":"Feature","geometry":{"type":"LineString","coordinates":[[12.32619,45.50349],[12.32621,45.50347]]},"properties":{}},{"type":"Feature","geometry":{"type":"LineString","coordinates":[[12.32621,45.50347],[12.32631,45.50342]]},"properties":{}},{"type":"Feature","geometry":{"type":"LineString","coordinates":[[12.32638,45.50361],[12.32623,45.50359]]},"properties":{}},{"type":"Feature","geometry":{"type":"LineString","coordinates":[[12.3263,45.64573],[12.32669,45.64557],[12.32687,45.64539],[12.327,45.64522],[12.32714,45.64514],[12.32733,45.64508],[12.32759,45.64509],[12.32788,45.64522],[12.32817,45.64526],[12.32861,45.64524]]},"properties":{}},{"type":"Feature","geometry":{"type":"LineString","coordinates":[[12.32861,45.64524],[12.32822,45.64538],[12.32801,45.64553],[12.32794,45.64569],[12.32785,45.64576],[12.32756,45.64588],[12.32725,45.64587],[12.327,45.64575],[12.32672,45.64571],[12.3263,45.64573]]},"properties":{}},{"type":"Feature","geometry":{"type":"LineString","coordinates":[[12.32631,45.50342],[12.3264,45.50344],[12.32646,45.50351]]},"properties":{}},{"type":"Feature","geometry":{"type":"LineString","coordinates":[[12.32646,45.50351],[12.32644,45.50357],[12.32638,45.50361]]},"properties":{}},{"type":"Feature","geometry":{"type":"LineString","coordinates":[[12.32675,45.50361],[12.32638,45.50361]]},"properties":{}},{"type":"Feature","geometry":{"type":"LineString","coordinates":[[12.32646,45.50351],[12.32675,45.50361]]},"properties":{}},{"type":"Feature","geometry":{"type":"LineString","coordinates":[[12.32675,45.50361],[12.32798,45.50399],[12.32853,45.50422],[12.32929,45.50462],[12.33044,45.50532]]},"properties":{}},{"type":"Feature","geometry":{"type":"LineString","coordinates":[[12.32771,45.90052],[12.32801,45.90074],[12.3283,45.90084],[12.32837,45.90104],[12.32848,45.90117]]},"properties":{}},{"type":"Feature","geometry":{"type":"LineString","coordinates":[[12.32848,45.90117],[12.32819,45.901],[12.32805,45.90095],[12.32803,45.90089],[12.32771,45.90052]]},"properties":{}},{"type":"Feature","geometry":{"type":"LineString","coordinates":[[12.3279,45.98595],[12.32792,45.98594]]},"properties":{}},{"type":"Feature","geometry":{"type":"LineString","coordinates":[[12.32792,45.98594],[12.32804,45.98595]]},"properties":{}},{"type":"Feature","geometry":{"type":"LineString","coordinates":[[12.33753,45.98141],[12.33582,45.98256],[12.33555,45.98277],[12.33439,45.9839],[12.33413,45.98407],[12.33046,45.98578],[12.33006,45.98593],[12.32973,45.98601],[12.32939,45.98604],[12.32828,45.98598],[12.32806,45.98603]]},"properties":{}},{"type":"Feature","geometry":{"type":"LineString","coordinates":[[12.32899,45.90155],[12.32848,45.90117]]},"properties":{}},{"type":"Feature","geometry":{"type":"LineString","coordinates":[[12.40308,45.63739],[12.40075,45.63771],[12.39662,45.63816],[12.39418,45.63839],[12.39206,45.63869],[12.38656,45.63933],[12.38399,45.63961],[12.38289,45.63968],[12.38133,45.63971],[12.38076,45.63969],[12.36763,45.63894],[12.36527,45.63897],[12.36385,45.63907],[12.36167,45.63926],[12.3507,45.64048],[12.34913,45.64072],[12.32861,45.64524]]},"properties":{}},{"type":"Feature","geometry":{"type":"LineString","coordinates":[[12.32866,45.90325],[12.32924,45.90198],[12.32921,45.90185],[12.32901,45.90167],[12.32899,45.90155]]},"properties":{}},{"type":"Feature","geometry":{"type":"LineString","coordinates":[[12.32866,45.90325],[12.32924,45.9022],[12.32945,45.90188],[12.32899,45.90155]]},"properties":{}},{"type":"Feature","geometry":{"type":"LineString","coordinates":[[12.32932,45.54754],[12.32962,45.54753],[12.32974,45.54748],[12.32991,45.54751],[12.33,45.5476],[12.33007,45.54778],[12.33016,45.54785]]},"properties":{}},{"type":"Feature","geometry":{"type":"LineString","coordinates":[[12.33016,45.54785],[12.32965,45.54778],[12.32947,45.5476],[12.32932,45.54754]]},"properties":{}},{"type":"Feature","geometry":{"type":"LineString","coordinates":[[12.33186,45.5503],[12.33138,45.54956],[12.33086,45.54898],[12.33042,45.54809],[12.33028,45.54793],[12.33016,45.54785]]},"properties":{}},{"type":"Feature","geometry":{"type":"LineString","coordinates":[[12.33044,45.50532],[12.33107,45.5056],[12.33136,45.50563]]},"properties":{}},{"type":"Feature","geometry":{"type":"LineString","coordinates":[[12.33098,45.50591],[12.33095,45.5058],[12.33086,45.50567],[12.33044,45.50532]]},"properties":{}},{"type":"Feature","geometry":{"type":"LineString","coordinates":[[12.33169,45.50632],[12.33143,45.50634],[12.33117,45.50627],[12.331,45.50611],[12.33098,45.50591]]},"properties":{}},{"type":"Feature","geometry":{"type":"LineString","coordinates":[[12.33098,45.50591],[12.33112,45.50573],[12.33136,45.50563]]},"properties":{}},{"type":"Feature","geometry":{"type":"LineString","coordinates":[[12.33136,45.50563],[12.33159,45.50563]]},"properties":{}},{"type":"Feature","geometry":{"type":"LineString","coordinates":[[12.33154,45.67286],[12.332,45.67296]]},"properties":{}},{"type":"Feature","geometry":{"type":"LineString","coordinates":[[12.33194,45.67309],[12.33154,45.67286]]},"properties":{}},{"type":"Feature","geometry":{"type":"LineString","coordinates":[[12.33159,45.50563],[12.33183,45.50572],[12.33198,45.50588]]},"properties":{}},{"type":"Feature","geometry":{"type":"LineString","coordinates":[[12.33159,45.50563],[12.33181,45.50558],[12.33222,45.50541],[12.33338,45.50471],[12.33347,45.50458],[12.33348,45.50445],[12.33355,45.50436],[12.33368,45.5043],[12.33387,45.50429]]},"properties":{}},{"type":"Feature","geometry":{"type":"LineString","coordinates":[[12.33199,45.50606],[12.33189,45.50621],[12.33169,45.50632]]},"properties":{}},{"type":"Feature","geometry":{"type":"LineString","coordinates":[[12.33373,45.50739],[12.33228,45.5065],[12.33197,45.50638],[12.33169,45.50632]]},"properties":{}},{"type":"Feature","geometry":{"type":"LineString","coordinates":[[12.33186,45.5503],[12.33211,45.55044],[12.33235,45.55049]]},"properties":{}},{"type":"Feature","geometry":{"type":"LineString","coordinates":[[12.33235,45.55049],[12.33206,45.55058],[12.33195,45.55057],[12.33191,45.55053],[12.33186,45.5503]]},"properties":{}},{"type":"Feature","geometry":{"type":"LineString","coordinates":[[12.33223,45.67334],[12.33205,45.67333],[12.33194,45.67309]]},"properties":{}},{"type":"Feature","geometry":{"type":"LineString","coordinates":[[12.33194,45.67309],[12.33193,45.67301],[12.332,45.67296]]},"properties":{}},{"type":"Feature","geometry":{"type":"LineString","coordinates":[[12.33198,45.50588],[12.33199,45.50606]]},"properties":{}},{"type":"Feature","geometry":{"type":"LineString","coordinates":[[12.33425,45.50486],[12.33413,45.5048],[12.3339,45.50475],[12.33367,45.50474],[12.3334,45.50483],[12.33224,45.50553],[12.33204,45.50572],[12.33198,45.50588]]},"properties":{}},{"type":"Feature","geometry":{"type":"LineString","coordinates":[[12.33199,45.50606],[12.33209,45.5062],[12.33231,45.5064],[12.33345,45.50708],[12.33399,45.50744],[12.33788,45.5103],[12.33836,45.51058],[12.33902,45.51085],[12.33945,45.51095],[12.33967,45.51095],[12.33981,45.51091]]},"properties":{}},{"type":"Feature","geometry":{"type":"LineString","coordinates":[[12.332,45.67296],[12.33215,45.67296],[12.33218,45.67299],[12.33232,45.67322]]},"properties":{}},{"type":"Feature","geometry":{"type":"LineString","coordinates":[[12.33232,45.67322],[12.33223,45.67334]]},"properties":{}},{"type":"Feature","geometry":{"type":"LineString","coordinates":[[12.33259,45.67339],[12.33243,45.67335],[12.33223,45.67334]]},"properties":{}},{"type":"Feature","geometry":{"type":"LineString","coordinates":[[12.34148,45.87611],[12.34092,45.87616],[12.34046,45.87627],[12.33996,45.87645],[12.33954,45.87664],[12.33884,45.87712],[12.33842,45.87748],[12.33819,45.87775],[12.3378,45.87829],[12.33742,45.87843],[12.33728,45.87842],[12.33695,45.87833],[12.33638,45.87785],[12.33579,45.87764],[12.33547,45.87757],[12.33503,45.87757],[12.33315,45.87772],[12.33298,45.87777],[12.33289,45.87793],[12.33265,45.87805],[12.33244,45.87806],[12.33227,45.87803]]},"properties":{}},{"type":"Feature","geometry":{"type":"LineString","coordinates":[[12.33232,45.67322],[12.33259,45.67339]]},"properties":{}},{"type":"Feature","geometry":{"type":"LineString","coordinates":[[12.34184,45.5484],[12.33954,45.54855],[12.3393,45.54859],[12.33503,45.55007],[12.33439,45.55026],[12.33345,45.55047],[12.33235,45.55049]]},"properties":{}},{"type":"Feature","geometry":{"type":"LineString","coordinates":[[12.33662,45.67589],[12.33574,45.67531],[12.33259,45.67339]]},"properties":{}},{"type":"Feature","geometry":{"type":"LineString","coordinates":[[12.3359,45.50899],[12.33373,45.50739]]},"properties":{}},{"type":"Feature","geometry":{"type":"LineString","coordinates":[[12.3359,45.50899],[12.33525,45.50863],[12.33471,45.50825],[12.33373,45.50739]]},"properties":{}},{"type":"Feature","geometry":{"type":"LineString","coordinates":[[12.33387,45.50429],[12.334,45.50433],[12.33411,45.50444],[12.33415,45.5047],[12.33425,45.50486]]},"properties":{}},{"type":"Feature","geometry":{"type":"LineString","coordinates":[[12.33387,45.50429],[12.3341,45.50428],[12.33423,45.50421],[12.33605,45.50305],[12.33612,45.50298],[12.33614,45.50284],[12.33623,45.50275],[12.33635,45.50272],[12.33663,45.50272],[12.33692,45.50258],[12.33714,45.50258],[12.33749,45.50274],[12.33773,45.50295],[12.339,45.50369],[12.33907,45.50381],[12.33898,45.50535],[12.33913,45.50573],[12.33915,45.50588],[12.339,45.50612],[12.33828,45.50666],[12.33792,45.50695],[12.33788,45.50702],[12.33755,45.50723]]},"properties":{}},{"type":"Feature","geometry":{"type":"LineString","coordinates":[[12.33425,45.50486],[12.3366,45.50672]]},"properties":{}},{"type":"Feature","geometry":{"type":"LineString","coordinates":[[12.3385,45.51075],[12.33807,45.51053],[12.33756,45.51022],[12.3359,45.50899]]},"properties":{}},{"type":"Feature","geometry":{"type":"LineString","coordinates":[[12.33705,45.62185],[12.33695,45.62182],[12.33639,45.62142],[12.33617,45.6212]]},"properties":{}},{"type":"Feature","geometry":{"type":"LineString","coordinates":[[12.33617,45.6212],[12.33595,45.62109],[12.33567,45.62105],[12.33581,45.62084],[12.33588,45.62086],[12.33621,45.62114],[12.33617,45.6212]]},"properties":{}},{"type":"Feature","geometry":{"type":"LineString","coordinates":[[12.3366,45.50672],[12.33671,45.50675],[12.33715,45.50709],[12.33737,45.50717]]},"properties":{}},{"type":"Feature","geometry":{"type":"LineString","coordinates":[[12.33721,45.50727],[12.3366,45.50672]]},"properties":{}},{"type":"Feature","geometry":{"type":"LineString","coordinates":[[12.33662,45.67589],[12.33682,45.67593],[12.33702,45.6759]]},"properties":{}},{"type":"Feature","geometry":{"type":"LineString","coordinates":[[12.33702,45.67614],[12.33662,45.67589]]},"properties":{}},{"type":"Feature","geometry":{"type":"LineString","coordinates":[[12.33702,45.67614],[12.33698,45.67604],[12.33702,45.6759]]},"properties":{}},{"type":"Feature","geometry":{"type":"LineString","coordinates":[[12.33702,45.6759],[12.3371,45.67581],[12.33733,45.67573],[12.3375,45.67573],[12.33763,45.67577],[12.33776,45.67586],[12.33782,45.67599],[12.33781,45.6761],[12.33767,45.67625]]},"properties":{}},{"type":"Feature","geometry":{"type":"LineString","coordinates":[[12.33743,45.67631],[12.33726,45.6763],[12.33713,45.67624],[12.33702,45.67614]]},"properties":{}},{"type":"Feature","geometry":{"type":"LineString","coordinates":[[12.34705,45.60558],[12.347,45.60568],[12.34702,45.60596],[12.34695,45.60649],[12.3466,45.60814],[12.34655,45.60828],[12.34601,45.60918],[12.34427,45.61198],[12.34399,45.6123],[12.34119,45.61452],[12.34089,45.61484],[12.34063,45.61544],[12.34056,45.61574],[12.3403,45.61769],[12.34019,45.61798],[12.33995,45.61829],[12.33956,45.61859],[12.3381,45.61948],[12.33786,45.61966],[12.33767,45.61987],[12.3375,45.62011],[12.33739,45.62042],[12.33705,45.62185]]},"properties":{}},{"type":"Feature","geometry":{"type":"LineString","coordinates":[[12.3374,45.50743],[12.33724,45.50737],[12.33721,45.50727]]},"properties":{}},{"type":"Feature","geometry":{"type":"LineString","coordinates":[[12.33721,45.50727],[12.33727,45.50719],[12.33737,45.50717]]},"properties":{}},{"type":"Feature","geometry":{"type":"LineString","coordinates":[[12.33737,45.50717],[12.33746,45.50718],[12.33755,45.50723]]},"properties":{}},{"type":"Feature","geometry":{"type":"LineString","coordinates":[[12.33752,45.50844],[12.33808,45.50805],[12.33811,45.50797],[12.33805,45.5079],[12.33756,45.5075],[12.3374,45.50743]]},"properties":{}},{"type":"Feature","geometry":{"type":"LineString","coordinates":[[12.33757,45.50732],[12.33752,45.50739],[12.3374,45.50743]]},"properties":{}},{"type":"Feature","geometry":{"type":"LineString","coordinates":[[12.33768,45.67651],[12.33743,45.67631]]},"properties":{}},{"type":"Feature","geometry":{"type":"LineString","coordinates":[[12.33767,45.67625],[12.33743,45.67631]]},"properties":{}},{"type":"Feature","geometry":{"type":"LineString","coordinates":[[12.33997,45.50949],[12.3391,45.50942],[12.33894,45.50945],[12.33849,45.50967],[12.33829,45.50968],[12.33817,45.50964],[12.33789,45.50945],[12.33729,45.50897],[12.33721,45.50887],[12.33719,45.50877],[12.33724,45.50865],[12.33752,45.50844]]},"properties":{}},{"type":"Feature","geometry":{"type":"LineString","coordinates":[[12.33757,45.50732],[12.33765,45.50744],[12.33818,45.50788],[12.33821,45.508],[12.33814,45.50811],[12.33782,45.50831],[12.33752,45.50844]]},"properties":{}},{"type":"Feature","geometry":{"type":"LineString","coordinates":[[12.33753,45.98141],[12.33689,45.98079],[12.33644,45.98009],[12.33593,45.97962],[12.3359,45.97957],[12.33594,45.97953],[12.33628,45.97934],[12.33645,45.97935],[12.33677,45.97944],[12.33694,45.97953],[12.33793,45.98027],[12.33877,45.98058],[12.33753,45.98141]]},"properties":{}},{"type":"Feature","geometry":{"type":"LineString","coordinates":[[12.33755,45.50723],[12.33757,45.50732]]},"properties":{}},{"type":"Feature","geometry":{"type":"LineString","coordinates":[[12.33767,45.67625],[12.33766,45.67639],[12.33768,45.67651]]},"properties":{}},{"type":"Feature","geometry":{"type":"LineString","coordinates":[[12.46036,45.71475],[12.45881,45.71436],[12.45815,45.71415],[12.45737,45.71378],[12.45687,45.71348],[12.45649,45.71319],[12.45606,45.71278],[12.45308,45.70935],[12.45273,45.70908],[12.45228,45.70884],[12.45203,45.70875],[12.4515,45.70862],[12.45029,45.70844],[12.44964,45.7083],[12.44808,45.70782],[12.44549,45.70696],[12.4262,45.70009],[12.41272,45.69541],[12.40111,45.69148],[12.39248,45.68869],[12.3869,45.687],[12.38448,45.6863],[12.3756,45.68421],[12.34683,45.68053],[12.3438,45.68009],[12.34322,45.67989],[12.34074,45.6784],[12.33768,45.67651]]},"properties":{}},{"type":"Feature","geometry":{"type":"LineString","coordinates":[[12.33949,45.51133],[12.33937,45.51112],[12.33926,45.51104],[12.3385,45.51075]]},"properties":{}},{"type":"Feature","geometry":{"type":"LineString","coordinates":[[12.33899,45.51229],[12.33917,45.51202],[12.33933,45.51168],[12.33936,45.51153],[12.33934,45.51138],[12.33924,45.51122],[12.3391,45.51108],[12.33887,45.51093],[12.3385,45.51075]]},"properties":{}},{"type":"Feature","geometry":{"type":"LineString","coordinates":[[12.33899,45.51229],[12.33948,45.51177],[12.33954,45.51161],[12.33952,45.51142]]},"properties":{}},{"type":"Feature","geometry":{"type":"LineString","coordinates":[[12.34019,45.51166],[12.33988,45.51176],[12.33951,45.51196],[12.33926,45.51216],[12.33911,45.51233]]},"properties":{}},{"type":"Feature","geometry":{"type":"LineString","coordinates":[[12.34283,45.51187],[12.34221,45.51182],[12.34125,45.5117],[12.34057,45.51172],[12.34019,45.51179],[12.33979,45.51192],[12.33948,45.51208],[12.33911,45.51233]]},"properties":{}},{"type":"Feature","geometry":{"type":"LineString","coordinates":[[12.33952,45.51142],[12.33949,45.51133]]},"properties":{}},{"type":"Feature","geometry":{"type":"LineString","coordinates":[[12.33949,45.51133],[12.33949,45.51121],[12.33954,45.5111],[12.33963,45.511],[12.33981,45.51091]]},"properties":{}},{"type":"Feature","geometry":{"type":"LineString","coordinates":[[12.34019,45.51166],[12.33999,45.51167],[12.33979,45.51163],[12.33963,45.51154],[12.33952,45.51142]]},"properties":{}},{"type":"Feature","geometry":{"type":"LineString","coordinates":[[12.33981,45.51091],[12.34005,45.51087],[12.34029,45.51091],[12.34048,45.51101],[12.3406,45.51116]]},"properties":{}},{"type":"Feature","geometry":{"type":"LineString","coordinates":[[12.33997,45.50949],[12.3402,45.50952],[12.34038,45.50961],[12.34271,45.51143],[12.34294,45.51153],[12.34316,45.51153],[12.34334,45.51146],[12.34479,45.51053],[12.34495,45.51046],[12.34526,45.51045],[12.347,45.51061],[12.34718,45.51066],[12.34735,45.51074],[12.34797,45.51121],[12.34808,45.51133],[12.34811,45.51144],[12.34805,45.51154],[12.34743,45.51198],[12.34729,45.51211]]},"properties":{}},{"type":"Feature","geometry":{"type":"LineString","coordinates":[[12.34718,45.51208],[12.34786,45.51159],[12.34798,45.51147],[12.34799,45.51142],[12.34792,45.51128],[12.34726,45.51077],[12.34712,45.5107],[12.34525,45.51052],[12.34498,45.51053],[12.3434,45.51154],[12.34318,45.51161],[12.34298,45.51161],[12.34273,45.51152],[12.34026,45.5096],[12.33997,45.50949]]},"properties":{}},{"type":"Feature","geometry":{"type":"LineString","coordinates":[[12.34037,45.51161],[12.34019,45.51166]]},"properties":{}},{"type":"Feature","geometry":{"type":"LineString","coordinates":[[12.3406,45.51116],[12.34062,45.51131],[12.34058,45.51143],[12.34049,45.51153],[12.34037,45.51161]]},"properties":{}},{"type":"Feature","geometry":{"type":"LineString","coordinates":[[12.34216,45.51177],[12.34165,45.5117],[12.34079,45.51153],[12.34064,45.51153],[12.34037,45.51161]]},"properties":{}},{"type":"Feature","geometry":{"type":"LineString","coordinates":[[12.3406,45.51116],[12.34077,45.51132],[12.3409,45.51139],[12.34154,45.51162],[12.34216,45.51177]]},"properties":{}},{"type":"Feature","geometry":{"type":"LineString","coordinates":[[12.34071,45.57336],[12.34201,45.57356],[12.34368,45.57394],[12.34491,45.5743],[12.34596,45.57467],[12.34667,45.57497],[12.34798,45.57562],[12.35039,45.57698]]},"properties":{}},{"type":"Feature","geometry":{"type":"LineString","coordinates":[[12.34084,45.57358],[12.34071,45.57336]]},"properties":{}},{"type":"Feature","geometry":{"type":"LineString","coordinates":[[12.34998,45.57691],[12.34865,45.57613],[12.34725,45.57545],[12.34583,45.57482],[12.34357,45.57411],[12.34195,45.57375],[12.34084,45.57358]]},"properties":{}},{"type":"Feature","geometry":{"type":"LineString","coordinates":[[12.34998,45.57691],[12.34833,45.57615],[12.34655,45.5754],[12.34555,45.57503],[12.34516,45.57494],[12.34465,45.57487],[12.34313,45.57475],[12.34267,45.57468],[12.34203,45.57449],[12.34146,45.57419],[12.34113,45.57394],[12.34084,45.57358]]},"properties":{}},{"type":"Feature","geometry":{"type":"LineString","coordinates":[[12.34148,45.87611],[12.3414,45.87606],[12.34133,45.87592]]},"properties":{}},{"type":"Feature","geometry":{"type":"LineString","coordinates":[[12.34133,45.87592],[12.34142,45.87576],[12.34156,45.8757],[12.34176,45.87571],[12.34188,45.87576]]},"properties":{}},{"type":"Feature","geometry":{"type":"LineString","coordinates":[[12.34197,45.8759],[12.34193,45.87604],[12.34181,45.87612],[12.34164,45.87614],[12.34148,45.87611]]},"properties":{}},{"type":"Feature","geometry":{"type":"LineString","coordinates":[[12.34288,45.54834],[12.34286,45.54821],[12.34217,45.54657],[12.34167,45.5466],[12.34161,45.54663],[12.3416,45.54668],[12.34184,45.5484]]},"properties":{}},{"type":"Feature","geometry":{"type":"LineString","coordinates":[[12.34288,45.54834],[12.34184,45.5484]]},"properties":{}},{"type":"Feature","geometry":{"type":"LineString","coordinates":[[12.34188,45.87576],[12.34197,45.8759]]},"properties":{}},{"type":"Feature","geometry":{"type":"LineString","coordinates":[[12.34188,45.87576],[12.34255,45.87575]]},"properties":{}},{"type":"Feature","geometry":{"type":"LineString","coordinates":[[12.34255,45.87575],[12.34197,45.8759]]},"properties":{}},{"type":"Feature","geometry":{"type":"LineString","coordinates":[[12.34283,45.51187],[12.34216,45.51177]]},"properties":{}},{"type":"Feature","geometry":{"type":"LineString","coordinates":[[12.34255,45.87575],[12.34315,45.87568]]},"properties":{}},{"type":"Feature","geometry":{"type":"LineString","coordinates":[[12.34283,45.51187],[12.34391,45.51202],[12.34533,45.51215]]},"properties":{}},{"type":"Feature","geometry":{"type":"LineString","coordinates":[[12.34288,45.54834],[12.34343,45.54832],[12.34382,45.54838],[12.34411,45.54846],[12.34465,45.5488],[12.34481,45.549],[12.34525,45.54978],[12.3464,45.55197],[12.34679,45.55286],[12.34723,45.55406],[12.34816,45.55696],[12.34838,45.55732],[12.34864,45.55762],[12.34976,45.55843],[12.35274,45.56045],[12.35764,45.56382],[12.35898,45.56475],[12.35946,45.56513],[12.35975,45.56546],[12.35996,45.56578],[12.36036,45.5666],[12.36058,45.56695],[12.36176,45.56857],[12.36182,45.56869],[12.3618,45.56883],[12.36169,45.569],[12.36168,45.56909],[12.36172,45.56918],[12.36191,45.56931],[12.36217,45.56934],[12.36232,45.5694],[12.36244,45.5695],[12.36644,45.57497],[12.36673,45.57528],[12.36719,45.57561],[12.37373,45.57933],[12.37386,45.57944],[12.37065,45.58058],[12.37053,45.58055],[12.37046,45.58059],[12.37046,45.58064],[12.36498,45.58186],[12.36462,45.5812],[12.36345,45.57859],[12.36233,45.57634],[12.36231,45.5762],[12.36219,45.57608],[12.36141,45.57455],[12.36228,45.57434],[12.3623,45.5743],[12.36216,45.57397],[12.3629,45.57382],[12.36497,45.57503],[12.36502,45.57499]]},"properties":{}},{"type":"Feature","geometry":{"type":"LineString","coordinates":[[12.34315,45.87568],[12.3433,45.87566]]},"properties":{}},{"type":"Feature","geometry":{"type":"LineString","coordinates":[[12.38841,45.86815],[12.3802,45.86955],[12.37396,45.87055],[12.36947,45.87134],[12.35473,45.87374],[12.3433,45.87566]]},"properties":{}},{"type":"Feature","geometry":{"type":"LineString","coordinates":[[12.34533,45.51215],[12.34711,45.5123]]},"properties":{}},{"type":"Feature","geometry":{"type":"LineString","coordinates":[[12.34533,45.51215],[12.34575,45.51213],[12.34679,45.51221],[12.34696,45.51218],[12.34718,45.51208]]},"properties":{}},{"type":"Feature","geometry":{"type":"LineString","coordinates":[[12.34711,45.5123],[12.34793,45.51238]]},"properties":{}},{"type":"Feature","geometry":{"type":"LineString","coordinates":[[12.34711,45.5123],[12.34709,45.51219],[12.34718,45.51208]]},"properties":{}},{"type":"Feature","geometry":{"type":"LineString","coordinates":[[12.34729,45.51211],[12.34711,45.5123]]},"properties":{}},{"type":"Feature","geometry":{"type":"LineString","coordinates":[[12.34729,45.51211],[12.34732,45.51221],[12.34738,45.51227],[12.34782,45.51232],[12.34793,45.51238]]},"properties":{}},{"type":"Feature","geometry":{"type":"LineString","coordinates":[[12.34793,45.51238],[12.34848,45.51249]]},"properties":{}},{"type":"Feature","geometry":{"type":"LineString","coordinates":[[12.34848,45.51249],[12.34941,45.51259],[12.34995,45.51269],[12.35057,45.5129],[12.35109,45.51314],[12.35147,45.51339],[12.35216,45.51398],[12.35217,45.51414],[12.35248,45.51441],[12.35286,45.5149]]},"properties":{}},{"type":"Feature","geometry":{"type":"LineString","coordinates":[[12.34848,45.51249],[12.34951,45.51279],[12.35001,45.51298],[12.35112,45.51351],[12.35181,45.51393],[12.35241,45.51443],[12.35286,45.5149]]},"properties":{}},{"type":"Feature","geometry":{"type":"LineString","coordinates":[[12.43508,45.62589],[12.43012,45.62358],[12.41856,45.61832],[12.41468,45.6165],[12.41196,45.61507],[12.3853,45.60036],[12.38287,45.5989],[12.37998,45.59702],[12.36612,45.58744],[12.35556,45.58019],[12.35214,45.57815],[12.34998,45.57691]]},"properties":{}},{"type":"Feature","geometry":{"type":"LineString","coordinates":[[12.35039,45.57698],[12.35347,45.57877],[12.3556,45.58008],[12.35726,45.58118],[12.37999,45.59682],[12.38272,45.59863],[12.38434,45.59962],[12.38665,45.60093],[12.3971,45.60673],[12.41303,45.61548],[12.41593,45.61694],[12.43525,45.62581]]},"properties":{}},{"type":"Feature","geometry":{"type":"LineString","coordinates":[[12.35286,45.5149],[12.35462,45.51706],[12.35502,45.51748],[12.35553,45.51792],[12.35563,45.51808],[12.35573,45.51831]]},"properties":{}},{"type":"Feature","geometry":{"type":"LineString","coordinates":[[12.35573,45.51831],[12.35583,45.51846],[12.35597,45.51858],[12.35634,45.51864]]},"properties":{}},{"type":"Feature","geometry":{"type":"LineString","coordinates":[[12.35619,45.51888],[12.35611,45.51886],[12.35602,45.5188],[12.35596,45.51867],[12.35576,45.51847],[12.35573,45.51831]]},"properties":{}},{"type":"Feature","geometry":{"type":"LineString","coordinates":[[12.35661,45.51895],[12.35641,45.5189],[12.35619,45.51888]]},"properties":{}},{"type":"Feature","geometry":{"type":"LineString","coordinates":[[12.3564,45.51876],[12.35634,45.51884],[12.35619,45.51888]]},"properties":{}},{"type":"Feature","geometry":{"type":"LineString","coordinates":[[12.35634,45.51864],[12.35679,45.51869]]},"properties":{}},{"type":"Feature","geometry":{"type":"LineString","coordinates":[[12.35634,45.51864],[12.3564,45.51875]]},"properties":{}},{"type":"Feature","geometry":{"type":"LineString","coordinates":[[12.3564,45.51876],[12.35643,45.51883],[12.35661,45.51895]]},"properties":{}},{"type":"Feature","geometry":{"type":"LineString","coordinates":[[12.3564,45.51875],[12.3564,45.51876]]},"properties":{}},{"type":"Feature","geometry":{"type":"LineString","coordinates":[[12.35679,45.51869],[12.35664,45.51869],[12.3564,45.51875]]},"properties":{}},{"type":"Feature","geometry":{"type":"LineString","coordinates":[[12.35782,45.52042],[12.35727,45.5196],[12.35673,45.51905],[12.35661,45.51895]]},"properties":{}},{"type":"Feature","geometry":{"type":"LineString","coordinates":[[12.35679,45.51869],[12.35798,45.51919],[12.36046,45.52002],[12.36227,45.5208],[12.36277,45.52105],[12.36926,45.52466],[12.37024,45.52513],[12.37108,45.52544],[12.37166,45.5256],[12.37238,45.52576],[12.3846,45.52795],[12.38526,45.52811],[12.38594,45.52835],[12.38651,45.5286],[12.38706,45.52892],[12.39334,45.53307]]},"properties":{}},{"type":"Feature","geometry":{"type":"LineString","coordinates":[[12.35782,45.52042],[12.35794,45.52045],[12.35835,45.5211],[12.35827,45.52114]]},"properties":{}},{"type":"Feature","geometry":{"type":"LineString","coordinates":[[12.35827,45.52114],[12.35782,45.52042]]},"properties":{}},{"type":"Feature","geometry":{"type":"LineString","coordinates":[[12.3591,45.52227],[12.35902,45.52232],[12.35827,45.52114]]},"properties":{}},{"type":"Feature","geometry":{"type":"LineString","coordinates":[[12.39334,45.53307],[12.39362,45.5332],[12.3939,45.53322],[12.39399,45.53326],[12.39406,45.53333],[12.39411,45.5335],[12.39433,45.53372]]},"properties":{}},{"type":"Feature","geometry":{"type":"LineString","coordinates":[[12.39433,45.53372],[12.39406,45.53358],[12.39379,45.53356],[12.39365,45.53351],[12.39359,45.53344],[12.39354,45.53327],[12.39334,45.53307]]},"properties":{}},{"type":"Feature","geometry":{"type":"LineString","coordinates":[[12.39433,45.53372],[12.39705,45.53551],[12.39747,45.53583],[12.40018,45.53849],[12.40461,45.54294],[12.40492,45.54319],[12.40551,45.54355],[12.40776,45.54452],[12.43255,45.55473]]},"properties":{}},{"type":"Feature","geometry":{"type":"LineString","coordinates":[[12.40308,45.63739],[12.40326,45.63733],[12.40339,45.63723]]},"properties":{}},{"type":"Feature","geometry":{"type":"LineString","coordinates":[[12.40358,45.63745],[12.40308,45.63739]]},"properties":{}},{"type":"Feature","geometry":{"type":"LineString","coordinates":[[12.40358,45.63745],[12.40345,45.63735],[12.40339,45.63723]]},"properties":{}},{"type":"Feature","geometry":{"type":"LineString","coordinates":[[12.40339,45.63723],[12.40339,45.63717],[12.40345,45.63704],[12.40359,45.63696],[12.40377,45.63692],[12.40404,45.63698],[12.40419,45.63714]]},"properties":{}},{"type":"Feature","geometry":{"type":"LineString","coordinates":[[12.40415,45.63733],[12.40394,45.63746],[12.40376,45.63748],[12.40358,45.63745]]},"properties":{}},{"type":"Feature","geometry":{"type":"LineString","coordinates":[[12.40419,45.63714],[12.4042,45.63721],[12.40415,45.63733]]},"properties":{}},{"type":"Feature","geometry":{"type":"LineString","coordinates":[[12.40471,45.63719],[12.40415,45.63733]]},"properties":{}},{"type":"Feature","geometry":{"type":"LineString","coordinates":[[12.40419,45.63714],[12.40471,45.63719]]},"properties":{}},{"type":"Feature","geometry":{"type":"LineString","coordinates":[[12.43154,45.63528],[12.42273,45.63523],[12.41443,45.63638],[12.40748,45.63683],[12.40667,45.63692],[12.40471,45.63719]]},"properties":{}},{"type":"Feature","geometry":{"type":"LineString","coordinates":[[12.43649,45.63533],[12.4363,45.63528],[12.43606,45.63527],[12.43488,45.63537],[12.4336,45.63539],[12.43154,45.63528]]},"properties":{}},{"type":"Feature","geometry":{"type":"LineString","coordinates":[[12.43154,45.63528],[12.43328,45.6352],[12.43492,45.63517],[12.43608,45.63507],[12.43636,45.63495]]},"properties":{}},{"type":"Feature","geometry":{"type":"LineString","coordinates":[[12.43255,45.55473],[12.43727,45.55602],[12.44046,45.55694]]},"properties":{}},{"type":"Feature","geometry":{"type":"LineString","coordinates":[[12.43807,45.55699],[12.43255,45.55473]]},"properties":{}},{"type":"Feature","geometry":{"type":"LineString","coordinates":[[12.43912,45.62774],[12.43508,45.62589]]},"properties":{}},{"type":"Feature","geometry":{"type":"LineString","coordinates":[[12.43641,45.63487],[12.43638,45.63463],[12.43599,45.63419],[12.43577,45.63375],[12.43576,45.6335],[12.43579,45.63325],[12.43631,45.63133],[12.43648,45.63099],[12.43684,45.63052],[12.43698,45.63029],[12.43764,45.62873],[12.43772,45.62844],[12.43773,45.62807],[12.43769,45.62786],[12.43756,45.62753],[12.43736,45.62725],[12.43712,45.62701],[12.43671,45.62672],[12.43581,45.6263],[12.43508,45.62589]]},"properties":{}},{"type":"Feature","geometry":{"type":"LineString","coordinates":[[12.43525,45.62581],[12.43557,45.62587],[12.43649,45.62625],[12.43709,45.62637],[12.43772,45.62636],[12.43883,45.62612],[12.43915,45.62613],[12.43945,45.62621],[12.43963,45.62632],[12.43976,45.62646],[12.43984,45.62663],[12.43985,45.62678],[12.43979,45.62694],[12.43967,45.62713],[12.43923,45.62762]]},"properties":{}},{"type":"Feature","geometry":{"type":"LineString","coordinates":[[12.43525,45.62581],[12.43923,45.62762]]},"properties":{}},{"type":"Feature","geometry":{"type":"LineString","coordinates":[[12.43649,45.63533],[12.43636,45.63516],[12.43636,45.63495]]},"properties":{}},{"type":"Feature","geometry":{"type":"LineString","coordinates":[[12.43636,45.63495],[12.43641,45.63487]]},"properties":{}},{"type":"Feature","geometry":{"type":"LineString","coordinates":[[12.43641,45.63487],[12.43652,45.63475],[12.43675,45.63466]]},"properties":{}},{"type":"Feature","geometry":{"type":"LineString","coordinates":[[12.44182,45.63354],[12.44089,45.63401],[12.44023,45.63428],[12.43892,45.63471],[12.43757,45.63504],[12.43743,45.63526],[12.43719,45.63542],[12.43687,45.63546],[12.43667,45.63542],[12.43649,45.63533]]},"properties":{}},{"type":"Feature","geometry":{"type":"LineString","coordinates":[[12.43912,45.62774],[12.43802,45.62891],[12.43761,45.62946],[12.43733,45.62989],[12.43711,45.63039],[12.437,45.63099],[12.43676,45.63166],[12.43644,45.63277],[12.436,45.63355],[12.43597,45.63377],[12.43598,45.63393],[12.43613,45.63422],[12.43651,45.63459],[12.43675,45.63466]]},"properties":{}},{"type":"Feature","geometry":{"type":"LineString","coordinates":[[12.43675,45.63466],[12.43701,45.63465],[12.43755,45.6348],[12.43787,45.63478],[12.43921,45.63443],[12.44121,45.63377],[12.44182,45.63354]]},"properties":{}},{"type":"Feature","geometry":{"type":"LineString","coordinates":[[12.43807,45.55699],[12.43856,45.5572]]},"properties":{}},{"type":"Feature","geometry":{"type":"LineString","coordinates":[[12.43807,45.55699],[12.43766,45.55713],[12.43732,45.55735],[12.43725,45.55742],[12.43721,45.55756],[12.43723,45.55767],[12.4373,45.55776],[12.43764,45.55796],[12.43811,45.55809],[12.4386,45.55811],[12.43897,45.55802],[12.43916,45.55786],[12.43921,45.55772],[12.43919,45.55761],[12.43911,45.5575],[12.43856,45.5572]]},"properties":{}},{"type":"Feature","geometry":{"type":"LineString","coordinates":[[12.44046,45.55694],[12.43969,45.55678],[12.43917,45.55676],[12.4387,45.55681],[12.43807,45.55699]]},"properties":{}},{"type":"Feature","geometry":{"type":"LineString","coordinates":[[12.43856,45.5572],[12.4402,45.55787],[12.44057,45.55807],[12.4409,45.55831],[12.44117,45.55859],[12.44135,45.55884],[12.44192,45.56004],[12.44245,45.56067],[12.44326,45.56152]]},"properties":{}},{"type":"Feature","geometry":{"type":"LineString","coordinates":[[12.44606,45.63091],[12.43912,45.62774]]},"properties":{}},{"type":"Feature","geometry":{"type":"LineString","coordinates":[[12.43923,45.62762],[12.43912,45.62774]]},"properties":{}},{"type":"Feature","geometry":{"type":"LineString","coordinates":[[12.43923,45.62762],[12.44619,45.63081]]},"properties":{}},{"type":"Feature","geometry":{"type":"LineString","coordinates":[[12.44046,45.55694],[12.44315,45.55768],[12.44525,45.55831],[12.44632,45.55858],[12.44763,45.55876],[12.44887,45.55881]]},"properties":{}},{"type":"Feature","geometry":{"type":"LineString","coordinates":[[12.44606,45.63091],[12.44473,45.63183],[12.44325,45.63275],[12.44246,45.63322],[12.44182,45.63354]]},"properties":{}},{"type":"Feature","geometry":{"type":"LineString","coordinates":[[12.44326,45.56152],[12.44338,45.56164]]},"properties":{}},{"type":"Feature","geometry":{"type":"LineString","coordinates":[[12.44326,45.56152],[12.44383,45.56138]]},"properties":{}},{"type":"Feature","geometry":{"type":"LineString","coordinates":[[12.44338,45.56164],[12.44627,45.56452]]},"properties":{}},{"type":"Feature","geometry":{"type":"LineString","coordinates":[[12.44383,45.56138],[12.44363,45.56154],[12.44338,45.56164]]},"properties":{}},{"type":"Feature","geometry":{"type":"LineString","coordinates":[[12.44383,45.56138],[12.44795,45.55938],[12.44883,45.55905]]},"properties":{}},{"type":"Feature","geometry":{"type":"LineString","coordinates":[[12.5,45.65784],[12.48745,45.65252],[12.4841,45.65114],[12.48083,45.64973],[12.47754,45.64815],[12.47469,45.64661],[12.4715,45.64479],[12.45085,45.63331],[12.44831,45.63197],[12.44606,45.63091]]},"properties":{}},{"type":"Feature","geometry":{"type":"LineString","coordinates":[[12.44619,45.63081],[12.44606,45.63091]]},"properties":{}},{"type":"Feature","geometry":{"type":"LineString","coordinates":[[12.44619,45.63081],[12.44907,45.63225],[12.45091,45.63323],[12.47458,45.64638],[12.4789,45.64866],[12.48099,45.64964],[12.5,45.65774]]},"properties":{}},{"type":"Feature","geometry":{"type":"LineString","coordinates":[[12.449,45.6288],[12.44838,45.62915],[12.44788,45.6295],[12.44619,45.63081]]},"properties":{}},{"type":"Feature","geometry":{"type":"LineString","coordinates":[[12.44627,45.56452],[12.44653,45.5647]]},"properties":{}},{"type":"Feature","geometry":{"type":"LineString","coordinates":[[12.44636,45.56479],[12.44627,45.56452]]},"properties":{}},{"type":"Feature","geometry":{"type":"LineString","coordinates":[[12.44661,45.56502],[12.4464,45.56497],[12.44635,45.56492],[12.44636,45.56479]]},"properties":{}},{"type":"Feature","geometry":{"type":"LineString","coordinates":[[12.44636,45.56479],[12.44653,45.5647]]},"properties":{}},{"type":"Feature","geometry":{"type":"LineString","coordinates":[[12.44653,45.5647],[12.44669,45.56471],[12.44677,45.56477],[12.44681,45.56483],[12.44679,45.56494]]},"properties":{}},{"type":"Feature","geometry":{"type":"LineString","coordinates":[[12.44689,45.56518],[12.44661,45.56502]]},"properties":{}},{"type":"Feature","geometry":{"type":"LineString","coordinates":[[12.44679,45.56494],[12.44661,45.56502]]},"properties":{}},{"type":"Feature","geometry":{"type":"LineString","coordinates":[[12.44679,45.56494],[12.44689,45.56518]]},"properties":{}},{"type":"Feature","geometry":{"type":"LineString","coordinates":[[12.44689,45.56518],[12.45791,45.57613],[12.46558,45.58403],[12.46832,45.58679],[12.47351,45.59178],[12.47657,45.59491],[12.48099,45.59893],[12.48341,45.60127],[12.48413,45.60221],[12.48717,45.60679],[12.49058,45.61164],[12.49078,45.61182]]},"properties":{}},{"type":"Feature","geometry":{"type":"LineString","coordinates":[[12.44883,45.55905],[12.44888,45.55894],[12.44887,45.55881]]},"properties":{}},{"type":"Feature","geometry":{"type":"LineString","coordinates":[[12.45011,45.55874],[12.44883,45.55905]]},"properties":{}},{"type":"Feature","geometry":{"type":"LineString","coordinates":[[12.44887,45.55881],[12.45011,45.55874]]},"properties":{}},{"type":"Feature","geometry":{"type":"LineString","coordinates":[[12.449,45.6288],[12.44933,45.62857],[12.44943,45.62836],[12.44958,45.62828],[12.44976,45.62828],[12.4499,45.62835],[12.45036,45.62837]]},"properties":{}},{"type":"Feature","geometry":{"type":"LineString","coordinates":[[12.45036,45.62837],[12.45001,45.62847],[12.44976,45.62864],[12.44941,45.62866],[12.449,45.6288]]},"properties":{}},{"type":"Feature","geometry":{"type":"LineString","coordinates":[[12.45011,45.55874],[12.45137,45.55866],[12.45244,45.55871],[12.45701,45.55937],[12.4778,45.56401],[12.5,45.56879]]},"properties":{}},{"type":"Feature","geometry":{"type":"LineString","coordinates":[[12.46211,45.6279],[12.46052,45.62806],[12.45929,45.6281],[12.45508,45.62793],[12.45399,45.62794],[12.45314,45.62801],[12.45036,45.62837]]},"properties":{}},{"type":"Feature","geometry":{"type":"LineString","coordinates":[[12.46036,45.71475],[12.46089,45.71484],[12.46118,45.71485]]},"properties":{}},{"type":"Feature","geometry":{"type":"LineString","coordinates":[[12.46107,45.71504],[12.46091,45.71494],[12.46036,45.71475]]},"properties":{}},{"type":"Feature","geometry":{"type":"LineString","coordinates":[[12.46135,45.71513],[12.46117,45.71512],[12.46107,45.71504]]},"properties":{}},{"type":"Feature","geometry":{"type":"LineString","coordinates":[[12.46107,45.71504],[12.46108,45.71492],[12.46118,45.71485]]},"properties":{}},{"type":"Feature","geometry":{"type":"LineString","coordinates":[[12.46118,45.71485],[12.46134,45.71485],[12.46147,45.71495]]},"properties":{}},{"type":"Feature","geometry":{"type":"LineString","coordinates":[[12.46147,45.71495],[12.46147,45.71505],[12.46135,45.71513]]},"properties":{}},{"type":"Feature","geometry":{"type":"LineString","coordinates":[[12.4618,45.71513],[12.46153,45.71511],[12.46135,45.71513]]},"properties":{}},{"type":"Feature","geometry":{"type":"LineString","coordinates":[[12.46147,45.71495],[12.4618,45.71513]]},"properties":{}},{"type":"Feature","geometry":{"type":"LineString","coordinates":[[12.47403,45.73136],[12.47368,45.72893],[12.4736,45.72859],[12.47317,45.7273],[12.47239,45.72534],[12.47186,45.72444],[12.47047,45.72252],[12.46975,45.72148],[12.46822,45.71907],[12.46707,45.71739],[12.46667,45.71698],[12.46575,45.71617],[12.4618,45.71513]]},"properties":{}},{"type":"Feature","geometry":{"type":"LineString","coordinates":[[12.46211,45.6279],[12.46359,45.62758],[12.46377,45.6275]]},"properties":{}},{"type":"Feature","geometry":{"type":"LineString","coordinates":[[12.46385,45.62768],[12.46368,45.62767],[12.46282,45.62782],[12.46211,45.6279]]},"properties":{}},{"type":"Feature","geometry":{"type":"LineString","coordinates":[[12.46385,45.62768],[12.46377,45.6276],[12.46377,45.6275]]},"properties":{}},{"type":"Feature","geometry":{"type":"LineString","coordinates":[[12.46377,45.6275],[12.46381,45.62743],[12.46393,45.62738],[12.46406,45.62737],[12.46416,45.6274]]},"properties":{}},{"type":"Feature","geometry":{"type":"LineString","coordinates":[[12.46426,45.62756],[12.46423,45.62762],[12.46409,45.62771],[12.464,45.62772],[12.46385,45.62768]]},"properties":{}},{"type":"Feature","geometry":{"type":"LineString","coordinates":[[12.46416,45.6274],[12.46427,45.62741],[12.46456,45.62734],[12.46533,45.62711]]},"properties":{}},{"type":"Feature","geometry":{"type":"LineString","coordinates":[[12.46416,45.6274],[12.46425,45.6275],[12.46426,45.62756]]},"properties":{}},{"type":"Feature","geometry":{"type":"LineString","coordinates":[[12.46533,45.62711],[12.46511,45.62723],[12.46426,45.62756]]},"properties":{}},{"type":"Feature","geometry":{"type":"LineString","coordinates":[[12.48456,45.6173],[12.47366,45.62291],[12.47055,45.62448],[12.46703,45.62631],[12.46634,45.62667],[12.46533,45.62711]]},"properties":{}},{"type":"Feature","geometry":{"type":"LineString","coordinates":[[12.47403,45.73136],[12.47415,45.73188],[12.47457,45.73483],[12.47543,45.73913],[12.47554,45.73929]]},"properties":{}},{"type":"Feature","geometry":{"type":"LineString","coordinates":[[12.47535,45.73929],[12.47536,45.73919],[12.47454,45.73509],[12.47408,45.73199],[12.47403,45.73136]]},"properties":{}},{"type":"Feature","geometry":{"type":"LineString","coordinates":[[12.4754,45.7395],[12.47531,45.73946],[12.47528,45.73938],[12.47535,45.73929]]},"properties":{}},{"type":"Feature","geometry":{"type":"LineString","coordinates":[[12.47535,45.73929],[12.47554,45.73929]]},"properties":{}},{"type":"Feature","geometry":{"type":"LineString","coordinates":[[12.47554,45.73948],[12.4754,45.7395]]},"properties":{}},{"type":"Feature","geometry":{"type":"LineString","coordinates":[[12.47601,45.74121],[12.47589,45.74077],[12.47549,45.73961],[12.4754,45.7395]]},"properties":{}},{"type":"Feature","geometry":{"type":"LineString","coordinates":[[12.47554,45.73948],[12.47595,45.74069],[12.47601,45.74106],[12.47601,45.74121]]},"properties":{}},{"type":"Feature","geometry":{"type":"LineString","coordinates":[[12.47554,45.73929],[12.47562,45.73939],[12.47554,45.73948]]},"properties":{}},{"type":"Feature","geometry":{"type":"LineString","coordinates":[[12.48183,45.75564],[12.48175,45.75554],[12.48114,45.75428],[12.48095,45.75399],[12.47963,45.75123],[12.47667,45.74522],[12.47645,45.7446],[12.47627,45.74359],[12.47601,45.74121]]},"properties":{}},{"type":"Feature","geometry":{"type":"LineString","coordinates":[[12.4836,45.75927],[12.48342,45.75898],[12.48212,45.75636],[12.48189,45.75599],[12.48175,45.75583]]},"properties":{}},{"type":"Feature","geometry":{"type":"LineString","coordinates":[[12.48403,45.76072],[12.48374,45.76061],[12.48354,45.76044],[12.48348,45.76031],[12.48348,45.76016],[12.48359,45.75993]]},"properties":{}},{"type":"Feature","geometry":{"type":"LineString","coordinates":[[12.48359,45.75993],[12.48367,45.75963],[12.48366,45.75947],[12.4836,45.75927]]},"properties":{}},{"type":"Feature","geometry":{"type":"LineString","coordinates":[[12.48359,45.75993],[12.48375,45.75981],[12.48394,45.75974],[12.48419,45.7597]]},"properties":{}},{"type":"Feature","geometry":{"type":"LineString","coordinates":[[12.4836,45.75927],[12.48389,45.75958],[12.48419,45.7597]]},"properties":{}},{"type":"Feature","geometry":{"type":"LineString","coordinates":[[12.48483,45.7605],[12.48467,45.76062],[12.4845,45.76069],[12.48428,45.76073],[12.48403,45.76072]]},"properties":{}},{"type":"Feature","geometry":{"type":"LineString","coordinates":[[12.48473,45.76156],[12.48437,45.76097],[12.48423,45.76083],[12.48403,45.76072]]},"properties":{}},{"type":"Feature","geometry":{"type":"LineString","coordinates":[[12.48419,45.7597],[12.48439,45.75971],[12.48464,45.75979],[12.48487,45.75997],[12.48493,45.76009],[12.48495,45.76024],[12.48492,45.76038],[12.48483,45.7605]]},"properties":{}},{"type":"Feature","geometry":{"type":"LineString","coordinates":[[12.48456,45.6173],[12.4861,45.61637],[12.48803,45.61529],[12.48832,45.61508],[12.48948,45.61408],[12.49044,45.61344],[12.49055,45.61329],[12.49065,45.61309]]},"properties":{}},{"type":"Feature","geometry":{"type":"LineString","coordinates":[[12.49114,45.61362],[12.49063,45.61369],[12.49015,45.61396],[12.48938,45.61458],[12.48867,45.61521],[12.48819,45.61557],[12.48756,45.61594],[12.48621,45.61658],[12.48589,45.6167],[12.48456,45.6173]]},"properties":{}},{"type":"Feature","geometry":{"type":"LineString","coordinates":[[12.48473,45.76156],[12.48527,45.76263],[12.48567,45.76351],[12.48664,45.76547],[12.48691,45.76609],[12.4874,45.76779],[12.48746,45.76817]]},"properties":{}},{"type":"Feature","geometry":{"type":"LineString","coordinates":[[12.48483,45.7605],[12.48464,45.76076],[12.48459,45.76093],[12.4846,45.76119],[12.48473,45.76156]]},"properties":{}},{"type":"Feature","geometry":{"type":"LineString","coordinates":[[12.48611,45.7903],[12.4857,45.79023]]},"properties":{}},{"type":"Feature","geometry":{"type":"LineString","coordinates":[[12.4857,45.79023],[12.48543,45.79027],[12.48525,45.79021],[12.48514,45.79009],[12.48512,45.78997],[12.48524,45.78982],[12.48542,45.78975],[12.48564,45.78977],[12.48578,45.78984]]},"properties":{}},{"type":"Feature","geometry":{"type":"LineString","coordinates":[[12.48586,45.79007],[12.48577,45.79019],[12.4857,45.79023]]},"properties":{}},{"type":"Feature","geometry":{"type":"LineString","coordinates":[[12.48578,45.78984],[12.48593,45.7899],[12.48606,45.7899],[12.48794,45.78952]]},"properties":{}},{"type":"Feature","geometry":{"type":"LineString","coordinates":[[12.48578,45.78984],[12.48586,45.78995],[12.48586,45.79003]]},"properties":{}},{"type":"Feature","geometry":{"type":"LineString","coordinates":[[12.48586,45.79007],[12.48594,45.79019],[12.48611,45.7903]]},"properties":{}},{"type":"Feature","geometry":{"type":"LineString","coordinates":[[12.48586,45.79003],[12.48586,45.79007]]},"properties":{}},{"type":"Feature","geometry":{"type":"LineString","coordinates":[[12.49056,45.78909],[12.49029,45.78912],[12.48605,45.78996],[12.48586,45.79003]]},"properties":{}},{"type":"Feature","geometry":{"type":"LineString","coordinates":[[12.48611,45.7903],[12.48791,45.79113],[12.49487,45.79423],[12.49545,45.79459],[12.4966,45.79523],[12.49719,45.7954]]},"properties":{}},{"type":"Feature","geometry":{"type":"LineString","coordinates":[[12.4876,45.78761],[12.48657,45.78774],[12.48645,45.78774],[12.48628,45.78764]]},"properties":{}},{"type":"Feature","geometry":{"type":"LineString","coordinates":[[12.48746,45.76817],[12.48754,45.76822],[12.48755,45.76827],[12.4875,45.76831]]},"properties":{}},{"type":"Feature","geometry":{"type":"LineString","coordinates":[[12.4875,45.76831],[12.48739,45.76831],[12.48733,45.76826],[12.48736,45.76819],[12.48746,45.76817]]},"properties":{}},{"type":"Feature","geometry":{"type":"LineString","coordinates":[[12.4875,45.76831],[12.48758,45.76849],[12.48797,45.76985]]},"properties":{}},{"type":"Feature","geometry":{"type":"LineString","coordinates":[[12.48794,45.78952],[12.48783,45.78918],[12.4879,45.78861],[12.4876,45.78761]]},"properties":{}},{"type":"Feature","geometry":{"type":"LineString","coordinates":[[12.49047,45.78888],[12.48946,45.78723],[12.48772,45.78745],[12.48761,45.78751],[12.4876,45.78761]]},"properties":{}},{"type":"Feature","geometry":{"type":"LineString","coordinates":[[12.48794,45.78952],[12.49052,45.789]]},"properties":{}},{"type":"Feature","geometry":{"type":"LineString","coordinates":[[12.48797,45.76985],[12.48817,45.77031]]},"properties":{}},{"type":"Feature","geometry":{"type":"LineString","coordinates":[[12.48801,45.77036],[12.48797,45.76985]]},"properties":{}},{"type":"Feature","geometry":{"type":"LineString","coordinates":[[12.48808,45.77048],[12.48801,45.77044],[12.48801,45.77036]]},"properties":{}},{"type":"Feature","geometry":{"type":"LineString","coordinates":[[12.48801,45.77036],[12.48806,45.77032],[12.48817,45.77031]]},"properties":{}},{"type":"Feature","geometry":{"type":"LineString","coordinates":[[12.48822,45.77046],[12.48808,45.77048]]},"properties":{}},{"type":"Feature","geometry":{"type":"LineString","coordinates":[[12.48826,45.77089],[12.48808,45.77048]]},"properties":{}},{"type":"Feature","geometry":{"type":"LineString","coordinates":[[12.48817,45.77031],[12.48824,45.77037],[12.48822,45.77046]]},"properties":{}},{"type":"Feature","geometry":{"type":"LineString","coordinates":[[12.48822,45.77046],[12.48826,45.77089]]},"properties":{}},{"type":"Feature","geometry":{"type":"LineString","coordinates":[[12.48826,45.77089],[12.48926,45.77444],[12.48946,45.77501],[12.48965,45.77539],[12.4927,45.77727],[12.49495,45.7786],[12.49531,45.77877]]},"properties":{}},{"type":"Feature","geometry":{"type":"LineString","coordinates":[[12.49047,45.78888],[12.49062,45.78897]]},"properties":{}},{"type":"Feature","geometry":{"type":"LineString","coordinates":[[12.49052,45.789],[12.49047,45.78888]]},"properties":{}},{"type":"Feature","geometry":{"type":"LineString","coordinates":[[12.49056,45.78909],[12.4905,45.78904],[12.49052,45.789]]},"properties":{}},{"type":"Feature","geometry":{"type":"LineString","coordinates":[[12.49052,45.789],[12.49062,45.78897]]},"properties":{}},{"type":"Feature","geometry":{"type":"LineString","coordinates":[[12.49062,45.78897],[12.49068,45.78901],[12.49068,45.78905],[12.49056,45.78909]]},"properties":{}},{"type":"Feature","geometry":{"type":"LineString","coordinates":[[12.49114,45.61362],[12.49082,45.61339],[12.49065,45.61309]]},"properties":{}},{"type":"Feature","geometry":{"type":"LineString","coordinates":[[12.49065,45.61309],[12.49063,45.61287],[12.49068,45.61271],[12.49079,45.61252],[12.49093,45.61239]]},"properties":{}},{"type":"Feature","geometry":{"type":"LineString","coordinates":[[12.49078,45.61182],[12.49118,45.61205],[12.49156,45.61213]]},"properties":{}},{"type":"Feature","geometry":{"type":"LineString","coordinates":[[12.49093,45.61239],[12.49093,45.61204],[12.49078,45.61182]]},"properties":{}},{"type":"Feature","geometry":{"type":"LineString","coordinates":[[12.49093,45.61239],[12.4912,45.61223],[12.49156,45.61213]]},"properties":{}},{"type":"Feature","geometry":{"type":"LineString","coordinates":[[12.49176,45.61377],[12.49137,45.61371],[12.49114,45.61362]]},"properties":{}},{"type":"Feature","geometry":{"type":"LineString","coordinates":[[12.49156,45.61213],[12.49184,45.61211],[12.49211,45.61213],[12.49232,45.61218],[12.4926,45.61231]]},"properties":{}},{"type":"Feature","geometry":{"type":"LineString","coordinates":[[12.49236,45.6142],[12.49213,45.61389],[12.49176,45.61377]]},"properties":{}},{"type":"Feature","geometry":{"type":"LineString","coordinates":[[12.49245,45.61365],[12.49206,45.61376],[12.49176,45.61377]]},"properties":{}},{"type":"Feature","geometry":{"type":"LineString","coordinates":[[12.5,45.62084],[12.49934,45.62073],[12.49834,45.62046],[12.49745,45.6201],[12.49679,45.61972],[12.49621,45.6193],[12.49555,45.61871],[12.49539,45.61852],[12.49236,45.6142]]},"properties":{}},{"type":"Feature","geometry":{"type":"LineString","coordinates":[[12.49245,45.61365],[12.49229,45.61391],[12.49236,45.6142]]},"properties":{}},{"type":"Feature","geometry":{"type":"LineString","coordinates":[[12.49301,45.61293],[12.49299,45.61309],[12.49287,45.61334],[12.49272,45.61348],[12.49245,45.61365]]},"properties":{}},{"type":"Feature","geometry":{"type":"LineString","coordinates":[[12.4926,45.61231],[12.49288,45.61237],[12.49325,45.61235],[12.49583,45.61156],[12.49722,45.61119],[12.49834,45.61097]]},"properties":{}},{"type":"Feature","geometry":{"type":"LineString","coordinates":[[12.4926,45.61231],[12.49288,45.61256],[12.49297,45.61272],[12.49301,45.61293]]},"properties":{}},{"type":"Feature","geometry":{"type":"LineString","coordinates":[[12.49834,45.61097],[12.49673,45.61146],[12.49593,45.61178],[12.4934,45.61259],[12.49324,45.61267],[12.49301,45.61293]]},"properties":{}},{"type":"Feature","geometry":{"type":"LineString","coordinates":[[12.49452,45.7801],[12.49467,45.78016]]},"properties":{}},{"type":"Feature","geometry":{"type":"LineString","coordinates":[[12.49458,45.7802],[12.49452,45.7801]]},"properties":{}},{"type":"Feature","geometry":{"type":"LineString","coordinates":[[12.49452,45.7801],[12.49446,45.78007],[12.49457,45.77948]]},"properties":{}},{"type":"Feature","geometry":{"type":"LineString","coordinates":[[12.49467,45.78016],[12.49507,45.7798],[12.49457,45.77948]]},"properties":{}},{"type":"Feature","geometry":{"type":"LineString","coordinates":[[12.49457,45.77948],[12.49504,45.77907],[12.49519,45.77889]]},"properties":{}},{"type":"Feature","geometry":{"type":"LineString","coordinates":[[12.49467,45.78016],[12.49471,45.78021],[12.49467,45.78024],[12.49461,45.78024],[12.49458,45.7802]]},"properties":{}},{"type":"Feature","geometry":{"type":"LineString","coordinates":[[12.49458,45.7802],[12.49461,45.78016],[12.49467,45.78016]]},"properties":{}},{"type":"Feature","geometry":{"type":"LineString","coordinates":[[12.49539,45.77894],[12.49528,45.77895],[12.49519,45.77889]]},"properties":{}},{"type":"Feature","geometry":{"type":"LineString","coordinates":[[12.49519,45.77889],[12.49521,45.7788],[12.49531,45.77877]]},"properties":{}},{"type":"Feature","geometry":{"type":"LineString","coordinates":[[12.49531,45.77877],[12.49541,45.77879],[12.49545,45.77885],[12.49543,45.77891],[12.49539,45.77894]]},"properties":{}},{"type":"Feature","geometry":{"type":"LineString","coordinates":[[12.49691,45.77974],[12.49566,45.77902],[12.49539,45.77894]]},"properties":{}},{"type":"Feature","geometry":{"type":"LineString","coordinates":[[12.49713,45.77987],[12.49705,45.7799],[12.49693,45.77988],[12.49688,45.7798],[12.49691,45.77974]]},"properties":{}},{"type":"Feature","geometry":{"type":"LineString","coordinates":[[12.49691,45.77974],[12.49699,45.77971],[12.49711,45.77973],[12.49717,45.7798],[12.49713,45.77987]]},"properties":{}},{"type":"Feature","geometry":{"type":"LineString","coordinates":[[12.49919,45.78332],[12.49915,45.78277],[12.49908,45.78251],[12.499,45.78184],[12.49889,45.78146],[12.49877,45.78126],[12.4986,45.78102],[12.49808,45.78047],[12.49773,45.78022],[12.49713,45.77987]]},"properties":{}},{"type":"Feature","geometry":{"type":"LineString","coordinates":[[12.49764,45.79558],[12.49719,45.7954]]},"properties":{}},{"type":"Feature","geometry":{"type":"LineString","coordinates":[[12.49719,45.7954],[12.49771,45.79534]]},"properties":{}},{"type":"Feature","geometry":{"type":"LineString","coordinates":[[12.49802,45.79565],[12.49783,45.79567],[12.49764,45.79558]]},"properties":{}},{"type":"Feature","geometry":{"type":"LineString","coordinates":[[12.49764,45.79558],[12.49761,45.79553],[12.49762,45.79543],[12.49771,45.79534]]},"properties":{}},{"type":"Feature","geometry":{"type":"LineString","coordinates":[[12.49771,45.79534],[12.49795,45.7953],[12.49811,45.79539]]},"properties":{}},{"type":"Feature","geometry":{"type":"LineString","coordinates":[[12.5,45.95096],[12.49915,45.95085],[12.49982,45.9488],[12.49917,45.94872],[12.49865,45.94875],[12.49787,45.94861]]},"properties":{}},{"type":"Feature","geometry":{"type":"LineString","coordinates":[[12.49811,45.79539],[12.49815,45.7955],[12.49813,45.79556],[12.49802,45.79565]]},"properties":{}},{"type":"Feature","geometry":{"type":"LineString","coordinates":[[12.4988,45.7956],[12.49839,45.79558],[12.49802,45.79565]]},"properties":{}},{"type":"Feature","geometry":{"type":"LineString","coordinates":[[12.49811,45.79539],[12.4983,45.79548],[12.4988,45.7956]]},"properties":{}},{"type":"Feature","geometry":{"type":"LineString","coordinates":[[12.5,45.61056],[12.49834,45.61097]]},"properties":{}},{"type":"Feature","geometry":{"type":"LineString","coordinates":[[12.5,45.79578],[12.4988,45.7956]]},"properties":{}},{"type":"Feature","geometry":{"type":"LineString","coordinates":[[12.49919,45.78332],[12.49923,45.78338],[12.49921,45.78343]]},"properties":{}},{"type":"Feature","geometry":{"type":"LineString","coordinates":[[12.49921,45.78343],[12.49907,45.78348],[12.49899,45.78345],[12.49895,45.78339],[12.49897,45.78334],[12.49906,45.78329],[12.49919,45.78332]]},"properties":{}},{"type":"Feature","geometry":{"type":"LineString","coordinates":[[12.49921,45.78343],[12.49922,45.78358],[12.49931,45.78378],[12.49975,45.78433],[12.5,45.78457]]},"properties":{}}]}