{"type":"FeatureCollection","features":[{"type":"Feature","geometry":{"type":"LineString","coordinates":[[8.95878,44.39199],[8.96205,44.39273],[8.96262,44.39282],[8.9636,44.39288],[8.96378,44.39285],[8.96409,44.39278],[8.96447,44.39258],[8.96478,44.39228],[8.96505,44.39188],[8.96529,44.39166],[8.96551,44.39149],[8.96588,44.39137],[8.96612,44.39133],[8.96726,44.39129],[8.96781,44.39119],[8.97043,44.39018],[8.97095,44.39007],[8.97272,44.38989],[8.97301,44.38993],[8.97333,44.39003]]},"properties":{}},{"type":"Feature","geometry":{"type":"LineString","coordinates":[[8.95792,44.3918],[8.95878,44.39199]]},"properties":{}},{"type":"Feature","geometry":{"type":"LineString","coordinates":[[8.94764,44.39527],[8.94885,44.39499],[8.94913,44.39489],[8.94978,44.3944],[8.95128,44.39301],[8.95148,44.39285],[8.95194,44.39263],[8.95234,44.39252],[8.95353,44.39236],[8.95408,44.3922],[8.95548,44.39164],[8.95592,44.39155],[8.95635,44.39152],[8.95674,44.39154],[8.95792,44.3918]]},"properties":{}},{"type":"Feature","geometry":{"type":"LineString","coordinates":[[8.94749,44.3954],[8.94767,44.39534]]},"properties":{}},{"type":"Feature","geometry":{"type":"LineString","coordinates":[[8.94783,44.39546],[8.94777,44.39532]]},"properties":{}},{"type":"Feature","geometry":{"type":"LineString","coordinates":[[8.94783,44.39546],[8.94772,44.39548]]},"properties":{}},{"type":"Feature","geometry":{"type":"LineString","coordinates":[[8.84302,44.41519],[8.84309,44.41512],[8.84319,44.41511],[8.84327,44.41516],[8.84327,44.41523]]},"properties":{}},{"type":"Feature","geometry":{"type":"LineString","coordinates":[[8.90243,44.40657],[8.90116,44.40692]]},"properties":{}},{"type":"Feature","geometry":{"type":"LineString","coordinates":[[8.90094,44.407],[8.90082,44.40703]]},"properties":{}},{"type":"Feature","geometry":{"type":"LineString","coordinates":[[8.90082,44.40703],[8.89928,44.40725]]},"properties":{}},{"type":"Feature","geometry":{"type":"LineString","coordinates":[[8.90125,44.40741],[8.901,44.40711],[8.90082,44.40703]]},"properties":{}},{"type":"Feature","geometry":{"type":"LineString","coordinates":[[8.89722,44.40735],[8.8973,44.40754]]},"properties":{}},{"type":"Feature","geometry":{"type":"LineString","coordinates":[[8.8973,44.40754],[8.89778,44.40751],[8.89784,44.40754],[8.89799,44.40779]]},"properties":{}},{"type":"Feature","geometry":{"type":"LineString","coordinates":[[8.89798,44.40778],[8.89808,44.40775]]},"properties":{}},{"type":"Feature","geometry":{"type":"LineString","coordinates":[[8.94326,44.40158],[8.94501,44.40112]]},"properties":{}},{"type":"Feature","geometry":{"type":"LineString","coordinates":[[8.94451,44.40134],[8.9446,44.40151]]},"properties":{}},{"type":"Feature","geometry":{"type":"LineString","coordinates":[[8.94279,44.40164],[8.94326,44.40158]]},"properties":{}},{"type":"Feature","geometry":{"type":"LineString","coordinates":[[8.93511,44.40157],[8.93539,44.40183]]},"properties":{}},{"type":"Feature","geometry":{"type":"LineString","coordinates":[[8.93438,44.40192],[8.93511,44.40157]]},"properties":{}},{"type":"Feature","geometry":{"type":"LineString","coordinates":[[8.93147,44.40187],[8.93144,44.40209],[8.9315,44.40224]]},"properties":{}},{"type":"Feature","geometry":{"type":"LineString","coordinates":[[8.93432,44.40239],[8.93423,44.40226],[8.93422,44.40213],[8.93428,44.40201],[8.93438,44.40192]]},"properties":{}},{"type":"Feature","geometry":{"type":"LineString","coordinates":[[8.94569,44.40025],[8.94652,44.40205],[8.94595,44.40218],[8.94591,44.40209],[8.94523,44.40227],[8.94594,44.40365],[8.94574,44.40371],[8.94581,44.4042],[8.94589,44.40434]]},"properties":{}},{"type":"Feature","geometry":{"type":"LineString","coordinates":[[8.93565,44.40214],[8.9349,44.40249]]},"properties":{}},{"type":"Feature","geometry":{"type":"LineString","coordinates":[[8.93117,44.40233],[8.93172,44.40256]]},"properties":{}},{"type":"Feature","geometry":{"type":"LineString","coordinates":[[8.9349,44.40249],[8.93464,44.40251],[8.93432,44.40239]]},"properties":{}},{"type":"Feature","geometry":{"type":"LineString","coordinates":[[8.9315,44.40224],[8.93168,44.40244],[8.93222,44.40277]]},"properties":{}},{"type":"Feature","geometry":{"type":"LineString","coordinates":[[8.93852,44.40244],[8.93884,44.40266]]},"properties":{}},{"type":"Feature","geometry":{"type":"LineString","coordinates":[[8.93024,44.40291],[8.93069,44.40245],[8.93097,44.40235],[8.93117,44.40233]]},"properties":{}},{"type":"Feature","geometry":{"type":"LineString","coordinates":[[8.93172,44.40256],[8.93222,44.40277]]},"properties":{}},{"type":"Feature","geometry":{"type":"LineString","coordinates":[[8.93884,44.40266],[8.93894,44.40266],[8.93902,44.40271]]},"properties":{}},{"type":"Feature","geometry":{"type":"LineString","coordinates":[[8.93873,44.40276],[8.93876,44.40269],[8.93884,44.40266]]},"properties":{}},{"type":"Feature","geometry":{"type":"LineString","coordinates":[[8.93256,44.40295],[8.93207,44.40283],[8.93138,44.40249],[8.93116,44.40247],[8.93092,44.40258]]},"properties":{}},{"type":"Feature","geometry":{"type":"LineString","coordinates":[[8.93092,44.40258],[8.9305,44.40298],[8.93036,44.40301]]},"properties":{}},{"type":"Feature","geometry":{"type":"LineString","coordinates":[[8.93288,44.40305],[8.93295,44.40308]]},"properties":{}},{"type":"Feature","geometry":{"type":"LineString","coordinates":[[8.97333,44.39003],[8.9738,44.39022],[8.97403,44.39039],[8.97423,44.3908],[8.97424,44.39091]]},"properties":{}},{"type":"Feature","geometry":{"type":"LineString","coordinates":[[8.97423,44.39109],[8.97561,44.39491]]},"properties":{}},{"type":"Feature","geometry":{"type":"LineString","coordinates":[[8.98113,44.39452],[8.98108,44.39459],[8.98089,44.39474]]},"properties":{}},{"type":"Feature","geometry":{"type":"LineString","coordinates":[[8.98058,44.39478],[8.98102,44.39455],[8.98113,44.39452]]},"properties":{}},{"type":"Feature","geometry":{"type":"LineString","coordinates":[[8.98058,44.39478],[8.9808,44.39472],[8.98089,44.39474]]},"properties":{}},{"type":"Feature","geometry":{"type":"LineString","coordinates":[[8.98089,44.39474],[8.98051,44.39488],[8.98034,44.39488]]},"properties":{}},{"type":"Feature","geometry":{"type":"LineString","coordinates":[[8.98034,44.39488],[8.98058,44.39478]]},"properties":{}},{"type":"Feature","geometry":{"type":"LineString","coordinates":[[8.97643,44.3949],[8.97706,44.39477],[8.97777,44.39476],[8.97904,44.39482]]},"properties":{}},{"type":"Feature","geometry":{"type":"LineString","coordinates":[[8.97904,44.39482],[8.98015,44.39488]]},"properties":{}},{"type":"Feature","geometry":{"type":"LineString","coordinates":[[8.98015,44.39488],[8.98034,44.39488]]},"properties":{}},{"type":"Feature","geometry":{"type":"LineString","coordinates":[[8.98089,44.39474],[8.98087,44.39479],[8.98055,44.39507]]},"properties":{}},{"type":"Feature","geometry":{"type":"LineString","coordinates":[[8.97625,44.39497],[8.97643,44.3949]]},"properties":{}},{"type":"Feature","geometry":{"type":"LineString","coordinates":[[8.98055,44.39507],[8.98034,44.39488]]},"properties":{}},{"type":"Feature","geometry":{"type":"LineString","coordinates":[[8.99345,44.39527],[8.99355,44.39518]]},"properties":{}},{"type":"Feature","geometry":{"type":"LineString","coordinates":[[8.99349,44.39528],[8.99357,44.39525]]},"properties":{}},{"type":"Feature","geometry":{"type":"LineString","coordinates":[[8.99397,44.39521],[8.9938,44.39542]]},"properties":{}},{"type":"Feature","geometry":{"type":"LineString","coordinates":[[8.99348,44.39536],[8.99349,44.39528]]},"properties":{}},{"type":"Feature","geometry":{"type":"LineString","coordinates":[[8.99377,44.39534],[8.99378,44.39541]]},"properties":{}},{"type":"Feature","geometry":{"type":"LineString","coordinates":[[8.99378,44.39541],[8.99368,44.39544]]},"properties":{}},{"type":"Feature","geometry":{"type":"LineString","coordinates":[[8.9938,44.39542],[8.99362,44.39569]]},"properties":{}},{"type":"Feature","geometry":{"type":"LineString","coordinates":[[8.94772,44.39548],[8.9475,44.39554]]},"properties":{}},{"type":"Feature","geometry":{"type":"LineString","coordinates":[[8.9475,44.39554],[8.94645,44.39579]]},"properties":{}},{"type":"Feature","geometry":{"type":"LineString","coordinates":[[8.945,44.396],[8.94749,44.3954]]},"properties":{}},{"type":"Feature","geometry":{"type":"LineString","coordinates":[[8.94488,44.39603],[8.945,44.396]]},"properties":{}},{"type":"Feature","geometry":{"type":"LineString","coordinates":[[8.94495,44.39615],[8.94488,44.39603]]},"properties":{}},{"type":"Feature","geometry":{"type":"LineString","coordinates":[[8.94525,44.39718],[8.94482,44.39628]]},"properties":{}},{"type":"Feature","geometry":{"type":"LineString","coordinates":[[8.94542,44.39699],[8.94553,44.39724],[8.94442,44.39749]]},"properties":{}},{"type":"Feature","geometry":{"type":"LineString","coordinates":[[8.94872,44.39761],[8.94883,44.39785]]},"properties":{}},{"type":"Feature","geometry":{"type":"LineString","coordinates":[[8.94441,44.39745],[8.94565,44.40016]]},"properties":{}},{"type":"Feature","geometry":{"type":"LineString","coordinates":[[8.93561,44.39904],[8.93556,44.39919],[8.93557,44.39935]]},"properties":{}},{"type":"Feature","geometry":{"type":"LineString","coordinates":[[8.99358,44.39604],[8.99374,44.39725],[8.99373,44.39735],[8.99366,44.39742]]},"properties":{}},{"type":"Feature","geometry":{"type":"LineString","coordinates":[[8.99352,44.39762],[8.99341,44.39746],[8.99324,44.39623]]},"properties":{}},{"type":"Feature","geometry":{"type":"LineString","coordinates":[[8.96532,44.39761],[8.96961,44.39639],[8.96994,44.39626]]},"properties":{}},{"type":"Feature","geometry":{"type":"LineString","coordinates":[[8.9354,44.39915],[8.93515,44.39927]]},"properties":{}},{"type":"Feature","geometry":{"type":"LineString","coordinates":[[8.93557,44.39935],[8.93519,44.39925]]},"properties":{}},{"type":"Feature","geometry":{"type":"LineString","coordinates":[[8.94565,44.40016],[8.94569,44.40025]]},"properties":{}},{"type":"Feature","geometry":{"type":"LineString","coordinates":[[8.93216,44.40061],[8.9321,44.40075]]},"properties":{}},{"type":"Feature","geometry":{"type":"LineString","coordinates":[[8.94282,44.40079],[8.94288,44.4009]]},"properties":{}},{"type":"Feature","geometry":{"type":"LineString","coordinates":[[8.94501,44.40112],[8.94528,44.401],[8.94543,44.40084]]},"properties":{}},{"type":"Feature","geometry":{"type":"LineString","coordinates":[[8.94501,44.40112],[8.94549,44.40098]]},"properties":{}},{"type":"Feature","geometry":{"type":"LineString","coordinates":[[8.94504,44.4012],[8.94451,44.40134]]},"properties":{}},{"type":"Feature","geometry":{"type":"LineString","coordinates":[[8.95053,44.40171],[8.95014,44.40088]]},"properties":{}},{"type":"Feature","geometry":{"type":"LineString","coordinates":[[8.9321,44.40075],[8.93195,44.40113],[8.93147,44.40187]]},"properties":{}},{"type":"Feature","geometry":{"type":"LineString","coordinates":[[8.9673,44.40497],[8.96737,44.40488]]},"properties":{}},{"type":"Feature","geometry":{"type":"LineString","coordinates":[[8.97485,44.40575],[8.97578,44.40525]]},"properties":{}},{"type":"Feature","geometry":{"type":"LineString","coordinates":[[8.96737,44.40488],[8.96755,44.40484],[8.96783,44.40483],[8.96831,44.40486],[8.96866,44.40492],[8.97036,44.40541],[8.97064,44.40553],[8.97075,44.40562],[8.97138,44.40622],[8.97159,44.40629],[8.97272,44.40626],[8.97406,44.40618],[8.97485,44.40575]]},"properties":{}},{"type":"Feature","geometry":{"type":"LineString","coordinates":[[8.96892,44.40644],[8.96732,44.40508],[8.9673,44.40497]]},"properties":{}},{"type":"Feature","geometry":{"type":"LineString","coordinates":[[8.97578,44.40525],[8.97608,44.40564],[8.97627,44.40599],[8.97678,44.40636],[8.97687,44.40649],[8.97705,44.40719],[8.97711,44.40772]]},"properties":{}},{"type":"Feature","geometry":{"type":"LineString","coordinates":[[8.97075,44.40623],[8.97068,44.40632],[8.96997,44.40678],[8.96975,44.40692],[8.96959,44.40694]]},"properties":{}},{"type":"Feature","geometry":{"type":"LineString","coordinates":[[8.96959,44.40694],[8.96946,44.40688],[8.96892,44.40644]]},"properties":{}},{"type":"Feature","geometry":{"type":"LineString","coordinates":[[8.96993,44.40686],[8.96995,44.40698]]},"properties":{}},{"type":"Feature","geometry":{"type":"LineString","coordinates":[[8.97388,44.40724],[8.9727,44.4069]]},"properties":{}},{"type":"Feature","geometry":{"type":"LineString","coordinates":[[8.94439,44.40473],[8.94494,44.40459]]},"properties":{}},{"type":"Feature","geometry":{"type":"LineString","coordinates":[[8.96482,44.40464],[8.95747,44.40475]]},"properties":{}},{"type":"Feature","geometry":{"type":"LineString","coordinates":[[8.9648,44.40453],[8.96528,44.40451],[8.96574,44.40455],[8.96737,44.40488]]},"properties":{}},{"type":"Feature","geometry":{"type":"LineString","coordinates":[[8.9673,44.40497],[8.96556,44.40463],[8.96527,44.40461],[8.96482,44.40464]]},"properties":{}},{"type":"Feature","geometry":{"type":"LineString","coordinates":[[8.94429,44.40483],[8.94429,44.40485]]},"properties":{}},{"type":"Feature","geometry":{"type":"LineString","coordinates":[[8.93559,44.40515],[8.93528,44.40465]]},"properties":{}},{"type":"Feature","geometry":{"type":"LineString","coordinates":[[8.94429,44.40483],[8.94267,44.40523]]},"properties":{}},{"type":"Feature","geometry":{"type":"LineString","coordinates":[[8.94473,44.40538],[8.94439,44.40473]]},"properties":{}},{"type":"Feature","geometry":{"type":"LineString","coordinates":[[8.93571,44.40534],[8.93572,44.40526],[8.93627,44.40504],[8.93642,44.40494]]},"properties":{}},{"type":"Feature","geometry":{"type":"LineString","coordinates":[[8.9365,44.40508],[8.93658,44.4052]]},"properties":{}},{"type":"Feature","geometry":{"type":"LineString","coordinates":[[8.9464,44.40566],[8.9464,44.40564]]},"properties":{}},{"type":"Feature","geometry":{"type":"LineString","coordinates":[[8.95243,44.40574],[8.95259,44.4058]]},"properties":{}},{"type":"Feature","geometry":{"type":"LineString","coordinates":[[8.93612,44.40601],[8.93589,44.40559]]},"properties":{}},{"type":"Feature","geometry":{"type":"LineString","coordinates":[[8.94714,44.40597],[8.94719,44.40582]]},"properties":{}},{"type":"Feature","geometry":{"type":"LineString","coordinates":[[8.94714,44.40597],[8.94768,44.40586]]},"properties":{}},{"type":"Feature","geometry":{"type":"LineString","coordinates":[[8.93931,44.40597],[8.93962,44.4059]]},"properties":{}},{"type":"Feature","geometry":{"type":"LineString","coordinates":[[8.94143,44.4065],[8.94098,44.40556]]},"properties":{}},{"type":"Feature","geometry":{"type":"LineString","coordinates":[[8.94671,44.4061],[8.94714,44.40597]]},"properties":{}},{"type":"Feature","geometry":{"type":"LineString","coordinates":[[8.9462,44.40602],[8.94628,44.40609]]},"properties":{}},{"type":"Feature","geometry":{"type":"LineString","coordinates":[[8.9463,44.4061],[8.94628,44.40609]]},"properties":{}},{"type":"Feature","geometry":{"type":"LineString","coordinates":[[8.9463,44.4061],[8.94635,44.40615]]},"properties":{}},{"type":"Feature","geometry":{"type":"LineString","coordinates":[[8.94637,44.40617],[8.94635,44.40615]]},"properties":{}},{"type":"Feature","geometry":{"type":"LineString","coordinates":[[8.9453,44.40644],[8.94502,44.40593]]},"properties":{}},{"type":"Feature","geometry":{"type":"LineString","coordinates":[[8.9463,44.40629],[8.94651,44.40617],[8.94671,44.4061]]},"properties":{}},{"type":"Feature","geometry":{"type":"LineString","coordinates":[[8.94637,44.40617],[8.94649,44.40628]]},"properties":{}},{"type":"Feature","geometry":{"type":"LineString","coordinates":[[8.94259,44.40525],[8.93494,44.40712],[8.93472,44.40729],[8.93467,44.40725]]},"properties":{}},{"type":"Feature","geometry":{"type":"LineString","coordinates":[[8.94649,44.40628],[8.94651,44.4063]]},"properties":{}},{"type":"Feature","geometry":{"type":"LineString","coordinates":[[8.94651,44.4063],[8.94655,44.40634]]},"properties":{}},{"type":"Feature","geometry":{"type":"LineString","coordinates":[[8.94655,44.40634],[8.94661,44.40631]]},"properties":{}},{"type":"Feature","geometry":{"type":"LineString","coordinates":[[8.94655,44.40634],[8.94658,44.40636]]},"properties":{}},{"type":"Feature","geometry":{"type":"LineString","coordinates":[[8.94597,44.40655],[8.9463,44.40629]]},"properties":{}},{"type":"Feature","geometry":{"type":"LineString","coordinates":[[8.93356,44.40622],[8.93418,44.40664],[8.93424,44.40664],[8.9343,44.4066]]},"properties":{}},{"type":"Feature","geometry":{"type":"LineString","coordinates":[[8.93298,44.40661],[8.9335,44.40626]]},"properties":{}},{"type":"Feature","geometry":{"type":"LineString","coordinates":[[8.93413,44.40668],[8.9335,44.40626]]},"properties":{}},{"type":"Feature","geometry":{"type":"LineString","coordinates":[[8.94597,44.40678],[8.94628,44.40652],[8.94655,44.40634]]},"properties":{}},{"type":"Feature","geometry":{"type":"LineString","coordinates":[[8.94809,44.40608],[8.94925,44.40711]]},"properties":{}},{"type":"Feature","geometry":{"type":"LineString","coordinates":[[8.94574,44.40671],[8.94597,44.40655]]},"properties":{}},{"type":"Feature","geometry":{"type":"LineString","coordinates":[[8.93292,44.40665],[8.93298,44.40661]]},"properties":{}},{"type":"Feature","geometry":{"type":"LineString","coordinates":[[8.94915,44.40716],[8.948,44.40613]]},"properties":{}},{"type":"Feature","geometry":{"type":"LineString","coordinates":[[8.93652,44.40675],[8.93647,44.40666]]},"properties":{}},{"type":"Feature","geometry":{"type":"LineString","coordinates":[[8.92985,44.40344],[8.92997,44.4032],[8.93024,44.40291]]},"properties":{}},{"type":"Feature","geometry":{"type":"LineString","coordinates":[[8.93295,44.40308],[8.93371,44.4034]]},"properties":{}},{"type":"Feature","geometry":{"type":"LineString","coordinates":[[8.94589,44.40434],[8.94589,44.40434]]},"properties":{}},{"type":"Feature","geometry":{"type":"LineString","coordinates":[[8.9457,44.40439],[8.94589,44.40434]]},"properties":{}},{"type":"Feature","geometry":{"type":"LineString","coordinates":[[8.94561,44.40442],[8.9457,44.40439]]},"properties":{}},{"type":"Feature","geometry":{"type":"LineString","coordinates":[[8.94589,44.40434],[8.94593,44.40442],[8.94574,44.40447]]},"properties":{}},{"type":"Feature","geometry":{"type":"LineString","coordinates":[[8.94552,44.40444],[8.94561,44.40442]]},"properties":{}},{"type":"Feature","geometry":{"type":"LineString","coordinates":[[8.94494,44.40459],[8.94552,44.40444]]},"properties":{}},{"type":"Feature","geometry":{"type":"LineString","coordinates":[[8.93528,44.40465],[8.93513,44.4044]]},"properties":{}},{"type":"Feature","geometry":{"type":"LineString","coordinates":[[8.94574,44.40447],[8.94462,44.40476],[8.94461,44.40479]]},"properties":{}},{"type":"Feature","geometry":{"type":"LineString","coordinates":[[8.94267,44.40523],[8.94259,44.40525]]},"properties":{}},{"type":"Feature","geometry":{"type":"LineString","coordinates":[[8.94199,44.40532],[8.94261,44.40517]]},"properties":{}},{"type":"Feature","geometry":{"type":"LineString","coordinates":[[8.93571,44.40534],[8.93559,44.40515]]},"properties":{}},{"type":"Feature","geometry":{"type":"LineString","coordinates":[[8.93371,44.4034],[8.93463,44.40386],[8.93489,44.40405],[8.93505,44.40421],[8.93563,44.4051],[8.93584,44.40517],[8.93629,44.40511],[8.93647,44.4052],[8.93658,44.40531],[8.93705,44.40599],[8.9375,44.4065],[8.93756,44.40662],[8.93758,44.40713],[8.93764,44.40719],[8.93771,44.40721]]},"properties":{}},{"type":"Feature","geometry":{"type":"LineString","coordinates":[[8.93576,44.4054],[8.93571,44.40534]]},"properties":{}},{"type":"Feature","geometry":{"type":"LineString","coordinates":[[8.9475,44.40541],[8.94716,44.40539],[8.94696,44.40542]]},"properties":{}},{"type":"Feature","geometry":{"type":"LineString","coordinates":[[8.94635,44.40553],[8.94685,44.4054],[8.94686,44.40538]]},"properties":{}},{"type":"Feature","geometry":{"type":"LineString","coordinates":[[8.93589,44.40559],[8.93576,44.4054]]},"properties":{}},{"type":"Feature","geometry":{"type":"LineString","coordinates":[[8.94696,44.40542],[8.9463,44.40559]]},"properties":{}},{"type":"Feature","geometry":{"type":"LineString","coordinates":[[8.94502,44.40593],[8.94473,44.40538]]},"properties":{}},{"type":"Feature","geometry":{"type":"LineString","coordinates":[[8.90008,44.40877],[8.90015,44.40867],[8.90015,44.4086],[8.89928,44.40725]]},"properties":{}},{"type":"Feature","geometry":{"type":"LineString","coordinates":[[8.89598,44.40845],[8.89622,44.40832],[8.89804,44.40778]]},"properties":{}},{"type":"Feature","geometry":{"type":"LineString","coordinates":[[8.89804,44.40778],[8.89849,44.40848]]},"properties":{}},{"type":"Feature","geometry":{"type":"LineString","coordinates":[[8.89828,44.40817],[8.89858,44.40845],[8.89998,44.40878]]},"properties":{}},{"type":"Feature","geometry":{"type":"LineString","coordinates":[[8.89649,44.40853],[8.89701,44.40859],[8.89769,44.40858]]},"properties":{}},{"type":"Feature","geometry":{"type":"LineString","coordinates":[[8.89769,44.40858],[8.8971,44.40877]]},"properties":{}},{"type":"Feature","geometry":{"type":"LineString","coordinates":[[8.88554,44.41017],[8.88751,44.40981],[8.89547,44.40792],[8.89643,44.40756],[8.89722,44.40735]]},"properties":{}},{"type":"Feature","geometry":{"type":"LineString","coordinates":[[8.90008,44.40877],[8.90025,44.40878]]},"properties":{}},{"type":"Feature","geometry":{"type":"LineString","coordinates":[[8.90004,44.40879],[8.90008,44.40877]]},"properties":{}},{"type":"Feature","geometry":{"type":"LineString","coordinates":[[8.89998,44.40878],[8.90022,44.40875],[8.90058,44.40883]]},"properties":{}},{"type":"Feature","geometry":{"type":"LineString","coordinates":[[8.90025,44.40878],[8.9003,44.40881]]},"properties":{}},{"type":"Feature","geometry":{"type":"LineString","coordinates":[[8.8971,44.40877],[8.89674,44.40888]]},"properties":{}},{"type":"Feature","geometry":{"type":"LineString","coordinates":[[8.90058,44.40883],[8.90088,44.40891]]},"properties":{}},{"type":"Feature","geometry":{"type":"LineString","coordinates":[[8.89732,44.40904],[8.89718,44.40887]]},"properties":{}},{"type":"Feature","geometry":{"type":"LineString","coordinates":[[8.89992,44.409],[8.89972,44.40907]]},"properties":{}},{"type":"Feature","geometry":{"type":"LineString","coordinates":[[8.90074,44.40914],[8.9003,44.40903],[8.90016,44.40904],[8.89992,44.409]]},"properties":{}},{"type":"Feature","geometry":{"type":"LineString","coordinates":[[8.89972,44.40907],[8.89962,44.40911]]},"properties":{}},{"type":"Feature","geometry":{"type":"LineString","coordinates":[[8.90088,44.40891],[8.90228,44.40928]]},"properties":{}},{"type":"Feature","geometry":{"type":"LineString","coordinates":[[8.89962,44.40911],[8.89962,44.40911]]},"properties":{}},{"type":"Feature","geometry":{"type":"LineString","coordinates":[[8.90077,44.4091],[8.90074,44.40914]]},"properties":{}},{"type":"Feature","geometry":{"type":"LineString","coordinates":[[8.90228,44.40928],[8.9028,44.40941]]},"properties":{}},{"type":"Feature","geometry":{"type":"LineString","coordinates":[[8.88853,44.41025],[8.8913,44.4095],[8.89202,44.40939],[8.89335,44.40905],[8.89598,44.40845]]},"properties":{}},{"type":"Feature","geometry":{"type":"LineString","coordinates":[[8.90302,44.40966],[8.90272,44.40958]]},"properties":{}},{"type":"Feature","geometry":{"type":"LineString","coordinates":[[8.90344,44.40977],[8.90302,44.40966]]},"properties":{}},{"type":"Feature","geometry":{"type":"LineString","coordinates":[[8.89674,44.40888],[8.8925,44.41025],[8.89147,44.41062]]},"properties":{}},{"type":"Feature","geometry":{"type":"LineString","coordinates":[[8.90354,44.40979],[8.90344,44.40977]]},"properties":{}},{"type":"Feature","geometry":{"type":"LineString","coordinates":[[8.89869,44.40934],[8.897,44.40992],[8.89621,44.41024]]},"properties":{}},{"type":"Feature","geometry":{"type":"LineString","coordinates":[[8.90492,44.41016],[8.90354,44.40979]]},"properties":{}},{"type":"Feature","geometry":{"type":"LineString","coordinates":[[8.89665,44.41007],[8.89683,44.41036]]},"properties":{}},{"type":"Feature","geometry":{"type":"LineString","coordinates":[[8.89972,44.41048],[8.9001,44.41049]]},"properties":{}},{"type":"Feature","geometry":{"type":"LineString","coordinates":[[8.96536,44.40968],[8.96582,44.41017]]},"properties":{}},{"type":"Feature","geometry":{"type":"LineString","coordinates":[[8.93778,44.41002],[8.938,44.40993]]},"properties":{}},{"type":"Feature","geometry":{"type":"LineString","coordinates":[[8.93778,44.41002],[8.93773,44.41016]]},"properties":{}},{"type":"Feature","geometry":{"type":"LineString","coordinates":[[8.93798,44.41019],[8.93773,44.41016]]},"properties":{}},{"type":"Feature","geometry":{"type":"LineString","coordinates":[[8.92834,44.41019],[8.92765,44.41021]]},"properties":{}},{"type":"Feature","geometry":{"type":"LineString","coordinates":[[8.93855,44.41013],[8.93856,44.41021],[8.93854,44.41029]]},"properties":{}},{"type":"Feature","geometry":{"type":"LineString","coordinates":[[8.93854,44.41029],[8.93835,44.41028]]},"properties":{}},{"type":"Feature","geometry":{"type":"LineString","coordinates":[[8.95216,44.41055],[8.95182,44.41017]]},"properties":{}},{"type":"Feature","geometry":{"type":"LineString","coordinates":[[8.90818,44.41086],[8.90806,44.41065],[8.90755,44.40995]]},"properties":{}},{"type":"Feature","geometry":{"type":"LineString","coordinates":[[8.90748,44.40982],[8.90766,44.40998],[8.90833,44.41094],[8.90841,44.411]]},"properties":{}},{"type":"Feature","geometry":{"type":"LineString","coordinates":[[8.9001,44.41049],[8.9006,44.41051]]},"properties":{}},{"type":"Feature","geometry":{"type":"LineString","coordinates":[[8.88636,44.41077],[8.88853,44.41025]]},"properties":{}},{"type":"Feature","geometry":{"type":"LineString","coordinates":[[8.90001,44.41056],[8.9001,44.41049]]},"properties":{}},{"type":"Feature","geometry":{"type":"LineString","coordinates":[[8.89985,44.41056],[8.89972,44.41055]]},"properties":{}},{"type":"Feature","geometry":{"type":"LineString","coordinates":[[8.9006,44.41051],[8.90274,44.4106]]},"properties":{}},{"type":"Feature","geometry":{"type":"LineString","coordinates":[[8.88665,44.41052],[8.88679,44.41059],[8.88712,44.41056],[8.88716,44.41059]]},"properties":{}},{"type":"Feature","geometry":{"type":"LineString","coordinates":[[8.90001,44.41056],[8.89985,44.41056]]},"properties":{}},{"type":"Feature","geometry":{"type":"LineString","coordinates":[[8.90053,44.41058],[8.90001,44.41056]]},"properties":{}},{"type":"Feature","geometry":{"type":"LineString","coordinates":[[8.89746,44.41071],[8.89846,44.41045],[8.89972,44.41048]]},"properties":{}},{"type":"Feature","geometry":{"type":"LineString","coordinates":[[8.89621,44.41024],[8.89663,44.41095]]},"properties":{}},{"type":"Feature","geometry":{"type":"LineString","coordinates":[[8.90274,44.4106],[8.90306,44.41063]]},"properties":{}},{"type":"Feature","geometry":{"type":"LineString","coordinates":[[8.88098,44.41109],[8.88304,44.41058],[8.88425,44.41041],[8.88554,44.41017]]},"properties":{}},{"type":"Feature","geometry":{"type":"LineString","coordinates":[[8.9026,44.41066],[8.90274,44.4106]]},"properties":{}},{"type":"Feature","geometry":{"type":"LineString","coordinates":[[8.89149,44.41066],[8.89147,44.41062]]},"properties":{}},{"type":"Feature","geometry":{"type":"LineString","coordinates":[[8.89972,44.41055],[8.89852,44.41051],[8.89751,44.41078]]},"properties":{}},{"type":"Feature","geometry":{"type":"LineString","coordinates":[[8.903,44.41071],[8.9026,44.41066],[8.90053,44.41058]]},"properties":{}},{"type":"Feature","geometry":{"type":"LineString","coordinates":[[8.89157,44.4108],[8.89149,44.41066]]},"properties":{}},{"type":"Feature","geometry":{"type":"LineString","coordinates":[[8.90306,44.41063],[8.90362,44.41069],[8.90429,44.41084]]},"properties":{}},{"type":"Feature","geometry":{"type":"LineString","coordinates":[[8.90227,44.41084],[8.90238,44.41076],[8.90239,44.41071],[8.90229,44.41065]]},"properties":{}},{"type":"Feature","geometry":{"type":"LineString","coordinates":[[8.88611,44.4108],[8.88636,44.41077]]},"properties":{}},{"type":"Feature","geometry":{"type":"LineString","coordinates":[[8.93477,44.41087],[8.93475,44.4107],[8.93517,44.41012],[8.93522,44.40996]]},"properties":{}},{"type":"Feature","geometry":{"type":"LineString","coordinates":[[8.90795,44.41105],[8.90492,44.41016]]},"properties":{}},{"type":"Feature","geometry":{"type":"LineString","coordinates":[[8.90824,44.41089],[8.90834,44.41086]]},"properties":{}},{"type":"Feature","geometry":{"type":"LineString","coordinates":[[8.90792,44.41097],[8.908,44.41087]]},"properties":{}},{"type":"Feature","geometry":{"type":"LineString","coordinates":[[8.90833,44.41098],[8.90841,44.411]]},"properties":{}},{"type":"Feature","geometry":{"type":"LineString","coordinates":[[8.90849,44.41098],[8.90858,44.41104]]},"properties":{}},{"type":"Feature","geometry":{"type":"LineString","coordinates":[[8.90807,44.41104],[8.90823,44.41098],[8.90833,44.41098]]},"properties":{}},{"type":"Feature","geometry":{"type":"LineString","coordinates":[[8.90867,44.4112],[8.90863,44.41125]]},"properties":{}},{"type":"Feature","geometry":{"type":"LineString","coordinates":[[8.9659,44.411],[8.96596,44.41107],[8.96621,44.41118],[8.96691,44.41128],[8.96696,44.41134],[8.96696,44.4114],[8.96691,44.41147],[8.9668,44.41151],[8.96598,44.41141],[8.96569,44.41161],[8.96557,44.41165],[8.96543,44.41164],[8.96532,44.4116],[8.96522,44.41144],[8.96538,44.41102],[8.9651,44.41096],[8.96506,44.41105]]},"properties":{}},{"type":"Feature","geometry":{"type":"LineString","coordinates":[[8.90848,44.41143],[8.90842,44.41137]]},"properties":{}},{"type":"Feature","geometry":{"type":"LineString","coordinates":[[8.90423,44.41091],[8.90342,44.41076],[8.903,44.41071]]},"properties":{}},{"type":"Feature","geometry":{"type":"LineString","coordinates":[[8.88568,44.41085],[8.88611,44.4108]]},"properties":{}},{"type":"Feature","geometry":{"type":"LineString","coordinates":[[8.89147,44.41062],[8.89004,44.41111]]},"properties":{}},{"type":"Feature","geometry":{"type":"LineString","coordinates":[[8.90429,44.41084],[8.90462,44.41092]]},"properties":{}},{"type":"Feature","geometry":{"type":"LineString","coordinates":[[8.89751,44.41078],[8.89667,44.41102]]},"properties":{}},{"type":"Feature","geometry":{"type":"LineString","coordinates":[[8.8847,44.41097],[8.88568,44.41085]]},"properties":{}},{"type":"Feature","geometry":{"type":"LineString","coordinates":[[8.89096,44.41084],[8.89098,44.41101]]},"properties":{}},{"type":"Feature","geometry":{"type":"LineString","coordinates":[[8.903,44.41071],[8.90277,44.41073],[8.90206,44.41124]]},"properties":{}},{"type":"Feature","geometry":{"type":"LineString","coordinates":[[8.88494,44.4113],[8.8847,44.41097]]},"properties":{}},{"type":"Feature","geometry":{"type":"LineString","coordinates":[[8.88282,44.41121],[8.8826,44.41106]]},"properties":{}},{"type":"Feature","geometry":{"type":"LineString","coordinates":[[8.89203,44.41168],[8.89157,44.4108]]},"properties":{}},{"type":"Feature","geometry":{"type":"LineString","coordinates":[[8.88294,44.41135],[8.88282,44.41121]]},"properties":{}},{"type":"Feature","geometry":{"type":"LineString","coordinates":[[8.87946,44.41148],[8.87985,44.41132],[8.8802,44.41122],[8.88098,44.41109]]},"properties":{}},{"type":"Feature","geometry":{"type":"LineString","coordinates":[[8.88118,44.41147],[8.88257,44.41112],[8.88267,44.41114],[8.88282,44.41111]]},"properties":{}},{"type":"Feature","geometry":{"type":"LineString","coordinates":[[8.88101,44.41116],[8.88086,44.41124],[8.88094,44.41126],[8.88102,44.41141],[8.88116,44.41143]]},"properties":{}},{"type":"Feature","geometry":{"type":"LineString","coordinates":[[8.89667,44.41102],[8.89471,44.4116],[8.89422,44.41167]]},"properties":{}},{"type":"Feature","geometry":{"type":"LineString","coordinates":[[8.88474,44.41139],[8.88494,44.4113]]},"properties":{}},{"type":"Feature","geometry":{"type":"LineString","coordinates":[[8.88116,44.41143],[8.88118,44.41147]]},"properties":{}},{"type":"Feature","geometry":{"type":"LineString","coordinates":[[8.88294,44.41135],[8.88328,44.41179]]},"properties":{}},{"type":"Feature","geometry":{"type":"LineString","coordinates":[[8.88075,44.41176],[8.88094,44.41168],[8.88108,44.41151],[8.88118,44.41147]]},"properties":{}},{"type":"Feature","geometry":{"type":"LineString","coordinates":[[8.88474,44.41139],[8.88383,44.41176],[8.88357,44.41185],[8.88344,44.41186]]},"properties":{}},{"type":"Feature","geometry":{"type":"LineString","coordinates":[[8.88799,44.41173],[8.88811,44.41175]]},"properties":{}},{"type":"Feature","geometry":{"type":"LineString","coordinates":[[8.88028,44.41173],[8.88041,44.41176]]},"properties":{}},{"type":"Feature","geometry":{"type":"LineString","coordinates":[[8.88774,44.41176],[8.88784,44.41175]]},"properties":{}},{"type":"Feature","geometry":{"type":"LineString","coordinates":[[8.88061,44.4118],[8.88075,44.41176]]},"properties":{}},{"type":"Feature","geometry":{"type":"LineString","coordinates":[[8.88811,44.41175],[8.8883,44.41174],[8.88838,44.41184]]},"properties":{}},{"type":"Feature","geometry":{"type":"LineString","coordinates":[[8.88805,44.41183],[8.88784,44.41175]]},"properties":{}},{"type":"Feature","geometry":{"type":"LineString","coordinates":[[8.88805,44.41183],[8.88811,44.41175]]},"properties":{}},{"type":"Feature","geometry":{"type":"LineString","coordinates":[[8.88041,44.41176],[8.88053,44.41182],[8.88061,44.4118]]},"properties":{}},{"type":"Feature","geometry":{"type":"LineString","coordinates":[[8.87965,44.41187],[8.88028,44.41173]]},"properties":{}},{"type":"Feature","geometry":{"type":"LineString","coordinates":[[8.88328,44.41179],[8.88338,44.41179],[8.88344,44.41186]]},"properties":{}},{"type":"Feature","geometry":{"type":"LineString","coordinates":[[8.88821,44.41197],[8.88811,44.41194],[8.88805,44.41183]]},"properties":{}},{"type":"Feature","geometry":{"type":"LineString","coordinates":[[8.88674,44.4119],[8.88598,44.412]]},"properties":{}},{"type":"Feature","geometry":{"type":"LineString","coordinates":[[8.88827,44.41197],[8.88821,44.41197]]},"properties":{}},{"type":"Feature","geometry":{"type":"LineString","coordinates":[[8.87521,44.4125],[8.87682,44.41221],[8.87946,44.41148]]},"properties":{}},{"type":"Feature","geometry":{"type":"LineString","coordinates":[[8.88508,44.41206],[8.88516,44.41194]]},"properties":{}},{"type":"Feature","geometry":{"type":"LineString","coordinates":[[8.88533,44.41209],[8.88516,44.41194]]},"properties":{}},{"type":"Feature","geometry":{"type":"LineString","coordinates":[[8.88598,44.412],[8.88555,44.41206]]},"properties":{}},{"type":"Feature","geometry":{"type":"LineString","coordinates":[[8.88555,44.41206],[8.88533,44.41209]]},"properties":{}},{"type":"Feature","geometry":{"type":"LineString","coordinates":[[8.89251,44.41199],[8.89169,44.41223]]},"properties":{}},{"type":"Feature","geometry":{"type":"LineString","coordinates":[[8.90825,44.41137],[8.90811,44.41144],[8.90774,44.41174]]},"properties":{}},{"type":"Feature","geometry":{"type":"LineString","coordinates":[[8.90826,44.41148],[8.9081,44.41152],[8.9079,44.41165]]},"properties":{}},{"type":"Feature","geometry":{"type":"LineString","coordinates":[[8.90695,44.41179],[8.90728,44.41178],[8.9075,44.41174],[8.90779,44.41158]]},"properties":{}},{"type":"Feature","geometry":{"type":"LineString","coordinates":[[8.90854,44.41123],[8.90852,44.4113],[8.90855,44.41137],[8.90928,44.41209],[8.90955,44.41242],[8.90995,44.4128]]},"properties":{}},{"type":"Feature","geometry":{"type":"LineString","coordinates":[[8.90943,44.41253],[8.9085,44.41158]]},"properties":{}},{"type":"Feature","geometry":{"type":"LineString","coordinates":[[8.92669,44.41249],[8.92663,44.41245]]},"properties":{}},{"type":"Feature","geometry":{"type":"LineString","coordinates":[[8.92656,44.4127],[8.92651,44.41264],[8.92669,44.41249]]},"properties":{}},{"type":"Feature","geometry":{"type":"LineString","coordinates":[[8.90995,44.4128],[8.91001,44.41284]]},"properties":{}},{"type":"Feature","geometry":{"type":"LineString","coordinates":[[8.9268,44.41287],[8.92687,44.41281]]},"properties":{}},{"type":"Feature","geometry":{"type":"LineString","coordinates":[[8.92611,44.41307],[8.92638,44.41289],[8.92656,44.4127]]},"properties":{}},{"type":"Feature","geometry":{"type":"LineString","coordinates":[[8.88501,44.41217],[8.88508,44.41206]]},"properties":{}},{"type":"Feature","geometry":{"type":"LineString","coordinates":[[8.88533,44.41209],[8.88501,44.41217]]},"properties":{}},{"type":"Feature","geometry":{"type":"LineString","coordinates":[[8.88088,44.41256],[8.8809,44.41245],[8.88084,44.41214],[8.88061,44.4118]]},"properties":{}},{"type":"Feature","geometry":{"type":"LineString","coordinates":[[8.89169,44.41223],[8.89103,44.41243]]},"properties":{}},{"type":"Feature","geometry":{"type":"LineString","coordinates":[[8.89101,44.41235],[8.89103,44.41243]]},"properties":{}},{"type":"Feature","geometry":{"type":"LineString","coordinates":[[8.87325,44.41245],[8.87369,44.41235]]},"properties":{}},{"type":"Feature","geometry":{"type":"LineString","coordinates":[[8.87536,44.41295],[8.87588,44.41286],[8.87694,44.41251],[8.87965,44.41187]]},"properties":{}},{"type":"Feature","geometry":{"type":"LineString","coordinates":[[8.8738,44.41236],[8.87411,44.41255],[8.87425,44.4126],[8.87521,44.4125]]},"properties":{}},{"type":"Feature","geometry":{"type":"LineString","coordinates":[[8.88093,44.41273],[8.88087,44.4127],[8.88083,44.41265],[8.88088,44.41256]]},"properties":{}},{"type":"Feature","geometry":{"type":"LineString","coordinates":[[8.89103,44.41243],[8.88948,44.41288]]},"properties":{}},{"type":"Feature","geometry":{"type":"LineString","coordinates":[[8.88905,44.41293],[8.88956,44.41277]]},"properties":{}},{"type":"Feature","geometry":{"type":"LineString","coordinates":[[8.8842,44.41367],[8.88486,44.41357],[8.88567,44.41327],[8.88698,44.4127],[8.88816,44.41205]]},"properties":{}},{"type":"Feature","geometry":{"type":"LineString","coordinates":[[8.89103,44.41243],[8.89124,44.41304],[8.89126,44.41325],[8.89134,44.41332],[8.89151,44.41337]]},"properties":{}},{"type":"Feature","geometry":{"type":"LineString","coordinates":[[8.88126,44.41307],[8.88102,44.41278],[8.88093,44.41273]]},"properties":{}},{"type":"Feature","geometry":{"type":"LineString","coordinates":[[8.88404,44.41365],[8.88501,44.41217]]},"properties":{}},{"type":"Feature","geometry":{"type":"LineString","coordinates":[[8.87398,44.41309],[8.8749,44.41302],[8.87536,44.41295]]},"properties":{}},{"type":"Feature","geometry":{"type":"LineString","coordinates":[[8.87398,44.41309],[8.87384,44.41315]]},"properties":{}},{"type":"Feature","geometry":{"type":"LineString","coordinates":[[8.88911,44.4131],[8.88864,44.41342]]},"properties":{}},{"type":"Feature","geometry":{"type":"LineString","coordinates":[[8.8667,44.41395],[8.86805,44.41372],[8.86853,44.41366],[8.87071,44.41313],[8.87112,44.41299],[8.87173,44.41286],[8.873,44.4127],[8.87312,44.41266],[8.87313,44.41258]]},"properties":{}},{"type":"Feature","geometry":{"type":"LineString","coordinates":[[8.88864,44.41342],[8.88849,44.4136]]},"properties":{}},{"type":"Feature","geometry":{"type":"LineString","coordinates":[[8.91001,44.41284],[8.91013,44.41286],[8.9105,44.41309]]},"properties":{}},{"type":"Feature","geometry":{"type":"LineString","coordinates":[[8.90953,44.41327],[8.90968,44.41277]]},"properties":{}},{"type":"Feature","geometry":{"type":"LineString","coordinates":[[8.92606,44.41305],[8.92611,44.41307]]},"properties":{}},{"type":"Feature","geometry":{"type":"LineString","coordinates":[[8.91062,44.4133],[8.91022,44.41311]]},"properties":{}},{"type":"Feature","geometry":{"type":"LineString","coordinates":[[8.93006,44.41328],[8.92963,44.41337]]},"properties":{}},{"type":"Feature","geometry":{"type":"LineString","coordinates":[[8.9105,44.41309],[8.91204,44.41382]]},"properties":{}},{"type":"Feature","geometry":{"type":"LineString","coordinates":[[8.95292,44.41345],[8.95299,44.41348]]},"properties":{}},{"type":"Feature","geometry":{"type":"LineString","coordinates":[[8.9118,44.41382],[8.91062,44.4133]]},"properties":{}},{"type":"Feature","geometry":{"type":"LineString","coordinates":[[8.92483,44.41426],[8.92457,44.41436],[8.92427,44.41456],[8.92419,44.41457],[8.92409,44.41449],[8.92409,44.41438],[8.92615,44.4131],[8.92675,44.41266],[8.927,44.41268]]},"properties":{}},{"type":"Feature","geometry":{"type":"LineString","coordinates":[[8.92834,44.41369],[8.92885,44.41356]]},"properties":{}},{"type":"Feature","geometry":{"type":"LineString","coordinates":[[8.89088,44.414],[8.8896,44.41337],[8.88911,44.4131]]},"properties":{}},{"type":"Feature","geometry":{"type":"LineString","coordinates":[[8.88693,44.41363],[8.8862,44.41381]]},"properties":{}},{"type":"Feature","geometry":{"type":"LineString","coordinates":[[8.88686,44.41371],[8.88605,44.4139]]},"properties":{}},{"type":"Feature","geometry":{"type":"LineString","coordinates":[[8.8862,44.41381],[8.88568,44.41396]]},"properties":{}},{"type":"Feature","geometry":{"type":"LineString","coordinates":[[8.8881,44.41421],[8.88826,44.41389],[8.88849,44.4136]]},"properties":{}},{"type":"Feature","geometry":{"type":"LineString","coordinates":[[8.88605,44.4139],[8.88568,44.41396]]},"properties":{}},{"type":"Feature","geometry":{"type":"LineString","coordinates":[[8.88346,44.41434],[8.88385,44.41397]]},"properties":{}},{"type":"Feature","geometry":{"type":"LineString","coordinates":[[8.88385,44.41397],[8.88364,44.41437]]},"properties":{}},{"type":"Feature","geometry":{"type":"LineString","coordinates":[[8.88568,44.41396],[8.88401,44.4144]]},"properties":{}},{"type":"Feature","geometry":{"type":"LineString","coordinates":[[8.88346,44.41434],[8.88364,44.41437]]},"properties":{}},{"type":"Feature","geometry":{"type":"LineString","coordinates":[[8.92885,44.41356],[8.92844,44.41377]]},"properties":{}},{"type":"Feature","geometry":{"type":"LineString","coordinates":[[8.95301,44.41349],[8.95375,44.41385]]},"properties":{}},{"type":"Feature","geometry":{"type":"LineString","coordinates":[[8.94703,44.41338],[8.9474,44.41379],[8.94734,44.41401]]},"properties":{}},{"type":"Feature","geometry":{"type":"LineString","coordinates":[[8.9282,44.41374],[8.92834,44.41369]]},"properties":{}},{"type":"Feature","geometry":{"type":"LineString","coordinates":[[8.92795,44.41377],[8.9282,44.41374]]},"properties":{}},{"type":"Feature","geometry":{"type":"LineString","coordinates":[[8.90993,44.41265],[8.91025,44.41288],[8.91066,44.41311],[8.91204,44.41375],[8.91212,44.41375],[8.91224,44.4138],[8.91227,44.41385],[8.91478,44.41485],[8.91521,44.4149]]},"properties":{}},{"type":"Feature","geometry":{"type":"LineString","coordinates":[[8.9282,44.41382],[8.9282,44.41374]]},"properties":{}},{"type":"Feature","geometry":{"type":"LineString","coordinates":[[8.92844,44.41377],[8.92844,44.41379]]},"properties":{}},{"type":"Feature","geometry":{"type":"LineString","coordinates":[[8.9282,44.41382],[8.92808,44.41382],[8.92795,44.41377]]},"properties":{}},{"type":"Feature","geometry":{"type":"LineString","coordinates":[[8.92844,44.41379],[8.9284,44.41385]]},"properties":{}},{"type":"Feature","geometry":{"type":"LineString","coordinates":[[8.92827,44.41387],[8.9282,44.41382]]},"properties":{}},{"type":"Feature","geometry":{"type":"LineString","coordinates":[[8.9284,44.41385],[8.92827,44.41387]]},"properties":{}},{"type":"Feature","geometry":{"type":"LineString","coordinates":[[8.92844,44.41379],[8.92856,44.41388],[8.92861,44.41398]]},"properties":{}},{"type":"Feature","geometry":{"type":"LineString","coordinates":[[8.92861,44.41398],[8.9284,44.41385]]},"properties":{}},{"type":"Feature","geometry":{"type":"LineString","coordinates":[[8.91204,44.41382],[8.91283,44.41414]]},"properties":{}},{"type":"Feature","geometry":{"type":"LineString","coordinates":[[8.92127,44.41549],[8.92253,44.41527],[8.9231,44.41509],[8.92358,44.41489],[8.9251,44.41398],[8.9268,44.41287]]},"properties":{}},{"type":"Feature","geometry":{"type":"LineString","coordinates":[[8.94818,44.41416],[8.94851,44.41441],[8.94852,44.41448]]},"properties":{}},{"type":"Feature","geometry":{"type":"LineString","coordinates":[[8.91283,44.41414],[8.91453,44.41482]]},"properties":{}},{"type":"Feature","geometry":{"type":"LineString","coordinates":[[8.92354,44.41439],[8.92223,44.41495],[8.92203,44.41501]]},"properties":{}},{"type":"Feature","geometry":{"type":"LineString","coordinates":[[8.91691,44.41493],[8.91642,44.41484],[8.91625,44.41483],[8.91554,44.41495]]},"properties":{}},{"type":"Feature","geometry":{"type":"LineString","coordinates":[[8.8657,44.41475],[8.86572,44.41446],[8.86582,44.41428],[8.86591,44.41419],[8.866,44.41412],[8.86629,44.41401],[8.8667,44.41395]]},"properties":{}},{"type":"Feature","geometry":{"type":"LineString","coordinates":[[8.8663,44.41444],[8.86694,44.41431],[8.86707,44.41435]]},"properties":{}},{"type":"Feature","geometry":{"type":"LineString","coordinates":[[8.88336,44.41442],[8.88346,44.41434]]},"properties":{}},{"type":"Feature","geometry":{"type":"LineString","coordinates":[[8.88783,44.41477],[8.8881,44.41421]]},"properties":{}},{"type":"Feature","geometry":{"type":"LineString","coordinates":[[8.8661,44.41467],[8.86618,44.41451],[8.8663,44.41444]]},"properties":{}},{"type":"Feature","geometry":{"type":"LineString","coordinates":[[8.88205,44.41455],[8.88215,44.41479]]},"properties":{}},{"type":"Feature","geometry":{"type":"LineString","coordinates":[[8.8661,44.41517],[8.86607,44.41513],[8.86591,44.41515],[8.86587,44.41511],[8.86608,44.41488],[8.8661,44.41467]]},"properties":{}},{"type":"Feature","geometry":{"type":"LineString","coordinates":[[8.86476,44.4153],[8.86478,44.41521],[8.86556,44.41489],[8.8657,44.41475]]},"properties":{}},{"type":"Feature","geometry":{"type":"LineString","coordinates":[[8.86893,44.41463],[8.86904,44.41555]]},"properties":{}},{"type":"Feature","geometry":{"type":"LineString","coordinates":[[8.88052,44.41534],[8.88043,44.4152]]},"properties":{}},{"type":"Feature","geometry":{"type":"LineString","coordinates":[[8.91453,44.41482],[8.91504,44.41499],[8.91547,44.41497]]},"properties":{}},{"type":"Feature","geometry":{"type":"LineString","coordinates":[[8.91528,44.41509],[8.91522,44.41493]]},"properties":{}},{"type":"Feature","geometry":{"type":"LineString","coordinates":[[8.91522,44.41493],[8.91614,44.41476],[8.9164,44.41476],[8.91883,44.41531],[8.9189,44.4154]]},"properties":{}},{"type":"Feature","geometry":{"type":"LineString","coordinates":[[8.91551,44.41513],[8.9154,44.41513]]},"properties":{}},{"type":"Feature","geometry":{"type":"LineString","coordinates":[[8.9189,44.4154],[8.91691,44.41493]]},"properties":{}},{"type":"Feature","geometry":{"type":"LineString","coordinates":[[8.91589,44.4153],[8.91556,44.41515]]},"properties":{}},{"type":"Feature","geometry":{"type":"LineString","coordinates":[[8.92127,44.41549],[8.92129,44.41538],[8.92136,44.41532],[8.92186,44.41521],[8.92205,44.41513]]},"properties":{}},{"type":"Feature","geometry":{"type":"LineString","coordinates":[[8.91581,44.41541],[8.91589,44.4153]]},"properties":{}},{"type":"Feature","geometry":{"type":"LineString","coordinates":[[8.91571,44.41556],[8.91578,44.41542],[8.91581,44.41541]]},"properties":{}},{"type":"Feature","geometry":{"type":"LineString","coordinates":[[8.92112,44.41553],[8.92127,44.41549]]},"properties":{}},{"type":"Feature","geometry":{"type":"LineString","coordinates":[[8.88737,44.41579],[8.88783,44.41477]]},"properties":{}},{"type":"Feature","geometry":{"type":"LineString","coordinates":[[8.88055,44.41539],[8.88052,44.41534]]},"properties":{}},{"type":"Feature","geometry":{"type":"LineString","coordinates":[[8.86602,44.41529],[8.86902,44.41556]]},"properties":{}},{"type":"Feature","geometry":{"type":"LineString","coordinates":[[8.8807,44.41514],[8.88065,44.41525],[8.88066,44.41531],[8.88079,44.41576]]},"properties":{}},{"type":"Feature","geometry":{"type":"LineString","coordinates":[[8.86902,44.41563],[8.86595,44.4154]]},"properties":{}},{"type":"Feature","geometry":{"type":"LineString","coordinates":[[8.88079,44.41576],[8.88055,44.41539]]},"properties":{}},{"type":"Feature","geometry":{"type":"LineString","coordinates":[[8.86187,44.41577],[8.86175,44.41584]]},"properties":{}},{"type":"Feature","geometry":{"type":"LineString","coordinates":[[8.86908,44.41556],[8.87423,44.41605],[8.87555,44.41613]]},"properties":{}},{"type":"Feature","geometry":{"type":"LineString","coordinates":[[8.87555,44.41627],[8.8704,44.41579],[8.86907,44.41562]]},"properties":{}},{"type":"Feature","geometry":{"type":"LineString","coordinates":[[8.86905,44.41563],[8.8691,44.41628]]},"properties":{}},{"type":"Feature","geometry":{"type":"LineString","coordinates":[[8.92098,44.41552],[8.92112,44.41553]]},"properties":{}},{"type":"Feature","geometry":{"type":"LineString","coordinates":[[8.92087,44.41553],[8.92098,44.41552]]},"properties":{}},{"type":"Feature","geometry":{"type":"LineString","coordinates":[[8.9091,44.41588],[8.90902,44.41537],[8.90908,44.41534],[8.90964,44.41529]]},"properties":{}},{"type":"Feature","geometry":{"type":"LineString","coordinates":[[8.91565,44.4157],[8.91571,44.41556]]},"properties":{}},{"type":"Feature","geometry":{"type":"LineString","coordinates":[[8.94852,44.41448],[8.94792,44.41476],[8.9477,44.41477],[8.94721,44.41533],[8.94725,44.41543],[8.94707,44.41584],[8.94684,44.41589],[8.94626,44.4165],[8.9463,44.41658],[8.94616,44.4168],[8.94609,44.41682],[8.94565,44.4167]]},"properties":{}},{"type":"Feature","geometry":{"type":"LineString","coordinates":[[8.92087,44.41571],[8.92058,44.41571]]},"properties":{}},{"type":"Feature","geometry":{"type":"LineString","coordinates":[[8.95027,44.41588],[8.95059,44.41562]]},"properties":{}},{"type":"Feature","geometry":{"type":"LineString","coordinates":[[8.90913,44.41609],[8.9091,44.41588]]},"properties":{}},{"type":"Feature","geometry":{"type":"LineString","coordinates":[[8.91929,44.41587],[8.9192,44.41595],[8.91918,44.41609],[8.91914,44.41612],[8.91905,44.41609]]},"properties":{}},{"type":"Feature","geometry":{"type":"LineString","coordinates":[[8.91905,44.41609],[8.919,44.41607]]},"properties":{}},{"type":"Feature","geometry":{"type":"LineString","coordinates":[[8.91963,44.41605],[8.91978,44.4161],[8.91987,44.41622],[8.91973,44.41625]]},"properties":{}},{"type":"Feature","geometry":{"type":"LineString","coordinates":[[8.90913,44.41609],[8.90919,44.41646]]},"properties":{}},{"type":"Feature","geometry":{"type":"LineString","coordinates":[[8.91873,44.41636],[8.91869,44.41647]]},"properties":{}},{"type":"Feature","geometry":{"type":"LineString","coordinates":[[8.91798,44.41667],[8.91677,44.41616]]},"properties":{}},{"type":"Feature","geometry":{"type":"LineString","coordinates":[[8.91856,44.41644],[8.91869,44.41647]]},"properties":{}},{"type":"Feature","geometry":{"type":"LineString","coordinates":[[8.91869,44.41647],[8.91871,44.4165]]},"properties":{}},{"type":"Feature","geometry":{"type":"LineString","coordinates":[[8.90919,44.41646],[8.90853,44.41651]]},"properties":{}},{"type":"Feature","geometry":{"type":"LineString","coordinates":[[8.91847,44.41655],[8.91848,44.41649],[8.91856,44.41644]]},"properties":{}},{"type":"Feature","geometry":{"type":"LineString","coordinates":[[8.91871,44.4165],[8.91868,44.41658]]},"properties":{}},{"type":"Feature","geometry":{"type":"LineString","coordinates":[[8.91855,44.4166],[8.91847,44.41655]]},"properties":{}},{"type":"Feature","geometry":{"type":"LineString","coordinates":[[8.87555,44.41613],[8.87598,44.41613],[8.87656,44.41602],[8.8766,44.41608]]},"properties":{}},{"type":"Feature","geometry":{"type":"LineString","coordinates":[[8.86348,44.41599],[8.86342,44.41601],[8.86329,44.416],[8.86325,44.41603],[8.86333,44.4161],[8.86365,44.41623]]},"properties":{}},{"type":"Feature","geometry":{"type":"LineString","coordinates":[[8.87555,44.41627],[8.87555,44.41613]]},"properties":{}},{"type":"Feature","geometry":{"type":"LineString","coordinates":[[8.87109,44.41689],[8.8712,44.41652],[8.87112,44.41581]]},"properties":{}},{"type":"Feature","geometry":{"type":"LineString","coordinates":[[8.87647,44.41633],[8.8765,44.41641]]},"properties":{}},{"type":"Feature","geometry":{"type":"LineString","coordinates":[[8.86365,44.41623],[8.8643,44.41653]]},"properties":{}},{"type":"Feature","geometry":{"type":"LineString","coordinates":[[8.86831,44.41714],[8.86766,44.41686],[8.86692,44.41666],[8.86634,44.41662],[8.86569,44.41651],[8.86544,44.41637],[8.86477,44.41621],[8.86439,44.4162],[8.86375,44.41603],[8.8633,44.41595],[8.86264,44.41565],[8.8624,44.41563],[8.86227,44.41565],[8.86221,44.41572],[8.86221,44.41591],[8.86218,44.41592],[8.86214,44.4159],[8.86206,44.41574],[8.862,44.41573],[8.86187,44.41577]]},"properties":{}},{"type":"Feature","geometry":{"type":"LineString","coordinates":[[8.88668,44.41706],[8.88692,44.41656],[8.88722,44.41611],[8.88737,44.41579]]},"properties":{}},{"type":"Feature","geometry":{"type":"LineString","coordinates":[[8.86473,44.41642],[8.86457,44.4164],[8.86448,44.41643],[8.86439,44.41649],[8.86436,44.41654]]},"properties":{}},{"type":"Feature","geometry":{"type":"LineString","coordinates":[[8.8691,44.41628],[8.86913,44.41667]]},"properties":{}},{"type":"Feature","geometry":{"type":"LineString","coordinates":[[8.86436,44.41657],[8.86423,44.41656],[8.86396,44.41644]]},"properties":{}},{"type":"Feature","geometry":{"type":"LineString","coordinates":[[8.86436,44.41654],[8.8643,44.41653]]},"properties":{}},{"type":"Feature","geometry":{"type":"LineString","coordinates":[[8.86436,44.41654],[8.86436,44.41657]]},"properties":{}},{"type":"Feature","geometry":{"type":"LineString","coordinates":[[8.86396,44.41644],[8.86406,44.41668]]},"properties":{}},{"type":"Feature","geometry":{"type":"LineString","coordinates":[[8.86773,44.41696],[8.86758,44.41692],[8.86744,44.41699],[8.86564,44.41681],[8.86473,44.41642]]},"properties":{}},{"type":"Feature","geometry":{"type":"LineString","coordinates":[[8.87228,44.41667],[8.87236,44.41681]]},"properties":{}},{"type":"Feature","geometry":{"type":"LineString","coordinates":[[8.86831,44.41714],[8.868,44.41707],[8.86773,44.41696]]},"properties":{}},{"type":"Feature","geometry":{"type":"LineString","coordinates":[[8.86744,44.41699],[8.86744,44.41714],[8.86736,44.41718]]},"properties":{}},{"type":"Feature","geometry":{"type":"LineString","coordinates":[[8.86736,44.41718],[8.86549,44.41712]]},"properties":{}},{"type":"Feature","geometry":{"type":"LineString","coordinates":[[8.86913,44.41727],[8.86852,44.41721],[8.86831,44.41714]]},"properties":{}},{"type":"Feature","geometry":{"type":"LineString","coordinates":[[8.91868,44.41658],[8.91855,44.4166]]},"properties":{}},{"type":"Feature","geometry":{"type":"LineString","coordinates":[[8.92347,44.41643],[8.92344,44.41651],[8.92289,44.41687]]},"properties":{}},{"type":"Feature","geometry":{"type":"LineString","coordinates":[[8.91855,44.4166],[8.91824,44.4167],[8.91798,44.41667]]},"properties":{}},{"type":"Feature","geometry":{"type":"LineString","coordinates":[[8.94565,44.4167],[8.94572,44.41664]]},"properties":{}},{"type":"Feature","geometry":{"type":"LineString","coordinates":[[8.94207,44.41735],[8.94316,44.41633],[8.94364,44.41614],[8.94409,44.41611],[8.94432,44.41616],[8.94487,44.41643],[8.94572,44.41664]]},"properties":{}},{"type":"Feature","geometry":{"type":"LineString","coordinates":[[8.94955,44.41748],[8.94985,44.4173]]},"properties":{}},{"type":"Feature","geometry":{"type":"LineString","coordinates":[[8.94985,44.4173],[8.94968,44.41753]]},"properties":{}},{"type":"Feature","geometry":{"type":"LineString","coordinates":[[8.94955,44.41748],[8.94962,44.41748],[8.94968,44.41753]]},"properties":{}},{"type":"Feature","geometry":{"type":"LineString","coordinates":[[8.94947,44.41758],[8.94948,44.41752],[8.94955,44.41748]]},"properties":{}},{"type":"Feature","geometry":{"type":"LineString","coordinates":[[8.94968,44.41753],[8.94966,44.41761],[8.94954,44.41763]]},"properties":{}},{"type":"Feature","geometry":{"type":"LineString","coordinates":[[8.86744,44.41714],[8.86828,44.41738]]},"properties":{}},{"type":"Feature","geometry":{"type":"LineString","coordinates":[[8.86549,44.41712],[8.86546,44.41742]]},"properties":{}},{"type":"Feature","geometry":{"type":"LineString","coordinates":[[8.86918,44.41727],[8.86944,44.41728]]},"properties":{}},{"type":"Feature","geometry":{"type":"LineString","coordinates":[[8.86944,44.41728],[8.86962,44.41752],[8.86971,44.41776],[8.86986,44.41779],[8.87046,44.41717],[8.87075,44.41698],[8.87109,44.41689]]},"properties":{}},{"type":"Feature","geometry":{"type":"LineString","coordinates":[[8.88639,44.41769],[8.88668,44.41706]]},"properties":{}},{"type":"Feature","geometry":{"type":"LineString","coordinates":[[8.88639,44.41769],[8.88634,44.41782]]},"properties":{}},{"type":"Feature","geometry":{"type":"LineString","coordinates":[[8.86436,44.41657],[8.86449,44.41689],[8.86467,44.41705],[8.86546,44.41742],[8.86608,44.41766],[8.86642,44.41785],[8.86706,44.41873],[8.86773,44.4192]]},"properties":{}},{"type":"Feature","geometry":{"type":"LineString","coordinates":[[8.88634,44.41782],[8.88626,44.41816]]},"properties":{}},{"type":"Feature","geometry":{"type":"LineString","coordinates":[[8.88626,44.41816],[8.88637,44.41862],[8.88633,44.4187]]},"properties":{}},{"type":"Feature","geometry":{"type":"LineString","coordinates":[[8.87871,44.41889],[8.87882,44.41887],[8.87892,44.41891],[8.87895,44.41899],[8.87894,44.41903]]},"properties":{}},{"type":"Feature","geometry":{"type":"LineString","coordinates":[[8.84307,44.41527],[8.84302,44.41519]]},"properties":{}},{"type":"Feature","geometry":{"type":"LineString","coordinates":[[8.84327,44.41523],[8.8432,44.41528]]},"properties":{}},{"type":"Feature","geometry":{"type":"LineString","coordinates":[[8.8432,44.41528],[8.84307,44.41527]]},"properties":{}},{"type":"Feature","geometry":{"type":"LineString","coordinates":[[8.84327,44.41523],[8.84339,44.41534]]},"properties":{}},{"type":"Feature","geometry":{"type":"LineString","coordinates":[[8.84339,44.41534],[8.8432,44.41528]]},"properties":{}},{"type":"Feature","geometry":{"type":"LineString","coordinates":[[8.83489,44.41589],[8.83727,44.41543],[8.83733,44.41557],[8.83757,44.41555],[8.83984,44.4151]]},"properties":{}},{"type":"Feature","geometry":{"type":"LineString","coordinates":[[8.84903,44.42015],[8.84899,44.42007],[8.84909,44.42004],[8.84913,44.42013]]},"properties":{}},{"type":"Feature","geometry":{"type":"LineString","coordinates":[[8.85124,44.41955],[8.85189,44.42087]]},"properties":{}},{"type":"Feature","geometry":{"type":"LineString","coordinates":[[8.84869,44.42423],[8.84789,44.42264]]},"properties":{}},{"type":"Feature","geometry":{"type":"LineString","coordinates":[[8.84876,44.42437],[8.84869,44.42423]]},"properties":{}},{"type":"Feature","geometry":{"type":"LineString","coordinates":[[8.93437,44.40681],[8.93413,44.40668]]},"properties":{}},{"type":"Feature","geometry":{"type":"LineString","coordinates":[[8.93292,44.40665],[8.93315,44.4069]]},"properties":{}},{"type":"Feature","geometry":{"type":"LineString","coordinates":[[8.93195,44.40723],[8.93228,44.40709],[8.93292,44.40665]]},"properties":{}},{"type":"Feature","geometry":{"type":"LineString","coordinates":[[8.93467,44.40725],[8.93461,44.4072],[8.93459,44.40711],[8.93423,44.40678],[8.93392,44.40666]]},"properties":{}},{"type":"Feature","geometry":{"type":"LineString","coordinates":[[8.94552,44.40698],[8.94549,44.40697]]},"properties":{}},{"type":"Feature","geometry":{"type":"LineString","coordinates":[[8.93476,44.40717],[8.93437,44.40681]]},"properties":{}},{"type":"Feature","geometry":{"type":"LineString","coordinates":[[8.94569,44.40703],[8.94552,44.40698]]},"properties":{}},{"type":"Feature","geometry":{"type":"LineString","coordinates":[[8.94572,44.40704],[8.94569,44.40703]]},"properties":{}},{"type":"Feature","geometry":{"type":"LineString","coordinates":[[8.94613,44.40716],[8.94572,44.40704]]},"properties":{}},{"type":"Feature","geometry":{"type":"LineString","coordinates":[[8.95754,44.4075],[8.95676,44.40755],[8.95668,44.40744],[8.95662,44.40704]]},"properties":{}},{"type":"Feature","geometry":{"type":"LineString","coordinates":[[8.94819,44.40773],[8.94613,44.40716]]},"properties":{}},{"type":"Feature","geometry":{"type":"LineString","coordinates":[[8.92889,44.40826],[8.92892,44.4083]]},"properties":{}},{"type":"Feature","geometry":{"type":"LineString","coordinates":[[8.92892,44.4083],[8.92898,44.40843]]},"properties":{}},{"type":"Feature","geometry":{"type":"LineString","coordinates":[[8.95052,44.4086],[8.95034,44.40839]]},"properties":{}},{"type":"Feature","geometry":{"type":"LineString","coordinates":[[8.95063,44.40879],[8.95052,44.4086]]},"properties":{}},{"type":"Feature","geometry":{"type":"LineString","coordinates":[[8.9278,44.40933],[8.92834,44.40936]]},"properties":{}},{"type":"Feature","geometry":{"type":"LineString","coordinates":[[8.96505,44.40938],[8.96562,44.40963]]},"properties":{}},{"type":"Feature","geometry":{"type":"LineString","coordinates":[[8.9278,44.40933],[8.92786,44.40948],[8.92789,44.41002],[8.92774,44.41004]]},"properties":{}},{"type":"Feature","geometry":{"type":"LineString","coordinates":[[8.93753,44.40977],[8.93767,44.40983]]},"properties":{}},{"type":"Feature","geometry":{"type":"LineString","coordinates":[[8.938,44.40993],[8.93806,44.4099]]},"properties":{}},{"type":"Feature","geometry":{"type":"LineString","coordinates":[[8.9482,44.42208],[8.94829,44.42213]]},"properties":{}},{"type":"Feature","geometry":{"type":"LineString","coordinates":[[8.94803,44.42241],[8.94796,44.4218]]},"properties":{}},{"type":"Feature","geometry":{"type":"LineString","coordinates":[[8.93837,44.42332],[8.93899,44.42235],[8.93967,44.42159],[8.94006,44.42148]]},"properties":{}},{"type":"Feature","geometry":{"type":"LineString","coordinates":[[8.94829,44.42213],[8.94821,44.42223],[8.94815,44.42239],[8.9482,44.42287]]},"properties":{}},{"type":"Feature","geometry":{"type":"LineString","coordinates":[[8.94807,44.42275],[8.94803,44.42241]]},"properties":{}},{"type":"Feature","geometry":{"type":"LineString","coordinates":[[8.94816,44.42342],[8.9481,44.42297]]},"properties":{}},{"type":"Feature","geometry":{"type":"LineString","coordinates":[[8.94823,44.42391],[8.94816,44.42342]]},"properties":{}},{"type":"Feature","geometry":{"type":"LineString","coordinates":[[8.93779,44.42425],[8.93816,44.42401],[8.93828,44.4239],[8.93842,44.4236],[8.93834,44.42347],[8.93837,44.42332]]},"properties":{}},{"type":"Feature","geometry":{"type":"LineString","coordinates":[[8.95121,44.42815],[8.95,44.42787],[8.94959,44.42774],[8.94942,44.42765]]},"properties":{}},{"type":"Feature","geometry":{"type":"LineString","coordinates":[[8.93274,44.42911],[8.93249,44.42932],[8.93226,44.42942],[8.93206,44.42946],[8.93191,44.42962],[8.93192,44.4298],[8.93201,44.43014],[8.932,44.43067]]},"properties":{}},{"type":"Feature","geometry":{"type":"LineString","coordinates":[[8.97712,44.40805],[8.97712,44.40817]]},"properties":{}},{"type":"Feature","geometry":{"type":"LineString","coordinates":[[8.98558,44.41312],[8.98513,44.41285]]},"properties":{}},{"type":"Feature","geometry":{"type":"LineString","coordinates":[[8.98325,44.43627],[8.98315,44.43672],[8.98325,44.43704],[8.98315,44.43721],[8.98292,44.43741],[8.98294,44.43754],[8.98348,44.43771],[8.98363,44.4378],[8.98375,44.43796],[8.98402,44.43822],[8.98415,44.43839]]},"properties":{}},{"type":"Feature","geometry":{"type":"LineString","coordinates":[[8.96962,44.44611],[8.96761,44.44463],[8.96662,44.44384],[8.96579,44.44286],[8.96525,44.44214],[8.9652,44.44197]]},"properties":{}},{"type":"Feature","geometry":{"type":"LineString","coordinates":[[8.97036,44.44658],[8.97105,44.44714]]},"properties":{}},{"type":"Feature","geometry":{"type":"LineString","coordinates":[[8.97036,44.44658],[8.97054,44.44665],[8.97111,44.44711],[8.9713,44.44715],[8.97165,44.44705]]},"properties":{}},{"type":"Feature","geometry":{"type":"LineString","coordinates":[[8.97154,44.44765],[8.96962,44.44611]]},"properties":{}},{"type":"Feature","geometry":{"type":"LineString","coordinates":[[8.932,44.43067],[8.932,44.43075]]},"properties":{}},{"type":"Feature","geometry":{"type":"LineString","coordinates":[[8.93223,44.43216],[8.93216,44.4313],[8.932,44.43075]]},"properties":{}},{"type":"Feature","geometry":{"type":"LineString","coordinates":[[8.93205,44.43553],[8.93196,44.43493],[8.93212,44.43464],[8.93234,44.43436],[8.9326,44.43385],[8.93264,44.43368],[8.93263,44.43351],[8.93243,44.43269],[8.93223,44.43216]]},"properties":{}},{"type":"Feature","geometry":{"type":"LineString","coordinates":[[8.96437,44.43538],[8.9642,44.43535]]},"properties":{}},{"type":"Feature","geometry":{"type":"LineString","coordinates":[[8.96463,44.4354],[8.96472,44.43555]]},"properties":{}},{"type":"Feature","geometry":{"type":"LineString","coordinates":[[8.96472,44.43555],[8.96457,44.43544]]},"properties":{}},{"type":"Feature","geometry":{"type":"LineString","coordinates":[[8.96301,44.43572],[8.96293,44.43557],[8.96289,44.43539]]},"properties":{}},{"type":"Feature","geometry":{"type":"LineString","coordinates":[[8.96328,44.43565],[8.96341,44.43559]]},"properties":{}},{"type":"Feature","geometry":{"type":"LineString","coordinates":[[8.96311,44.43587],[8.96302,44.43581],[8.96301,44.43572]]},"properties":{}},{"type":"Feature","geometry":{"type":"LineString","coordinates":[[8.96328,44.43586],[8.96311,44.43587]]},"properties":{}},{"type":"Feature","geometry":{"type":"LineString","coordinates":[[8.99992,44.44732],[9.0,44.4473]]},"properties":{}},{"type":"Feature","geometry":{"type":"LineString","coordinates":[[8.97165,44.44705],[8.9715,44.44729],[8.97152,44.44737],[8.9717,44.4476],[8.97167,44.44765],[8.97154,44.44765]]},"properties":{}},{"type":"Feature","geometry":{"type":"LineString","coordinates":[[8.97105,44.44714],[8.97167,44.44765]]},"properties":{}},{"type":"Feature","geometry":{"type":"LineString","coordinates":[[8.99852,44.44768],[8.99992,44.44732]]},"properties":{}},{"type":"Feature","geometry":{"type":"LineString","coordinates":[[9.0,44.44746],[8.99681,44.4483]]},"properties":{}},{"type":"Feature","geometry":{"type":"LineString","coordinates":[[8.99672,44.44815],[8.99852,44.44768]]},"properties":{}},{"type":"Feature","geometry":{"type":"LineString","coordinates":[[8.96328,44.43586],[8.96323,44.43595],[8.9632,44.43632]]},"properties":{}},{"type":"Feature","geometry":{"type":"LineString","coordinates":[[8.9632,44.43632],[8.96313,44.43618],[8.96311,44.43587]]},"properties":{}},{"type":"Feature","geometry":{"type":"LineString","coordinates":[[8.96365,44.43871],[8.96356,44.43872]]},"properties":{}},{"type":"Feature","geometry":{"type":"LineString","coordinates":[[8.96356,44.43872],[8.9626,44.43888]]},"properties":{}},{"type":"Feature","geometry":{"type":"LineString","coordinates":[[8.9626,44.43888],[8.9625,44.43889]]},"properties":{}},{"type":"Feature","geometry":{"type":"LineString","coordinates":[[8.93284,44.44104],[8.93268,44.44077],[8.93271,44.44042],[8.93289,44.44009],[8.93291,44.43992],[8.93285,44.43975],[8.93271,44.43963],[8.93239,44.43948],[8.93188,44.43887],[8.93181,44.43871],[8.93178,44.43854],[8.93179,44.43834],[8.93189,44.438]]},"properties":{}},{"type":"Feature","geometry":{"type":"LineString","coordinates":[[8.9652,44.44197],[8.9651,44.44192],[8.9651,44.44186]]},"properties":{}},{"type":"Feature","geometry":{"type":"LineString","coordinates":[[8.94454,44.45023],[8.94449,44.4504],[8.9442,44.4507],[8.94297,44.45152],[8.94257,44.45191],[8.94245,44.45217],[8.94247,44.45233],[8.94316,44.45287],[8.94346,44.45302],[8.94377,44.45311],[8.94394,44.45326],[8.944,44.45351],[8.94414,44.45359],[8.94442,44.4536],[8.94456,44.45372],[8.94468,44.45406],[8.94561,44.45442],[8.94579,44.45444],[8.94604,44.45441],[8.94651,44.4546],[8.9465,44.45472],[8.9464,44.45483],[8.94621,44.45495],[8.94601,44.45499],[8.94508,44.45484],[8.94404,44.45498],[8.9432,44.45501],[8.94287,44.45513],[8.94267,44.4553],[8.94233,44.45547],[8.94208,44.45553]]},"properties":{}},{"type":"Feature","geometry":{"type":"LineString","coordinates":[[8.94208,44.45553],[8.94203,44.45562],[8.94204,44.45587],[8.94192,44.45609],[8.94191,44.45664],[8.94177,44.4567],[8.94092,44.45691],[8.9407,44.45702],[8.94066,44.45708],[8.94065,44.45719],[8.94072,44.45726],[8.94128,44.45741],[8.94212,44.45808],[8.94225,44.45831],[8.94235,44.45863],[8.94234,44.45883],[8.94242,44.45885],[8.94279,44.45869],[8.94316,44.45865],[8.94341,44.45869],[8.94372,44.45889],[8.94386,44.45907],[8.9441,44.45916],[8.94432,44.45907],[8.94471,44.45899],[8.94485,44.45903],[8.94503,44.45919],[8.94535,44.4593],[8.94601,44.45933],[8.94642,44.4596],[8.94683,44.4604],[8.94722,44.46064],[8.94749,44.4609],[8.94778,44.46104],[8.94834,44.4612],[8.94869,44.46117],[8.94891,44.46108],[8.94912,44.4611],[8.94931,44.46123],[8.94946,44.46151],[8.94961,44.46164],[8.95032,44.46187],[8.95085,44.46196],[8.95117,44.4622],[8.95133,44.46237],[8.95164,44.46254]]},"properties":{}},{"type":"Feature","geometry":{"type":"LineString","coordinates":[[8.95164,44.46254],[8.95212,44.46269],[8.95217,44.46274]]},"properties":{}},{"type":"Feature","geometry":{"type":"LineString","coordinates":[[8.99206,44.44977],[8.99285,44.44931],[8.99358,44.44898],[8.99415,44.4488],[8.99427,44.44879],[8.99453,44.4487],[8.99672,44.44815]]},"properties":{}},{"type":"Feature","geometry":{"type":"LineString","coordinates":[[8.9917,44.44967],[8.99179,44.44967],[8.99206,44.44977]]},"properties":{}},{"type":"Feature","geometry":{"type":"LineString","coordinates":[[8.99206,44.44977],[8.99208,44.44978]]},"properties":{}},{"type":"Feature","geometry":{"type":"LineString","coordinates":[[8.99168,44.45008],[8.99182,44.4498],[8.99179,44.44974],[8.9917,44.44967]]},"properties":{}},{"type":"Feature","geometry":{"type":"LineString","coordinates":[[8.99681,44.4483],[8.99366,44.44916],[8.99313,44.44938],[8.9921,44.44995],[8.99179,44.45023],[8.9916,44.45056],[8.99154,44.45086],[8.99166,44.45147],[8.99163,44.4517],[8.99154,44.45187]]},"properties":{}},{"type":"Feature","geometry":{"type":"LineString","coordinates":[[8.99166,44.45013],[8.99168,44.45008]]},"properties":{}},{"type":"Feature","geometry":{"type":"LineString","coordinates":[[8.97167,44.44765],[8.97369,44.44933],[8.97598,44.45105],[8.97672,44.4515],[8.9781,44.45216],[8.97927,44.45257],[8.97961,44.45266]]},"properties":{}},{"type":"Feature","geometry":{"type":"LineString","coordinates":[[8.98062,44.453],[8.97956,44.45275],[8.97857,44.45244],[8.97737,44.45195],[8.97664,44.45156],[8.9759,44.45111],[8.97475,44.45026],[8.97313,44.44899],[8.97154,44.44765]]},"properties":{}},{"type":"Feature","geometry":{"type":"LineString","coordinates":[[8.97275,44.44969],[8.97523,44.45173],[8.97533,44.45185]]},"properties":{}},{"type":"Feature","geometry":{"type":"LineString","coordinates":[[8.99137,44.45179],[8.9914,44.45165],[8.99139,44.45147],[8.99126,44.45105],[8.99125,44.45074],[8.99144,44.45026],[8.99164,44.45007],[8.99168,44.45008]]},"properties":{}},{"type":"Feature","geometry":{"type":"LineString","coordinates":[[8.99679,44.44825],[8.99399,44.44899],[8.99352,44.44915],[8.99309,44.44933],[8.99219,44.44983],[8.99188,44.45005],[8.9917,44.45024],[8.99157,44.45046],[8.99147,44.45076],[8.9916,44.4513],[8.99162,44.4516],[8.99151,44.45186],[8.99129,44.45207],[8.99084,44.45242],[8.99015,44.45277],[8.98946,44.45301],[8.98657,44.45377],[8.98571,44.45387],[8.98533,44.45388],[8.98475,44.45387],[8.9841,44.45381],[8.98062,44.453]]},"properties":{}},{"type":"Feature","geometry":{"type":"LineString","coordinates":[[8.97552,44.45188],[8.97578,44.45191]]},"properties":{}},{"type":"Feature","geometry":{"type":"LineString","coordinates":[[8.97533,44.45185],[8.9755,44.45186],[8.97556,44.45195]]},"properties":{}},{"type":"Feature","geometry":{"type":"LineString","coordinates":[[8.97524,44.45194],[8.97533,44.45185]]},"properties":{}},{"type":"Feature","geometry":{"type":"LineString","coordinates":[[8.97578,44.45191],[8.97556,44.45195]]},"properties":{}},{"type":"Feature","geometry":{"type":"LineString","coordinates":[[8.97556,44.45195],[8.97553,44.452]]},"properties":{}},{"type":"Feature","geometry":{"type":"LineString","coordinates":[[8.7684,44.45951],[8.76833,44.45949],[8.76816,44.4595],[8.76791,44.45938],[8.7677,44.45936],[8.76728,44.45942],[8.767,44.45955]]},"properties":{}},{"type":"Feature","geometry":{"type":"LineString","coordinates":[[8.76842,44.45955],[8.7684,44.45951]]},"properties":{}},{"type":"Feature","geometry":{"type":"LineString","coordinates":[[8.76843,44.45959],[8.76842,44.45955]]},"properties":{}},{"type":"Feature","geometry":{"type":"LineString","coordinates":[[8.76883,44.45959],[8.76864,44.45963],[8.76843,44.45959]]},"properties":{}},{"type":"Feature","geometry":{"type":"LineString","coordinates":[[8.75994,44.47524],[8.75975,44.47517],[8.75962,44.47523],[8.75936,44.47553],[8.75935,44.47564],[8.75946,44.4758],[8.75969,44.47601],[8.76023,44.47638],[8.76046,44.47658],[8.76085,44.47713],[8.76108,44.47739],[8.76121,44.47765]]},"properties":{}},{"type":"Feature","geometry":{"type":"LineString","coordinates":[[8.94954,44.41763],[8.94947,44.41758]]},"properties":{}},{"type":"Feature","geometry":{"type":"LineString","coordinates":[[8.94198,44.41787],[8.94184,44.41765],[8.94189,44.41754],[8.94207,44.41735]]},"properties":{}},{"type":"Feature","geometry":{"type":"LineString","coordinates":[[8.94921,44.41782],[8.94934,44.41764],[8.94947,44.41758]]},"properties":{}},{"type":"Feature","geometry":{"type":"LineString","coordinates":[[8.94954,44.41763],[8.94921,44.41782]]},"properties":{}},{"type":"Feature","geometry":{"type":"LineString","coordinates":[[8.91797,44.41704],[8.91779,44.4175],[8.91792,44.41812],[8.91795,44.41814],[8.91859,44.41807],[8.91862,44.41809],[8.91876,44.41881],[8.91874,44.41991]]},"properties":{}},{"type":"Feature","geometry":{"type":"LineString","coordinates":[[8.94006,44.42148],[8.94026,44.42135],[8.94058,44.42106],[8.94065,44.42082],[8.94069,44.42047],[8.94056,44.42037],[8.94056,44.42029],[8.94126,44.41928],[8.94155,44.41912],[8.94178,44.41889],[8.94184,44.41879],[8.94201,44.41801],[8.94198,44.41787]]},"properties":{}},{"type":"Feature","geometry":{"type":"LineString","coordinates":[[8.92495,44.41932],[8.92505,44.4193],[8.92536,44.41973],[8.92565,44.4198],[8.92607,44.42032],[8.92611,44.42054]]},"properties":{}},{"type":"Feature","geometry":{"type":"LineString","coordinates":[[8.95766,44.42165],[8.95756,44.42168],[8.95744,44.42164],[8.95732,44.42146],[8.957,44.42109],[8.9565,44.42061],[8.95629,44.42048],[8.95577,44.42039],[8.95562,44.42034]]},"properties":{}},{"type":"Feature","geometry":{"type":"LineString","coordinates":[[8.94796,44.4218],[8.94812,44.42203],[8.9482,44.42208]]},"properties":{}},{"type":"Feature","geometry":{"type":"LineString","coordinates":[[8.95562,44.42034],[8.95507,44.42004],[8.95493,44.42006],[8.95486,44.42012],[8.95485,44.42022],[8.95494,44.42032],[8.95595,44.42077],[8.95609,44.42093],[8.95623,44.42118],[8.95634,44.42133],[8.95662,44.4216],[8.9567,44.42172],[8.95678,44.42201],[8.95715,44.42241],[8.9572,44.42259],[8.95733,44.42286],[8.95759,44.42303],[8.95781,44.42313],[8.95859,44.4234],[8.95938,44.4238],[8.95988,44.42393],[8.96001,44.42393],[8.96016,44.42388],[8.96026,44.42381],[8.9603,44.42372],[8.96022,44.42346],[8.95985,44.42297]]},"properties":{}},{"type":"Feature","geometry":{"type":"LineString","coordinates":[[8.79097,44.42587],[8.79105,44.4261],[8.79409,44.42556],[8.79434,44.42549],[8.79436,44.42543],[8.79429,44.42535],[8.79433,44.42532],[8.79434,44.42523]]},"properties":{}},{"type":"Feature","geometry":{"type":"LineString","coordinates":[[8.79008,44.42595],[8.7904,44.42597],[8.79097,44.42587]]},"properties":{}},{"type":"Feature","geometry":{"type":"LineString","coordinates":[[8.78955,44.42627],[8.78972,44.42622],[8.78982,44.42612],[8.78982,44.42602]]},"properties":{}},{"type":"Feature","geometry":{"type":"LineString","coordinates":[[8.78955,44.42627],[8.7885,44.42641]]},"properties":{}},{"type":"Feature","geometry":{"type":"LineString","coordinates":[[8.7885,44.42641],[8.78786,44.4265],[8.78731,44.42665],[8.78724,44.42662],[8.78726,44.42656],[8.78723,44.42654]]},"properties":{}},{"type":"Feature","geometry":{"type":"LineString","coordinates":[[8.78633,44.42663],[8.78654,44.42663],[8.78708,44.42656]]},"properties":{}},{"type":"Feature","geometry":{"type":"LineString","coordinates":[[8.78271,44.42707],[8.78244,44.42692],[8.78219,44.42694],[8.78211,44.42691],[8.78216,44.42668],[8.78216,44.42655],[8.78214,44.42651]]},"properties":{}},{"type":"Feature","geometry":{"type":"LineString","coordinates":[[8.78699,44.42689],[8.78676,44.42691],[8.78664,44.42687],[8.78662,44.42683]]},"properties":{}},{"type":"Feature","geometry":{"type":"LineString","coordinates":[[8.87873,44.4191],[8.87863,44.419],[8.87866,44.41891],[8.87871,44.41889]]},"properties":{}},{"type":"Feature","geometry":{"type":"LineString","coordinates":[[8.87894,44.41903],[8.87883,44.4191],[8.87873,44.4191]]},"properties":{}},{"type":"Feature","geometry":{"type":"LineString","coordinates":[[8.86773,44.4192],[8.86796,44.41938],[8.86809,44.41953],[8.8685,44.42028]]},"properties":{}},{"type":"Feature","geometry":{"type":"LineString","coordinates":[[8.86849,44.42026],[8.8688,44.42014],[8.86903,44.4204]]},"properties":{}},{"type":"Feature","geometry":{"type":"LineString","coordinates":[[8.88677,44.41931],[8.88786,44.42088],[8.88847,44.42171]]},"properties":{}},{"type":"Feature","geometry":{"type":"LineString","coordinates":[[8.8685,44.42028],[8.86886,44.42071],[8.86913,44.42134],[8.86934,44.42139]]},"properties":{}},{"type":"Feature","geometry":{"type":"LineString","coordinates":[[8.88847,44.42171],[8.88863,44.42193]]},"properties":{}},{"type":"Feature","geometry":{"type":"LineString","coordinates":[[8.89194,44.42665],[8.892,44.42657],[8.88874,44.42195],[8.88863,44.42193]]},"properties":{}},{"type":"Feature","geometry":{"type":"LineString","coordinates":[[8.89194,44.42665],[8.89198,44.42669]]},"properties":{}},{"type":"Feature","geometry":{"type":"LineString","coordinates":[[8.89198,44.42669],[8.89207,44.42683]]},"properties":{}},{"type":"Feature","geometry":{"type":"LineString","coordinates":[[8.89207,44.42683],[8.89327,44.42856],[8.89333,44.42871]]},"properties":{}},{"type":"Feature","geometry":{"type":"LineString","coordinates":[[8.89317,44.42888],[8.89333,44.42871]]},"properties":{}},{"type":"Feature","geometry":{"type":"LineString","coordinates":[[8.89333,44.42871],[8.8934,44.4289]]},"properties":{}},{"type":"Feature","geometry":{"type":"LineString","coordinates":[[8.8934,44.4289],[8.8934,44.42902]]},"properties":{}},{"type":"Feature","geometry":{"type":"LineString","coordinates":[[8.8934,44.42902],[8.89338,44.42922]]},"properties":{}},{"type":"Feature","geometry":{"type":"LineString","coordinates":[[8.8923,44.43017],[8.89262,44.42974],[8.89317,44.42888]]},"properties":{}},{"type":"Feature","geometry":{"type":"LineString","coordinates":[[8.89338,44.42922],[8.89321,44.43097],[8.89317,44.43172]]},"properties":{}},{"type":"Feature","geometry":{"type":"LineString","coordinates":[[8.89196,44.43172],[8.89191,44.43114],[8.89192,44.43084],[8.8923,44.43017]]},"properties":{}},{"type":"Feature","geometry":{"type":"LineString","coordinates":[[8.89317,44.43172],[8.89308,44.43313]]},"properties":{}},{"type":"Feature","geometry":{"type":"LineString","coordinates":[[8.89267,44.43426],[8.89225,44.43303],[8.89213,44.43275],[8.89199,44.4321],[8.89196,44.43172]]},"properties":{}},{"type":"Feature","geometry":{"type":"LineString","coordinates":[[8.89308,44.43313],[8.89297,44.43371]]},"properties":{}},{"type":"Feature","geometry":{"type":"LineString","coordinates":[[8.89297,44.43371],[8.89288,44.43423]]},"properties":{}},{"type":"Feature","geometry":{"type":"LineString","coordinates":[[8.89288,44.43423],[8.89278,44.43428],[8.89267,44.43426]]},"properties":{}},{"type":"Feature","geometry":{"type":"LineString","coordinates":[[8.89276,44.43467],[8.89273,44.43483]]},"properties":{}},{"type":"Feature","geometry":{"type":"LineString","coordinates":[[8.89273,44.43483],[8.89266,44.43518]]},"properties":{}},{"type":"Feature","geometry":{"type":"LineString","coordinates":[[8.89266,44.43518],[8.89244,44.43624]]},"properties":{}},{"type":"Feature","geometry":{"type":"LineString","coordinates":[[8.89244,44.43624],[8.89246,44.43633],[8.89253,44.43638]]},"properties":{}},{"type":"Feature","geometry":{"type":"LineString","coordinates":[[8.89253,44.43638],[8.89264,44.43641]]},"properties":{}},{"type":"Feature","geometry":{"type":"LineString","coordinates":[[8.89264,44.43641],[8.89286,44.43649]]},"properties":{}},{"type":"Feature","geometry":{"type":"LineString","coordinates":[[8.89286,44.43649],[8.89321,44.43659]]},"properties":{}},{"type":"Feature","geometry":{"type":"LineString","coordinates":[[8.89321,44.43659],[8.89331,44.43666]]},"properties":{}},{"type":"Feature","geometry":{"type":"LineString","coordinates":[[8.89331,44.43666],[8.8933,44.43673],[8.89315,44.43685]]},"properties":{}},{"type":"Feature","geometry":{"type":"LineString","coordinates":[[8.8923,44.43701],[8.89234,44.43673]]},"properties":{}},{"type":"Feature","geometry":{"type":"LineString","coordinates":[[8.89315,44.43685],[8.89275,44.4372]]},"properties":{}},{"type":"Feature","geometry":{"type":"LineString","coordinates":[[8.89227,44.43715],[8.8923,44.43701]]},"properties":{}},{"type":"Feature","geometry":{"type":"LineString","coordinates":[[8.89275,44.4372],[8.89257,44.43735]]},"properties":{}},{"type":"Feature","geometry":{"type":"LineString","coordinates":[[8.89221,44.43746],[8.89227,44.43715]]},"properties":{}},{"type":"Feature","geometry":{"type":"LineString","coordinates":[[8.89257,44.43735],[8.89245,44.4375]]},"properties":{}},{"type":"Feature","geometry":{"type":"LineString","coordinates":[[8.89245,44.4375],[8.89233,44.4377]]},"properties":{}},{"type":"Feature","geometry":{"type":"LineString","coordinates":[[8.89233,44.4377],[8.89214,44.43864]]},"properties":{}},{"type":"Feature","geometry":{"type":"LineString","coordinates":[[8.78271,44.42707],[8.78165,44.42721],[8.78129,44.42719],[8.78065,44.42727],[8.78031,44.42726],[8.77993,44.42718],[8.77975,44.4272],[8.77954,44.42713],[8.77928,44.42717],[8.77884,44.42695],[8.77863,44.42692],[8.77848,44.42696]]},"properties":{}},{"type":"Feature","geometry":{"type":"LineString","coordinates":[[8.79093,44.43239],[8.7909,44.43256],[8.79082,44.43262]]},"properties":{}},{"type":"Feature","geometry":{"type":"LineString","coordinates":[[8.79082,44.43262],[8.79069,44.43262]]},"properties":{}},{"type":"Feature","geometry":{"type":"LineString","coordinates":[[8.79069,44.43262],[8.79065,44.43261],[8.7906,44.43268],[8.79051,44.43273],[8.7904,44.43285],[8.79039,44.43318],[8.79051,44.43345],[8.79058,44.43355],[8.79088,44.43364],[8.79101,44.43374],[8.79104,44.43384],[8.791,44.43442],[8.79142,44.43482],[8.79146,44.43494]]},"properties":{}},{"type":"Feature","geometry":{"type":"LineString","coordinates":[[8.79146,44.43494],[8.79145,44.43505],[8.79139,44.43513],[8.79123,44.43526],[8.79119,44.43533],[8.79119,44.43541],[8.79126,44.43549],[8.79137,44.43555],[8.7918,44.43563],[8.79199,44.43582],[8.79204,44.43593],[8.79206,44.43614],[8.79226,44.43632],[8.79229,44.43638],[8.79187,44.4367]]},"properties":{}},{"type":"Feature","geometry":{"type":"LineString","coordinates":[[8.79187,44.4367],[8.79188,44.43667],[8.79173,44.43643]]},"properties":{}},{"type":"Feature","geometry":{"type":"LineString","coordinates":[[8.7895,44.43632],[8.78991,44.43643],[8.79006,44.43651],[8.79041,44.43699],[8.79066,44.43728]]},"properties":{}},{"type":"Feature","geometry":{"type":"LineString","coordinates":[[8.79066,44.43728],[8.79079,44.43721],[8.79099,44.43688],[8.79109,44.43683],[8.79125,44.43688],[8.79134,44.43705],[8.79142,44.4371],[8.79149,44.43711],[8.79155,44.43708],[8.7917,44.4368],[8.79187,44.4367]]},"properties":{}},{"type":"Feature","geometry":{"type":"LineString","coordinates":[[8.77346,44.45758],[8.77365,44.45755],[8.77372,44.4575],[8.77373,44.45741],[8.77361,44.45725],[8.77362,44.4572],[8.77366,44.45715],[8.77374,44.45711],[8.7741,44.45706],[8.7742,44.45689],[8.77429,44.45681],[8.7744,44.45683],[8.77451,44.45696],[8.77466,44.45706],[8.77515,44.45714]]},"properties":{}},{"type":"Feature","geometry":{"type":"LineString","coordinates":[[8.89214,44.43864],[8.89201,44.43915]]},"properties":{}},{"type":"Feature","geometry":{"type":"LineString","coordinates":[[8.89121,44.4404],[8.89113,44.44036],[8.89112,44.44028],[8.89113,44.43942],[8.89124,44.43871],[8.8914,44.43838],[8.89153,44.4382],[8.89214,44.43769]]},"properties":{}},{"type":"Feature","geometry":{"type":"LineString","coordinates":[[8.89158,44.44035],[8.89159,44.44045],[8.89169,44.44067]]},"properties":{}},{"type":"Feature","geometry":{"type":"LineString","coordinates":[[8.89172,44.44072],[8.89298,44.44419]]},"properties":{}},{"type":"Feature","geometry":{"type":"LineString","coordinates":[[8.89347,44.44575],[8.89383,44.44691]]},"properties":{}},{"type":"Feature","geometry":{"type":"LineString","coordinates":[[8.90179,44.45928],[8.90226,44.45927]]},"properties":{}},{"type":"Feature","geometry":{"type":"LineString","coordinates":[[8.9012,44.4707],[8.90117,44.46954],[8.90108,44.46898],[8.90085,44.46823],[8.90074,44.46797],[8.90066,44.46789],[8.90054,44.46785]]},"properties":{}},{"type":"Feature","geometry":{"type":"LineString","coordinates":[[8.89968,44.47366],[8.90002,44.47328],[8.90002,44.4732],[8.90057,44.47259],[8.90065,44.47257],[8.90074,44.47248],[8.90089,44.47227],[8.90098,44.47207],[8.90103,44.47183],[8.90118,44.47086]]},"properties":{}},{"type":"Feature","geometry":{"type":"LineString","coordinates":[[8.89968,44.47366],[8.89954,44.47381]]},"properties":{}},{"type":"Feature","geometry":{"type":"LineString","coordinates":[[8.89954,44.47381],[8.89949,44.47391]]},"properties":{}},{"type":"Feature","geometry":{"type":"LineString","coordinates":[[8.77515,44.45714],[8.77628,44.45723],[8.77646,44.45735],[8.7768,44.45743],[8.77694,44.45752],[8.77703,44.45788],[8.77712,44.45799],[8.77732,44.45813],[8.77743,44.45816],[8.77761,44.45815],[8.77781,44.45801],[8.77788,44.45788],[8.77789,44.45783],[8.77783,44.45774],[8.77759,44.4577],[8.77752,44.45762],[8.77754,44.4575],[8.77776,44.45721],[8.77785,44.45715],[8.77809,44.45725],[8.77823,44.45725],[8.77836,44.45714],[8.77832,44.45697],[8.77837,44.45689],[8.77867,44.4569],[8.77873,44.45684],[8.77873,44.45679],[8.77869,44.45675],[8.77833,44.45658],[8.77832,44.45653],[8.77848,44.45624]]},"properties":{}},{"type":"Feature","geometry":{"type":"LineString","coordinates":[[8.77346,44.45758],[8.77347,44.45764]]},"properties":{}},{"type":"Feature","geometry":{"type":"LineString","coordinates":[[8.77515,44.45714],[8.77565,44.45729],[8.77603,44.45777],[8.77609,44.45803],[8.77631,44.45834]]},"properties":{}},{"type":"Feature","geometry":{"type":"LineString","coordinates":[[8.77347,44.45764],[8.77344,44.45785]]},"properties":{}},{"type":"Feature","geometry":{"type":"LineString","coordinates":[[8.77344,44.45785],[8.77337,44.45796],[8.77295,44.45821],[8.77287,44.45834],[8.77292,44.45846]]},"properties":{}},{"type":"Feature","geometry":{"type":"LineString","coordinates":[[8.77173,44.45826],[8.77177,44.45822],[8.77178,44.45816]]},"properties":{}},{"type":"Feature","geometry":{"type":"LineString","coordinates":[[8.77106,44.45824],[8.77107,44.45824]]},"properties":{}},{"type":"Feature","geometry":{"type":"LineString","coordinates":[[8.77631,44.45834],[8.77626,44.45847]]},"properties":{}},{"type":"Feature","geometry":{"type":"LineString","coordinates":[[8.77626,44.45847],[8.7762,44.45858],[8.77612,44.45862],[8.7751,44.45882],[8.77489,44.45895],[8.77443,44.45907],[8.77422,44.45923],[8.77384,44.45933],[8.77378,44.45942]]},"properties":{}},{"type":"Feature","geometry":{"type":"LineString","coordinates":[[8.76495,44.4593],[8.76479,44.45931],[8.76444,44.45925],[8.76399,44.45924],[8.76347,44.4594],[8.76292,44.45942],[8.76267,44.45939]]},"properties":{}},{"type":"Feature","geometry":{"type":"LineString","coordinates":[[8.84876,44.42437],[8.84918,44.42425]]},"properties":{}},{"type":"Feature","geometry":{"type":"LineString","coordinates":[[8.84905,44.42487],[8.84876,44.42437]]},"properties":{}},{"type":"Feature","geometry":{"type":"LineString","coordinates":[[8.84932,44.42488],[8.84946,44.4252]]},"properties":{}},{"type":"Feature","geometry":{"type":"LineString","coordinates":[[8.84789,44.42619],[8.84769,44.4258]]},"properties":{}},{"type":"Feature","geometry":{"type":"LineString","coordinates":[[8.84808,44.42657],[8.84789,44.42619]]},"properties":{}},{"type":"Feature","geometry":{"type":"LineString","coordinates":[[8.9754,44.45206],[8.97529,44.45202],[8.97524,44.45194]]},"properties":{}},{"type":"Feature","geometry":{"type":"LineString","coordinates":[[8.97553,44.452],[8.9754,44.45206]]},"properties":{}},{"type":"Feature","geometry":{"type":"LineString","coordinates":[[8.97553,44.452],[8.97572,44.45221]]},"properties":{}},{"type":"Feature","geometry":{"type":"LineString","coordinates":[[8.97572,44.45221],[8.9754,44.45206]]},"properties":{}},{"type":"Feature","geometry":{"type":"LineString","coordinates":[[8.99137,44.45179],[8.99074,44.45229],[8.99025,44.45261]]},"properties":{}},{"type":"Feature","geometry":{"type":"LineString","coordinates":[[8.97852,44.45226],[8.97946,44.45255],[8.98,44.45264],[8.98048,44.45263],[8.98068,44.45268],[8.98071,44.45276],[8.9807,44.45286]]},"properties":{}},{"type":"Feature","geometry":{"type":"LineString","coordinates":[[8.97961,44.45266],[8.98042,44.45265],[8.9806,44.45267],[8.98068,44.45274],[8.98066,44.45291]]},"properties":{}},{"type":"Feature","geometry":{"type":"LineString","coordinates":[[8.97961,44.45266],[8.98066,44.45291]]},"properties":{}},{"type":"Feature","geometry":{"type":"LineString","coordinates":[[8.99154,44.45187],[8.99146,44.45198],[8.99087,44.45245],[8.99043,44.4527],[8.98994,44.4529],[8.98954,44.45303],[8.98733,44.45363],[8.98628,44.45387]]},"properties":{}},{"type":"Feature","geometry":{"type":"LineString","coordinates":[[8.98066,44.45291],[8.98088,44.45296]]},"properties":{}},{"type":"Feature","geometry":{"type":"LineString","coordinates":[[8.98541,44.45372],[8.98568,44.45374],[8.98598,44.45372],[8.98671,44.4536],[8.98918,44.45293],[8.98989,44.45269],[8.9901,44.45259],[8.99025,44.45261]]},"properties":{}},{"type":"Feature","geometry":{"type":"LineString","coordinates":[[8.98068,44.45285],[8.98407,44.45365],[8.98451,44.45371],[8.98484,44.45372]]},"properties":{}},{"type":"Feature","geometry":{"type":"LineString","coordinates":[[8.98628,44.45387],[8.98545,44.45394],[8.98499,44.45394],[8.98405,44.45384],[8.98058,44.45306]]},"properties":{}},{"type":"Feature","geometry":{"type":"LineString","coordinates":[[8.98036,44.45352],[8.98026,44.45369]]},"properties":{}},{"type":"Feature","geometry":{"type":"LineString","coordinates":[[8.97743,44.454],[8.97806,44.45342]]},"properties":{}},{"type":"Feature","geometry":{"type":"LineString","coordinates":[[8.98021,44.45377],[8.98026,44.45369]]},"properties":{}},{"type":"Feature","geometry":{"type":"LineString","coordinates":[[8.97992,44.45406],[8.98014,44.4538],[8.98021,44.45377]]},"properties":{}},{"type":"Feature","geometry":{"type":"LineString","coordinates":[[8.98021,44.45377],[8.98023,44.45383],[8.98005,44.45408]]},"properties":{}},{"type":"Feature","geometry":{"type":"LineString","coordinates":[[8.97992,44.45406],[8.98005,44.45408]]},"properties":{}},{"type":"Feature","geometry":{"type":"LineString","coordinates":[[8.97989,44.45408],[8.97992,44.45406]]},"properties":{}},{"type":"Feature","geometry":{"type":"LineString","coordinates":[[8.98005,44.45408],[8.98007,44.45413]]},"properties":{}},{"type":"Feature","geometry":{"type":"LineString","coordinates":[[8.97986,44.45415],[8.97989,44.45408]]},"properties":{}},{"type":"Feature","geometry":{"type":"LineString","coordinates":[[8.98007,44.45413],[8.98006,44.45418]]},"properties":{}},{"type":"Feature","geometry":{"type":"LineString","coordinates":[[8.97987,44.45416],[8.97986,44.45415]]},"properties":{}},{"type":"Feature","geometry":{"type":"LineString","coordinates":[[8.98007,44.45413],[8.98034,44.45421]]},"properties":{}},{"type":"Feature","geometry":{"type":"LineString","coordinates":[[8.97993,44.45421],[8.97987,44.45416]]},"properties":{}},{"type":"Feature","geometry":{"type":"LineString","coordinates":[[8.98006,44.45418],[8.98003,44.4542]]},"properties":{}},{"type":"Feature","geometry":{"type":"LineString","coordinates":[[8.98034,44.45421],[8.98006,44.45418]]},"properties":{}},{"type":"Feature","geometry":{"type":"LineString","coordinates":[[8.98003,44.4542],[8.97993,44.45421]]},"properties":{}},{"type":"Feature","geometry":{"type":"LineString","coordinates":[[8.97968,44.45438],[8.97987,44.45416]]},"properties":{}},{"type":"Feature","geometry":{"type":"LineString","coordinates":[[8.97993,44.45421],[8.97968,44.45438]]},"properties":{}},{"type":"Feature","geometry":{"type":"LineString","coordinates":[[8.97763,44.45442],[8.97775,44.45474],[8.978,44.4552],[8.97889,44.45546],[8.97899,44.45553]]},"properties":{}},{"type":"Feature","geometry":{"type":"LineString","coordinates":[[8.96991,44.48292],[8.97078,44.48298],[8.97144,44.48288],[8.97237,44.4827],[8.97328,44.48241],[8.9735,44.48243],[8.97357,44.48252]]},"properties":{}},{"type":"Feature","geometry":{"type":"LineString","coordinates":[[8.97357,44.48252],[8.97356,44.48259],[8.97351,44.48265],[8.97299,44.483],[8.97194,44.48358],[8.97169,44.48381],[8.97137,44.48388],[8.97131,44.48393],[8.9713,44.48399]]},"properties":{}},{"type":"Feature","geometry":{"type":"LineString","coordinates":[[8.9664,44.48321],[8.96722,44.48334],[8.96801,44.48332]]},"properties":{}},{"type":"Feature","geometry":{"type":"LineString","coordinates":[[8.96801,44.48332],[8.9682,44.48331]]},"properties":{}},{"type":"Feature","geometry":{"type":"LineString","coordinates":[[8.96981,44.48424],[8.96982,44.48414],[8.96978,44.48406],[8.96943,44.48383],[8.96936,44.48374],[8.96932,44.48336],[8.96911,44.48295],[8.96915,44.48286],[8.96922,44.48282],[8.96937,44.48282],[8.96959,44.48291],[8.96991,44.48292]]},"properties":{}},{"type":"Feature","geometry":{"type":"LineString","coordinates":[[8.9682,44.48331],[8.96839,44.48332],[8.96856,44.48338],[8.96866,44.48346],[8.96908,44.48408],[8.96913,44.48443],[8.9692,44.4845]]},"properties":{}},{"type":"Feature","geometry":{"type":"LineString","coordinates":[[8.9713,44.48399],[8.9714,44.48406],[8.9715,44.48406],[8.97301,44.48393],[8.97333,44.48387],[8.97368,44.48377],[8.97385,44.48379],[8.97391,44.48386],[8.97389,44.48395],[8.97349,44.48417],[8.9734,44.48428],[8.97337,44.48448]]},"properties":{}},{"type":"Feature","geometry":{"type":"LineString","coordinates":[[8.96979,44.48427],[8.96981,44.48424]]},"properties":{}},{"type":"Feature","geometry":{"type":"LineString","coordinates":[[8.95424,44.4636],[8.95372,44.46352],[8.95336,44.46352],[8.953,44.46348],[8.95284,44.46349],[8.95253,44.46358],[8.95243,44.46358],[8.95199,44.46341],[8.9517,44.46322],[8.95138,44.46314],[8.95113,44.46299],[8.95106,44.46291],[8.9511,44.46282],[8.95118,44.4628],[8.95179,44.46287],[8.95197,44.46284],[8.95217,44.46274]]},"properties":{}},{"type":"Feature","geometry":{"type":"LineString","coordinates":[[8.95378,44.46385],[8.95383,44.46378],[8.95423,44.46365],[8.95424,44.4636]]},"properties":{}},{"type":"Feature","geometry":{"type":"LineString","coordinates":[[8.95858,44.46847],[8.95839,44.46828],[8.95824,44.46774],[8.95773,44.46739],[8.95727,44.4668],[8.95707,44.46662],[8.95661,44.46632],[8.9559,44.46566],[8.95541,44.46533],[8.95482,44.46473],[8.95381,44.46389],[8.95378,44.46385]]},"properties":{}},{"type":"Feature","geometry":{"type":"LineString","coordinates":[[8.95858,44.46847],[8.95886,44.46857]]},"properties":{}},{"type":"Feature","geometry":{"type":"LineString","coordinates":[[8.95886,44.46857],[8.95905,44.46881]]},"properties":{}},{"type":"Feature","geometry":{"type":"LineString","coordinates":[[8.95905,44.46881],[8.95902,44.46899]]},"properties":{}},{"type":"Feature","geometry":{"type":"LineString","coordinates":[[8.95902,44.46899],[8.95893,44.46924]]},"properties":{}},{"type":"Feature","geometry":{"type":"LineString","coordinates":[[8.95893,44.46924],[8.95877,44.46962],[8.95894,44.47001]]},"properties":{}},{"type":"Feature","geometry":{"type":"LineString","coordinates":[[8.95894,44.47001],[8.95914,44.4704],[8.95928,44.47125],[8.95965,44.4723],[8.96003,44.47277],[8.96013,44.47299],[8.96016,44.47332],[8.96022,44.47343],[8.96033,44.47352],[8.96059,44.47364],[8.96072,44.47378],[8.96072,44.47389],[8.96056,44.47421],[8.96056,44.47442],[8.96097,44.4754],[8.96112,44.47558],[8.9617,44.47594],[8.96188,44.4761],[8.96205,44.47632],[8.96232,44.47679],[8.96239,44.47704]]},"properties":{}},{"type":"Feature","geometry":{"type":"LineString","coordinates":[[8.96239,44.47704],[8.96238,44.47743],[8.96241,44.47766],[8.96246,44.47775],[8.96273,44.47787],[8.96295,44.47788],[8.96316,44.47784],[8.96331,44.47774],[8.9635,44.47748],[8.9641,44.47685],[8.96423,44.47679],[8.96439,44.47676],[8.96459,44.4768],[8.96472,44.47688],[8.96479,44.477],[8.96496,44.47751],[8.96493,44.47765],[8.96482,44.47775],[8.96421,44.47804]]},"properties":{}},{"type":"Feature","geometry":{"type":"LineString","coordinates":[[8.96947,44.48448],[8.96979,44.48427]]},"properties":{}},{"type":"Feature","geometry":{"type":"LineString","coordinates":[[8.96941,44.48451],[8.96947,44.48448]]},"properties":{}},{"type":"Feature","geometry":{"type":"LineString","coordinates":[[8.9692,44.4845],[8.96923,44.48452]]},"properties":{}},{"type":"Feature","geometry":{"type":"LineString","coordinates":[[8.96934,44.48453],[8.96941,44.48451]]},"properties":{}},{"type":"Feature","geometry":{"type":"LineString","coordinates":[[8.96923,44.48452],[8.96934,44.48453]]},"properties":{}},{"type":"Feature","geometry":{"type":"LineString","coordinates":[[8.97337,44.48448],[8.97356,44.48482]]},"properties":{}},{"type":"Feature","geometry":{"type":"LineString","coordinates":[[8.97356,44.48482],[8.97389,44.48534],[8.974,44.48544],[8.9745,44.48562],[8.9747,44.48575],[8.97483,44.48592],[8.97497,44.48623],[8.97494,44.48639],[8.97476,44.48652],[8.97429,44.48654],[8.97412,44.4866],[8.97404,44.4867],[8.97403,44.4868],[8.97408,44.48688],[8.97416,44.48694],[8.9743,44.48697],[8.97502,44.48694],[8.97551,44.48672],[8.97602,44.48664],[8.97615,44.48657],[8.97623,44.48641],[8.97622,44.48634],[8.97593,44.48568],[8.97594,44.48556],[8.976,44.48547],[8.97633,44.4853],[8.97646,44.4853],[8.97653,44.48534],[8.97656,44.4854],[8.97657,44.48577],[8.9768,44.48613],[8.97699,44.48634],[8.97708,44.48654],[8.97716,44.4869],[8.97712,44.487]]},"properties":{}},{"type":"Feature","geometry":{"type":"LineString","coordinates":[[8.97712,44.487],[8.97704,44.48709],[8.9769,44.48715],[8.97671,44.48719]]},"properties":{}},{"type":"Feature","geometry":{"type":"LineString","coordinates":[[8.97671,44.48719],[8.97632,44.4872],[8.9754,44.48753],[8.97505,44.4877],[8.97477,44.48797],[8.97463,44.4882],[8.97436,44.48911],[8.97444,44.48971],[8.97466,44.49019],[8.97465,44.49032],[8.97447,44.49052],[8.97418,44.4906],[8.97388,44.49054],[8.97314,44.49014],[8.97272,44.48973],[8.97248,44.4897],[8.97237,44.48972],[8.97201,44.48991],[8.97164,44.49004],[8.97157,44.49012],[8.97149,44.49032],[8.97139,44.49041],[8.97127,44.49044],[8.97049,44.49045],[8.97041,44.49054],[8.97036,44.49074],[8.97008,44.49101],[8.96997,44.49104],[8.9696,44.49103],[8.96923,44.49108],[8.9691,44.49113],[8.96905,44.49118]]},"properties":{}},{"type":"Feature","geometry":{"type":"LineString","coordinates":[[8.96905,44.49118],[8.96906,44.49122],[8.96916,44.49128],[8.96963,44.4913],[8.97052,44.49143],[8.97067,44.49143],[8.97116,44.49128],[8.97136,44.49126]]},"properties":{}},{"type":"Feature","geometry":{"type":"LineString","coordinates":[[8.97136,44.49126],[8.97212,44.49128],[8.97222,44.49124],[8.97232,44.49117],[8.97228,44.49098],[8.97229,44.49085],[8.9724,44.49077],[8.97253,44.49075],[8.97268,44.49078],[8.97275,44.49086],[8.97277,44.49095],[8.97272,44.49105],[8.97258,44.49117],[8.97175,44.49179],[8.97128,44.49196],[8.97119,44.49203],[8.97115,44.49208],[8.97115,44.49218]]},"properties":{}},{"type":"Feature","geometry":{"type":"LineString","coordinates":[[8.97115,44.49218],[8.97132,44.4923],[8.97156,44.49226],[8.97225,44.49176],[8.9724,44.4917],[8.97253,44.49171],[8.97313,44.4919],[8.97363,44.49219],[8.97376,44.4922],[8.97441,44.49194],[8.9746,44.49194],[8.97485,44.49202],[8.97541,44.49229],[8.97593,44.49248],[8.97623,44.49255],[8.97645,44.49253],[8.97663,44.49246],[8.97676,44.49234],[8.9768,44.49222],[8.97676,44.49139],[8.97679,44.49128],[8.97687,44.49118],[8.97702,44.49111],[8.97732,44.49112],[8.97748,44.49125],[8.97753,44.49146],[8.97732,44.49259],[8.9773,44.49298],[8.97718,44.49338],[8.97717,44.49352]]},"properties":{}},{"type":"Feature","geometry":{"type":"LineString","coordinates":[[8.97717,44.49352],[8.97727,44.49369],[8.97739,44.49375],[8.97834,44.49385],[8.97935,44.49406],[8.97983,44.49424],[8.98035,44.49452],[8.98056,44.49457],[8.98075,44.49458],[8.98147,44.49445],[8.98184,44.49447],[8.9821,44.49452],[8.98268,44.49473],[8.98355,44.49478],[8.98377,44.49487],[8.98398,44.49512],[8.98414,44.49523],[8.98434,44.49527],[8.98539,44.49539],[8.98556,44.49544],[8.98583,44.4957],[8.98596,44.49578],[8.98615,44.49583],[8.98646,44.49584],[8.98668,44.49581],[8.98717,44.49564],[8.98754,44.49565],[8.98771,44.4957],[8.98843,44.49604],[8.98856,44.49612],[8.98867,44.49626],[8.98872,44.49636],[8.98873,44.49651],[8.98849,44.49716]]},"properties":{}},{"type":"Feature","geometry":{"type":"LineString","coordinates":[[8.98849,44.49716],[8.98837,44.49757]]},"properties":{}},{"type":"Feature","geometry":{"type":"LineString","coordinates":[[8.98837,44.49757],[8.9883,44.4977],[8.9879,44.4981],[8.98735,44.49895],[8.98727,44.49917],[8.98725,44.49935],[8.98728,44.49957],[8.98739,44.5]]},"properties":{}},{"type":"Feature","geometry":{"type":"LineString","coordinates":[[8.89949,44.47391],[8.89945,44.474]]},"properties":{}},{"type":"Feature","geometry":{"type":"LineString","coordinates":[[8.89945,44.474],[8.89928,44.47428]]},"properties":{}},{"type":"Feature","geometry":{"type":"LineString","coordinates":[[8.89521,44.4773],[8.89567,44.47638],[8.89639,44.47657],[8.89648,44.47678],[8.89654,44.47683],[8.89698,44.47695],[8.89714,44.47746],[8.897,44.47776],[8.89521,44.47731]]},"properties":{}},{"type":"Feature","geometry":{"type":"LineString","coordinates":[[8.89521,44.47731],[8.89521,44.4773]]},"properties":{}},{"type":"Feature","geometry":{"type":"LineString","coordinates":[[8.90489,44.49575],[8.90564,44.49571]]},"properties":{}},{"type":"Feature","geometry":{"type":"LineString","coordinates":[[8.90482,44.49572],[8.90489,44.49575]]},"properties":{}},{"type":"Feature","geometry":{"type":"LineString","coordinates":[[8.90482,44.49572],[8.90453,44.49626],[8.90445,44.4966],[8.90436,44.49751],[8.9043,44.49767],[8.90416,44.49788]]},"properties":{}},{"type":"Feature","geometry":{"type":"LineString","coordinates":[[8.90416,44.49788],[8.90388,44.49834]]},"properties":{}},{"type":"Feature","geometry":{"type":"LineString","coordinates":[[8.90388,44.49834],[8.90371,44.49859]]},"properties":{}},{"type":"Feature","geometry":{"type":"LineString","coordinates":[[8.90371,44.49859],[8.9033,44.49928]]},"properties":{}},{"type":"Feature","geometry":{"type":"LineString","coordinates":[[8.96421,44.47804],[8.96408,44.47822],[8.96396,44.47877],[8.96382,44.47897],[8.96368,44.47908],[8.96354,44.47915],[8.96311,44.4792]]},"properties":{}},{"type":"Feature","geometry":{"type":"LineString","coordinates":[[8.96311,44.4792],[8.96276,44.4792],[8.96237,44.47933],[8.96215,44.47935],[8.96132,44.47912],[8.96117,44.47916],[8.9611,44.47921],[8.96108,44.47927],[8.96109,44.47933],[8.96116,44.47941],[8.96163,44.47963],[8.96216,44.47971],[8.96269,44.47997],[8.96384,44.48019],[8.96434,44.48022],[8.96512,44.48016],[8.96541,44.47995],[8.96554,44.47989],[8.96574,44.47991],[8.96585,44.48002],[8.96582,44.48013],[8.96573,44.48022],[8.96473,44.48095],[8.96458,44.48122],[8.96457,44.48172],[8.96451,44.48183],[8.96439,44.48191],[8.9642,44.48195],[8.96401,44.48194],[8.96382,44.48187],[8.96369,44.48179],[8.96355,44.48159],[8.96322,44.48125],[8.96309,44.48118],[8.96292,44.48117],[8.96278,44.4812],[8.96251,44.48133],[8.96234,44.48135],[8.96216,44.48131],[8.96156,44.48086],[8.96099,44.48071],[8.96085,44.48073],[8.9608,44.48078],[8.96073,44.48093],[8.96061,44.48107],[8.96012,44.48147],[8.96006,44.48162],[8.96008,44.48191],[8.96014,44.48222],[8.96023,44.48233],[8.96033,44.48239],[8.96058,44.48239],[8.96071,44.48232],[8.96076,44.48225],[8.96101,44.48161],[8.9611,44.48151],[8.96125,44.48145],[8.96142,44.48143],[8.96154,44.48147],[8.96165,44.48155],[8.96199,44.48195],[8.96239,44.48222],[8.96247,44.48237],[8.96243,44.48248],[8.96234,44.48254],[8.9617,44.48266],[8.96157,44.48272],[8.96153,44.4828],[8.96154,44.48293],[8.96169,44.48301],[8.96187,44.48302],[8.96309,44.48292],[8.96326,44.48294],[8.96339,44.483],[8.96351,44.48316]]},"properties":{}},{"type":"Feature","geometry":{"type":"LineString","coordinates":[[8.96351,44.48316],[8.96433,44.48289],[8.96454,44.48288],[8.9664,44.48321]]},"properties":{}},{"type":"Feature","geometry":{"type":"LineString","coordinates":[[8.92037,44.49111],[8.92038,44.49097],[8.92047,44.49077]]},"properties":{}},{"type":"Feature","geometry":{"type":"LineString","coordinates":[[8.92218,44.49149],[8.92199,44.49157],[8.9218,44.49159],[8.92169,44.49153],[8.92131,44.4912],[8.92104,44.49133],[8.92063,44.49119]]},"properties":{}},{"type":"Feature","geometry":{"type":"LineString","coordinates":[[8.92217,44.49162],[8.92344,44.49186]]},"properties":{}},{"type":"Feature","geometry":{"type":"LineString","coordinates":[[8.91264,44.49463],[8.91219,44.4942],[8.91207,44.49412],[8.91145,44.49388],[8.91101,44.49388],[8.91021,44.49379],[8.91012,44.49373],[8.91012,44.49345],[8.91007,44.49325],[8.90994,44.49308],[8.90982,44.49299],[8.90961,44.49293],[8.90924,44.4929],[8.909,44.49283],[8.90875,44.49247],[8.90861,44.49238],[8.9084,44.49231],[8.90828,44.49222],[8.90816,44.49201],[8.90802,44.49199],[8.90795,44.49206],[8.908,44.49222],[8.9081,44.49238],[8.90841,44.49259],[8.90847,44.49269],[8.90849,44.49319],[8.90858,44.49328],[8.90909,44.49335],[8.90915,44.49339],[8.90915,44.49358],[8.90901,44.49385],[8.909,44.49395],[8.90907,44.49407],[8.90968,44.49443],[8.9098,44.49454],[8.90988,44.49468],[8.90985,44.49489],[8.90972,44.49505],[8.90922,44.49543]]},"properties":{}},{"type":"Feature","geometry":{"type":"LineString","coordinates":[[8.90917,44.49519],[8.90929,44.49491],[8.90927,44.4948],[8.9092,44.49472],[8.90893,44.4946],[8.90845,44.49454],[8.90832,44.49445],[8.90831,44.49434],[8.9085,44.49388],[8.90846,44.49378],[8.90838,44.49374],[8.90817,44.49376],[8.90815,44.49384],[8.90823,44.49396],[8.90824,44.49412]]},"properties":{}},{"type":"Feature","geometry":{"type":"LineString","coordinates":[[8.91282,44.49474],[8.91264,44.49463]]},"properties":{}},{"type":"Feature","geometry":{"type":"LineString","coordinates":[[8.92217,44.49782],[8.92152,44.49708],[8.92065,44.49599],[8.92048,44.49556],[8.9204,44.49506],[8.92035,44.49415],[8.92049,44.49323],[8.92085,44.49254],[8.92099,44.49234],[8.92111,44.49223],[8.92178,44.49198],[8.92199,44.49186],[8.92211,44.49177],[8.92217,44.49162]]},"properties":{}},{"type":"Feature","geometry":{"type":"LineString","coordinates":[[8.9033,44.49928],[8.90334,44.49941]]},"properties":{}},{"type":"Feature","geometry":{"type":"LineString","coordinates":[[8.90334,44.49941],[8.90344,44.49953]]},"properties":{}},{"type":"Feature","geometry":{"type":"LineString","coordinates":[[8.90344,44.49953],[8.90384,44.5]]},"properties":{}},{"type":"Feature","geometry":{"type":"LineString","coordinates":[[8.90319,44.5],[8.90315,44.49971]]},"properties":{}},{"type":"Feature","geometry":{"type":"LineString","coordinates":[[8.91319,44.49471],[8.91282,44.49474]]},"properties":{}},{"type":"Feature","geometry":{"type":"LineString","coordinates":[[8.90564,44.49571],[8.90588,44.49569],[8.90619,44.49557],[8.90636,44.49542],[8.90648,44.49541],[8.90657,44.49544],[8.90663,44.4955],[8.90662,44.49563],[8.90664,44.49569],[8.90671,44.49573],[8.90696,44.49575],[8.90704,44.49578],[8.90709,44.49583],[8.90709,44.49592],[8.90704,44.49598],[8.90686,44.49601],[8.90676,44.49597],[8.90669,44.49589],[8.90654,44.49585],[8.90635,44.49589],[8.90626,44.49596],[8.90615,44.49613],[8.90613,44.4963],[8.90618,44.49652],[8.90643,44.49671],[8.90652,44.49673],[8.90732,44.49646],[8.90752,44.49632],[8.9078,44.49591],[8.9081,44.49572],[8.90816,44.49562],[8.90822,44.4954],[8.90851,44.49511],[8.90854,44.49502],[8.90852,44.4949],[8.90814,44.49452],[8.90808,44.49442],[8.90809,44.49433],[8.90824,44.49412]]},"properties":{}},{"type":"Feature","geometry":{"type":"LineString","coordinates":[[8.90922,44.49543],[8.90914,44.49556],[8.90899,44.49566],[8.90885,44.49561],[8.9088,44.49556],[8.90882,44.49545],[8.90907,44.49529],[8.90917,44.49519]]},"properties":{}},{"type":"Feature","geometry":{"type":"LineString","coordinates":[[8.92427,44.5],[8.92278,44.49852],[8.92217,44.49782]]},"properties":{}}]}