{"type":"FeatureCollection","features":[{"type":"Feature","geometry":{"type":"LineString","coordinates":[[9.02431,39.28074],[9.02438,39.2808],[9.02437,39.28092],[9.02423,39.28097],[9.0241,39.28091],[9.02408,39.28084],[9.02412,39.28077],[9.02421,39.28073],[9.02431,39.28074]]},"properties":{}},{"type":"Feature","geometry":{"type":"LineString","coordinates":[[9.01655,39.28119],[9.01656,39.28133],[9.01661,39.28142]]},"properties":{}},{"type":"Feature","geometry":{"type":"LineString","coordinates":[[9.01643,39.28148],[9.01655,39.28119]]},"properties":{}},{"type":"Feature","geometry":{"type":"LineString","coordinates":[[9.01661,39.28142],[9.01688,39.28144]]},"properties":{}},{"type":"Feature","geometry":{"type":"LineString","coordinates":[[9.01661,39.28142],[9.0166,39.28155]]},"properties":{}},{"type":"Feature","geometry":{"type":"LineString","coordinates":[[9.06421,39.25381],[9.06449,39.25384]]},"properties":{}},{"type":"Feature","geometry":{"type":"LineString","coordinates":[[9.06449,39.25384],[9.06479,39.25396],[9.06493,39.25412]]},"properties":{}},{"type":"Feature","geometry":{"type":"LineString","coordinates":[[9.06391,39.25425],[9.0639,39.25407],[9.06395,39.25395],[9.06407,39.25386],[9.06421,39.25381]]},"properties":{}},{"type":"Feature","geometry":{"type":"LineString","coordinates":[[9.06493,39.25412],[9.06494,39.25416]]},"properties":{}},{"type":"Feature","geometry":{"type":"LineString","coordinates":[[9.06494,39.25416],[9.0649,39.2543],[9.06482,39.25442],[9.06463,39.2545],[9.06437,39.25451]]},"properties":{}},{"type":"Feature","geometry":{"type":"LineString","coordinates":[[9.06432,39.2545],[9.06409,39.25441],[9.06391,39.25425]]},"properties":{}},{"type":"Feature","geometry":{"type":"LineString","coordinates":[[9.06437,39.25451],[9.06432,39.2545]]},"properties":{}},{"type":"Feature","geometry":{"type":"LineString","coordinates":[[9.05581,39.25633],[9.0561,39.25635],[9.05884,39.25809],[9.05892,39.2581],[9.05901,39.25807]]},"properties":{}},{"type":"Feature","geometry":{"type":"LineString","coordinates":[[9.06021,39.25736],[9.061,39.25783]]},"properties":{}},{"type":"Feature","geometry":{"type":"LineString","coordinates":[[9.06095,39.25787],[9.06016,39.25739]]},"properties":{}},{"type":"Feature","geometry":{"type":"LineString","coordinates":[[9.061,39.25783],[9.06138,39.25805]]},"properties":{}},{"type":"Feature","geometry":{"type":"LineString","coordinates":[[9.06133,39.2581],[9.06095,39.25787]]},"properties":{}},{"type":"Feature","geometry":{"type":"LineString","coordinates":[[9.06138,39.25805],[9.06186,39.2583]]},"properties":{}},{"type":"Feature","geometry":{"type":"LineString","coordinates":[[9.06179,39.25835],[9.06133,39.2581]]},"properties":{}},{"type":"Feature","geometry":{"type":"LineString","coordinates":[[9.06263,39.25981],[9.06284,39.25973],[9.0632,39.2598],[9.06428,39.26095],[9.06448,39.26114],[9.06457,39.26117],[9.06466,39.26117],[9.06491,39.26104],[9.06506,39.26092],[9.06733,39.25996],[9.06747,39.25984],[9.06748,39.25968],[9.06744,39.25959],[9.06716,39.2592],[9.06708,39.2589],[9.06653,39.2581],[9.06664,39.2579],[9.067,39.25776],[9.06706,39.2577],[9.06708,39.25761],[9.06706,39.25756],[9.06637,39.25696],[9.06632,39.25695],[9.06581,39.25712],[9.06544,39.25691],[9.0654,39.2568],[9.06549,39.2566],[9.06564,39.25652],[9.06557,39.25639],[9.06535,39.25647],[9.06518,39.25648],[9.06502,39.25658],[9.06376,39.25708],[9.06219,39.25826],[9.06189,39.25829],[9.06175,39.25838],[9.06181,39.25854],[9.06195,39.25862],[9.06214,39.25866],[9.06283,39.25939],[9.06287,39.2595],[9.06283,39.25961],[9.06258,39.25973],[9.06263,39.25981]]},"properties":{}},{"type":"Feature","geometry":{"type":"LineString","coordinates":[[9.0602,39.26164],[9.0603,39.26158],[9.06009,39.26134],[9.06002,39.26113],[9.06004,39.26098],[9.06009,39.26089],[9.06023,39.26076],[9.06263,39.25981]]},"properties":{}},{"type":"Feature","geometry":{"type":"LineString","coordinates":[[9.06013,39.26168],[9.0602,39.26164]]},"properties":{}},{"type":"Feature","geometry":{"type":"LineString","coordinates":[[9.0498,39.26213],[9.04992,39.26206],[9.04997,39.26208],[9.05002,39.26217]]},"properties":{}},{"type":"Feature","geometry":{"type":"LineString","coordinates":[[9.04925,39.26236],[9.0498,39.26213]]},"properties":{}},{"type":"Feature","geometry":{"type":"LineString","coordinates":[[9.04418,39.26423],[9.048,39.26231],[9.04824,39.26227],[9.04852,39.26227],[9.04881,39.2623],[9.04906,39.26238],[9.04925,39.26236]]},"properties":{}},{"type":"Feature","geometry":{"type":"LineString","coordinates":[[9.05159,39.26491],[9.05158,39.26484],[9.05075,39.26412],[9.0495,39.26307],[9.04929,39.26293],[9.04907,39.26299],[9.04666,39.26395],[9.04669,39.26453],[9.04652,39.26457]]},"properties":{}},{"type":"Feature","geometry":{"type":"LineString","coordinates":[[9.04409,39.26428],[9.04418,39.26423]]},"properties":{}},{"type":"Feature","geometry":{"type":"LineString","coordinates":[[9.05688,39.26495],[9.05855,39.26414],[9.05867,39.26412],[9.05878,39.26415],[9.05888,39.26411]]},"properties":{}},{"type":"Feature","geometry":{"type":"LineString","coordinates":[[9.04099,39.26584],[9.04098,39.2658],[9.03968,39.26475],[9.0396,39.26452],[9.03968,39.26438],[9.03978,39.26428],[9.04097,39.26371],[9.04107,39.26369],[9.04188,39.26433],[9.042,39.26438],[9.04217,39.26438],[9.04282,39.2645],[9.04303,39.26451],[9.0437,39.26444],[9.04391,39.26438],[9.04409,39.26428]]},"properties":{}},{"type":"Feature","geometry":{"type":"LineString","coordinates":[[9.10013,39.25109],[9.09991,39.25105],[9.09615,39.2511]]},"properties":{}},{"type":"Feature","geometry":{"type":"LineString","coordinates":[[9.09677,39.25323],[9.09787,39.25282],[9.09927,39.25235]]},"properties":{}},{"type":"Feature","geometry":{"type":"LineString","coordinates":[[9.0782,39.26509],[9.078,39.26509],[9.07785,39.26505]]},"properties":{}},{"type":"Feature","geometry":{"type":"LineString","coordinates":[[9.07496,39.26761],[9.07529,39.26756],[9.07565,39.26742]]},"properties":{}},{"type":"Feature","geometry":{"type":"LineString","coordinates":[[9.07565,39.26742],[9.0754,39.26768],[9.07535,39.26787]]},"properties":{}},{"type":"Feature","geometry":{"type":"LineString","coordinates":[[9.07875,39.27309],[9.07884,39.27283],[9.07878,39.27253],[9.07882,39.27242],[9.07893,39.27239],[9.07902,39.27244],[9.07899,39.27268]]},"properties":{}},{"type":"Feature","geometry":{"type":"LineString","coordinates":[[9.07899,39.27268],[9.07884,39.27299],[9.07875,39.27309]]},"properties":{}},{"type":"Feature","geometry":{"type":"LineString","coordinates":[[9.07559,39.27913],[9.07576,39.27902],[9.07591,39.27885]]},"properties":{}},{"type":"Feature","geometry":{"type":"LineString","coordinates":[[9.07591,39.27885],[9.07587,39.27905],[9.07588,39.27921]]},"properties":{}},{"type":"Feature","geometry":{"type":"LineString","coordinates":[[9.0752,39.27915],[9.07545,39.2792]]},"properties":{}},{"type":"Feature","geometry":{"type":"LineString","coordinates":[[9.05686,39.26501],[9.05688,39.26495]]},"properties":{}},{"type":"Feature","geometry":{"type":"LineString","coordinates":[[9.05671,39.26517],[9.05686,39.26501]]},"properties":{}},{"type":"Feature","geometry":{"type":"LineString","coordinates":[[9.05785,39.26537],[9.05769,39.26549]]},"properties":{}},{"type":"Feature","geometry":{"type":"LineString","coordinates":[[9.05769,39.26549],[9.05754,39.26565]]},"properties":{}},{"type":"Feature","geometry":{"type":"LineString","coordinates":[[9.05448,39.26611],[9.05456,39.26614],[9.05569,39.26556],[9.0558,39.26559],[9.0559,39.26554],[9.05588,39.26548],[9.05591,39.26546],[9.05629,39.26526],[9.0564,39.26521],[9.05667,39.26521],[9.05671,39.26517]]},"properties":{}},{"type":"Feature","geometry":{"type":"LineString","coordinates":[[9.05754,39.26565],[9.05747,39.26573]]},"properties":{}},{"type":"Feature","geometry":{"type":"LineString","coordinates":[[9.04533,39.26628],[9.04534,39.26618],[9.04478,39.26608],[9.04472,39.26599],[9.04448,39.26593],[9.04443,39.26588],[9.04441,39.26573],[9.04432,39.2656]]},"properties":{}},{"type":"Feature","geometry":{"type":"LineString","coordinates":[[9.05887,39.26599],[9.05872,39.2661]]},"properties":{}},{"type":"Feature","geometry":{"type":"LineString","coordinates":[[9.05872,39.2661],[9.05856,39.26624]]},"properties":{}},{"type":"Feature","geometry":{"type":"LineString","coordinates":[[9.05856,39.26624],[9.0585,39.26629],[9.05845,39.26641]]},"properties":{}},{"type":"Feature","geometry":{"type":"LineString","coordinates":[[9.04525,39.26644],[9.0452,39.26649]]},"properties":{}},{"type":"Feature","geometry":{"type":"LineString","coordinates":[[9.0452,39.26649],[9.04504,39.26661]]},"properties":{}},{"type":"Feature","geometry":{"type":"LineString","coordinates":[[9.04269,39.26668],[9.04269,39.26675],[9.04264,39.26681],[9.04251,39.26684]]},"properties":{}},{"type":"Feature","geometry":{"type":"LineString","coordinates":[[9.04251,39.26684],[9.04234,39.26689]]},"properties":{}},{"type":"Feature","geometry":{"type":"LineString","coordinates":[[9.04735,39.26747],[9.04724,39.26746],[9.04628,39.26693],[9.04563,39.26633],[9.04556,39.26632],[9.04544,39.26639]]},"properties":{}},{"type":"Feature","geometry":{"type":"LineString","coordinates":[[9.04353,39.2676],[9.04525,39.2664],[9.04533,39.26628]]},"properties":{}},{"type":"Feature","geometry":{"type":"LineString","coordinates":[[9.03699,39.27054],[9.03692,39.27049],[9.03697,39.27044],[9.03697,39.27031],[9.03701,39.27025],[9.03712,39.27021],[9.03731,39.2702],[9.03749,39.27011],[9.03815,39.26971],[9.03842,39.26951],[9.03861,39.26934],[9.03925,39.26856],[9.03941,39.26841],[9.03964,39.26826],[9.04002,39.26808],[9.04103,39.26771],[9.04135,39.26753],[9.04232,39.26683],[9.04244,39.26691],[9.04268,39.2669],[9.04276,39.26684],[9.04279,39.26678],[9.04277,39.26663],[9.04279,39.26659],[9.0429,39.26651],[9.04283,39.26642],[9.04313,39.26626],[9.04314,39.26608],[9.04322,39.26602],[9.04321,39.2659],[9.04324,39.26587],[9.04342,39.26584],[9.04346,39.26587],[9.04366,39.26589],[9.04538,39.26517],[9.04577,39.26466]]},"properties":{}},{"type":"Feature","geometry":{"type":"LineString","coordinates":[[9.0438,39.26743],[9.04134,39.26916],[9.03964,39.27031],[9.03973,39.27038],[9.03857,39.2713],[9.0386,39.27138],[9.03869,39.27144],[9.0389,39.27149],[9.03966,39.27154]]},"properties":{}},{"type":"Feature","geometry":{"type":"LineString","coordinates":[[9.05866,39.27067],[9.05895,39.27039],[9.05924,39.27005],[9.05942,39.26977]]},"properties":{}},{"type":"Feature","geometry":{"type":"LineString","coordinates":[[9.03981,39.27028],[9.03971,39.27036]]},"properties":{}},{"type":"Feature","geometry":{"type":"LineString","coordinates":[[9.05958,39.2698],[9.0593,39.2704],[9.05897,39.27086]]},"properties":{}},{"type":"Feature","geometry":{"type":"LineString","coordinates":[[9.05834,39.2706],[9.05866,39.27067]]},"properties":{}},{"type":"Feature","geometry":{"type":"LineString","coordinates":[[9.05847,39.27087],[9.05843,39.27074],[9.05834,39.2706]]},"properties":{}},{"type":"Feature","geometry":{"type":"LineString","coordinates":[[9.05897,39.27086],[9.05877,39.27105]]},"properties":{}},{"type":"Feature","geometry":{"type":"LineString","coordinates":[[9.05877,39.27105],[9.05865,39.27105],[9.05854,39.27101],[9.05847,39.27087]]},"properties":{}},{"type":"Feature","geometry":{"type":"LineString","coordinates":[[9.03861,39.27125],[9.03857,39.27122]]},"properties":{}},{"type":"Feature","geometry":{"type":"LineString","coordinates":[[9.05712,39.27191],[9.05745,39.27173],[9.05793,39.27137],[9.05866,39.27067]]},"properties":{}},{"type":"Feature","geometry":{"type":"LineString","coordinates":[[9.05877,39.27105],[9.05826,39.27145],[9.05784,39.27171]]},"properties":{}},{"type":"Feature","geometry":{"type":"LineString","coordinates":[[9.03966,39.27154],[9.03966,39.27158]]},"properties":{}},{"type":"Feature","geometry":{"type":"LineString","coordinates":[[9.05279,39.27218],[9.05191,39.27152]]},"properties":{}},{"type":"Feature","geometry":{"type":"LineString","coordinates":[[9.05784,39.27171],[9.05748,39.27188],[9.05603,39.27239]]},"properties":{}},{"type":"Feature","geometry":{"type":"LineString","coordinates":[[9.05585,39.27236],[9.0564,39.27221],[9.05712,39.27191]]},"properties":{}},{"type":"Feature","geometry":{"type":"LineString","coordinates":[[9.03649,39.27303],[9.03531,39.2719],[9.03529,39.27183],[9.03533,39.27173],[9.03558,39.27154]]},"properties":{}},{"type":"Feature","geometry":{"type":"LineString","coordinates":[[9.04744,39.27165],[9.04741,39.27167],[9.04843,39.27257],[9.04924,39.2732],[9.05028,39.27311],[9.051,39.27299],[9.05107,39.27295],[9.05107,39.27248]]},"properties":{}},{"type":"Feature","geometry":{"type":"LineString","coordinates":[[9.05603,39.27239],[9.05552,39.2725]]},"properties":{}},{"type":"Feature","geometry":{"type":"LineString","coordinates":[[9.05381,39.27274],[9.05585,39.27236]]},"properties":{}},{"type":"Feature","geometry":{"type":"LineString","coordinates":[[9.05345,39.27247],[9.0538,39.27261],[9.054,39.27264],[9.05467,39.27254],[9.05494,39.27253]]},"properties":{}},{"type":"Feature","geometry":{"type":"LineString","coordinates":[[9.05552,39.2725],[9.05389,39.27279]]},"properties":{}},{"type":"Feature","geometry":{"type":"LineString","coordinates":[[9.05206,39.27305],[9.05242,39.27294],[9.0533,39.27276],[9.05337,39.2727],[9.0534,39.27259],[9.05328,39.27236]]},"properties":{}},{"type":"Feature","geometry":{"type":"LineString","coordinates":[[9.05552,39.2725],[9.05532,39.27258],[9.05463,39.2727],[9.05448,39.27275],[9.05437,39.27282],[9.05432,39.27291],[9.05432,39.273],[9.05453,39.27326]]},"properties":{}},{"type":"Feature","geometry":{"type":"LineString","coordinates":[[9.05206,39.27305],[9.05381,39.27274]]},"properties":{}},{"type":"Feature","geometry":{"type":"LineString","coordinates":[[9.05442,39.27318],[9.05431,39.27315],[9.05406,39.27298],[9.05378,39.27289],[9.05362,39.27289],[9.05281,39.27304],[9.05211,39.27312]]},"properties":{}},{"type":"Feature","geometry":{"type":"LineString","coordinates":[[9.03649,39.27303],[9.03653,39.27306]]},"properties":{}},{"type":"Feature","geometry":{"type":"LineString","coordinates":[[9.03653,39.27306],[9.03658,39.27308]]},"properties":{}},{"type":"Feature","geometry":{"type":"LineString","coordinates":[[9.03658,39.27308],[9.03663,39.2731]]},"properties":{}},{"type":"Feature","geometry":{"type":"LineString","coordinates":[[9.05486,39.27349],[9.05511,39.27355]]},"properties":{}},{"type":"Feature","geometry":{"type":"LineString","coordinates":[[9.05499,39.27363],[9.05486,39.27349]]},"properties":{}},{"type":"Feature","geometry":{"type":"LineString","coordinates":[[9.05499,39.27363],[9.05503,39.27357],[9.05511,39.27355]]},"properties":{}},{"type":"Feature","geometry":{"type":"LineString","coordinates":[[9.05511,39.27355],[9.05521,39.27359],[9.05523,39.27365]]},"properties":{}},{"type":"Feature","geometry":{"type":"LineString","coordinates":[[9.05501,39.2737],[9.05499,39.27363]]},"properties":{}},{"type":"Feature","geometry":{"type":"LineString","coordinates":[[9.05523,39.27365],[9.05519,39.27371],[9.05511,39.27373]]},"properties":{}},{"type":"Feature","geometry":{"type":"LineString","coordinates":[[9.05511,39.27373],[9.05501,39.2737]]},"properties":{}},{"type":"Feature","geometry":{"type":"LineString","coordinates":[[9.05523,39.27365],[9.05533,39.27381]]},"properties":{}},{"type":"Feature","geometry":{"type":"LineString","coordinates":[[9.05533,39.27381],[9.05511,39.27373]]},"properties":{}},{"type":"Feature","geometry":{"type":"LineString","coordinates":[[9.05567,39.27404],[9.05637,39.27448],[9.05652,39.27452]]},"properties":{}},{"type":"Feature","geometry":{"type":"LineString","coordinates":[[9.05652,39.27452],[9.05655,39.27451]]},"properties":{}},{"type":"Feature","geometry":{"type":"LineString","coordinates":[[9.05655,39.27451],[9.05668,39.27454],[9.05674,39.27464]]},"properties":{}},{"type":"Feature","geometry":{"type":"LineString","coordinates":[[9.05641,39.27467],[9.05642,39.27458],[9.05652,39.27452]]},"properties":{}},{"type":"Feature","geometry":{"type":"LineString","coordinates":[[9.05642,39.27471],[9.05641,39.27467]]},"properties":{}},{"type":"Feature","geometry":{"type":"LineString","coordinates":[[9.05674,39.27464],[9.0567,39.27473],[9.05661,39.27477]]},"properties":{}},{"type":"Feature","geometry":{"type":"LineString","coordinates":[[9.05674,39.27464],[9.05679,39.27476],[9.05687,39.27484]]},"properties":{}},{"type":"Feature","geometry":{"type":"LineString","coordinates":[[9.05659,39.27477],[9.05649,39.27476],[9.05642,39.27471]]},"properties":{}},{"type":"Feature","geometry":{"type":"LineString","coordinates":[[9.05661,39.27477],[9.05659,39.27477]]},"properties":{}},{"type":"Feature","geometry":{"type":"LineString","coordinates":[[9.05687,39.27484],[9.05661,39.27477]]},"properties":{}},{"type":"Feature","geometry":{"type":"LineString","coordinates":[[9.05642,39.27494],[9.05642,39.27471]]},"properties":{}},{"type":"Feature","geometry":{"type":"LineString","coordinates":[[9.05659,39.27477],[9.05642,39.27494]]},"properties":{}},{"type":"Feature","geometry":{"type":"LineString","coordinates":[[9.05284,39.27584],[9.053,39.27572]]},"properties":{}},{"type":"Feature","geometry":{"type":"LineString","coordinates":[[9.05305,39.27584],[9.05284,39.27584]]},"properties":{}},{"type":"Feature","geometry":{"type":"LineString","coordinates":[[9.02586,39.2822],[9.02632,39.28264],[9.02656,39.28275],[9.02832,39.28314],[9.02874,39.28334],[9.02907,39.28345],[9.02939,39.28347],[9.02987,39.28335]]},"properties":{}},{"type":"Feature","geometry":{"type":"LineString","coordinates":[[9.03039,39.28307],[9.03047,39.28303]]},"properties":{}},{"type":"Feature","geometry":{"type":"LineString","coordinates":[[9.07538,39.27933],[9.0752,39.27915]]},"properties":{}},{"type":"Feature","geometry":{"type":"LineString","coordinates":[[9.07546,39.27949],[9.07539,39.27939],[9.0754,39.27926],[9.07552,39.27916],[9.07567,39.27913]]},"properties":{}},{"type":"Feature","geometry":{"type":"LineString","coordinates":[[9.07567,39.27913],[9.07588,39.27921],[9.07593,39.27934],[9.07589,39.27946],[9.07584,39.2795],[9.07568,39.27955]]},"properties":{}},{"type":"Feature","geometry":{"type":"LineString","coordinates":[[9.07593,39.27934],[9.07614,39.27955]]},"properties":{}},{"type":"Feature","geometry":{"type":"LineString","coordinates":[[9.07568,39.27955],[9.07546,39.27949]]},"properties":{}},{"type":"Feature","geometry":{"type":"LineString","coordinates":[[9.07614,39.27955],[9.07584,39.2795]]},"properties":{}},{"type":"Feature","geometry":{"type":"LineString","coordinates":[[9.07547,39.2797],[9.07546,39.27949]]},"properties":{}},{"type":"Feature","geometry":{"type":"LineString","coordinates":[[9.07568,39.27955],[9.07547,39.2797]]},"properties":{}},{"type":"Feature","geometry":{"type":"LineString","coordinates":[[9.07387,39.28172],[9.07429,39.28188]]},"properties":{}},{"type":"Feature","geometry":{"type":"LineString","coordinates":[[9.07426,39.28196],[9.07387,39.28172]]},"properties":{}},{"type":"Feature","geometry":{"type":"LineString","coordinates":[[9.07446,39.28196],[9.07449,39.28202],[9.07463,39.28213],[9.0748,39.28213]]},"properties":{}},{"type":"Feature","geometry":{"type":"LineString","coordinates":[[9.07467,39.28228],[9.07463,39.2822],[9.07442,39.28201]]},"properties":{}},{"type":"Feature","geometry":{"type":"LineString","coordinates":[[9.07377,39.28301],[9.07429,39.28199]]},"properties":{}},{"type":"Feature","geometry":{"type":"LineString","coordinates":[[9.07436,39.28202],[9.07328,39.28422]]},"properties":{}},{"type":"Feature","geometry":{"type":"LineString","coordinates":[[9.07297,39.28413],[9.0731,39.28418],[9.07322,39.28417]]},"properties":{}},{"type":"Feature","geometry":{"type":"LineString","coordinates":[[9.07311,39.28439],[9.07297,39.28413]]},"properties":{}},{"type":"Feature","geometry":{"type":"LineString","coordinates":[[9.08081,39.28519],[9.08078,39.28478],[9.0807,39.28452]]},"properties":{}},{"type":"Feature","geometry":{"type":"LineString","coordinates":[[9.08081,39.28519],[9.0809,39.28506],[9.08103,39.28499],[9.08121,39.28499]]},"properties":{}},{"type":"Feature","geometry":{"type":"LineString","coordinates":[[9.08121,39.28499],[9.08117,39.28511],[9.08096,39.28526]]},"properties":{}},{"type":"Feature","geometry":{"type":"LineString","coordinates":[[9.08075,39.28532],[9.08081,39.28519]]},"properties":{}},{"type":"Feature","geometry":{"type":"LineString","coordinates":[[9.01163,39.28107],[9.01307,39.28193],[9.01336,39.28165]]},"properties":{}},{"type":"Feature","geometry":{"type":"LineString","coordinates":[[9.01649,39.2816],[9.01643,39.28148]]},"properties":{}},{"type":"Feature","geometry":{"type":"LineString","coordinates":[[9.01633,39.28167],[9.01643,39.28148]]},"properties":{}},{"type":"Feature","geometry":{"type":"LineString","coordinates":[[9.02095,39.28403],[9.02329,39.28177]]},"properties":{}},{"type":"Feature","geometry":{"type":"LineString","coordinates":[[9.02482,39.286],[9.02529,39.28563],[9.02543,39.2854],[9.02596,39.28276],[9.02586,39.2822]]},"properties":{}},{"type":"Feature","geometry":{"type":"LineString","coordinates":[[9.02102,39.28419],[9.02096,39.28426],[9.02079,39.28428],[9.02069,39.28423],[9.02066,39.28413],[9.02077,39.28402],[9.02089,39.28401],[9.02099,39.28406],[9.02102,39.28419]]},"properties":{}},{"type":"Feature","geometry":{"type":"LineString","coordinates":[[9.02736,39.28432],[9.02721,39.28424],[9.02702,39.28401],[9.02684,39.28391],[9.02666,39.28387],[9.02642,39.28387],[9.0261,39.28394],[9.02587,39.28405],[9.02573,39.28425],[9.02569,39.28448],[9.02575,39.28464],[9.02589,39.28483],[9.02612,39.28494],[9.02636,39.28497],[9.02663,39.28495],[9.02698,39.28487]]},"properties":{}},{"type":"Feature","geometry":{"type":"LineString","coordinates":[[9.02802,39.28442],[9.02695,39.28497]]},"properties":{}},{"type":"Feature","geometry":{"type":"LineString","coordinates":[[9.02074,39.28426],[9.01959,39.2853]]},"properties":{}},{"type":"Feature","geometry":{"type":"LineString","coordinates":[[9.00619,39.28671],[9.00737,39.28628],[9.00851,39.28576],[9.00907,39.28555],[9.01105,39.28486],[9.01322,39.28401],[9.01385,39.28373],[9.01484,39.28342]]},"properties":{}},{"type":"Feature","geometry":{"type":"LineString","coordinates":[[9.08096,39.28526],[9.08075,39.28532]]},"properties":{}},{"type":"Feature","geometry":{"type":"LineString","coordinates":[[9.08168,39.28536],[9.08151,39.28529],[9.08131,39.28526],[9.08115,39.28524],[9.08096,39.28526]]},"properties":{}},{"type":"Feature","geometry":{"type":"LineString","coordinates":[[9.07328,39.28422],[9.07254,39.28569],[9.07209,39.28634],[9.07193,39.28652]]},"properties":{}},{"type":"Feature","geometry":{"type":"LineString","coordinates":[[9.08197,39.28564],[9.0822,39.28582],[9.08229,39.28586]]},"properties":{}},{"type":"Feature","geometry":{"type":"LineString","coordinates":[[9.0821,39.28597],[9.08208,39.2858],[9.08197,39.28564]]},"properties":{}},{"type":"Feature","geometry":{"type":"LineString","coordinates":[[9.0821,39.28597],[9.08223,39.28587],[9.0824,39.28589]]},"properties":{}},{"type":"Feature","geometry":{"type":"LineString","coordinates":[[9.0824,39.28589],[9.0825,39.286],[9.08247,39.2861],[9.08234,39.28618],[9.08217,39.28615]]},"properties":{}},{"type":"Feature","geometry":{"type":"LineString","coordinates":[[9.08217,39.28615],[9.0821,39.28607],[9.0821,39.28597]]},"properties":{}},{"type":"Feature","geometry":{"type":"LineString","coordinates":[[9.08226,39.28638],[9.08217,39.28615]]},"properties":{}},{"type":"Feature","geometry":{"type":"LineString","coordinates":[[9.08239,39.28616],[9.08226,39.28638]]},"properties":{}},{"type":"Feature","geometry":{"type":"LineString","coordinates":[[9.00608,39.28699],[9.00596,39.28686],[9.00582,39.28683],[9.00571,39.28686],[9.00565,39.28679],[9.0059,39.28662],[9.00617,39.28665],[9.00738,39.28623],[9.00906,39.28554],[9.01098,39.28487],[9.01382,39.2837],[9.01481,39.28338]]},"properties":{}},{"type":"Feature","geometry":{"type":"LineString","coordinates":[[9.02482,39.286],[9.02698,39.28487]]},"properties":{}},{"type":"Feature","geometry":{"type":"LineString","coordinates":[[9.01487,39.28347],[9.0149,39.28352],[9.01392,39.28382],[9.01231,39.28449],[9.01032,39.28523],[9.00912,39.28564],[9.00778,39.2862],[9.00649,39.28666],[9.00643,39.28688],[9.00628,39.28686],[9.00623,39.28688],[9.00582,39.28723],[9.00577,39.2873],[9.00577,39.28739],[9.00583,39.28755]]},"properties":{}},{"type":"Feature","geometry":{"type":"LineString","coordinates":[[9.02695,39.28497],[9.02473,39.28613]]},"properties":{}},{"type":"Feature","geometry":{"type":"LineString","coordinates":[[9.02412,39.28637],[9.02482,39.286]]},"properties":{}},{"type":"Feature","geometry":{"type":"LineString","coordinates":[[9.02473,39.28613],[9.02397,39.28652]]},"properties":{}},{"type":"Feature","geometry":{"type":"LineString","coordinates":[[9.00572,39.28757],[9.00563,39.28736],[9.00546,39.28714],[9.00535,39.28708],[9.00519,39.28717],[9.00513,39.28713]]},"properties":{}},{"type":"Feature","geometry":{"type":"LineString","coordinates":[[9.00576,39.28756],[9.00572,39.28757]]},"properties":{}},{"type":"Feature","geometry":{"type":"LineString","coordinates":[[9.00583,39.2878],[9.00572,39.28757]]},"properties":{}},{"type":"Feature","geometry":{"type":"LineString","coordinates":[[9.00595,39.28791],[9.00583,39.2878]]},"properties":{}},{"type":"Feature","geometry":{"type":"LineString","coordinates":[[9.07041,39.28759],[9.07166,39.28649]]},"properties":{}},{"type":"Feature","geometry":{"type":"LineString","coordinates":[[9.0683,39.29119],[9.06888,39.28964],[9.06916,39.28913],[9.06932,39.28889],[9.06981,39.28834],[9.07091,39.28735],[9.07134,39.28701],[9.07188,39.28649],[9.07209,39.28623],[9.07248,39.28564],[9.07377,39.28301]]},"properties":{}},{"type":"Feature","geometry":{"type":"LineString","coordinates":[[9.0825,39.286],[9.08276,39.28617],[9.08742,39.29004]]},"properties":{}},{"type":"Feature","geometry":{"type":"LineString","coordinates":[[9.08764,39.29035],[9.08276,39.28628],[9.08258,39.28617],[9.08242,39.28615]]},"properties":{}},{"type":"Feature","geometry":{"type":"LineString","coordinates":[[9.0698,39.28846],[9.06945,39.28901],[9.06945,39.28909],[9.06957,39.2892]]},"properties":{}},{"type":"Feature","geometry":{"type":"LineString","coordinates":[[9.07193,39.28652],[9.0714,39.28705],[9.06995,39.28831],[9.0696,39.28867],[9.06928,39.28908],[9.06904,39.28948],[9.06887,39.28987],[9.06832,39.29139]]},"properties":{}},{"type":"Feature","geometry":{"type":"LineString","coordinates":[[9.06957,39.2892],[9.06937,39.28918],[9.06927,39.28924],[9.06902,39.28965],[9.06892,39.28976]]},"properties":{}},{"type":"Feature","geometry":{"type":"LineString","coordinates":[[9.08764,39.29035],[9.08774,39.29022]]},"properties":{}},{"type":"Feature","geometry":{"type":"LineString","coordinates":[[9.08742,39.29004],[9.08861,39.29065]]},"properties":{}},{"type":"Feature","geometry":{"type":"LineString","coordinates":[[9.08833,39.29091],[9.08764,39.29035]]},"properties":{}},{"type":"Feature","geometry":{"type":"LineString","coordinates":[[9.03047,39.28311],[9.0304,39.28314]]},"properties":{}},{"type":"Feature","geometry":{"type":"LineString","coordinates":[[9.02987,39.28335],[9.03039,39.28307]]},"properties":{}},{"type":"Feature","geometry":{"type":"LineString","coordinates":[[9.0304,39.28314],[9.02991,39.28341]]},"properties":{}},{"type":"Feature","geometry":{"type":"LineString","coordinates":[[9.02822,39.28422],[9.02847,39.28397],[9.02855,39.2838],[9.02857,39.28361],[9.02851,39.28343],[9.02835,39.28328],[9.02813,39.28319],[9.02787,39.28314],[9.02757,39.28318],[9.02734,39.2833],[9.02719,39.28351],[9.02716,39.28371],[9.02718,39.28388],[9.02733,39.2842],[9.02736,39.28432]]},"properties":{}},{"type":"Feature","geometry":{"type":"LineString","coordinates":[[9.02822,39.28422],[9.02987,39.28335]]},"properties":{}},{"type":"Feature","geometry":{"type":"LineString","coordinates":[[9.02991,39.28341],[9.02802,39.28442]]},"properties":{}},{"type":"Feature","geometry":{"type":"LineString","coordinates":[[9.02698,39.28487],[9.02822,39.28422]]},"properties":{}},{"type":"Feature","geometry":{"type":"LineString","coordinates":[[9.02782,39.28498],[9.02822,39.28529],[9.02846,39.28539],[9.02878,39.2854],[9.02909,39.2853],[9.02936,39.28502],[9.02938,39.28482],[9.02934,39.28463],[9.02909,39.28437],[9.02889,39.2843],[9.02864,39.28427],[9.02802,39.28442]]},"properties":{}},{"type":"Feature","geometry":{"type":"LineString","coordinates":[[9.02991,39.28341],[9.02948,39.28375],[9.0294,39.28386],[9.02935,39.28403],[9.02937,39.28422],[9.02952,39.28469],[9.02953,39.28482],[9.02936,39.28662],[9.02937,39.28678],[9.02942,39.28696],[9.02956,39.28718],[9.02957,39.28728]]},"properties":{}},{"type":"Feature","geometry":{"type":"LineString","coordinates":[[9.06543,39.29898],[9.06549,39.29892],[9.06801,39.29194]]},"properties":{}},{"type":"Feature","geometry":{"type":"LineString","coordinates":[[9.02397,39.28652],[9.01784,39.28976]]},"properties":{}},{"type":"Feature","geometry":{"type":"LineString","coordinates":[[9.00705,39.28877],[9.0073,39.28843],[9.00733,39.28812],[9.00722,39.28798],[9.00703,39.28792],[9.00623,39.288],[9.00595,39.28791]]},"properties":{}},{"type":"Feature","geometry":{"type":"LineString","coordinates":[[9.01575,39.29073],[9.01762,39.28979],[9.02412,39.28637]]},"properties":{}},{"type":"Feature","geometry":{"type":"LineString","coordinates":[[9.0072,39.28943],[9.00737,39.28943]]},"properties":{}},{"type":"Feature","geometry":{"type":"LineString","coordinates":[[9.01784,39.28976],[9.01644,39.29052]]},"properties":{}},{"type":"Feature","geometry":{"type":"LineString","coordinates":[[9.01389,39.29086],[9.01453,39.29099]]},"properties":{}},{"type":"Feature","geometry":{"type":"LineString","coordinates":[[9.00742,39.29115],[9.00759,39.29113]]},"properties":{}},{"type":"Feature","geometry":{"type":"LineString","coordinates":[[9.0131,39.29213],[9.0148,39.29126]]},"properties":{}},{"type":"Feature","geometry":{"type":"LineString","coordinates":[[9.00583,39.28755],[9.00596,39.28781],[9.00615,39.28788],[9.00634,39.2879],[9.00703,39.28783],[9.00717,39.28784],[9.00728,39.28789],[9.00744,39.28804],[9.00747,39.28835],[9.00753,39.28836],[9.00758,39.28841],[9.00744,39.2885],[9.00743,39.28901],[9.00736,39.28954],[9.0074,39.28993],[9.00765,39.29152],[9.00761,39.29185],[9.00753,39.29199],[9.00743,39.2921],[9.0064,39.29282],[9.00632,39.29295],[9.0062,39.29344],[9.00559,39.29394],[9.00488,39.29462],[9.00196,39.29629]]},"properties":{}},{"type":"Feature","geometry":{"type":"LineString","coordinates":[[9.00713,39.29213],[9.00723,39.29222]]},"properties":{}},{"type":"Feature","geometry":{"type":"LineString","coordinates":[[9.08845,39.2911],[9.0884,39.29108],[9.0883,39.29096],[9.08833,39.29091],[9.0884,39.29091],[9.08849,39.29103],[9.08849,39.29108],[9.08845,39.2911]]},"properties":{}},{"type":"Feature","geometry":{"type":"LineString","coordinates":[[9.06823,39.29138],[9.0683,39.29119]]},"properties":{}},{"type":"Feature","geometry":{"type":"LineString","coordinates":[[9.06852,39.29181],[9.06965,39.29099],[9.0704,39.29149]]},"properties":{}},{"type":"Feature","geometry":{"type":"LineString","coordinates":[[9.06813,39.29149],[9.06823,39.29138]]},"properties":{}},{"type":"Feature","geometry":{"type":"LineString","coordinates":[[9.06832,39.29139],[9.06832,39.29153]]},"properties":{}},{"type":"Feature","geometry":{"type":"LineString","coordinates":[[9.06805,39.29181],[9.06795,39.29169],[9.06797,39.2916],[9.06804,39.29152],[9.06823,39.29149],[9.06837,39.29158],[9.0684,39.29168],[9.06832,39.29179],[9.06821,39.29183],[9.06805,39.29181]]},"properties":{}},{"type":"Feature","geometry":{"type":"LineString","coordinates":[[9.0684,39.29165],[9.06849,39.29179]]},"properties":{}},{"type":"Feature","geometry":{"type":"LineString","coordinates":[[9.06849,39.29179],[9.06832,39.29179]]},"properties":{}},{"type":"Feature","geometry":{"type":"LineString","coordinates":[[9.06801,39.29194],[9.06802,39.29179]]},"properties":{}},{"type":"Feature","geometry":{"type":"LineString","coordinates":[[9.06817,39.29184],[9.06809,39.29196]]},"properties":{}},{"type":"Feature","geometry":{"type":"LineString","coordinates":[[9.0117,39.29289],[9.0131,39.29213]]},"properties":{}},{"type":"Feature","geometry":{"type":"LineString","coordinates":[[9.0007,39.29642],[9.00082,39.29643],[9.00127,39.29626],[9.00177,39.29579],[9.0043,39.29433],[9.00457,39.29404],[9.00515,39.29355],[9.00734,39.29196],[9.00747,39.29174],[9.00748,39.29163],[9.00724,39.29002],[9.0072,39.28932],[9.00725,39.28888],[9.0072,39.28881],[9.00707,39.28879]]},"properties":{}},{"type":"Feature","geometry":{"type":"LineString","coordinates":[[9.01398,39.29182],[9.00808,39.29488]]},"properties":{}},{"type":"Feature","geometry":{"type":"LineString","coordinates":[[9.0078,39.29495],[9.0117,39.29289]]},"properties":{}},{"type":"Feature","geometry":{"type":"LineString","coordinates":[[9.00808,39.29488],[9.00478,39.29657]]},"properties":{}},{"type":"Feature","geometry":{"type":"LineString","coordinates":[[9.0,39.29682],[9.00056,39.29654],[9.0007,39.29642]]},"properties":{}},{"type":"Feature","geometry":{"type":"LineString","coordinates":[[9.0,39.29699],[9.00068,39.29665],[9.00077,39.29666]]},"properties":{}},{"type":"Feature","geometry":{"type":"LineString","coordinates":[[9.00258,39.29764],[9.0078,39.29495]]},"properties":{}},{"type":"Feature","geometry":{"type":"LineString","coordinates":[[9.00077,39.29666],[9.00086,39.29656],[9.00136,39.29638],[9.00196,39.29629]]},"properties":{}},{"type":"Feature","geometry":{"type":"LineString","coordinates":[[9.06809,39.29196],[9.06565,39.2987],[9.06564,39.29901]]},"properties":{}},{"type":"Feature","geometry":{"type":"LineString","coordinates":[[9.05788,39.2983],[9.05886,39.29833]]},"properties":{}},{"type":"Feature","geometry":{"type":"LineString","coordinates":[[9.05886,39.29833],[9.05951,39.29835]]},"properties":{}},{"type":"Feature","geometry":{"type":"LineString","coordinates":[[9.05951,39.29835],[9.06018,39.29845]]},"properties":{}},{"type":"Feature","geometry":{"type":"LineString","coordinates":[[9.06018,39.29845],[9.06054,39.29851]]},"properties":{}},{"type":"Feature","geometry":{"type":"LineString","coordinates":[[9.06123,39.29866],[9.06054,39.29851]]},"properties":{}},{"type":"Feature","geometry":{"type":"LineString","coordinates":[[9.06054,39.29851],[9.06078,39.29851],[9.06127,39.29859],[9.06383,39.2991]]},"properties":{}},{"type":"Feature","geometry":{"type":"LineString","coordinates":[[9.06267,39.29896],[9.06123,39.29866]]},"properties":{}},{"type":"Feature","geometry":{"type":"LineString","coordinates":[[9.06334,39.29908],[9.06267,39.29896]]},"properties":{}},{"type":"Feature","geometry":{"type":"LineString","coordinates":[[9.06281,39.29891],[9.06286,39.29895],[9.0637,39.29911],[9.06377,39.29916]]},"properties":{}},{"type":"Feature","geometry":{"type":"LineString","coordinates":[[9.06377,39.29916],[9.06334,39.29908]]},"properties":{}},{"type":"Feature","geometry":{"type":"LineString","coordinates":[[9.06383,39.2991],[9.06473,39.29923],[9.06505,39.29923],[9.06521,39.29916]]},"properties":{}},{"type":"Feature","geometry":{"type":"LineString","coordinates":[[9.06392,39.29919],[9.06377,39.29916]]},"properties":{}},{"type":"Feature","geometry":{"type":"LineString","coordinates":[[9.06377,39.29916],[9.06383,39.29914],[9.06433,39.29922],[9.06445,39.2992]]},"properties":{}},{"type":"Feature","geometry":{"type":"LineString","coordinates":[[9.06536,39.29939],[9.06523,39.29928],[9.06521,39.29919],[9.06525,39.29907],[9.0654,39.29898],[9.06549,39.29897],[9.06558,39.29898],[9.06573,39.29907],[9.06578,39.29921],[9.06571,39.29934],[9.06554,39.29941],[9.06536,39.29939]]},"properties":{}},{"type":"Feature","geometry":{"type":"LineString","coordinates":[[9.06528,39.29934],[9.0652,39.29931],[9.06392,39.29919]]},"properties":{}},{"type":"Feature","geometry":{"type":"LineString","coordinates":[[9.06578,39.29921],[9.06587,39.29933],[9.06605,39.29942]]},"properties":{}},{"type":"Feature","geometry":{"type":"LineString","coordinates":[[9.06605,39.29942],[9.06563,39.29939]]},"properties":{}},{"type":"Feature","geometry":{"type":"LineString","coordinates":[[9.06502,39.30026],[9.06501,39.30017],[9.0652,39.29961],[9.06519,39.29951],[9.06516,39.29944],[9.06507,39.29938],[9.06459,39.29931],[9.06453,39.29927]]},"properties":{}},{"type":"Feature","geometry":{"type":"LineString","coordinates":[[9.06386,39.30326],[9.06397,39.30313],[9.06532,39.29937]]},"properties":{}},{"type":"Feature","geometry":{"type":"LineString","coordinates":[[9.06554,39.29941],[9.06539,39.29948],[9.06534,39.29956],[9.06402,39.30322],[9.06402,39.3033]]},"properties":{}},{"type":"Feature","geometry":{"type":"LineString","coordinates":[[9.06457,39.30168],[9.06491,39.30186]]},"properties":{}},{"type":"Feature","geometry":{"type":"LineString","coordinates":[[9.06491,39.30186],[9.06476,39.30225]]},"properties":{}},{"type":"Feature","geometry":{"type":"LineString","coordinates":[[9.06586,39.30248],[9.0659,39.30237],[9.06587,39.30234],[9.06491,39.30186]]},"properties":{}},{"type":"Feature","geometry":{"type":"LineString","coordinates":[[9.06476,39.30225],[9.06458,39.30221],[9.06437,39.30225]]},"properties":{}},{"type":"Feature","geometry":{"type":"LineString","coordinates":[[9.06476,39.30225],[9.06586,39.30248]]},"properties":{}},{"type":"Feature","geometry":{"type":"LineString","coordinates":[[9.06422,39.30266],[9.06424,39.30276],[9.06414,39.30313],[9.0642,39.30324],[9.06432,39.30333]]},"properties":{}},{"type":"Feature","geometry":{"type":"LineString","coordinates":[[9.06386,39.30326],[9.06402,39.3033]]},"properties":{}},{"type":"Feature","geometry":{"type":"LineString","coordinates":[[9.06375,39.3033],[9.06386,39.30326]]},"properties":{}},{"type":"Feature","geometry":{"type":"LineString","coordinates":[[9.06406,39.30334],[9.06432,39.30333]]},"properties":{}},{"type":"Feature","geometry":{"type":"LineString","coordinates":[[9.00057,39.29671],[9.00047,39.29659]]},"properties":{}},{"type":"Feature","geometry":{"type":"LineString","coordinates":[[9.00478,39.29657],[9.00276,39.29761]]},"properties":{}},{"type":"Feature","geometry":{"type":"LineString","coordinates":[[9.00276,39.29761],[9.00127,39.29838]]},"properties":{}},{"type":"Feature","geometry":{"type":"LineString","coordinates":[[9.0,39.29896],[9.00258,39.29764]]},"properties":{}},{"type":"Feature","geometry":{"type":"LineString","coordinates":[[9.00127,39.29838],[9.00107,39.29849]]},"properties":{}},{"type":"Feature","geometry":{"type":"LineString","coordinates":[[9.00107,39.29849],[9.0,39.29905]]},"properties":{}},{"type":"Feature","geometry":{"type":"LineString","coordinates":[[9.06354,39.30407],[9.06349,39.304],[9.06349,39.30388],[9.06366,39.3034],[9.06375,39.3033]]},"properties":{}},{"type":"Feature","geometry":{"type":"LineString","coordinates":[[9.06402,39.3033],[9.06408,39.30342],[9.06386,39.30403],[9.06371,39.30411],[9.06354,39.30407]]},"properties":{}},{"type":"Feature","geometry":{"type":"LineString","coordinates":[[9.06388,39.304],[9.06365,39.30472],[9.0637,39.30484],[9.06383,39.3049],[9.06501,39.30523],[9.0658,39.30539],[9.0668,39.30591]]},"properties":{}},{"type":"Feature","geometry":{"type":"LineString","coordinates":[[9.05933,39.31404],[9.05989,39.31405]]},"properties":{}},{"type":"Feature","geometry":{"type":"LineString","coordinates":[[9.05857,39.31414],[9.05883,39.31408],[9.05933,39.31404]]},"properties":{}},{"type":"Feature","geometry":{"type":"LineString","coordinates":[[9.05906,39.3163],[9.05833,39.31625],[9.05794,39.31612],[9.05762,39.31588],[9.05741,39.31551],[9.05738,39.31514],[9.05741,39.31501],[9.05753,39.31476],[9.05775,39.31455],[9.05793,39.31442],[9.05833,39.31422],[9.05857,39.31414]]},"properties":{}},{"type":"Feature","geometry":{"type":"LineString","coordinates":[[9.05671,39.31558],[9.05692,39.31556],[9.05715,39.31546],[9.05724,39.31539],[9.05738,39.31514]]},"properties":{}},{"type":"Feature","geometry":{"type":"LineString","coordinates":[[9.06131,39.31598],[9.06095,39.31615],[9.06037,39.3163],[9.0601,39.31633],[9.05939,39.31631]]},"properties":{}},{"type":"Feature","geometry":{"type":"LineString","coordinates":[[9.05174,39.34325],[9.0518,39.34343],[9.05194,39.34354]]},"properties":{}},{"type":"Feature","geometry":{"type":"LineString","coordinates":[[9.05169,39.3436],[9.0518,39.34355],[9.05194,39.34354]]},"properties":{}},{"type":"Feature","geometry":{"type":"LineString","coordinates":[[9.05194,39.34354],[9.0523,39.3437]]},"properties":{}},{"type":"Feature","geometry":{"type":"LineString","coordinates":[[9.05192,39.34369],[9.05169,39.3436]]},"properties":{}},{"type":"Feature","geometry":{"type":"LineString","coordinates":[[9.0523,39.3437],[9.05192,39.34369]]},"properties":{}},{"type":"Feature","geometry":{"type":"LineString","coordinates":[[9.05192,39.34369],[9.05175,39.3438],[9.05163,39.34398]]},"properties":{}},{"type":"Feature","geometry":{"type":"LineString","coordinates":[[9.0517,39.348],[9.05182,39.34792],[9.05187,39.3478]]},"properties":{}},{"type":"Feature","geometry":{"type":"LineString","coordinates":[[9.05155,39.34802],[9.0517,39.348]]},"properties":{}},{"type":"Feature","geometry":{"type":"LineString","coordinates":[[9.0517,39.348],[9.0519,39.34806]]},"properties":{}},{"type":"Feature","geometry":{"type":"LineString","coordinates":[[9.0519,39.34806],[9.05169,39.34806],[9.05155,39.34802]]},"properties":{}},{"type":"Feature","geometry":{"type":"LineString","coordinates":[[9.04702,39.37361],[9.04697,39.37391],[9.04695,39.37441],[9.04697,39.37462],[9.04705,39.37482],[9.04718,39.37496],[9.04737,39.37508],[9.0481,39.37536],[9.04838,39.37539]]},"properties":{}},{"type":"Feature","geometry":{"type":"LineString","coordinates":[[9.04621,39.37668],[9.0465,39.37666]]},"properties":{}},{"type":"Feature","geometry":{"type":"LineString","coordinates":[[9.14754,39.25118],[9.1485,39.25]]},"properties":{}},{"type":"Feature","geometry":{"type":"LineString","coordinates":[[9.1555,39.25],[9.15628,39.25048],[9.15902,39.2517]]},"properties":{}},{"type":"Feature","geometry":{"type":"LineString","coordinates":[[9.15972,39.25],[9.15948,39.25108],[9.15946,39.2511]]},"properties":{}},{"type":"Feature","geometry":{"type":"LineString","coordinates":[[9.1597,39.25],[9.1593,39.25179]]},"properties":{}},{"type":"Feature","geometry":{"type":"LineString","coordinates":[[9.14909,39.25],[9.1479,39.2513],[9.1475,39.25178]]},"properties":{}},{"type":"Feature","geometry":{"type":"LineString","coordinates":[[9.17403,39.25098],[9.17435,39.25]]},"properties":{}},{"type":"Feature","geometry":{"type":"LineString","coordinates":[[9.17396,39.2511],[9.17389,39.25106],[9.17403,39.25098]]},"properties":{}},{"type":"Feature","geometry":{"type":"LineString","coordinates":[[9.17,39.25377],[9.1711,39.2532],[9.17352,39.25149],[9.17396,39.2511]]},"properties":{}},{"type":"Feature","geometry":{"type":"LineString","coordinates":[[9.16188,39.25283],[9.16357,39.25355]]},"properties":{}},{"type":"Feature","geometry":{"type":"LineString","coordinates":[[9.1635,39.25364],[9.16146,39.25352]]},"properties":{}},{"type":"Feature","geometry":{"type":"LineString","coordinates":[[9.17078,39.25342],[9.16994,39.25385]]},"properties":{}},{"type":"Feature","geometry":{"type":"LineString","coordinates":[[9.14919,39.25132],[9.14975,39.25073],[9.1498,39.25071]]},"properties":{}},{"type":"Feature","geometry":{"type":"LineString","coordinates":[[9.15015,39.2512],[9.14995,39.25106],[9.14992,39.251],[9.14964,39.25084]]},"properties":{}},{"type":"Feature","geometry":{"type":"LineString","coordinates":[[9.1482,39.252],[9.14874,39.25133],[9.14978,39.25021]]},"properties":{}},{"type":"Feature","geometry":{"type":"LineString","coordinates":[[9.1474,39.25129],[9.14754,39.25118]]},"properties":{}},{"type":"Feature","geometry":{"type":"LineString","coordinates":[[9.15016,39.25148],[9.15015,39.2512]]},"properties":{}},{"type":"Feature","geometry":{"type":"LineString","coordinates":[[9.14901,39.25123],[9.1499,39.25168],[9.15004,39.25174],[9.15013,39.25174]]},"properties":{}},{"type":"Feature","geometry":{"type":"LineString","coordinates":[[9.14679,39.25186],[9.14729,39.25135],[9.1474,39.25129]]},"properties":{}},{"type":"Feature","geometry":{"type":"LineString","coordinates":[[9.14661,39.25207],[9.1469,39.25189],[9.1474,39.25129]]},"properties":{}},{"type":"Feature","geometry":{"type":"LineString","coordinates":[[9.14722,39.25163],[9.1475,39.25178]]},"properties":{}},{"type":"Feature","geometry":{"type":"LineString","coordinates":[[9.14754,39.25118],[9.14751,39.25128],[9.14705,39.25189],[9.14685,39.25229]]},"properties":{}},{"type":"Feature","geometry":{"type":"LineString","coordinates":[[9.1501,39.25191],[9.15024,39.25192]]},"properties":{}},{"type":"Feature","geometry":{"type":"LineString","coordinates":[[9.15982,39.25191],[9.15981,39.252]]},"properties":{}},{"type":"Feature","geometry":{"type":"LineString","coordinates":[[9.15024,39.25192],[9.15195,39.25204],[9.152,39.25202]]},"properties":{}},{"type":"Feature","geometry":{"type":"LineString","coordinates":[[9.15981,39.252],[9.15978,39.25204]]},"properties":{}},{"type":"Feature","geometry":{"type":"LineString","coordinates":[[9.1496,39.2526],[9.1501,39.25191],[9.15016,39.2515]]},"properties":{}},{"type":"Feature","geometry":{"type":"LineString","coordinates":[[9.14682,39.25237],[9.14701,39.25239],[9.1475,39.25178]]},"properties":{}},{"type":"Feature","geometry":{"type":"LineString","coordinates":[[9.15069,39.25282],[9.15082,39.25154]]},"properties":{}},{"type":"Feature","geometry":{"type":"LineString","coordinates":[[9.1518,39.2529],[9.1521,39.25213],[9.15209,39.25208],[9.15141,39.25158],[9.15016,39.2515]]},"properties":{}},{"type":"Feature","geometry":{"type":"LineString","coordinates":[[9.14725,39.25257],[9.14776,39.25185],[9.14785,39.25185],[9.1482,39.252]]},"properties":{}},{"type":"Feature","geometry":{"type":"LineString","coordinates":[[9.1482,39.252],[9.1496,39.2526]]},"properties":{}},{"type":"Feature","geometry":{"type":"LineString","coordinates":[[9.14983,39.2523],[9.15028,39.25235]]},"properties":{}},{"type":"Feature","geometry":{"type":"LineString","coordinates":[[9.15028,39.25235],[9.15075,39.25239]]},"properties":{}},{"type":"Feature","geometry":{"type":"LineString","coordinates":[[9.16132,39.25233],[9.16119,39.25246],[9.16101,39.25247]]},"properties":{}},{"type":"Feature","geometry":{"type":"LineString","coordinates":[[9.15075,39.25239],[9.15196,39.25247]]},"properties":{}},{"type":"Feature","geometry":{"type":"LineString","coordinates":[[9.16132,39.25233],[9.16136,39.25233],[9.16131,39.25257],[9.16136,39.25257]]},"properties":{}},{"type":"Feature","geometry":{"type":"LineString","coordinates":[[9.16101,39.25247],[9.16098,39.25252]]},"properties":{}},{"type":"Feature","geometry":{"type":"LineString","coordinates":[[9.14667,39.25248],[9.14669,39.25256]]},"properties":{}},{"type":"Feature","geometry":{"type":"LineString","coordinates":[[9.16136,39.25257],[9.16168,39.25262]]},"properties":{}},{"type":"Feature","geometry":{"type":"LineString","coordinates":[[9.14715,39.25259],[9.14706,39.2526]]},"properties":{}},{"type":"Feature","geometry":{"type":"LineString","coordinates":[[9.14734,39.2526],[9.14715,39.25259]]},"properties":{}},{"type":"Feature","geometry":{"type":"LineString","coordinates":[[9.14669,39.25256],[9.14671,39.25269]]},"properties":{}},{"type":"Feature","geometry":{"type":"LineString","coordinates":[[9.14958,39.25275],[9.1496,39.2526]]},"properties":{}},{"type":"Feature","geometry":{"type":"LineString","coordinates":[[9.15028,39.2528],[9.14734,39.2526]]},"properties":{}},{"type":"Feature","geometry":{"type":"LineString","coordinates":[[9.16168,39.25262],[9.1617,39.25262],[9.16168,39.25273],[9.16188,39.25283]]},"properties":{}},{"type":"Feature","geometry":{"type":"LineString","coordinates":[[9.15136,39.25287],[9.15028,39.2528]]},"properties":{}},{"type":"Feature","geometry":{"type":"LineString","coordinates":[[9.1465,39.25283],[9.14668,39.25286]]},"properties":{}},{"type":"Feature","geometry":{"type":"LineString","coordinates":[[9.16098,39.25252],[9.15931,39.25185],[9.159,39.25332],[9.15903,39.25332],[9.15902,39.25342],[9.15898,39.25341],[9.15888,39.25364],[9.15872,39.25415]]},"properties":{}},{"type":"Feature","geometry":{"type":"LineString","coordinates":[[9.15748,39.25327],[9.15136,39.25287]]},"properties":{}},{"type":"Feature","geometry":{"type":"LineString","coordinates":[[9.1589,39.25336],[9.15748,39.25327]]},"properties":{}},{"type":"Feature","geometry":{"type":"LineString","coordinates":[[9.14629,39.25336],[9.14645,39.2534]]},"properties":{}},{"type":"Feature","geometry":{"type":"LineString","coordinates":[[9.09615,39.2511],[9.09598,39.25108],[9.09589,39.25101],[9.0959,39.25095],[9.0965,39.25]]},"properties":{}},{"type":"Feature","geometry":{"type":"LineString","coordinates":[[9.1384,39.25004],[9.13844,39.25]]},"properties":{}},{"type":"Feature","geometry":{"type":"LineString","coordinates":[[9.11964,39.2506],[9.12035,39.25]]},"properties":{}},{"type":"Feature","geometry":{"type":"LineString","coordinates":[[9.1231,39.25],[9.12338,39.25028]]},"properties":{}},{"type":"Feature","geometry":{"type":"LineString","coordinates":[[9.12082,39.25],[9.12111,39.2502]]},"properties":{}},{"type":"Feature","geometry":{"type":"LineString","coordinates":[[9.12837,39.25141],[9.12834,39.25058],[9.12849,39.25]]},"properties":{}},{"type":"Feature","geometry":{"type":"LineString","coordinates":[[9.12389,39.25],[9.12359,39.25016]]},"properties":{}},{"type":"Feature","geometry":{"type":"LineString","coordinates":[[9.11843,39.25],[9.11886,39.25039]]},"properties":{}},{"type":"Feature","geometry":{"type":"LineString","coordinates":[[9.12137,39.25],[9.12111,39.2502],[9.12021,39.251]]},"properties":{}},{"type":"Feature","geometry":{"type":"LineString","coordinates":[[9.11842,39.25027],[9.1186,39.25015]]},"properties":{}},{"type":"Feature","geometry":{"type":"LineString","coordinates":[[9.12359,39.25016],[9.12338,39.25028]]},"properties":{}},{"type":"Feature","geometry":{"type":"LineString","coordinates":[[9.12433,39.25],[9.12542,39.25094]]},"properties":{}},{"type":"Feature","geometry":{"type":"LineString","coordinates":[[9.11832,39.25069],[9.11912,39.25023]]},"properties":{}},{"type":"Feature","geometry":{"type":"LineString","coordinates":[[9.11928,39.25094],[9.11864,39.25051]]},"properties":{}},{"type":"Feature","geometry":{"type":"LineString","coordinates":[[9.11904,39.25115],[9.11964,39.2506]]},"properties":{}},{"type":"Feature","geometry":{"type":"LineString","coordinates":[[9.10085,39.25],[9.10025,39.25085],[9.10013,39.25109]]},"properties":{}},{"type":"Feature","geometry":{"type":"LineString","coordinates":[[9.10426,39.25108],[9.10506,39.25038],[9.10509,39.25031],[9.10508,39.25017],[9.105,39.25]]},"properties":{}},{"type":"Feature","geometry":{"type":"LineString","coordinates":[[9.10401,39.25],[9.10386,39.25063],[9.10386,39.25073],[9.10395,39.25094],[9.10405,39.25103],[9.10426,39.25108]]},"properties":{}},{"type":"Feature","geometry":{"type":"LineString","coordinates":[[9.10052,39.25048],[9.10082,39.25052],[9.10222,39.25054]]},"properties":{}},{"type":"Feature","geometry":{"type":"LineString","coordinates":[[9.10295,39.2511],[9.10304,39.25]]},"properties":{}},{"type":"Feature","geometry":{"type":"LineString","coordinates":[[9.10426,39.25108],[9.10467,39.2511],[9.10508,39.25096],[9.10532,39.25078],[9.10583,39.25022],[9.10606,39.25016],[9.10623,39.25024]]},"properties":{}},{"type":"Feature","geometry":{"type":"LineString","coordinates":[[9.10884,39.25072],[9.10905,39.25065]]},"properties":{}},{"type":"Feature","geometry":{"type":"LineString","coordinates":[[9.10905,39.25065],[9.1091,39.25069],[9.10932,39.25073],[9.10938,39.25078],[9.10953,39.25082],[9.10953,39.25086]]},"properties":{}},{"type":"Feature","geometry":{"type":"LineString","coordinates":[[9.10955,39.25093],[9.10953,39.25086]]},"properties":{}},{"type":"Feature","geometry":{"type":"LineString","coordinates":[[9.1157,39.25066],[9.11592,39.25117]]},"properties":{}},{"type":"Feature","geometry":{"type":"LineString","coordinates":[[9.13547,39.25],[9.13534,39.2502],[9.13526,39.25019],[9.13519,39.25035]]},"properties":{}},{"type":"Feature","geometry":{"type":"LineString","coordinates":[[9.14106,39.25069],[9.14177,39.25033],[9.14262,39.25011],[9.14299,39.25005],[9.14353,39.25013]]},"properties":{}},{"type":"Feature","geometry":{"type":"LineString","coordinates":[[9.14299,39.25014],[9.14264,39.2502],[9.14165,39.25048],[9.1413,39.25065],[9.14079,39.25097]]},"properties":{}},{"type":"Feature","geometry":{"type":"LineString","coordinates":[[9.13438,39.25144],[9.13387,39.25101],[9.13317,39.25049],[9.1326,39.25]]},"properties":{}},{"type":"Feature","geometry":{"type":"LineString","coordinates":[[9.14165,39.25048],[9.14229,39.25134]]},"properties":{}},{"type":"Feature","geometry":{"type":"LineString","coordinates":[[9.14145,39.25083],[9.14091,39.25114]]},"properties":{}},{"type":"Feature","geometry":{"type":"LineString","coordinates":[[9.14353,39.25013],[9.14384,39.2503],[9.14575,39.25198],[9.14589,39.25207],[9.14606,39.25211],[9.14629,39.25213],[9.14643,39.25211]]},"properties":{}},{"type":"Feature","geometry":{"type":"LineString","coordinates":[[9.1411,39.25142],[9.14079,39.25097]]},"properties":{}},{"type":"Feature","geometry":{"type":"LineString","coordinates":[[9.1413,39.25065],[9.14185,39.25132],[9.14216,39.25153],[9.14271,39.25184]]},"properties":{}},{"type":"Feature","geometry":{"type":"LineString","coordinates":[[9.11952,39.25111],[9.11928,39.25094]]},"properties":{}},{"type":"Feature","geometry":{"type":"LineString","coordinates":[[9.12149,39.25188],[9.11912,39.25023]]},"properties":{}},{"type":"Feature","geometry":{"type":"LineString","coordinates":[[9.12338,39.25028],[9.12311,39.25047],[9.12149,39.25188]]},"properties":{}},{"type":"Feature","geometry":{"type":"LineString","coordinates":[[9.12021,39.251],[9.11959,39.25154]]},"properties":{}},{"type":"Feature","geometry":{"type":"LineString","coordinates":[[9.1265,39.25167],[9.12542,39.25094]]},"properties":{}},{"type":"Feature","geometry":{"type":"LineString","coordinates":[[9.11795,39.25197],[9.11866,39.25146],[9.11791,39.25087]]},"properties":{}},{"type":"Feature","geometry":{"type":"LineString","coordinates":[[9.11873,39.25106],[9.11888,39.25105],[9.12009,39.25187]]},"properties":{}},{"type":"Feature","geometry":{"type":"LineString","coordinates":[[9.12009,39.25187],[9.1207,39.25135]]},"properties":{}},{"type":"Feature","geometry":{"type":"LineString","coordinates":[[9.12149,39.25188],[9.12138,39.25198]]},"properties":{}},{"type":"Feature","geometry":{"type":"LineString","coordinates":[[9.12084,39.25181],[9.12125,39.25209]]},"properties":{}},{"type":"Feature","geometry":{"type":"LineString","coordinates":[[9.11592,39.25117],[9.1163,39.25106],[9.11725,39.25067],[9.11755,39.25102]]},"properties":{}},{"type":"Feature","geometry":{"type":"LineString","coordinates":[[9.10222,39.25091],[9.10221,39.251],[9.10213,39.25104],[9.10016,39.25102]]},"properties":{}},{"type":"Feature","geometry":{"type":"LineString","coordinates":[[9.10955,39.25093],[9.10956,39.25096],[9.10941,39.25104],[9.10943,39.25113]]},"properties":{}},{"type":"Feature","geometry":{"type":"LineString","coordinates":[[9.10697,39.25143],[9.10758,39.25138],[9.10861,39.25111],[9.10881,39.25099],[9.10887,39.25086],[9.10884,39.25072]]},"properties":{}},{"type":"Feature","geometry":{"type":"LineString","coordinates":[[9.10882,39.25123],[9.10872,39.25106]]},"properties":{}},{"type":"Feature","geometry":{"type":"LineString","coordinates":[[9.10943,39.25113],[9.10929,39.25122]]},"properties":{}},{"type":"Feature","geometry":{"type":"LineString","coordinates":[[9.10814,39.25124],[9.10819,39.25138]]},"properties":{}},{"type":"Feature","geometry":{"type":"LineString","coordinates":[[9.10279,39.25165],[9.10284,39.25158],[9.1029,39.25125],[9.10295,39.2511]]},"properties":{}},{"type":"Feature","geometry":{"type":"LineString","coordinates":[[9.10295,39.2511],[9.10293,39.25148],[9.10296,39.25167]]},"properties":{}},{"type":"Feature","geometry":{"type":"LineString","coordinates":[[9.10929,39.25122],[9.10902,39.25118],[9.10771,39.25151],[9.10745,39.25154],[9.10736,39.25156],[9.10727,39.25164],[9.10724,39.25171]]},"properties":{}},{"type":"Feature","geometry":{"type":"LineString","coordinates":[[9.14635,39.2524],[9.14606,39.2523],[9.1457,39.25205],[9.14373,39.25033],[9.14338,39.25017],[9.14299,39.25014]]},"properties":{}},{"type":"Feature","geometry":{"type":"LineString","coordinates":[[9.14482,39.25133],[9.14498,39.25122]]},"properties":{}},{"type":"Feature","geometry":{"type":"LineString","coordinates":[[9.13797,39.25198],[9.13824,39.25201],[9.1384,39.25199],[9.13922,39.25174],[9.13954,39.2516],[9.14106,39.25069]]},"properties":{}},{"type":"Feature","geometry":{"type":"LineString","coordinates":[[9.14493,39.25142],[9.14508,39.25132]]},"properties":{}},{"type":"Feature","geometry":{"type":"LineString","coordinates":[[9.1346,39.2517],[9.13438,39.25144]]},"properties":{}},{"type":"Feature","geometry":{"type":"LineString","coordinates":[[9.14079,39.25097],[9.13954,39.25172],[9.13809,39.25218]]},"properties":{}},{"type":"Feature","geometry":{"type":"LineString","coordinates":[[9.13473,39.25194],[9.1346,39.2517]]},"properties":{}},{"type":"Feature","geometry":{"type":"LineString","coordinates":[[9.1346,39.2517],[9.13468,39.25173],[9.13487,39.25197]]},"properties":{}},{"type":"Feature","geometry":{"type":"LineString","coordinates":[[9.14052,39.25249],[9.14057,39.2523],[9.14097,39.25197],[9.14041,39.25144]]},"properties":{}},{"type":"Feature","geometry":{"type":"LineString","coordinates":[[9.1348,39.25202],[9.13473,39.25194]]},"properties":{}},{"type":"Feature","geometry":{"type":"LineString","coordinates":[[9.11724,39.25113],[9.11819,39.2518]]},"properties":{}},{"type":"Feature","geometry":{"type":"LineString","coordinates":[[9.10743,39.25154],[9.10738,39.2514]]},"properties":{}},{"type":"Feature","geometry":{"type":"LineString","coordinates":[[9.10699,39.25158],[9.10697,39.25143]]},"properties":{}},{"type":"Feature","geometry":{"type":"LineString","coordinates":[[9.11527,39.25237],[9.11573,39.25189],[9.11611,39.25158],[9.11832,39.25069]]},"properties":{}},{"type":"Feature","geometry":{"type":"LineString","coordinates":[[9.10013,39.25109],[9.10004,39.25136],[9.10005,39.25218]]},"properties":{}},{"type":"Feature","geometry":{"type":"LineString","coordinates":[[9.10716,39.25176],[9.10703,39.25158],[9.10699,39.25158]]},"properties":{}},{"type":"Feature","geometry":{"type":"LineString","coordinates":[[9.10724,39.25171],[9.10716,39.25176]]},"properties":{}},{"type":"Feature","geometry":{"type":"LineString","coordinates":[[9.1095,39.25125],[9.10977,39.25137],[9.11086,39.2524]]},"properties":{}},{"type":"Feature","geometry":{"type":"LineString","coordinates":[[9.10005,39.25218],[9.10255,39.2518],[9.10268,39.25174]]},"properties":{}},{"type":"Feature","geometry":{"type":"LineString","coordinates":[[9.11632,39.25148],[9.11704,39.25214],[9.11762,39.25249]]},"properties":{}},{"type":"Feature","geometry":{"type":"LineString","coordinates":[[9.12009,39.25187],[9.12037,39.25207]]},"properties":{}},{"type":"Feature","geometry":{"type":"LineString","coordinates":[[9.12836,39.25254],[9.1284,39.25198],[9.12837,39.25141]]},"properties":{}},{"type":"Feature","geometry":{"type":"LineString","coordinates":[[9.11875,39.25176],[9.11912,39.25204],[9.11923,39.25223],[9.11974,39.25258]]},"properties":{}},{"type":"Feature","geometry":{"type":"LineString","coordinates":[[9.12138,39.25198],[9.12087,39.25243]]},"properties":{}},{"type":"Feature","geometry":{"type":"LineString","coordinates":[[9.11696,39.25124],[9.11743,39.25163],[9.11795,39.25197],[9.11922,39.25291],[9.11975,39.25325]]},"properties":{}},{"type":"Feature","geometry":{"type":"LineString","coordinates":[[9.11945,39.25223],[9.11892,39.25268]]},"properties":{}},{"type":"Feature","geometry":{"type":"LineString","coordinates":[[9.12068,39.25254],[9.12087,39.25243]]},"properties":{}},{"type":"Feature","geometry":{"type":"LineString","coordinates":[[9.12087,39.25243],[9.12075,39.25257]]},"properties":{}},{"type":"Feature","geometry":{"type":"LineString","coordinates":[[9.12059,39.25266],[9.12064,39.25262]]},"properties":{}},{"type":"Feature","geometry":{"type":"LineString","coordinates":[[9.12138,39.25198],[9.12177,39.25225],[9.1233,39.25285],[9.12405,39.25334],[9.12471,39.25271],[9.12561,39.25198]]},"properties":{}},{"type":"Feature","geometry":{"type":"LineString","coordinates":[[9.13486,39.25211],[9.1348,39.25202]]},"properties":{}},{"type":"Feature","geometry":{"type":"LineString","coordinates":[[9.13487,39.25197],[9.13494,39.25206],[9.13526,39.25231]]},"properties":{}},{"type":"Feature","geometry":{"type":"LineString","coordinates":[[9.14186,39.25251],[9.14254,39.25247],[9.14304,39.25249],[9.1437,39.25256]]},"properties":{}},{"type":"Feature","geometry":{"type":"LineString","coordinates":[[9.1355,39.25267],[9.13524,39.25244]]},"properties":{}},{"type":"Feature","geometry":{"type":"LineString","coordinates":[[9.13909,39.25264],[9.13961,39.25259],[9.14022,39.25249],[9.1414,39.25252],[9.14186,39.25251]]},"properties":{}},{"type":"Feature","geometry":{"type":"LineString","coordinates":[[9.13874,39.25269],[9.13909,39.25264]]},"properties":{}},{"type":"Feature","geometry":{"type":"LineString","coordinates":[[9.14211,39.2525],[9.14215,39.25258],[9.14227,39.25264],[9.14291,39.25287],[9.14303,39.25286],[9.14348,39.25254]]},"properties":{}},{"type":"Feature","geometry":{"type":"LineString","coordinates":[[9.1356,39.25275],[9.1355,39.25267]]},"properties":{}},{"type":"Feature","geometry":{"type":"LineString","coordinates":[[9.13627,39.2529],[9.13761,39.25281],[9.13874,39.25269]]},"properties":{}},{"type":"Feature","geometry":{"type":"LineString","coordinates":[[9.13578,39.25289],[9.1356,39.25275]]},"properties":{}},{"type":"Feature","geometry":{"type":"LineString","coordinates":[[9.10274,39.25216],[9.10279,39.25202],[9.10276,39.2519]]},"properties":{}},{"type":"Feature","geometry":{"type":"LineString","coordinates":[[9.10506,39.25219],[9.10593,39.25212]]},"properties":{}},{"type":"Feature","geometry":{"type":"LineString","coordinates":[[9.09927,39.25235],[9.09955,39.25226],[9.10005,39.25218]]},"properties":{}},{"type":"Feature","geometry":{"type":"LineString","coordinates":[[9.10697,39.25244],[9.10664,39.25218],[9.10649,39.2521],[9.1064,39.25208],[9.10593,39.25212]]},"properties":{}},{"type":"Feature","geometry":{"type":"LineString","coordinates":[[9.10506,39.25219],[9.10426,39.25226],[9.10424,39.2523],[9.10413,39.25328]]},"properties":{}},{"type":"Feature","geometry":{"type":"LineString","coordinates":[[9.11929,39.25363],[9.1189,39.25344],[9.11841,39.25327],[9.11692,39.25254],[9.11636,39.25242],[9.11573,39.25189]]},"properties":{}},{"type":"Feature","geometry":{"type":"LineString","coordinates":[[9.11389,39.25231],[9.11378,39.25291],[9.1136,39.25337],[9.11346,39.2536],[9.11346,39.25366]]},"properties":{}},{"type":"Feature","geometry":{"type":"LineString","coordinates":[[9.1005,39.25301],[9.10225,39.25302]]},"properties":{}},{"type":"Feature","geometry":{"type":"LineString","coordinates":[[9.11533,39.25249],[9.11636,39.25287],[9.11805,39.25369]]},"properties":{}},{"type":"Feature","geometry":{"type":"LineString","coordinates":[[9.10745,39.25374],[9.1075,39.25354],[9.10751,39.25325],[9.10745,39.25301],[9.1073,39.25276],[9.10697,39.25244]]},"properties":{}},{"type":"Feature","geometry":{"type":"LineString","coordinates":[[9.13622,39.25274],[9.13622,39.25283],[9.13627,39.2529]]},"properties":{}},{"type":"Feature","geometry":{"type":"LineString","coordinates":[[9.13603,39.25293],[9.13627,39.2529]]},"properties":{}},{"type":"Feature","geometry":{"type":"LineString","coordinates":[[9.13597,39.25299],[9.13578,39.25289]]},"properties":{}},{"type":"Feature","geometry":{"type":"LineString","coordinates":[[9.13597,39.25299],[9.13599,39.25294],[9.13603,39.25293]]},"properties":{}},{"type":"Feature","geometry":{"type":"LineString","coordinates":[[9.13879,39.25292],[9.13848,39.25303]]},"properties":{}},{"type":"Feature","geometry":{"type":"LineString","coordinates":[[9.13608,39.25304],[9.13597,39.25299]]},"properties":{}},{"type":"Feature","geometry":{"type":"LineString","coordinates":[[9.13573,39.25346],[9.13608,39.25304]]},"properties":{}},{"type":"Feature","geometry":{"type":"LineString","coordinates":[[9.13761,39.25281],[9.13811,39.25369]]},"properties":{}},{"type":"Feature","geometry":{"type":"LineString","coordinates":[[9.13909,39.25264],[9.13971,39.25333],[9.13997,39.25355],[9.1403,39.25372],[9.14035,39.2537],[9.1414,39.25415]]},"properties":{}},{"type":"Feature","geometry":{"type":"LineString","coordinates":[[9.14125,39.25463],[9.14157,39.25357],[9.14167,39.25295],[9.14181,39.25252]]},"properties":{}},{"type":"Feature","geometry":{"type":"LineString","coordinates":[[9.12516,39.25287],[9.12475,39.25318],[9.12424,39.25349]]},"properties":{}},{"type":"Feature","geometry":{"type":"LineString","coordinates":[[9.11876,39.25415],[9.1195,39.25344],[9.11987,39.25316],[9.12049,39.25276],[9.12059,39.25266]]},"properties":{}},{"type":"Feature","geometry":{"type":"LineString","coordinates":[[9.12405,39.25334],[9.12424,39.25349]]},"properties":{}},{"type":"Feature","geometry":{"type":"LineString","coordinates":[[9.12819,39.25454],[9.1282,39.25361],[9.12835,39.25285],[9.12836,39.25254]]},"properties":{}},{"type":"Feature","geometry":{"type":"LineString","coordinates":[[9.11782,39.25392],[9.11814,39.25361],[9.11841,39.25327]]},"properties":{}},{"type":"Feature","geometry":{"type":"LineString","coordinates":[[9.12424,39.25349],[9.12492,39.25385]]},"properties":{}},{"type":"Feature","geometry":{"type":"LineString","coordinates":[[9.12424,39.25349],[9.12279,39.25451]]},"properties":{}},{"type":"Feature","geometry":{"type":"LineString","coordinates":[[9.11962,39.25425],[9.1192,39.2546]]},"properties":{}},{"type":"Feature","geometry":{"type":"LineString","coordinates":[[9.12492,39.25385],[9.12517,39.25397],[9.12644,39.25518],[9.12693,39.25554]]},"properties":{}},{"type":"Feature","geometry":{"type":"LineString","coordinates":[[9.11919,39.25489],[9.11861,39.25526]]},"properties":{}},{"type":"Feature","geometry":{"type":"LineString","coordinates":[[9.10753,39.2521],[9.10655,39.25274],[9.10652,39.25279],[9.10643,39.25435]]},"properties":{}},{"type":"Feature","geometry":{"type":"LineString","coordinates":[[9.11086,39.2524],[9.11175,39.2533],[9.11238,39.25405]]},"properties":{}},{"type":"Feature","geometry":{"type":"LineString","coordinates":[[9.11556,39.25368],[9.11491,39.25326],[9.11457,39.253]]},"properties":{}},{"type":"Feature","geometry":{"type":"LineString","coordinates":[[9.10413,39.25328],[9.10409,39.25347],[9.10372,39.25374],[9.10363,39.25372],[9.10363,39.25365],[9.10413,39.25328]]},"properties":{}},{"type":"Feature","geometry":{"type":"LineString","coordinates":[[9.11591,39.25364],[9.11579,39.25366]]},"properties":{}},{"type":"Feature","geometry":{"type":"LineString","coordinates":[[9.11238,39.25405],[9.11291,39.2533]]},"properties":{}},{"type":"Feature","geometry":{"type":"LineString","coordinates":[[9.11857,39.25432],[9.11629,39.25312],[9.11613,39.25313],[9.11575,39.25355]]},"properties":{}},{"type":"Feature","geometry":{"type":"LineString","coordinates":[[9.11654,39.25428],[9.11721,39.2536]]},"properties":{}},{"type":"Feature","geometry":{"type":"LineString","coordinates":[[9.11575,39.25355],[9.11468,39.25428],[9.11456,39.25441],[9.11437,39.25453]]},"properties":{}},{"type":"Feature","geometry":{"type":"LineString","coordinates":[[9.11527,39.25237],[9.11575,39.25355],[9.11663,39.2562]]},"properties":{}},{"type":"Feature","geometry":{"type":"LineString","coordinates":[[9.13863,39.25336],[9.13888,39.25358],[9.13902,39.25377],[9.13943,39.25408],[9.13964,39.25415],[9.13973,39.25423]]},"properties":{}},{"type":"Feature","geometry":{"type":"LineString","coordinates":[[9.13159,39.25429],[9.13247,39.25367]]},"properties":{}},{"type":"Feature","geometry":{"type":"LineString","coordinates":[[9.14671,39.25269],[9.14608,39.2542],[9.14543,39.2556]]},"properties":{}},{"type":"Feature","geometry":{"type":"LineString","coordinates":[[9.14652,39.2528],[9.14592,39.25433],[9.1453,39.25554]]},"properties":{}},{"type":"Feature","geometry":{"type":"LineString","coordinates":[[9.14035,39.2537],[9.14021,39.25388],[9.13957,39.25435],[9.13908,39.25467]]},"properties":{}},{"type":"Feature","geometry":{"type":"LineString","coordinates":[[9.13845,39.25426],[9.13855,39.25416]]},"properties":{}},{"type":"Feature","geometry":{"type":"LineString","coordinates":[[9.14061,39.25419],[9.14039,39.25437]]},"properties":{}},{"type":"Feature","geometry":{"type":"LineString","coordinates":[[9.14129,39.2547],[9.14125,39.25463],[9.14062,39.2542],[9.14021,39.25388]]},"properties":{}},{"type":"Feature","geometry":{"type":"LineString","coordinates":[[9.13957,39.25435],[9.13975,39.2545]]},"properties":{}},{"type":"Feature","geometry":{"type":"LineString","coordinates":[[9.14028,39.25561],[9.13967,39.25524],[9.13908,39.25467],[9.13859,39.25433],[9.1377,39.25391],[9.13649,39.25325]]},"properties":{}},{"type":"Feature","geometry":{"type":"LineString","coordinates":[[9.13265,39.25493],[9.13264,39.25464],[9.13269,39.2543]]},"properties":{}},{"type":"Feature","geometry":{"type":"LineString","coordinates":[[9.14023,39.25475],[9.13998,39.25498]]},"properties":{}},{"type":"Feature","geometry":{"type":"LineString","coordinates":[[9.14543,39.25565],[9.14614,39.25415],[9.146,39.25412]]},"properties":{}},{"type":"Feature","geometry":{"type":"LineString","coordinates":[[9.14028,39.25561],[9.14038,39.25528],[9.13938,39.25448]]},"properties":{}},{"type":"Feature","geometry":{"type":"LineString","coordinates":[[9.13275,39.2555],[9.13265,39.25493]]},"properties":{}},{"type":"Feature","geometry":{"type":"LineString","coordinates":[[9.1454,39.25537],[9.14555,39.25541]]},"properties":{}},{"type":"Feature","geometry":{"type":"LineString","coordinates":[[9.14043,39.25576],[9.14028,39.25561]]},"properties":{}},{"type":"Feature","geometry":{"type":"LineString","coordinates":[[9.1452,39.25582],[9.14537,39.25583],[9.1454,39.25569]]},"properties":{}},{"type":"Feature","geometry":{"type":"LineString","coordinates":[[9.14523,39.25567],[9.1452,39.25574],[9.1452,39.25594],[9.14527,39.25613],[9.14549,39.25651],[9.14563,39.25646],[9.1454,39.25606],[9.14537,39.25583]]},"properties":{}},{"type":"Feature","geometry":{"type":"LineString","coordinates":[[9.14598,39.25724],[9.1453,39.25609],[9.14524,39.25593],[9.14523,39.25567]]},"properties":{}},{"type":"Feature","geometry":{"type":"LineString","coordinates":[[9.15998,39.25342],[9.1589,39.25336]]},"properties":{}},{"type":"Feature","geometry":{"type":"LineString","coordinates":[[9.1611,39.2535],[9.15998,39.25342]]},"properties":{}},{"type":"Feature","geometry":{"type":"LineString","coordinates":[[9.16117,39.25351],[9.1611,39.2535]]},"properties":{}},{"type":"Feature","geometry":{"type":"LineString","coordinates":[[9.14614,39.25415],[9.14668,39.25286]]},"properties":{}},{"type":"Feature","geometry":{"type":"LineString","coordinates":[[9.16146,39.25352],[9.16117,39.25351]]},"properties":{}},{"type":"Feature","geometry":{"type":"LineString","coordinates":[[9.15457,39.25824],[9.15479,39.25814],[9.15499,39.258],[9.15687,39.2563],[9.15737,39.25527],[9.15782,39.25474],[9.15863,39.2543]]},"properties":{}},{"type":"Feature","geometry":{"type":"LineString","coordinates":[[9.15872,39.25415],[9.15861,39.25436],[9.15791,39.25472],[9.15777,39.25485],[9.15746,39.25522],[9.15722,39.25571],[9.15712,39.25599],[9.1569,39.25638],[9.15674,39.25653],[9.15636,39.25679],[9.1552,39.25791],[9.15474,39.25821],[9.15459,39.25827],[9.15196,39.25885],[9.15181,39.25897],[9.1502,39.26095],[9.14936,39.26176]]},"properties":{}},{"type":"Feature","geometry":{"type":"LineString","coordinates":[[9.15531,39.2578],[9.1581,39.25909],[9.15844,39.25927]]},"properties":{}},{"type":"Feature","geometry":{"type":"LineString","coordinates":[[9.16217,39.26002],[9.16244,39.2598],[9.16244,39.25974],[9.16225,39.25919],[9.16173,39.25738]]},"properties":{}},{"type":"Feature","geometry":{"type":"LineString","coordinates":[[9.15457,39.25824],[9.15459,39.25827],[9.15454,39.25835],[9.15339,39.2595],[9.15297,39.25997],[9.15204,39.2612],[9.15171,39.26155]]},"properties":{}},{"type":"Feature","geometry":{"type":"LineString","coordinates":[[9.16647,39.25444],[9.16637,39.25443],[9.16377,39.25368],[9.1635,39.25364]]},"properties":{}},{"type":"Feature","geometry":{"type":"LineString","coordinates":[[9.16357,39.25355],[9.16402,39.25371],[9.16603,39.25429],[9.16629,39.25436],[9.16633,39.25429],[9.16671,39.25447],[9.16716,39.25453]]},"properties":{}},{"type":"Feature","geometry":{"type":"LineString","coordinates":[[9.16967,39.25471],[9.16926,39.25434],[9.16916,39.2543]]},"properties":{}},{"type":"Feature","geometry":{"type":"LineString","coordinates":[[9.16282,39.25979],[9.16277,39.25981]]},"properties":{}},{"type":"Feature","geometry":{"type":"LineString","coordinates":[[9.16277,39.25981],[9.16252,39.25986]]},"properties":{}},{"type":"Feature","geometry":{"type":"LineString","coordinates":[[9.16252,39.25986],[9.16221,39.26004]]},"properties":{}},{"type":"Feature","geometry":{"type":"LineString","coordinates":[[9.17462,39.26234],[9.17477,39.26247],[9.17504,39.26246],[9.17517,39.26249]]},"properties":{}},{"type":"Feature","geometry":{"type":"LineString","coordinates":[[9.17426,39.26275],[9.1746,39.26255],[9.17464,39.26247],[9.17462,39.26234]]},"properties":{}},{"type":"Feature","geometry":{"type":"LineString","coordinates":[[9.17517,39.26249],[9.17493,39.26268],[9.17487,39.26285]]},"properties":{}},{"type":"Feature","geometry":{"type":"LineString","coordinates":[[9.17487,39.26285],[9.17473,39.26272],[9.17457,39.2627],[9.17426,39.26275]]},"properties":{}},{"type":"Feature","geometry":{"type":"LineString","coordinates":[[9.14932,39.26177],[9.15015,39.26091],[9.15185,39.25882],[9.15457,39.25824]]},"properties":{}},{"type":"Feature","geometry":{"type":"LineString","coordinates":[[9.15844,39.25927],[9.16044,39.2613]]},"properties":{}},{"type":"Feature","geometry":{"type":"LineString","coordinates":[[9.14849,39.261],[9.14794,39.26042],[9.14733,39.25998],[9.14684,39.25968]]},"properties":{}},{"type":"Feature","geometry":{"type":"LineString","coordinates":[[9.16044,39.2613],[9.16217,39.26002]]},"properties":{}},{"type":"Feature","geometry":{"type":"LineString","coordinates":[[9.14932,39.26177],[9.14802,39.26045],[9.14738,39.25995],[9.14686,39.25964]]},"properties":{}},{"type":"Feature","geometry":{"type":"LineString","coordinates":[[9.14857,39.26108],[9.14849,39.261]]},"properties":{}},{"type":"Feature","geometry":{"type":"LineString","coordinates":[[9.15951,39.26207],[9.16221,39.26004]]},"properties":{}},{"type":"Feature","geometry":{"type":"LineString","coordinates":[[9.1493,39.26183],[9.14857,39.26108]]},"properties":{}},{"type":"Feature","geometry":{"type":"LineString","coordinates":[[9.1493,39.26183],[9.14936,39.26176]]},"properties":{}},{"type":"Feature","geometry":{"type":"LineString","coordinates":[[9.1503,39.26279],[9.14932,39.26177]]},"properties":{}},{"type":"Feature","geometry":{"type":"LineString","coordinates":[[9.17922,39.28587],[9.17715,39.28738]]},"properties":{}},{"type":"Feature","geometry":{"type":"LineString","coordinates":[[9.18752,39.2884],[9.18779,39.28804],[9.18797,39.28762],[9.18809,39.28713],[9.18826,39.28659],[9.18855,39.28598]]},"properties":{}},{"type":"Feature","geometry":{"type":"LineString","coordinates":[[9.17715,39.28738],[9.17708,39.28757],[9.1771,39.28771],[9.17864,39.28896]]},"properties":{}},{"type":"Feature","geometry":{"type":"LineString","coordinates":[[9.17698,39.28844],[9.17864,39.28896]]},"properties":{}},{"type":"Feature","geometry":{"type":"LineString","coordinates":[[9.17864,39.28896],[9.17936,39.28965]]},"properties":{}},{"type":"Feature","geometry":{"type":"LineString","coordinates":[[9.18503,39.29113],[9.18561,39.29076],[9.18574,39.29064],[9.18611,39.29008],[9.18694,39.289],[9.18712,39.28878],[9.18752,39.2884]]},"properties":{}},{"type":"Feature","geometry":{"type":"LineString","coordinates":[[9.17936,39.28965],[9.1804,39.29024],[9.18161,39.29056]]},"properties":{}},{"type":"Feature","geometry":{"type":"LineString","coordinates":[[9.17794,39.29087],[9.17909,39.28959]]},"properties":{}},{"type":"Feature","geometry":{"type":"LineString","coordinates":[[9.17877,39.29086],[9.17963,39.28982]]},"properties":{}},{"type":"Feature","geometry":{"type":"LineString","coordinates":[[9.18401,39.29012],[9.18396,39.29037],[9.18396,39.29078],[9.18384,39.29085]]},"properties":{}},{"type":"Feature","geometry":{"type":"LineString","coordinates":[[9.17923,39.2911],[9.18018,39.29014]]},"properties":{}},{"type":"Feature","geometry":{"type":"LineString","coordinates":[[9.18384,39.29085],[9.18275,39.29057],[9.18171,39.29048]]},"properties":{}},{"type":"Feature","geometry":{"type":"LineString","coordinates":[[9.18503,39.29113],[9.18431,39.29092],[9.18396,39.29078]]},"properties":{}},{"type":"Feature","geometry":{"type":"LineString","coordinates":[[9.18275,39.29057],[9.18246,39.29113],[9.1825,39.29134],[9.18301,39.29157],[9.18329,39.29164]]},"properties":{}},{"type":"Feature","geometry":{"type":"LineString","coordinates":[[9.18548,39.29085],[9.18563,39.29106],[9.18573,39.29113],[9.18649,39.29157]]},"properties":{}},{"type":"Feature","geometry":{"type":"LineString","coordinates":[[9.18573,39.29247],[9.18626,39.29178],[9.18696,39.29109],[9.18714,39.29078]]},"properties":{}},{"type":"Feature","geometry":{"type":"LineString","coordinates":[[9.18384,39.29085],[9.18374,39.29105],[9.18329,39.29164],[9.18215,39.29303]]},"properties":{}},{"type":"Feature","geometry":{"type":"LineString","coordinates":[[9.18933,39.29756],[9.18933,39.29742],[9.18937,39.29736]]},"properties":{}},{"type":"Feature","geometry":{"type":"LineString","coordinates":[[9.19542,39.29928],[9.19502,39.29921],[9.19439,39.29927],[9.19408,39.29947],[9.19386,39.29995],[9.19375,39.30002],[9.19364,39.30004],[9.19309,39.29989],[9.19288,39.29986],[9.1924,39.29986],[9.19127,39.29975],[9.19066,39.29976],[9.19053,39.29967],[9.19034,39.29936],[9.19032,39.29929],[9.19039,39.29893],[9.19035,39.29879],[9.19019,39.29861],[9.18987,39.29813],[9.1894,39.29782],[9.18933,39.29756]]},"properties":{}},{"type":"Feature","geometry":{"type":"LineString","coordinates":[[9.18096,39.34368],[9.18076,39.3437]]},"properties":{}},{"type":"Feature","geometry":{"type":"LineString","coordinates":[[9.16529,39.29425],[9.16529,39.2941],[9.16622,39.29206],[9.16634,39.29116],[9.16643,39.28983],[9.16666,39.28876],[9.1666,39.28845],[9.16654,39.28829],[9.16651,39.28798],[9.16656,39.28765],[9.16681,39.28766],[9.1673,39.28787],[9.16771,39.28797],[9.16801,39.28795],[9.16913,39.28775],[9.16946,39.28774],[9.17019,39.28783],[9.1717,39.28786],[9.17228,39.28795],[9.1733,39.2883],[9.17368,39.2884],[9.17472,39.28855],[9.17505,39.28856],[9.17622,39.28834],[9.17657,39.28836],[9.17698,39.28844]]},"properties":{}},{"type":"Feature","geometry":{"type":"LineString","coordinates":[[9.17607,39.3443],[9.17038,39.34459],[9.16814,39.34423],[9.16787,39.34415],[9.16666,39.34358],[9.16648,39.34353],[9.16335,39.34322],[9.16286,39.34324],[9.15995,39.34369],[9.15978,39.3437],[9.15924,39.34361]]},"properties":{}},{"type":"Feature","geometry":{"type":"LineString","coordinates":[[9.17697,39.34423],[9.17607,39.3443]]},"properties":{}},{"type":"Feature","geometry":{"type":"LineString","coordinates":[[9.17688,39.34552],[9.17698,39.34537],[9.17714,39.34502]]},"properties":{}},{"type":"Feature","geometry":{"type":"LineString","coordinates":[[9.17633,39.34602],[9.17665,39.34583],[9.17688,39.34552]]},"properties":{}},{"type":"Feature","geometry":{"type":"LineString","coordinates":[[9.17694,39.34649],[9.17729,39.34577]]},"properties":{}},{"type":"Feature","geometry":{"type":"LineString","coordinates":[[9.16436,39.35539],[9.1691,39.36272],[9.16982,39.3639],[9.17034,39.36459],[9.17119,39.36598],[9.17261,39.36856]]},"properties":{}},{"type":"Feature","geometry":{"type":"LineString","coordinates":[[9.16708,39.35959],[9.16715,39.35961],[9.16984,39.36387],[9.17044,39.3647],[9.17171,39.36684],[9.17252,39.36831],[9.1725,39.36836]]},"properties":{}},{"type":"Feature","geometry":{"type":"LineString","coordinates":[[9.17261,39.36856],[9.17276,39.36882]]},"properties":{}},{"type":"Feature","geometry":{"type":"LineString","coordinates":[[9.17276,39.36882],[9.17284,39.36895]]},"properties":{}},{"type":"Feature","geometry":{"type":"LineString","coordinates":[[9.1576,39.2629],[9.15951,39.26207]]},"properties":{}},{"type":"Feature","geometry":{"type":"LineString","coordinates":[[9.15737,39.263],[9.1576,39.2629]]},"properties":{}},{"type":"Feature","geometry":{"type":"LineString","coordinates":[[9.14936,39.26176],[9.15034,39.26275],[9.15035,39.26279],[9.14881,39.26459],[9.14845,39.26513],[9.14932,39.26573],[9.14996,39.26585]]},"properties":{}},{"type":"Feature","geometry":{"type":"LineString","coordinates":[[9.15288,39.26581],[9.15144,39.26443],[9.15093,39.26401],[9.15056,39.26314],[9.1503,39.26279]]},"properties":{}},{"type":"Feature","geometry":{"type":"LineString","coordinates":[[9.15323,39.26583],[9.1542,39.26492],[9.15442,39.26475],[9.15589,39.26377],[9.15655,39.26338],[9.15737,39.263]]},"properties":{}},{"type":"Feature","geometry":{"type":"LineString","coordinates":[[9.1516,39.26784],[9.15187,39.26762],[9.15279,39.26631],[9.15288,39.26613]]},"properties":{}},{"type":"Feature","geometry":{"type":"LineString","coordinates":[[9.15412,39.38014],[9.1541,39.38174],[9.15416,39.38259],[9.15425,39.3831],[9.15611,39.39151]]},"properties":{}},{"type":"Feature","geometry":{"type":"LineString","coordinates":[[9.15611,39.39151],[9.15615,39.39168]]},"properties":{}},{"type":"Feature","geometry":{"type":"LineString","coordinates":[[9.15615,39.39168],[9.15757,39.39806],[9.1576,39.39861]]},"properties":{}},{"type":"Feature","geometry":{"type":"LineString","coordinates":[[9.15747,39.39931],[9.15742,39.39951],[9.15714,39.40001]]},"properties":{}},{"type":"Feature","geometry":{"type":"LineString","coordinates":[[9.18076,39.3437],[9.18023,39.34378]]},"properties":{}},{"type":"Feature","geometry":{"type":"LineString","coordinates":[[9.18149,39.34379],[9.18127,39.34372],[9.18096,39.34368]]},"properties":{}},{"type":"Feature","geometry":{"type":"LineString","coordinates":[[9.18023,39.34378],[9.18,39.34381]]},"properties":{}},{"type":"Feature","geometry":{"type":"LineString","coordinates":[[9.18163,39.34383],[9.18149,39.34379]]},"properties":{}},{"type":"Feature","geometry":{"type":"LineString","coordinates":[[9.18,39.34381],[9.17955,39.34387]]},"properties":{}},{"type":"Feature","geometry":{"type":"LineString","coordinates":[[9.17955,39.34387],[9.17769,39.34416],[9.17697,39.34423]]},"properties":{}},{"type":"Feature","geometry":{"type":"LineString","coordinates":[[9.18266,39.34431],[9.18163,39.34383]]},"properties":{}},{"type":"Feature","geometry":{"type":"LineString","coordinates":[[9.18425,39.3442],[9.18383,39.34441]]},"properties":{}},{"type":"Feature","geometry":{"type":"LineString","coordinates":[[9.18322,39.34447],[9.18295,39.34442],[9.18266,39.34431]]},"properties":{}},{"type":"Feature","geometry":{"type":"LineString","coordinates":[[9.18383,39.34441],[9.18346,39.34447],[9.18322,39.34447]]},"properties":{}},{"type":"Feature","geometry":{"type":"LineString","coordinates":[[9.18306,39.34466],[9.18266,39.34431]]},"properties":{}},{"type":"Feature","geometry":{"type":"LineString","coordinates":[[9.18325,39.34497],[9.18306,39.34466]]},"properties":{}},{"type":"Feature","geometry":{"type":"LineString","coordinates":[[9.18406,39.34703],[9.18412,39.34684],[9.18402,39.34612],[9.18389,39.34588],[9.18358,39.34553],[9.1834,39.34527],[9.18325,39.34497]]},"properties":{}},{"type":"Feature","geometry":{"type":"LineString","coordinates":[[9.17843,39.34557],[9.17901,39.34579],[9.17853,39.34664]]},"properties":{}},{"type":"Feature","geometry":{"type":"LineString","coordinates":[[9.17688,39.34552],[9.17804,39.34618],[9.17866,39.34679],[9.1788,39.34686],[9.17931,39.34703],[9.18003,39.34705],[9.18039,39.34711]]},"properties":{}},{"type":"Feature","geometry":{"type":"LineString","coordinates":[[9.17907,39.34629],[9.17984,39.3465],[9.18063,39.34654]]},"properties":{}},{"type":"Feature","geometry":{"type":"LineString","coordinates":[[9.18039,39.34711],[9.18071,39.34724],[9.1809,39.34744],[9.18112,39.34758],[9.18158,39.34778]]},"properties":{}},{"type":"Feature","geometry":{"type":"LineString","coordinates":[[9.18316,39.34811],[9.18268,39.34794],[9.18233,39.34775],[9.18205,39.34774],[9.18176,39.34781],[9.18158,39.34778]]},"properties":{}},{"type":"Feature","geometry":{"type":"LineString","coordinates":[[9.18412,39.34895],[9.1847,39.34784]]},"properties":{}},{"type":"Feature","geometry":{"type":"LineString","coordinates":[[9.18399,39.34894],[9.18356,39.34835],[9.18316,39.34811]]},"properties":{}},{"type":"Feature","geometry":{"type":"LineString","coordinates":[[9.15714,39.40001],[9.15697,39.40032]]},"properties":{}},{"type":"Feature","geometry":{"type":"LineString","coordinates":[[9.15697,39.40032],[9.15672,39.40087],[9.15664,39.40131],[9.15666,39.40173],[9.15676,39.40212],[9.15734,39.40322],[9.15934,39.40653],[9.15943,39.40682],[9.15951,39.4075],[9.15945,39.40781],[9.15933,39.40809],[9.15809,39.41051],[9.15799,39.41077],[9.15711,39.41559],[9.15677,39.4176],[9.1566,39.41796],[9.15638,39.41822],[9.15612,39.41844],[9.15313,39.42021],[9.15259,39.42065],[9.15133,39.42108],[9.15035,39.42119],[9.15014,39.4213],[9.14927,39.42222],[9.14907,39.4224],[9.14799,39.42311],[9.14787,39.42324],[9.1477,39.42376],[9.14765,39.42456],[9.14771,39.42493]]},"properties":{}},{"type":"Feature","geometry":{"type":"LineString","coordinates":[[9.15206,39.42329],[9.15116,39.42394]]},"properties":{}},{"type":"Feature","geometry":{"type":"LineString","coordinates":[[9.15116,39.42394],[9.14995,39.42295],[9.14985,39.42291],[9.14981,39.42292],[9.14863,39.42428],[9.14859,39.42436],[9.14859,39.42456],[9.1489,39.42568]]},"properties":{}},{"type":"Feature","geometry":{"type":"LineString","coordinates":[[9.14771,39.42493],[9.14775,39.42516]]},"properties":{}},{"type":"Feature","geometry":{"type":"LineString","coordinates":[[9.14775,39.42516],[9.14798,39.42598]]},"properties":{}},{"type":"Feature","geometry":{"type":"LineString","coordinates":[[9.14798,39.42598],[9.148,39.42606]]},"properties":{}},{"type":"Feature","geometry":{"type":"LineString","coordinates":[[9.1474,39.42632],[9.14728,39.42641]]},"properties":{}},{"type":"Feature","geometry":{"type":"LineString","coordinates":[[9.148,39.42606],[9.14829,39.42721]]},"properties":{}},{"type":"Feature","geometry":{"type":"LineString","coordinates":[[9.14829,39.42721],[9.1483,39.42725]]},"properties":{}},{"type":"Feature","geometry":{"type":"LineString","coordinates":[[9.11575,39.25355],[9.11607,39.25377],[9.11639,39.25416],[9.11654,39.25428],[9.11782,39.25506]]},"properties":{}},{"type":"Feature","geometry":{"type":"LineString","coordinates":[[9.11663,39.2562],[9.11711,39.25593],[9.11729,39.25577],[9.11768,39.25533],[9.11782,39.25506],[9.11876,39.25415]]},"properties":{}},{"type":"Feature","geometry":{"type":"LineString","coordinates":[[9.11699,39.25548],[9.11767,39.25496]]},"properties":{}},{"type":"Feature","geometry":{"type":"LineString","coordinates":[[9.11072,39.25646],[9.11086,39.2564],[9.11097,39.25632],[9.11121,39.25601],[9.11144,39.25556],[9.11238,39.25405]]},"properties":{}},{"type":"Feature","geometry":{"type":"LineString","coordinates":[[9.11807,39.25578],[9.11768,39.25533]]},"properties":{}},{"type":"Feature","geometry":{"type":"LineString","coordinates":[[9.11513,39.25717],[9.11599,39.25658],[9.11663,39.2562]]},"properties":{}},{"type":"Feature","geometry":{"type":"LineString","coordinates":[[9.11481,39.25742],[9.11513,39.25717]]},"properties":{}},{"type":"Feature","geometry":{"type":"LineString","coordinates":[[9.11444,39.25761],[9.11481,39.25742]]},"properties":{}},{"type":"Feature","geometry":{"type":"LineString","coordinates":[[9.11481,39.25742],[9.11566,39.25811]]},"properties":{}},{"type":"Feature","geometry":{"type":"LineString","coordinates":[[9.11372,39.25801],[9.11444,39.25761]]},"properties":{}},{"type":"Feature","geometry":{"type":"LineString","coordinates":[[9.1454,39.25569],[9.14534,39.25588],[9.14538,39.25606],[9.14597,39.25708],[9.14608,39.25722]]},"properties":{}},{"type":"Feature","geometry":{"type":"LineString","coordinates":[[9.13337,39.25765],[9.13297,39.25673],[9.13275,39.2555]]},"properties":{}},{"type":"Feature","geometry":{"type":"LineString","coordinates":[[9.1414,39.25764],[9.14137,39.25708],[9.14125,39.2566],[9.14091,39.2562],[9.14043,39.25576]]},"properties":{}},{"type":"Feature","geometry":{"type":"LineString","coordinates":[[9.14593,39.25699],[9.14563,39.25646]]},"properties":{}},{"type":"Feature","geometry":{"type":"LineString","coordinates":[[9.14549,39.25651],[9.14596,39.25728]]},"properties":{}},{"type":"Feature","geometry":{"type":"LineString","coordinates":[[9.1458,39.25703],[9.14593,39.25699],[9.14608,39.25722]]},"properties":{}},{"type":"Feature","geometry":{"type":"LineString","coordinates":[[9.14597,39.25732],[9.14597,39.2575],[9.14612,39.25749],[9.14612,39.25731]]},"properties":{}},{"type":"Feature","geometry":{"type":"LineString","coordinates":[[9.1414,39.25774],[9.1414,39.25764]]},"properties":{}},{"type":"Feature","geometry":{"type":"LineString","coordinates":[[9.14607,39.25834],[9.14612,39.25749]]},"properties":{}},{"type":"Feature","geometry":{"type":"LineString","coordinates":[[9.1461,39.25733],[9.146,39.25875]]},"properties":{}},{"type":"Feature","geometry":{"type":"LineString","coordinates":[[9.12157,39.25626],[9.12093,39.25592],[9.11943,39.25482],[9.11876,39.25415]]},"properties":{}},{"type":"Feature","geometry":{"type":"LineString","coordinates":[[9.12157,39.25626],[9.12184,39.25572],[9.12216,39.25527],[9.12279,39.25451]]},"properties":{}},{"type":"Feature","geometry":{"type":"LineString","coordinates":[[9.11807,39.25578],[9.11849,39.25531],[9.11861,39.25526]]},"properties":{}},{"type":"Feature","geometry":{"type":"LineString","coordinates":[[9.11861,39.25526],[9.11901,39.25593],[9.11938,39.25646],[9.12034,39.25763]]},"properties":{}},{"type":"Feature","geometry":{"type":"LineString","coordinates":[[9.11997,39.25799],[9.11932,39.25746],[9.11869,39.25688],[9.11854,39.25666],[9.11807,39.25578]]},"properties":{}},{"type":"Feature","geometry":{"type":"LineString","coordinates":[[9.12157,39.25626],[9.12138,39.25664],[9.12103,39.25704],[9.11955,39.25836]]},"properties":{}},{"type":"Feature","geometry":{"type":"LineString","coordinates":[[9.12146,39.26082],[9.12287,39.26031],[9.12308,39.26016],[9.12343,39.25969],[9.12393,39.2591],[9.12504,39.25757],[9.12587,39.25658],[9.12657,39.25587],[9.12693,39.25554],[9.12819,39.25454]]},"properties":{}},{"type":"Feature","geometry":{"type":"LineString","coordinates":[[9.1194,39.25841],[9.11843,39.25766]]},"properties":{}},{"type":"Feature","geometry":{"type":"LineString","coordinates":[[9.11795,39.25818],[9.11865,39.25879]]},"properties":{}},{"type":"Feature","geometry":{"type":"LineString","coordinates":[[9.11721,39.25973],[9.11782,39.25942],[9.11881,39.25868],[9.11914,39.25851],[9.11955,39.25836]]},"properties":{}},{"type":"Feature","geometry":{"type":"LineString","coordinates":[[9.14589,39.25884],[9.14599,39.25765],[9.14599,39.25734]]},"properties":{}},{"type":"Feature","geometry":{"type":"LineString","coordinates":[[9.14597,39.2575],[9.14591,39.25833],[9.14607,39.25834],[9.14604,39.25865],[9.14588,39.25864],[9.14586,39.25893]]},"properties":{}},{"type":"Feature","geometry":{"type":"LineString","coordinates":[[9.13414,39.25927],[9.13337,39.25765]]},"properties":{}},{"type":"Feature","geometry":{"type":"LineString","coordinates":[[9.14588,39.25864],[9.14591,39.25833]]},"properties":{}},{"type":"Feature","geometry":{"type":"LineString","coordinates":[[9.14602,39.25893],[9.14604,39.25865]]},"properties":{}},{"type":"Feature","geometry":{"type":"LineString","coordinates":[[9.146,39.25875],[9.146,39.25891]]},"properties":{}},{"type":"Feature","geometry":{"type":"LineString","coordinates":[[9.14588,39.25891],[9.14589,39.25884]]},"properties":{}},{"type":"Feature","geometry":{"type":"LineString","coordinates":[[9.14597,39.25902],[9.14587,39.25914]]},"properties":{}},{"type":"Feature","geometry":{"type":"LineString","coordinates":[[9.14572,39.25915],[9.14586,39.2592]]},"properties":{}},{"type":"Feature","geometry":{"type":"LineString","coordinates":[[9.14047,39.26117],[9.14125,39.25869],[9.1414,39.25774]]},"properties":{}},{"type":"Feature","geometry":{"type":"LineString","coordinates":[[9.11367,39.25804],[9.11372,39.25801]]},"properties":{}},{"type":"Feature","geometry":{"type":"LineString","coordinates":[[9.11353,39.25853],[9.11354,39.2582],[9.11367,39.25804]]},"properties":{}},{"type":"Feature","geometry":{"type":"LineString","coordinates":[[9.11566,39.25811],[9.11513,39.25852],[9.11479,39.25884]]},"properties":{}},{"type":"Feature","geometry":{"type":"LineString","coordinates":[[9.11763,39.25881],[9.11779,39.25907],[9.118,39.25929]]},"properties":{}},{"type":"Feature","geometry":{"type":"LineString","coordinates":[[9.11503,39.26154],[9.1149,39.26155],[9.11466,39.26147],[9.11433,39.26147],[9.11412,39.26138],[9.11404,39.26132],[9.11401,39.26121],[9.11403,39.26082],[9.11375,39.25993],[9.11368,39.25959],[9.1136,39.25831],[9.11361,39.25818],[9.11369,39.2581]]},"properties":{}},{"type":"Feature","geometry":{"type":"LineString","coordinates":[[9.11398,39.26115],[9.11396,39.26084],[9.11362,39.25975],[9.11358,39.25952],[9.11353,39.25853]]},"properties":{}},{"type":"Feature","geometry":{"type":"LineString","coordinates":[[9.11543,39.26124],[9.11582,39.26079],[9.1162,39.26044],[9.11642,39.26026],[9.11721,39.25973]]},"properties":{}},{"type":"Feature","geometry":{"type":"LineString","coordinates":[[9.11399,39.26133],[9.11398,39.26115]]},"properties":{}},{"type":"Feature","geometry":{"type":"LineString","coordinates":[[9.11399,39.26133],[9.11412,39.26143]]},"properties":{}},{"type":"Feature","geometry":{"type":"LineString","coordinates":[[9.11398,39.2615],[9.11399,39.26133]]},"properties":{}},{"type":"Feature","geometry":{"type":"LineString","coordinates":[[9.11955,39.25836],[9.1202,39.25892],[9.12088,39.25971],[9.12146,39.26082]]},"properties":{}},{"type":"Feature","geometry":{"type":"LineString","coordinates":[[9.11832,39.2603],[9.11943,39.25978]]},"properties":{}},{"type":"Feature","geometry":{"type":"LineString","coordinates":[[9.12041,39.26187],[9.11972,39.26061],[9.11968,39.26022],[9.11964,39.26012],[9.11915,39.25937],[9.11865,39.25879]]},"properties":{}},{"type":"Feature","geometry":{"type":"LineString","coordinates":[[9.11859,39.26076],[9.11969,39.26028]]},"properties":{}},{"type":"Feature","geometry":{"type":"LineString","coordinates":[[9.12126,39.26046],[9.1203,39.26077]]},"properties":{}},{"type":"Feature","geometry":{"type":"LineString","coordinates":[[9.12075,39.26136],[9.12047,39.26106],[9.12013,39.2604],[9.12107,39.26006]]},"properties":{}},{"type":"Feature","geometry":{"type":"LineString","coordinates":[[9.11972,39.26285],[9.11945,39.2624],[9.11874,39.26101],[9.11782,39.25942]]},"properties":{}},{"type":"Feature","geometry":{"type":"LineString","coordinates":[[9.12223,39.26149],[9.12146,39.26082]]},"properties":{}},{"type":"Feature","geometry":{"type":"LineString","coordinates":[[9.12006,39.26123],[9.11962,39.26141],[9.1196,39.26146],[9.12012,39.26222],[9.12016,39.26223]]},"properties":{}},{"type":"Feature","geometry":{"type":"LineString","coordinates":[[9.11972,39.26285],[9.12075,39.26136],[9.12093,39.26114],[9.12106,39.26102],[9.12146,39.26082]]},"properties":{}},{"type":"Feature","geometry":{"type":"LineString","coordinates":[[9.13324,39.25956],[9.13395,39.25943]]},"properties":{}},{"type":"Feature","geometry":{"type":"LineString","coordinates":[[9.13419,39.25973],[9.13417,39.25971]]},"properties":{}},{"type":"Feature","geometry":{"type":"LineString","coordinates":[[9.14524,39.26085],[9.14531,39.26062],[9.14543,39.25987],[9.14588,39.25917]]},"properties":{}},{"type":"Feature","geometry":{"type":"LineString","coordinates":[[9.14472,39.2614],[9.14513,39.26085],[9.14519,39.2607],[9.14529,39.25989],[9.14555,39.25943],[9.14586,39.25899]]},"properties":{}},{"type":"Feature","geometry":{"type":"LineString","coordinates":[[9.14587,39.25914],[9.14541,39.25987],[9.14522,39.26084],[9.14478,39.26142]]},"properties":{}},{"type":"Feature","geometry":{"type":"LineString","coordinates":[[9.14585,39.25897],[9.14546,39.25953],[9.14527,39.2599],[9.14517,39.2607],[9.14511,39.26084],[9.14394,39.26232],[9.14324,39.26311]]},"properties":{}},{"type":"Feature","geometry":{"type":"LineString","coordinates":[[9.14043,39.26127],[9.14047,39.26117]]},"properties":{}},{"type":"Feature","geometry":{"type":"LineString","coordinates":[[9.13563,39.26291],[9.13555,39.26288],[9.13423,39.25965]]},"properties":{}},{"type":"Feature","geometry":{"type":"LineString","coordinates":[[9.13555,39.26288],[9.1355,39.26285],[9.13465,39.26076],[9.13419,39.25973]]},"properties":{}},{"type":"Feature","geometry":{"type":"LineString","coordinates":[[9.14038,39.2614],[9.14043,39.26127]]},"properties":{}},{"type":"Feature","geometry":{"type":"LineString","coordinates":[[9.13459,39.25986],[9.1357,39.26289]]},"properties":{}},{"type":"Feature","geometry":{"type":"LineString","coordinates":[[9.14472,39.2614],[9.14478,39.26142]]},"properties":{}},{"type":"Feature","geometry":{"type":"LineString","coordinates":[[9.14468,39.26143],[9.14472,39.2614]]},"properties":{}},{"type":"Feature","geometry":{"type":"LineString","coordinates":[[9.14468,39.26145],[9.14468,39.26143]]},"properties":{}},{"type":"Feature","geometry":{"type":"LineString","coordinates":[[9.14478,39.26142],[9.14479,39.26146]]},"properties":{}},{"type":"Feature","geometry":{"type":"LineString","coordinates":[[9.14479,39.26146],[9.14477,39.26148]]},"properties":{}},{"type":"Feature","geometry":{"type":"LineString","coordinates":[[9.14475,39.26148],[9.14468,39.26145]]},"properties":{}},{"type":"Feature","geometry":{"type":"LineString","coordinates":[[9.14477,39.26148],[9.14475,39.26148]]},"properties":{}},{"type":"Feature","geometry":{"type":"LineString","coordinates":[[9.14018,39.26203],[9.14038,39.2614]]},"properties":{}},{"type":"Feature","geometry":{"type":"LineString","coordinates":[[9.14339,39.26315],[9.14477,39.26149],[9.14524,39.26085]]},"properties":{}},{"type":"Feature","geometry":{"type":"LineString","coordinates":[[9.14002,39.26248],[9.14018,39.26203]]},"properties":{}},{"type":"Feature","geometry":{"type":"LineString","coordinates":[[9.14278,39.26336],[9.14288,39.26333],[9.14329,39.26309],[9.14375,39.26259],[9.14468,39.26145]]},"properties":{}},{"type":"Feature","geometry":{"type":"LineString","coordinates":[[9.14475,39.26148],[9.14336,39.26315],[9.14324,39.26327],[9.14288,39.26343]]},"properties":{}},{"type":"Feature","geometry":{"type":"LineString","coordinates":[[9.13968,39.26354],[9.14002,39.26248]]},"properties":{}},{"type":"Feature","geometry":{"type":"LineString","coordinates":[[9.14314,39.26318],[9.14324,39.26311]]},"properties":{}},{"type":"Feature","geometry":{"type":"LineString","coordinates":[[9.14336,39.26315],[9.14339,39.26315]]},"properties":{}},{"type":"Feature","geometry":{"type":"LineString","coordinates":[[9.13967,39.26358],[9.13968,39.26354]]},"properties":{}},{"type":"Feature","geometry":{"type":"LineString","coordinates":[[9.13967,39.26358],[9.13969,39.26366],[9.13977,39.26379]]},"properties":{}},{"type":"Feature","geometry":{"type":"LineString","coordinates":[[9.13962,39.26383],[9.13963,39.26364],[9.13967,39.26358]]},"properties":{}},{"type":"Feature","geometry":{"type":"LineString","coordinates":[[9.14728,39.42641],[9.14388,39.4292],[9.14357,39.4294],[9.14257,39.42986],[9.14118,39.43036],[9.13643,39.43219]]},"properties":{}},{"type":"Feature","geometry":{"type":"LineString","coordinates":[[9.12016,39.26223],[9.12033,39.26225],[9.12089,39.26188]]},"properties":{}},{"type":"Feature","geometry":{"type":"LineString","coordinates":[[9.11976,39.26294],[9.11972,39.26285]]},"properties":{}},{"type":"Feature","geometry":{"type":"LineString","coordinates":[[9.1204,39.26761],[9.12052,39.26746]]},"properties":{}},{"type":"Feature","geometry":{"type":"LineString","coordinates":[[9.12059,39.26766],[9.1204,39.26761]]},"properties":{}},{"type":"Feature","geometry":{"type":"LineString","coordinates":[[9.12181,39.26847],[9.12161,39.2684],[9.12078,39.26797],[9.12066,39.26786],[9.12059,39.26766]]},"properties":{}},{"type":"Feature","geometry":{"type":"LineString","coordinates":[[9.12781,39.27003],[9.12705,39.26965],[9.12691,39.26955],[9.12627,39.26921],[9.12614,39.26917],[9.12605,39.26919]]},"properties":{}},{"type":"Feature","geometry":{"type":"LineString","coordinates":[[9.12781,39.27003],[9.12796,39.27009],[9.12797,39.27015],[9.12772,39.27066]]},"properties":{}},{"type":"Feature","geometry":{"type":"LineString","coordinates":[[9.12318,39.43181],[9.12324,39.43177],[9.12396,39.43091],[9.1243,39.43057],[9.12447,39.43046],[9.12651,39.42977],[9.12663,39.42975],[9.1271,39.42986],[9.12722,39.42984],[9.1273,39.42982],[9.12762,39.42963]]},"properties":{}},{"type":"Feature","geometry":{"type":"LineString","coordinates":[[9.12321,39.43183],[9.12338,39.43179],[9.12422,39.43177],[9.12464,39.43186],[9.12501,39.43183]]},"properties":{}},{"type":"Feature","geometry":{"type":"LineString","coordinates":[[9.12157,39.4319],[9.12207,39.43191],[9.12243,39.43184],[9.12287,39.43179],[9.1231,39.43183]]},"properties":{}},{"type":"Feature","geometry":{"type":"LineString","coordinates":[[9.1142,39.26162],[9.11414,39.26176]]},"properties":{}},{"type":"Feature","geometry":{"type":"LineString","coordinates":[[9.11414,39.26176],[9.11405,39.26164]]},"properties":{}},{"type":"Feature","geometry":{"type":"LineString","coordinates":[[9.11443,39.26385],[9.11449,39.26363],[9.11445,39.26336],[9.11432,39.26259],[9.11414,39.26176]]},"properties":{}},{"type":"Feature","geometry":{"type":"LineString","coordinates":[[9.1204,39.26761],[9.12018,39.26767],[9.11989,39.26758],[9.11662,39.26622],[9.11647,39.26611],[9.11642,39.26596],[9.11635,39.2659],[9.11609,39.26585],[9.11588,39.26591],[9.11582,39.2659],[9.11453,39.26539],[9.11427,39.26534],[9.1142,39.26539]]},"properties":{}},{"type":"Feature","geometry":{"type":"LineString","coordinates":[[9.08551,39.40707],[9.08622,39.4078],[9.08716,39.40864],[9.08758,39.40907],[9.08803,39.40986],[9.08822,39.41035],[9.08834,39.41085],[9.08836,39.41193],[9.09095,39.41543],[9.09146,39.41601],[9.09194,39.41647],[9.09247,39.4168],[9.09306,39.41711],[9.096,39.41802],[9.09634,39.41823],[9.0979,39.41985],[9.10198,39.4226],[9.10305,39.42331],[9.10372,39.4237],[9.10429,39.42412],[9.10491,39.42474],[9.10611,39.42624],[9.10756,39.42695],[9.10933,39.42735],[9.11029,39.42774],[9.11057,39.42783],[9.11178,39.42809],[9.11244,39.42835],[9.11518,39.42996],[9.11538,39.43005],[9.11667,39.43039],[9.1179,39.43101],[9.11887,39.4314],[9.12005,39.43176],[9.12062,39.43184],[9.12157,39.4319]]},"properties":{}},{"type":"Feature","geometry":{"type":"LineString","coordinates":[[9.08761,39.43917],[9.08823,39.43916],[9.08834,39.43919],[9.08842,39.43934],[9.08848,39.43961],[9.08861,39.43975],[9.08879,39.43984],[9.08937,39.43992],[9.08974,39.43989],[9.09197,39.43936],[9.09243,39.43921],[9.09709,39.43647],[9.09731,39.43638],[9.09783,39.43628],[9.09806,39.43628],[9.10185,39.43652],[9.10213,39.43651],[9.10238,39.43647],[9.10532,39.4356],[9.10866,39.43544],[9.10899,39.43538],[9.10924,39.43531],[9.1097,39.43509],[9.11259,39.43342],[9.11326,39.43314],[9.1135,39.43309],[9.1137,39.43309],[9.11512,39.43348],[9.11561,39.43338],[9.11695,39.43328],[9.11719,39.43322],[9.11742,39.43311],[9.11768,39.43292],[9.11898,39.43144]]},"properties":{}},{"type":"Feature","geometry":{"type":"LineString","coordinates":[[9.11751,39.4472],[9.11727,39.44761]]},"properties":{}},{"type":"Feature","geometry":{"type":"LineString","coordinates":[[9.11727,39.44761],[9.11717,39.44785]]},"properties":{}},{"type":"Feature","geometry":{"type":"LineString","coordinates":[[9.11717,39.44785],[9.11648,39.4502],[9.11626,39.45142],[9.11627,39.45166],[9.11636,39.45202],[9.11703,39.45424],[9.11711,39.45469],[9.11715,39.45507],[9.11705,39.4583],[9.11686,39.45863],[9.11651,39.45894],[9.11637,39.45913],[9.11629,39.45936],[9.11628,39.45949],[9.11634,39.45989],[9.11659,39.461],[9.11658,39.46122],[9.11517,39.4637],[9.11496,39.46389],[9.11283,39.4652],[9.11258,39.46543],[9.11162,39.46656],[9.10968,39.46765],[9.10783,39.46865],[9.10747,39.46895],[9.10663,39.47021]]},"properties":{}},{"type":"Feature","geometry":{"type":"LineString","coordinates":[[9.10663,39.47021],[9.10655,39.47033]]},"properties":{}},{"type":"Feature","geometry":{"type":"LineString","coordinates":[[9.12501,39.43183],[9.12569,39.43189],[9.12586,39.43198],[9.12627,39.4323],[9.12628,39.43236]]},"properties":{}},{"type":"Feature","geometry":{"type":"LineString","coordinates":[[9.12734,39.43237],[9.12651,39.43238],[9.12628,39.43236]]},"properties":{}},{"type":"Feature","geometry":{"type":"LineString","coordinates":[[9.12808,39.4326],[9.12734,39.43237]]},"properties":{}},{"type":"Feature","geometry":{"type":"LineString","coordinates":[[9.13254,39.43247],[9.13124,39.43252],[9.13044,39.43249],[9.12907,39.43252]]},"properties":{}},{"type":"Feature","geometry":{"type":"LineString","coordinates":[[9.12907,39.43252],[9.12808,39.4326]]},"properties":{}},{"type":"Feature","geometry":{"type":"LineString","coordinates":[[9.12398,39.43357],[9.1232,39.43377],[9.12286,39.43303],[9.12271,39.43257],[9.12278,39.43233],[9.12287,39.43219],[9.12315,39.4319]]},"properties":{}},{"type":"Feature","geometry":{"type":"LineString","coordinates":[[9.12419,39.43421],[9.12408,39.43395],[9.12398,39.43357]]},"properties":{}},{"type":"Feature","geometry":{"type":"LineString","coordinates":[[9.11512,39.43348],[9.11522,39.43357],[9.11587,39.43386],[9.11629,39.43402],[9.11661,39.4341],[9.11785,39.4342],[9.11921,39.43444],[9.12021,39.43449],[9.12107,39.43449],[9.12126,39.43446],[9.12139,39.4344],[9.12166,39.43417],[9.12178,39.43411],[9.12191,39.43411],[9.12255,39.43434]]},"properties":{}},{"type":"Feature","geometry":{"type":"LineString","coordinates":[[9.12255,39.43434],[9.1232,39.43377]]},"properties":{}},{"type":"Feature","geometry":{"type":"LineString","coordinates":[[9.12522,39.43728],[9.12475,39.43678],[9.12443,39.43638],[9.12434,39.43604],[9.12435,39.43595],[9.12454,39.43549],[9.1245,39.43518],[9.12419,39.43421]]},"properties":{}},{"type":"Feature","geometry":{"type":"LineString","coordinates":[[9.10655,39.47033],[9.10642,39.47053]]},"properties":{}},{"type":"Feature","geometry":{"type":"LineString","coordinates":[[9.1058,39.47135],[9.10574,39.47143]]},"properties":{}},{"type":"Feature","geometry":{"type":"LineString","coordinates":[[9.10574,39.47143],[9.1057,39.47148]]},"properties":{}},{"type":"Feature","geometry":{"type":"LineString","coordinates":[[9.1057,39.47148],[9.10563,39.47157],[9.1051,39.47192],[9.10317,39.47332],[9.10248,39.4742],[9.10234,39.47486]]},"properties":{}},{"type":"Feature","geometry":{"type":"LineString","coordinates":[[9.0996,39.47421],[9.09986,39.47417]]},"properties":{}},{"type":"Feature","geometry":{"type":"LineString","coordinates":[[9.09973,39.47442],[9.0996,39.47421]]},"properties":{}},{"type":"Feature","geometry":{"type":"LineString","coordinates":[[9.09991,39.4751],[9.09973,39.47442]]},"properties":{}},{"type":"Feature","geometry":{"type":"LineString","coordinates":[[9.10234,39.47486],[9.1024,39.47496]]},"properties":{}},{"type":"Feature","geometry":{"type":"LineString","coordinates":[[9.10231,39.475],[9.10234,39.47486]]},"properties":{}},{"type":"Feature","geometry":{"type":"LineString","coordinates":[[9.10237,39.47506],[9.10222,39.47516],[9.10227,39.47504],[9.10231,39.47501]]},"properties":{}},{"type":"Feature","geometry":{"type":"LineString","coordinates":[[9.12532,39.43739],[9.12522,39.43728]]},"properties":{}},{"type":"Feature","geometry":{"type":"LineString","coordinates":[[9.12536,39.43744],[9.12532,39.43739]]},"properties":{}},{"type":"Feature","geometry":{"type":"LineString","coordinates":[[9.12676,39.43763],[9.1264,39.43769]]},"properties":{}},{"type":"Feature","geometry":{"type":"LineString","coordinates":[[9.1264,39.43769],[9.12589,39.4378]]},"properties":{}},{"type":"Feature","geometry":{"type":"LineString","coordinates":[[9.12589,39.4378],[9.1257,39.43784]]},"properties":{}},{"type":"Feature","geometry":{"type":"LineString","coordinates":[[9.1257,39.43784],[9.12504,39.43809]]},"properties":{}},{"type":"Feature","geometry":{"type":"LineString","coordinates":[[9.12504,39.43809],[9.12474,39.43823],[9.12449,39.43845],[9.12439,39.4387],[9.1244,39.43943],[9.12431,39.43984],[9.12358,39.44136],[9.12339,39.44156],[9.12311,39.44177],[9.12045,39.44336],[9.12027,39.44362],[9.11957,39.44544],[9.11937,39.44567],[9.1183,39.44635],[9.11803,39.44659],[9.11751,39.4472]]},"properties":{}},{"type":"Feature","geometry":{"type":"LineString","coordinates":[[9.10222,39.47516],[9.10209,39.47539],[9.10197,39.47548]]},"properties":{}},{"type":"Feature","geometry":{"type":"LineString","coordinates":[[9.09999,39.47561],[9.09985,39.47512]]},"properties":{}},{"type":"Feature","geometry":{"type":"LineString","coordinates":[[9.10197,39.47548],[9.10153,39.47582],[9.10092,39.47611],[9.1008,39.47621]]},"properties":{}},{"type":"Feature","geometry":{"type":"LineString","coordinates":[[9.10103,39.47686],[9.10068,39.47631],[9.10054,39.47622],[9.10011,39.47607],[9.10001,39.47597],[9.10002,39.47577],[9.09999,39.47561]]},"properties":{}},{"type":"Feature","geometry":{"type":"LineString","coordinates":[[9.1008,39.47621],[9.10068,39.47631]]},"properties":{}},{"type":"Feature","geometry":{"type":"LineString","coordinates":[[9.10107,39.47693],[9.10103,39.47686]]},"properties":{}},{"type":"Feature","geometry":{"type":"LineString","coordinates":[[9.10107,39.47693],[9.10121,39.47703]]},"properties":{}},{"type":"Feature","geometry":{"type":"LineString","coordinates":[[9.10115,39.47706],[9.10107,39.47693]]},"properties":{}},{"type":"Feature","geometry":{"type":"LineString","coordinates":[[9.10116,39.47713],[9.10113,39.47722],[9.10122,39.47827]]},"properties":{}},{"type":"Feature","geometry":{"type":"LineString","coordinates":[[9.10122,39.47827],[9.10125,39.47841],[9.10123,39.47876],[9.10099,39.4806],[9.10099,39.48087],[9.10104,39.48112],[9.10146,39.48204],[9.10163,39.48227],[9.10285,39.48302],[9.10294,39.48313],[9.10293,39.48326]]},"properties":{}},{"type":"Feature","geometry":{"type":"LineString","coordinates":[[9.13643,39.43219],[9.13603,39.43231],[9.13561,39.43236],[9.13254,39.43247]]},"properties":{}},{"type":"Feature","geometry":{"type":"LineString","coordinates":[[9.14627,39.43596],[9.14575,39.43567],[9.14442,39.43518],[9.14415,39.43512],[9.14335,39.43502],[9.14254,39.43495],[9.14213,39.43497],[9.14066,39.43534],[9.14024,39.43542],[9.13838,39.43517],[9.1381,39.43518],[9.13763,39.43526],[9.13685,39.43554],[9.13294,39.4366],[9.1313,39.43691],[9.12797,39.43735],[9.12676,39.43763]]},"properties":{}},{"type":"Feature","geometry":{"type":"LineString","coordinates":[[9.10293,39.48326],[9.10256,39.48364]]},"properties":{}},{"type":"Feature","geometry":{"type":"LineString","coordinates":[[9.10256,39.48364],[9.10208,39.48411],[9.09955,39.48556]]},"properties":{}},{"type":"Feature","geometry":{"type":"LineString","coordinates":[[9.10212,39.49128],[9.10224,39.49129],[9.10236,39.4914],[9.10235,39.49149],[9.10227,39.49156]]},"properties":{}},{"type":"Feature","geometry":{"type":"LineString","coordinates":[[9.10227,39.49156],[9.1021,39.49158],[9.10197,39.49149],[9.10198,39.49136],[9.10212,39.49128]]},"properties":{}},{"type":"Feature","geometry":{"type":"LineString","coordinates":[[9.17284,39.36895],[9.1731,39.36941]]},"properties":{}},{"type":"Feature","geometry":{"type":"LineString","coordinates":[[9.17621,39.37425],[9.17597,39.37508]]},"properties":{}},{"type":"Feature","geometry":{"type":"LineString","coordinates":[[9.16158,39.37909],[9.1626,39.37888],[9.1636,39.37856],[9.16389,39.37844],[9.16439,39.37814],[9.16478,39.37787],[9.16556,39.37702],[9.16592,39.37654],[9.16596,39.37656]]},"properties":{}},{"type":"Feature","geometry":{"type":"LineString","coordinates":[[9.18411,39.43461],[9.18293,39.43516],[9.1828,39.4353],[9.18277,39.43543],[9.1827,39.43549],[9.18264,39.43547],[9.1826,39.43539],[9.18261,39.43528],[9.18251,39.43497],[9.18244,39.43493],[9.18235,39.43496],[9.18205,39.43534],[9.18192,39.4354],[9.18156,39.43539],[9.18114,39.43531],[9.18061,39.43498],[9.18011,39.43492],[9.18002,39.43484],[9.17991,39.43434],[9.17973,39.43377],[9.17951,39.43351],[9.17922,39.43295],[9.1793,39.43289],[9.18049,39.43316],[9.1807,39.43311],[9.18079,39.43304],[9.18083,39.43273],[9.181,39.43227],[9.18099,39.43214],[9.18108,39.43202],[9.18112,39.43188],[9.18072,39.43111],[9.18066,39.43082],[9.18067,39.43051],[9.18064,39.43032],[9.1805,39.43012],[9.17996,39.42973],[9.17885,39.42918],[9.17875,39.42908],[9.17887,39.42903],[9.18021,39.42882],[9.18032,39.42878],[9.18035,39.42871],[9.17999,39.42871],[9.17976,39.42867],[9.17875,39.42837],[9.17806,39.42829],[9.17745,39.4283],[9.17672,39.42813],[9.17627,39.42815],[9.17595,39.42799],[9.17527,39.42787],[9.17489,39.42774],[9.17458,39.42759],[9.17406,39.4274],[9.17357,39.42711],[9.17352,39.42704],[9.17331,39.4269],[9.17204,39.42634],[9.17183,39.4262],[9.17118,39.42544],[9.17092,39.42526],[9.16998,39.42483],[9.16931,39.42445],[9.16883,39.42413],[9.16833,39.42399],[9.16777,39.4239],[9.16739,39.4239],[9.16706,39.42395],[9.16672,39.42409],[9.16616,39.42446],[9.16592,39.42458],[9.16571,39.42466],[9.16476,39.42486],[9.16422,39.42512],[9.16351,39.4254],[9.16297,39.42566],[9.16145,39.42675],[9.16131,39.42681],[9.15897,39.42731],[9.15651,39.42745],[9.15584,39.42753],[9.15442,39.42758],[9.15382,39.42757],[9.15325,39.42746],[9.15299,39.42744],[9.15225,39.42756],[9.151,39.4275],[9.1504,39.42759],[9.14966,39.42777],[9.14934,39.42767],[9.14922,39.42759],[9.14921,39.42754],[9.14926,39.42745],[9.14981,39.42724],[9.15109,39.42693]]},"properties":{}},{"type":"Feature","geometry":{"type":"LineString","coordinates":[[9.16139,39.46352],[9.16661,39.46606],[9.1669,39.46626],[9.16732,39.46666],[9.16745,39.46688],[9.16968,39.47118],[9.16998,39.47145],[9.17041,39.47166],[9.17079,39.47191]]},"properties":{}},{"type":"Feature","geometry":{"type":"LineString","coordinates":[[9.17079,39.47191],[9.17104,39.47204]]},"properties":{}},{"type":"Feature","geometry":{"type":"LineString","coordinates":[[9.17104,39.47204],[9.17131,39.47219]]},"properties":{}},{"type":"Feature","geometry":{"type":"LineString","coordinates":[[9.17131,39.47219],[9.17164,39.47249],[9.17175,39.47273],[9.17179,39.47296],[9.17179,39.47319],[9.17171,39.4734]]},"properties":{}},{"type":"Feature","geometry":{"type":"LineString","coordinates":[[9.17171,39.4734],[9.17083,39.47441],[9.17049,39.4751]]},"properties":{}},{"type":"Feature","geometry":{"type":"LineString","coordinates":[[9.17049,39.4751],[9.17028,39.47555]]},"properties":{}},{"type":"Feature","geometry":{"type":"LineString","coordinates":[[9.1483,39.42725],[9.14877,39.42927],[9.14879,39.42959],[9.14875,39.43146],[9.14871,39.43185],[9.1485,39.43231],[9.14814,39.43271],[9.14757,39.43326]]},"properties":{}},{"type":"Feature","geometry":{"type":"LineString","coordinates":[[9.14757,39.43326],[9.14747,39.43335]]},"properties":{}},{"type":"Feature","geometry":{"type":"LineString","coordinates":[[9.14747,39.43335],[9.14722,39.43361],[9.14705,39.43388],[9.14697,39.43406],[9.14691,39.43451],[9.14694,39.43477],[9.14702,39.43502],[9.14745,39.43574]]},"properties":{}},{"type":"Feature","geometry":{"type":"LineString","coordinates":[[9.14745,39.43574],[9.14789,39.43641]]},"properties":{}},{"type":"Feature","geometry":{"type":"LineString","coordinates":[[9.14697,39.43649],[9.14627,39.43596]]},"properties":{}},{"type":"Feature","geometry":{"type":"LineString","coordinates":[[9.14789,39.43641],[9.14795,39.43651]]},"properties":{}},{"type":"Feature","geometry":{"type":"LineString","coordinates":[[9.14795,39.43651],[9.14857,39.43754]]},"properties":{}},{"type":"Feature","geometry":{"type":"LineString","coordinates":[[9.14857,39.43754],[9.14953,39.439],[9.15003,39.43937],[9.15231,39.44089],[9.15273,39.44134],[9.15419,39.44394],[9.15448,39.44427],[9.15536,39.44486],[9.15574,39.44521],[9.15605,39.4456],[9.15609,39.44575],[9.15607,39.44591],[9.15587,39.44661],[9.15589,39.44676],[9.15601,39.44693],[9.1564,39.44721],[9.15654,39.44738],[9.15658,39.44753],[9.15654,39.44811],[9.15645,39.44857],[9.15626,39.44902],[9.15524,39.45092],[9.15498,39.45157],[9.15474,39.45294],[9.15503,39.45468],[9.15515,39.45523],[9.15502,39.45547],[9.15481,39.45568],[9.15427,39.45581],[9.15354,39.45582],[9.15285,39.45599],[9.15256,39.45626],[9.15246,39.45653],[9.15251,39.45708],[9.15293,39.45748],[9.15333,39.45758],[9.15373,39.45759],[9.15434,39.45743],[9.15663,39.4566],[9.15691,39.45637],[9.15737,39.45501],[9.1576,39.45477],[9.15795,39.45461],[9.15832,39.45456],[9.15877,39.45464],[9.15907,39.45483]]},"properties":{}},{"type":"Feature","geometry":{"type":"LineString","coordinates":[[9.15907,39.45483],[9.15923,39.45501],[9.15934,39.4553]]},"properties":{}},{"type":"Feature","geometry":{"type":"LineString","coordinates":[[9.15934,39.4553],[9.15914,39.45802],[9.15908,39.45834],[9.15842,39.45937],[9.15843,39.45967],[9.15868,39.46097],[9.1588,39.4614],[9.15895,39.46177],[9.15926,39.46219],[9.15961,39.46254],[9.16047,39.46307],[9.16139,39.46352]]},"properties":{}},{"type":"Feature","geometry":{"type":"LineString","coordinates":[[9.18577,39.34933],[9.1859,39.34871],[9.18596,39.34823]]},"properties":{}},{"type":"Feature","geometry":{"type":"LineString","coordinates":[[9.18292,39.34902],[9.18273,39.34897]]},"properties":{}},{"type":"Feature","geometry":{"type":"LineString","coordinates":[[9.18788,39.34971],[9.18685,39.34959],[9.18412,39.34895],[9.18399,39.34894]]},"properties":{}},{"type":"Feature","geometry":{"type":"LineString","coordinates":[[9.18445,39.34999],[9.18434,39.34999],[9.18327,39.34923],[9.18292,39.34902],[9.18302,39.34873]]},"properties":{}},{"type":"Feature","geometry":{"type":"LineString","coordinates":[[9.18523,39.35065],[9.18488,39.3503],[9.18478,39.35036]]},"properties":{}},{"type":"Feature","geometry":{"type":"LineString","coordinates":[[9.17028,39.47555],[9.16977,39.47672]]},"properties":{}},{"type":"Feature","geometry":{"type":"LineString","coordinates":[[9.16977,39.47672],[9.1701,39.47706]]},"properties":{}},{"type":"Feature","geometry":{"type":"LineString","coordinates":[[9.1701,39.47706],[9.17033,39.47727]]},"properties":{}},{"type":"Feature","geometry":{"type":"LineString","coordinates":[[9.19934,39.29982],[9.20029,39.2996]]},"properties":{}},{"type":"Feature","geometry":{"type":"LineString","coordinates":[[9.19928,39.29988],[9.19934,39.29982]]},"properties":{}},{"type":"Feature","geometry":{"type":"LineString","coordinates":[[9.20029,39.2996],[9.19989,39.3002]]},"properties":{}},{"type":"Feature","geometry":{"type":"LineString","coordinates":[[9.19989,39.3002],[9.19928,39.29988]]},"properties":{}},{"type":"Feature","geometry":{"type":"LineString","coordinates":[[9.21152,39.29877],[9.21154,39.29871],[9.21164,39.29865],[9.21174,39.29867],[9.2118,39.29875],[9.21177,39.29882],[9.21166,39.29886],[9.21157,39.29884],[9.21152,39.29877]]},"properties":{}},{"type":"Feature","geometry":{"type":"LineString","coordinates":[[9.06771,39.29261],[9.06778,39.29242],[9.06785,39.29237]]},"properties":{}},{"type":"Feature","geometry":{"type":"LineString","coordinates":[[9.06767,39.29288],[9.06765,39.2928],[9.06771,39.29261]]},"properties":{}},{"type":"Feature","geometry":{"type":"LineString","coordinates":[[9.08354,39.38914],[9.08362,39.38907]]},"properties":{}},{"type":"Feature","geometry":{"type":"LineString","coordinates":[[9.0834,39.38925],[9.08354,39.38914]]},"properties":{}},{"type":"Feature","geometry":{"type":"LineString","coordinates":[[9.08284,39.38961],[9.0834,39.38925]]},"properties":{}},{"type":"Feature","geometry":{"type":"LineString","coordinates":[[9.08284,39.38961],[9.08183,39.39011],[9.0813,39.3905],[9.08103,39.39075],[9.0808,39.39128],[9.08063,39.39146],[9.08043,39.39157],[9.07943,39.39175]]},"properties":{}},{"type":"Feature","geometry":{"type":"LineString","coordinates":[[9.07943,39.39175],[9.07931,39.39184],[9.07914,39.39203],[9.0791,39.39209],[9.07904,39.39231],[9.07887,39.39247],[9.07856,39.39271],[9.0777,39.39321]]},"properties":{}},{"type":"Feature","geometry":{"type":"LineString","coordinates":[[9.06585,39.39456],[9.06958,39.39527],[9.07086,39.39548],[9.07221,39.39546],[9.07543,39.3953],[9.07571,39.39524],[9.07578,39.39518],[9.07632,39.39458],[9.0777,39.39321]]},"properties":{}},{"type":"Feature","geometry":{"type":"LineString","coordinates":[[9.08655,39.43918],[9.08761,39.43917]]},"properties":{}},{"type":"Feature","geometry":{"type":"LineString","coordinates":[[9.08056,39.44116],[9.08112,39.44092],[9.08301,39.4409],[9.08417,39.441],[9.0854,39.44092],[9.08594,39.44085],[9.0861,39.4408],[9.08623,39.44069],[9.08627,39.44054],[9.08616,39.43942],[9.08621,39.43929],[9.08634,39.43919],[9.08655,39.43918]]},"properties":{}},{"type":"Feature","geometry":{"type":"LineString","coordinates":[[9.0268,39.41065],[9.02746,39.4109]]},"properties":{}},{"type":"Feature","geometry":{"type":"LineString","coordinates":[[9.01783,39.41914],[9.01878,39.41837],[9.02102,39.4169],[9.02128,39.41668],[9.02152,39.41641],[9.02176,39.41602],[9.02216,39.41487],[9.02234,39.41426],[9.02257,39.41276],[9.02271,39.41246],[9.02299,39.41213],[9.02475,39.41065],[9.02514,39.41042],[9.02545,39.41035],[9.02578,39.41033],[9.02605,39.41039],[9.0268,39.41065]]},"properties":{}},{"type":"Feature","geometry":{"type":"LineString","coordinates":[[9.02873,39.41138],[9.02979,39.41177],[9.03005,39.41194],[9.03025,39.41218],[9.03032,39.41241],[9.03033,39.41261],[9.03021,39.4132],[9.03011,39.41342],[9.02991,39.41374],[9.02968,39.41396],[9.02809,39.41513],[9.02762,39.41553],[9.02708,39.41612],[9.02564,39.41782],[9.02524,39.41837],[9.02439,39.41969],[9.024,39.42035],[9.02392,39.42055],[9.0238,39.42115],[9.02359,39.42167],[9.0226,39.4235],[9.02196,39.42522],[9.02186,39.42562],[9.0218,39.42606],[9.02173,39.42717],[9.02173,39.42735],[9.02185,39.42801],[9.02179,39.42831],[9.02121,39.42946],[9.02079,39.4311],[9.0199,39.43313],[9.01956,39.43378],[9.01934,39.43394],[9.01909,39.43403],[9.01887,39.43406],[9.01858,39.43403],[9.01776,39.43367]]},"properties":{}},{"type":"Feature","geometry":{"type":"LineString","coordinates":[[9.0108,39.43697],[9.01341,39.43502],[9.01368,39.43475],[9.01384,39.43442],[9.01388,39.43424],[9.0138,39.43393],[9.01372,39.43377],[9.0132,39.43307],[9.01304,39.43267],[9.01298,39.43216],[9.01303,39.43183],[9.01315,39.43151],[9.01458,39.42933],[9.01469,39.42905],[9.01473,39.4287],[9.01469,39.42781],[9.01471,39.42737],[9.01509,39.42533],[9.0151,39.42493],[9.01504,39.42388],[9.01514,39.42327],[9.01539,39.42254],[9.01592,39.42121],[9.01616,39.42075],[9.01638,39.42045],[9.01679,39.42001],[9.01783,39.41914]]},"properties":{}},{"type":"Feature","geometry":{"type":"LineString","coordinates":[[9.01776,39.43367],[9.01724,39.43346],[9.01709,39.43344],[9.01677,39.43345],[9.01642,39.43356],[9.01221,39.43671],[9.01143,39.43741],[9.01101,39.43765]]},"properties":{}},{"type":"Feature","geometry":{"type":"LineString","coordinates":[[9.01779,39.43672],[9.01793,39.43681]]},"properties":{}},{"type":"Feature","geometry":{"type":"LineString","coordinates":[[9.00983,39.43801],[9.01032,39.43742],[9.0108,39.43697]]},"properties":{}},{"type":"Feature","geometry":{"type":"LineString","coordinates":[[9.01396,39.4427],[9.01394,39.44281],[9.01398,39.44341],[9.01338,39.44393],[9.0129,39.44426],[9.01197,39.44511],[9.01171,39.44528],[9.01119,39.44548]]},"properties":{}},{"type":"Feature","geometry":{"type":"LineString","coordinates":[[9.0465,39.37666],[9.04625,39.37676]]},"properties":{}},{"type":"Feature","geometry":{"type":"LineString","coordinates":[[9.04054,39.39003],[9.04063,39.38997],[9.04081,39.38994]]},"properties":{}},{"type":"Feature","geometry":{"type":"LineString","coordinates":[[9.04034,39.38999],[9.04054,39.39003]]},"properties":{}},{"type":"Feature","geometry":{"type":"LineString","coordinates":[[9.0405,39.3901],[9.04034,39.38999]]},"properties":{}},{"type":"Feature","geometry":{"type":"LineString","coordinates":[[9.0405,39.3901],[9.04054,39.39003]]},"properties":{}},{"type":"Feature","geometry":{"type":"LineString","coordinates":[[9.04106,39.39021],[9.04101,39.3903]]},"properties":{}},{"type":"Feature","geometry":{"type":"LineString","coordinates":[[9.04106,39.39021],[9.04123,39.39033]]},"properties":{}},{"type":"Feature","geometry":{"type":"LineString","coordinates":[[9.04076,39.39038],[9.04068,39.3904],[9.04054,39.39054]]},"properties":{}},{"type":"Feature","geometry":{"type":"LineString","coordinates":[[9.04493,39.39109],[9.0411,39.39412],[9.04097,39.39413]]},"properties":{}},{"type":"Feature","geometry":{"type":"LineString","coordinates":[[9.03772,39.3952],[9.03755,39.39521],[9.03742,39.39515],[9.03736,39.39504],[9.03739,39.39492],[9.0375,39.39483],[9.03766,39.39482],[9.03779,39.39486],[9.03787,39.39498]]},"properties":{}},{"type":"Feature","geometry":{"type":"LineString","coordinates":[[9.01178,39.44709],[9.01164,39.44677],[9.01157,39.44642],[9.01118,39.44562],[9.01119,39.44553]]},"properties":{}},{"type":"Feature","geometry":{"type":"LineString","coordinates":[[9.01209,39.44802],[9.01178,39.44709]]},"properties":{}},{"type":"Feature","geometry":{"type":"LineString","coordinates":[[9.01193,39.44852],[9.01209,39.44802]]},"properties":{}},{"type":"Feature","geometry":{"type":"LineString","coordinates":[[9.01169,39.44875],[9.01193,39.44852]]},"properties":{}},{"type":"Feature","geometry":{"type":"LineString","coordinates":[[9.01193,39.44852],[9.01192,39.44869],[9.01198,39.44883]]},"properties":{}},{"type":"Feature","geometry":{"type":"LineString","coordinates":[[9.01203,39.44887],[9.01218,39.44894],[9.01236,39.44897]]},"properties":{}},{"type":"Feature","geometry":{"type":"LineString","coordinates":[[9.0111,39.44904],[9.01141,39.44894]]},"properties":{}},{"type":"Feature","geometry":{"type":"LineString","coordinates":[[9.01205,39.44911],[9.01189,39.44924],[9.01167,39.44927],[9.01146,39.44917],[9.0114,39.44907],[9.0114,39.44897],[9.01146,39.44885],[9.01156,39.44878],[9.01169,39.44875],[9.01185,39.44876],[9.01203,39.44887],[9.01207,39.44899],[9.01205,39.44911]]},"properties":{}},{"type":"Feature","geometry":{"type":"LineString","coordinates":[[9.01236,39.44897],[9.01219,39.44903],[9.01203,39.44914]]},"properties":{}},{"type":"Feature","geometry":{"type":"LineString","coordinates":[[9.01144,39.44915],[9.0111,39.44904]]},"properties":{}},{"type":"Feature","geometry":{"type":"LineString","coordinates":[[9.00812,39.44956],[9.00851,39.44901]]},"properties":{}},{"type":"Feature","geometry":{"type":"LineString","coordinates":[[9.00865,39.44933],[9.00892,39.44925]]},"properties":{}},{"type":"Feature","geometry":{"type":"LineString","coordinates":[[9.00812,39.44956],[9.0084,39.44941],[9.00865,39.44933]]},"properties":{}},{"type":"Feature","geometry":{"type":"LineString","coordinates":[[9.008,39.44971],[9.00812,39.44956]]},"properties":{}},{"type":"Feature","geometry":{"type":"LineString","coordinates":[[9.008,39.44971],[9.00761,39.45024]]},"properties":{}},{"type":"Feature","geometry":{"type":"LineString","coordinates":[[9.0072,39.44998],[9.00723,39.45013],[9.0073,39.45023],[9.00742,39.45026],[9.00761,39.45024]]},"properties":{}},{"type":"Feature","geometry":{"type":"LineString","coordinates":[[9.00709,39.45039],[9.00705,39.45051]]},"properties":{}},{"type":"Feature","geometry":{"type":"LineString","coordinates":[[9.00761,39.45024],[9.0074,39.45053],[9.00695,39.45077]]},"properties":{}},{"type":"Feature","geometry":{"type":"LineString","coordinates":[[9.01055,39.4524],[9.01156,39.44946]]},"properties":{}},{"type":"Feature","geometry":{"type":"LineString","coordinates":[[9.00392,39.46157],[9.00552,39.46073],[9.00576,39.46055],[9.0059,39.46038],[9.00658,39.45942],[9.00707,39.45903],[9.0073,39.4589],[9.0081,39.4586],[9.00823,39.45849],[9.00826,39.4584],[9.00824,39.45779],[9.00837,39.45713],[9.00855,39.45673],[9.00898,39.4561],[9.00919,39.4554],[9.00932,39.45512],[9.01005,39.45394],[9.01019,39.45366],[9.01027,39.45327],[9.01055,39.4524]]},"properties":{}},{"type":"Feature","geometry":{"type":"LineString","coordinates":[[9.00161,39.45971],[9.00168,39.45962],[9.00178,39.4596],[9.0021,39.45967]]},"properties":{}},{"type":"Feature","geometry":{"type":"LineString","coordinates":[[9.00069,39.4597],[9.0,39.46064]]},"properties":{}},{"type":"Feature","geometry":{"type":"LineString","coordinates":[[9.00132,39.46168],[9.00133,39.46151],[9.00115,39.4611],[9.00091,39.46086],[9.00074,39.46074]]},"properties":{}},{"type":"Feature","geometry":{"type":"LineString","coordinates":[[9.0,39.46163],[9.00021,39.4611],[9.00027,39.461],[9.00074,39.46074],[9.00099,39.46053],[9.00161,39.45971]]},"properties":{}},{"type":"Feature","geometry":{"type":"LineString","coordinates":[[9.0,39.46045],[9.00057,39.45966]]},"properties":{}},{"type":"Feature","geometry":{"type":"LineString","coordinates":[[9.00256,39.46197],[9.00316,39.46182],[9.00392,39.46157]]},"properties":{}},{"type":"Feature","geometry":{"type":"LineString","coordinates":[[9.00049,39.46248],[9.00066,39.46239],[9.00097,39.46199],[9.00132,39.46168]]},"properties":{}},{"type":"Feature","geometry":{"type":"LineString","coordinates":[[9.00066,39.46239],[9.00111,39.4624],[9.00142,39.46232],[9.00209,39.46206],[9.00256,39.46197]]},"properties":{}},{"type":"Feature","geometry":{"type":"LineString","coordinates":[[9.0,39.46215],[9.00049,39.46248]]},"properties":{}},{"type":"Feature","geometry":{"type":"LineString","coordinates":[[9.03787,39.39498],[9.03784,39.39511],[9.03772,39.3952]]},"properties":{}},{"type":"Feature","geometry":{"type":"LineString","coordinates":[[9.03763,39.39521],[9.0374,39.39537]]},"properties":{}},{"type":"Feature","geometry":{"type":"LineString","coordinates":[[9.04095,39.39699],[9.04082,39.39682]]},"properties":{}},{"type":"Feature","geometry":{"type":"LineString","coordinates":[[9.04128,39.39696],[9.0414,39.39714]]},"properties":{}},{"type":"Feature","geometry":{"type":"LineString","coordinates":[[9.0414,39.39714],[9.04114,39.3971]]},"properties":{}},{"type":"Feature","geometry":{"type":"LineString","coordinates":[[9.04082,39.39721],[9.04102,39.39708]]},"properties":{}},{"type":"Feature","geometry":{"type":"LineString","coordinates":[[9.04387,39.48268],[9.0431,39.48206],[9.0422,39.48124],[9.04202,39.4811],[9.0418,39.481],[9.0414,39.48096],[9.04044,39.48117],[9.04008,39.48128],[9.04005,39.48123]]},"properties":{}},{"type":"Feature","geometry":{"type":"LineString","coordinates":[[9.0996,39.47421],[9.09935,39.47372],[9.09925,39.47339],[9.09871,39.47251],[9.09861,39.47242],[9.09807,39.47233]]},"properties":{}},{"type":"Feature","geometry":{"type":"LineString","coordinates":[[9.09786,39.47619],[9.0985,39.47611],[9.09963,39.47611],[9.10001,39.47597]]},"properties":{}},{"type":"Feature","geometry":{"type":"LineString","coordinates":[[9.09903,39.48553],[9.09924,39.48558],[9.09943,39.48558]]},"properties":{}},{"type":"Feature","geometry":{"type":"LineString","coordinates":[[9.09943,39.48558],[9.09955,39.48556]]},"properties":{}},{"type":"Feature","geometry":{"type":"LineString","coordinates":[[9.09955,39.48556],[9.09951,39.48571]]},"properties":{}},{"type":"Feature","geometry":{"type":"LineString","coordinates":[[9.09931,39.48574],[9.09943,39.48558]]},"properties":{}},{"type":"Feature","geometry":{"type":"LineString","coordinates":[[9.09951,39.48571],[9.0994,39.48575],[9.09931,39.48574]]},"properties":{}},{"type":"Feature","geometry":{"type":"LineString","coordinates":[[9.09951,39.48571],[9.0995,39.48582],[9.09954,39.48595]]},"properties":{}}]}