{"type":"FeatureCollection","features":[{"type":"Feature","geometry":{"type":"LineString","coordinates":[[9.03684,45.75127],[9.0358,45.75095],[9.03566,45.75086],[9.03561,45.75079],[9.0356,45.75073],[9.03565,45.75058],[9.03573,45.75047],[9.03581,45.75044],[9.03616,45.75047],[9.03662,45.75046],[9.03726,45.75018],[9.03745,45.75]]},"properties":{}},{"type":"Feature","geometry":{"type":"LineString","coordinates":[[9.05057,45.75419],[9.05043,45.75203],[9.05034,45.75]]},"properties":{}},{"type":"Feature","geometry":{"type":"LineString","coordinates":[[9.0052,45.75119],[9.00473,45.75103],[9.0046,45.75095],[9.00439,45.75076]]},"properties":{}},{"type":"Feature","geometry":{"type":"LineString","coordinates":[[9.01313,45.75156],[9.01316,45.7514]]},"properties":{}},{"type":"Feature","geometry":{"type":"LineString","coordinates":[[9.01313,45.75156],[9.01295,45.75187],[9.0125,45.75296],[9.01239,45.75306],[9.01225,45.75313],[9.01202,45.75318],[9.01178,45.75314]]},"properties":{}},{"type":"Feature","geometry":{"type":"LineString","coordinates":[[9.01145,45.75307],[9.01107,45.7529],[9.00949,45.75184]]},"properties":{}},{"type":"Feature","geometry":{"type":"LineString","coordinates":[[9.01178,45.75314],[9.01145,45.75307]]},"properties":{}},{"type":"Feature","geometry":{"type":"LineString","coordinates":[[9.01509,45.7663],[9.01718,45.76617],[9.01805,45.76615],[9.02376,45.76633],[9.02387,45.76637],[9.02395,45.76633]]},"properties":{}},{"type":"Feature","geometry":{"type":"LineString","coordinates":[[9.07235,45.75404],[9.07234,45.75409],[9.07225,45.75407],[9.07228,45.75403],[9.07235,45.75404]]},"properties":{}},{"type":"Feature","geometry":{"type":"LineString","coordinates":[[9.07204,45.76756],[9.07229,45.76746],[9.07378,45.76663],[9.07385,45.76649],[9.07386,45.76639]]},"properties":{}},{"type":"Feature","geometry":{"type":"LineString","coordinates":[[9.08083,45.77701],[9.08064,45.77706],[9.08016,45.777],[9.07998,45.77702],[9.07985,45.77707],[9.07911,45.77752],[9.07884,45.7776],[9.07787,45.77761],[9.07581,45.77778],[9.07563,45.77783]]},"properties":{}},{"type":"Feature","geometry":{"type":"LineString","coordinates":[[9.09842,45.77883],[9.09876,45.77881]]},"properties":{}},{"type":"Feature","geometry":{"type":"LineString","coordinates":[[9.09609,45.77894],[9.09842,45.77883]]},"properties":{}},{"type":"Feature","geometry":{"type":"LineString","coordinates":[[9.09493,45.779],[9.09609,45.77894]]},"properties":{}},{"type":"Feature","geometry":{"type":"LineString","coordinates":[[9.0937,45.77918],[9.09391,45.77911],[9.09424,45.77905],[9.09493,45.779]]},"properties":{}},{"type":"Feature","geometry":{"type":"LineString","coordinates":[[9.0937,45.77918],[9.09347,45.77932]]},"properties":{}},{"type":"Feature","geometry":{"type":"LineString","coordinates":[[9.06496,45.76564],[9.06493,45.76514],[9.06509,45.7645],[9.06434,45.76231],[9.06429,45.76226],[9.06423,45.76226]]},"properties":{}},{"type":"Feature","geometry":{"type":"LineString","coordinates":[[9.02923,45.76719],[9.02896,45.76701],[9.02826,45.76668],[9.02746,45.76646],[9.02684,45.76638]]},"properties":{}},{"type":"Feature","geometry":{"type":"LineString","coordinates":[[9.02942,45.76733],[9.02923,45.76719]]},"properties":{}},{"type":"Feature","geometry":{"type":"LineString","coordinates":[[9.02559,45.76636],[9.02709,45.76644],[9.02779,45.76658],[9.02824,45.76672],[9.02859,45.76686],[9.02896,45.76704],[9.02954,45.76746],[9.02987,45.76788],[9.03012,45.76836]]},"properties":{}},{"type":"Feature","geometry":{"type":"LineString","coordinates":[[9.03019,45.76838],[9.02992,45.76788],[9.02961,45.7675],[9.02942,45.76733]]},"properties":{}},{"type":"Feature","geometry":{"type":"LineString","coordinates":[[9.03035,45.76853],[9.03019,45.76838]]},"properties":{}},{"type":"Feature","geometry":{"type":"LineString","coordinates":[[9.03012,45.76836],[9.03021,45.76857]]},"properties":{}},{"type":"Feature","geometry":{"type":"LineString","coordinates":[[9.03041,45.76863],[9.03035,45.76853]]},"properties":{}},{"type":"Feature","geometry":{"type":"LineString","coordinates":[[9.0307,45.76968],[9.03033,45.7687],[9.03041,45.76863]]},"properties":{}},{"type":"Feature","geometry":{"type":"LineString","coordinates":[[9.03079,45.7697],[9.0307,45.76968]]},"properties":{}},{"type":"Feature","geometry":{"type":"LineString","coordinates":[[9.02552,45.76634],[9.02395,45.76633]]},"properties":{}},{"type":"Feature","geometry":{"type":"LineString","coordinates":[[9.02567,45.76635],[9.02552,45.76634]]},"properties":{}},{"type":"Feature","geometry":{"type":"LineString","coordinates":[[9.02595,45.76635],[9.02567,45.76635]]},"properties":{}},{"type":"Feature","geometry":{"type":"LineString","coordinates":[[9.024,45.76634],[9.02559,45.76636]]},"properties":{}},{"type":"Feature","geometry":{"type":"LineString","coordinates":[[9.02614,45.76636],[9.02595,45.76635]]},"properties":{}},{"type":"Feature","geometry":{"type":"LineString","coordinates":[[9.02669,45.76637],[9.02614,45.76636]]},"properties":{}},{"type":"Feature","geometry":{"type":"LineString","coordinates":[[9.02684,45.76638],[9.02669,45.76637]]},"properties":{}},{"type":"Feature","geometry":{"type":"LineString","coordinates":[[9.01667,45.77595],[9.01755,45.77563],[9.01818,45.77546],[9.01832,45.7755],[9.01857,45.77591],[9.01922,45.77656]]},"properties":{}},{"type":"Feature","geometry":{"type":"LineString","coordinates":[[9.00714,45.78125],[9.00751,45.78127],[9.00742,45.78082],[9.00816,45.78093],[9.00865,45.78083],[9.0085,45.78038],[9.00854,45.78025],[9.00896,45.78011],[9.00912,45.78015],[9.00922,45.78027],[9.00913,45.78048],[9.00933,45.78076],[9.00934,45.78106],[9.00978,45.78171],[9.00966,45.78183]]},"properties":{}},{"type":"Feature","geometry":{"type":"LineString","coordinates":[[9.03085,45.76971],[9.03079,45.7697]]},"properties":{}},{"type":"Feature","geometry":{"type":"LineString","coordinates":[[9.03136,45.77135],[9.03086,45.76998],[9.03083,45.76985],[9.03085,45.76971]]},"properties":{}},{"type":"Feature","geometry":{"type":"LineString","coordinates":[[9.03733,45.77173],[9.03736,45.77198],[9.03775,45.77297],[9.0379,45.77324],[9.03807,45.77344],[9.03832,45.77365],[9.03859,45.7738],[9.03919,45.77403],[9.03981,45.77412],[9.04024,45.77411],[9.04163,45.77396],[9.04222,45.77403],[9.04257,45.77415],[9.04355,45.77478],[9.04442,45.77516]]},"properties":{}},{"type":"Feature","geometry":{"type":"LineString","coordinates":[[9.03725,45.77774],[9.03658,45.77748],[9.03487,45.77657],[9.03454,45.77635],[9.03368,45.77588],[9.0333,45.77558],[9.03307,45.77529],[9.03282,45.77485],[9.032,45.77277],[9.03136,45.77135]]},"properties":{}},{"type":"Feature","geometry":{"type":"LineString","coordinates":[[9.06603,45.77781],[9.066,45.77772],[9.06593,45.77761],[9.06594,45.77758]]},"properties":{}},{"type":"Feature","geometry":{"type":"LineString","coordinates":[[9.03765,45.77789],[9.03725,45.77774]]},"properties":{}},{"type":"Feature","geometry":{"type":"LineString","coordinates":[[9.03765,45.77789],[9.03972,45.7785]]},"properties":{}},{"type":"Feature","geometry":{"type":"LineString","coordinates":[[9.04005,45.77861],[9.03984,45.77854]]},"properties":{}},{"type":"Feature","geometry":{"type":"LineString","coordinates":[[9.04255,45.77939],[9.04258,45.77935],[9.04384,45.77974]]},"properties":{}},{"type":"Feature","geometry":{"type":"LineString","coordinates":[[9.04251,45.77938],[9.04456,45.78001]]},"properties":{}},{"type":"Feature","geometry":{"type":"LineString","coordinates":[[9.04384,45.77974],[9.04399,45.77979]]},"properties":{}},{"type":"Feature","geometry":{"type":"LineString","coordinates":[[9.04399,45.77979],[9.04435,45.7799]]},"properties":{}},{"type":"Feature","geometry":{"type":"LineString","coordinates":[[9.04435,45.7799],[9.0445,45.77995]]},"properties":{}},{"type":"Feature","geometry":{"type":"LineString","coordinates":[[9.0445,45.77995],[9.04457,45.77998]]},"properties":{}},{"type":"Feature","geometry":{"type":"LineString","coordinates":[[9.04457,45.77998],[9.04478,45.78005]]},"properties":{}},{"type":"Feature","geometry":{"type":"LineString","coordinates":[[9.04456,45.78001],[9.04476,45.78007]]},"properties":{}},{"type":"Feature","geometry":{"type":"LineString","coordinates":[[9.04478,45.78005],[9.04507,45.78007],[9.04543,45.78017],[9.04563,45.78017]]},"properties":{}},{"type":"Feature","geometry":{"type":"LineString","coordinates":[[9.04563,45.78017],[9.04575,45.78018]]},"properties":{}},{"type":"Feature","geometry":{"type":"LineString","coordinates":[[9.04563,45.78017],[9.04567,45.78021]]},"properties":{}},{"type":"Feature","geometry":{"type":"LineString","coordinates":[[9.04597,45.78021],[9.04605,45.78026]]},"properties":{}},{"type":"Feature","geometry":{"type":"LineString","coordinates":[[9.09331,45.77931],[9.09316,45.77922]]},"properties":{}},{"type":"Feature","geometry":{"type":"LineString","coordinates":[[9.0933,45.77939],[9.09316,45.77922]]},"properties":{}},{"type":"Feature","geometry":{"type":"LineString","coordinates":[[9.09347,45.77932],[9.09331,45.77946]]},"properties":{}},{"type":"Feature","geometry":{"type":"LineString","coordinates":[[9.09331,45.77946],[9.0933,45.77939]]},"properties":{}},{"type":"Feature","geometry":{"type":"LineString","coordinates":[[9.09265,45.77999],[9.09331,45.77946]]},"properties":{}},{"type":"Feature","geometry":{"type":"LineString","coordinates":[[9.09331,45.77946],[9.09329,45.78024],[9.0932,45.78041]]},"properties":{}},{"type":"Feature","geometry":{"type":"LineString","coordinates":[[9.0927,45.78007],[9.09252,45.78009]]},"properties":{}},{"type":"Feature","geometry":{"type":"LineString","coordinates":[[9.0932,45.78041],[9.09313,45.78025],[9.09268,45.78007],[9.09265,45.77999]]},"properties":{}},{"type":"Feature","geometry":{"type":"LineString","coordinates":[[9.08581,45.78515],[9.09019,45.78182],[9.09265,45.77999]]},"properties":{}},{"type":"Feature","geometry":{"type":"LineString","coordinates":[[9.08094,45.78376],[9.0806,45.78379],[9.0805,45.78377],[9.08041,45.78371],[9.08038,45.78361],[9.08013,45.78343],[9.08009,45.78333],[9.08008,45.78313],[9.08019,45.7828],[9.08017,45.7827],[9.08024,45.78249],[9.08023,45.78241],[9.08021,45.78235],[9.07993,45.78203]]},"properties":{}},{"type":"Feature","geometry":{"type":"LineString","coordinates":[[9.04567,45.78021],[9.04597,45.78028]]},"properties":{}},{"type":"Feature","geometry":{"type":"LineString","coordinates":[[9.04597,45.78028],[9.04605,45.78026]]},"properties":{}},{"type":"Feature","geometry":{"type":"LineString","coordinates":[[9.04605,45.78026],[9.04619,45.78034],[9.04662,45.78041]]},"properties":{}},{"type":"Feature","geometry":{"type":"LineString","coordinates":[[9.04476,45.78007],[9.04568,45.78034],[9.04632,45.78046],[9.04846,45.7807]]},"properties":{}},{"type":"Feature","geometry":{"type":"LineString","coordinates":[[9.04662,45.78041],[9.04677,45.78044]]},"properties":{}},{"type":"Feature","geometry":{"type":"LineString","coordinates":[[9.04677,45.78044],[9.04721,45.78053]]},"properties":{}},{"type":"Feature","geometry":{"type":"LineString","coordinates":[[9.04721,45.78053],[9.04736,45.78054]]},"properties":{}},{"type":"Feature","geometry":{"type":"LineString","coordinates":[[9.04736,45.78054],[9.04846,45.78065],[9.04846,45.7807]]},"properties":{}},{"type":"Feature","geometry":{"type":"LineString","coordinates":[[9.05721,45.784],[9.05767,45.78396],[9.05818,45.7838],[9.05847,45.78358],[9.05895,45.78333],[9.0591,45.78304],[9.05927,45.78308],[9.05924,45.78317],[9.0594,45.78348],[9.05964,45.78369],[9.05987,45.78381],[9.05987,45.78388]]},"properties":{}},{"type":"Feature","geometry":{"type":"LineString","coordinates":[[9.05987,45.78388],[9.05983,45.78394],[9.06039,45.78397],[9.06041,45.78457],[9.06058,45.78514],[9.06081,45.7856],[9.06079,45.78579]]},"properties":{}},{"type":"Feature","geometry":{"type":"LineString","coordinates":[[9.08014,45.78195],[9.08093,45.78309],[9.08124,45.78345],[9.08194,45.78398],[9.0827,45.78447],[9.08279,45.7845]]},"properties":{}},{"type":"Feature","geometry":{"type":"LineString","coordinates":[[9.08105,45.7832],[9.08103,45.78325],[9.08118,45.78354],[9.08129,45.78361]]},"properties":{}},{"type":"Feature","geometry":{"type":"LineString","coordinates":[[9.08129,45.78361],[9.0812,45.78369],[9.08116,45.78367],[9.08106,45.78373],[9.08108,45.78378],[9.08103,45.7838],[9.08094,45.78376]]},"properties":{}},{"type":"Feature","geometry":{"type":"LineString","coordinates":[[9.08552,45.78524],[9.08581,45.78515]]},"properties":{}},{"type":"Feature","geometry":{"type":"LineString","coordinates":[[9.08581,45.78515],[9.08553,45.78534]]},"properties":{}},{"type":"Feature","geometry":{"type":"LineString","coordinates":[[9.08529,45.78536],[9.08526,45.7853],[9.08531,45.78522],[9.08541,45.7852],[9.08552,45.78524]]},"properties":{}},{"type":"Feature","geometry":{"type":"LineString","coordinates":[[9.08553,45.78534],[9.08548,45.78538]]},"properties":{}},{"type":"Feature","geometry":{"type":"LineString","coordinates":[[9.0851,45.78568],[9.08529,45.78536]]},"properties":{}},{"type":"Feature","geometry":{"type":"LineString","coordinates":[[9.08548,45.78538],[9.0851,45.78568]]},"properties":{}},{"type":"Feature","geometry":{"type":"LineString","coordinates":[[9.08427,45.78632],[9.08477,45.78593]]},"properties":{}},{"type":"Feature","geometry":{"type":"LineString","coordinates":[[9.08402,45.78652],[9.08427,45.78632]]},"properties":{}},{"type":"Feature","geometry":{"type":"LineString","coordinates":[[9.08385,45.78666],[9.08402,45.78652]]},"properties":{}},{"type":"Feature","geometry":{"type":"LineString","coordinates":[[9.08402,45.78652],[9.08407,45.78671]]},"properties":{}},{"type":"Feature","geometry":{"type":"LineString","coordinates":[[9.08377,45.78731],[9.08373,45.78708]]},"properties":{}},{"type":"Feature","geometry":{"type":"LineString","coordinates":[[9.08378,45.78734],[9.08377,45.78731]]},"properties":{}},{"type":"Feature","geometry":{"type":"LineString","coordinates":[[9.09264,45.78725],[9.09218,45.78748],[9.09252,45.78775],[9.09217,45.78796],[9.0924,45.78813]]},"properties":{}},{"type":"Feature","geometry":{"type":"LineString","coordinates":[[9.09182,45.78858],[9.09172,45.78848],[9.09174,45.78842],[9.09179,45.78837],[9.09196,45.78835],[9.09203,45.78839],[9.09207,45.78846]]},"properties":{}},{"type":"Feature","geometry":{"type":"LineString","coordinates":[[9.09143,45.78848],[9.09172,45.78845]]},"properties":{}},{"type":"Feature","geometry":{"type":"LineString","coordinates":[[9.09098,45.78849],[9.09143,45.78848]]},"properties":{}},{"type":"Feature","geometry":{"type":"LineString","coordinates":[[9.09174,45.78853],[9.09143,45.78848]]},"properties":{}},{"type":"Feature","geometry":{"type":"LineString","coordinates":[[9.08869,45.78966],[9.08943,45.7898]]},"properties":{}},{"type":"Feature","geometry":{"type":"LineString","coordinates":[[9.08577,45.79001],[9.08758,45.78968]]},"properties":{}},{"type":"Feature","geometry":{"type":"LineString","coordinates":[[9.08994,45.78999],[9.08901,45.78979],[9.08848,45.78972]]},"properties":{}},{"type":"Feature","geometry":{"type":"LineString","coordinates":[[9.08994,45.78999],[9.08952,45.78987],[9.08943,45.7898]]},"properties":{}},{"type":"Feature","geometry":{"type":"LineString","coordinates":[[9.08943,45.7898],[9.08994,45.78999]]},"properties":{}},{"type":"Feature","geometry":{"type":"LineString","coordinates":[[9.08994,45.78999],[9.09027,45.79014]]},"properties":{}},{"type":"Feature","geometry":{"type":"LineString","coordinates":[[9.08517,45.79013],[9.08577,45.79001]]},"properties":{}},{"type":"Feature","geometry":{"type":"LineString","coordinates":[[9.08448,45.79022],[9.08456,45.79015]]},"properties":{}},{"type":"Feature","geometry":{"type":"LineString","coordinates":[[9.0846,45.79024],[9.08517,45.79013]]},"properties":{}},{"type":"Feature","geometry":{"type":"LineString","coordinates":[[9.08456,45.79015],[9.08459,45.79024]]},"properties":{}},{"type":"Feature","geometry":{"type":"LineString","coordinates":[[9.08448,45.79022],[9.08459,45.79024]]},"properties":{}},{"type":"Feature","geometry":{"type":"LineString","coordinates":[[9.08435,45.79024],[9.08448,45.79022]]},"properties":{}},{"type":"Feature","geometry":{"type":"LineString","coordinates":[[9.08459,45.79024],[9.0846,45.79024]]},"properties":{}},{"type":"Feature","geometry":{"type":"LineString","coordinates":[[9.0843,45.79026],[9.08435,45.79024]]},"properties":{}},{"type":"Feature","geometry":{"type":"LineString","coordinates":[[9.08429,45.79028],[9.0843,45.79026]]},"properties":{}},{"type":"Feature","geometry":{"type":"LineString","coordinates":[[9.08426,45.7903],[9.08429,45.79028]]},"properties":{}},{"type":"Feature","geometry":{"type":"LineString","coordinates":[[9.08517,45.79013],[9.08486,45.7903],[9.08469,45.79048]]},"properties":{}},{"type":"Feature","geometry":{"type":"LineString","coordinates":[[9.0846,45.79024],[9.0847,45.79031],[9.08472,45.79037],[9.08469,45.79048]]},"properties":{}},{"type":"Feature","geometry":{"type":"LineString","coordinates":[[9.09027,45.79014],[9.09076,45.79045],[9.09091,45.79058],[9.09114,45.79088]]},"properties":{}},{"type":"Feature","geometry":{"type":"LineString","coordinates":[[9.08469,45.79048],[9.08453,45.79056]]},"properties":{}},{"type":"Feature","geometry":{"type":"LineString","coordinates":[[9.09409,45.78967],[9.09484,45.79011],[9.09541,45.79038],[9.09662,45.79053],[9.09687,45.79069],[9.09704,45.79116],[9.09721,45.79146]]},"properties":{}},{"type":"Feature","geometry":{"type":"LineString","coordinates":[[9.08453,45.79056],[9.0844,45.7906]]},"properties":{}},{"type":"Feature","geometry":{"type":"LineString","coordinates":[[9.0804,45.79103],[9.08053,45.79094],[9.08077,45.79053]]},"properties":{}},{"type":"Feature","geometry":{"type":"LineString","coordinates":[[9.0844,45.7906],[9.08382,45.79079],[9.08365,45.79081],[9.08102,45.79098]]},"properties":{}},{"type":"Feature","geometry":{"type":"LineString","coordinates":[[9.08102,45.79098],[9.0804,45.79103]]},"properties":{}},{"type":"Feature","geometry":{"type":"LineString","coordinates":[[9.0744,45.79129],[9.07477,45.79136]]},"properties":{}},{"type":"Feature","geometry":{"type":"LineString","coordinates":[[9.07613,45.7913],[9.07477,45.79136]]},"properties":{}},{"type":"Feature","geometry":{"type":"LineString","coordinates":[[9.07374,45.79136],[9.07424,45.7913]]},"properties":{}},{"type":"Feature","geometry":{"type":"LineString","coordinates":[[9.07477,45.79136],[9.0744,45.79136]]},"properties":{}},{"type":"Feature","geometry":{"type":"LineString","coordinates":[[9.07426,45.79136],[9.07374,45.79136]]},"properties":{}},{"type":"Feature","geometry":{"type":"LineString","coordinates":[[9.07374,45.79136],[9.07304,45.79138],[9.07186,45.79156]]},"properties":{}},{"type":"Feature","geometry":{"type":"LineString","coordinates":[[9.09721,45.79146],[9.09746,45.79168],[9.09777,45.79181],[9.09827,45.79193]]},"properties":{}},{"type":"Feature","geometry":{"type":"LineString","coordinates":[[9.09811,45.79418],[9.09821,45.79406],[9.09823,45.79394],[9.09795,45.79325],[9.09745,45.79214],[9.09693,45.79165],[9.09665,45.79122],[9.09659,45.79105],[9.09641,45.79089],[9.09576,45.79068],[9.09412,45.7899],[9.09407,45.78978],[9.09409,45.78967]]},"properties":{}},{"type":"Feature","geometry":{"type":"LineString","coordinates":[[9.09827,45.79193],[9.09847,45.79203],[9.09859,45.79222],[9.09871,45.79234],[9.09892,45.79244],[9.09924,45.79248]]},"properties":{}},{"type":"Feature","geometry":{"type":"LineString","coordinates":[[9.09114,45.79088],[9.09276,45.79383]]},"properties":{}},{"type":"Feature","geometry":{"type":"LineString","coordinates":[[9.09285,45.79397],[9.09276,45.79383]]},"properties":{}},{"type":"Feature","geometry":{"type":"LineString","coordinates":[[9.09285,45.79397],[9.09293,45.79418],[9.09291,45.79449],[9.09279,45.79471],[9.09261,45.79488]]},"properties":{}},{"type":"Feature","geometry":{"type":"LineString","coordinates":[[9.09261,45.79488],[9.091,45.79587]]},"properties":{}},{"type":"Feature","geometry":{"type":"LineString","coordinates":[[9.091,45.79587],[9.08807,45.79771]]},"properties":{}},{"type":"Feature","geometry":{"type":"LineString","coordinates":[[9.08807,45.79771],[9.08714,45.79831]]},"properties":{}},{"type":"Feature","geometry":{"type":"LineString","coordinates":[[9.00217,45.78279],[9.00208,45.7832],[9.00214,45.7833],[9.00241,45.78353],[9.0025,45.78381],[9.00232,45.78407],[9.00219,45.78419],[9.00185,45.78439],[9.00195,45.78451]]},"properties":{}},{"type":"Feature","geometry":{"type":"LineString","coordinates":[[9.01215,45.80239],[9.01248,45.8022],[9.01307,45.80178],[9.01315,45.8017],[9.01326,45.8015],[9.01348,45.80129],[9.01363,45.80125],[9.01394,45.80127],[9.01399,45.80125],[9.01412,45.80101]]},"properties":{}},{"type":"Feature","geometry":{"type":"LineString","coordinates":[[9.01194,45.80324],[9.01213,45.80316],[9.0126,45.80322],[9.01274,45.80321],[9.01281,45.80318],[9.01285,45.80311]]},"properties":{}},{"type":"Feature","geometry":{"type":"LineString","coordinates":[[9.05651,45.78805],[9.05705,45.78804],[9.05796,45.78808],[9.05834,45.78805],[9.05884,45.78791],[9.05938,45.78762]]},"properties":{}},{"type":"Feature","geometry":{"type":"LineString","coordinates":[[9.03473,45.79035],[9.03454,45.79038],[9.03445,45.79044],[9.03369,45.79118],[9.0333,45.79142]]},"properties":{}},{"type":"Feature","geometry":{"type":"LineString","coordinates":[[9.0333,45.79142],[9.03322,45.79145]]},"properties":{}},{"type":"Feature","geometry":{"type":"LineString","coordinates":[[9.03322,45.79145],[9.03264,45.79175],[9.03192,45.79218],[9.0298,45.79311]]},"properties":{}},{"type":"Feature","geometry":{"type":"LineString","coordinates":[[9.0326,45.80627],[9.03282,45.80612]]},"properties":{}},{"type":"Feature","geometry":{"type":"LineString","coordinates":[[9.03288,45.80621],[9.0326,45.80627]]},"properties":{}},{"type":"Feature","geometry":{"type":"LineString","coordinates":[[9.05351,45.80646],[9.05353,45.80639],[9.05364,45.8064]]},"properties":{}},{"type":"Feature","geometry":{"type":"LineString","coordinates":[[9.05364,45.8064],[9.05366,45.80646]]},"properties":{}},{"type":"Feature","geometry":{"type":"LineString","coordinates":[[9.05352,45.80647],[9.05351,45.80646]]},"properties":{}},{"type":"Feature","geometry":{"type":"LineString","coordinates":[[9.05366,45.80646],[9.0536,45.80649],[9.05352,45.80647]]},"properties":{}},{"type":"Feature","geometry":{"type":"LineString","coordinates":[[9.08714,45.79831],[9.08688,45.79859],[9.08675,45.79884]]},"properties":{}},{"type":"Feature","geometry":{"type":"LineString","coordinates":[[9.08662,45.79887],[9.08668,45.79884],[9.08675,45.79884]]},"properties":{}},{"type":"Feature","geometry":{"type":"LineString","coordinates":[[9.08662,45.79893],[9.08662,45.79887]]},"properties":{}},{"type":"Feature","geometry":{"type":"LineString","coordinates":[[9.08675,45.79884],[9.08679,45.79891],[9.08673,45.79896]]},"properties":{}},{"type":"Feature","geometry":{"type":"LineString","coordinates":[[9.08621,45.79896],[9.08641,45.79888],[9.08662,45.79887]]},"properties":{}},{"type":"Feature","geometry":{"type":"LineString","coordinates":[[9.08673,45.79896],[9.08662,45.79893]]},"properties":{}},{"type":"Feature","geometry":{"type":"LineString","coordinates":[[9.08609,45.79911],[9.08611,45.79907]]},"properties":{}},{"type":"Feature","geometry":{"type":"LineString","coordinates":[[9.08474,45.80187],[9.08498,45.80166],[9.08546,45.80101],[9.08567,45.80006],[9.08609,45.79911]]},"properties":{}},{"type":"Feature","geometry":{"type":"LineString","coordinates":[[9.08676,45.79895],[9.08656,45.79999],[9.08643,45.80093],[9.08638,45.80209]]},"properties":{}},{"type":"Feature","geometry":{"type":"LineString","coordinates":[[9.08887,45.80124],[9.08899,45.80117],[9.08919,45.80118]]},"properties":{}},{"type":"Feature","geometry":{"type":"LineString","coordinates":[[9.08919,45.80118],[9.08958,45.80118],[9.09042,45.80144]]},"properties":{}},{"type":"Feature","geometry":{"type":"LineString","coordinates":[[9.09033,45.80161],[9.08994,45.8015],[9.08926,45.80139]]},"properties":{}},{"type":"Feature","geometry":{"type":"LineString","coordinates":[[9.08663,45.80219],[9.08698,45.80209],[9.08856,45.80132],[9.08887,45.80124]]},"properties":{}},{"type":"Feature","geometry":{"type":"LineString","coordinates":[[9.08899,45.80145],[9.08746,45.8021],[9.08697,45.80219],[9.08663,45.80219]]},"properties":{}},{"type":"Feature","geometry":{"type":"LineString","coordinates":[[9.09158,45.80214],[9.09033,45.80161]]},"properties":{}},{"type":"Feature","geometry":{"type":"LineString","coordinates":[[9.08435,45.80218],[9.08474,45.80187]]},"properties":{}},{"type":"Feature","geometry":{"type":"LineString","coordinates":[[9.08435,45.80218],[9.08475,45.80203]]},"properties":{}},{"type":"Feature","geometry":{"type":"LineString","coordinates":[[9.08475,45.80203],[9.08446,45.80223]]},"properties":{}},{"type":"Feature","geometry":{"type":"LineString","coordinates":[[9.08638,45.80209],[9.08637,45.80218]]},"properties":{}},{"type":"Feature","geometry":{"type":"LineString","coordinates":[[9.08637,45.80218],[9.08494,45.80214]]},"properties":{}},{"type":"Feature","geometry":{"type":"LineString","coordinates":[[9.00645,45.80083],[9.00673,45.801],[9.00691,45.80107],[9.00843,45.80099],[9.009,45.80106],[9.00926,45.80115],[9.01051,45.80186],[9.0105,45.80192],[9.01047,45.80194],[9.01019,45.80188],[9.01006,45.80188],[9.00958,45.80212],[9.00954,45.80221],[9.00958,45.8023],[9.00979,45.80262],[9.00972,45.8027],[9.00938,45.80279],[9.00933,45.80291],[9.00956,45.80382],[9.00961,45.80393],[9.00976,45.80411],[9.01034,45.80456],[9.0112,45.80505],[9.01138,45.80527],[9.01164,45.8059],[9.01172,45.80623],[9.01142,45.80737],[9.01146,45.80756],[9.01158,45.80766],[9.01231,45.80765],[9.01237,45.80768],[9.01311,45.80869],[9.01324,45.80875],[9.01374,45.8089],[9.01425,45.809],[9.01499,45.809],[9.01563,45.80905],[9.01572,45.80908],[9.01559,45.80929],[9.01491,45.80963],[9.01485,45.80972],[9.01483,45.80982],[9.01485,45.81004],[9.015,45.81038],[9.01512,45.81054],[9.01546,45.81077],[9.01573,45.81102],[9.01613,45.8112],[9.0163,45.81137],[9.01635,45.81151],[9.01622,45.81205]]},"properties":{}},{"type":"Feature","geometry":{"type":"LineString","coordinates":[[9.00893,45.80642],[9.00889,45.8067],[9.00901,45.80693],[9.00899,45.80697],[9.00865,45.80725],[9.00831,45.80733],[9.00773,45.80765],[9.00742,45.8079],[9.00734,45.80791],[9.00718,45.80783],[9.00711,45.8077],[9.00701,45.80761],[9.00676,45.80751],[9.00635,45.80726],[9.00621,45.80702],[9.00606,45.80693],[9.00556,45.80648],[9.00513,45.80627],[9.0051,45.80606],[9.00477,45.80539]]},"properties":{}},{"type":"Feature","geometry":{"type":"LineString","coordinates":[[9.07492,45.80972],[9.07483,45.80966]]},"properties":{}},{"type":"Feature","geometry":{"type":"LineString","coordinates":[[9.07459,45.80968],[9.07462,45.80973]]},"properties":{}},{"type":"Feature","geometry":{"type":"LineString","coordinates":[[9.07442,45.80963],[9.07449,45.8098]]},"properties":{}},{"type":"Feature","geometry":{"type":"LineString","coordinates":[[9.07469,45.80981],[9.07483,45.80966]]},"properties":{}},{"type":"Feature","geometry":{"type":"LineString","coordinates":[[9.07435,45.80988],[9.07453,45.80976],[9.07459,45.80968]]},"properties":{}},{"type":"Feature","geometry":{"type":"LineString","coordinates":[[9.07462,45.80973],[9.07491,45.80984]]},"properties":{}},{"type":"Feature","geometry":{"type":"LineString","coordinates":[[9.07495,45.80983],[9.07499,45.80983]]},"properties":{}},{"type":"Feature","geometry":{"type":"LineString","coordinates":[[9.07491,45.80984],[9.07495,45.80983]]},"properties":{}},{"type":"Feature","geometry":{"type":"LineString","coordinates":[[9.08699,45.8097],[9.08668,45.81003]]},"properties":{}},{"type":"Feature","geometry":{"type":"LineString","coordinates":[[9.07435,45.80992],[9.07435,45.80988]]},"properties":{}},{"type":"Feature","geometry":{"type":"LineString","coordinates":[[9.05352,45.80647],[9.05312,45.80665],[9.05135,45.80726]]},"properties":{}},{"type":"Feature","geometry":{"type":"LineString","coordinates":[[9.05156,45.80686],[9.05202,45.80702]]},"properties":{}},{"type":"Feature","geometry":{"type":"LineString","coordinates":[[9.05157,45.80718],[9.0517,45.8071],[9.05173,45.80704],[9.05172,45.80698],[9.05156,45.80686]]},"properties":{}},{"type":"Feature","geometry":{"type":"LineString","coordinates":[[9.05135,45.80726],[9.05101,45.80738]]},"properties":{}},{"type":"Feature","geometry":{"type":"LineString","coordinates":[[9.05081,45.80742],[9.05101,45.80738]]},"properties":{}},{"type":"Feature","geometry":{"type":"LineString","coordinates":[[9.05101,45.80738],[9.05087,45.8075]]},"properties":{}},{"type":"Feature","geometry":{"type":"LineString","coordinates":[[9.05081,45.80742],[9.05087,45.8075]]},"properties":{}},{"type":"Feature","geometry":{"type":"LineString","coordinates":[[9.05056,45.80758],[9.05054,45.8075],[9.05056,45.80745],[9.05066,45.8074]]},"properties":{}},{"type":"Feature","geometry":{"type":"LineString","coordinates":[[9.02981,45.81006],[9.02967,45.81007],[9.02962,45.81001],[9.02962,45.80997],[9.0297,45.80992],[9.0298,45.80993],[9.02984,45.80999],[9.02981,45.81006]]},"properties":{}},{"type":"Feature","geometry":{"type":"LineString","coordinates":[[9.03163,45.81436],[9.03185,45.81437]]},"properties":{}},{"type":"Feature","geometry":{"type":"LineString","coordinates":[[9.07441,45.8101],[9.07441,45.80993]]},"properties":{}},{"type":"Feature","geometry":{"type":"LineString","coordinates":[[9.07499,45.80983],[9.07712,45.8105],[9.07718,45.81042]]},"properties":{}},{"type":"Feature","geometry":{"type":"LineString","coordinates":[[9.08668,45.81003],[9.08631,45.81056]]},"properties":{}},{"type":"Feature","geometry":{"type":"LineString","coordinates":[[9.07732,45.81059],[9.07736,45.81057],[9.07789,45.81076],[9.07857,45.81104]]},"properties":{}},{"type":"Feature","geometry":{"type":"LineString","coordinates":[[9.07602,45.81079],[9.07695,45.8111]]},"properties":{}},{"type":"Feature","geometry":{"type":"LineString","coordinates":[[9.08631,45.81056],[9.08573,45.81142]]},"properties":{}},{"type":"Feature","geometry":{"type":"LineString","coordinates":[[9.07857,45.81104],[9.07859,45.811]]},"properties":{}},{"type":"Feature","geometry":{"type":"LineString","coordinates":[[9.07557,45.81144],[9.07602,45.81079]]},"properties":{}},{"type":"Feature","geometry":{"type":"LineString","coordinates":[[9.0766,45.81179],[9.07732,45.81046]]},"properties":{}},{"type":"Feature","geometry":{"type":"LineString","coordinates":[[9.07319,45.81135],[9.07367,45.81096],[9.07388,45.81092],[9.0741,45.81098]]},"properties":{}},{"type":"Feature","geometry":{"type":"LineString","coordinates":[[9.0741,45.81098],[9.07462,45.81112],[9.07557,45.81144]]},"properties":{}},{"type":"Feature","geometry":{"type":"LineString","coordinates":[[9.0723,45.81217],[9.07319,45.81135],[9.07351,45.81099],[9.07363,45.81092]]},"properties":{}},{"type":"Feature","geometry":{"type":"LineString","coordinates":[[9.08573,45.81142],[9.08553,45.81171]]},"properties":{}},{"type":"Feature","geometry":{"type":"LineString","coordinates":[[9.08553,45.81171],[9.08545,45.81178]]},"properties":{}},{"type":"Feature","geometry":{"type":"LineString","coordinates":[[9.08553,45.81171],[9.08548,45.81198]]},"properties":{}},{"type":"Feature","geometry":{"type":"LineString","coordinates":[[9.08548,45.81198],[9.08568,45.8118],[9.08586,45.81173]]},"properties":{}},{"type":"Feature","geometry":{"type":"LineString","coordinates":[[9.08586,45.81173],[9.08575,45.81183],[9.08548,45.81198]]},"properties":{}},{"type":"Feature","geometry":{"type":"LineString","coordinates":[[9.08505,45.81196],[9.08519,45.81178]]},"properties":{}},{"type":"Feature","geometry":{"type":"LineString","coordinates":[[9.08545,45.81178],[9.08522,45.81213],[9.08508,45.81219]]},"properties":{}},{"type":"Feature","geometry":{"type":"LineString","coordinates":[[9.08501,45.81202],[9.08505,45.81196]]},"properties":{}},{"type":"Feature","geometry":{"type":"LineString","coordinates":[[9.08487,45.81204],[9.08501,45.81202]]},"properties":{}},{"type":"Feature","geometry":{"type":"LineString","coordinates":[[9.08453,45.81213],[9.08487,45.81204]]},"properties":{}},{"type":"Feature","geometry":{"type":"LineString","coordinates":[[9.08492,45.81214],[9.0848,45.81211],[9.08453,45.81213]]},"properties":{}},{"type":"Feature","geometry":{"type":"LineString","coordinates":[[9.08548,45.81198],[9.08534,45.81215],[9.08526,45.81231]]},"properties":{}},{"type":"Feature","geometry":{"type":"LineString","coordinates":[[9.08508,45.81219],[9.08492,45.81214]]},"properties":{}},{"type":"Feature","geometry":{"type":"LineString","coordinates":[[9.06996,45.81217],[9.07005,45.81218],[9.07013,45.81223]]},"properties":{}},{"type":"Feature","geometry":{"type":"LineString","coordinates":[[9.06984,45.81224],[9.06996,45.81217]]},"properties":{}},{"type":"Feature","geometry":{"type":"LineString","coordinates":[[9.06985,45.81233],[9.06984,45.81224]]},"properties":{}},{"type":"Feature","geometry":{"type":"LineString","coordinates":[[9.07182,45.81241],[9.07198,45.81235],[9.0723,45.81217]]},"properties":{}},{"type":"Feature","geometry":{"type":"LineString","coordinates":[[9.07013,45.81223],[9.07014,45.8123],[9.07008,45.81237]]},"properties":{}},{"type":"Feature","geometry":{"type":"LineString","coordinates":[[9.07619,45.81281],[9.0766,45.81179]]},"properties":{}},{"type":"Feature","geometry":{"type":"LineString","coordinates":[[9.07013,45.81223],[9.07051,45.81231],[9.07161,45.81245],[9.07182,45.81241]]},"properties":{}},{"type":"Feature","geometry":{"type":"LineString","coordinates":[[9.06996,45.81239],[9.06985,45.81233]]},"properties":{}},{"type":"Feature","geometry":{"type":"LineString","coordinates":[[9.07411,45.81207],[9.0743,45.81255],[9.07439,45.81267]]},"properties":{}},{"type":"Feature","geometry":{"type":"LineString","coordinates":[[9.07008,45.81237],[9.06996,45.81239]]},"properties":{}},{"type":"Feature","geometry":{"type":"LineString","coordinates":[[9.0698,45.81253],[9.06985,45.81233]]},"properties":{}},{"type":"Feature","geometry":{"type":"LineString","coordinates":[[9.08526,45.81231],[9.0852,45.81255]]},"properties":{}},{"type":"Feature","geometry":{"type":"LineString","coordinates":[[9.06996,45.81239],[9.0698,45.81253]]},"properties":{}},{"type":"Feature","geometry":{"type":"LineString","coordinates":[[9.07411,45.81265],[9.07231,45.81252]]},"properties":{}},{"type":"Feature","geometry":{"type":"LineString","coordinates":[[9.08897,45.81229],[9.08864,45.81296]]},"properties":{}},{"type":"Feature","geometry":{"type":"LineString","coordinates":[[9.07439,45.81267],[9.07411,45.81265]]},"properties":{}},{"type":"Feature","geometry":{"type":"LineString","coordinates":[[9.0698,45.81253],[9.06962,45.81281]]},"properties":{}},{"type":"Feature","geometry":{"type":"LineString","coordinates":[[9.08172,45.8129],[9.08082,45.8125]]},"properties":{}},{"type":"Feature","geometry":{"type":"LineString","coordinates":[[9.08839,45.81333],[9.08774,45.8131],[9.08526,45.81231]]},"properties":{}},{"type":"Feature","geometry":{"type":"LineString","coordinates":[[9.08864,45.81296],[9.08839,45.81333]]},"properties":{}},{"type":"Feature","geometry":{"type":"LineString","coordinates":[[9.06962,45.81281],[9.06932,45.81325],[9.06914,45.81357]]},"properties":{}},{"type":"Feature","geometry":{"type":"LineString","coordinates":[[9.0852,45.81255],[9.08467,45.81392]]},"properties":{}},{"type":"Feature","geometry":{"type":"LineString","coordinates":[[9.08807,45.81361],[9.0883,45.81341]]},"properties":{}},{"type":"Feature","geometry":{"type":"LineString","coordinates":[[9.08724,45.81406],[9.08763,45.81391],[9.08786,45.81377],[9.08807,45.81361]]},"properties":{}},{"type":"Feature","geometry":{"type":"LineString","coordinates":[[9.07049,45.81404],[9.07027,45.81429],[9.06993,45.81429],[9.06969,45.81435]]},"properties":{}},{"type":"Feature","geometry":{"type":"LineString","coordinates":[[9.08467,45.81392],[9.0846,45.81427],[9.0847,45.81457]]},"properties":{}},{"type":"Feature","geometry":{"type":"LineString","coordinates":[[9.06969,45.81435],[9.06945,45.81447],[9.06922,45.81464]]},"properties":{}},{"type":"Feature","geometry":{"type":"LineString","coordinates":[[9.08338,45.81478],[9.0837,45.81453],[9.08411,45.81437],[9.08428,45.81424]]},"properties":{}},{"type":"Feature","geometry":{"type":"LineString","coordinates":[[9.06922,45.81464],[9.06913,45.81471]]},"properties":{}},{"type":"Feature","geometry":{"type":"LineString","coordinates":[[9.08325,45.81484],[9.08338,45.81478]]},"properties":{}},{"type":"Feature","geometry":{"type":"LineString","coordinates":[[9.08338,45.81478],[9.0835,45.81481],[9.08355,45.81486]]},"properties":{}},{"type":"Feature","geometry":{"type":"LineString","coordinates":[[9.08635,45.81444],[9.08586,45.81483],[9.08536,45.81513],[9.08479,45.81533]]},"properties":{}},{"type":"Feature","geometry":{"type":"LineString","coordinates":[[9.08355,45.81492],[9.08354,45.81495]]},"properties":{}},{"type":"Feature","geometry":{"type":"LineString","coordinates":[[9.08345,45.815],[9.08331,45.81499],[9.08324,45.81494]]},"properties":{}},{"type":"Feature","geometry":{"type":"LineString","coordinates":[[9.08354,45.81495],[9.08345,45.815]]},"properties":{}},{"type":"Feature","geometry":{"type":"LineString","coordinates":[[9.0318,45.81445],[9.03163,45.81436]]},"properties":{}},{"type":"Feature","geometry":{"type":"LineString","coordinates":[[9.03197,45.81435],[9.03207,45.81438],[9.03212,45.81448]]},"properties":{}},{"type":"Feature","geometry":{"type":"LineString","coordinates":[[9.0319,45.81456],[9.03182,45.81451],[9.0318,45.81444],[9.03185,45.81437],[9.03197,45.81435]]},"properties":{}},{"type":"Feature","geometry":{"type":"LineString","coordinates":[[9.03212,45.81448],[9.03207,45.81454]]},"properties":{}},{"type":"Feature","geometry":{"type":"LineString","coordinates":[[9.03207,45.81454],[9.0319,45.81456]]},"properties":{}},{"type":"Feature","geometry":{"type":"LineString","coordinates":[[9.03207,45.81454],[9.03195,45.81476],[9.03186,45.81485]]},"properties":{}},{"type":"Feature","geometry":{"type":"LineString","coordinates":[[9.03186,45.81485],[9.03191,45.81464],[9.0319,45.81456]]},"properties":{}},{"type":"Feature","geometry":{"type":"LineString","coordinates":[[9.06914,45.81357],[9.06873,45.81415],[9.06813,45.81457],[9.06753,45.81483],[9.06689,45.81506],[9.06657,45.81522],[9.06619,45.81563],[9.06558,45.81663],[9.06534,45.81689]]},"properties":{}},{"type":"Feature","geometry":{"type":"LineString","coordinates":[[9.06737,45.81591],[9.06725,45.81603]]},"properties":{}},{"type":"Feature","geometry":{"type":"LineString","coordinates":[[9.06725,45.81603],[9.06724,45.81609],[9.06734,45.81612],[9.06731,45.81628],[9.0674,45.81641],[9.0674,45.81657],[9.06724,45.81683],[9.06722,45.81708],[9.06695,45.81749],[9.06683,45.81794]]},"properties":{}},{"type":"Feature","geometry":{"type":"LineString","coordinates":[[9.06534,45.81689],[9.06476,45.81741]]},"properties":{}},{"type":"Feature","geometry":{"type":"LineString","coordinates":[[9.06476,45.81741],[9.06468,45.81748]]},"properties":{}},{"type":"Feature","geometry":{"type":"LineString","coordinates":[[9.06468,45.81748],[9.06452,45.81761]]},"properties":{}},{"type":"Feature","geometry":{"type":"LineString","coordinates":[[9.06452,45.81761],[9.06356,45.81846]]},"properties":{}},{"type":"Feature","geometry":{"type":"LineString","coordinates":[[9.06683,45.81794],[9.06678,45.81813]]},"properties":{}},{"type":"Feature","geometry":{"type":"LineString","coordinates":[[9.06678,45.81813],[9.06676,45.81818]]},"properties":{}},{"type":"Feature","geometry":{"type":"LineString","coordinates":[[9.06676,45.81818],[9.06675,45.81827],[9.06668,45.81839]]},"properties":{}},{"type":"Feature","geometry":{"type":"LineString","coordinates":[[9.06356,45.81846],[9.06355,45.81847]]},"properties":{}},{"type":"Feature","geometry":{"type":"LineString","coordinates":[[9.06334,45.81862],[9.06355,45.81847]]},"properties":{}},{"type":"Feature","geometry":{"type":"LineString","coordinates":[[9.06355,45.81847],[9.06324,45.81884]]},"properties":{}},{"type":"Feature","geometry":{"type":"LineString","coordinates":[[9.06313,45.81879],[9.06334,45.81862]]},"properties":{}},{"type":"Feature","geometry":{"type":"LineString","coordinates":[[9.0631,45.8188],[9.06313,45.81879]]},"properties":{}},{"type":"Feature","geometry":{"type":"LineString","coordinates":[[9.06313,45.81879],[9.06324,45.81884]]},"properties":{}},{"type":"Feature","geometry":{"type":"LineString","coordinates":[[9.06304,45.81891],[9.06303,45.81885],[9.0631,45.8188]]},"properties":{}},{"type":"Feature","geometry":{"type":"LineString","coordinates":[[9.06324,45.81884],[9.06324,45.8189]]},"properties":{}},{"type":"Feature","geometry":{"type":"LineString","coordinates":[[9.06308,45.81893],[9.06304,45.81891]]},"properties":{}},{"type":"Feature","geometry":{"type":"LineString","coordinates":[[9.06324,45.8189],[9.06316,45.81895],[9.06308,45.81893]]},"properties":{}},{"type":"Feature","geometry":{"type":"LineString","coordinates":[[9.06324,45.8189],[9.06324,45.81916]]},"properties":{}},{"type":"Feature","geometry":{"type":"LineString","coordinates":[[9.06324,45.81916],[9.06308,45.81893]]},"properties":{}},{"type":"Feature","geometry":{"type":"LineString","coordinates":[[9.06324,45.81916],[9.06337,45.81948],[9.06344,45.81958],[9.06367,45.81975],[9.06387,45.81985],[9.06616,45.82062],[9.06656,45.82083]]},"properties":{}},{"type":"Feature","geometry":{"type":"LineString","coordinates":[[9.08429,45.8152],[9.08403,45.81497],[9.08394,45.81492],[9.08384,45.81489],[9.08355,45.81492]]},"properties":{}},{"type":"Feature","geometry":{"type":"LineString","coordinates":[[9.0845,45.81538],[9.08429,45.8152]]},"properties":{}},{"type":"Feature","geometry":{"type":"LineString","coordinates":[[9.06913,45.81471],[9.06863,45.81518],[9.06835,45.8153],[9.06814,45.81535],[9.06737,45.81591]]},"properties":{}},{"type":"Feature","geometry":{"type":"LineString","coordinates":[[9.08279,45.81717],[9.08312,45.81727],[9.08354,45.81679]]},"properties":{}},{"type":"Feature","geometry":{"type":"LineString","coordinates":[[9.09661,45.81931],[9.0965,45.81902],[9.09618,45.81853],[9.09607,45.81825]]},"properties":{}},{"type":"Feature","geometry":{"type":"LineString","coordinates":[[9.06659,45.8208],[9.0668,45.82106],[9.06697,45.82141],[9.06777,45.82265],[9.06789,45.82363],[9.06839,45.82467],[9.06842,45.82485],[9.06845,45.82563],[9.06859,45.82602],[9.06978,45.82743],[9.06991,45.82763],[9.06999,45.82783],[9.07002,45.82805],[9.07004,45.82845],[9.07012,45.82863],[9.07119,45.82948],[9.07145,45.82977],[9.07189,45.83041],[9.07205,45.83095],[9.0719,45.83206],[9.0719,45.83224],[9.0729,45.83491]]},"properties":{}},{"type":"Feature","geometry":{"type":"LineString","coordinates":[[9.06841,45.82571],[9.06855,45.82609],[9.06932,45.82697],[9.06986,45.82764],[9.06997,45.82804],[9.07,45.82845],[9.07009,45.82864],[9.07116,45.8295],[9.07142,45.82979],[9.07183,45.83043],[9.07198,45.83079],[9.07199,45.83096],[9.07194,45.83128]]},"properties":{}},{"type":"Feature","geometry":{"type":"LineString","coordinates":[[9.07194,45.83128],[9.07183,45.83207],[9.07185,45.83225],[9.07245,45.83385],[9.07253,45.83422]]},"properties":{}},{"type":"Feature","geometry":{"type":"LineString","coordinates":[[9.07242,45.83454],[9.07253,45.83422]]},"properties":{}},{"type":"Feature","geometry":{"type":"LineString","coordinates":[[9.07234,45.83464],[9.07242,45.83454]]},"properties":{}},{"type":"Feature","geometry":{"type":"LineString","coordinates":[[9.06656,45.82083],[9.06675,45.82106],[9.06727,45.82198],[9.06767,45.82258],[9.06774,45.82275],[9.06783,45.82361],[9.06834,45.82467],[9.06841,45.82571]]},"properties":{}},{"type":"Feature","geometry":{"type":"LineString","coordinates":[[9.03651,45.83125],[9.03767,45.83076]]},"properties":{}},{"type":"Feature","geometry":{"type":"LineString","coordinates":[[9.03556,45.83167],[9.03651,45.83125]]},"properties":{}},{"type":"Feature","geometry":{"type":"LineString","coordinates":[[9.225,45.75088],[9.22501,45.75123]]},"properties":{}},{"type":"Feature","geometry":{"type":"LineString","coordinates":[[9.22501,45.75123],[9.22498,45.75142],[9.22491,45.75161],[9.22494,45.7517],[9.22513,45.75191],[9.22509,45.75215]]},"properties":{}},{"type":"Feature","geometry":{"type":"LineString","coordinates":[[9.22195,45.75269],[9.22205,45.75264]]},"properties":{}},{"type":"Feature","geometry":{"type":"LineString","coordinates":[[9.23162,45.75686],[9.23082,45.75683]]},"properties":{}},{"type":"Feature","geometry":{"type":"LineString","coordinates":[[9.22847,45.76559],[9.22845,45.76564],[9.22757,45.7655],[9.22731,45.76535],[9.22656,45.76482],[9.22614,45.76461],[9.22425,45.76437],[9.22303,45.76413],[9.22277,45.76398],[9.22238,45.76338],[9.22224,45.76327],[9.22027,45.76291],[9.21945,45.76285],[9.2172,45.76239],[9.21669,45.76235],[9.21652,45.76239],[9.21645,45.76247],[9.21622,45.76245],[9.21619,45.76239]]},"properties":{}},{"type":"Feature","geometry":{"type":"LineString","coordinates":[[9.22777,45.76835],[9.22772,45.76843]]},"properties":{}},{"type":"Feature","geometry":{"type":"LineString","coordinates":[[9.22957,45.7687],[9.22947,45.76869],[9.22897,45.76848],[9.22824,45.76829],[9.22794,45.76827],[9.22777,45.76835]]},"properties":{}},{"type":"Feature","geometry":{"type":"LineString","coordinates":[[9.22772,45.76843],[9.22729,45.76901]]},"properties":{}},{"type":"Feature","geometry":{"type":"LineString","coordinates":[[9.22729,45.76901],[9.22705,45.76884],[9.22671,45.76869],[9.22537,45.76885]]},"properties":{}},{"type":"Feature","geometry":{"type":"LineString","coordinates":[[9.22729,45.76901],[9.22723,45.76918],[9.22729,45.76929],[9.22748,45.76945],[9.22785,45.76966],[9.22809,45.76974],[9.22824,45.76976]]},"properties":{}},{"type":"Feature","geometry":{"type":"LineString","coordinates":[[9.22824,45.76976],[9.22853,45.76978],[9.22862,45.76984],[9.22891,45.77028],[9.2293,45.77065],[9.22943,45.77082],[9.22957,45.77126]]},"properties":{}},{"type":"Feature","geometry":{"type":"LineString","coordinates":[[9.2252,45.77189],[9.22598,45.77054],[9.22682,45.76954],[9.22708,45.76926],[9.22723,45.76918]]},"properties":{}},{"type":"Feature","geometry":{"type":"LineString","coordinates":[[9.22642,45.77193],[9.22651,45.77186],[9.22685,45.77139],[9.22731,45.77088],[9.22824,45.76976]]},"properties":{}},{"type":"Feature","geometry":{"type":"LineString","coordinates":[[9.22957,45.77126],[9.22731,45.77088]]},"properties":{}},{"type":"Feature","geometry":{"type":"LineString","coordinates":[[9.23008,45.77177],[9.22999,45.77176],[9.22986,45.77164],[9.22966,45.77143],[9.22957,45.77126]]},"properties":{}},{"type":"Feature","geometry":{"type":"LineString","coordinates":[[9.22642,45.77193],[9.2252,45.77189],[9.22364,45.7718],[9.22351,45.77174],[9.22287,45.77127],[9.22264,45.77121]]},"properties":{}},{"type":"Feature","geometry":{"type":"LineString","coordinates":[[9.22785,45.77209],[9.22801,45.77164]]},"properties":{}},{"type":"Feature","geometry":{"type":"LineString","coordinates":[[9.22978,45.77234],[9.22932,45.77234],[9.22785,45.77209],[9.22659,45.77192],[9.22642,45.77193]]},"properties":{}},{"type":"Feature","geometry":{"type":"LineString","coordinates":[[9.23009,45.77231],[9.22978,45.77234]]},"properties":{}},{"type":"Feature","geometry":{"type":"LineString","coordinates":[[9.23009,45.77231],[9.23013,45.77236],[9.23014,45.77253],[9.23018,45.77257]]},"properties":{}},{"type":"Feature","geometry":{"type":"LineString","coordinates":[[9.22513,45.77189],[9.22461,45.77273],[9.22367,45.77389]]},"properties":{}},{"type":"Feature","geometry":{"type":"LineString","coordinates":[[9.22752,45.77818],[9.22805,45.77761],[9.2279,45.77607],[9.22785,45.77595],[9.22676,45.77484],[9.22619,45.77449],[9.22606,45.77435],[9.22576,45.77378],[9.22552,45.77325],[9.22553,45.77314],[9.22585,45.77239],[9.22642,45.77193]]},"properties":{}},{"type":"Feature","geometry":{"type":"LineString","coordinates":[[9.22473,45.77597],[9.22475,45.77569],[9.22485,45.77555],[9.22503,45.77545],[9.22545,45.77532],[9.22555,45.77534],[9.22561,45.77544],[9.22561,45.77556],[9.22546,45.77585]]},"properties":{}},{"type":"Feature","geometry":{"type":"LineString","coordinates":[[9.22475,45.77606],[9.22473,45.77597]]},"properties":{}},{"type":"Feature","geometry":{"type":"LineString","coordinates":[[9.22168,45.77554],[9.22064,45.77588],[9.22053,45.77599],[9.22053,45.7761],[9.2206,45.77621],[9.22119,45.77675]]},"properties":{}},{"type":"Feature","geometry":{"type":"LineString","coordinates":[[9.22214,45.77644],[9.22224,45.77631],[9.22257,45.77604],[9.22311,45.77613]]},"properties":{}},{"type":"Feature","geometry":{"type":"LineString","coordinates":[[9.22203,45.77646],[9.22146,45.77634],[9.22118,45.77607]]},"properties":{}},{"type":"Feature","geometry":{"type":"LineString","coordinates":[[9.22337,45.77686],[9.22324,45.7767],[9.22316,45.77665],[9.22214,45.77644],[9.22195,45.77649],[9.22143,45.77675],[9.22129,45.77677],[9.21938,45.77637]]},"properties":{}},{"type":"Feature","geometry":{"type":"LineString","coordinates":[[9.22249,45.77652],[9.22232,45.7769]]},"properties":{}},{"type":"Feature","geometry":{"type":"LineString","coordinates":[[9.22496,45.77744],[9.22475,45.77606]]},"properties":{}},{"type":"Feature","geometry":{"type":"LineString","coordinates":[[9.22341,45.7769],[9.22337,45.77686]]},"properties":{}},{"type":"Feature","geometry":{"type":"LineString","coordinates":[[9.22346,45.77696],[9.22341,45.7769]]},"properties":{}},{"type":"Feature","geometry":{"type":"LineString","coordinates":[[9.22346,45.77696],[9.22324,45.77743]]},"properties":{}},{"type":"Feature","geometry":{"type":"LineString","coordinates":[[9.23114,45.77724],[9.231,45.77725]]},"properties":{}},{"type":"Feature","geometry":{"type":"LineString","coordinates":[[9.231,45.77725],[9.23088,45.77733],[9.23085,45.77762]]},"properties":{}},{"type":"Feature","geometry":{"type":"LineString","coordinates":[[9.231,45.77725],[9.23099,45.77729],[9.23103,45.77738],[9.23123,45.77765],[9.23151,45.77789]]},"properties":{}},{"type":"Feature","geometry":{"type":"LineString","coordinates":[[9.22739,45.77814],[9.22477,45.77738],[9.22406,45.77688],[9.22393,45.77682],[9.22379,45.77683],[9.22346,45.77696],[9.222,45.77762],[9.2213,45.77827],[9.22112,45.77834],[9.22098,45.77834],[9.22084,45.77828],[9.21961,45.77743]]},"properties":{}},{"type":"Feature","geometry":{"type":"LineString","coordinates":[[9.22243,45.77743],[9.22235,45.77757],[9.22231,45.77775]]},"properties":{}},{"type":"Feature","geometry":{"type":"LineString","coordinates":[[9.22872,45.7779],[9.22883,45.77767]]},"properties":{}},{"type":"Feature","geometry":{"type":"LineString","coordinates":[[9.23479,45.77801],[9.2349,45.77794],[9.23513,45.77787]]},"properties":{}},{"type":"Feature","geometry":{"type":"LineString","coordinates":[[9.23085,45.77762],[9.23087,45.77771],[9.23119,45.77832]]},"properties":{}},{"type":"Feature","geometry":{"type":"LineString","coordinates":[[9.22598,45.77773],[9.22572,45.77817],[9.22562,45.77823],[9.22502,45.77809],[9.22384,45.77774]]},"properties":{}},{"type":"Feature","geometry":{"type":"LineString","coordinates":[[9.23015,45.77825],[9.23016,45.77773]]},"properties":{}},{"type":"Feature","geometry":{"type":"LineString","coordinates":[[9.23085,45.77762],[9.23098,45.77764],[9.23142,45.77815],[9.23155,45.77826],[9.23175,45.77838],[9.23188,45.77841]]},"properties":{}},{"type":"Feature","geometry":{"type":"LineString","coordinates":[[9.23303,45.77822],[9.23234,45.77787]]},"properties":{}},{"type":"Feature","geometry":{"type":"LineString","coordinates":[[9.23234,45.77787],[9.23307,45.77807],[9.23352,45.77827]]},"properties":{}},{"type":"Feature","geometry":{"type":"LineString","coordinates":[[9.22925,45.77843],[9.22928,45.77835],[9.22916,45.77787],[9.22872,45.7779],[9.22865,45.778]]},"properties":{}},{"type":"Feature","geometry":{"type":"LineString","coordinates":[[9.23291,45.7784],[9.2325,45.77834],[9.2321,45.77822],[9.23171,45.77804],[9.23151,45.77789]]},"properties":{}},{"type":"Feature","geometry":{"type":"LineString","coordinates":[[9.22739,45.77814],[9.22752,45.77818]]},"properties":{}},{"type":"Feature","geometry":{"type":"LineString","coordinates":[[9.23419,45.77833],[9.2341,45.77812],[9.23479,45.77801],[9.23492,45.7782]]},"properties":{}},{"type":"Feature","geometry":{"type":"LineString","coordinates":[[9.23337,45.77816],[9.23343,45.77807],[9.2335,45.77809],[9.23359,45.77819],[9.23362,45.77827],[9.23372,45.77836]]},"properties":{}},{"type":"Feature","geometry":{"type":"LineString","coordinates":[[9.22752,45.77818],[9.22805,45.77828],[9.22857,45.77829]]},"properties":{}},{"type":"Feature","geometry":{"type":"LineString","coordinates":[[9.2341,45.77834],[9.2352,45.77815]]},"properties":{}},{"type":"Feature","geometry":{"type":"LineString","coordinates":[[9.2349,45.77821],[9.23492,45.7783]]},"properties":{}},{"type":"Feature","geometry":{"type":"LineString","coordinates":[[9.2332,45.77838],[9.23337,45.77816]]},"properties":{}},{"type":"Feature","geometry":{"type":"LineString","coordinates":[[9.22991,45.77827],[9.23004,45.77829]]},"properties":{}},{"type":"Feature","geometry":{"type":"LineString","coordinates":[[9.23338,45.77832],[9.23352,45.77827]]},"properties":{}},{"type":"Feature","geometry":{"type":"LineString","coordinates":[[9.12952,45.75444],[9.12926,45.75504]]},"properties":{}},{"type":"Feature","geometry":{"type":"LineString","coordinates":[[9.12926,45.75504],[9.12907,45.75546],[9.12904,45.75581]]},"properties":{}},{"type":"Feature","geometry":{"type":"LineString","coordinates":[[9.12105,45.77364],[9.12125,45.77359]]},"properties":{}},{"type":"Feature","geometry":{"type":"LineString","coordinates":[[9.12125,45.77359],[9.1211,45.77369]]},"properties":{}},{"type":"Feature","geometry":{"type":"LineString","coordinates":[[9.12093,45.77366],[9.12105,45.77364]]},"properties":{}},{"type":"Feature","geometry":{"type":"LineString","coordinates":[[9.14408,45.77583],[9.14311,45.77553],[9.14174,45.7752],[9.14134,45.77512],[9.14112,45.77511],[9.14105,45.77513]]},"properties":{}},{"type":"Feature","geometry":{"type":"LineString","coordinates":[[9.14433,45.78194],[9.14472,45.78211],[9.14489,45.78221],[9.14513,45.78249],[9.1452,45.78279],[9.14507,45.78313],[9.145,45.78372],[9.14511,45.78424],[9.14516,45.78436],[9.14532,45.78461],[9.14582,45.78501],[9.1459,45.78517]]},"properties":{}},{"type":"Feature","geometry":{"type":"LineString","coordinates":[[9.13116,45.80274],[9.1314,45.80264]]},"properties":{}},{"type":"Feature","geometry":{"type":"LineString","coordinates":[[9.14178,45.82699],[9.14189,45.82729],[9.14198,45.82776],[9.14251,45.82811],[9.14253,45.82826],[9.14271,45.82884],[9.14265,45.82914],[9.14247,45.82923],[9.14186,45.82963],[9.14171,45.82986],[9.14144,45.83008]]},"properties":{}},{"type":"Feature","geometry":{"type":"LineString","coordinates":[[9.13654,45.83203],[9.1364,45.83252],[9.13622,45.83272],[9.13598,45.83289],[9.13531,45.83319]]},"properties":{}},{"type":"Feature","geometry":{"type":"LineString","coordinates":[[9.12076,45.77366],[9.12093,45.77366]]},"properties":{}},{"type":"Feature","geometry":{"type":"LineString","coordinates":[[9.12105,45.77364],[9.1211,45.77369]]},"properties":{}},{"type":"Feature","geometry":{"type":"LineString","coordinates":[[9.12092,45.77372],[9.12093,45.77366]]},"properties":{}},{"type":"Feature","geometry":{"type":"LineString","coordinates":[[9.1211,45.77369],[9.12103,45.77376],[9.12092,45.77372]]},"properties":{}},{"type":"Feature","geometry":{"type":"LineString","coordinates":[[9.12975,45.77314],[9.1299,45.77426],[9.13012,45.77425],[9.13018,45.77494]]},"properties":{}},{"type":"Feature","geometry":{"type":"LineString","coordinates":[[9.12111,45.77477],[9.12132,45.77441],[9.12101,45.77376]]},"properties":{}},{"type":"Feature","geometry":{"type":"LineString","coordinates":[[9.12328,45.77428],[9.12335,45.77479]]},"properties":{}},{"type":"Feature","geometry":{"type":"LineString","coordinates":[[9.12132,45.77441],[9.12231,45.77451],[9.12256,45.77503]]},"properties":{}},{"type":"Feature","geometry":{"type":"LineString","coordinates":[[9.12335,45.77479],[9.12256,45.77503]]},"properties":{}},{"type":"Feature","geometry":{"type":"LineString","coordinates":[[9.12256,45.77503],[9.12235,45.77508],[9.12168,45.77505],[9.12138,45.77499],[9.12111,45.77477]]},"properties":{}},{"type":"Feature","geometry":{"type":"LineString","coordinates":[[9.2334,45.77839],[9.23303,45.77822]]},"properties":{}},{"type":"Feature","geometry":{"type":"LineString","coordinates":[[9.22928,45.77835],[9.22991,45.77827]]},"properties":{}},{"type":"Feature","geometry":{"type":"LineString","coordinates":[[9.23352,45.77827],[9.23372,45.77836]]},"properties":{}},{"type":"Feature","geometry":{"type":"LineString","coordinates":[[9.23372,45.77836],[9.2341,45.77834]]},"properties":{}},{"type":"Feature","geometry":{"type":"LineString","coordinates":[[9.2334,45.77839],[9.23338,45.77832]]},"properties":{}},{"type":"Feature","geometry":{"type":"LineString","coordinates":[[9.23119,45.77832],[9.23124,45.77845],[9.2312,45.7785],[9.23112,45.77851],[9.2306,45.77824],[9.23033,45.77822],[9.23012,45.77826],[9.2297,45.77847]]},"properties":{}},{"type":"Feature","geometry":{"type":"LineString","coordinates":[[9.22857,45.77829],[9.2294,45.77846],[9.2297,45.77847]]},"properties":{}},{"type":"Feature","geometry":{"type":"LineString","coordinates":[[9.23308,45.77837],[9.23308,45.77842]]},"properties":{}},{"type":"Feature","geometry":{"type":"LineString","coordinates":[[9.2341,45.77834],[9.23391,45.77846]]},"properties":{}},{"type":"Feature","geometry":{"type":"LineString","coordinates":[[9.23308,45.77842],[9.23291,45.7784]]},"properties":{}},{"type":"Feature","geometry":{"type":"LineString","coordinates":[[9.23327,45.77844],[9.23308,45.77842]]},"properties":{}},{"type":"Feature","geometry":{"type":"LineString","coordinates":[[9.23188,45.77841],[9.23246,45.77841],[9.23282,45.77846],[9.23291,45.7784]]},"properties":{}},{"type":"Feature","geometry":{"type":"LineString","coordinates":[[9.22124,45.7783],[9.22112,45.77858]]},"properties":{}},{"type":"Feature","geometry":{"type":"LineString","coordinates":[[9.22112,45.77858],[9.22112,45.77845],[9.22106,45.77835]]},"properties":{}},{"type":"Feature","geometry":{"type":"LineString","coordinates":[[9.23375,45.77857],[9.2334,45.77839]]},"properties":{}},{"type":"Feature","geometry":{"type":"LineString","coordinates":[[9.23372,45.77836],[9.23422,45.77861]]},"properties":{}},{"type":"Feature","geometry":{"type":"LineString","coordinates":[[9.23391,45.77846],[9.23385,45.77854],[9.23375,45.77857]]},"properties":{}},{"type":"Feature","geometry":{"type":"LineString","coordinates":[[9.23328,45.7789],[9.23327,45.77844],[9.23338,45.77832]]},"properties":{}},{"type":"Feature","geometry":{"type":"LineString","coordinates":[[9.23347,45.77865],[9.23335,45.77866],[9.23326,45.7786]]},"properties":{}},{"type":"Feature","geometry":{"type":"LineString","coordinates":[[9.23526,45.77817],[9.23544,45.77838],[9.23599,45.77921]]},"properties":{}},{"type":"Feature","geometry":{"type":"LineString","coordinates":[[9.24137,45.77697],[9.24137,45.77691],[9.24148,45.77683],[9.24207,45.77675]]},"properties":{}},{"type":"Feature","geometry":{"type":"LineString","coordinates":[[9.24111,45.77717],[9.24132,45.77709],[9.24137,45.77705],[9.24137,45.77697]]},"properties":{}},{"type":"Feature","geometry":{"type":"LineString","coordinates":[[9.23706,45.77773],[9.2373,45.7779],[9.23801,45.77808],[9.23896,45.7781],[9.2394,45.77805],[9.23988,45.77789],[9.24026,45.77773],[9.24043,45.77762],[9.24069,45.77735],[9.24088,45.77724],[9.24111,45.77717]]},"properties":{}},{"type":"Feature","geometry":{"type":"LineString","coordinates":[[9.23526,45.77813],[9.23624,45.7779],[9.23706,45.77773]]},"properties":{}},{"type":"Feature","geometry":{"type":"LineString","coordinates":[[9.23578,45.77935],[9.2359,45.77935],[9.23597,45.77931],[9.23599,45.77921]]},"properties":{}},{"type":"Feature","geometry":{"type":"LineString","coordinates":[[9.23599,45.77921],[9.23607,45.77932],[9.23609,45.77953]]},"properties":{}},{"type":"Feature","geometry":{"type":"LineString","coordinates":[[9.23713,45.78078],[9.23693,45.78044],[9.23656,45.78001],[9.23602,45.77959],[9.2355,45.77929]]},"properties":{}},{"type":"Feature","geometry":{"type":"LineString","coordinates":[[9.23713,45.78078],[9.23653,45.78034],[9.23624,45.77974]]},"properties":{}},{"type":"Feature","geometry":{"type":"LineString","coordinates":[[9.23653,45.78034],[9.23638,45.78039]]},"properties":{}},{"type":"Feature","geometry":{"type":"LineString","coordinates":[[9.23616,45.78071],[9.23565,45.78011]]},"properties":{}},{"type":"Feature","geometry":{"type":"LineString","coordinates":[[9.23121,45.77849],[9.2313,45.77861],[9.23119,45.77889]]},"properties":{}},{"type":"Feature","geometry":{"type":"LineString","coordinates":[[9.23375,45.77857],[9.23339,45.77869],[9.23331,45.77878],[9.23328,45.7789]]},"properties":{}},{"type":"Feature","geometry":{"type":"LineString","coordinates":[[9.21778,45.77907],[9.21801,45.77891],[9.21821,45.77884],[9.21895,45.77869],[9.22093,45.77867],[9.22112,45.77858]]},"properties":{}},{"type":"Feature","geometry":{"type":"LineString","coordinates":[[9.22943,45.77877],[9.22987,45.7789]]},"properties":{}},{"type":"Feature","geometry":{"type":"LineString","coordinates":[[9.2273,45.77902],[9.22665,45.77888],[9.22642,45.77906],[9.22625,45.77906],[9.22571,45.77895],[9.22568,45.77891],[9.22573,45.77877]]},"properties":{}},{"type":"Feature","geometry":{"type":"LineString","coordinates":[[9.2355,45.77929],[9.23375,45.77857]]},"properties":{}},{"type":"Feature","geometry":{"type":"LineString","coordinates":[[9.22958,45.77848],[9.22908,45.77941],[9.22815,45.77917]]},"properties":{}},{"type":"Feature","geometry":{"type":"LineString","coordinates":[[9.22739,45.77814],[9.2272,45.77981],[9.22712,45.77997],[9.22691,45.78018],[9.2267,45.78028],[9.22284,45.78044],[9.2204,45.78061],[9.21947,45.7805],[9.21912,45.78043],[9.21839,45.78]]},"properties":{}},{"type":"Feature","geometry":{"type":"LineString","coordinates":[[9.22724,45.77956],[9.22718,45.77955],[9.22713,45.77945],[9.22704,45.77937],[9.22684,45.77933]]},"properties":{}},{"type":"Feature","geometry":{"type":"LineString","coordinates":[[9.22857,45.77829],[9.22856,45.77837],[9.22814,45.77921],[9.22818,45.77934],[9.22842,45.77958],[9.22846,45.77969],[9.22804,45.78061]]},"properties":{}},{"type":"Feature","geometry":{"type":"LineString","coordinates":[[9.22364,45.77985],[9.2239,45.77948],[9.22441,45.7792],[9.22461,45.77905]]},"properties":{}},{"type":"Feature","geometry":{"type":"LineString","coordinates":[[9.22908,45.77941],[9.22966,45.77955]]},"properties":{}},{"type":"Feature","geometry":{"type":"LineString","coordinates":[[9.23326,45.78006],[9.23248,45.77997],[9.23236,45.77993],[9.23229,45.77975],[9.2322,45.7792]]},"properties":{}},{"type":"Feature","geometry":{"type":"LineString","coordinates":[[9.23422,45.77861],[9.23564,45.77927],[9.23616,45.77958],[9.2365,45.77985],[9.23684,45.78018],[9.23723,45.78077]]},"properties":{}},{"type":"Feature","geometry":{"type":"LineString","coordinates":[[9.22586,45.7803],[9.22616,45.77944],[9.22615,45.77936],[9.22599,45.77929],[9.22528,45.77922]]},"properties":{}},{"type":"Feature","geometry":{"type":"LineString","coordinates":[[9.23042,45.77949],[9.23077,45.77965],[9.23072,45.77986],[9.2309,45.78007]]},"properties":{}},{"type":"Feature","geometry":{"type":"LineString","coordinates":[[9.226,45.7799],[9.22497,45.77981]]},"properties":{}},{"type":"Feature","geometry":{"type":"LineString","coordinates":[[9.22719,45.77986],[9.22774,45.77999],[9.22794,45.77997]]},"properties":{}},{"type":"Feature","geometry":{"type":"LineString","coordinates":[[9.22284,45.78044],[9.22288,45.78028],[9.22297,45.78016],[9.2233,45.78001],[9.22339,45.77992],[9.22364,45.77985]]},"properties":{}},{"type":"Feature","geometry":{"type":"LineString","coordinates":[[9.23116,45.78041],[9.23104,45.7802]]},"properties":{}},{"type":"Feature","geometry":{"type":"LineString","coordinates":[[9.2297,45.77847],[9.23043,45.77871],[9.23049,45.77878],[9.23047,45.77936],[9.23005,45.78022],[9.22974,45.78135],[9.22983,45.78179],[9.2299,45.78185],[9.23017,45.78196],[9.23022,45.78205],[9.23022,45.78216]]},"properties":{}},{"type":"Feature","geometry":{"type":"LineString","coordinates":[[9.23068,45.78042],[9.2311,45.78031]]},"properties":{}},{"type":"Feature","geometry":{"type":"LineString","coordinates":[[9.22681,45.78024],[9.22773,45.78052]]},"properties":{}},{"type":"Feature","geometry":{"type":"LineString","coordinates":[[9.23021,45.77989],[9.23068,45.78041],[9.23083,45.78098]]},"properties":{}},{"type":"Feature","geometry":{"type":"LineString","coordinates":[[9.2259,45.7803],[9.22582,45.78058]]},"properties":{}},{"type":"Feature","geometry":{"type":"LineString","coordinates":[[9.23327,45.78048],[9.23374,45.78043],[9.23384,45.78046]]},"properties":{}},{"type":"Feature","geometry":{"type":"LineString","coordinates":[[9.22679,45.78026],[9.22632,45.7807],[9.22624,45.78074],[9.22614,45.78072],[9.22592,45.78056],[9.2257,45.78062],[9.22512,45.78039],[9.22504,45.78033]]},"properties":{}},{"type":"Feature","geometry":{"type":"LineString","coordinates":[[9.22773,45.78052],[9.22804,45.78061]]},"properties":{}},{"type":"Feature","geometry":{"type":"LineString","coordinates":[[9.22655,45.78049],[9.22663,45.78063],[9.22671,45.78068]]},"properties":{}},{"type":"Feature","geometry":{"type":"LineString","coordinates":[[9.22804,45.78061],[9.22804,45.78063]]},"properties":{}},{"type":"Feature","geometry":{"type":"LineString","coordinates":[[9.23294,45.78069],[9.23282,45.78066]]},"properties":{}},{"type":"Feature","geometry":{"type":"LineString","coordinates":[[9.23328,45.7789],[9.23328,45.77918],[9.23337,45.77955],[9.23319,45.78041],[9.23314,45.78051],[9.23255,45.78103],[9.23247,45.78115],[9.23212,45.78258]]},"properties":{}},{"type":"Feature","geometry":{"type":"LineString","coordinates":[[9.23319,45.78041],[9.23327,45.78048],[9.23332,45.7806],[9.23329,45.78079],[9.23313,45.78128]]},"properties":{}},{"type":"Feature","geometry":{"type":"LineString","coordinates":[[9.22426,45.78038],[9.22461,45.78058],[9.22472,45.78073],[9.22475,45.78082],[9.22466,45.78113],[9.22442,45.78151],[9.22432,45.78161],[9.22417,45.78164],[9.22377,45.7816]]},"properties":{}},{"type":"Feature","geometry":{"type":"LineString","coordinates":[[9.22647,45.78056],[9.22663,45.78154]]},"properties":{}},{"type":"Feature","geometry":{"type":"LineString","coordinates":[[9.22804,45.78063],[9.22783,45.78117],[9.22776,45.78124],[9.22722,45.78144],[9.22663,45.78154]]},"properties":{}},{"type":"Feature","geometry":{"type":"LineString","coordinates":[[9.22284,45.78186],[9.22263,45.7816],[9.22248,45.78088],[9.22238,45.78066],[9.2224,45.7806],[9.22246,45.78056],[9.22278,45.78044]]},"properties":{}},{"type":"Feature","geometry":{"type":"LineString","coordinates":[[9.22663,45.78154],[9.22553,45.78144],[9.22497,45.7811],[9.22474,45.78079]]},"properties":{}},{"type":"Feature","geometry":{"type":"LineString","coordinates":[[9.22979,45.78111],[9.23033,45.78139],[9.2304,45.78139],[9.23043,45.78134]]},"properties":{}},{"type":"Feature","geometry":{"type":"LineString","coordinates":[[9.23151,45.78182],[9.23164,45.7814]]},"properties":{}},{"type":"Feature","geometry":{"type":"LineString","coordinates":[[9.23614,45.78112],[9.23678,45.78087],[9.23602,45.77996]]},"properties":{}},{"type":"Feature","geometry":{"type":"LineString","coordinates":[[9.23652,45.78056],[9.23584,45.78084]]},"properties":{}},{"type":"Feature","geometry":{"type":"LineString","coordinates":[[9.23885,45.78386],[9.23713,45.78078]]},"properties":{}},{"type":"Feature","geometry":{"type":"LineString","coordinates":[[9.23813,45.78259],[9.23792,45.78258],[9.23772,45.78223],[9.23787,45.78212]]},"properties":{}},{"type":"Feature","geometry":{"type":"LineString","coordinates":[[9.23723,45.78077],[9.23878,45.78358],[9.23924,45.7842]]},"properties":{}},{"type":"Feature","geometry":{"type":"LineString","coordinates":[[9.23699,45.78228],[9.23707,45.78264],[9.23681,45.78271]]},"properties":{}},{"type":"Feature","geometry":{"type":"LineString","coordinates":[[9.23758,45.78158],[9.23683,45.7818],[9.23691,45.78194],[9.2369,45.78205],[9.23702,45.78236],[9.23736,45.78289],[9.23745,45.78323],[9.23743,45.78333],[9.23685,45.78407],[9.23676,45.78413]]},"properties":{}},{"type":"Feature","geometry":{"type":"LineString","coordinates":[[9.23744,45.78332],[9.23716,45.78309]]},"properties":{}},{"type":"Feature","geometry":{"type":"LineString","coordinates":[[9.23948,45.78407],[9.23937,45.78395],[9.2393,45.78382],[9.23939,45.78368],[9.23941,45.78354],[9.23946,45.78351],[9.23936,45.78332]]},"properties":{}},{"type":"Feature","geometry":{"type":"LineString","coordinates":[[9.23948,45.78407],[9.23992,45.78382],[9.24006,45.78377],[9.24112,45.78361],[9.24119,45.78355],[9.2412,45.78338]]},"properties":{}},{"type":"Feature","geometry":{"type":"LineString","coordinates":[[9.22804,45.78063],[9.22814,45.78072],[9.22882,45.78089],[9.22907,45.78101],[9.22914,45.78116],[9.22924,45.78171],[9.22934,45.78186],[9.22944,45.78194],[9.23168,45.78257],[9.23193,45.78261],[9.23212,45.78258]]},"properties":{}},{"type":"Feature","geometry":{"type":"LineString","coordinates":[[9.23431,45.78292],[9.23434,45.78276],[9.23431,45.78238],[9.23459,45.78191],[9.23469,45.78134],[9.23467,45.7812],[9.23408,45.78037]]},"properties":{}},{"type":"Feature","geometry":{"type":"LineString","coordinates":[[9.23227,45.78191],[9.23144,45.78182],[9.23135,45.78189],[9.23128,45.78207]]},"properties":{}},{"type":"Feature","geometry":{"type":"LineString","coordinates":[[9.23021,45.78201],[9.23057,45.78204]]},"properties":{}},{"type":"Feature","geometry":{"type":"LineString","coordinates":[[9.23142,45.7825],[9.23139,45.78255],[9.23143,45.78262],[9.23167,45.78264],[9.23191,45.78274],[9.23196,45.783]]},"properties":{}},{"type":"Feature","geometry":{"type":"LineString","coordinates":[[9.23212,45.78258],[9.23251,45.7827],[9.23352,45.78312],[9.23367,45.7831],[9.23394,45.78294],[9.23431,45.78292],[9.23449,45.78309],[9.23455,45.78321],[9.23452,45.78383],[9.23454,45.78391],[9.23466,45.78393],[9.23518,45.78374],[9.23539,45.78372],[9.23668,45.78408],[9.23676,45.78413],[9.23689,45.78436],[9.23729,45.78461],[9.23796,45.78473],[9.23829,45.78488],[9.23851,45.78514],[9.2386,45.78561],[9.23865,45.78565],[9.23882,45.78566]]},"properties":{}},{"type":"Feature","geometry":{"type":"LineString","coordinates":[[9.23357,45.78313],[9.23361,45.7832],[9.23359,45.78331],[9.23307,45.78408],[9.23299,45.78426],[9.23295,45.78459],[9.23265,45.78507],[9.23235,45.78545]]},"properties":{}},{"type":"Feature","geometry":{"type":"LineString","coordinates":[[9.23295,45.78459],[9.23214,45.78455]]},"properties":{}},{"type":"Feature","geometry":{"type":"LineString","coordinates":[[9.23454,45.78356],[9.2344,45.78371],[9.2341,45.78427],[9.23391,45.78499],[9.2335,45.78535],[9.2331,45.78562]]},"properties":{}},{"type":"Feature","geometry":{"type":"LineString","coordinates":[[9.23256,45.78519],[9.23218,45.78507]]},"properties":{}},{"type":"Feature","geometry":{"type":"LineString","coordinates":[[9.24066,45.78367],[9.24079,45.78372],[9.2412,45.78377],[9.24124,45.78382],[9.24127,45.78399],[9.24137,45.78402],[9.24149,45.784],[9.24183,45.78385],[9.24215,45.78376]]},"properties":{}},{"type":"Feature","geometry":{"type":"LineString","coordinates":[[9.24223,45.78422],[9.24225,45.78412],[9.24248,45.78402],[9.2426,45.78391],[9.24269,45.78376],[9.24272,45.78362]]},"properties":{}},{"type":"Feature","geometry":{"type":"LineString","coordinates":[[9.23893,45.78447],[9.2383,45.78455],[9.23818,45.78454],[9.23807,45.7845],[9.23784,45.78419],[9.23757,45.78344],[9.23744,45.78332]]},"properties":{}},{"type":"Feature","geometry":{"type":"LineString","coordinates":[[9.23893,45.78447],[9.23895,45.78419],[9.23881,45.78381]]},"properties":{}},{"type":"Feature","geometry":{"type":"LineString","coordinates":[[9.23945,45.78421],[9.23948,45.78407]]},"properties":{}},{"type":"Feature","geometry":{"type":"LineString","coordinates":[[9.24185,45.78424],[9.24232,45.78408]]},"properties":{}},{"type":"Feature","geometry":{"type":"LineString","coordinates":[[9.23947,45.78429],[9.23963,45.78407],[9.24067,45.78403]]},"properties":{}},{"type":"Feature","geometry":{"type":"LineString","coordinates":[[9.23924,45.7842],[9.23947,45.78429]]},"properties":{}},{"type":"Feature","geometry":{"type":"LineString","coordinates":[[9.23947,45.78429],[9.23945,45.78421]]},"properties":{}},{"type":"Feature","geometry":{"type":"LineString","coordinates":[[9.23947,45.78429],[9.23996,45.7843]]},"properties":{}},{"type":"Feature","geometry":{"type":"LineString","coordinates":[[9.10317,45.77525],[9.10466,45.77521]]},"properties":{}},{"type":"Feature","geometry":{"type":"LineString","coordinates":[[9.10242,45.77525],[9.10317,45.77525]]},"properties":{}},{"type":"Feature","geometry":{"type":"LineString","coordinates":[[9.12076,45.77366],[9.12023,45.77349],[9.11935,45.77298],[9.11913,45.77291],[9.1174,45.7727],[9.11681,45.77254],[9.11633,45.77245],[9.11619,45.77245],[9.11595,45.7725],[9.11553,45.77269],[9.11523,45.77296],[9.11513,45.77315],[9.11503,45.77361],[9.11468,45.7747],[9.11399,45.77559],[9.11377,45.77614],[9.11371,45.77711],[9.11365,45.7773],[9.1132,45.77772],[9.11284,45.77815],[9.11274,45.77836],[9.11255,45.77865],[9.11238,45.7788],[9.11213,45.77891],[9.111,45.77925],[9.11081,45.77928]]},"properties":{}},{"type":"Feature","geometry":{"type":"LineString","coordinates":[[9.10194,45.7772],[9.10159,45.77634],[9.10161,45.77544],[9.10169,45.77533],[9.10176,45.77529],[9.10198,45.77525],[9.10242,45.77525]]},"properties":{}},{"type":"Feature","geometry":{"type":"LineString","coordinates":[[9.10186,45.77844],[9.10193,45.77837],[9.102,45.77819],[9.10194,45.7772]]},"properties":{}},{"type":"Feature","geometry":{"type":"LineString","coordinates":[[9.10164,45.7786],[9.10186,45.77844]]},"properties":{}},{"type":"Feature","geometry":{"type":"LineString","coordinates":[[9.10067,45.7787],[9.1014,45.77866],[9.10164,45.7786]]},"properties":{}},{"type":"Feature","geometry":{"type":"LineString","coordinates":[[9.09876,45.77881],[9.10067,45.7787]]},"properties":{}},{"type":"Feature","geometry":{"type":"LineString","coordinates":[[9.11547,45.79094],[9.1156,45.79098],[9.11568,45.79106]]},"properties":{}},{"type":"Feature","geometry":{"type":"LineString","coordinates":[[9.11521,45.79108],[9.11537,45.79095],[9.11547,45.79094]]},"properties":{}},{"type":"Feature","geometry":{"type":"LineString","coordinates":[[9.09207,45.78846],[9.092,45.78856]]},"properties":{}},{"type":"Feature","geometry":{"type":"LineString","coordinates":[[9.092,45.78856],[9.09195,45.78858]]},"properties":{}},{"type":"Feature","geometry":{"type":"LineString","coordinates":[[9.09195,45.78858],[9.09182,45.78858]]},"properties":{}},{"type":"Feature","geometry":{"type":"LineString","coordinates":[[9.09207,45.78846],[9.09246,45.78869],[9.09275,45.78879],[9.09301,45.78896]]},"properties":{}},{"type":"Feature","geometry":{"type":"LineString","coordinates":[[9.09301,45.78896],[9.09243,45.78873],[9.09215,45.78857],[9.092,45.78856]]},"properties":{}},{"type":"Feature","geometry":{"type":"LineString","coordinates":[[9.08456,45.79015],[9.08439,45.78965],[9.08394,45.78793],[9.08387,45.78756]]},"properties":{}},{"type":"Feature","geometry":{"type":"LineString","coordinates":[[9.09301,45.78896],[9.09358,45.78932]]},"properties":{}},{"type":"Feature","geometry":{"type":"LineString","coordinates":[[9.09358,45.78932],[9.09409,45.78967]]},"properties":{}},{"type":"Feature","geometry":{"type":"LineString","coordinates":[[9.08758,45.78968],[9.08791,45.78964],[9.08869,45.78966]]},"properties":{}},{"type":"Feature","geometry":{"type":"LineString","coordinates":[[9.08848,45.78972],[9.08758,45.78968]]},"properties":{}},{"type":"Feature","geometry":{"type":"LineString","coordinates":[[9.11568,45.79106],[9.11557,45.791],[9.11546,45.791]]},"properties":{}},{"type":"Feature","geometry":{"type":"LineString","coordinates":[[9.11546,45.791],[9.11521,45.79108]]},"properties":{}},{"type":"Feature","geometry":{"type":"LineString","coordinates":[[9.09924,45.79248],[9.09983,45.79245],[9.10043,45.79248]]},"properties":{}},{"type":"Feature","geometry":{"type":"LineString","coordinates":[[9.10043,45.79248],[9.10086,45.79255]]},"properties":{}},{"type":"Feature","geometry":{"type":"LineString","coordinates":[[9.10086,45.79255],[9.10118,45.79274],[9.10123,45.79282],[9.10147,45.79357],[9.10161,45.79376],[9.10194,45.79395],[9.10231,45.794],[9.10289,45.79393],[9.10325,45.79393],[9.10368,45.79397],[9.10409,45.79405]]},"properties":{}},{"type":"Feature","geometry":{"type":"LineString","coordinates":[[9.10409,45.79405],[9.10427,45.79409]]},"properties":{}},{"type":"Feature","geometry":{"type":"LineString","coordinates":[[9.10427,45.79409],[9.10612,45.7947],[9.10703,45.79518]]},"properties":{}},{"type":"Feature","geometry":{"type":"LineString","coordinates":[[9.11611,45.79698],[9.1164,45.79759]]},"properties":{}},{"type":"Feature","geometry":{"type":"LineString","coordinates":[[9.09931,45.80846],[9.09929,45.80882],[9.09931,45.80888],[9.09937,45.80893],[9.09951,45.80895],[9.09984,45.8088]]},"properties":{}},{"type":"Feature","geometry":{"type":"LineString","coordinates":[[9.09984,45.8088],[9.10123,45.80828],[9.10204,45.80805],[9.10283,45.80795],[9.10374,45.80822],[9.10377,45.80825],[9.10376,45.80831],[9.10336,45.8084],[9.10293,45.8088],[9.10223,45.80922],[9.10203,45.80931],[9.10177,45.80938],[9.10162,45.8095],[9.10145,45.80971],[9.10128,45.81001],[9.10058,45.81025],[9.10055,45.81031],[9.10057,45.81039],[9.10068,45.81045],[9.10089,45.81047],[9.10151,45.81023],[9.10205,45.80986],[9.10377,45.8095],[9.10446,45.80939],[9.10453,45.80943],[9.10452,45.80948],[9.10426,45.80957],[9.10385,45.8098],[9.1035,45.80995],[9.10335,45.81006],[9.10315,45.81035],[9.10301,45.81069],[9.10291,45.81082],[9.10294,45.81084],[9.10302,45.81083],[9.10317,45.81065],[9.10361,45.81036],[9.1043,45.81024],[9.10438,45.81027],[9.10438,45.81034],[9.10383,45.81058],[9.10354,45.81094],[9.10293,45.81138],[9.10291,45.81144],[9.10299,45.81146],[9.10401,45.81099],[9.10433,45.8109],[9.10461,45.81093],[9.10511,45.81111],[9.10565,45.81116],[9.10575,45.81121],[9.10578,45.81127]]},"properties":{}},{"type":"Feature","geometry":{"type":"LineString","coordinates":[[9.08663,45.80219],[9.08637,45.80218]]},"properties":{}},{"type":"Feature","geometry":{"type":"LineString","coordinates":[[9.08634,45.8025],[9.08637,45.80218]]},"properties":{}},{"type":"Feature","geometry":{"type":"LineString","coordinates":[[9.08401,45.80252],[9.08409,45.80237],[9.08435,45.80218]]},"properties":{}},{"type":"Feature","geometry":{"type":"LineString","coordinates":[[9.08446,45.80223],[9.08401,45.80252]]},"properties":{}},{"type":"Feature","geometry":{"type":"LineString","coordinates":[[9.09273,45.80263],[9.09158,45.80214]]},"properties":{}},{"type":"Feature","geometry":{"type":"LineString","coordinates":[[9.09277,45.80238],[9.09337,45.80267]]},"properties":{}},{"type":"Feature","geometry":{"type":"LineString","coordinates":[[9.0935,45.80273],[9.0936,45.80272],[9.09379,45.80258]]},"properties":{}},{"type":"Feature","geometry":{"type":"LineString","coordinates":[[9.09324,45.80286],[9.09273,45.80263]]},"properties":{}},{"type":"Feature","geometry":{"type":"LineString","coordinates":[[9.09379,45.80258],[9.09377,45.80269],[9.09379,45.80278],[9.09428,45.80312]]},"properties":{}},{"type":"Feature","geometry":{"type":"LineString","coordinates":[[9.09119,45.80298],[9.09048,45.80281]]},"properties":{}},{"type":"Feature","geometry":{"type":"LineString","coordinates":[[9.08401,45.80252],[9.08253,45.80358]]},"properties":{}},{"type":"Feature","geometry":{"type":"LineString","coordinates":[[9.08634,45.8025],[9.08636,45.80316],[9.08618,45.80382]]},"properties":{}},{"type":"Feature","geometry":{"type":"LineString","coordinates":[[9.09483,45.80376],[9.09413,45.80332],[9.09324,45.80286]]},"properties":{}},{"type":"Feature","geometry":{"type":"LineString","coordinates":[[9.08253,45.80358],[9.08239,45.80368]]},"properties":{}},{"type":"Feature","geometry":{"type":"LineString","coordinates":[[9.08239,45.80368],[9.08153,45.80419]]},"properties":{}},{"type":"Feature","geometry":{"type":"LineString","coordinates":[[9.08153,45.80419],[9.08131,45.80436]]},"properties":{}},{"type":"Feature","geometry":{"type":"LineString","coordinates":[[9.08153,45.80419],[9.08149,45.80446]]},"properties":{}},{"type":"Feature","geometry":{"type":"LineString","coordinates":[[9.09877,45.80488],[9.09882,45.80481]]},"properties":{}},{"type":"Feature","geometry":{"type":"LineString","coordinates":[[9.0987,45.80497],[9.09877,45.80488]]},"properties":{}},{"type":"Feature","geometry":{"type":"LineString","coordinates":[[9.08618,45.80382],[9.08537,45.80603]]},"properties":{}},{"type":"Feature","geometry":{"type":"LineString","coordinates":[[9.09867,45.80501],[9.0987,45.80497]]},"properties":{}},{"type":"Feature","geometry":{"type":"LineString","coordinates":[[9.09818,45.80562],[9.09833,45.80548],[9.09867,45.80501]]},"properties":{}},{"type":"Feature","geometry":{"type":"LineString","coordinates":[[9.083,45.80529],[9.08498,45.80627]]},"properties":{}},{"type":"Feature","geometry":{"type":"LineString","coordinates":[[9.08102,45.80678],[9.08247,45.80536],[9.08267,45.80528],[9.083,45.80529]]},"properties":{}},{"type":"Feature","geometry":{"type":"LineString","coordinates":[[9.08533,45.80609],[9.08537,45.80603]]},"properties":{}},{"type":"Feature","geometry":{"type":"LineString","coordinates":[[9.08524,45.80624],[9.08533,45.80609]]},"properties":{}},{"type":"Feature","geometry":{"type":"LineString","coordinates":[[9.08498,45.80627],[9.08524,45.80624]]},"properties":{}},{"type":"Feature","geometry":{"type":"LineString","coordinates":[[9.08498,45.80627],[9.08503,45.80628]]},"properties":{}},{"type":"Feature","geometry":{"type":"LineString","coordinates":[[9.08503,45.80628],[9.0852,45.80635]]},"properties":{}},{"type":"Feature","geometry":{"type":"LineString","coordinates":[[9.08535,45.80643],[9.08607,45.80678]]},"properties":{}},{"type":"Feature","geometry":{"type":"LineString","coordinates":[[9.08607,45.80678],[9.08689,45.8072]]},"properties":{}},{"type":"Feature","geometry":{"type":"LineString","coordinates":[[9.08689,45.8072],[9.08832,45.8079]]},"properties":{}},{"type":"Feature","geometry":{"type":"LineString","coordinates":[[9.08841,45.80794],[9.0885,45.80799]]},"properties":{}},{"type":"Feature","geometry":{"type":"LineString","coordinates":[[9.0885,45.80799],[9.08823,45.80827]]},"properties":{}},{"type":"Feature","geometry":{"type":"LineString","coordinates":[[9.07732,45.81046],[9.08102,45.80678]]},"properties":{}},{"type":"Feature","geometry":{"type":"LineString","coordinates":[[9.08953,45.80851],[9.09021,45.80889]]},"properties":{}},{"type":"Feature","geometry":{"type":"LineString","coordinates":[[9.09021,45.80889],[9.09024,45.80891]]},"properties":{}},{"type":"Feature","geometry":{"type":"LineString","coordinates":[[9.08823,45.80827],[9.08699,45.8097]]},"properties":{}},{"type":"Feature","geometry":{"type":"LineString","coordinates":[[9.09541,45.81117],[9.09548,45.81113],[9.09563,45.81096],[9.09579,45.81058],[9.09589,45.81043],[9.09697,45.80959],[9.09726,45.80945],[9.09736,45.80935],[9.09748,45.80905],[9.09765,45.80878],[9.09804,45.80825],[9.0985,45.80778],[9.09884,45.80763],[9.09999,45.80732],[9.10023,45.80729],[9.10036,45.80731],[9.10053,45.80738],[9.10081,45.80761],[9.10081,45.80767],[9.10075,45.80769],[9.10047,45.80764],[9.10026,45.80766],[9.09955,45.80813],[9.09943,45.80825],[9.09931,45.80846]]},"properties":{}},{"type":"Feature","geometry":{"type":"LineString","coordinates":[[9.09024,45.80891],[9.09303,45.81041]]},"properties":{}},{"type":"Feature","geometry":{"type":"LineString","coordinates":[[9.1166,45.78278],[9.11705,45.78315],[9.11702,45.78329],[9.11757,45.78369],[9.11771,45.78384],[9.11771,45.78393],[9.1178,45.78419],[9.11772,45.78437],[9.11761,45.7844],[9.11739,45.78463],[9.1175,45.78472],[9.11692,45.78515],[9.11663,45.78541],[9.11655,45.7856],[9.11665,45.78581],[9.11692,45.7859],[9.11694,45.78605],[9.11705,45.78624],[9.11752,45.78659],[9.11764,45.7869],[9.11776,45.78706],[9.11793,45.7871],[9.11803,45.78719],[9.1182,45.78743],[9.11872,45.78755],[9.11883,45.78784],[9.11837,45.78799],[9.11843,45.78808],[9.11904,45.78817],[9.11948,45.7883]]},"properties":{}},{"type":"Feature","geometry":{"type":"LineString","coordinates":[[9.11684,45.80434],[9.12127,45.80394],[9.12346,45.80327],[9.12402,45.80315],[9.12512,45.80314],[9.12772,45.80277],[9.13041,45.80266],[9.13097,45.8027],[9.13204,45.80245],[9.13281,45.80238],[9.13408,45.80206],[9.13536,45.80185],[9.13587,45.80174],[9.13753,45.80122],[9.13813,45.80097],[9.13842,45.80077],[9.13877,45.80042],[9.13901,45.80031],[9.13927,45.80025]]},"properties":{}},{"type":"Feature","geometry":{"type":"LineString","coordinates":[[9.13531,45.83319],[9.13489,45.83338],[9.13447,45.83348],[9.13417,45.83351],[9.133,45.83319],[9.13251,45.83308],[9.13225,45.83308],[9.13198,45.83326],[9.13101,45.83459],[9.13088,45.8347],[9.13059,45.83478],[9.12945,45.83476],[9.12841,45.83509],[9.12805,45.83514],[9.1274,45.83501],[9.12667,45.83494]]},"properties":{}},{"type":"Feature","geometry":{"type":"LineString","coordinates":[[9.12033,45.87011],[9.12035,45.87012]]},"properties":{}},{"type":"Feature","geometry":{"type":"LineString","coordinates":[[9.12035,45.87012],[9.12038,45.87013]]},"properties":{}},{"type":"Feature","geometry":{"type":"LineString","coordinates":[[9.12038,45.87013],[9.12095,45.87033],[9.12153,45.87041],[9.12181,45.87051]]},"properties":{}},{"type":"Feature","geometry":{"type":"LineString","coordinates":[[9.12181,45.87051],[9.1221,45.87055]]},"properties":{}},{"type":"Feature","geometry":{"type":"LineString","coordinates":[[9.1221,45.87055],[9.12258,45.87076],[9.12412,45.87134],[9.12566,45.87226]]},"properties":{}},{"type":"Feature","geometry":{"type":"LineString","coordinates":[[9.12566,45.87226],[9.12576,45.87232]]},"properties":{}},{"type":"Feature","geometry":{"type":"LineString","coordinates":[[9.13117,45.9079],[9.13107,45.90845],[9.1309,45.90889]]},"properties":{}},{"type":"Feature","geometry":{"type":"LineString","coordinates":[[9.08887,45.84843],[9.08886,45.84884]]},"properties":{}},{"type":"Feature","geometry":{"type":"LineString","coordinates":[[9.08886,45.84884],[9.08887,45.84952]]},"properties":{}},{"type":"Feature","geometry":{"type":"LineString","coordinates":[[9.08887,45.84952],[9.08917,45.8505]]},"properties":{}},{"type":"Feature","geometry":{"type":"LineString","coordinates":[[9.08917,45.8505],[9.08916,45.85069],[9.08908,45.85098]]},"properties":{}},{"type":"Feature","geometry":{"type":"LineString","coordinates":[[9.08889,45.85133],[9.08889,45.85126],[9.08908,45.85098]]},"properties":{}},{"type":"Feature","geometry":{"type":"LineString","coordinates":[[9.08903,45.8513],[9.08899,45.85141]]},"properties":{}},{"type":"Feature","geometry":{"type":"LineString","coordinates":[[9.0891,45.85151],[9.08889,45.85133]]},"properties":{}},{"type":"Feature","geometry":{"type":"LineString","coordinates":[[9.0891,45.85151],[9.08924,45.85164]]},"properties":{}},{"type":"Feature","geometry":{"type":"LineString","coordinates":[[9.08924,45.85164],[9.0891,45.85164],[9.08901,45.85169]]},"properties":{}},{"type":"Feature","geometry":{"type":"LineString","coordinates":[[9.08924,45.85164],[9.08927,45.8517],[9.08927,45.85177],[9.08918,45.852],[9.08919,45.85211],[9.08969,45.85298],[9.09004,45.85323],[9.09082,45.85353],[9.09092,45.85361],[9.09112,45.85389]]},"properties":{}},{"type":"Feature","geometry":{"type":"LineString","coordinates":[[9.09112,45.85389],[9.09148,45.85443],[9.0923,45.85492],[9.09236,45.855],[9.09239,45.85511],[9.09235,45.85546]]},"properties":{}},{"type":"Feature","geometry":{"type":"LineString","coordinates":[[9.09235,45.85546],[9.09235,45.8555]]},"properties":{}},{"type":"Feature","geometry":{"type":"LineString","coordinates":[[9.09235,45.8555],[9.09236,45.85564],[9.09246,45.85577],[9.09263,45.8559],[9.09297,45.85611],[9.09378,45.85642],[9.09399,45.85665],[9.09416,45.85717],[9.0943,45.85751],[9.09439,45.85764],[9.09469,45.85784],[9.09591,45.85846],[9.09614,45.85861],[9.09636,45.85884],[9.09696,45.85922],[9.09723,45.8593],[9.09829,45.85927],[9.09919,45.85941]]},"properties":{}},{"type":"Feature","geometry":{"type":"LineString","coordinates":[[9.23996,45.7843],[9.24007,45.7843]]},"properties":{}},{"type":"Feature","geometry":{"type":"LineString","coordinates":[[9.23947,45.78429],[9.23954,45.78433]]},"properties":{}},{"type":"Feature","geometry":{"type":"LineString","coordinates":[[9.23996,45.7843],[9.23981,45.78436]]},"properties":{}},{"type":"Feature","geometry":{"type":"LineString","coordinates":[[9.23981,45.78436],[9.23954,45.78433]]},"properties":{}},{"type":"Feature","geometry":{"type":"LineString","coordinates":[[9.23994,45.78443],[9.23996,45.7843]]},"properties":{}},{"type":"Feature","geometry":{"type":"LineString","coordinates":[[9.23981,45.78436],[9.23978,45.78442]]},"properties":{}},{"type":"Feature","geometry":{"type":"LineString","coordinates":[[9.24007,45.7843],[9.24002,45.78453]]},"properties":{}},{"type":"Feature","geometry":{"type":"LineString","coordinates":[[9.23994,45.78443],[9.23978,45.78442]]},"properties":{}},{"type":"Feature","geometry":{"type":"LineString","coordinates":[[9.23954,45.78433],[9.23965,45.78442],[9.23973,45.78456]]},"properties":{}},{"type":"Feature","geometry":{"type":"LineString","coordinates":[[9.24002,45.78453],[9.23994,45.78443]]},"properties":{}},{"type":"Feature","geometry":{"type":"LineString","coordinates":[[9.23953,45.78461],[9.23918,45.78437],[9.23902,45.78437],[9.23893,45.78447]]},"properties":{}},{"type":"Feature","geometry":{"type":"LineString","coordinates":[[9.24035,45.78524],[9.23953,45.78461],[9.23913,45.78422],[9.23885,45.78386]]},"properties":{}},{"type":"Feature","geometry":{"type":"LineString","coordinates":[[9.23978,45.78442],[9.23974,45.78452],[9.23975,45.78461],[9.24007,45.78492]]},"properties":{}},{"type":"Feature","geometry":{"type":"LineString","coordinates":[[9.23924,45.7842],[9.23969,45.78463],[9.24045,45.78522]]},"properties":{}},{"type":"Feature","geometry":{"type":"LineString","coordinates":[[9.23983,45.78506],[9.23958,45.78486],[9.23973,45.78477]]},"properties":{}},{"type":"Feature","geometry":{"type":"LineString","coordinates":[[9.23892,45.78586],[9.23882,45.78568],[9.2388,45.78541],[9.23881,45.78513],[9.23893,45.78447]]},"properties":{}},{"type":"Feature","geometry":{"type":"LineString","coordinates":[[9.24002,45.78453],[9.2401,45.78469],[9.24022,45.7848],[9.24066,45.78487],[9.24079,45.78494],[9.24083,45.78502],[9.2408,45.78511],[9.24025,45.78542],[9.23915,45.78581]]},"properties":{}},{"type":"Feature","geometry":{"type":"LineString","coordinates":[[9.23915,45.78581],[9.23892,45.78586]]},"properties":{}},{"type":"Feature","geometry":{"type":"LineString","coordinates":[[9.239,45.78623],[9.23886,45.78624],[9.23879,45.78618],[9.2386,45.78576],[9.23863,45.78564]]},"properties":{}},{"type":"Feature","geometry":{"type":"LineString","coordinates":[[9.23924,45.7863],[9.23892,45.78586]]},"properties":{}},{"type":"Feature","geometry":{"type":"LineString","coordinates":[[9.24045,45.78522],[9.24133,45.78588],[9.24175,45.78624],[9.24207,45.78665],[9.24231,45.78714]]},"properties":{}},{"type":"Feature","geometry":{"type":"LineString","coordinates":[[9.23917,45.78619],[9.23909,45.78621]]},"properties":{}},{"type":"Feature","geometry":{"type":"LineString","coordinates":[[9.24222,45.78718],[9.24208,45.78685],[9.24194,45.78661],[9.2416,45.78621],[9.24138,45.78602],[9.24035,45.78524]]},"properties":{}},{"type":"Feature","geometry":{"type":"LineString","coordinates":[[9.23909,45.78621],[9.239,45.78623]]},"properties":{}},{"type":"Feature","geometry":{"type":"LineString","coordinates":[[9.23924,45.7863],[9.23924,45.78635]]},"properties":{}},{"type":"Feature","geometry":{"type":"LineString","coordinates":[[9.23924,45.78635],[9.23902,45.78671],[9.23888,45.78708],[9.2388,45.78742],[9.23874,45.78746]]},"properties":{}},{"type":"Feature","geometry":{"type":"LineString","coordinates":[[9.23874,45.78746],[9.23698,45.78783]]},"properties":{}},{"type":"Feature","geometry":{"type":"LineString","coordinates":[[9.23698,45.78783],[9.23655,45.78791]]},"properties":{}},{"type":"Feature","geometry":{"type":"LineString","coordinates":[[9.24231,45.78714],[9.24323,45.78966]]},"properties":{}},{"type":"Feature","geometry":{"type":"LineString","coordinates":[[9.24313,45.78966],[9.24222,45.78718]]},"properties":{}},{"type":"Feature","geometry":{"type":"LineString","coordinates":[[9.24322,45.78991],[9.24313,45.78966]]},"properties":{}},{"type":"Feature","geometry":{"type":"LineString","coordinates":[[9.24323,45.78966],[9.24333,45.78993]]},"properties":{}},{"type":"Feature","geometry":{"type":"LineString","coordinates":[[9.24349,45.79228],[9.24367,45.79187],[9.24372,45.79156],[9.24371,45.79134],[9.24363,45.79101],[9.24322,45.78991]]},"properties":{}},{"type":"Feature","geometry":{"type":"LineString","coordinates":[[9.24333,45.78993],[9.24373,45.79099],[9.24381,45.79133],[9.24382,45.79155],[9.24377,45.79189],[9.24366,45.79216],[9.24355,45.79235]]},"properties":{}},{"type":"Feature","geometry":{"type":"LineString","coordinates":[[9.2434,45.79241],[9.24349,45.79228]]},"properties":{}},{"type":"Feature","geometry":{"type":"LineString","coordinates":[[9.24355,45.79235],[9.24346,45.79248]]},"properties":{}},{"type":"Feature","geometry":{"type":"LineString","coordinates":[[9.24346,45.79248],[9.24215,45.7944]]},"properties":{}},{"type":"Feature","geometry":{"type":"LineString","coordinates":[[9.24157,45.79494],[9.24191,45.79457],[9.2434,45.79241]]},"properties":{}},{"type":"Feature","geometry":{"type":"LineString","coordinates":[[9.24215,45.7944],[9.24173,45.79508]]},"properties":{}},{"type":"Feature","geometry":{"type":"LineString","coordinates":[[9.24097,45.80143],[9.24096,45.80146]]},"properties":{}},{"type":"Feature","geometry":{"type":"LineString","coordinates":[[9.23265,45.78507],[9.23279,45.78519],[9.23302,45.78521],[9.23312,45.7852]]},"properties":{}},{"type":"Feature","geometry":{"type":"LineString","coordinates":[[9.23416,45.80637],[9.23421,45.80594]]},"properties":{}},{"type":"Feature","geometry":{"type":"LineString","coordinates":[[9.23412,45.80669],[9.23416,45.80637]]},"properties":{}},{"type":"Feature","geometry":{"type":"LineString","coordinates":[[9.22333,45.80703],[9.223,45.80698],[9.22278,45.80689],[9.22176,45.80631]]},"properties":{}},{"type":"Feature","geometry":{"type":"LineString","coordinates":[[9.22717,45.80752],[9.22737,45.80768]]},"properties":{}},{"type":"Feature","geometry":{"type":"LineString","coordinates":[[9.22741,45.80777],[9.22725,45.80768],[9.22717,45.80752]]},"properties":{}},{"type":"Feature","geometry":{"type":"LineString","coordinates":[[9.22737,45.80768],[9.22746,45.80771]]},"properties":{}},{"type":"Feature","geometry":{"type":"LineString","coordinates":[[9.22741,45.80777],[9.22742,45.80772],[9.2275,45.80771],[9.22753,45.80775],[9.22748,45.80779]]},"properties":{}},{"type":"Feature","geometry":{"type":"LineString","coordinates":[[9.22748,45.80779],[9.22741,45.80777]]},"properties":{}},{"type":"Feature","geometry":{"type":"LineString","coordinates":[[9.22753,45.80777],[9.228,45.8079],[9.22826,45.80793],[9.23046,45.80798]]},"properties":{}},{"type":"Feature","geometry":{"type":"LineString","coordinates":[[9.23046,45.80798],[9.23075,45.80807],[9.23082,45.80812]]},"properties":{}},{"type":"Feature","geometry":{"type":"LineString","coordinates":[[9.23366,45.8097],[9.23388,45.80883],[9.23412,45.80669]]},"properties":{}},{"type":"Feature","geometry":{"type":"LineString","coordinates":[[9.23082,45.80812],[9.23103,45.80827],[9.23165,45.80889],[9.23272,45.80981]]},"properties":{}},{"type":"Feature","geometry":{"type":"LineString","coordinates":[[9.2239,45.80971],[9.22385,45.80967]]},"properties":{}},{"type":"Feature","geometry":{"type":"LineString","coordinates":[[9.22404,45.80968],[9.22399,45.80971],[9.2239,45.80971]]},"properties":{}},{"type":"Feature","geometry":{"type":"LineString","coordinates":[[9.22401,45.80981],[9.2239,45.80971]]},"properties":{}},{"type":"Feature","geometry":{"type":"LineString","coordinates":[[9.22366,45.81174],[9.22334,45.81162],[9.22294,45.81155],[9.22226,45.81135],[9.2215,45.81099]]},"properties":{}},{"type":"Feature","geometry":{"type":"LineString","coordinates":[[9.22425,45.81113],[9.22396,45.81136],[9.22366,45.81174]]},"properties":{}},{"type":"Feature","geometry":{"type":"LineString","coordinates":[[9.22239,45.81308],[9.22274,45.81316]]},"properties":{}},{"type":"Feature","geometry":{"type":"LineString","coordinates":[[9.22277,45.81316],[9.22328,45.81311]]},"properties":{}},{"type":"Feature","geometry":{"type":"LineString","coordinates":[[9.22274,45.81316],[9.22277,45.81316]]},"properties":{}},{"type":"Feature","geometry":{"type":"LineString","coordinates":[[9.22264,45.81328],[9.22239,45.81308]]},"properties":{}},{"type":"Feature","geometry":{"type":"LineString","coordinates":[[9.22328,45.81311],[9.22286,45.81328]]},"properties":{}},{"type":"Feature","geometry":{"type":"LineString","coordinates":[[9.22264,45.81328],[9.22263,45.81322],[9.22274,45.81316]]},"properties":{}},{"type":"Feature","geometry":{"type":"LineString","coordinates":[[9.22277,45.81316],[9.22286,45.81321],[9.22286,45.81328]]},"properties":{}},{"type":"Feature","geometry":{"type":"LineString","coordinates":[[9.22286,45.81328],[9.22284,45.8133]]},"properties":{}},{"type":"Feature","geometry":{"type":"LineString","coordinates":[[9.22269,45.81332],[9.22264,45.81328]]},"properties":{}},{"type":"Feature","geometry":{"type":"LineString","coordinates":[[9.22284,45.8133],[9.22278,45.81333],[9.22269,45.81332]]},"properties":{}},{"type":"Feature","geometry":{"type":"LineString","coordinates":[[9.22284,45.8133],[9.22292,45.81352]]},"properties":{}},{"type":"Feature","geometry":{"type":"LineString","coordinates":[[9.22292,45.81352],[9.22269,45.81332]]},"properties":{}},{"type":"Feature","geometry":{"type":"LineString","coordinates":[[9.20008,45.78245],[9.1998,45.78247]]},"properties":{}},{"type":"Feature","geometry":{"type":"LineString","coordinates":[[9.20396,45.80062],[9.20391,45.80044],[9.20392,45.79968]]},"properties":{}},{"type":"Feature","geometry":{"type":"LineString","coordinates":[[9.20396,45.80062],[9.20406,45.80073],[9.20404,45.80081],[9.20501,45.80197],[9.20501,45.80209]]},"properties":{}},{"type":"Feature","geometry":{"type":"LineString","coordinates":[[9.20609,45.80317],[9.20588,45.80312],[9.20513,45.80217],[9.20501,45.80209]]},"properties":{}},{"type":"Feature","geometry":{"type":"LineString","coordinates":[[9.19788,45.97525],[9.19798,45.97531]]},"properties":{}},{"type":"Feature","geometry":{"type":"LineString","coordinates":[[9.19798,45.97531],[9.19912,45.97606]]},"properties":{}},{"type":"Feature","geometry":{"type":"LineString","coordinates":[[9.19912,45.97606],[9.19929,45.97618]]},"properties":{}},{"type":"Feature","geometry":{"type":"LineString","coordinates":[[9.21181,45.75],[9.21223,45.75067],[9.21235,45.75069]]},"properties":{}},{"type":"Feature","geometry":{"type":"LineString","coordinates":[[9.21043,45.75875],[9.21052,45.75864],[9.21037,45.75855],[9.21035,45.75843],[9.21044,45.75829],[9.21057,45.75824],[9.21044,45.75806],[9.21024,45.75808],[9.21013,45.75803],[9.20988,45.75751],[9.2098,45.75752]]},"properties":{}},{"type":"Feature","geometry":{"type":"LineString","coordinates":[[9.21615,45.76234],[9.2161,45.76221],[9.21624,45.76205],[9.21628,45.76189],[9.2162,45.76138],[9.21613,45.76118],[9.21599,45.76104],[9.21587,45.76095],[9.2149,45.76047],[9.21032,45.75871],[9.21009,45.75869],[9.20962,45.75878],[9.20918,45.75914],[9.20904,45.75917]]},"properties":{}},{"type":"Feature","geometry":{"type":"LineString","coordinates":[[9.21619,45.76239],[9.21615,45.76234]]},"properties":{}},{"type":"Feature","geometry":{"type":"LineString","coordinates":[[9.2183,45.77881],[9.2182,45.77852],[9.21798,45.77852],[9.2179,45.7786]]},"properties":{}},{"type":"Feature","geometry":{"type":"LineString","coordinates":[[9.218,45.77974],[9.21758,45.7795],[9.21747,45.7794],[9.21748,45.77931],[9.21778,45.77907]]},"properties":{}},{"type":"Feature","geometry":{"type":"LineString","coordinates":[[9.21839,45.78],[9.218,45.77974]]},"properties":{}},{"type":"Feature","geometry":{"type":"LineString","coordinates":[[9.21224,45.98113],[9.21237,45.98116]]},"properties":{}},{"type":"Feature","geometry":{"type":"LineString","coordinates":[[9.21237,45.98116],[9.21306,45.98128],[9.2134,45.98138],[9.21403,45.98165]]},"properties":{}},{"type":"Feature","geometry":{"type":"LineString","coordinates":[[9.22968,45.81586],[9.22878,45.81648],[9.22799,45.81719],[9.22766,45.81737],[9.22749,45.81737]]},"properties":{}},{"type":"Feature","geometry":{"type":"LineString","coordinates":[[9.22739,45.81737],[9.22736,45.81752],[9.22729,45.81757],[9.22591,45.81741],[9.22579,45.81713],[9.22575,45.8171],[9.22569,45.81713]]},"properties":{}},{"type":"Feature","geometry":{"type":"LineString","coordinates":[[9.22749,45.81737],[9.22739,45.81737]]},"properties":{}},{"type":"Feature","geometry":{"type":"LineString","coordinates":[[9.22821,45.8227],[9.22854,45.82212],[9.22867,45.82176],[9.22877,45.82135],[9.22877,45.82117],[9.22881,45.82106],[9.22912,45.82072],[9.22917,45.82054],[9.22903,45.82008],[9.22881,45.81981],[9.22829,45.81938],[9.22826,45.81928],[9.22828,45.81917],[9.22843,45.8189],[9.22852,45.81883],[9.22952,45.81833],[9.22983,45.81821],[9.23099,45.81784],[9.23147,45.81765],[9.23186,45.81745],[9.23242,45.81686]]},"properties":{}},{"type":"Feature","geometry":{"type":"LineString","coordinates":[[9.22677,45.82733],[9.22687,45.82711],[9.22719,45.8267],[9.22866,45.82548],[9.22875,45.82536],[9.22877,45.82513],[9.22869,45.82439],[9.22867,45.82359],[9.22859,45.82342],[9.22828,45.8231],[9.22821,45.82289],[9.22821,45.8227]]},"properties":{}},{"type":"Feature","geometry":{"type":"LineString","coordinates":[[9.22515,45.82576],[9.22614,45.82556],[9.22622,45.82557],[9.22644,45.82573],[9.22656,45.82574]]},"properties":{}},{"type":"Feature","geometry":{"type":"LineString","coordinates":[[9.24002,45.88315],[9.23994,45.88314],[9.23992,45.8831],[9.23989,45.88292],[9.23969,45.88252],[9.23953,45.88237],[9.23941,45.88238],[9.23851,45.88267],[9.23817,45.88271],[9.23744,45.88271],[9.237,45.88264],[9.23629,45.88223],[9.23557,45.88169],[9.23446,45.88101],[9.23437,45.88098],[9.23356,45.88101],[9.233,45.88113],[9.23148,45.88136],[9.23106,45.88124],[9.23055,45.88123],[9.23048,45.88125],[9.23053,45.88132],[9.23086,45.88145],[9.23125,45.88176],[9.23166,45.88201],[9.23195,45.88213],[9.23235,45.88221],[9.23255,45.88235],[9.23261,45.88245],[9.23262,45.88257],[9.23239,45.88357],[9.23236,45.88359],[9.23229,45.88359],[9.23215,45.88334],[9.23194,45.8831],[9.23158,45.88296],[9.23065,45.88297],[9.23018,45.88289],[9.22975,45.88288]]},"properties":{}},{"type":"Feature","geometry":{"type":"LineString","coordinates":[[9.22005,45.98175],[9.22162,45.98168],[9.22208,45.98178]]},"properties":{}},{"type":"Feature","geometry":{"type":"LineString","coordinates":[[9.1591,45.77944],[9.15896,45.77931]]},"properties":{}},{"type":"Feature","geometry":{"type":"LineString","coordinates":[[9.16011,45.79536],[9.15917,45.79545]]},"properties":{}},{"type":"Feature","geometry":{"type":"LineString","coordinates":[[9.15606,45.81036],[9.15585,45.81018],[9.1558,45.81004],[9.15581,45.80984],[9.15594,45.80961]]},"properties":{}},{"type":"Feature","geometry":{"type":"LineString","coordinates":[[9.16965,45.7916],[9.16949,45.79164],[9.16676,45.79171],[9.16638,45.79176],[9.1663,45.79184],[9.16585,45.79363]]},"properties":{}},{"type":"Feature","geometry":{"type":"LineString","coordinates":[[9.17238,45.79639],[9.17263,45.79579]]},"properties":{}},{"type":"Feature","geometry":{"type":"LineString","coordinates":[[9.1625,45.96126],[9.16297,45.96161],[9.16347,45.9618],[9.16446,45.96208],[9.16479,45.96222],[9.16498,45.96236],[9.16707,45.96453],[9.1681,45.96533],[9.16842,45.96549],[9.16854,45.96563]]},"properties":{}},{"type":"Feature","geometry":{"type":"LineString","coordinates":[[9.16854,45.96563],[9.16877,45.96591],[9.16916,45.96623],[9.17041,45.96665]]},"properties":{}},{"type":"Feature","geometry":{"type":"LineString","coordinates":[[9.17041,45.96665],[9.1708,45.96675],[9.17177,45.96714]]},"properties":{}},{"type":"Feature","geometry":{"type":"LineString","coordinates":[[9.17177,45.96714],[9.17189,45.96721],[9.17205,45.96737],[9.17242,45.96788],[9.17249,45.96794],[9.17324,45.96827]]},"properties":{}},{"type":"Feature","geometry":{"type":"LineString","coordinates":[[9.17324,45.96827],[9.17395,45.96854]]},"properties":{}},{"type":"Feature","geometry":{"type":"LineString","coordinates":[[9.17395,45.96854],[9.17456,45.96879],[9.17488,45.96904],[9.17502,45.96909],[9.17549,45.96915],[9.17573,45.96912]]},"properties":{}},{"type":"Feature","geometry":{"type":"LineString","coordinates":[[9.17573,45.96912],[9.17647,45.96889]]},"properties":{}},{"type":"Feature","geometry":{"type":"LineString","coordinates":[[9.19135,45.76065],[9.19235,45.76129],[9.1927,45.76146]]},"properties":{}},{"type":"Feature","geometry":{"type":"LineString","coordinates":[[9.18441,45.76295],[9.18473,45.76277],[9.18472,45.76169],[9.1846,45.76167],[9.18405,45.76174],[9.18391,45.7618],[9.18363,45.76229],[9.18362,45.76251],[9.18367,45.76265],[9.18386,45.76286],[9.18401,45.76295],[9.18441,45.76295]]},"properties":{}},{"type":"Feature","geometry":{"type":"LineString","coordinates":[[9.18629,45.79462],[9.18626,45.79448],[9.1863,45.79435],[9.18639,45.79432]]},"properties":{}},{"type":"Feature","geometry":{"type":"LineString","coordinates":[[9.18639,45.79432],[9.18639,45.79443],[9.18629,45.79462]]},"properties":{}},{"type":"Feature","geometry":{"type":"LineString","coordinates":[[9.18755,45.80184],[9.18744,45.80189],[9.18651,45.80267]]},"properties":{}},{"type":"Feature","geometry":{"type":"LineString","coordinates":[[9.18533,45.96778],[9.18565,45.96791],[9.18631,45.96808]]},"properties":{}},{"type":"Feature","geometry":{"type":"LineString","coordinates":[[9.17647,45.96889],[9.1772,45.96857],[9.1777,45.96826],[9.17789,45.96818],[9.17925,45.96786],[9.18051,45.96764],[9.18213,45.96753],[9.18256,45.96754],[9.18323,45.96761],[9.18355,45.96759],[9.18395,45.96752],[9.1843,45.96734],[9.18456,45.96731],[9.18472,45.96731],[9.18488,45.96737],[9.18533,45.96778]]},"properties":{}},{"type":"Feature","geometry":{"type":"LineString","coordinates":[[9.18631,45.96808],[9.18677,45.96819]]},"properties":{}},{"type":"Feature","geometry":{"type":"LineString","coordinates":[[9.18677,45.96819],[9.1923,45.96966],[9.1927,45.96986],[9.19299,45.97015],[9.19493,45.97282],[9.1951,45.97301],[9.19749,45.97498],[9.19788,45.97525]]},"properties":{}},{"type":"Feature","geometry":{"type":"LineString","coordinates":[[9.14505,45.95359],[9.14649,45.95434],[9.14734,45.95464]]},"properties":{}},{"type":"Feature","geometry":{"type":"LineString","coordinates":[[9.14734,45.95464],[9.14756,45.95473]]},"properties":{}},{"type":"Feature","geometry":{"type":"LineString","coordinates":[[9.14756,45.95473],[9.1488,45.95524],[9.14962,45.95546],[9.15101,45.95614]]},"properties":{}},{"type":"Feature","geometry":{"type":"LineString","coordinates":[[9.15101,45.95614],[9.15366,45.95719],[9.15406,45.95729],[9.15447,45.95732],[9.15469,45.95738],[9.15529,45.9577],[9.15559,45.9579],[9.1559,45.95827]]},"properties":{}},{"type":"Feature","geometry":{"type":"LineString","coordinates":[[9.1559,45.95827],[9.15596,45.95832]]},"properties":{}},{"type":"Feature","geometry":{"type":"LineString","coordinates":[[9.15596,45.95832],[9.15608,45.95838],[9.15627,45.95842],[9.15704,45.95847],[9.15744,45.95853],[9.15818,45.95885]]},"properties":{}},{"type":"Feature","geometry":{"type":"LineString","coordinates":[[9.15818,45.95885],[9.15831,45.95889],[9.15888,45.95891],[9.15905,45.95897],[9.15973,45.9593],[9.15995,45.95952],[9.16031,45.95981],[9.1609,45.96001],[9.1625,45.96126]]},"properties":{}},{"type":"Feature","geometry":{"type":"LineString","coordinates":[[9.07255,45.83475],[9.0725,45.83475]]},"properties":{}},{"type":"Feature","geometry":{"type":"LineString","coordinates":[[9.07284,45.83491],[9.07255,45.83475]]},"properties":{}},{"type":"Feature","geometry":{"type":"LineString","coordinates":[[9.0729,45.83491],[9.07298,45.83511]]},"properties":{}},{"type":"Feature","geometry":{"type":"LineString","coordinates":[[9.07284,45.83491],[9.07292,45.83512]]},"properties":{}},{"type":"Feature","geometry":{"type":"LineString","coordinates":[[9.07292,45.83512],[9.07299,45.83531]]},"properties":{}},{"type":"Feature","geometry":{"type":"LineString","coordinates":[[9.07298,45.83511],[9.07341,45.83627]]},"properties":{}},{"type":"Feature","geometry":{"type":"LineString","coordinates":[[9.07336,45.83628],[9.07341,45.83627]]},"properties":{}},{"type":"Feature","geometry":{"type":"LineString","coordinates":[[9.07341,45.83627],[9.07391,45.83761]]},"properties":{}},{"type":"Feature","geometry":{"type":"LineString","coordinates":[[9.07299,45.83531],[9.07441,45.83906]]},"properties":{}},{"type":"Feature","geometry":{"type":"LineString","coordinates":[[9.07391,45.83761],[9.07387,45.83761]]},"properties":{}},{"type":"Feature","geometry":{"type":"LineString","coordinates":[[9.07439,45.83926],[9.07438,45.83917],[9.07441,45.83906]]},"properties":{}},{"type":"Feature","geometry":{"type":"LineString","coordinates":[[9.07452,45.83939],[9.07439,45.83926]]},"properties":{}},{"type":"Feature","geometry":{"type":"LineString","coordinates":[[9.07452,45.83939],[9.07467,45.8398]]},"properties":{}},{"type":"Feature","geometry":{"type":"LineString","coordinates":[[9.07467,45.8398],[9.07489,45.84009]]},"properties":{}},{"type":"Feature","geometry":{"type":"LineString","coordinates":[[9.07489,45.84009],[9.07498,45.84016]]},"properties":{}},{"type":"Feature","geometry":{"type":"LineString","coordinates":[[9.07511,45.84033],[9.07498,45.84016]]},"properties":{}},{"type":"Feature","geometry":{"type":"LineString","coordinates":[[9.07515,45.84046],[9.07509,45.8404],[9.07511,45.84033]]},"properties":{}},{"type":"Feature","geometry":{"type":"LineString","coordinates":[[9.07552,45.84049],[9.0753,45.84046]]},"properties":{}},{"type":"Feature","geometry":{"type":"LineString","coordinates":[[9.07552,45.84049],[9.07554,45.8405]]},"properties":{}},{"type":"Feature","geometry":{"type":"LineString","coordinates":[[9.07554,45.8405],[9.07624,45.84094]]},"properties":{}},{"type":"Feature","geometry":{"type":"LineString","coordinates":[[9.07624,45.84094],[9.07636,45.84103]]},"properties":{}},{"type":"Feature","geometry":{"type":"LineString","coordinates":[[9.07636,45.84103],[9.07648,45.84112]]},"properties":{}},{"type":"Feature","geometry":{"type":"LineString","coordinates":[[9.07648,45.84112],[9.0765,45.84115]]},"properties":{}},{"type":"Feature","geometry":{"type":"LineString","coordinates":[[9.0765,45.84115],[9.07699,45.84162]]},"properties":{}},{"type":"Feature","geometry":{"type":"LineString","coordinates":[[9.0686,45.84192],[9.06756,45.84147]]},"properties":{}},{"type":"Feature","geometry":{"type":"LineString","coordinates":[[9.07699,45.84162],[9.07733,45.84193],[9.07752,45.84226],[9.0776,45.84246]]},"properties":{}},{"type":"Feature","geometry":{"type":"LineString","coordinates":[[9.07071,45.84388],[9.07082,45.84401]]},"properties":{}},{"type":"Feature","geometry":{"type":"LineString","coordinates":[[9.07082,45.84401],[9.07082,45.84403]]},"properties":{}},{"type":"Feature","geometry":{"type":"LineString","coordinates":[[9.07082,45.84403],[9.07047,45.84451]]},"properties":{}},{"type":"Feature","geometry":{"type":"LineString","coordinates":[[9.07829,45.84442],[9.07835,45.84448]]},"properties":{}},{"type":"Feature","geometry":{"type":"LineString","coordinates":[[9.07047,45.84451],[9.07039,45.8448],[9.07039,45.84495],[9.07044,45.84506],[9.07057,45.84517],[9.071,45.84531]]},"properties":{}},{"type":"Feature","geometry":{"type":"LineString","coordinates":[[9.07123,45.8454],[9.07136,45.84527],[9.07162,45.84524],[9.07176,45.84525],[9.07179,45.84522],[9.07231,45.84506],[9.07307,45.84494],[9.07388,45.84496],[9.07401,45.84487]]},"properties":{}},{"type":"Feature","geometry":{"type":"LineString","coordinates":[[9.07108,45.84534],[9.071,45.84531]]},"properties":{}},{"type":"Feature","geometry":{"type":"LineString","coordinates":[[9.07116,45.84538],[9.07108,45.84534]]},"properties":{}},{"type":"Feature","geometry":{"type":"LineString","coordinates":[[9.0704,45.84498],[9.07002,45.84511],[9.06947,45.84549],[9.0694,45.84559],[9.06951,45.84578]]},"properties":{}},{"type":"Feature","geometry":{"type":"LineString","coordinates":[[9.07123,45.8454],[9.07116,45.84538]]},"properties":{}},{"type":"Feature","geometry":{"type":"LineString","coordinates":[[9.07835,45.84448],[9.07845,45.84462],[9.07851,45.84476],[9.07875,45.84566],[9.0789,45.84589],[9.07921,45.84612],[9.07946,45.84622],[9.07977,45.84629],[9.08202,45.84647]]},"properties":{}},{"type":"Feature","geometry":{"type":"LineString","coordinates":[[9.08202,45.84647],[9.08374,45.84658],[9.08496,45.84643]]},"properties":{}},{"type":"Feature","geometry":{"type":"LineString","coordinates":[[9.08496,45.84643],[9.08546,45.84633],[9.08643,45.84599],[9.0868,45.84596],[9.08699,45.84601],[9.08835,45.84656],[9.08861,45.84672],[9.08877,45.84691],[9.08887,45.84709],[9.08892,45.84728],[9.0889,45.8479]]},"properties":{}},{"type":"Feature","geometry":{"type":"LineString","coordinates":[[9.0889,45.8479],[9.08887,45.84843]]},"properties":{}},{"type":"Feature","geometry":{"type":"LineString","coordinates":[[9.09919,45.85941],[9.10063,45.8597]]},"properties":{}},{"type":"Feature","geometry":{"type":"LineString","coordinates":[[9.10063,45.8597],[9.10069,45.85973]]},"properties":{}},{"type":"Feature","geometry":{"type":"LineString","coordinates":[[9.10069,45.85973],[9.10182,45.86028],[9.10195,45.86038],[9.10211,45.86057],[9.10219,45.86081],[9.1027,45.86154],[9.10301,45.86178],[9.10425,45.86223],[9.10528,45.86237],[9.10549,45.86241],[9.10565,45.8625],[9.10576,45.86259],[9.10581,45.86269],[9.106,45.86326],[9.10616,45.86366],[9.10626,45.86381],[9.10741,45.86462],[9.10827,45.86514],[9.10907,45.86542],[9.10955,45.86566],[9.10993,45.86579],[9.11035,45.86603],[9.1111,45.86626],[9.11147,45.8665],[9.1121,45.86703],[9.11277,45.86737],[9.11387,45.86755],[9.11509,45.86787],[9.11523,45.86796],[9.11546,45.86818],[9.11562,45.86821],[9.11616,45.86824],[9.1164,45.86831],[9.11709,45.86876],[9.11787,45.8691],[9.11892,45.86933],[9.11958,45.86964],[9.12007,45.87],[9.12033,45.87011]]},"properties":{}},{"type":"Feature","geometry":{"type":"LineString","coordinates":[[9.12576,45.87232],[9.12595,45.87242],[9.12609,45.87254],[9.12631,45.87265],[9.12664,45.87274],[9.12675,45.87274],[9.12747,45.87326],[9.12804,45.87355],[9.12866,45.87394],[9.12898,45.87407],[9.13026,45.87448],[9.13057,45.87473],[9.13094,45.87494],[9.13189,45.87543],[9.13281,45.87583],[9.13314,45.87601],[9.13375,45.87655],[9.13403,45.87686],[9.13475,45.87741],[9.13553,45.87781],[9.13614,45.87793],[9.1365,45.87806],[9.13768,45.8787],[9.13793,45.87888]]},"properties":{}},{"type":"Feature","geometry":{"type":"LineString","coordinates":[[9.13793,45.87888],[9.13799,45.87893]]},"properties":{}},{"type":"Feature","geometry":{"type":"LineString","coordinates":[[9.13799,45.87893],[9.13814,45.87912],[9.13817,45.87984],[9.13808,45.88009]]},"properties":{}},{"type":"Feature","geometry":{"type":"LineString","coordinates":[[9.13808,45.88009],[9.13798,45.8803],[9.13797,45.8805],[9.13806,45.8807],[9.13835,45.88094]]},"properties":{}},{"type":"Feature","geometry":{"type":"LineString","coordinates":[[9.13835,45.88094],[9.13837,45.88096]]},"properties":{}},{"type":"Feature","geometry":{"type":"LineString","coordinates":[[9.13837,45.88096],[9.13852,45.88103]]},"properties":{}},{"type":"Feature","geometry":{"type":"LineString","coordinates":[[9.13852,45.88103],[9.13871,45.88109]]},"properties":{}},{"type":"Feature","geometry":{"type":"LineString","coordinates":[[9.13871,45.88109],[9.13891,45.88122],[9.13913,45.88145]]},"properties":{}},{"type":"Feature","geometry":{"type":"LineString","coordinates":[[9.13918,45.88151],[9.13937,45.88176],[9.13943,45.88213],[9.13949,45.88227],[9.13987,45.88279],[9.13991,45.88297]]},"properties":{}},{"type":"Feature","geometry":{"type":"LineString","coordinates":[[9.13991,45.88297],[9.13993,45.88322],[9.14004,45.88336],[9.14079,45.88401],[9.14136,45.88465],[9.14192,45.88519],[9.142,45.88533],[9.14207,45.88562],[9.14216,45.88653],[9.14224,45.88693],[9.14234,45.88709],[9.14267,45.88743],[9.14274,45.88758],[9.14283,45.88795],[9.14318,45.88848],[9.14322,45.88859],[9.1433,45.88985],[9.14333,45.88994],[9.14391,45.89073],[9.14407,45.89102],[9.14417,45.89132],[9.14422,45.89191],[9.14421,45.89213],[9.14412,45.89238],[9.1432,45.89331],[9.14303,45.89355],[9.14274,45.89405],[9.14265,45.8943]]},"properties":{}},{"type":"Feature","geometry":{"type":"LineString","coordinates":[[9.14243,45.89434],[9.14257,45.89433],[9.14265,45.8943]]},"properties":{}},{"type":"Feature","geometry":{"type":"LineString","coordinates":[[9.14222,45.89455],[9.14229,45.8945],[9.14238,45.89436],[9.14243,45.89434]]},"properties":{}},{"type":"Feature","geometry":{"type":"LineString","coordinates":[[9.14238,45.89443],[9.14211,45.89479]]},"properties":{}},{"type":"Feature","geometry":{"type":"LineString","coordinates":[[9.14211,45.89479],[9.14222,45.89455]]},"properties":{}},{"type":"Feature","geometry":{"type":"LineString","coordinates":[[9.14211,45.89479],[9.14195,45.89498],[9.14135,45.89545],[9.14064,45.89585],[9.14006,45.89612],[9.13969,45.89638],[9.13937,45.89653],[9.13912,45.89671],[9.13858,45.89742],[9.13821,45.89778],[9.13746,45.89841]]},"properties":{}},{"type":"Feature","geometry":{"type":"LineString","coordinates":[[9.13746,45.89841],[9.13721,45.89875],[9.13703,45.89907],[9.13692,45.89961],[9.13677,45.89992],[9.13429,45.90304],[9.13417,45.90322],[9.13403,45.90354],[9.13382,45.90379]]},"properties":{}},{"type":"Feature","geometry":{"type":"LineString","coordinates":[[9.13382,45.90379],[9.13376,45.90385]]},"properties":{}},{"type":"Feature","geometry":{"type":"LineString","coordinates":[[9.13376,45.90385],[9.1331,45.90452],[9.1327,45.90507],[9.13188,45.9058],[9.13174,45.90599],[9.13166,45.90625]]},"properties":{}},{"type":"Feature","geometry":{"type":"LineString","coordinates":[[9.13166,45.90625],[9.13131,45.90729],[9.13117,45.9079]]},"properties":{}},{"type":"Feature","geometry":{"type":"LineString","coordinates":[[9.13132,45.91054],[9.13129,45.91038],[9.1312,45.91018],[9.13103,45.90997]]},"properties":{}},{"type":"Feature","geometry":{"type":"LineString","coordinates":[[9.13131,45.91091],[9.13132,45.91054]]},"properties":{}},{"type":"Feature","geometry":{"type":"LineString","coordinates":[[9.13132,45.91169],[9.13132,45.91161],[9.13142,45.91131],[9.13131,45.91091]]},"properties":{}},{"type":"Feature","geometry":{"type":"LineString","coordinates":[[9.13149,45.91298],[9.13152,45.91271],[9.13145,45.91195],[9.13132,45.91169]]},"properties":{}},{"type":"Feature","geometry":{"type":"LineString","coordinates":[[9.13155,45.91368],[9.13148,45.91347],[9.13149,45.91298]]},"properties":{}},{"type":"Feature","geometry":{"type":"LineString","coordinates":[[9.13166,45.91381],[9.13155,45.91368]]},"properties":{}},{"type":"Feature","geometry":{"type":"LineString","coordinates":[[9.13195,45.91466],[9.13202,45.91436],[9.13196,45.91418],[9.13166,45.91381]]},"properties":{}},{"type":"Feature","geometry":{"type":"LineString","coordinates":[[9.13173,45.91514],[9.13195,45.91466]]},"properties":{}},{"type":"Feature","geometry":{"type":"LineString","coordinates":[[9.13168,45.91541],[9.13166,45.91528],[9.13173,45.91514]]},"properties":{}},{"type":"Feature","geometry":{"type":"LineString","coordinates":[[9.13168,45.91542],[9.13168,45.91541]]},"properties":{}},{"type":"Feature","geometry":{"type":"LineString","coordinates":[[9.13173,45.91547],[9.13168,45.91542]]},"properties":{}},{"type":"Feature","geometry":{"type":"LineString","coordinates":[[9.1309,45.90889],[9.13086,45.90938],[9.13092,45.90979]]},"properties":{}},{"type":"Feature","geometry":{"type":"LineString","coordinates":[[9.13103,45.90997],[9.13092,45.90979]]},"properties":{}},{"type":"Feature","geometry":{"type":"LineString","coordinates":[[9.13141,45.92118],[9.13123,45.9216],[9.13119,45.92178],[9.1312,45.92197],[9.13144,45.92316],[9.13143,45.92333],[9.13139,45.92349],[9.13087,45.92457],[9.13083,45.9247],[9.13085,45.92487],[9.13099,45.92531],[9.13101,45.92545],[9.13098,45.92579],[9.13089,45.92614],[9.13087,45.92653],[9.13082,45.9267],[9.13059,45.92699],[9.13041,45.92729],[9.12955,45.92944],[9.12945,45.9296],[9.1293,45.92973],[9.12874,45.9301],[9.12861,45.93025],[9.12854,45.93042],[9.12823,45.93178],[9.12826,45.93211],[9.12837,45.9324],[9.12853,45.93305],[9.1285,45.93339],[9.12834,45.93385]]},"properties":{}},{"type":"Feature","geometry":{"type":"LineString","coordinates":[[9.12834,45.93385],[9.12816,45.93441],[9.12811,45.9348],[9.12814,45.9352],[9.12828,45.93596]]},"properties":{}},{"type":"Feature","geometry":{"type":"LineString","coordinates":[[9.12828,45.93596],[9.12839,45.93675],[9.12836,45.9369],[9.12813,45.93754],[9.12803,45.938]]},"properties":{}},{"type":"Feature","geometry":{"type":"LineString","coordinates":[[9.12803,45.938],[9.12785,45.93943],[9.12789,45.93955],[9.12813,45.93984],[9.12819,45.94008],[9.12823,45.94065],[9.12808,45.94146],[9.12815,45.94202],[9.12812,45.94233],[9.12812,45.94268]]},"properties":{}},{"type":"Feature","geometry":{"type":"LineString","coordinates":[[9.12812,45.94268],[9.12828,45.94309]]},"properties":{}},{"type":"Feature","geometry":{"type":"LineString","coordinates":[[9.12828,45.94309],[9.12832,45.94314]]},"properties":{}},{"type":"Feature","geometry":{"type":"LineString","coordinates":[[9.12832,45.94314],[9.1285,45.94343]]},"properties":{}},{"type":"Feature","geometry":{"type":"LineString","coordinates":[[9.1285,45.94343],[9.12849,45.94361],[9.12842,45.94373],[9.12814,45.94393]]},"properties":{}},{"type":"Feature","geometry":{"type":"LineString","coordinates":[[9.13207,45.91599],[9.13204,45.91573],[9.13173,45.91547]]},"properties":{}},{"type":"Feature","geometry":{"type":"LineString","coordinates":[[9.13207,45.91605],[9.13207,45.91599]]},"properties":{}},{"type":"Feature","geometry":{"type":"LineString","coordinates":[[9.13216,45.91784],[9.13208,45.91747],[9.1321,45.91632],[9.13207,45.91605]]},"properties":{}},{"type":"Feature","geometry":{"type":"LineString","coordinates":[[9.13216,45.91784],[9.1322,45.91807],[9.132,45.91913],[9.13168,45.91974]]},"properties":{}},{"type":"Feature","geometry":{"type":"LineString","coordinates":[[9.13185,45.91922],[9.13168,45.91974]]},"properties":{}},{"type":"Feature","geometry":{"type":"LineString","coordinates":[[9.13152,45.92021],[9.13149,45.92101],[9.13141,45.92118]]},"properties":{}},{"type":"Feature","geometry":{"type":"LineString","coordinates":[[9.13151,45.94716],[9.13163,45.94719]]},"properties":{}},{"type":"Feature","geometry":{"type":"LineString","coordinates":[[9.13163,45.94719],[9.1333,45.94753],[9.13403,45.94782],[9.1357,45.94868],[9.13693,45.9492],[9.13841,45.95024],[9.13909,45.95066]]},"properties":{}},{"type":"Feature","geometry":{"type":"LineString","coordinates":[[9.13909,45.95066],[9.14137,45.95201],[9.14361,45.95292],[9.14394,45.95307],[9.14431,45.95328],[9.14505,45.95359]]},"properties":{}},{"type":"Feature","geometry":{"type":"LineString","coordinates":[[9.14013,45.96268],[9.13997,45.96259],[9.13988,45.96259],[9.13981,45.96241],[9.13986,45.96237],[9.13971,45.96222],[9.1396,45.96218],[9.13949,45.96219],[9.13931,45.96209],[9.13912,45.96214],[9.13905,45.96211],[9.13905,45.96202],[9.1391,45.96193],[9.13919,45.96183],[9.13938,45.9617],[9.13972,45.96135],[9.14046,45.96094],[9.14081,45.96083],[9.14129,45.96052],[9.14217,45.96029],[9.14233,45.96015],[9.14252,45.96006],[9.14296,45.95999],[9.14318,45.96001],[9.14352,45.96009],[9.14422,45.96034],[9.14512,45.96045],[9.14681,45.96039],[9.14711,45.96033],[9.1474,45.96032],[9.1475,45.96025],[9.14755,45.96018],[9.14721,45.95996],[9.14719,45.95979],[9.14736,45.95949],[9.14742,45.95929],[9.14721,45.95911],[9.14707,45.95904],[9.14685,45.95898],[9.14641,45.95902],[9.1464,45.95893],[9.14659,45.95875],[9.14664,45.95858],[9.14686,45.95849],[9.14711,45.9585],[9.14733,45.95846],[9.14764,45.95855],[9.14828,45.95884],[9.14848,45.9589],[9.14859,45.95889],[9.1486,45.95885],[9.14827,45.95849],[9.14791,45.95827],[9.14769,45.95786],[9.14766,45.95762],[9.1476,45.95747],[9.14746,45.95739],[9.14691,45.9572],[9.14681,45.95696],[9.14686,45.95682],[9.14707,45.95678],[9.14745,45.95683],[9.14864,45.95706],[9.14921,45.95728],[9.15047,45.95788],[9.15052,45.95787],[9.15065,45.95768],[9.15078,45.95762],[9.15091,45.9576],[9.15107,45.95762],[9.15154,45.9579],[9.15164,45.95791],[9.15203,45.95817],[9.1522,45.9582],[9.15262,45.9584],[9.15284,45.95847],[9.153,45.95847],[9.15312,45.95845],[9.15321,45.95837]]},"properties":{}},{"type":"Feature","geometry":{"type":"LineString","coordinates":[[9.12814,45.94393],[9.12788,45.94409]]},"properties":{}},{"type":"Feature","geometry":{"type":"LineString","coordinates":[[9.12788,45.94409],[9.12785,45.94411]]},"properties":{}},{"type":"Feature","geometry":{"type":"LineString","coordinates":[[9.12785,45.94411],[9.12776,45.94418]]},"properties":{}},{"type":"Feature","geometry":{"type":"LineString","coordinates":[[9.12776,45.94418],[9.12769,45.94425],[9.12767,45.94434],[9.12773,45.94449],[9.12797,45.94476]]},"properties":{}},{"type":"Feature","geometry":{"type":"LineString","coordinates":[[9.12797,45.94476],[9.12847,45.94538]]},"properties":{}},{"type":"Feature","geometry":{"type":"LineString","coordinates":[[9.12847,45.94538],[9.12868,45.94557],[9.12964,45.94621],[9.13078,45.94683]]},"properties":{}},{"type":"Feature","geometry":{"type":"LineString","coordinates":[[9.13078,45.94683],[9.13151,45.94716]]},"properties":{}},{"type":"Feature","geometry":{"type":"LineString","coordinates":[[9.12841,45.95601],[9.12852,45.95605],[9.12853,45.95609],[9.1285,45.95613],[9.1284,45.95615],[9.12834,45.95612],[9.12833,45.95605],[9.12841,45.95601]]},"properties":{}},{"type":"Feature","geometry":{"type":"LineString","coordinates":[[9.19929,45.97618],[9.2,45.97666],[9.20117,45.97718],[9.20203,45.97782],[9.20313,45.97858],[9.20332,45.97875],[9.20378,45.97941],[9.20424,45.97977],[9.20494,45.98025],[9.20598,45.98074],[9.2063,45.98084],[9.20701,45.98117],[9.20757,45.98133],[9.20807,45.98139],[9.20856,45.98134],[9.20951,45.9811],[9.21074,45.98119],[9.21101,45.98119],[9.21197,45.98111],[9.21224,45.98113]]},"properties":{}},{"type":"Feature","geometry":{"type":"LineString","coordinates":[[9.21403,45.98165],[9.21442,45.98186],[9.21468,45.98209],[9.21517,45.98225],[9.21563,45.98248],[9.21582,45.98255],[9.21607,45.98258],[9.21667,45.98255],[9.21847,45.98225],[9.21882,45.98217],[9.21987,45.98179],[9.22005,45.98175]]},"properties":{}},{"type":"Feature","geometry":{"type":"LineString","coordinates":[[9.23743,45.991],[9.23826,45.99248]]},"properties":{}},{"type":"Feature","geometry":{"type":"LineString","coordinates":[[9.23826,45.99248],[9.23901,45.99396]]},"properties":{}},{"type":"Feature","geometry":{"type":"LineString","coordinates":[[9.23901,45.99396],[9.23925,45.99457],[9.23924,45.99468],[9.23875,45.99562]]},"properties":{}},{"type":"Feature","geometry":{"type":"LineString","coordinates":[[9.23875,45.99562],[9.23856,45.99688],[9.23841,45.99748],[9.23805,45.99814],[9.23696,45.99922],[9.23678,45.99948],[9.23671,45.99964],[9.23669,46.0]]},"properties":{}},{"type":"Feature","geometry":{"type":"LineString","coordinates":[[9.24058,45.76033],[9.24063,45.76035],[9.24063,45.76046],[9.24039,45.76104],[9.24013,45.76155],[9.23998,45.76214],[9.23994,45.76253],[9.23999,45.763],[9.24002,45.76307]]},"properties":{}},{"type":"Feature","geometry":{"type":"LineString","coordinates":[[9.25,45.76423],[9.24962,45.76445],[9.24956,45.76454],[9.2482,45.76542]]},"properties":{}},{"type":"Feature","geometry":{"type":"LineString","coordinates":[[9.2474,45.76703],[9.24719,45.76668],[9.24718,45.76644],[9.24714,45.76616],[9.24716,45.76611],[9.24789,45.76553],[9.2482,45.76542]]},"properties":{}},{"type":"Feature","geometry":{"type":"LineString","coordinates":[[9.24741,45.76714],[9.2474,45.76703]]},"properties":{}},{"type":"Feature","geometry":{"type":"LineString","coordinates":[[9.24477,45.77031],[9.24471,45.7702],[9.24461,45.76988],[9.24458,45.76966],[9.2446,45.76952],[9.24464,45.76948],[9.24524,45.7693],[9.24574,45.76891],[9.24597,45.76878],[9.24598,45.76856],[9.24594,45.76823],[9.24598,45.76817],[9.24649,45.76807],[9.24685,45.76805],[9.247,45.768],[9.24728,45.76779],[9.24739,45.76765],[9.24744,45.76753],[9.24746,45.76741],[9.24741,45.76714]]},"properties":{}},{"type":"Feature","geometry":{"type":"LineString","coordinates":[[9.24492,45.77058],[9.24477,45.77031]]},"properties":{}},{"type":"Feature","geometry":{"type":"LineString","coordinates":[[9.24508,45.77085],[9.24492,45.77058]]},"properties":{}},{"type":"Feature","geometry":{"type":"LineString","coordinates":[[9.24532,45.77129],[9.24508,45.77085]]},"properties":{}},{"type":"Feature","geometry":{"type":"LineString","coordinates":[[9.24102,45.77191],[9.24107,45.77199]]},"properties":{}},{"type":"Feature","geometry":{"type":"LineString","coordinates":[[9.24107,45.77199],[9.24119,45.77217]]},"properties":{}},{"type":"Feature","geometry":{"type":"LineString","coordinates":[[9.23978,45.77341],[9.23982,45.77336],[9.23982,45.77328],[9.23972,45.77301],[9.23972,45.77292],[9.23976,45.77268],[9.23985,45.77248],[9.23999,45.77241],[9.24047,45.7723],[9.24064,45.77222],[9.24078,45.77215],[9.24102,45.77191]]},"properties":{}},{"type":"Feature","geometry":{"type":"LineString","coordinates":[[9.23898,45.77347],[9.23956,45.77347],[9.23978,45.77341]]},"properties":{}},{"type":"Feature","geometry":{"type":"LineString","coordinates":[[9.24096,45.80146],[9.24112,45.80163]]},"properties":{}},{"type":"Feature","geometry":{"type":"LineString","coordinates":[[9.2407,45.8019],[9.24074,45.80185]]},"properties":{}},{"type":"Feature","geometry":{"type":"LineString","coordinates":[[9.24112,45.80163],[9.24114,45.80167],[9.2411,45.8017],[9.23762,45.80323],[9.23705,45.80355],[9.2364,45.80401],[9.23608,45.80429],[9.23563,45.8048],[9.23519,45.80542]]},"properties":{}},{"type":"Feature","geometry":{"type":"LineString","coordinates":[[9.24353,45.83849],[9.24353,45.83834],[9.2434,45.83824]]},"properties":{}},{"type":"Feature","geometry":{"type":"LineString","coordinates":[[9.24313,45.88291],[9.24279,45.88271],[9.2425,45.88245],[9.24225,45.88244],[9.24103,45.88262],[9.24037,45.88292],[9.24023,45.88308],[9.24002,45.88315]]},"properties":{}},{"type":"Feature","geometry":{"type":"LineString","coordinates":[[9.24733,45.9758],[9.24621,45.97498]]},"properties":{}},{"type":"Feature","geometry":{"type":"LineString","coordinates":[[9.23711,45.99048],[9.23743,45.991]]},"properties":{}}]}