{"type":"FeatureCollection","features":[{"type":"Feature","geometry":{"type":"LineString","coordinates":[[9.83668,45.50085],[9.83654,45.50077],[9.83621,45.50069],[9.83441,45.50045]]},"properties":{}},{"type":"Feature","geometry":{"type":"LineString","coordinates":[[9.83681,45.50075],[9.83684,45.50063]]},"properties":{}},{"type":"Feature","geometry":{"type":"LineString","coordinates":[[9.83675,45.50081],[9.83678,45.50078]]},"properties":{}},{"type":"Feature","geometry":{"type":"LineString","coordinates":[[9.8367,45.50083],[9.83674,45.50107],[9.83667,45.50118]]},"properties":{}},{"type":"Feature","geometry":{"type":"LineString","coordinates":[[9.83728,45.50127],[9.83735,45.50105]]},"properties":{}},{"type":"Feature","geometry":{"type":"LineString","coordinates":[[9.83667,45.50118],[9.83673,45.50122]]},"properties":{}},{"type":"Feature","geometry":{"type":"LineString","coordinates":[[9.83673,45.50122],[9.83695,45.50118],[9.83718,45.50127]]},"properties":{}},{"type":"Feature","geometry":{"type":"LineString","coordinates":[[9.83735,45.50105],[9.83941,45.5013],[9.84164,45.50227],[9.84204,45.50256],[9.84124,45.5026]]},"properties":{}},{"type":"Feature","geometry":{"type":"LineString","coordinates":[[9.97517,45.50053],[9.97527,45.50053],[9.97527,45.50047]]},"properties":{}},{"type":"Feature","geometry":{"type":"LineString","coordinates":[[9.97506,45.50054],[9.97505,45.50048]]},"properties":{}},{"type":"Feature","geometry":{"type":"LineString","coordinates":[[9.97461,45.50049],[9.97463,45.50055],[9.97517,45.50053]]},"properties":{}},{"type":"Feature","geometry":{"type":"LineString","coordinates":[[9.94459,45.50072],[9.94824,45.5007]]},"properties":{}},{"type":"Feature","geometry":{"type":"LineString","coordinates":[[9.97527,45.50053],[9.9757,45.50051],[9.97582,45.50055],[9.97587,45.5006],[9.97601,45.50107],[9.97608,45.50106]]},"properties":{}},{"type":"Feature","geometry":{"type":"LineString","coordinates":[[9.93877,45.50127],[9.93889,45.50119],[9.93896,45.50106]]},"properties":{}},{"type":"Feature","geometry":{"type":"LineString","coordinates":[[9.93849,45.50138],[9.93877,45.50127]]},"properties":{}},{"type":"Feature","geometry":{"type":"LineString","coordinates":[[9.882,45.50004],[9.88201,45.5]]},"properties":{}},{"type":"Feature","geometry":{"type":"LineString","coordinates":[[9.88276,45.5],[9.88315,45.50005]]},"properties":{}},{"type":"Feature","geometry":{"type":"LineString","coordinates":[[9.882,45.50004],[9.88199,45.50009],[9.88185,45.50007]]},"properties":{}},{"type":"Feature","geometry":{"type":"LineString","coordinates":[[9.88199,45.50009],[9.88194,45.50029]]},"properties":{}},{"type":"Feature","geometry":{"type":"LineString","coordinates":[[9.88194,45.50029],[9.88188,45.50051]]},"properties":{}},{"type":"Feature","geometry":{"type":"LineString","coordinates":[[9.88016,45.5],[9.88005,45.5003],[9.87969,45.50046],[9.87952,45.50058],[9.87931,45.50103]]},"properties":{}},{"type":"Feature","geometry":{"type":"LineString","coordinates":[[9.88188,45.50051],[9.88184,45.50063]]},"properties":{}},{"type":"Feature","geometry":{"type":"LineString","coordinates":[[9.88184,45.50063],[9.88176,45.50099],[9.88184,45.5011],[9.8822,45.50116]]},"properties":{}},{"type":"Feature","geometry":{"type":"LineString","coordinates":[[9.87931,45.50103],[9.87928,45.50109]]},"properties":{}},{"type":"Feature","geometry":{"type":"LineString","coordinates":[[9.8822,45.50116],[9.88277,45.50123]]},"properties":{}},{"type":"Feature","geometry":{"type":"LineString","coordinates":[[9.88277,45.50123],[9.88296,45.50126]]},"properties":{}},{"type":"Feature","geometry":{"type":"LineString","coordinates":[[9.87905,45.50156],[9.87928,45.50109]]},"properties":{}},{"type":"Feature","geometry":{"type":"LineString","coordinates":[[9.93738,45.50153],[9.93737,45.5015]]},"properties":{}},{"type":"Feature","geometry":{"type":"LineString","coordinates":[[9.879,45.50165],[9.87905,45.50156]]},"properties":{}},{"type":"Feature","geometry":{"type":"LineString","coordinates":[[9.93549,45.5017],[9.9365,45.50165],[9.93696,45.50158]]},"properties":{}},{"type":"Feature","geometry":{"type":"LineString","coordinates":[[9.93541,45.50171],[9.93549,45.5017]]},"properties":{}},{"type":"Feature","geometry":{"type":"LineString","coordinates":[[9.879,45.50165],[9.87894,45.50179]]},"properties":{}},{"type":"Feature","geometry":{"type":"LineString","coordinates":[[9.90519,45.50418],[9.90505,45.50423],[9.90423,45.50382],[9.90393,45.50362],[9.90329,45.50318],[9.90121,45.50148],[9.9009,45.50113],[9.90028,45.5]]},"properties":{}},{"type":"Feature","geometry":{"type":"LineString","coordinates":[[9.93403,45.50178],[9.93541,45.50171]]},"properties":{}},{"type":"Feature","geometry":{"type":"LineString","coordinates":[[9.87894,45.50179],[9.87891,45.50184]]},"properties":{}},{"type":"Feature","geometry":{"type":"LineString","coordinates":[[9.93316,45.50186],[9.93403,45.50178]]},"properties":{}},{"type":"Feature","geometry":{"type":"LineString","coordinates":[[9.93227,45.50195],[9.93316,45.50186]]},"properties":{}},{"type":"Feature","geometry":{"type":"LineString","coordinates":[[9.93216,45.50196],[9.93227,45.50195]]},"properties":{}},{"type":"Feature","geometry":{"type":"LineString","coordinates":[[9.9319,45.50199],[9.93216,45.50196]]},"properties":{}},{"type":"Feature","geometry":{"type":"LineString","coordinates":[[9.93155,45.50202],[9.9319,45.50199]]},"properties":{}},{"type":"Feature","geometry":{"type":"LineString","coordinates":[[9.87891,45.50184],[9.87872,45.50224]]},"properties":{}},{"type":"Feature","geometry":{"type":"LineString","coordinates":[[9.93109,45.50206],[9.93155,45.50202]]},"properties":{}},{"type":"Feature","geometry":{"type":"LineString","coordinates":[[9.93095,45.50207],[9.93109,45.50206]]},"properties":{}},{"type":"Feature","geometry":{"type":"LineString","coordinates":[[9.93024,45.50212],[9.93095,45.50207]]},"properties":{}},{"type":"Feature","geometry":{"type":"LineString","coordinates":[[9.92314,45.5022],[9.92382,45.50205],[9.9242,45.50201],[9.92459,45.50203],[9.92518,45.50215]]},"properties":{}},{"type":"Feature","geometry":{"type":"LineString","coordinates":[[9.92518,45.50215],[9.92558,45.50216],[9.92683,45.50209],[9.92759,45.50209]]},"properties":{}},{"type":"Feature","geometry":{"type":"LineString","coordinates":[[9.92759,45.50209],[9.92874,45.50218]]},"properties":{}},{"type":"Feature","geometry":{"type":"LineString","coordinates":[[9.92874,45.50218],[9.93024,45.50212]]},"properties":{}},{"type":"Feature","geometry":{"type":"LineString","coordinates":[[9.87872,45.50224],[9.87865,45.50237]]},"properties":{}},{"type":"Feature","geometry":{"type":"LineString","coordinates":[[9.92193,45.50252],[9.9222,45.50242],[9.92314,45.5022]]},"properties":{}},{"type":"Feature","geometry":{"type":"LineString","coordinates":[[9.77205,45.5],[9.77213,45.50016],[9.77184,45.50091],[9.77185,45.501],[9.77192,45.50113]]},"properties":{}},{"type":"Feature","geometry":{"type":"LineString","coordinates":[[9.7721,45.50002],[9.77177,45.5]]},"properties":{}},{"type":"Feature","geometry":{"type":"LineString","coordinates":[[9.76789,45.50084],[9.76802,45.50057],[9.7682,45.5]]},"properties":{}},{"type":"Feature","geometry":{"type":"LineString","coordinates":[[9.77192,45.50113],[9.77199,45.50114]]},"properties":{}},{"type":"Feature","geometry":{"type":"LineString","coordinates":[[9.77199,45.50114],[9.77199,45.50117]]},"properties":{}},{"type":"Feature","geometry":{"type":"LineString","coordinates":[[9.77199,45.50117],[9.7732,45.50132]]},"properties":{}},{"type":"Feature","geometry":{"type":"LineString","coordinates":[[9.7678,45.5009],[9.76744,45.50112],[9.76724,45.50138],[9.76717,45.50158],[9.76712,45.50164],[9.76686,45.50263]]},"properties":{}},{"type":"Feature","geometry":{"type":"LineString","coordinates":[[9.77021,45.50692],[9.76994,45.50677],[9.76989,45.50668]]},"properties":{}},{"type":"Feature","geometry":{"type":"LineString","coordinates":[[9.87865,45.50237],[9.87855,45.50254],[9.87846,45.50253]]},"properties":{}},{"type":"Feature","geometry":{"type":"LineString","coordinates":[[9.92044,45.50261],[9.92048,45.50267]]},"properties":{}},{"type":"Feature","geometry":{"type":"LineString","coordinates":[[9.87846,45.50253],[9.87834,45.50275]]},"properties":{}},{"type":"Feature","geometry":{"type":"LineString","coordinates":[[9.92048,45.50267],[9.92049,45.5027]]},"properties":{}},{"type":"Feature","geometry":{"type":"LineString","coordinates":[[9.92049,45.5027],[9.9205,45.50275]]},"properties":{}},{"type":"Feature","geometry":{"type":"LineString","coordinates":[[9.9205,45.50275],[9.92067,45.50282],[9.92077,45.5029]]},"properties":{}},{"type":"Feature","geometry":{"type":"LineString","coordinates":[[9.87834,45.50275],[9.87826,45.50293]]},"properties":{}},{"type":"Feature","geometry":{"type":"LineString","coordinates":[[9.9212,45.50216],[9.92132,45.50216],[9.92145,45.50225],[9.92182,45.50235],[9.92193,45.50252],[9.92174,45.50271],[9.92155,45.50285],[9.92151,45.50292],[9.92151,45.50315],[9.92158,45.50358]]},"properties":{}},{"type":"Feature","geometry":{"type":"LineString","coordinates":[[9.92077,45.5029],[9.92084,45.5029]]},"properties":{}},{"type":"Feature","geometry":{"type":"LineString","coordinates":[[9.92084,45.5029],[9.92089,45.50291]]},"properties":{}},{"type":"Feature","geometry":{"type":"LineString","coordinates":[[9.92148,45.50292],[9.92151,45.50292]]},"properties":{}},{"type":"Feature","geometry":{"type":"LineString","coordinates":[[9.9214,45.50293],[9.92148,45.50292]]},"properties":{}},{"type":"Feature","geometry":{"type":"LineString","coordinates":[[9.92089,45.50291],[9.92097,45.50294]]},"properties":{}},{"type":"Feature","geometry":{"type":"LineString","coordinates":[[9.92135,45.50293],[9.9214,45.50293]]},"properties":{}},{"type":"Feature","geometry":{"type":"LineString","coordinates":[[9.92097,45.50294],[9.92111,45.5029],[9.92127,45.50295]]},"properties":{}},{"type":"Feature","geometry":{"type":"LineString","coordinates":[[9.92127,45.50295],[9.92135,45.50293]]},"properties":{}},{"type":"Feature","geometry":{"type":"LineString","coordinates":[[9.87826,45.50293],[9.87811,45.50326]]},"properties":{}},{"type":"Feature","geometry":{"type":"LineString","coordinates":[[9.9212,45.50216],[9.92106,45.50217],[9.92096,45.50227],[9.92065,45.50243],[9.9205,45.50257],[9.92037,45.50263],[9.91263,45.5039],[9.91186,45.50399],[9.91141,45.504],[9.91125,45.50397],[9.91022,45.50368],[9.9099,45.50365],[9.9096,45.50366],[9.90628,45.50426],[9.90594,45.50427],[9.90564,45.50414],[9.90537,45.50409]]},"properties":{}},{"type":"Feature","geometry":{"type":"LineString","coordinates":[[9.92099,45.50295],[9.92096,45.50304],[9.92097,45.50326],[9.92109,45.50354],[9.92102,45.50356]]},"properties":{}},{"type":"Feature","geometry":{"type":"LineString","coordinates":[[9.87811,45.50326],[9.87798,45.50356]]},"properties":{}},{"type":"Feature","geometry":{"type":"LineString","coordinates":[[9.9385,45.50145],[9.93851,45.50142]]},"properties":{}},{"type":"Feature","geometry":{"type":"LineString","coordinates":[[9.93804,45.50148],[9.93831,45.50148],[9.93845,45.50152],[9.93847,45.50148]]},"properties":{}},{"type":"Feature","geometry":{"type":"LineString","coordinates":[[9.97601,45.50107],[9.97639,45.50244],[9.97646,45.50243]]},"properties":{}},{"type":"Feature","geometry":{"type":"LineString","coordinates":[[9.97639,45.50244],[9.97658,45.50322],[9.97672,45.50415],[9.97678,45.50414]]},"properties":{}},{"type":"Feature","geometry":{"type":"LineString","coordinates":[[9.97672,45.50415],[9.97673,45.5042]]},"properties":{}},{"type":"Feature","geometry":{"type":"LineString","coordinates":[[9.97673,45.5042],[9.97674,45.50428]]},"properties":{}},{"type":"Feature","geometry":{"type":"LineString","coordinates":[[9.97674,45.50428],[9.97679,45.50478]]},"properties":{}},{"type":"Feature","geometry":{"type":"LineString","coordinates":[[9.97682,45.50511],[9.97689,45.50511]]},"properties":{}},{"type":"Feature","geometry":{"type":"LineString","coordinates":[[9.94396,45.50846],[9.94391,45.5064],[9.94393,45.50613],[9.94401,45.50593],[9.94404,45.50535],[9.94401,45.5047],[9.94408,45.50416],[9.94398,45.50205],[9.94396,45.50202]]},"properties":{}},{"type":"Feature","geometry":{"type":"LineString","coordinates":[[9.97679,45.50478],[9.97689,45.5059]]},"properties":{}},{"type":"Feature","geometry":{"type":"LineString","coordinates":[[9.92109,45.50354],[9.9211,45.50356]]},"properties":{}},{"type":"Feature","geometry":{"type":"LineString","coordinates":[[9.9211,45.50356],[9.92116,45.50368]]},"properties":{}},{"type":"Feature","geometry":{"type":"LineString","coordinates":[[9.92158,45.50358],[9.92161,45.50375]]},"properties":{}},{"type":"Feature","geometry":{"type":"LineString","coordinates":[[9.92116,45.50368],[9.9212,45.50379]]},"properties":{}},{"type":"Feature","geometry":{"type":"LineString","coordinates":[[9.90537,45.50409],[9.90519,45.50418]]},"properties":{}},{"type":"Feature","geometry":{"type":"LineString","coordinates":[[9.87798,45.50356],[9.87766,45.5043],[9.87741,45.50471],[9.87727,45.50475]]},"properties":{}},{"type":"Feature","geometry":{"type":"LineString","coordinates":[[9.8774,45.50472],[9.8774,45.50474]]},"properties":{}},{"type":"Feature","geometry":{"type":"LineString","coordinates":[[9.8774,45.50474],[9.87716,45.50528],[9.87695,45.50561],[9.87661,45.5063]]},"properties":{}},{"type":"Feature","geometry":{"type":"LineString","coordinates":[[9.92127,45.50558],[9.9214,45.50556]]},"properties":{}},{"type":"Feature","geometry":{"type":"LineString","coordinates":[[9.87661,45.5063],[9.87658,45.50639]]},"properties":{}},{"type":"Feature","geometry":{"type":"LineString","coordinates":[[9.77021,45.50692],[9.77023,45.50704]]},"properties":{}},{"type":"Feature","geometry":{"type":"LineString","coordinates":[[9.77023,45.50704],[9.77011,45.50718],[9.76981,45.5073],[9.76977,45.50738]]},"properties":{}},{"type":"Feature","geometry":{"type":"LineString","coordinates":[[9.76977,45.50738],[9.76874,45.51158],[9.76869,45.51162],[9.76851,45.51228],[9.76867,45.51232]]},"properties":{}},{"type":"Feature","geometry":{"type":"LineString","coordinates":[[9.76867,45.51232],[9.76888,45.51231]]},"properties":{}},{"type":"Feature","geometry":{"type":"LineString","coordinates":[[9.76888,45.51231],[9.76914,45.51234]]},"properties":{}},{"type":"Feature","geometry":{"type":"LineString","coordinates":[[9.76867,45.51232],[9.7687,45.51239]]},"properties":{}},{"type":"Feature","geometry":{"type":"LineString","coordinates":[[9.76914,45.51234],[9.76943,45.51238]]},"properties":{}},{"type":"Feature","geometry":{"type":"LineString","coordinates":[[9.76943,45.51238],[9.76959,45.5124]]},"properties":{}},{"type":"Feature","geometry":{"type":"LineString","coordinates":[[9.76424,45.51251],[9.76303,45.5123]]},"properties":{}},{"type":"Feature","geometry":{"type":"LineString","coordinates":[[9.7687,45.51239],[9.76872,45.51244]]},"properties":{}},{"type":"Feature","geometry":{"type":"LineString","coordinates":[[9.76959,45.5124],[9.77031,45.51248]]},"properties":{}},{"type":"Feature","geometry":{"type":"LineString","coordinates":[[9.76872,45.51244],[9.76844,45.51251],[9.76839,45.51271],[9.76829,45.51277]]},"properties":{}},{"type":"Feature","geometry":{"type":"LineString","coordinates":[[9.76412,45.51279],[9.76413,45.51269],[9.76456,45.512],[9.76464,45.51197],[9.76706,45.5127],[9.76717,45.51291],[9.76709,45.51296],[9.7669,45.51338]]},"properties":{}},{"type":"Feature","geometry":{"type":"LineString","coordinates":[[9.76829,45.51277],[9.76821,45.51281]]},"properties":{}},{"type":"Feature","geometry":{"type":"LineString","coordinates":[[9.76821,45.51281],[9.76817,45.51281],[9.76812,45.51287]]},"properties":{}},{"type":"Feature","geometry":{"type":"LineString","coordinates":[[9.76812,45.51287],[9.76794,45.51303],[9.76798,45.51319]]},"properties":{}},{"type":"Feature","geometry":{"type":"LineString","coordinates":[[9.76702,45.51312],[9.76775,45.51326]]},"properties":{}},{"type":"Feature","geometry":{"type":"LineString","coordinates":[[9.76798,45.51319],[9.7678,45.51322]]},"properties":{}},{"type":"Feature","geometry":{"type":"LineString","coordinates":[[9.7678,45.51322],[9.76775,45.51326],[9.76781,45.51364],[9.76778,45.51379],[9.76767,45.5138]]},"properties":{}},{"type":"Feature","geometry":{"type":"LineString","coordinates":[[9.76767,45.5138],[9.76765,45.51396]]},"properties":{}},{"type":"Feature","geometry":{"type":"LineString","coordinates":[[9.76301,45.51443],[9.76305,45.51437],[9.76316,45.51399],[9.76347,45.51345]]},"properties":{}},{"type":"Feature","geometry":{"type":"LineString","coordinates":[[9.76765,45.51396],[9.76776,45.514],[9.76746,45.51514],[9.76736,45.51531],[9.76717,45.51529],[9.76661,45.51518],[9.76633,45.51505],[9.76522,45.51411],[9.76489,45.51389],[9.76453,45.51374],[9.76384,45.51359]]},"properties":{}},{"type":"Feature","geometry":{"type":"LineString","coordinates":[[9.76627,45.51623],[9.76624,45.51621],[9.7669,45.51576],[9.76715,45.51565],[9.76727,45.51554],[9.76733,45.51543],[9.76736,45.51531]]},"properties":{}},{"type":"Feature","geometry":{"type":"LineString","coordinates":[[9.75654,45.5179],[9.75654,45.51777]]},"properties":{}},{"type":"Feature","geometry":{"type":"LineString","coordinates":[[9.75194,45.51892],[9.75,45.51842]]},"properties":{}},{"type":"Feature","geometry":{"type":"LineString","coordinates":[[9.75371,45.52179],[9.75291,45.52168],[9.7528,45.52162],[9.75275,45.5215],[9.75294,45.52108],[9.75434,45.51846],[9.75447,45.51829],[9.75469,45.51814],[9.75524,45.51801],[9.75527,45.51807]]},"properties":{}},{"type":"Feature","geometry":{"type":"LineString","coordinates":[[9.7643,45.51999],[9.76429,45.52006]]},"properties":{}},{"type":"Feature","geometry":{"type":"LineString","coordinates":[[9.76393,45.52006],[9.76389,45.52006]]},"properties":{}},{"type":"Feature","geometry":{"type":"LineString","coordinates":[[9.76428,45.52009],[9.76393,45.52006]]},"properties":{}},{"type":"Feature","geometry":{"type":"LineString","coordinates":[[9.76429,45.52006],[9.76428,45.52009],[9.76436,45.52009]]},"properties":{}},{"type":"Feature","geometry":{"type":"LineString","coordinates":[[9.76436,45.52009],[9.76441,45.5201]]},"properties":{}},{"type":"Feature","geometry":{"type":"LineString","coordinates":[[9.76473,45.52023],[9.76469,45.52021],[9.76471,45.52016],[9.76469,45.52013],[9.76441,45.5201]]},"properties":{}},{"type":"Feature","geometry":{"type":"LineString","coordinates":[[9.76562,45.5202],[9.76553,45.52019]]},"properties":{}},{"type":"Feature","geometry":{"type":"LineString","coordinates":[[9.76483,45.52026],[9.76487,45.52027],[9.76495,45.52016],[9.76504,45.52013],[9.76553,45.52019]]},"properties":{}},{"type":"Feature","geometry":{"type":"LineString","coordinates":[[9.9991,45.50549],[9.99898,45.50549],[9.99843,45.50568],[9.9979,45.50579],[9.99686,45.50589]]},"properties":{}},{"type":"Feature","geometry":{"type":"LineString","coordinates":[[9.99686,45.50589],[9.99681,45.50589]]},"properties":{}},{"type":"Feature","geometry":{"type":"LineString","coordinates":[[9.97689,45.5059],[9.97697,45.50589]]},"properties":{}},{"type":"Feature","geometry":{"type":"LineString","coordinates":[[9.99681,45.50589],[9.99629,45.50593]]},"properties":{}},{"type":"Feature","geometry":{"type":"LineString","coordinates":[[9.99629,45.50593],[9.99574,45.50597],[9.99573,45.50592]]},"properties":{}},{"type":"Feature","geometry":{"type":"LineString","coordinates":[[9.99548,45.50594],[9.99549,45.50598],[9.99527,45.506],[9.99526,45.50596]]},"properties":{}},{"type":"Feature","geometry":{"type":"LineString","coordinates":[[9.99527,45.506],[9.99472,45.50606],[9.99471,45.50602]]},"properties":{}},{"type":"Feature","geometry":{"type":"LineString","coordinates":[[9.97689,45.5059],[9.97693,45.50621],[9.97701,45.5062]]},"properties":{}},{"type":"Feature","geometry":{"type":"LineString","coordinates":[[9.99472,45.50606],[9.99426,45.50615],[9.99425,45.50611]]},"properties":{}},{"type":"Feature","geometry":{"type":"LineString","coordinates":[[9.99426,45.50615],[9.99374,45.50629],[9.99372,45.50625]]},"properties":{}},{"type":"Feature","geometry":{"type":"LineString","coordinates":[[9.99374,45.50629],[9.99306,45.5065],[9.99304,45.50646]]},"properties":{}},{"type":"Feature","geometry":{"type":"LineString","coordinates":[[9.99306,45.5065],[9.99268,45.50662],[9.99266,45.50657]]},"properties":{}},{"type":"Feature","geometry":{"type":"LineString","coordinates":[[9.97693,45.50621],[9.97705,45.50706]]},"properties":{}},{"type":"Feature","geometry":{"type":"LineString","coordinates":[[9.99268,45.50662],[9.9919,45.50692],[9.99185,45.50687]]},"properties":{}},{"type":"Feature","geometry":{"type":"LineString","coordinates":[[9.97704,45.50702],[9.97711,45.50701]]},"properties":{}},{"type":"Feature","geometry":{"type":"LineString","coordinates":[[9.9919,45.50692],[9.99114,45.50736],[9.99109,45.50732]]},"properties":{}},{"type":"Feature","geometry":{"type":"LineString","coordinates":[[9.99114,45.50736],[9.99033,45.50785]]},"properties":{}},{"type":"Feature","geometry":{"type":"LineString","coordinates":[[9.99033,45.50785],[9.9901,45.508]]},"properties":{}},{"type":"Feature","geometry":{"type":"LineString","coordinates":[[9.9901,45.508],[9.98974,45.50816],[9.98971,45.50812]]},"properties":{}},{"type":"Feature","geometry":{"type":"LineString","coordinates":[[9.98974,45.50816],[9.98956,45.50824],[9.98952,45.5082]]},"properties":{}},{"type":"Feature","geometry":{"type":"LineString","coordinates":[[9.84204,45.50256],[9.84221,45.50272],[9.84225,45.50303],[9.84265,45.503]]},"properties":{}},{"type":"Feature","geometry":{"type":"LineString","coordinates":[[9.85447,45.50108],[9.85426,45.50283],[9.85413,45.50316],[9.8539,45.50343],[9.85339,45.50388],[9.8527,45.50461],[9.85251,45.50489],[9.85236,45.5052],[9.85213,45.50608]]},"properties":{}},{"type":"Feature","geometry":{"type":"LineString","coordinates":[[9.85257,45.50586],[9.85214,45.50599]]},"properties":{}},{"type":"Feature","geometry":{"type":"LineString","coordinates":[[9.85899,45.51184],[9.85898,45.51158],[9.85882,45.51133],[9.85885,45.51128]]},"properties":{}},{"type":"Feature","geometry":{"type":"LineString","coordinates":[[9.85121,45.51161],[9.85126,45.51167]]},"properties":{}},{"type":"Feature","geometry":{"type":"LineString","coordinates":[[9.85126,45.51167],[9.85146,45.51191]]},"properties":{}},{"type":"Feature","geometry":{"type":"LineString","coordinates":[[9.85909,45.51193],[9.85904,45.51188]]},"properties":{}},{"type":"Feature","geometry":{"type":"LineString","coordinates":[[9.85146,45.51191],[9.85148,45.51194]]},"properties":{}},{"type":"Feature","geometry":{"type":"LineString","coordinates":[[9.85914,45.51198],[9.85947,45.51206],[9.85975,45.51229],[9.85991,45.51237]]},"properties":{}},{"type":"Feature","geometry":{"type":"LineString","coordinates":[[9.85995,45.51346],[9.85984,45.51305],[9.85976,45.51295],[9.85967,45.51294]]},"properties":{}},{"type":"Feature","geometry":{"type":"LineString","coordinates":[[9.87068,45.50681],[9.87049,45.5067],[9.87026,45.50665],[9.87005,45.5067],[9.86989,45.50682]]},"properties":{}},{"type":"Feature","geometry":{"type":"LineString","coordinates":[[9.9214,45.50556],[9.92151,45.50558],[9.92157,45.50564],[9.92155,45.50577],[9.92202,45.50811],[9.92197,45.50816],[9.91426,45.50887],[9.91414,45.50886],[9.91407,45.50881],[9.91398,45.50812],[9.91364,45.50673],[9.91367,45.50668],[9.92098,45.50591],[9.92127,45.50558]]},"properties":{}},{"type":"Feature","geometry":{"type":"LineString","coordinates":[[9.92161,45.50375],[9.92271,45.5097],[9.92275,45.51024],[9.92284,45.51074],[9.92311,45.51093],[9.92318,45.51093],[9.92381,45.51075],[9.92482,45.51071],[9.9258,45.51054],[9.92605,45.51046],[9.92629,45.51021],[9.9265,45.5102],[9.9267,45.51028],[9.92691,45.51026],[9.9293,45.50948],[9.93022,45.50927],[9.93079,45.50918],[9.93198,45.50905],[9.93337,45.509],[9.93568,45.50905],[9.93844,45.50905]]},"properties":{}},{"type":"Feature","geometry":{"type":"LineString","coordinates":[[9.87519,45.50968],[9.87402,45.50947],[9.87359,45.50877],[9.87362,45.50866],[9.87316,45.50762],[9.87303,45.50705],[9.87291,45.50692],[9.87268,45.50685],[9.87234,45.50697],[9.87235,45.50707],[9.87259,45.50743],[9.87265,45.50759]]},"properties":{}},{"type":"Feature","geometry":{"type":"LineString","coordinates":[[9.8754,45.51008],[9.8755,45.51009],[9.87553,45.51002]]},"properties":{}},{"type":"Feature","geometry":{"type":"LineString","coordinates":[[9.87536,45.51007],[9.87534,45.51006]]},"properties":{}},{"type":"Feature","geometry":{"type":"LineString","coordinates":[[9.86775,45.51302],[9.8696,45.51287],[9.87037,45.51265],[9.87105,45.5125],[9.87151,45.51234],[9.87173,45.51225],[9.87206,45.51201],[9.87245,45.51165],[9.87312,45.5109],[9.87325,45.51049],[9.87343,45.50965],[9.87337,45.50927],[9.87317,45.50859],[9.87278,45.5078],[9.87261,45.50755],[9.87252,45.5075],[9.87223,45.50747],[9.87188,45.50722],[9.87166,45.50712]]},"properties":{}},{"type":"Feature","geometry":{"type":"LineString","coordinates":[[9.87515,45.51036],[9.87508,45.51035]]},"properties":{}},{"type":"Feature","geometry":{"type":"LineString","coordinates":[[9.87526,45.51005],[9.87519,45.51021],[9.87513,45.5102],[9.87495,45.51069]]},"properties":{}},{"type":"Feature","geometry":{"type":"LineString","coordinates":[[9.87524,45.51038],[9.87522,45.51038]]},"properties":{}},{"type":"Feature","geometry":{"type":"LineString","coordinates":[[9.98956,45.50824],[9.98918,45.50839],[9.98915,45.50835]]},"properties":{}},{"type":"Feature","geometry":{"type":"LineString","coordinates":[[9.98918,45.50839],[9.98894,45.50847],[9.98892,45.50843]]},"properties":{}},{"type":"Feature","geometry":{"type":"LineString","coordinates":[[9.98894,45.50847],[9.98869,45.50856],[9.98867,45.50851]]},"properties":{}},{"type":"Feature","geometry":{"type":"LineString","coordinates":[[9.98869,45.50856],[9.98836,45.50866]]},"properties":{}},{"type":"Feature","geometry":{"type":"LineString","coordinates":[[9.98836,45.50866],[9.98835,45.50866]]},"properties":{}},{"type":"Feature","geometry":{"type":"LineString","coordinates":[[9.98835,45.50866],[9.98799,45.50876],[9.98797,45.50871]]},"properties":{}},{"type":"Feature","geometry":{"type":"LineString","coordinates":[[9.98799,45.50876],[9.98735,45.50887],[9.98723,45.50883]]},"properties":{}},{"type":"Feature","geometry":{"type":"LineString","coordinates":[[9.98812,45.51272],[9.98828,45.51266],[9.98835,45.50861]]},"properties":{}},{"type":"Feature","geometry":{"type":"LineString","coordinates":[[9.98828,45.51266],[9.99092,45.51245],[9.99102,45.51237]]},"properties":{}},{"type":"Feature","geometry":{"type":"LineString","coordinates":[[9.9881,45.51277],[9.98834,45.51285],[9.98834,45.51292],[9.9883,45.51299]]},"properties":{}},{"type":"Feature","geometry":{"type":"LineString","coordinates":[[9.87494,45.51069],[9.875,45.5107],[9.875,45.51075],[9.87505,45.51078],[9.87522,45.51074],[9.87528,45.51044],[9.87523,45.51042],[9.87536,45.51007],[9.8754,45.51008]]},"properties":{}},{"type":"Feature","geometry":{"type":"LineString","coordinates":[[9.87478,45.51066],[9.87472,45.51065]]},"properties":{}},{"type":"Feature","geometry":{"type":"LineString","coordinates":[[9.87478,45.51066],[9.8748,45.51066]]},"properties":{}},{"type":"Feature","geometry":{"type":"LineString","coordinates":[[9.87487,45.51067],[9.87494,45.51069]]},"properties":{}},{"type":"Feature","geometry":{"type":"LineString","coordinates":[[9.87452,45.51136],[9.87443,45.51135]]},"properties":{}},{"type":"Feature","geometry":{"type":"LineString","coordinates":[[9.87465,45.51145],[9.87467,45.51138],[9.87464,45.51138]]},"properties":{}},{"type":"Feature","geometry":{"type":"LineString","coordinates":[[9.87637,45.51198],[9.87737,45.51171],[9.87753,45.51176],[9.87763,45.51192]]},"properties":{}},{"type":"Feature","geometry":{"type":"LineString","coordinates":[[9.87465,45.51234],[9.87465,45.5123],[9.87453,45.51227],[9.87447,45.51218],[9.87465,45.51145]]},"properties":{}},{"type":"Feature","geometry":{"type":"LineString","coordinates":[[9.87605,45.51204],[9.87634,45.51196],[9.87637,45.51198]]},"properties":{}},{"type":"Feature","geometry":{"type":"LineString","coordinates":[[9.87598,45.51207],[9.87605,45.51204]]},"properties":{}},{"type":"Feature","geometry":{"type":"LineString","coordinates":[[9.87772,45.5119],[9.878,45.51247]]},"properties":{}},{"type":"Feature","geometry":{"type":"LineString","coordinates":[[9.87468,45.51243],[9.87598,45.51207]]},"properties":{}},{"type":"Feature","geometry":{"type":"LineString","coordinates":[[9.87468,45.51242],[9.87465,45.51234]]},"properties":{}},{"type":"Feature","geometry":{"type":"LineString","coordinates":[[9.8742,45.51299],[9.87423,45.513],[9.87429,45.51277],[9.87468,45.51242]]},"properties":{}},{"type":"Feature","geometry":{"type":"LineString","coordinates":[[9.87801,45.51246],[9.87806,45.51259],[9.87807,45.51274],[9.87802,45.5129],[9.87793,45.51302],[9.87775,45.51316],[9.87711,45.51341]]},"properties":{}},{"type":"Feature","geometry":{"type":"LineString","coordinates":[[9.87408,45.51298],[9.8742,45.51299]]},"properties":{}},{"type":"Feature","geometry":{"type":"LineString","coordinates":[[9.87423,45.513],[9.87408,45.51357]]},"properties":{}},{"type":"Feature","geometry":{"type":"LineString","coordinates":[[9.87693,45.51351],[9.87689,45.51346]]},"properties":{}},{"type":"Feature","geometry":{"type":"LineString","coordinates":[[9.87712,45.51342],[9.8769,45.51353],[9.8769,45.51356],[9.87695,45.5136]]},"properties":{}},{"type":"Feature","geometry":{"type":"LineString","coordinates":[[9.87408,45.51357],[9.87396,45.51404]]},"properties":{}},{"type":"Feature","geometry":{"type":"LineString","coordinates":[[9.87377,45.51481],[9.87396,45.51404]]},"properties":{}},{"type":"Feature","geometry":{"type":"LineString","coordinates":[[9.87335,45.51602],[9.87333,45.51602]]},"properties":{}},{"type":"Feature","geometry":{"type":"LineString","coordinates":[[9.87313,45.51602],[9.87326,45.51604]]},"properties":{}},{"type":"Feature","geometry":{"type":"LineString","coordinates":[[9.87334,45.51608],[9.87335,45.51602]]},"properties":{}},{"type":"Feature","geometry":{"type":"LineString","coordinates":[[9.87293,45.51609],[9.87302,45.51608],[9.87313,45.51602]]},"properties":{}},{"type":"Feature","geometry":{"type":"LineString","coordinates":[[9.87326,45.51604],[9.87334,45.51608]]},"properties":{}},{"type":"Feature","geometry":{"type":"LineString","coordinates":[[9.87293,45.51609],[9.87293,45.51615]]},"properties":{}},{"type":"Feature","geometry":{"type":"LineString","coordinates":[[9.87331,45.51616],[9.8731,45.51664]]},"properties":{}},{"type":"Feature","geometry":{"type":"LineString","coordinates":[[9.8731,45.51664],[9.87305,45.51674]]},"properties":{}},{"type":"Feature","geometry":{"type":"LineString","coordinates":[[9.86912,45.51717],[9.86914,45.51707]]},"properties":{}},{"type":"Feature","geometry":{"type":"LineString","coordinates":[[9.98976,45.51321],[9.98896,45.51321],[9.98867,45.5133],[9.98834,45.51325],[9.98825,45.51313],[9.98832,45.51306],[9.98825,45.51297],[9.98777,45.51279],[9.98706,45.51263]]},"properties":{}},{"type":"Feature","geometry":{"type":"LineString","coordinates":[[9.98976,45.51321],[9.9991,45.51373],[9.99924,45.51375],[9.99945,45.51384],[9.99961,45.51401],[9.99971,45.51425],[9.99985,45.51433],[10.0,45.51437]]},"properties":{}},{"type":"Feature","geometry":{"type":"LineString","coordinates":[[9.97233,45.51412],[9.97234,45.51416],[9.97208,45.51418],[9.97208,45.51414]]},"properties":{}},{"type":"Feature","geometry":{"type":"LineString","coordinates":[[9.97208,45.51418],[9.97148,45.5142],[9.97143,45.51416]]},"properties":{}},{"type":"Feature","geometry":{"type":"LineString","coordinates":[[9.98834,45.51325],[9.98829,45.51329],[9.98825,45.5137],[9.98813,45.51384],[9.98806,45.51539],[9.98809,45.51659],[9.98718,45.5166],[9.98707,45.51886],[9.98693,45.51891],[9.98491,45.51897],[9.98471,45.51908]]},"properties":{}},{"type":"Feature","geometry":{"type":"LineString","coordinates":[[9.97492,45.51653],[9.97498,45.51653],[9.97501,45.51657],[9.97869,45.51643],[9.98039,45.51646],[9.98039,45.5165]]},"properties":{}},{"type":"Feature","geometry":{"type":"LineString","coordinates":[[9.97281,45.51667],[9.97859,45.51647],[9.98046,45.5165]]},"properties":{}},{"type":"Feature","geometry":{"type":"LineString","coordinates":[[9.98616,45.51893],[9.98616,45.51889]]},"properties":{}},{"type":"Feature","geometry":{"type":"LineString","coordinates":[[9.98535,45.51896],[9.98534,45.51891]]},"properties":{}},{"type":"Feature","geometry":{"type":"LineString","coordinates":[[9.98492,45.52179],[9.98443,45.51944],[9.98436,45.51928],[9.98415,45.51901],[9.98332,45.51839],[9.98264,45.51757],[9.98229,45.5173],[9.98235,45.51727]]},"properties":{}},{"type":"Feature","geometry":{"type":"LineString","coordinates":[[9.8631,45.5154],[9.86332,45.51528],[9.8635,45.51525],[9.86407,45.51539],[9.86434,45.51536],[9.86494,45.51483],[9.86585,45.51374],[9.86635,45.51335],[9.8667,45.51318],[9.86714,45.51305]]},"properties":{}},{"type":"Feature","geometry":{"type":"LineString","coordinates":[[9.86271,45.51553],[9.86174,45.51452],[9.86124,45.5141],[9.8611,45.51392]]},"properties":{}},{"type":"Feature","geometry":{"type":"LineString","coordinates":[[9.8631,45.5154],[9.86293,45.51525],[9.86287,45.51524],[9.86284,45.51528]]},"properties":{}},{"type":"Feature","geometry":{"type":"LineString","coordinates":[[9.8628,45.51538],[9.86284,45.51528]]},"properties":{}},{"type":"Feature","geometry":{"type":"LineString","coordinates":[[9.86426,45.51566],[9.86417,45.51558],[9.86408,45.51556],[9.8636,45.51565],[9.8631,45.5154]]},"properties":{}},{"type":"Feature","geometry":{"type":"LineString","coordinates":[[9.86261,45.51585],[9.86258,45.5158],[9.86259,45.51572],[9.8628,45.51538]]},"properties":{}},{"type":"Feature","geometry":{"type":"LineString","coordinates":[[9.79463,45.52626],[9.79467,45.52613]]},"properties":{}},{"type":"Feature","geometry":{"type":"LineString","coordinates":[[9.79441,45.52638],[9.79455,45.52636],[9.79463,45.52626]]},"properties":{}},{"type":"Feature","geometry":{"type":"LineString","coordinates":[[9.81218,45.52658],[9.8117,45.52658]]},"properties":{}},{"type":"Feature","geometry":{"type":"LineString","coordinates":[[9.81214,45.52656],[9.81263,45.52665]]},"properties":{}},{"type":"Feature","geometry":{"type":"LineString","coordinates":[[9.76473,45.52023],[9.76483,45.52026]]},"properties":{}},{"type":"Feature","geometry":{"type":"LineString","coordinates":[[9.75267,45.52164],[9.75279,45.52176]]},"properties":{}},{"type":"Feature","geometry":{"type":"LineString","coordinates":[[9.7551,45.52195],[9.75487,45.52192]]},"properties":{}},{"type":"Feature","geometry":{"type":"LineString","coordinates":[[9.75279,45.52176],[9.75272,45.52187],[9.75267,45.52218]]},"properties":{}},{"type":"Feature","geometry":{"type":"LineString","coordinates":[[9.75336,45.52292],[9.75267,45.52218]]},"properties":{}},{"type":"Feature","geometry":{"type":"LineString","coordinates":[[9.75526,45.52314],[9.7551,45.52233]]},"properties":{}},{"type":"Feature","geometry":{"type":"LineString","coordinates":[[9.75336,45.52292],[9.75336,45.52311]]},"properties":{}},{"type":"Feature","geometry":{"type":"LineString","coordinates":[[9.75363,45.52334],[9.75358,45.52328],[9.75337,45.52327]]},"properties":{}},{"type":"Feature","geometry":{"type":"LineString","coordinates":[[9.75336,45.52311],[9.75339,45.52355]]},"properties":{}},{"type":"Feature","geometry":{"type":"LineString","coordinates":[[9.75363,45.52334],[9.75373,45.5233],[9.75415,45.52334],[9.75421,45.52339]]},"properties":{}},{"type":"Feature","geometry":{"type":"LineString","coordinates":[[9.75537,45.52366],[9.75526,45.52314]]},"properties":{}},{"type":"Feature","geometry":{"type":"LineString","coordinates":[[9.75348,45.52348],[9.75361,45.52345],[9.75363,45.52334]]},"properties":{}},{"type":"Feature","geometry":{"type":"LineString","coordinates":[[9.75539,45.52377],[9.75537,45.52366]]},"properties":{}},{"type":"Feature","geometry":{"type":"LineString","coordinates":[[9.75936,45.52383],[9.75908,45.52388],[9.75603,45.52377],[9.75598,45.52374],[9.75591,45.52356]]},"properties":{}},{"type":"Feature","geometry":{"type":"LineString","coordinates":[[9.75277,45.52403],[9.75284,45.5239],[9.75285,45.52363],[9.75289,45.52358],[9.75348,45.52348]]},"properties":{}},{"type":"Feature","geometry":{"type":"LineString","coordinates":[[9.75544,45.52404],[9.75539,45.52377]]},"properties":{}},{"type":"Feature","geometry":{"type":"LineString","coordinates":[[9.75553,45.52447],[9.75544,45.52404]]},"properties":{}},{"type":"Feature","geometry":{"type":"LineString","coordinates":[[9.75282,45.52483],[9.75277,45.52403]]},"properties":{}},{"type":"Feature","geometry":{"type":"LineString","coordinates":[[9.7556,45.52467],[9.75553,45.52447]]},"properties":{}},{"type":"Feature","geometry":{"type":"LineString","coordinates":[[9.75282,45.52483],[9.75254,45.52514],[9.75214,45.52505]]},"properties":{}},{"type":"Feature","geometry":{"type":"LineString","coordinates":[[9.75341,45.52598],[9.75241,45.52531]]},"properties":{}},{"type":"Feature","geometry":{"type":"LineString","coordinates":[[9.75605,45.52686],[9.75565,45.52495]]},"properties":{}},{"type":"Feature","geometry":{"type":"LineString","coordinates":[[9.75758,45.52603],[9.75768,45.5261]]},"properties":{}},{"type":"Feature","geometry":{"type":"LineString","coordinates":[[9.75758,45.52603],[9.75716,45.52612],[9.75586,45.52621]]},"properties":{}},{"type":"Feature","geometry":{"type":"LineString","coordinates":[[9.76069,45.52621],[9.76049,45.5261],[9.75758,45.52603]]},"properties":{}},{"type":"Feature","geometry":{"type":"LineString","coordinates":[[9.75768,45.5261],[9.75587,45.52622]]},"properties":{}},{"type":"Feature","geometry":{"type":"LineString","coordinates":[[9.7614,45.52646],[9.76137,45.52649],[9.76076,45.52652],[9.76065,45.52656],[9.76047,45.52649],[9.7606,45.5263],[9.76061,45.52624],[9.76049,45.52617],[9.75768,45.5261]]},"properties":{}},{"type":"Feature","geometry":{"type":"LineString","coordinates":[[9.75457,45.52679],[9.75341,45.52598]]},"properties":{}},{"type":"Feature","geometry":{"type":"LineString","coordinates":[[9.75605,45.5269],[9.75605,45.52686]]},"properties":{}},{"type":"Feature","geometry":{"type":"LineString","coordinates":[[9.75614,45.52698],[9.75607,45.52696],[9.75605,45.5269]]},"properties":{}},{"type":"Feature","geometry":{"type":"LineString","coordinates":[[9.75239,45.52699],[9.75312,45.52702]]},"properties":{}},{"type":"Feature","geometry":{"type":"LineString","coordinates":[[9.75616,45.52709],[9.75614,45.52698]]},"properties":{}},{"type":"Feature","geometry":{"type":"LineString","coordinates":[[9.75554,45.52744],[9.75457,45.52679]]},"properties":{}},{"type":"Feature","geometry":{"type":"LineString","coordinates":[[9.75624,45.5276],[9.75618,45.52758],[9.7561,45.52713],[9.75616,45.52709]]},"properties":{}},{"type":"Feature","geometry":{"type":"LineString","coordinates":[[9.75611,45.52754],[9.75574,45.52755],[9.75554,45.52744]]},"properties":{}},{"type":"Feature","geometry":{"type":"LineString","coordinates":[[9.75626,45.5277],[9.75704,45.52763],[9.75702,45.52755]]},"properties":{}},{"type":"Feature","geometry":{"type":"LineString","coordinates":[[9.75636,45.52826],[9.75629,45.52818],[9.75622,45.52772],[9.75626,45.5277]]},"properties":{}},{"type":"Feature","geometry":{"type":"LineString","coordinates":[[9.75592,45.52836],[9.75,45.52795]]},"properties":{}},{"type":"Feature","geometry":{"type":"LineString","coordinates":[[9.75195,45.52616],[9.75165,45.52694],[9.75124,45.52755],[9.75106,45.52809],[9.75095,45.52999],[9.75115,45.53074]]},"properties":{}},{"type":"Feature","geometry":{"type":"LineString","coordinates":[[9.75111,45.52835],[9.75105,45.52931]]},"properties":{}},{"type":"Feature","geometry":{"type":"LineString","coordinates":[[9.76395,45.52885],[9.76373,45.52882],[9.76354,45.52907],[9.76336,45.52907],[9.76324,45.52903],[9.76312,45.52896],[9.76312,45.52878],[9.76299,45.52872]]},"properties":{}},{"type":"Feature","geometry":{"type":"LineString","coordinates":[[9.75114,45.52893],[9.75108,45.52893]]},"properties":{}},{"type":"Feature","geometry":{"type":"LineString","coordinates":[[9.75122,45.52893],[9.75114,45.52893]]},"properties":{}},{"type":"Feature","geometry":{"type":"LineString","coordinates":[[9.75122,45.52893],[9.75167,45.52896]]},"properties":{}},{"type":"Feature","geometry":{"type":"LineString","coordinates":[[9.75096,45.53003],[9.75177,45.53004],[9.7519,45.53001],[9.75193,45.52997],[9.75215,45.5281]]},"properties":{}},{"type":"Feature","geometry":{"type":"LineString","coordinates":[[9.75672,45.53014],[9.75634,45.5284],[9.75636,45.52826]]},"properties":{}},{"type":"Feature","geometry":{"type":"LineString","coordinates":[[9.75105,45.52931],[9.75102,45.52978]]},"properties":{}},{"type":"Feature","geometry":{"type":"LineString","coordinates":[[9.75102,45.52978],[9.75102,45.52999]]},"properties":{}},{"type":"Feature","geometry":{"type":"LineString","coordinates":[[9.75102,45.52999],[9.75104,45.53007]]},"properties":{}},{"type":"Feature","geometry":{"type":"LineString","coordinates":[[9.97972,45.5216],[9.97981,45.52084],[9.97979,45.52017],[9.97976,45.52016],[9.97976,45.52008]]},"properties":{}},{"type":"Feature","geometry":{"type":"LineString","coordinates":[[9.98492,45.52186],[9.98492,45.52179]]},"properties":{}},{"type":"Feature","geometry":{"type":"LineString","coordinates":[[9.98417,45.522],[9.98417,45.52204]]},"properties":{}},{"type":"Feature","geometry":{"type":"LineString","coordinates":[[9.98068,45.52191],[9.98074,45.5219],[9.98085,45.52213],[9.98106,45.52223],[9.98487,45.52194],[9.98492,45.52186]]},"properties":{}},{"type":"Feature","geometry":{"type":"LineString","coordinates":[[9.98066,45.52594],[9.98075,45.52589],[9.9808,45.52577],[9.98102,45.52558],[9.9811,45.5249],[9.98107,45.52484],[9.981,45.52481],[9.98088,45.52483],[9.98045,45.52499],[9.98027,45.52499],[9.98021,45.52595],[9.98014,45.52594],[9.98014,45.52599],[9.98045,45.526],[9.98066,45.52594]]},"properties":{}},{"type":"Feature","geometry":{"type":"LineString","coordinates":[[9.98071,45.52601],[9.98069,45.52598]]},"properties":{}},{"type":"Feature","geometry":{"type":"LineString","coordinates":[[9.93741,45.52793],[9.93756,45.52778],[9.93755,45.52764],[9.93783,45.52739],[9.93794,45.52725],[9.93805,45.5272],[9.9383,45.52717],[9.93843,45.52705],[9.93853,45.52648],[9.9391,45.52433],[9.93915,45.5243],[9.93924,45.5243]]},"properties":{}},{"type":"Feature","geometry":{"type":"LineString","coordinates":[[9.97895,45.52658],[9.97897,45.5262],[9.97904,45.52611],[9.97913,45.52611],[9.97946,45.52635],[9.97986,45.52638],[9.98002,45.52634],[9.98033,45.52616],[9.98073,45.52606]]},"properties":{}},{"type":"Feature","geometry":{"type":"LineString","coordinates":[[9.98073,45.52606],[9.98095,45.52623],[9.98107,45.52644],[9.98111,45.52742],[9.98118,45.52741]]},"properties":{}},{"type":"Feature","geometry":{"type":"LineString","coordinates":[[9.93895,45.52719],[9.93879,45.52708],[9.93843,45.52705]]},"properties":{}},{"type":"Feature","geometry":{"type":"LineString","coordinates":[[9.86912,45.51717],[9.8691,45.51728]]},"properties":{}},{"type":"Feature","geometry":{"type":"LineString","coordinates":[[9.86848,45.51738],[9.86852,45.51742],[9.86881,45.51739],[9.8691,45.51728]]},"properties":{}},{"type":"Feature","geometry":{"type":"LineString","coordinates":[[9.86852,45.51742],[9.8684,45.51748],[9.86839,45.51752],[9.86871,45.5193],[9.8688,45.51937],[9.86896,45.5194],[9.86906,45.51947]]},"properties":{}},{"type":"Feature","geometry":{"type":"LineString","coordinates":[[9.9355,45.52823],[9.9355,45.52835],[9.93559,45.52841],[9.93578,45.5284],[9.93586,45.52833],[9.93585,45.52824],[9.93577,45.52817],[9.93565,45.52816],[9.9355,45.52823]]},"properties":{}},{"type":"Feature","geometry":{"type":"LineString","coordinates":[[9.93586,45.52828],[9.93599,45.5283],[9.93614,45.52843]]},"properties":{}},{"type":"Feature","geometry":{"type":"LineString","coordinates":[[9.93192,45.53125],[9.93554,45.52839]]},"properties":{}},{"type":"Feature","geometry":{"type":"LineString","coordinates":[[9.93353,45.53007],[9.93346,45.53002]]},"properties":{}},{"type":"Feature","geometry":{"type":"LineString","coordinates":[[9.93353,45.53007],[9.9336,45.53013]]},"properties":{}},{"type":"Feature","geometry":{"type":"LineString","coordinates":[[9.9336,45.53013],[9.93374,45.53024]]},"properties":{}},{"type":"Feature","geometry":{"type":"LineString","coordinates":[[9.93373,45.53024],[9.93387,45.53062],[9.9342,45.53109]]},"properties":{}},{"type":"Feature","geometry":{"type":"LineString","coordinates":[[9.93756,45.52778],[9.93763,45.52777],[9.93823,45.52748],[9.93828,45.5274],[9.93826,45.52733],[9.93819,45.5273],[9.93823,45.52719]]},"properties":{}},{"type":"Feature","geometry":{"type":"LineString","coordinates":[[9.93826,45.52745],[9.93839,45.52751],[9.93767,45.52791],[9.93745,45.52797],[9.93741,45.52793]]},"properties":{}},{"type":"Feature","geometry":{"type":"LineString","coordinates":[[9.94147,45.52819],[9.94137,45.52818]]},"properties":{}},{"type":"Feature","geometry":{"type":"LineString","coordinates":[[9.98812,45.52728],[9.98839,45.52783],[9.98944,45.52939]]},"properties":{}},{"type":"Feature","geometry":{"type":"LineString","coordinates":[[9.98111,45.52742],[9.9812,45.52837],[9.9812,45.52934],[9.98125,45.52934]]},"properties":{}},{"type":"Feature","geometry":{"type":"LineString","coordinates":[[9.9812,45.52934],[9.9812,45.52942]]},"properties":{}},{"type":"Feature","geometry":{"type":"LineString","coordinates":[[9.98944,45.52939],[9.98947,45.52943]]},"properties":{}},{"type":"Feature","geometry":{"type":"LineString","coordinates":[[9.9812,45.52942],[9.98121,45.5295]]},"properties":{}},{"type":"Feature","geometry":{"type":"LineString","coordinates":[[9.98947,45.52943],[9.99005,45.53024]]},"properties":{}},{"type":"Feature","geometry":{"type":"LineString","coordinates":[[9.9901,45.5303],[9.99027,45.53044],[9.99045,45.5304],[9.99045,45.53054],[9.99069,45.5307]]},"properties":{}},{"type":"Feature","geometry":{"type":"LineString","coordinates":[[9.80282,45.52728],[9.80279,45.52733],[9.80116,45.52683],[9.8007,45.52677],[9.79932,45.52674],[9.79835,45.52666],[9.79608,45.52638],[9.79479,45.52607],[9.79467,45.52613]]},"properties":{}},{"type":"Feature","geometry":{"type":"LineString","coordinates":[[9.8119,45.52654],[9.81172,45.52658],[9.81101,45.52656],[9.8045,45.52692]]},"properties":{}},{"type":"Feature","geometry":{"type":"LineString","coordinates":[[9.80446,45.52698],[9.8045,45.52692]]},"properties":{}},{"type":"Feature","geometry":{"type":"LineString","coordinates":[[9.80419,45.52716],[9.80421,45.52731]]},"properties":{}},{"type":"Feature","geometry":{"type":"LineString","coordinates":[[9.80421,45.52731],[9.80425,45.52763],[9.80457,45.52771],[9.80446,45.52698]]},"properties":{}},{"type":"Feature","geometry":{"type":"LineString","coordinates":[[9.804,45.52764],[9.80419,45.52716]]},"properties":{}},{"type":"Feature","geometry":{"type":"LineString","coordinates":[[9.81263,45.52665],[9.81281,45.52667],[9.81341,45.52687],[9.81387,45.52692],[9.81788,45.52662],[9.81793,45.52671],[9.81784,45.52685],[9.8175,45.52818],[9.81754,45.52826],[9.82266,45.52887],[9.82275,45.52884],[9.82337,45.52632],[9.82342,45.52628],[9.8236,45.52624],[9.82809,45.52605],[9.82813,45.52606],[9.82819,45.52622],[9.82833,45.52629],[9.82879,45.52628]]},"properties":{}},{"type":"Feature","geometry":{"type":"LineString","coordinates":[[9.83774,45.5318],[9.8377,45.53216],[9.83777,45.53223],[9.83814,45.53234],[9.83977,45.53232],[9.84108,45.53247],[9.84122,45.53256]]},"properties":{}},{"type":"Feature","geometry":{"type":"LineString","coordinates":[[9.84105,45.53274],[9.84036,45.53267],[9.84039,45.53258],[9.84114,45.53266]]},"properties":{}},{"type":"Feature","geometry":{"type":"LineString","coordinates":[[9.84101,45.53296],[9.84105,45.53274]]},"properties":{}},{"type":"Feature","geometry":{"type":"LineString","coordinates":[[9.9342,45.53109],[9.93449,45.53148]]},"properties":{}},{"type":"Feature","geometry":{"type":"LineString","coordinates":[[9.91569,45.53124],[9.91576,45.53112],[9.91721,45.53164],[9.91729,45.53163],[9.91745,45.53169],[9.9175,45.53175]]},"properties":{}},{"type":"Feature","geometry":{"type":"LineString","coordinates":[[9.93449,45.53148],[9.93453,45.53154]]},"properties":{}},{"type":"Feature","geometry":{"type":"LineString","coordinates":[[9.91446,45.53154],[9.91508,45.53155]]},"properties":{}},{"type":"Feature","geometry":{"type":"LineString","coordinates":[[9.93453,45.53154],[9.93468,45.53174]]},"properties":{}},{"type":"Feature","geometry":{"type":"LineString","coordinates":[[9.91799,45.53207],[9.91785,45.53211],[9.9178,45.53216],[9.91779,45.53223],[9.91766,45.53224],[9.91741,45.53193],[9.9172,45.53174],[9.91628,45.53141],[9.91527,45.53112],[9.91513,45.53113],[9.91494,45.53121],[9.91474,45.53123],[9.91459,45.53131],[9.91459,45.53155]]},"properties":{}},{"type":"Feature","geometry":{"type":"LineString","coordinates":[[9.93468,45.53174],[9.93474,45.53182]]},"properties":{}},{"type":"Feature","geometry":{"type":"LineString","coordinates":[[9.93474,45.53182],[9.93478,45.53188]]},"properties":{}},{"type":"Feature","geometry":{"type":"LineString","coordinates":[[9.93478,45.53188],[9.93489,45.53203]]},"properties":{}},{"type":"Feature","geometry":{"type":"LineString","coordinates":[[9.918,45.53193],[9.91799,45.53207]]},"properties":{}},{"type":"Feature","geometry":{"type":"LineString","coordinates":[[9.93489,45.53203],[9.93489,45.53209]]},"properties":{}},{"type":"Feature","geometry":{"type":"LineString","coordinates":[[9.93192,45.53125],[9.93179,45.53137],[9.93167,45.53182],[9.93164,45.53213],[9.93164,45.53316],[9.93179,45.53316]]},"properties":{}},{"type":"Feature","geometry":{"type":"LineString","coordinates":[[9.93489,45.53209],[9.93517,45.53258],[9.93503,45.53279]]},"properties":{}},{"type":"Feature","geometry":{"type":"LineString","coordinates":[[9.93503,45.53279],[9.93508,45.53285]]},"properties":{}},{"type":"Feature","geometry":{"type":"LineString","coordinates":[[9.93508,45.53285],[9.93529,45.53283],[9.93531,45.53287]]},"properties":{}},{"type":"Feature","geometry":{"type":"LineString","coordinates":[[9.92292,45.53387],[9.92216,45.53355],[9.91881,45.53233],[9.91812,45.53209],[9.91799,45.53207]]},"properties":{}},{"type":"Feature","geometry":{"type":"LineString","coordinates":[[9.93179,45.53316],[9.93218,45.53313]]},"properties":{}},{"type":"Feature","geometry":{"type":"LineString","coordinates":[[9.93531,45.53287],[9.93538,45.53345]]},"properties":{}},{"type":"Feature","geometry":{"type":"LineString","coordinates":[[9.93538,45.53345],[9.93547,45.53428]]},"properties":{}},{"type":"Feature","geometry":{"type":"LineString","coordinates":[[9.92292,45.53409],[9.92207,45.53404],[9.92096,45.53413],[9.92019,45.53405],[9.91936,45.53404]]},"properties":{}},{"type":"Feature","geometry":{"type":"LineString","coordinates":[[9.9399,45.53236],[9.9399,45.53228]]},"properties":{}},{"type":"Feature","geometry":{"type":"LineString","coordinates":[[9.99069,45.5307],[9.99098,45.53098],[9.99176,45.53218],[9.99266,45.53406]]},"properties":{}},{"type":"Feature","geometry":{"type":"LineString","coordinates":[[9.9407,45.5348],[9.94074,45.53258],[9.94068,45.53254],[9.93997,45.53254],[9.9399,45.5325],[9.9399,45.53236]]},"properties":{}},{"type":"Feature","geometry":{"type":"LineString","coordinates":[[9.99282,45.53415],[9.99305,45.53395],[9.99333,45.53376],[9.99362,45.53364],[9.99379,45.53361],[9.99749,45.53341],[9.99877,45.53342],[10.0,45.53349]]},"properties":{}},{"type":"Feature","geometry":{"type":"LineString","coordinates":[[9.99266,45.53406],[9.99267,45.53408]]},"properties":{}},{"type":"Feature","geometry":{"type":"LineString","coordinates":[[9.99267,45.53408],[9.99274,45.53409]]},"properties":{}},{"type":"Feature","geometry":{"type":"LineString","coordinates":[[9.99282,45.53415],[9.99274,45.53409]]},"properties":{}},{"type":"Feature","geometry":{"type":"LineString","coordinates":[[9.98162,45.53895],[9.98157,45.53467],[9.98151,45.53348],[9.98147,45.53335],[9.9814,45.5308],[9.98128,45.53018],[9.98121,45.5295],[9.98126,45.52943]]},"properties":{}},{"type":"Feature","geometry":{"type":"LineString","coordinates":[[9.99323,45.53513],[9.9928,45.53428],[9.99282,45.53415]]},"properties":{}},{"type":"Feature","geometry":{"type":"LineString","coordinates":[[9.99399,45.53773],[9.99385,45.53634],[9.99373,45.53595],[9.99359,45.53564]]},"properties":{}},{"type":"Feature","geometry":{"type":"LineString","coordinates":[[9.93547,45.53428],[9.93553,45.53481]]},"properties":{}},{"type":"Feature","geometry":{"type":"LineString","coordinates":[[9.90925,45.53544],[9.90926,45.53538],[9.90885,45.53412],[9.90879,45.53408],[9.90873,45.53409]]},"properties":{}},{"type":"Feature","geometry":{"type":"LineString","coordinates":[[9.93578,45.53499],[9.93564,45.53492],[9.93535,45.53495]]},"properties":{}},{"type":"Feature","geometry":{"type":"LineString","coordinates":[[9.93608,45.5351],[9.93618,45.5351],[9.93657,45.53485],[9.93727,45.53484]]},"properties":{}},{"type":"Feature","geometry":{"type":"LineString","coordinates":[[9.93535,45.53495],[9.9345,45.53504]]},"properties":{}},{"type":"Feature","geometry":{"type":"LineString","coordinates":[[9.93583,45.53505],[9.93578,45.53499]]},"properties":{}},{"type":"Feature","geometry":{"type":"LineString","coordinates":[[9.9345,45.53504],[9.93415,45.53508]]},"properties":{}},{"type":"Feature","geometry":{"type":"LineString","coordinates":[[9.93577,45.53523],[9.93583,45.53517],[9.93583,45.53505]]},"properties":{}},{"type":"Feature","geometry":{"type":"LineString","coordinates":[[9.93532,45.53562],[9.93577,45.53523]]},"properties":{}},{"type":"Feature","geometry":{"type":"LineString","coordinates":[[9.93438,45.53643],[9.93461,45.53624]]},"properties":{}},{"type":"Feature","geometry":{"type":"LineString","coordinates":[[9.92558,45.5371],[9.92558,45.53699],[9.92548,45.53674],[9.92541,45.53664],[9.92534,45.53662]]},"properties":{}},{"type":"Feature","geometry":{"type":"LineString","coordinates":[[9.92552,45.53709],[9.92402,45.53737]]},"properties":{}},{"type":"Feature","geometry":{"type":"LineString","coordinates":[[9.93138,45.53879],[9.9314,45.53867]]},"properties":{}},{"type":"Feature","geometry":{"type":"LineString","coordinates":[[9.92166,45.53889],[9.92214,45.5387],[9.92224,45.53869]]},"properties":{}},{"type":"Feature","geometry":{"type":"LineString","coordinates":[[9.93194,45.53879],[9.93192,45.53884]]},"properties":{}},{"type":"Feature","geometry":{"type":"LineString","coordinates":[[9.93192,45.53884],[9.9319,45.53889]]},"properties":{}},{"type":"Feature","geometry":{"type":"LineString","coordinates":[[9.92132,45.53914],[9.92166,45.53889]]},"properties":{}},{"type":"Feature","geometry":{"type":"LineString","coordinates":[[9.92097,45.53939],[9.92132,45.53914]]},"properties":{}},{"type":"Feature","geometry":{"type":"LineString","coordinates":[[9.91818,45.53885],[9.91861,45.54001],[9.91858,45.54011],[9.91876,45.54056]]},"properties":{}},{"type":"Feature","geometry":{"type":"LineString","coordinates":[[9.91876,45.54056],[9.9188,45.5406]]},"properties":{}},{"type":"Feature","geometry":{"type":"LineString","coordinates":[[9.84101,45.53296],[9.84098,45.53309],[9.84164,45.53318],[9.84156,45.53355],[9.84283,45.53388]]},"properties":{}},{"type":"Feature","geometry":{"type":"LineString","coordinates":[[9.85773,45.53477],[9.85776,45.53469]]},"properties":{}},{"type":"Feature","geometry":{"type":"LineString","coordinates":[[9.83568,45.54737],[9.83564,45.54742],[9.83561,45.54741],[9.83549,45.54759]]},"properties":{}},{"type":"Feature","geometry":{"type":"LineString","coordinates":[[9.8361,45.54889],[9.83576,45.54832],[9.83575,45.54815],[9.83577,45.54789],[9.83583,45.5477],[9.83591,45.54756],[9.83624,45.54726],[9.83655,45.54706],[9.83714,45.54677],[9.83745,45.54666],[9.83808,45.54652],[9.83865,45.54644],[9.83958,45.5464],[9.84009,45.54643],[9.84054,45.54641],[9.84122,45.54649],[9.84203,45.54653],[9.84258,45.54665],[9.84274,45.54666]]},"properties":{}},{"type":"Feature","geometry":{"type":"LineString","coordinates":[[9.83549,45.54759],[9.83539,45.54773]]},"properties":{}},{"type":"Feature","geometry":{"type":"LineString","coordinates":[[9.83539,45.54773],[9.83527,45.5479],[9.83534,45.54792]]},"properties":{}},{"type":"Feature","geometry":{"type":"LineString","coordinates":[[9.83527,45.5479],[9.83519,45.54801]]},"properties":{}},{"type":"Feature","geometry":{"type":"LineString","coordinates":[[9.83498,45.5483],[9.8348,45.54859]]},"properties":{}},{"type":"Feature","geometry":{"type":"LineString","coordinates":[[9.8147,45.55081],[9.81451,45.55078],[9.81445,45.55074],[9.81442,45.55067],[9.81426,45.54902],[9.81334,45.54811],[9.81304,45.54765],[9.81258,45.54669],[9.81249,45.54628]]},"properties":{}},{"type":"Feature","geometry":{"type":"LineString","coordinates":[[9.83615,45.54893],[9.8361,45.54889]]},"properties":{}},{"type":"Feature","geometry":{"type":"LineString","coordinates":[[9.9188,45.5406],[9.91883,45.54064]]},"properties":{}},{"type":"Feature","geometry":{"type":"LineString","coordinates":[[9.93414,45.53974],[9.93456,45.54046],[9.93515,45.54159],[9.9352,45.54171],[9.93519,45.54187]]},"properties":{}},{"type":"Feature","geometry":{"type":"LineString","coordinates":[[9.91376,45.54286],[9.91395,45.54279],[9.91409,45.54244],[9.91554,45.54217],[9.91595,45.54203],[9.91733,45.5412],[9.91869,45.5407],[9.91908,45.54052],[9.92062,45.5395],[9.92078,45.53941],[9.92097,45.53939]]},"properties":{}},{"type":"Feature","geometry":{"type":"LineString","coordinates":[[9.93519,45.54187],[9.93512,45.54205]]},"properties":{}},{"type":"Feature","geometry":{"type":"LineString","coordinates":[[9.93512,45.54205],[9.93507,45.54221],[9.93507,45.54244],[9.93513,45.54257],[9.93524,45.54267]]},"properties":{}},{"type":"Feature","geometry":{"type":"LineString","coordinates":[[9.93237,45.54306],[9.93335,45.54283],[9.9334,45.54285]]},"properties":{}},{"type":"Feature","geometry":{"type":"LineString","coordinates":[[9.91187,45.54476],[9.91199,45.54465],[9.91233,45.54446],[9.91246,45.54428],[9.91259,45.54378],[9.91254,45.54354],[9.9126,45.54283]]},"properties":{}},{"type":"Feature","geometry":{"type":"LineString","coordinates":[[9.90002,45.54589],[9.90363,45.54486],[9.90556,45.54435],[9.90725,45.54375],[9.90838,45.54345],[9.91218,45.54275],[9.91254,45.54276],[9.9126,45.54283],[9.91292,45.54281],[9.9132,45.54259],[9.91389,45.54245],[9.91409,45.54244]]},"properties":{}},{"type":"Feature","geometry":{"type":"LineString","coordinates":[[9.92237,45.54497],[9.92244,45.54487],[9.92407,45.54344]]},"properties":{}},{"type":"Feature","geometry":{"type":"LineString","coordinates":[[9.91344,45.54367],[9.913,45.5446],[9.91313,45.54519],[9.91317,45.54525]]},"properties":{}},{"type":"Feature","geometry":{"type":"LineString","coordinates":[[9.98159,45.53913],[9.98162,45.53895]]},"properties":{}},{"type":"Feature","geometry":{"type":"LineString","coordinates":[[9.99515,45.54405],[9.99517,45.54403],[9.99508,45.54368]]},"properties":{}},{"type":"Feature","geometry":{"type":"LineString","coordinates":[[9.99532,45.54471],[9.99516,45.54411]]},"properties":{}},{"type":"Feature","geometry":{"type":"LineString","coordinates":[[9.97983,45.55023],[9.97969,45.55023],[9.97978,45.5496],[9.98036,45.54821],[9.98052,45.54768],[9.98057,45.54727],[9.98058,45.54658],[9.98072,45.54572],[9.98107,45.54449],[9.98141,45.54279],[9.98148,45.5412],[9.98143,45.54027],[9.98159,45.53913]]},"properties":{}},{"type":"Feature","geometry":{"type":"LineString","coordinates":[[9.9997,45.54526],[9.99978,45.54529]]},"properties":{}},{"type":"Feature","geometry":{"type":"LineString","coordinates":[[9.99849,45.54656],[9.99944,45.54565],[9.9998,45.54509]]},"properties":{}},{"type":"Feature","geometry":{"type":"LineString","coordinates":[[9.99443,45.54604],[9.99256,45.54675]]},"properties":{}},{"type":"Feature","geometry":{"type":"LineString","coordinates":[[9.94059,45.54889],[9.94085,45.54879],[9.94095,45.54866],[9.94099,45.5485],[9.94146,45.54566],[9.94146,45.54544]]},"properties":{}},{"type":"Feature","geometry":{"type":"LineString","coordinates":[[9.99722,45.54792],[9.99752,45.54771],[9.99813,45.54722],[9.99824,45.54707],[9.99836,45.54675],[9.99849,45.54656],[9.99866,45.54662]]},"properties":{}},{"type":"Feature","geometry":{"type":"LineString","coordinates":[[9.99671,45.54801],[9.99659,45.54769],[9.99631,45.54736],[9.99627,45.54738]]},"properties":{}},{"type":"Feature","geometry":{"type":"LineString","coordinates":[[9.83623,45.54902],[9.83615,45.54893]]},"properties":{}},{"type":"Feature","geometry":{"type":"LineString","coordinates":[[9.8348,45.54859],[9.83397,45.54982]]},"properties":{}},{"type":"Feature","geometry":{"type":"LineString","coordinates":[[9.83589,45.54995],[9.83607,45.54989],[9.83625,45.54977],[9.83628,45.54949],[9.83621,45.54924],[9.83623,45.54902]]},"properties":{}},{"type":"Feature","geometry":{"type":"LineString","coordinates":[[9.82894,45.54954],[9.82872,45.5495],[9.82854,45.54957]]},"properties":{}},{"type":"Feature","geometry":{"type":"LineString","coordinates":[[9.82906,45.54958],[9.82894,45.54954]]},"properties":{}},{"type":"Feature","geometry":{"type":"LineString","coordinates":[[9.82922,45.54964],[9.82923,45.54962]]},"properties":{}},{"type":"Feature","geometry":{"type":"LineString","coordinates":[[9.83625,45.54977],[9.83636,45.54987],[9.83648,45.54985],[9.83659,45.54994],[9.83668,45.54989],[9.83688,45.54993],[9.83695,45.55001],[9.8372,45.55005]]},"properties":{}},{"type":"Feature","geometry":{"type":"LineString","coordinates":[[9.83589,45.54995],[9.83727,45.55013]]},"properties":{}},{"type":"Feature","geometry":{"type":"LineString","coordinates":[[9.83397,45.54982],[9.83374,45.55021],[9.83363,45.55032]]},"properties":{}},{"type":"Feature","geometry":{"type":"LineString","coordinates":[[9.83341,45.55127],[9.83335,45.55126],[9.83324,45.55112],[9.83304,45.55103],[9.82906,45.54958]]},"properties":{}},{"type":"Feature","geometry":{"type":"LineString","coordinates":[[9.83357,45.55051],[9.83352,45.55061]]},"properties":{}},{"type":"Feature","geometry":{"type":"LineString","coordinates":[[9.83352,45.55061],[9.83344,45.55073]]},"properties":{}},{"type":"Feature","geometry":{"type":"LineString","coordinates":[[9.83359,45.55066],[9.83346,45.55093]]},"properties":{}},{"type":"Feature","geometry":{"type":"LineString","coordinates":[[9.83344,45.55073],[9.83344,45.55082],[9.83338,45.55089],[9.83341,45.55091]]},"properties":{}},{"type":"Feature","geometry":{"type":"LineString","coordinates":[[9.82256,45.55096],[9.81861,45.55099],[9.81757,45.55091],[9.8147,45.55081],[9.81463,45.55077]]},"properties":{}},{"type":"Feature","geometry":{"type":"LineString","coordinates":[[9.83341,45.55091],[9.83346,45.55093]]},"properties":{}},{"type":"Feature","geometry":{"type":"LineString","coordinates":[[9.83338,45.55089],[9.83322,45.55096],[9.83301,45.55089]]},"properties":{}},{"type":"Feature","geometry":{"type":"LineString","coordinates":[[9.83346,45.55093],[9.83351,45.55095]]},"properties":{}},{"type":"Feature","geometry":{"type":"LineString","coordinates":[[9.82367,45.55094],[9.82356,45.55097],[9.82277,45.55096]]},"properties":{}},{"type":"Feature","geometry":{"type":"LineString","coordinates":[[9.82277,45.55096],[9.82256,45.55096]]},"properties":{}},{"type":"Feature","geometry":{"type":"LineString","coordinates":[[9.83319,45.55095],[9.83314,45.55107]]},"properties":{}},{"type":"Feature","geometry":{"type":"LineString","coordinates":[[9.8335,45.55116],[9.83351,45.55095]]},"properties":{}},{"type":"Feature","geometry":{"type":"LineString","coordinates":[[9.8335,45.55116],[9.83332,45.5512]]},"properties":{}},{"type":"Feature","geometry":{"type":"LineString","coordinates":[[9.83346,45.55128],[9.8335,45.55116]]},"properties":{}},{"type":"Feature","geometry":{"type":"LineString","coordinates":[[9.83677,45.55425],[9.83707,45.55396],[9.83727,45.5537],[9.83776,45.55294],[9.83816,45.55221],[9.83822,45.55203],[9.83822,45.55184],[9.83789,45.5509],[9.83783,45.5508],[9.83681,45.54961],[9.83623,45.54902]]},"properties":{}},{"type":"Feature","geometry":{"type":"LineString","coordinates":[[9.83054,45.55211],[9.82982,45.55187]]},"properties":{}},{"type":"Feature","geometry":{"type":"LineString","coordinates":[[9.83148,45.55243],[9.83089,45.55221],[9.83054,45.55211]]},"properties":{}},{"type":"Feature","geometry":{"type":"LineString","coordinates":[[9.83153,45.55249],[9.83144,45.55244]]},"properties":{}},{"type":"Feature","geometry":{"type":"LineString","coordinates":[[9.83233,45.5529],[9.83154,45.55248]]},"properties":{}},{"type":"Feature","geometry":{"type":"LineString","coordinates":[[9.83263,45.55304],[9.83234,45.55289]]},"properties":{}},{"type":"Feature","geometry":{"type":"LineString","coordinates":[[9.97985,45.55177],[9.97988,45.55128],[9.97983,45.55103],[9.9798,45.55041],[9.9799,45.54965],[9.97978,45.54964]]},"properties":{}},{"type":"Feature","geometry":{"type":"LineString","coordinates":[[9.97983,45.55185],[9.97985,45.55177]]},"properties":{}},{"type":"Feature","geometry":{"type":"LineString","coordinates":[[9.97963,45.55296],[9.97967,45.5529],[9.97983,45.55185]]},"properties":{}},{"type":"Feature","geometry":{"type":"LineString","coordinates":[[9.99814,45.5542],[9.99824,45.55374],[9.99792,45.55308],[9.99788,45.55292]]},"properties":{}},{"type":"Feature","geometry":{"type":"LineString","coordinates":[[9.83768,45.55307],[9.83671,45.5529]]},"properties":{}},{"type":"Feature","geometry":{"type":"LineString","coordinates":[[9.83267,45.55306],[9.83263,45.55304]]},"properties":{}},{"type":"Feature","geometry":{"type":"LineString","coordinates":[[9.83284,45.55313],[9.83267,45.55306]]},"properties":{}},{"type":"Feature","geometry":{"type":"LineString","coordinates":[[9.83289,45.55316],[9.83284,45.55313]]},"properties":{}},{"type":"Feature","geometry":{"type":"LineString","coordinates":[[9.83298,45.55319],[9.83289,45.55316]]},"properties":{}},{"type":"Feature","geometry":{"type":"LineString","coordinates":[[9.83305,45.5532],[9.83298,45.55319]]},"properties":{}},{"type":"Feature","geometry":{"type":"LineString","coordinates":[[9.8332,45.55329],[9.83305,45.5532]]},"properties":{}},{"type":"Feature","geometry":{"type":"LineString","coordinates":[[9.83329,45.5533],[9.8332,45.55329]]},"properties":{}},{"type":"Feature","geometry":{"type":"LineString","coordinates":[[9.83326,45.55321],[9.83322,45.55342]]},"properties":{}},{"type":"Feature","geometry":{"type":"LineString","coordinates":[[9.83322,45.55342],[9.83318,45.55359]]},"properties":{}},{"type":"Feature","geometry":{"type":"LineString","coordinates":[[9.83318,45.55359],[9.83305,45.55408],[9.83261,45.55443],[9.8325,45.55459],[9.83243,45.55482]]},"properties":{}},{"type":"Feature","geometry":{"type":"LineString","coordinates":[[9.83658,45.55441],[9.83677,45.55425]]},"properties":{}},{"type":"Feature","geometry":{"type":"LineString","coordinates":[[9.83659,45.55485],[9.83658,45.55441]]},"properties":{}},{"type":"Feature","geometry":{"type":"LineString","coordinates":[[9.8362,45.55648],[9.83618,45.55614],[9.83624,45.55574],[9.83652,45.5551],[9.83659,45.55485]]},"properties":{}},{"type":"Feature","geometry":{"type":"LineString","coordinates":[[9.83553,45.55703],[9.83557,45.55703]]},"properties":{}},{"type":"Feature","geometry":{"type":"LineString","coordinates":[[9.83552,45.55703],[9.83553,45.55703]]},"properties":{}},{"type":"Feature","geometry":{"type":"LineString","coordinates":[[9.83557,45.55703],[9.83559,45.55703]]},"properties":{}},{"type":"Feature","geometry":{"type":"LineString","coordinates":[[9.83548,45.55705],[9.83552,45.55703]]},"properties":{}},{"type":"Feature","geometry":{"type":"LineString","coordinates":[[9.83559,45.55703],[9.83563,45.55706]]},"properties":{}},{"type":"Feature","geometry":{"type":"LineString","coordinates":[[9.83563,45.55706],[9.83564,45.55708]]},"properties":{}},{"type":"Feature","geometry":{"type":"LineString","coordinates":[[9.9698,45.55456],[9.96594,45.55498],[9.96589,45.55501],[9.96589,45.55508]]},"properties":{}},{"type":"Feature","geometry":{"type":"LineString","coordinates":[[9.99804,45.55506],[9.99794,45.55548],[9.99784,45.55552],[9.99772,45.55593]]},"properties":{}},{"type":"Feature","geometry":{"type":"LineString","coordinates":[[9.99772,45.55593],[9.99766,45.5561]]},"properties":{}},{"type":"Feature","geometry":{"type":"LineString","coordinates":[[9.9786,45.55601],[9.97861,45.55605]]},"properties":{}},{"type":"Feature","geometry":{"type":"LineString","coordinates":[[9.97862,45.5561],[9.97865,45.55619]]},"properties":{}},{"type":"Feature","geometry":{"type":"LineString","coordinates":[[9.96957,45.55741],[9.96906,45.55738],[9.96854,45.55726],[9.96756,45.5568],[9.96537,45.55564],[9.96524,45.55515]]},"properties":{}},{"type":"Feature","geometry":{"type":"LineString","coordinates":[[9.97865,45.55619],[9.97867,45.55622],[9.97923,45.55612],[9.97925,45.55617],[9.97937,45.55616],[9.97942,45.5563],[9.97942,45.5565]]},"properties":{}},{"type":"Feature","geometry":{"type":"LineString","coordinates":[[9.99766,45.5561],[9.99711,45.55656]]},"properties":{}},{"type":"Feature","geometry":{"type":"LineString","coordinates":[[9.97942,45.5565],[9.97941,45.55657]]},"properties":{}},{"type":"Feature","geometry":{"type":"LineString","coordinates":[[9.96993,45.55744],[9.9782,45.556],[9.97857,45.55591],[9.97859,45.55598]]},"properties":{}},{"type":"Feature","geometry":{"type":"LineString","coordinates":[[9.9699,45.55714],[9.96986,45.55693]]},"properties":{}},{"type":"Feature","geometry":{"type":"LineString","coordinates":[[9.99711,45.55656],[9.99687,45.5568],[9.99672,45.55703],[9.99654,45.55761]]},"properties":{}},{"type":"Feature","geometry":{"type":"LineString","coordinates":[[9.96994,45.55756],[9.96992,45.55723]]},"properties":{}},{"type":"Feature","geometry":{"type":"LineString","coordinates":[[9.96971,45.55741],[9.96993,45.55742]]},"properties":{}},{"type":"Feature","geometry":{"type":"LineString","coordinates":[[9.9962,45.56065],[9.99611,45.55996],[9.99616,45.55866],[9.99643,45.55762],[9.99657,45.5572],[9.99682,45.55678],[9.99701,45.55657],[9.99764,45.55603],[9.99814,45.5542]]},"properties":{}},{"type":"Feature","geometry":{"type":"LineString","coordinates":[[9.96997,45.55762],[9.96996,45.5576]]},"properties":{}},{"type":"Feature","geometry":{"type":"LineString","coordinates":[[9.99654,45.55761],[9.99652,45.55768]]},"properties":{}},{"type":"Feature","geometry":{"type":"LineString","coordinates":[[9.99652,45.55768],[9.99638,45.55817]]},"properties":{}},{"type":"Feature","geometry":{"type":"LineString","coordinates":[[9.97009,45.55836],[9.97005,45.55794],[9.96998,45.55766]]},"properties":{}},{"type":"Feature","geometry":{"type":"LineString","coordinates":[[9.97522,45.55836],[9.97506,45.55838]]},"properties":{}},{"type":"Feature","geometry":{"type":"LineString","coordinates":[[9.9971,45.54799],[9.99722,45.54792]]},"properties":{}},{"type":"Feature","geometry":{"type":"LineString","coordinates":[[9.99722,45.54792],[9.99731,45.548]]},"properties":{}},{"type":"Feature","geometry":{"type":"LineString","coordinates":[[9.99713,45.54804],[9.9971,45.54799]]},"properties":{}},{"type":"Feature","geometry":{"type":"LineString","coordinates":[[9.9971,45.54799],[9.9968,45.5481],[9.99674,45.54809],[9.99671,45.54801]]},"properties":{}},{"type":"Feature","geometry":{"type":"LineString","coordinates":[[9.99717,45.5481],[9.99713,45.54804]]},"properties":{}},{"type":"Feature","geometry":{"type":"LineString","coordinates":[[9.99734,45.54878],[9.99734,45.54872],[9.99731,45.5487],[9.99692,45.54863],[9.99686,45.54859],[9.99683,45.54852],[9.99689,45.54828],[9.99696,45.54821],[9.99714,45.54815],[9.99717,45.5481]]},"properties":{}},{"type":"Feature","geometry":{"type":"LineString","coordinates":[[9.99735,45.54883],[9.99734,45.54878]]},"properties":{}},{"type":"Feature","geometry":{"type":"LineString","coordinates":[[9.99738,45.54893],[9.99735,45.54883]]},"properties":{}},{"type":"Feature","geometry":{"type":"LineString","coordinates":[[9.9974,45.54898],[9.99738,45.54893]]},"properties":{}},{"type":"Feature","geometry":{"type":"LineString","coordinates":[[9.9968,45.55022],[9.9969,45.5502],[9.99673,45.54969],[9.99675,45.54935],[9.99703,45.54913],[9.99737,45.54904],[9.9974,45.54903],[9.9974,45.54898]]},"properties":{}},{"type":"Feature","geometry":{"type":"LineString","coordinates":[[9.75104,45.53007],[9.75121,45.5308]]},"properties":{}},{"type":"Feature","geometry":{"type":"LineString","coordinates":[[9.75667,45.53076],[9.75686,45.53076]]},"properties":{}},{"type":"Feature","geometry":{"type":"LineString","coordinates":[[9.75686,45.53076],[9.75686,45.53082],[9.75707,45.53081]]},"properties":{}},{"type":"Feature","geometry":{"type":"LineString","coordinates":[[9.75107,45.53074],[9.75093,45.53075],[9.75085,45.53086]]},"properties":{}},{"type":"Feature","geometry":{"type":"LineString","coordinates":[[9.75667,45.53076],[9.75665,45.53084]]},"properties":{}},{"type":"Feature","geometry":{"type":"LineString","coordinates":[[9.75707,45.53081],[9.75757,45.53083]]},"properties":{}},{"type":"Feature","geometry":{"type":"LineString","coordinates":[[9.75757,45.53083],[9.75773,45.53093]]},"properties":{}},{"type":"Feature","geometry":{"type":"LineString","coordinates":[[9.75665,45.53084],[9.75655,45.5309],[9.75597,45.53092],[9.75589,45.53097]]},"properties":{}},{"type":"Feature","geometry":{"type":"LineString","coordinates":[[9.75141,45.53101],[9.7515,45.53107],[9.75163,45.53109],[9.75581,45.53093],[9.75592,45.53089],[9.75654,45.53086],[9.7566,45.53084],[9.75661,45.53077],[9.75667,45.53076]]},"properties":{}},{"type":"Feature","geometry":{"type":"LineString","coordinates":[[9.75107,45.53074],[9.7509,45.5309],[9.75068,45.53102],[9.75061,45.53115],[9.75009,45.53122]]},"properties":{}},{"type":"Feature","geometry":{"type":"LineString","coordinates":[[9.75085,45.53086],[9.75063,45.53092],[9.7504,45.53114]]},"properties":{}},{"type":"Feature","geometry":{"type":"LineString","coordinates":[[9.75589,45.53097],[9.7559,45.53108]]},"properties":{}},{"type":"Feature","geometry":{"type":"LineString","coordinates":[[9.75009,45.53122],[9.75,45.53123]]},"properties":{}},{"type":"Feature","geometry":{"type":"LineString","coordinates":[[9.7559,45.53108],[9.75602,45.53112],[9.75656,45.53112],[9.75676,45.53122]]},"properties":{}},{"type":"Feature","geometry":{"type":"LineString","coordinates":[[9.75773,45.53093],[9.75778,45.53099],[9.75786,45.53149]]},"properties":{}},{"type":"Feature","geometry":{"type":"LineString","coordinates":[[9.7504,45.53114],[9.75043,45.53135]]},"properties":{}},{"type":"Feature","geometry":{"type":"LineString","coordinates":[[9.75676,45.53122],[9.75683,45.53133],[9.75687,45.53155],[9.75696,45.53155]]},"properties":{}},{"type":"Feature","geometry":{"type":"LineString","coordinates":[[9.75043,45.53135],[9.75092,45.53151],[9.75105,45.53153]]},"properties":{}},{"type":"Feature","geometry":{"type":"LineString","coordinates":[[9.78952,45.53745],[9.78963,45.53739],[9.78984,45.53714],[9.79017,45.53657],[9.7903,45.53633],[9.79042,45.53587],[9.79056,45.53552],[9.79125,45.53428],[9.79138,45.53391],[9.79165,45.5326],[9.79171,45.5315],[9.79182,45.5312],[9.79203,45.53081],[9.79246,45.53035],[9.79257,45.53017],[9.79292,45.52896],[9.79306,45.52875],[9.79409,45.5277],[9.79418,45.52755],[9.79452,45.52652],[9.7945,45.52638]]},"properties":{}},{"type":"Feature","geometry":{"type":"LineString","coordinates":[[9.75786,45.53149],[9.75787,45.53154],[9.75766,45.53156],[9.75756,45.5316],[9.75744,45.53205],[9.75741,45.53266],[9.75752,45.53337]]},"properties":{}},{"type":"Feature","geometry":{"type":"LineString","coordinates":[[9.75105,45.53153],[9.75135,45.5315],[9.7515,45.53159],[9.75154,45.53168],[9.75145,45.53352],[9.75166,45.5352],[9.75165,45.53549],[9.75154,45.53582],[9.75139,45.53605],[9.75113,45.53623]]},"properties":{}},{"type":"Feature","geometry":{"type":"LineString","coordinates":[[9.75113,45.53623],[9.75119,45.53627]]},"properties":{}},{"type":"Feature","geometry":{"type":"LineString","coordinates":[[9.78639,45.53979],[9.78567,45.53951],[9.78545,45.53951],[9.78511,45.53937],[9.78503,45.53927],[9.78099,45.53772],[9.77642,45.5359],[9.7762,45.53595],[9.7756,45.53571],[9.77511,45.53548],[9.775,45.53547],[9.77382,45.535],[9.77272,45.5345],[9.77264,45.53445],[9.77255,45.53428],[9.77238,45.53417],[9.77044,45.53341]]},"properties":{}},{"type":"Feature","geometry":{"type":"LineString","coordinates":[[9.78151,45.54327],[9.78186,45.54306],[9.78281,45.54258],[9.78366,45.54207],[9.78558,45.54073],[9.78663,45.5399],[9.78682,45.5399]]},"properties":{}},{"type":"Feature","geometry":{"type":"LineString","coordinates":[[9.78144,45.54331],[9.78151,45.54327]]},"properties":{}},{"type":"Feature","geometry":{"type":"LineString","coordinates":[[9.78032,45.54455],[9.78034,45.54423],[9.78032,45.54386],[9.78035,45.54381],[9.78067,45.5437],[9.78144,45.54331]]},"properties":{}},{"type":"Feature","geometry":{"type":"LineString","coordinates":[[9.78031,45.54462],[9.78032,45.54455]]},"properties":{}},{"type":"Feature","geometry":{"type":"LineString","coordinates":[[9.78012,45.54514],[9.78009,45.54513],[9.78019,45.54499],[9.78031,45.54462]]},"properties":{}},{"type":"Feature","geometry":{"type":"LineString","coordinates":[[9.78007,45.54522],[9.78012,45.54514]]},"properties":{}},{"type":"Feature","geometry":{"type":"LineString","coordinates":[[9.77978,45.54547],[9.77999,45.54525],[9.78007,45.54522]]},"properties":{}},{"type":"Feature","geometry":{"type":"LineString","coordinates":[[9.77987,45.5455],[9.77978,45.54547]]},"properties":{}},{"type":"Feature","geometry":{"type":"LineString","coordinates":[[9.76878,45.56311],[9.76874,45.56194],[9.76867,45.56107],[9.76869,45.5607],[9.76865,45.56065]]},"properties":{}},{"type":"Feature","geometry":{"type":"LineString","coordinates":[[9.76893,45.5635],[9.7689,45.56343],[9.76877,45.56342],[9.76878,45.56311]]},"properties":{}},{"type":"Feature","geometry":{"type":"LineString","coordinates":[[9.76353,45.56395],[9.76339,45.56397],[9.76335,45.56401]]},"properties":{}},{"type":"Feature","geometry":{"type":"LineString","coordinates":[[9.76917,45.5649],[9.7692,45.56481]]},"properties":{}},{"type":"Feature","geometry":{"type":"LineString","coordinates":[[9.76859,45.56673],[9.76866,45.56652],[9.76874,45.56644],[9.76896,45.56598],[9.76893,45.56594],[9.76884,45.56592],[9.76883,45.56587],[9.76911,45.56492],[9.76917,45.5649]]},"properties":{}},{"type":"Feature","geometry":{"type":"LineString","coordinates":[[9.76851,45.56669],[9.76859,45.56673],[9.76922,45.56683],[9.77202,45.56745],[9.77215,45.56746],[9.77219,45.56743]]},"properties":{}},{"type":"Feature","geometry":{"type":"LineString","coordinates":[[9.7738,45.57238],[9.77373,45.57236]]},"properties":{}},{"type":"Feature","geometry":{"type":"LineString","coordinates":[[9.77398,45.57243],[9.7738,45.57238]]},"properties":{}},{"type":"Feature","geometry":{"type":"LineString","coordinates":[[9.77456,45.5724],[9.77453,45.57248]]},"properties":{}},{"type":"Feature","geometry":{"type":"LineString","coordinates":[[9.77405,45.57246],[9.77398,45.57243]]},"properties":{}},{"type":"Feature","geometry":{"type":"LineString","coordinates":[[9.77405,45.57246],[9.77418,45.57241],[9.77455,45.57249]]},"properties":{}},{"type":"Feature","geometry":{"type":"LineString","coordinates":[[9.99621,45.56021],[9.99627,45.56061]]},"properties":{}},{"type":"Feature","geometry":{"type":"LineString","coordinates":[[9.98637,45.5607],[9.98616,45.56054],[9.98586,45.56044]]},"properties":{}},{"type":"Feature","geometry":{"type":"LineString","coordinates":[[9.99627,45.56061],[9.99634,45.56074]]},"properties":{}},{"type":"Feature","geometry":{"type":"LineString","coordinates":[[9.98659,45.5607],[9.98681,45.56072],[9.98688,45.56068]]},"properties":{}},{"type":"Feature","geometry":{"type":"LineString","coordinates":[[9.99621,45.56076],[9.9962,45.56065]]},"properties":{}},{"type":"Feature","geometry":{"type":"LineString","coordinates":[[9.98651,45.56081],[9.98637,45.5607]]},"properties":{}},{"type":"Feature","geometry":{"type":"LineString","coordinates":[[9.98465,45.56055],[9.98425,45.56062],[9.98414,45.56067],[9.98412,45.56075],[9.98417,45.56099]]},"properties":{}},{"type":"Feature","geometry":{"type":"LineString","coordinates":[[9.99634,45.56074],[9.99641,45.56114]]},"properties":{}},{"type":"Feature","geometry":{"type":"LineString","coordinates":[[9.83563,45.55706],[9.83576,45.55708]]},"properties":{}},{"type":"Feature","geometry":{"type":"LineString","coordinates":[[9.83546,45.5571],[9.83548,45.55705]]},"properties":{}},{"type":"Feature","geometry":{"type":"LineString","coordinates":[[9.83564,45.55708],[9.83563,45.55711]]},"properties":{}},{"type":"Feature","geometry":{"type":"LineString","coordinates":[[9.83576,45.55708],[9.83563,45.55711]]},"properties":{}},{"type":"Feature","geometry":{"type":"LineString","coordinates":[[9.83548,45.55713],[9.83546,45.5571]]},"properties":{}},{"type":"Feature","geometry":{"type":"LineString","coordinates":[[9.83563,45.55711],[9.83556,45.55715]]},"properties":{}},{"type":"Feature","geometry":{"type":"LineString","coordinates":[[9.83556,45.55715],[9.83548,45.55713]]},"properties":{}},{"type":"Feature","geometry":{"type":"LineString","coordinates":[[9.8362,45.55648],[9.83649,45.557],[9.83685,45.55747],[9.83771,45.55805],[9.83906,45.55877],[9.83919,45.55887]]},"properties":{}},{"type":"Feature","geometry":{"type":"LineString","coordinates":[[9.83816,45.55855],[9.83838,45.5587]]},"properties":{}},{"type":"Feature","geometry":{"type":"LineString","coordinates":[[9.83838,45.5587],[9.83862,45.55877]]},"properties":{}},{"type":"Feature","geometry":{"type":"LineString","coordinates":[[9.99638,45.55817],[9.99624,45.55867]]},"properties":{}},{"type":"Feature","geometry":{"type":"LineString","coordinates":[[9.97086,45.55886],[9.97069,45.55886],[9.97057,45.5589],[9.97009,45.55836],[9.97002,45.55839]]},"properties":{}},{"type":"Feature","geometry":{"type":"LineString","coordinates":[[9.9754,45.5591],[9.97535,45.55906]]},"properties":{}},{"type":"Feature","geometry":{"type":"LineString","coordinates":[[9.97535,45.55906],[9.97522,45.55836],[9.9753,45.55832],[9.97615,45.55822],[9.97678,45.55818],[9.97836,45.5582],[9.97843,45.55825],[9.97842,45.55831],[9.97829,45.55837],[9.97742,45.55858],[9.97722,45.55868],[9.97535,45.55906]]},"properties":{}},{"type":"Feature","geometry":{"type":"LineString","coordinates":[[9.99624,45.55867],[9.99623,45.55882]]},"properties":{}},{"type":"Feature","geometry":{"type":"LineString","coordinates":[[9.97418,45.55923],[9.97418,45.5592],[9.97535,45.55906]]},"properties":{}},{"type":"Feature","geometry":{"type":"LineString","coordinates":[[9.97057,45.5589],[9.97104,45.55944]]},"properties":{}},{"type":"Feature","geometry":{"type":"LineString","coordinates":[[9.99623,45.55882],[9.99619,45.55958]]},"properties":{}},{"type":"Feature","geometry":{"type":"LineString","coordinates":[[9.97104,45.55944],[9.97114,45.55955]]},"properties":{}},{"type":"Feature","geometry":{"type":"LineString","coordinates":[[9.99619,45.55958],[9.99618,45.56005]]},"properties":{}},{"type":"Feature","geometry":{"type":"LineString","coordinates":[[9.97114,45.55955],[9.97153,45.56002],[9.97195,45.56011]]},"properties":{}},{"type":"Feature","geometry":{"type":"LineString","coordinates":[[9.99618,45.56005],[9.99621,45.56021]]},"properties":{}},{"type":"Feature","geometry":{"type":"LineString","coordinates":[[9.99135,45.56019],[9.99027,45.5602],[9.99027,45.56014]]},"properties":{}},{"type":"Feature","geometry":{"type":"LineString","coordinates":[[9.99376,45.56017],[9.9936,45.56018]]},"properties":{}},{"type":"Feature","geometry":{"type":"LineString","coordinates":[[9.98895,45.56021],[9.98896,45.56015]]},"properties":{}},{"type":"Feature","geometry":{"type":"LineString","coordinates":[[9.99353,45.56018],[9.99204,45.56019]]},"properties":{}},{"type":"Feature","geometry":{"type":"LineString","coordinates":[[9.99429,45.56027],[9.99403,45.56018],[9.99376,45.56017],[9.99377,45.56011]]},"properties":{}},{"type":"Feature","geometry":{"type":"LineString","coordinates":[[9.99197,45.56019],[9.99135,45.56019]]},"properties":{}},{"type":"Feature","geometry":{"type":"LineString","coordinates":[[9.98895,45.56021],[9.98749,45.56022],[9.98749,45.56016]]},"properties":{}},{"type":"Feature","geometry":{"type":"LineString","coordinates":[[9.99027,45.5602],[9.98895,45.56021]]},"properties":{}},{"type":"Feature","geometry":{"type":"LineString","coordinates":[[9.98749,45.56022],[9.98659,45.56023],[9.98658,45.56028],[9.98646,45.56028]]},"properties":{}},{"type":"Feature","geometry":{"type":"LineString","coordinates":[[9.98405,45.56124],[9.98396,45.56068]]},"properties":{}},{"type":"Feature","geometry":{"type":"LineString","coordinates":[[9.99636,45.56128],[9.99627,45.56103],[9.99621,45.56076]]},"properties":{}},{"type":"Feature","geometry":{"type":"LineString","coordinates":[[9.97153,45.56002],[9.97309,45.56205]]},"properties":{}},{"type":"Feature","geometry":{"type":"LineString","coordinates":[[9.987,45.56107],[9.98691,45.56113]]},"properties":{}},{"type":"Feature","geometry":{"type":"LineString","coordinates":[[9.98418,45.56104],[9.98421,45.56123]]},"properties":{}},{"type":"Feature","geometry":{"type":"LineString","coordinates":[[9.98686,45.56117],[9.9868,45.56121]]},"properties":{}},{"type":"Feature","geometry":{"type":"LineString","coordinates":[[9.97587,45.56135],[9.97587,45.56112]]},"properties":{}},{"type":"Feature","geometry":{"type":"LineString","coordinates":[[9.98405,45.5613],[9.98405,45.56124]]},"properties":{}},{"type":"Feature","geometry":{"type":"LineString","coordinates":[[9.99986,45.56131],[10.0,45.5613]]},"properties":{}},{"type":"Feature","geometry":{"type":"LineString","coordinates":[[9.98728,45.56195],[9.98733,45.56193],[9.98744,45.56176],[9.98734,45.56143],[9.98721,45.56125],[9.98696,45.56104],[9.98651,45.56081]]},"properties":{}},{"type":"Feature","geometry":{"type":"LineString","coordinates":[[9.97596,45.56151],[9.97587,45.56135]]},"properties":{}},{"type":"Feature","geometry":{"type":"LineString","coordinates":[[9.98412,45.56171],[9.98405,45.5613]]},"properties":{}},{"type":"Feature","geometry":{"type":"LineString","coordinates":[[9.98721,45.56154],[9.98714,45.56154]]},"properties":{}},{"type":"Feature","geometry":{"type":"LineString","coordinates":[[9.98739,45.56154],[9.98728,45.56154]]},"properties":{}},{"type":"Feature","geometry":{"type":"LineString","coordinates":[[9.9963,45.56179],[9.99639,45.56171],[9.99653,45.56166],[9.99666,45.56157],[9.9982,45.56142]]},"properties":{}},{"type":"Feature","geometry":{"type":"LineString","coordinates":[[9.99611,45.56166],[9.9961,45.56157]]},"properties":{}},{"type":"Feature","geometry":{"type":"LineString","coordinates":[[9.97612,45.56174],[9.97596,45.56151]]},"properties":{}},{"type":"Feature","geometry":{"type":"LineString","coordinates":[[9.9941,45.56173],[9.99596,45.5616],[9.99614,45.5617],[9.99615,45.56183]]},"properties":{}},{"type":"Feature","geometry":{"type":"LineString","coordinates":[[9.98413,45.56177],[9.98412,45.56171]]},"properties":{}},{"type":"Feature","geometry":{"type":"LineString","coordinates":[[9.98436,45.5622],[9.98422,45.56128]]},"properties":{}},{"type":"Feature","geometry":{"type":"LineString","coordinates":[[9.99372,45.56176],[9.9941,45.56173]]},"properties":{}},{"type":"Feature","geometry":{"type":"LineString","coordinates":[[9.99119,45.56195],[9.99104,45.56196]]},"properties":{}},{"type":"Feature","geometry":{"type":"LineString","coordinates":[[9.98721,45.56196],[9.98728,45.56195]]},"properties":{}},{"type":"Feature","geometry":{"type":"LineString","coordinates":[[9.99104,45.56196],[9.99075,45.56198]]},"properties":{}},{"type":"Feature","geometry":{"type":"LineString","coordinates":[[9.99075,45.56198],[9.99053,45.56199]]},"properties":{}},{"type":"Feature","geometry":{"type":"LineString","coordinates":[[9.97614,45.56179],[9.97617,45.56183],[9.97612,45.56185],[9.97631,45.56221]]},"properties":{}},{"type":"Feature","geometry":{"type":"LineString","coordinates":[[9.99053,45.56199],[9.98988,45.56204]]},"properties":{}},{"type":"Feature","geometry":{"type":"LineString","coordinates":[[9.98421,45.56229],[9.98413,45.56177]]},"properties":{}},{"type":"Feature","geometry":{"type":"LineString","coordinates":[[9.98988,45.56204],[9.98981,45.56204]]},"properties":{}},{"type":"Feature","geometry":{"type":"LineString","coordinates":[[9.98713,45.56215],[9.98721,45.56211],[9.98721,45.56196]]},"properties":{}},{"type":"Feature","geometry":{"type":"LineString","coordinates":[[9.98981,45.56204],[9.98921,45.5621]]},"properties":{}},{"type":"Feature","geometry":{"type":"LineString","coordinates":[[9.98921,45.5621],[9.98909,45.56211]]},"properties":{}},{"type":"Feature","geometry":{"type":"LineString","coordinates":[[9.98909,45.56211],[9.98811,45.56218]]},"properties":{}},{"type":"Feature","geometry":{"type":"LineString","coordinates":[[9.98714,45.56221],[9.98713,45.56215]]},"properties":{}},{"type":"Feature","geometry":{"type":"LineString","coordinates":[[9.98811,45.56218],[9.98805,45.56219]]},"properties":{}},{"type":"Feature","geometry":{"type":"LineString","coordinates":[[9.98805,45.56219],[9.98796,45.5622]]},"properties":{}},{"type":"Feature","geometry":{"type":"LineString","coordinates":[[9.98685,45.56224],[9.98686,45.56217],[9.98713,45.56215]]},"properties":{}},{"type":"Feature","geometry":{"type":"LineString","coordinates":[[9.98796,45.5622],[9.98714,45.56225]]},"properties":{}},{"type":"Feature","geometry":{"type":"LineString","coordinates":[[9.98714,45.56225],[9.98714,45.56221]]},"properties":{}},{"type":"Feature","geometry":{"type":"LineString","coordinates":[[9.98714,45.56225],[9.98695,45.56227]]},"properties":{}},{"type":"Feature","geometry":{"type":"LineString","coordinates":[[9.98695,45.56227],[9.98686,45.56228]]},"properties":{}},{"type":"Feature","geometry":{"type":"LineString","coordinates":[[9.92236,45.54491],[9.92247,45.54494]]},"properties":{}},{"type":"Feature","geometry":{"type":"LineString","coordinates":[[9.91987,45.54481],[9.91984,45.54485],[9.91758,45.54487],[9.91744,45.54494],[9.91726,45.54494],[9.9171,45.5449],[9.91499,45.54499],[9.9129,45.54528]]},"properties":{}},{"type":"Feature","geometry":{"type":"LineString","coordinates":[[9.90068,45.5457],[9.90066,45.54567]]},"properties":{}},{"type":"Feature","geometry":{"type":"LineString","coordinates":[[9.90002,45.54589],[9.89998,45.54583]]},"properties":{}},{"type":"Feature","geometry":{"type":"LineString","coordinates":[[9.92488,45.54671],[9.92493,45.547],[9.92507,45.54903]]},"properties":{}},{"type":"Feature","geometry":{"type":"LineString","coordinates":[[9.92507,45.54903],[9.92508,45.54922]]},"properties":{}},{"type":"Feature","geometry":{"type":"LineString","coordinates":[[9.92508,45.54922],[9.92516,45.55031],[9.92532,45.55031]]},"properties":{}},{"type":"Feature","geometry":{"type":"LineString","coordinates":[[9.9256,45.55048],[9.92845,45.55052],[9.92854,45.55051],[9.92872,45.5504],[9.92879,45.5504],[9.92884,45.55046],[9.92897,45.55051],[9.92924,45.55055],[9.93152,45.55056],[9.93194,45.55054],[9.93211,45.55043],[9.93219,45.55042],[9.93223,45.55047],[9.93249,45.55055],[9.93446,45.55055],[9.93476,45.55053],[9.93493,45.55043],[9.93515,45.55048],[9.93537,45.5506],[9.93573,45.55064],[9.93792,45.55053],[9.93865,45.5504],[9.93921,45.55017],[9.93955,45.54994],[9.93975,45.54974],[9.93998,45.54944],[9.94036,45.54908]]},"properties":{}},{"type":"Feature","geometry":{"type":"LineString","coordinates":[[9.92717,45.58043],[9.92653,45.58016],[9.92643,45.58019]]},"properties":{}},{"type":"Feature","geometry":{"type":"LineString","coordinates":[[9.92792,45.58074],[9.92737,45.58051]]},"properties":{}},{"type":"Feature","geometry":{"type":"LineString","coordinates":[[9.83862,45.55877],[9.83919,45.55887]]},"properties":{}},{"type":"Feature","geometry":{"type":"LineString","coordinates":[[9.8595,45.56496],[9.85918,45.5654]]},"properties":{}},{"type":"Feature","geometry":{"type":"LineString","coordinates":[[9.85918,45.5654],[9.85907,45.56553]]},"properties":{}},{"type":"Feature","geometry":{"type":"LineString","coordinates":[[9.85907,45.56553],[9.8587,45.56601],[9.85863,45.56598]]},"properties":{}},{"type":"Feature","geometry":{"type":"LineString","coordinates":[[9.8587,45.56601],[9.85864,45.5661]]},"properties":{}},{"type":"Feature","geometry":{"type":"LineString","coordinates":[[9.85866,45.5661],[9.85857,45.56606]]},"properties":{}},{"type":"Feature","geometry":{"type":"LineString","coordinates":[[9.85864,45.5661],[9.85818,45.56666]]},"properties":{}},{"type":"Feature","geometry":{"type":"LineString","coordinates":[[9.858,45.5667],[9.85814,45.56652]]},"properties":{}},{"type":"Feature","geometry":{"type":"LineString","coordinates":[[9.85818,45.56666],[9.85808,45.56679]]},"properties":{}},{"type":"Feature","geometry":{"type":"LineString","coordinates":[[9.85777,45.56698],[9.858,45.5667]]},"properties":{}},{"type":"Feature","geometry":{"type":"LineString","coordinates":[[9.99616,45.56173],[9.99632,45.56177]]},"properties":{}},{"type":"Feature","geometry":{"type":"LineString","coordinates":[[9.99372,45.56176],[9.99286,45.56182]]},"properties":{}},{"type":"Feature","geometry":{"type":"LineString","coordinates":[[9.99286,45.56182],[9.99275,45.56183]]},"properties":{}},{"type":"Feature","geometry":{"type":"LineString","coordinates":[[9.99275,45.56183],[9.99264,45.56184]]},"properties":{}},{"type":"Feature","geometry":{"type":"LineString","coordinates":[[9.99264,45.56184],[9.99258,45.56184]]},"properties":{}},{"type":"Feature","geometry":{"type":"LineString","coordinates":[[9.99247,45.56185],[9.99258,45.56184]]},"properties":{}},{"type":"Feature","geometry":{"type":"LineString","coordinates":[[9.99247,45.56185],[9.9923,45.56186]]},"properties":{}},{"type":"Feature","geometry":{"type":"LineString","coordinates":[[9.9923,45.56186],[9.99167,45.56191]]},"properties":{}},{"type":"Feature","geometry":{"type":"LineString","coordinates":[[9.99167,45.56191],[9.99156,45.56192]]},"properties":{}},{"type":"Feature","geometry":{"type":"LineString","coordinates":[[9.99156,45.56192],[9.99119,45.56195]]},"properties":{}},{"type":"Feature","geometry":{"type":"LineString","coordinates":[[9.98423,45.56229],[9.98437,45.56227]]},"properties":{}},{"type":"Feature","geometry":{"type":"LineString","coordinates":[[9.98587,45.56232],[9.98664,45.56225]]},"properties":{}},{"type":"Feature","geometry":{"type":"LineString","coordinates":[[9.98437,45.56229],[9.98442,45.56235],[9.98451,45.56238],[9.98509,45.56234]]},"properties":{}},{"type":"Feature","geometry":{"type":"LineString","coordinates":[[9.9839,45.56242],[9.98418,45.56239],[9.98423,45.56229]]},"properties":{}},{"type":"Feature","geometry":{"type":"LineString","coordinates":[[9.9833,45.56247],[9.9839,45.56242]]},"properties":{}},{"type":"Feature","geometry":{"type":"LineString","coordinates":[[9.98319,45.56248],[9.9833,45.56247]]},"properties":{}},{"type":"Feature","geometry":{"type":"LineString","coordinates":[[9.97973,45.56271],[9.97976,45.56276]]},"properties":{}},{"type":"Feature","geometry":{"type":"LineString","coordinates":[[9.97397,45.56305],[9.974,45.56317],[9.97409,45.56329],[9.97428,45.56345]]},"properties":{}},{"type":"Feature","geometry":{"type":"LineString","coordinates":[[9.9741,45.56353],[9.97412,45.56363],[9.97403,45.5637],[9.97405,45.56372]]},"properties":{}},{"type":"Feature","geometry":{"type":"LineString","coordinates":[[9.97408,45.56375],[9.9741,45.56379]]},"properties":{}},{"type":"Feature","geometry":{"type":"LineString","coordinates":[[9.97403,45.5637],[9.97349,45.56396]]},"properties":{}},{"type":"Feature","geometry":{"type":"LineString","coordinates":[[9.97337,45.56402],[9.97316,45.56413]]},"properties":{}},{"type":"Feature","geometry":{"type":"LineString","coordinates":[[9.97527,45.56469],[9.97584,45.56428],[9.9776,45.5635]]},"properties":{}},{"type":"Feature","geometry":{"type":"LineString","coordinates":[[9.97316,45.56413],[9.97314,45.56413]]},"properties":{}},{"type":"Feature","geometry":{"type":"LineString","coordinates":[[9.97315,45.56417],[9.97317,45.56416]]},"properties":{}},{"type":"Feature","geometry":{"type":"LineString","coordinates":[[9.97279,45.56479],[9.97323,45.56421]]},"properties":{}},{"type":"Feature","geometry":{"type":"LineString","coordinates":[[9.97108,45.56494],[9.97262,45.5644],[9.97315,45.56417]]},"properties":{}},{"type":"Feature","geometry":{"type":"LineString","coordinates":[[9.9749,45.56494],[9.97527,45.56469]]},"properties":{}},{"type":"Feature","geometry":{"type":"LineString","coordinates":[[9.96694,45.56477],[9.96702,45.56483],[9.9671,45.565]]},"properties":{}},{"type":"Feature","geometry":{"type":"LineString","coordinates":[[9.97279,45.56479],[9.97262,45.56501],[9.97268,45.56503]]},"properties":{}},{"type":"Feature","geometry":{"type":"LineString","coordinates":[[9.97497,45.565],[9.9749,45.56494]]},"properties":{}},{"type":"Feature","geometry":{"type":"LineString","coordinates":[[9.97262,45.56501],[9.97253,45.56513]]},"properties":{}},{"type":"Feature","geometry":{"type":"LineString","coordinates":[[9.97108,45.56494],[9.97048,45.56514],[9.97007,45.56522]]},"properties":{}},{"type":"Feature","geometry":{"type":"LineString","coordinates":[[9.97007,45.56522],[9.97003,45.56513],[9.96957,45.56522]]},"properties":{}},{"type":"Feature","geometry":{"type":"LineString","coordinates":[[9.97253,45.56513],[9.97235,45.56537]]},"properties":{}},{"type":"Feature","geometry":{"type":"LineString","coordinates":[[9.96958,45.5653],[9.96957,45.56522]]},"properties":{}},{"type":"Feature","geometry":{"type":"LineString","coordinates":[[9.96957,45.56522],[9.969,45.56533]]},"properties":{}},{"type":"Feature","geometry":{"type":"LineString","coordinates":[[9.96898,45.56527],[9.96902,45.56541]]},"properties":{}},{"type":"Feature","geometry":{"type":"LineString","coordinates":[[9.96882,45.56539],[9.969,45.56533]]},"properties":{}},{"type":"Feature","geometry":{"type":"LineString","coordinates":[[9.96759,45.56577],[9.9671,45.565]]},"properties":{}},{"type":"Feature","geometry":{"type":"LineString","coordinates":[[9.96879,45.56539],[9.96882,45.56539]]},"properties":{}},{"type":"Feature","geometry":{"type":"LineString","coordinates":[[9.96843,45.56551],[9.96879,45.56539]]},"properties":{}},{"type":"Feature","geometry":{"type":"LineString","coordinates":[[9.97235,45.56537],[9.97215,45.56563]]},"properties":{}},{"type":"Feature","geometry":{"type":"LineString","coordinates":[[9.96843,45.56551],[9.96844,45.56551]]},"properties":{}},{"type":"Feature","geometry":{"type":"LineString","coordinates":[[9.96844,45.56551],[9.96845,45.56553]]},"properties":{}},{"type":"Feature","geometry":{"type":"LineString","coordinates":[[9.9683,45.56555],[9.96843,45.56551]]},"properties":{}},{"type":"Feature","geometry":{"type":"LineString","coordinates":[[9.9683,45.56555],[9.96831,45.56557]]},"properties":{}},{"type":"Feature","geometry":{"type":"LineString","coordinates":[[9.96814,45.5656],[9.9683,45.56555]]},"properties":{}},{"type":"Feature","geometry":{"type":"LineString","coordinates":[[9.96831,45.56557],[9.96833,45.5656]]},"properties":{}},{"type":"Feature","geometry":{"type":"LineString","coordinates":[[9.96841,45.56561],[9.96839,45.56558]]},"properties":{}},{"type":"Feature","geometry":{"type":"LineString","coordinates":[[9.96814,45.5656],[9.96816,45.56562]]},"properties":{}},{"type":"Feature","geometry":{"type":"LineString","coordinates":[[9.96802,45.56563],[9.96814,45.5656]]},"properties":{}},{"type":"Feature","geometry":{"type":"LineString","coordinates":[[9.96816,45.56562],[9.96817,45.56565]]},"properties":{}},{"type":"Feature","geometry":{"type":"LineString","coordinates":[[9.96802,45.56563],[9.96802,45.56564]]},"properties":{}},{"type":"Feature","geometry":{"type":"LineString","coordinates":[[9.96802,45.56564],[9.96803,45.56566]]},"properties":{}},{"type":"Feature","geometry":{"type":"LineString","coordinates":[[9.96814,45.56566],[9.96816,45.56569]]},"properties":{}},{"type":"Feature","geometry":{"type":"LineString","coordinates":[[9.96774,45.56572],[9.96802,45.56563]]},"properties":{}},{"type":"Feature","geometry":{"type":"LineString","coordinates":[[9.97215,45.56563],[9.97206,45.56574],[9.97208,45.56575]]},"properties":{}},{"type":"Feature","geometry":{"type":"LineString","coordinates":[[9.96805,45.56568],[9.96806,45.56572]]},"properties":{}},{"type":"Feature","geometry":{"type":"LineString","coordinates":[[9.96839,45.56583],[9.96845,45.56571],[9.96841,45.56561]]},"properties":{}},{"type":"Feature","geometry":{"type":"LineString","coordinates":[[9.96776,45.56574],[9.96774,45.56572]]},"properties":{}},{"type":"Feature","geometry":{"type":"LineString","coordinates":[[9.96774,45.56572],[9.96765,45.56575]]},"properties":{}},{"type":"Feature","geometry":{"type":"LineString","coordinates":[[9.96765,45.56575],[9.96759,45.56577]]},"properties":{}},{"type":"Feature","geometry":{"type":"LineString","coordinates":[[9.96806,45.56572],[9.96779,45.56579]]},"properties":{}},{"type":"Feature","geometry":{"type":"LineString","coordinates":[[9.97206,45.56574],[9.97196,45.56585]]},"properties":{}},{"type":"Feature","geometry":{"type":"LineString","coordinates":[[9.97215,45.56578],[9.97213,45.56585],[9.97226,45.56592]]},"properties":{}},{"type":"Feature","geometry":{"type":"LineString","coordinates":[[9.97226,45.56592],[9.97228,45.56591]]},"properties":{}},{"type":"Feature","geometry":{"type":"LineString","coordinates":[[9.97196,45.56585],[9.97183,45.56598],[9.97163,45.5661],[9.97164,45.56612]]},"properties":{}},{"type":"Feature","geometry":{"type":"LineString","coordinates":[[9.97233,45.56597],[9.97234,45.566]]},"properties":{}},{"type":"Feature","geometry":{"type":"LineString","coordinates":[[9.97342,45.56713],[9.97433,45.56614],[9.97466,45.56563],[9.97497,45.565]]},"properties":{}},{"type":"Feature","geometry":{"type":"LineString","coordinates":[[9.97163,45.5661],[9.97152,45.56614]]},"properties":{}},{"type":"Feature","geometry":{"type":"LineString","coordinates":[[9.97152,45.56614],[9.97131,45.56622]]},"properties":{}},{"type":"Feature","geometry":{"type":"LineString","coordinates":[[9.97169,45.56619],[9.97172,45.56622]]},"properties":{}},{"type":"Feature","geometry":{"type":"LineString","coordinates":[[9.97131,45.56622],[9.97103,45.56632]]},"properties":{}},{"type":"Feature","geometry":{"type":"LineString","coordinates":[[9.96816,45.56569],[9.96821,45.56575],[9.96839,45.56583],[9.96909,45.56692]]},"properties":{}},{"type":"Feature","geometry":{"type":"LineString","coordinates":[[9.97103,45.56632],[9.97047,45.56652]]},"properties":{}},{"type":"Feature","geometry":{"type":"LineString","coordinates":[[9.96866,45.56726],[9.97307,45.56575]]},"properties":{}},{"type":"Feature","geometry":{"type":"LineString","coordinates":[[9.97047,45.56652],[9.97042,45.56653]]},"properties":{}},{"type":"Feature","geometry":{"type":"LineString","coordinates":[[9.97042,45.56653],[9.97018,45.56661],[9.9702,45.56666]]},"properties":{}},{"type":"Feature","geometry":{"type":"LineString","coordinates":[[9.97177,45.56759],[9.97312,45.56647],[9.97325,45.56624],[9.97343,45.56614],[9.97344,45.56605],[9.97299,45.56569]]},"properties":{}},{"type":"Feature","geometry":{"type":"LineString","coordinates":[[9.97018,45.56661],[9.96998,45.56668]]},"properties":{}},{"type":"Feature","geometry":{"type":"LineString","coordinates":[[9.96998,45.56668],[9.96911,45.56694]]},"properties":{}},{"type":"Feature","geometry":{"type":"LineString","coordinates":[[9.96909,45.56692],[9.96914,45.567]]},"properties":{}},{"type":"Feature","geometry":{"type":"LineString","coordinates":[[9.96911,45.56694],[9.96856,45.56713]]},"properties":{}},{"type":"Feature","geometry":{"type":"LineString","coordinates":[[9.96856,45.56713],[9.96781,45.56738]]},"properties":{}},{"type":"Feature","geometry":{"type":"LineString","coordinates":[[9.96866,45.56726],[9.96858,45.5673],[9.96858,45.56734]]},"properties":{}},{"type":"Feature","geometry":{"type":"LineString","coordinates":[[9.96781,45.56738],[9.96775,45.5674]]},"properties":{}},{"type":"Feature","geometry":{"type":"LineString","coordinates":[[9.9682,45.56745],[9.96849,45.56738]]},"properties":{}},{"type":"Feature","geometry":{"type":"LineString","coordinates":[[9.96764,45.56743],[9.96755,45.5675],[9.96706,45.56767]]},"properties":{}},{"type":"Feature","geometry":{"type":"LineString","coordinates":[[9.94713,45.56781],[9.94582,45.56759],[9.94428,45.56747],[9.94366,45.56747],[9.9407,45.56774],[9.94065,45.56771],[9.94061,45.56762]]},"properties":{}},{"type":"Feature","geometry":{"type":"LineString","coordinates":[[9.96706,45.56767],[9.96572,45.56814]]},"properties":{}},{"type":"Feature","geometry":{"type":"LineString","coordinates":[[9.96572,45.56814],[9.96485,45.56844]]},"properties":{}},{"type":"Feature","geometry":{"type":"LineString","coordinates":[[9.96485,45.56844],[9.9643,45.56861]]},"properties":{}},{"type":"Feature","geometry":{"type":"LineString","coordinates":[[9.94258,45.56759],[9.94389,45.56971]]},"properties":{}},{"type":"Feature","geometry":{"type":"LineString","coordinates":[[9.96382,45.56877],[9.9639,45.56873],[9.96389,45.56862],[9.9641,45.56854],[9.96415,45.5686],[9.9643,45.56861]]},"properties":{}},{"type":"Feature","geometry":{"type":"LineString","coordinates":[[9.96432,45.56867],[9.96433,45.56869]]},"properties":{}},{"type":"Feature","geometry":{"type":"LineString","coordinates":[[9.97183,45.56904],[9.97176,45.56905],[9.97167,45.569],[9.97152,45.56904]]},"properties":{}},{"type":"Feature","geometry":{"type":"LineString","coordinates":[[9.94882,45.57052],[9.94832,45.56957],[9.9482,45.56945],[9.94727,45.56783],[9.94713,45.56781]]},"properties":{}},{"type":"Feature","geometry":{"type":"LineString","coordinates":[[9.96037,45.57],[9.96337,45.56897],[9.96382,45.56877]]},"properties":{}},{"type":"Feature","geometry":{"type":"LineString","coordinates":[[9.94389,45.56971],[9.9443,45.57038],[9.94445,45.5705],[9.94485,45.57109]]},"properties":{}},{"type":"Feature","geometry":{"type":"LineString","coordinates":[[9.85808,45.56679],[9.85781,45.56713]]},"properties":{}},{"type":"Feature","geometry":{"type":"LineString","coordinates":[[9.85781,45.56713],[9.85774,45.56723],[9.85772,45.56722]]},"properties":{}},{"type":"Feature","geometry":{"type":"LineString","coordinates":[[9.85753,45.5676],[9.85755,45.5676],[9.85774,45.56723]]},"properties":{}},{"type":"Feature","geometry":{"type":"LineString","coordinates":[[9.85599,45.5674],[9.85621,45.56754],[9.85639,45.56761]]},"properties":{}},{"type":"Feature","geometry":{"type":"LineString","coordinates":[[9.85755,45.5676],[9.85758,45.56768]]},"properties":{}},{"type":"Feature","geometry":{"type":"LineString","coordinates":[[9.85005,45.57354],[9.85007,45.57344],[9.85019,45.57324]]},"properties":{}},{"type":"Feature","geometry":{"type":"LineString","coordinates":[[9.85244,45.57351],[9.85516,45.57331],[9.85534,45.57336]]},"properties":{}},{"type":"Feature","geometry":{"type":"LineString","coordinates":[[9.85032,45.57353],[9.85005,45.57351]]},"properties":{}},{"type":"Feature","geometry":{"type":"LineString","coordinates":[[9.85023,45.57358],[9.8509,45.57355],[9.8517,45.57356],[9.85244,45.57351]]},"properties":{}},{"type":"Feature","geometry":{"type":"LineString","coordinates":[[9.85031,45.57359],[9.85032,45.57353]]},"properties":{}},{"type":"Feature","geometry":{"type":"LineString","coordinates":[[9.9527,45.57266],[9.95437,45.57208]]},"properties":{}},{"type":"Feature","geometry":{"type":"LineString","coordinates":[[9.95193,45.57293],[9.9527,45.57266]]},"properties":{}},{"type":"Feature","geometry":{"type":"LineString","coordinates":[[9.95049,45.57343],[9.95193,45.57293]]},"properties":{}},{"type":"Feature","geometry":{"type":"LineString","coordinates":[[9.95003,45.57357],[9.95049,45.57343]]},"properties":{}},{"type":"Feature","geometry":{"type":"LineString","coordinates":[[9.77455,45.57249],[9.77497,45.57257]]},"properties":{}},{"type":"Feature","geometry":{"type":"LineString","coordinates":[[9.77497,45.57257],[9.77512,45.5726]]},"properties":{}},{"type":"Feature","geometry":{"type":"LineString","coordinates":[[9.77512,45.5726],[9.77521,45.57262]]},"properties":{}},{"type":"Feature","geometry":{"type":"LineString","coordinates":[[9.77521,45.57262],[9.77534,45.57264]]},"properties":{}},{"type":"Feature","geometry":{"type":"LineString","coordinates":[[9.77534,45.57264],[9.77555,45.57269]]},"properties":{}},{"type":"Feature","geometry":{"type":"LineString","coordinates":[[9.77555,45.57269],[9.77569,45.57271]]},"properties":{}},{"type":"Feature","geometry":{"type":"LineString","coordinates":[[9.76421,45.57342],[9.76424,45.57339],[9.76428,45.57208],[9.76435,45.57199]]},"properties":{}},{"type":"Feature","geometry":{"type":"LineString","coordinates":[[9.77569,45.57271],[9.7758,45.57274]]},"properties":{}},{"type":"Feature","geometry":{"type":"LineString","coordinates":[[9.7758,45.57274],[9.7759,45.57276]]},"properties":{}},{"type":"Feature","geometry":{"type":"LineString","coordinates":[[9.7759,45.57276],[9.77606,45.57279]]},"properties":{}},{"type":"Feature","geometry":{"type":"LineString","coordinates":[[9.77606,45.57279],[9.77617,45.57281]]},"properties":{}},{"type":"Feature","geometry":{"type":"LineString","coordinates":[[9.77617,45.57281],[9.77654,45.57289]]},"properties":{}},{"type":"Feature","geometry":{"type":"LineString","coordinates":[[9.77654,45.57289],[9.7767,45.57292]]},"properties":{}},{"type":"Feature","geometry":{"type":"LineString","coordinates":[[9.7767,45.57292],[9.77707,45.57299]]},"properties":{}},{"type":"Feature","geometry":{"type":"LineString","coordinates":[[9.77707,45.57299],[9.77722,45.57302]]},"properties":{}},{"type":"Feature","geometry":{"type":"LineString","coordinates":[[9.77722,45.57302],[9.77734,45.57305]]},"properties":{}},{"type":"Feature","geometry":{"type":"LineString","coordinates":[[9.77405,45.57246],[9.77396,45.57258],[9.77359,45.57333],[9.77367,45.57344],[9.7737,45.57355],[9.77382,45.57362]]},"properties":{}},{"type":"Feature","geometry":{"type":"LineString","coordinates":[[9.77734,45.57305],[9.77756,45.57309]]},"properties":{}},{"type":"Feature","geometry":{"type":"LineString","coordinates":[[9.77756,45.57309],[9.77855,45.57329]]},"properties":{}},{"type":"Feature","geometry":{"type":"LineString","coordinates":[[9.76251,45.57319],[9.76421,45.57342]]},"properties":{}},{"type":"Feature","geometry":{"type":"LineString","coordinates":[[9.77855,45.57329],[9.77893,45.57337]]},"properties":{}},{"type":"Feature","geometry":{"type":"LineString","coordinates":[[9.77893,45.57337],[9.77941,45.57347]]},"properties":{}},{"type":"Feature","geometry":{"type":"LineString","coordinates":[[9.77941,45.57347],[9.77998,45.57358]]},"properties":{}},{"type":"Feature","geometry":{"type":"LineString","coordinates":[[9.77296,45.57356],[9.77299,45.57349]]},"properties":{}},{"type":"Feature","geometry":{"type":"LineString","coordinates":[[9.77998,45.57358],[9.7803,45.57365]]},"properties":{}},{"type":"Feature","geometry":{"type":"LineString","coordinates":[[9.77382,45.57362],[9.7738,45.57368]]},"properties":{}},{"type":"Feature","geometry":{"type":"LineString","coordinates":[[9.7803,45.57365],[9.78041,45.57367]]},"properties":{}},{"type":"Feature","geometry":{"type":"LineString","coordinates":[[9.78041,45.57367],[9.78055,45.5737]]},"properties":{}},{"type":"Feature","geometry":{"type":"LineString","coordinates":[[9.7733,45.57382],[9.77328,45.5737],[9.77322,45.57362],[9.77296,45.57356]]},"properties":{}},{"type":"Feature","geometry":{"type":"LineString","coordinates":[[9.7738,45.57368],[9.77379,45.57372]]},"properties":{}},{"type":"Feature","geometry":{"type":"LineString","coordinates":[[9.94917,45.57387],[9.95003,45.57357]]},"properties":{}},{"type":"Feature","geometry":{"type":"LineString","coordinates":[[9.94917,45.57387],[9.94905,45.57392]]},"properties":{}},{"type":"Feature","geometry":{"type":"LineString","coordinates":[[9.94763,45.57437],[9.94905,45.57392]]},"properties":{}},{"type":"Feature","geometry":{"type":"LineString","coordinates":[[9.94694,45.57419],[9.94698,45.57417]]},"properties":{}},{"type":"Feature","geometry":{"type":"LineString","coordinates":[[9.94694,45.57419],[9.9469,45.57421]]},"properties":{}},{"type":"Feature","geometry":{"type":"LineString","coordinates":[[9.94698,45.57417],[9.94716,45.5741],[9.94739,45.57429],[9.94759,45.57431]]},"properties":{}},{"type":"Feature","geometry":{"type":"LineString","coordinates":[[9.94759,45.57431],[9.94766,45.57429],[9.94768,45.57432]]},"properties":{}},{"type":"Feature","geometry":{"type":"LineString","coordinates":[[9.94759,45.57431],[9.94772,45.57451]]},"properties":{}},{"type":"Feature","geometry":{"type":"LineString","coordinates":[[9.78055,45.5737],[9.78067,45.57373]]},"properties":{}},{"type":"Feature","geometry":{"type":"LineString","coordinates":[[9.78067,45.57373],[9.78085,45.57376]]},"properties":{}},{"type":"Feature","geometry":{"type":"LineString","coordinates":[[9.77379,45.5737],[9.77353,45.57368],[9.77346,45.57373],[9.77344,45.57382]]},"properties":{}},{"type":"Feature","geometry":{"type":"LineString","coordinates":[[9.78085,45.57376],[9.78085,45.57375]]},"properties":{}},{"type":"Feature","geometry":{"type":"LineString","coordinates":[[9.78085,45.57376],[9.78106,45.57381]]},"properties":{}},{"type":"Feature","geometry":{"type":"LineString","coordinates":[[9.77351,45.57382],[9.7733,45.57382]]},"properties":{}},{"type":"Feature","geometry":{"type":"LineString","coordinates":[[9.78106,45.57381],[9.78115,45.57383]]},"properties":{}},{"type":"Feature","geometry":{"type":"LineString","coordinates":[[9.78115,45.57383],[9.7814,45.57388]]},"properties":{}},{"type":"Feature","geometry":{"type":"LineString","coordinates":[[9.7814,45.57388],[9.78196,45.57401]]},"properties":{}},{"type":"Feature","geometry":{"type":"LineString","coordinates":[[9.78196,45.57401],[9.78234,45.57409],[9.78236,45.57405]]},"properties":{}},{"type":"Feature","geometry":{"type":"LineString","coordinates":[[9.78234,45.57409],[9.78247,45.57412]]},"properties":{}},{"type":"Feature","geometry":{"type":"LineString","coordinates":[[9.78247,45.57412],[9.7827,45.57418]]},"properties":{}},{"type":"Feature","geometry":{"type":"LineString","coordinates":[[9.7827,45.57418],[9.78289,45.57422]]},"properties":{}},{"type":"Feature","geometry":{"type":"LineString","coordinates":[[9.78293,45.5742],[9.78289,45.57422]]},"properties":{}},{"type":"Feature","geometry":{"type":"LineString","coordinates":[[9.78292,45.57422],[9.78464,45.57461]]},"properties":{}},{"type":"Feature","geometry":{"type":"LineString","coordinates":[[9.78464,45.57461],[9.78477,45.57464]]},"properties":{}},{"type":"Feature","geometry":{"type":"LineString","coordinates":[[9.78477,45.57464],[9.78487,45.57466]]},"properties":{}},{"type":"Feature","geometry":{"type":"LineString","coordinates":[[9.78487,45.57466],[9.78533,45.57475]]},"properties":{}},{"type":"Feature","geometry":{"type":"LineString","coordinates":[[9.78533,45.57475],[9.78577,45.57485]]},"properties":{}},{"type":"Feature","geometry":{"type":"LineString","coordinates":[[9.78577,45.57485],[9.78632,45.57496]]},"properties":{}},{"type":"Feature","geometry":{"type":"LineString","coordinates":[[9.94772,45.57451],[9.94748,45.57461],[9.94741,45.57469],[9.94742,45.57479],[9.9475,45.57492]]},"properties":{}},{"type":"Feature","geometry":{"type":"LineString","coordinates":[[9.9469,45.57421],[9.94686,45.57425],[9.947,45.57447],[9.94699,45.57456],[9.94693,45.57461],[9.94672,45.57472],[9.94509,45.57528]]},"properties":{}},{"type":"Feature","geometry":{"type":"LineString","coordinates":[[9.97152,45.56904],[9.96905,45.57088],[9.96852,45.5712],[9.96768,45.57162],[9.96646,45.57302],[9.9664,45.57312],[9.96621,45.57388],[9.96601,45.57418],[9.9644,45.57514],[9.9641,45.57535],[9.96365,45.57577],[9.96283,45.57678],[9.96198,45.57743],[9.96138,45.57782],[9.95945,45.5789],[9.95758,45.57971],[9.95682,45.58013],[9.95615,45.58035],[9.95567,45.58046]]},"properties":{}},{"type":"Feature","geometry":{"type":"LineString","coordinates":[[9.94744,45.57483],[9.94738,45.57485]]},"properties":{}},{"type":"Feature","geometry":{"type":"LineString","coordinates":[[9.78632,45.57496],[9.78708,45.57512]]},"properties":{}},{"type":"Feature","geometry":{"type":"LineString","coordinates":[[9.75712,45.57431],[9.75681,45.57444],[9.75669,45.57456],[9.75588,45.57556],[9.75574,45.57564],[9.75558,45.57567],[9.75507,45.57563],[9.75443,45.57541],[9.7543,45.57541],[9.75419,45.57548],[9.75393,45.57591],[9.75384,45.57597],[9.75368,45.57598],[9.75026,45.57558]]},"properties":{}},{"type":"Feature","geometry":{"type":"LineString","coordinates":[[9.78708,45.57512],[9.78782,45.57528]]},"properties":{}},{"type":"Feature","geometry":{"type":"LineString","coordinates":[[9.78782,45.57528],[9.78822,45.57536]]},"properties":{}},{"type":"Feature","geometry":{"type":"LineString","coordinates":[[9.78822,45.57536],[9.78825,45.57537]]},"properties":{}},{"type":"Feature","geometry":{"type":"LineString","coordinates":[[9.77197,45.57548],[9.77198,45.57545]]},"properties":{}},{"type":"Feature","geometry":{"type":"LineString","coordinates":[[9.77197,45.57548],[9.77236,45.57551]]},"properties":{}},{"type":"Feature","geometry":{"type":"LineString","coordinates":[[9.77236,45.57551],[9.77253,45.57553]]},"properties":{}},{"type":"Feature","geometry":{"type":"LineString","coordinates":[[9.77253,45.57553],[9.77281,45.57555]]},"properties":{}},{"type":"Feature","geometry":{"type":"LineString","coordinates":[[9.77361,45.5757],[9.77368,45.57566]]},"properties":{}},{"type":"Feature","geometry":{"type":"LineString","coordinates":[[9.85675,45.57674],[9.85634,45.57631],[9.85622,45.57613],[9.85612,45.5759],[9.85602,45.57561],[9.85599,45.57533],[9.85601,45.57497],[9.85607,45.57461],[9.85545,45.57347],[9.85534,45.57336]]},"properties":{}},{"type":"Feature","geometry":{"type":"LineString","coordinates":[[9.8388,45.5702],[9.83872,45.5702],[9.83885,45.57074],[9.83895,45.57129],[9.83909,45.57239],[9.83923,45.57316],[9.83943,45.57392],[9.83973,45.57551],[9.83961,45.57591],[9.83923,45.57683],[9.83905,45.57703],[9.83858,45.57739],[9.83796,45.57792],[9.83778,45.57814],[9.83736,45.57898],[9.83731,45.57931],[9.83729,45.57989],[9.83698,45.58093],[9.83662,45.58152],[9.83627,45.58183],[9.83593,45.58205],[9.83551,45.58221],[9.83476,45.5824],[9.83376,45.58259],[9.83365,45.58256],[9.83361,45.58251],[9.83284,45.58161]]},"properties":{}},{"type":"Feature","geometry":{"type":"LineString","coordinates":[[9.85675,45.57674],[9.85686,45.57685]]},"properties":{}},{"type":"Feature","geometry":{"type":"LineString","coordinates":[[9.85686,45.57685],[9.85701,45.577]]},"properties":{}},{"type":"Feature","geometry":{"type":"LineString","coordinates":[[9.86011,45.57704],[9.86009,45.57704]]},"properties":{}},{"type":"Feature","geometry":{"type":"LineString","coordinates":[[9.86009,45.57704],[9.86,45.57712],[9.85928,45.57708]]},"properties":{}},{"type":"Feature","geometry":{"type":"LineString","coordinates":[[9.85921,45.57707],[9.85885,45.57706],[9.85863,45.57717]]},"properties":{}},{"type":"Feature","geometry":{"type":"LineString","coordinates":[[9.85998,45.57712],[9.85997,45.57718]]},"properties":{}},{"type":"Feature","geometry":{"type":"LineString","coordinates":[[9.86056,45.57751],[9.86052,45.57723],[9.86041,45.57715],[9.86029,45.57713]]},"properties":{}},{"type":"Feature","geometry":{"type":"LineString","coordinates":[[9.85854,45.57724],[9.85786,45.57759]]},"properties":{}},{"type":"Feature","geometry":{"type":"LineString","coordinates":[[9.77281,45.57555],[9.77299,45.5756],[9.77317,45.57574],[9.77319,45.57582],[9.77326,45.57583]]},"properties":{}},{"type":"Feature","geometry":{"type":"LineString","coordinates":[[9.77368,45.57566],[9.77381,45.57562],[9.77416,45.57565],[9.7747,45.57565],[9.77527,45.57574],[9.77563,45.57575],[9.7758,45.57578]]},"properties":{}},{"type":"Feature","geometry":{"type":"LineString","coordinates":[[9.77341,45.57583],[9.77343,45.57567],[9.77348,45.57565],[9.77361,45.5757]]},"properties":{}},{"type":"Feature","geometry":{"type":"LineString","coordinates":[[9.77326,45.57583],[9.77339,45.57583]]},"properties":{}},{"type":"Feature","geometry":{"type":"LineString","coordinates":[[9.77344,45.57584],[9.77339,45.57583]]},"properties":{}},{"type":"Feature","geometry":{"type":"LineString","coordinates":[[9.77154,45.57658],[9.77181,45.57551],[9.77184,45.57547],[9.77197,45.57548]]},"properties":{}},{"type":"Feature","geometry":{"type":"LineString","coordinates":[[9.77157,45.57688],[9.77158,45.57685],[9.7715,45.57675],[9.77154,45.57658]]},"properties":{}},{"type":"Feature","geometry":{"type":"LineString","coordinates":[[9.77155,45.57703],[9.77155,45.57699]]},"properties":{}},{"type":"Feature","geometry":{"type":"LineString","coordinates":[[9.77329,45.57848],[9.77344,45.57584]]},"properties":{}},{"type":"Feature","geometry":{"type":"LineString","coordinates":[[9.77293,45.57873],[9.77295,45.57872],[9.77278,45.57859],[9.77253,45.57847],[9.77145,45.57808],[9.77137,45.578],[9.77131,45.5779],[9.77128,45.57769],[9.77142,45.57708],[9.77148,45.57704],[9.77165,45.57705]]},"properties":{}},{"type":"Feature","geometry":{"type":"LineString","coordinates":[[9.77322,45.57848],[9.77329,45.57848]]},"properties":{}},{"type":"Feature","geometry":{"type":"LineString","coordinates":[[9.77309,45.57847],[9.77305,45.57847],[9.77303,45.57875],[9.77295,45.57872]]},"properties":{}},{"type":"Feature","geometry":{"type":"LineString","coordinates":[[9.77298,45.57939],[9.77296,45.57902],[9.77289,45.57888],[9.77281,45.57881],[9.77286,45.57878]]},"properties":{}},{"type":"Feature","geometry":{"type":"LineString","coordinates":[[9.77192,45.58091],[9.77253,45.58093],[9.77271,45.58082],[9.77293,45.58077],[9.77306,45.57972],[9.77298,45.57939]]},"properties":{}},{"type":"Feature","geometry":{"type":"LineString","coordinates":[[9.76732,45.58063],[9.76742,45.58064],[9.76753,45.5807],[9.76781,45.58072],[9.76793,45.58077],[9.77192,45.58091],[9.77191,45.58096]]},"properties":{}},{"type":"Feature","geometry":{"type":"LineString","coordinates":[[9.94756,45.575],[9.9477,45.57522]]},"properties":{}},{"type":"Feature","geometry":{"type":"LineString","coordinates":[[9.94775,45.5753],[9.94784,45.57543]]},"properties":{}},{"type":"Feature","geometry":{"type":"LineString","coordinates":[[9.94787,45.57549],[9.948,45.5757],[9.94797,45.57574]]},"properties":{}},{"type":"Feature","geometry":{"type":"LineString","coordinates":[[9.94509,45.57528],[9.93645,45.57829]]},"properties":{}},{"type":"Feature","geometry":{"type":"LineString","coordinates":[[9.86057,45.57758],[9.86056,45.57751]]},"properties":{}},{"type":"Feature","geometry":{"type":"LineString","coordinates":[[9.85786,45.57759],[9.85788,45.57762]]},"properties":{}},{"type":"Feature","geometry":{"type":"LineString","coordinates":[[9.86063,45.57852],[9.86057,45.57758]]},"properties":{}},{"type":"Feature","geometry":{"type":"LineString","coordinates":[[9.86064,45.57858],[9.86063,45.57852]]},"properties":{}},{"type":"Feature","geometry":{"type":"LineString","coordinates":[[9.86024,45.57927],[9.86041,45.57917],[9.8604,45.57893]]},"properties":{}},{"type":"Feature","geometry":{"type":"LineString","coordinates":[[9.86071,45.57966],[9.86064,45.57858]]},"properties":{}},{"type":"Feature","geometry":{"type":"LineString","coordinates":[[9.85984,45.57932],[9.85989,45.57929],[9.85996,45.57935],[9.86003,45.57936],[9.86024,45.57927]]},"properties":{}},{"type":"Feature","geometry":{"type":"LineString","coordinates":[[9.85969,45.5794],[9.85976,45.57936]]},"properties":{}},{"type":"Feature","geometry":{"type":"LineString","coordinates":[[9.8596,45.57944],[9.85954,45.57947]]},"properties":{}},{"type":"Feature","geometry":{"type":"LineString","coordinates":[[9.83342,45.58264],[9.83335,45.58255],[9.83338,45.5825],[9.83337,45.58244],[9.83261,45.58157],[9.83159,45.5809],[9.83129,45.58063],[9.83057,45.57949],[9.83028,45.57919],[9.82763,45.57771],[9.82467,45.57644],[9.82472,45.57641]]},"properties":{}},{"type":"Feature","geometry":{"type":"LineString","coordinates":[[9.94684,45.57907],[9.94574,45.57934],[9.94548,45.57943]]},"properties":{}},{"type":"Feature","geometry":{"type":"LineString","coordinates":[[9.94559,45.57938],[9.94555,45.57932],[9.94534,45.5794],[9.94492,45.57973],[9.94456,45.57993]]},"properties":{}},{"type":"Feature","geometry":{"type":"LineString","coordinates":[[9.94594,45.58003],[9.94597,45.57997],[9.94642,45.5798],[9.94655,45.57983]]},"properties":{}},{"type":"Feature","geometry":{"type":"LineString","coordinates":[[9.94715,45.58057],[9.94615,45.57933],[9.94602,45.57928]]},"properties":{}},{"type":"Feature","geometry":{"type":"LineString","coordinates":[[9.95567,45.58046],[9.95437,45.58083],[9.95288,45.58113],[9.95243,45.58124],[9.95076,45.58171],[9.94922,45.58227],[9.94836,45.58246]]},"properties":{}},{"type":"Feature","geometry":{"type":"LineString","coordinates":[[9.93862,45.58228],[9.93821,45.58242],[9.93807,45.58242]]},"properties":{}},{"type":"Feature","geometry":{"type":"LineString","coordinates":[[9.85949,45.5795],[9.85956,45.57968],[9.85953,45.57975],[9.85941,45.57987],[9.85943,45.57993]]},"properties":{}},{"type":"Feature","geometry":{"type":"LineString","coordinates":[[9.85943,45.57993],[9.85952,45.58007]]},"properties":{}},{"type":"Feature","geometry":{"type":"LineString","coordinates":[[9.8597,45.58005],[9.85982,45.58005],[9.85988,45.58016],[9.85991,45.58031],[9.85999,45.58036],[9.86013,45.58038],[9.86027,45.58034]]},"properties":{}},{"type":"Feature","geometry":{"type":"LineString","coordinates":[[9.83768,45.58144],[9.83773,45.58148]]},"properties":{}},{"type":"Feature","geometry":{"type":"LineString","coordinates":[[9.83746,45.5816],[9.83753,45.58163]]},"properties":{}},{"type":"Feature","geometry":{"type":"LineString","coordinates":[[9.8532,45.58165],[9.85332,45.5816]]},"properties":{}},{"type":"Feature","geometry":{"type":"LineString","coordinates":[[9.85316,45.58167],[9.8532,45.58165]]},"properties":{}},{"type":"Feature","geometry":{"type":"LineString","coordinates":[[9.86035,45.58029],[9.86045,45.58028],[9.8616,45.58135],[9.86335,45.58281],[9.86448,45.58386]]},"properties":{}},{"type":"Feature","geometry":{"type":"LineString","coordinates":[[9.83434,45.58328],[9.83433,45.58326],[9.83596,45.58294],[9.83671,45.58258],[9.83703,45.58225],[9.83717,45.58194],[9.83734,45.58168],[9.83768,45.58144],[9.83807,45.58127],[9.83856,45.58115],[9.83902,45.58116],[9.83923,45.58122],[9.83977,45.58155]]},"properties":{}},{"type":"Feature","geometry":{"type":"LineString","coordinates":[[9.83337,45.58244],[9.8335,45.58239]]},"properties":{}},{"type":"Feature","geometry":{"type":"LineString","coordinates":[[9.92881,45.58093],[9.92879,45.58091],[9.92861,45.58094],[9.92839,45.58093],[9.92808,45.58081]]},"properties":{}},{"type":"Feature","geometry":{"type":"LineString","coordinates":[[9.9289,45.58106],[9.92893,45.58107]]},"properties":{}},{"type":"Feature","geometry":{"type":"LineString","coordinates":[[9.92942,45.5809],[9.92895,45.58107],[9.9289,45.58113],[9.9289,45.58121],[9.92896,45.58127],[9.93186,45.58242]]},"properties":{}},{"type":"Feature","geometry":{"type":"LineString","coordinates":[[9.93351,45.58251],[9.9336,45.58249]]},"properties":{}},{"type":"Feature","geometry":{"type":"LineString","coordinates":[[9.93282,45.58264],[9.93351,45.58251]]},"properties":{}},{"type":"Feature","geometry":{"type":"LineString","coordinates":[[9.93281,45.58262],[9.9328,45.5826]]},"properties":{}},{"type":"Feature","geometry":{"type":"LineString","coordinates":[[9.93235,45.58269],[9.93281,45.58262]]},"properties":{}},{"type":"Feature","geometry":{"type":"LineString","coordinates":[[9.93235,45.58269],[9.9324,45.58308],[9.93259,45.58355]]},"properties":{}},{"type":"Feature","geometry":{"type":"LineString","coordinates":[[9.9333,45.58328],[9.93393,45.58308]]},"properties":{}},{"type":"Feature","geometry":{"type":"LineString","coordinates":[[9.93332,45.58331],[9.93259,45.58355]]},"properties":{}},{"type":"Feature","geometry":{"type":"LineString","coordinates":[[9.99188,45.58465],[9.99181,45.58455]]},"properties":{}},{"type":"Feature","geometry":{"type":"LineString","coordinates":[[9.99188,45.5846],[9.99185,45.58461]]},"properties":{}},{"type":"Feature","geometry":{"type":"LineString","coordinates":[[9.94469,45.58421],[9.94445,45.5844],[9.94352,45.585]]},"properties":{}},{"type":"Feature","geometry":{"type":"LineString","coordinates":[[9.99194,45.58472],[9.99206,45.58468],[9.99202,45.58463]]},"properties":{}},{"type":"Feature","geometry":{"type":"LineString","coordinates":[[9.99165,45.58499],[9.99171,45.58498],[9.99171,45.58491],[9.99175,45.58482],[9.99194,45.58472],[9.99192,45.5847]]},"properties":{}},{"type":"Feature","geometry":{"type":"LineString","coordinates":[[9.93917,45.58524],[9.9393,45.58519]]},"properties":{}},{"type":"Feature","geometry":{"type":"LineString","coordinates":[[9.94029,45.58463],[9.93773,45.58574],[9.93679,45.58607]]},"properties":{}},{"type":"Feature","geometry":{"type":"LineString","coordinates":[[9.93833,45.5856],[9.93917,45.58524]]},"properties":{}},{"type":"Feature","geometry":{"type":"LineString","coordinates":[[9.93831,45.58561],[9.93833,45.5856]]},"properties":{}},{"type":"Feature","geometry":{"type":"LineString","coordinates":[[9.93754,45.58592],[9.93831,45.58561]]},"properties":{}},{"type":"Feature","geometry":{"type":"LineString","coordinates":[[9.86448,45.58386],[9.86454,45.58391]]},"properties":{}},{"type":"Feature","geometry":{"type":"LineString","coordinates":[[9.84281,45.58455],[9.84279,45.5845],[9.84253,45.58454],[9.84177,45.58459],[9.83995,45.5851],[9.83867,45.58526],[9.83868,45.58529]]},"properties":{}},{"type":"Feature","geometry":{"type":"LineString","coordinates":[[9.82848,45.58831],[9.82847,45.58825],[9.82819,45.58818],[9.82805,45.58799],[9.82793,45.58726],[9.82808,45.58657],[9.82848,45.58495],[9.82868,45.58452],[9.82894,45.58422],[9.82924,45.5839],[9.82986,45.58341],[9.83047,45.58312],[9.83095,45.58299],[9.83342,45.58264],[9.83354,45.58266],[9.83371,45.58285],[9.83383,45.58281],[9.83385,45.58272],[9.83376,45.58259]]},"properties":{}},{"type":"Feature","geometry":{"type":"LineString","coordinates":[[9.83845,45.58528],[9.83611,45.58702],[9.83603,45.58701],[9.83526,45.58655]]},"properties":{}},{"type":"Feature","geometry":{"type":"LineString","coordinates":[[9.85332,45.5816],[9.85336,45.58159],[9.8539,45.58185],[9.85527,45.58237],[9.85616,45.58261],[9.85866,45.58348],[9.85893,45.58355],[9.85972,45.58366],[9.85983,45.58371],[9.86003,45.58405],[9.86088,45.58455],[9.86261,45.58533],[9.86279,45.58546],[9.86283,45.58564],[9.86295,45.58581],[9.86327,45.58605],[9.86395,45.5864],[9.86448,45.58662],[9.86546,45.58697],[9.86621,45.58729],[9.86763,45.58779],[9.86821,45.58792],[9.86848,45.58808],[9.86874,45.58831],[9.86906,45.58869],[9.87006,45.58952],[9.87046,45.5898],[9.87151,45.59027],[9.87187,45.59047],[9.87259,45.59069],[9.87314,45.59097],[9.87338,45.59104]]},"properties":{}},{"type":"Feature","geometry":{"type":"LineString","coordinates":[[9.837,45.58637],[9.83824,45.58728]]},"properties":{}},{"type":"Feature","geometry":{"type":"LineString","coordinates":[[9.83507,45.58744],[9.83576,45.58685]]},"properties":{}},{"type":"Feature","geometry":{"type":"LineString","coordinates":[[9.8345,45.58714],[9.83453,45.58712],[9.83507,45.58744],[9.83504,45.58747]]},"properties":{}},{"type":"Feature","geometry":{"type":"LineString","coordinates":[[9.82779,45.58846],[9.828,45.58836]]},"properties":{}},{"type":"Feature","geometry":{"type":"LineString","coordinates":[[9.82803,45.5884],[9.82792,45.58845],[9.82779,45.58846]]},"properties":{}},{"type":"Feature","geometry":{"type":"LineString","coordinates":[[9.93259,45.58355],[9.93292,45.58501]]},"properties":{}},{"type":"Feature","geometry":{"type":"LineString","coordinates":[[9.93298,45.58413],[9.93345,45.58488],[9.93292,45.58504]]},"properties":{}},{"type":"Feature","geometry":{"type":"LineString","coordinates":[[9.93292,45.58501],[9.93293,45.58507]]},"properties":{}},{"type":"Feature","geometry":{"type":"LineString","coordinates":[[9.93679,45.58607],[9.93396,45.58667]]},"properties":{}},{"type":"Feature","geometry":{"type":"LineString","coordinates":[[9.93361,45.58732],[9.93425,45.58721],[9.93458,45.58712],[9.93479,45.587],[9.935,45.58677],[9.93518,45.58663],[9.93562,45.58644],[9.9369,45.58615],[9.93744,45.58595]]},"properties":{}},{"type":"Feature","geometry":{"type":"LineString","coordinates":[[9.88878,45.58769],[9.88902,45.58884],[9.88914,45.58899],[9.88932,45.58911]]},"properties":{}},{"type":"Feature","geometry":{"type":"LineString","coordinates":[[9.90682,45.58873],[9.9078,45.58838]]},"properties":{}},{"type":"Feature","geometry":{"type":"LineString","coordinates":[[9.90682,45.58873],[9.90635,45.58889]]},"properties":{}},{"type":"Feature","geometry":{"type":"LineString","coordinates":[[9.89821,45.5901],[9.89765,45.58998],[9.89628,45.58959],[9.89615,45.58957],[9.89596,45.58963],[9.89583,45.58961],[9.89566,45.58955],[9.89562,45.58944],[9.89553,45.58938],[9.89282,45.58856],[9.89247,45.58852],[9.89226,45.58853],[9.89206,45.58859],[9.89179,45.58859],[9.89168,45.58839],[9.8912,45.58806],[9.89012,45.58783],[9.88911,45.58771],[9.88813,45.58768],[9.88723,45.58772],[9.8861,45.58794],[9.88583,45.58805],[9.88375,45.58843],[9.8836,45.58852],[9.88356,45.58858],[9.88355,45.58871],[9.88344,45.58887],[9.88345,45.58895],[9.88315,45.58898],[9.88304,45.58902],[9.88301,45.58908],[9.88314,45.58945],[9.88322,45.5895],[9.88404,45.58933],[9.88418,45.58935],[9.88534,45.58911],[9.88549,45.58912]]},"properties":{}},{"type":"Feature","geometry":{"type":"LineString","coordinates":[[9.89206,45.58859],[9.89198,45.58874],[9.89216,45.58925],[9.89212,45.58926]]},"properties":{}},{"type":"Feature","geometry":{"type":"LineString","coordinates":[[9.82791,45.58857],[9.82787,45.58856],[9.82786,45.58852],[9.82779,45.58846]]},"properties":{}},{"type":"Feature","geometry":{"type":"LineString","coordinates":[[9.82791,45.58857],[9.82808,45.58862]]},"properties":{}},{"type":"Feature","geometry":{"type":"LineString","coordinates":[[9.82787,45.58856],[9.82774,45.58881]]},"properties":{}},{"type":"Feature","geometry":{"type":"LineString","coordinates":[[9.82774,45.58881],[9.82754,45.58924]]},"properties":{}},{"type":"Feature","geometry":{"type":"LineString","coordinates":[[9.83141,45.58922],[9.83187,45.58892]]},"properties":{}},{"type":"Feature","geometry":{"type":"LineString","coordinates":[[9.8313,45.58907],[9.83141,45.5891],[9.8316,45.58909]]},"properties":{}},{"type":"Feature","geometry":{"type":"LineString","coordinates":[[9.83109,45.58898],[9.8313,45.58907],[9.83139,45.58922]]},"properties":{}},{"type":"Feature","geometry":{"type":"LineString","coordinates":[[9.83187,45.58892],[9.83161,45.58917],[9.83154,45.58929]]},"properties":{}},{"type":"Feature","geometry":{"type":"LineString","coordinates":[[9.83127,45.58925],[9.83124,45.58911],[9.83109,45.58898]]},"properties":{}},{"type":"Feature","geometry":{"type":"LineString","coordinates":[[9.83768,45.58912],[9.83784,45.58917]]},"properties":{}},{"type":"Feature","geometry":{"type":"LineString","coordinates":[[9.90594,45.58901],[9.90596,45.58903]]},"properties":{}},{"type":"Feature","geometry":{"type":"LineString","coordinates":[[9.90596,45.58903],[9.90596,45.58905]]},"properties":{}},{"type":"Feature","geometry":{"type":"LineString","coordinates":[[9.90526,45.58924],[9.90594,45.58901]]},"properties":{}},{"type":"Feature","geometry":{"type":"LineString","coordinates":[[9.88956,45.58935],[9.88946,45.58934]]},"properties":{}},{"type":"Feature","geometry":{"type":"LineString","coordinates":[[9.89044,45.58941],[9.88956,45.58935]]},"properties":{}},{"type":"Feature","geometry":{"type":"LineString","coordinates":[[9.89211,45.58957],[9.892,45.58928],[9.89203,45.58928]]},"properties":{}},{"type":"Feature","geometry":{"type":"LineString","coordinates":[[9.89547,45.58896],[9.89751,45.58955],[9.89764,45.58951],[9.89782,45.58953],[9.89794,45.58968],[9.8982,45.58976],[9.89862,45.58985],[9.89911,45.58988]]},"properties":{}},{"type":"Feature","geometry":{"type":"LineString","coordinates":[[9.9043,45.58958],[9.90434,45.58956]]},"properties":{}},{"type":"Feature","geometry":{"type":"LineString","coordinates":[[9.90413,45.58963],[9.9043,45.58958]]},"properties":{}},{"type":"Feature","geometry":{"type":"LineString","coordinates":[[9.89213,45.58964],[9.89211,45.58957]]},"properties":{}},{"type":"Feature","geometry":{"type":"LineString","coordinates":[[9.994,45.58344],[9.99413,45.58362],[9.99424,45.58365],[9.99457,45.58358],[9.99516,45.58327],[9.99601,45.58259],[9.99608,45.58263]]},"properties":{}},{"type":"Feature","geometry":{"type":"LineString","coordinates":[[9.99373,45.584],[9.99371,45.58398]]},"properties":{}},{"type":"Feature","geometry":{"type":"LineString","coordinates":[[9.99377,45.58406],[9.99377,45.58405]]},"properties":{}},{"type":"Feature","geometry":{"type":"LineString","coordinates":[[9.99367,45.58394],[9.99293,45.58423],[9.99291,45.58421]]},"properties":{}},{"type":"Feature","geometry":{"type":"LineString","coordinates":[[9.99377,45.58413],[9.99377,45.58406]]},"properties":{}},{"type":"Feature","geometry":{"type":"LineString","coordinates":[[9.99266,45.58429],[9.99232,45.58443]]},"properties":{}},{"type":"Feature","geometry":{"type":"LineString","coordinates":[[9.9922,45.58447],[9.99188,45.5846]]},"properties":{}},{"type":"Feature","geometry":{"type":"LineString","coordinates":[[9.83141,45.58922],[9.83154,45.58929]]},"properties":{}},{"type":"Feature","geometry":{"type":"LineString","coordinates":[[9.83127,45.58943],[9.83121,45.58936],[9.83123,45.58928],[9.8313,45.58924],[9.83141,45.58922]]},"properties":{}},{"type":"Feature","geometry":{"type":"LineString","coordinates":[[9.83154,45.58929],[9.83155,45.58936],[9.83149,45.58944]]},"properties":{}},{"type":"Feature","geometry":{"type":"LineString","coordinates":[[9.83776,45.58944],[9.83779,45.58931]]},"properties":{}},{"type":"Feature","geometry":{"type":"LineString","coordinates":[[9.83149,45.58944],[9.83137,45.58946],[9.83127,45.58943]]},"properties":{}},{"type":"Feature","geometry":{"type":"LineString","coordinates":[[9.83155,45.58933],[9.83207,45.58963]]},"properties":{}},{"type":"Feature","geometry":{"type":"LineString","coordinates":[[9.83207,45.58963],[9.8315,45.58943]]},"properties":{}},{"type":"Feature","geometry":{"type":"LineString","coordinates":[[9.8313,45.58988],[9.83135,45.58957],[9.83127,45.58943]]},"properties":{}},{"type":"Feature","geometry":{"type":"LineString","coordinates":[[9.83149,45.58944],[9.83143,45.58963],[9.8313,45.58988]]},"properties":{}},{"type":"Feature","geometry":{"type":"LineString","coordinates":[[9.83747,45.59101],[9.83733,45.59101],[9.83729,45.59091],[9.83703,45.59082],[9.83433,45.59056],[9.83434,45.59052]]},"properties":{}},{"type":"Feature","geometry":{"type":"LineString","coordinates":[[9.90404,45.58967],[9.90413,45.58963]]},"properties":{}},{"type":"Feature","geometry":{"type":"LineString","coordinates":[[9.88963,45.58973],[9.88955,45.58974]]},"properties":{}},{"type":"Feature","geometry":{"type":"LineString","coordinates":[[9.90346,45.58986],[9.90404,45.58967]]},"properties":{}},{"type":"Feature","geometry":{"type":"LineString","coordinates":[[9.88958,45.58986],[9.88966,45.58985]]},"properties":{}},{"type":"Feature","geometry":{"type":"LineString","coordinates":[[9.90341,45.58988],[9.90346,45.58986]]},"properties":{}},{"type":"Feature","geometry":{"type":"LineString","coordinates":[[9.89231,45.59013],[9.89213,45.58964]]},"properties":{}},{"type":"Feature","geometry":{"type":"LineString","coordinates":[[9.90328,45.58993],[9.90341,45.58988]]},"properties":{}},{"type":"Feature","geometry":{"type":"LineString","coordinates":[[9.87549,45.59008],[9.87624,45.58987],[9.8763,45.58991]]},"properties":{}},{"type":"Feature","geometry":{"type":"LineString","coordinates":[[9.88932,45.58911],[9.88942,45.58923],[9.88947,45.58936],[9.88971,45.59049],[9.88963,45.59076],[9.88953,45.59091],[9.88927,45.59118]]},"properties":{}},{"type":"Feature","geometry":{"type":"LineString","coordinates":[[9.89605,45.59047],[9.89632,45.59041],[9.89675,45.59019],[9.89723,45.58999],[9.8974,45.58985]]},"properties":{}},{"type":"Feature","geometry":{"type":"LineString","coordinates":[[9.89821,45.5901],[9.8983,45.59026]]},"properties":{}},{"type":"Feature","geometry":{"type":"LineString","coordinates":[[9.87554,45.59017],[9.87548,45.59026],[9.87548,45.59037]]},"properties":{}},{"type":"Feature","geometry":{"type":"LineString","coordinates":[[9.87503,45.59038],[9.87489,45.59031],[9.87459,45.59025],[9.87456,45.5902]]},"properties":{}},{"type":"Feature","geometry":{"type":"LineString","coordinates":[[9.89843,45.59035],[9.89849,45.59034]]},"properties":{}},{"type":"Feature","geometry":{"type":"LineString","coordinates":[[9.89843,45.59035],[9.89837,45.59037]]},"properties":{}},{"type":"Feature","geometry":{"type":"LineString","coordinates":[[9.87538,45.59045],[9.87503,45.59038],[9.87508,45.59033]]},"properties":{}},{"type":"Feature","geometry":{"type":"LineString","coordinates":[[9.90163,45.59056],[9.9016,45.59043],[9.90224,45.59024]]},"properties":{}},{"type":"Feature","geometry":{"type":"LineString","coordinates":[[9.87544,45.5904],[9.87542,45.59041]]},"properties":{}},{"type":"Feature","geometry":{"type":"LineString","coordinates":[[9.8897,45.59044],[9.88979,45.59043]]},"properties":{}},{"type":"Feature","geometry":{"type":"LineString","coordinates":[[9.87538,45.59045],[9.87562,45.59053],[9.87565,45.59049]]},"properties":{}},{"type":"Feature","geometry":{"type":"LineString","coordinates":[[9.89099,45.59179],[9.89088,45.59125],[9.89066,45.59057],[9.89072,45.5905],[9.8907,45.59037],[9.89044,45.58941],[9.89047,45.58934],[9.89064,45.58928],[9.891,45.58927],[9.89136,45.58932]]},"properties":{}},{"type":"Feature","geometry":{"type":"LineString","coordinates":[[9.89834,45.59032],[9.8986,45.59077]]},"properties":{}},{"type":"Feature","geometry":{"type":"LineString","coordinates":[[9.88969,45.59056],[9.88978,45.59056]]},"properties":{}},{"type":"Feature","geometry":{"type":"LineString","coordinates":[[9.90163,45.59056],[9.90164,45.59063]]},"properties":{}},{"type":"Feature","geometry":{"type":"LineString","coordinates":[[9.90165,45.59066],[9.90164,45.59063]]},"properties":{}},{"type":"Feature","geometry":{"type":"LineString","coordinates":[[9.8986,45.59077],[9.89872,45.59074]]},"properties":{}},{"type":"Feature","geometry":{"type":"LineString","coordinates":[[9.89849,45.59034],[9.89904,45.59127]]},"properties":{}},{"type":"Feature","geometry":{"type":"LineString","coordinates":[[9.88953,45.59091],[9.88959,45.59094]]},"properties":{}},{"type":"Feature","geometry":{"type":"LineString","coordinates":[[9.89231,45.59013],[9.89258,45.5911],[9.89256,45.5912],[9.89098,45.59175]]},"properties":{}},{"type":"Feature","geometry":{"type":"LineString","coordinates":[[9.8986,45.59077],[9.89885,45.59117]]},"properties":{}},{"type":"Feature","geometry":{"type":"LineString","coordinates":[[9.88944,45.591],[9.88951,45.59103]]},"properties":{}},{"type":"Feature","geometry":{"type":"LineString","coordinates":[[9.89909,45.59126],[9.89984,45.59099]]},"properties":{}},{"type":"Feature","geometry":{"type":"LineString","coordinates":[[9.8993,45.59118],[9.89931,45.5912]]},"properties":{}},{"type":"Feature","geometry":{"type":"LineString","coordinates":[[9.89887,45.59122],[9.89893,45.59131]]},"properties":{}},{"type":"Feature","geometry":{"type":"LineString","coordinates":[[9.89671,45.59208],[9.89628,45.59094],[9.89614,45.59046]]},"properties":{}},{"type":"Feature","geometry":{"type":"LineString","coordinates":[[9.89893,45.59131],[9.89909,45.59126]]},"properties":{}},{"type":"Feature","geometry":{"type":"LineString","coordinates":[[9.90127,45.59074],[9.90188,45.59064],[9.90213,45.59067],[9.90228,45.59078],[9.90293,45.59232],[9.90287,45.5924],[9.90274,45.59245]]},"properties":{}},{"type":"Feature","geometry":{"type":"LineString","coordinates":[[9.88118,45.59166],[9.88126,45.59157],[9.88141,45.59153]]},"properties":{}},{"type":"Feature","geometry":{"type":"LineString","coordinates":[[9.88927,45.59118],[9.88914,45.59141],[9.88906,45.59162],[9.88906,45.59194],[9.88911,45.59208]]},"properties":{}},{"type":"Feature","geometry":{"type":"LineString","coordinates":[[9.89759,45.59181],[9.89758,45.59178]]},"properties":{}},{"type":"Feature","geometry":{"type":"LineString","coordinates":[[9.89599,45.59234],[9.89893,45.59131]]},"properties":{}},{"type":"Feature","geometry":{"type":"LineString","coordinates":[[9.88118,45.59166],[9.88164,45.59195],[9.88183,45.59213]]},"properties":{}},{"type":"Feature","geometry":{"type":"LineString","coordinates":[[9.89098,45.59175],[9.88995,45.59207]]},"properties":{}},{"type":"Feature","geometry":{"type":"LineString","coordinates":[[9.89679,45.59206],[9.89682,45.5921]]},"properties":{}},{"type":"Feature","geometry":{"type":"LineString","coordinates":[[9.88995,45.59207],[9.88973,45.59212]]},"properties":{}},{"type":"Feature","geometry":{"type":"LineString","coordinates":[[9.90284,45.59208],[9.90262,45.59212]]},"properties":{}},{"type":"Feature","geometry":{"type":"LineString","coordinates":[[9.88973,45.59212],[9.88941,45.59217]]},"properties":{}},{"type":"Feature","geometry":{"type":"LineString","coordinates":[[9.88919,45.59206],[9.88911,45.59208],[9.88912,45.59215],[9.88907,45.59219],[9.88907,45.59226]]},"properties":{}},{"type":"Feature","geometry":{"type":"LineString","coordinates":[[9.89646,45.5922],[9.89644,45.59218]]},"properties":{}},{"type":"Feature","geometry":{"type":"LineString","coordinates":[[9.89591,45.59237],[9.89599,45.59234]]},"properties":{}},{"type":"Feature","geometry":{"type":"LineString","coordinates":[[9.89521,45.59261],[9.89591,45.59237]]},"properties":{}},{"type":"Feature","geometry":{"type":"LineString","coordinates":[[9.90275,45.59245],[9.90278,45.59254]]},"properties":{}},{"type":"Feature","geometry":{"type":"LineString","coordinates":[[9.88183,45.59213],[9.88252,45.59295]]},"properties":{}},{"type":"Feature","geometry":{"type":"LineString","coordinates":[[9.90277,45.59254],[9.90296,45.59252],[9.90307,45.5926]]},"properties":{}},{"type":"Feature","geometry":{"type":"LineString","coordinates":[[9.89532,45.59257],[9.89533,45.59259]]},"properties":{}},{"type":"Feature","geometry":{"type":"LineString","coordinates":[[9.89538,45.59267],[9.89568,45.59257]]},"properties":{}},{"type":"Feature","geometry":{"type":"LineString","coordinates":[[9.89513,45.59263],[9.89521,45.59261]]},"properties":{}},{"type":"Feature","geometry":{"type":"LineString","coordinates":[[9.89536,45.59264],[9.89538,45.59267]]},"properties":{}},{"type":"Feature","geometry":{"type":"LineString","coordinates":[[9.89455,45.59284],[9.89513,45.59263]]},"properties":{}},{"type":"Feature","geometry":{"type":"LineString","coordinates":[[9.89445,45.59288],[9.89455,45.59284]]},"properties":{}},{"type":"Feature","geometry":{"type":"LineString","coordinates":[[9.94362,45.58685],[9.94197,45.58838],[9.94158,45.58878],[9.94009,45.59005],[9.93924,45.59059],[9.93867,45.591],[9.93784,45.59191],[9.93743,45.5927],[9.93736,45.59278],[9.93657,45.59335]]},"properties":{}},{"type":"Feature","geometry":{"type":"LineString","coordinates":[[9.97652,45.59182],[9.97651,45.59188],[9.97616,45.59222],[9.97604,45.59228],[9.97473,45.59244],[9.97442,45.59231]]},"properties":{}},{"type":"Feature","geometry":{"type":"LineString","coordinates":[[9.93618,45.5971],[9.93913,45.5976],[9.93948,45.59773],[9.94052,45.59832],[9.94048,45.5984]]},"properties":{}},{"type":"Feature","geometry":{"type":"LineString","coordinates":[[9.94929,45.60033],[9.94908,45.60034]]},"properties":{}},{"type":"Feature","geometry":{"type":"LineString","coordinates":[[9.94908,45.60034],[9.94877,45.60038]]},"properties":{}},{"type":"Feature","geometry":{"type":"LineString","coordinates":[[9.94877,45.60038],[9.94864,45.6004]]},"properties":{}},{"type":"Feature","geometry":{"type":"LineString","coordinates":[[9.83688,45.59244],[9.8369,45.59254],[9.83703,45.59256],[9.83721,45.59219],[9.83718,45.5921],[9.83722,45.59193],[9.83724,45.59159],[9.83748,45.59096],[9.83758,45.59085],[9.83756,45.59076],[9.83745,45.59067],[9.83744,45.5906],[9.83771,45.58976],[9.83766,45.58972]]},"properties":{}},{"type":"Feature","geometry":{"type":"LineString","coordinates":[[9.82278,45.5942],[9.82269,45.59404],[9.82276,45.59353],[9.823,45.59298],[9.82332,45.59257],[9.82381,45.59214],[9.82418,45.59189],[9.82697,45.59026],[9.82723,45.58997],[9.82738,45.58976],[9.82806,45.58863],[9.82839,45.58837],[9.82848,45.58836],[9.82848,45.58831]]},"properties":{}},{"type":"Feature","geometry":{"type":"LineString","coordinates":[[9.78788,45.59175],[9.78802,45.59175],[9.78805,45.59155],[9.78811,45.59148],[9.78823,45.59146],[9.78931,45.59154],[9.79114,45.59161],[9.79347,45.59162],[9.79431,45.59157],[9.79797,45.59107],[9.79877,45.5911],[9.79945,45.59105],[9.80057,45.59089],[9.80072,45.59083]]},"properties":{}},{"type":"Feature","geometry":{"type":"LineString","coordinates":[[9.83722,45.5919],[9.83716,45.5919]]},"properties":{}},{"type":"Feature","geometry":{"type":"LineString","coordinates":[[9.80527,45.59226],[9.80511,45.59222]]},"properties":{}},{"type":"Feature","geometry":{"type":"LineString","coordinates":[[9.806,45.59232],[9.80537,45.59229],[9.80527,45.59226]]},"properties":{}},{"type":"Feature","geometry":{"type":"LineString","coordinates":[[9.83048,45.59418],[9.83041,45.59417],[9.83098,45.59074],[9.83105,45.59075]]},"properties":{}},{"type":"Feature","geometry":{"type":"LineString","coordinates":[[9.80511,45.59222],[9.805,45.59221],[9.805,45.59232],[9.80446,45.59299],[9.80434,45.59324],[9.80433,45.59419],[9.80428,45.59427],[9.8043,45.59437],[9.80439,45.59445],[9.80456,45.5945],[9.80529,45.59447],[9.80541,45.59448],[9.80545,45.59455],[9.80538,45.59469],[9.80507,45.59504],[9.80477,45.59543],[9.80451,45.59606],[9.80423,45.59713]]},"properties":{}},{"type":"Feature","geometry":{"type":"LineString","coordinates":[[9.83297,45.59653],[9.83295,45.59657],[9.83275,45.59656],[9.83267,45.59662],[9.83268,45.59765],[9.83259,45.59808],[9.83249,45.5981]]},"properties":{}},{"type":"Feature","geometry":{"type":"LineString","coordinates":[[9.83156,45.59847],[9.83153,45.59831],[9.83169,45.5982],[9.83235,45.59826],[9.83236,45.59819]]},"properties":{}},{"type":"Feature","geometry":{"type":"LineString","coordinates":[[9.89482,45.59281],[9.89485,45.59286],[9.89479,45.59288],[9.8948,45.59297],[9.89477,45.59297]]},"properties":{}},{"type":"Feature","geometry":{"type":"LineString","coordinates":[[9.89425,45.59295],[9.89445,45.59288]]},"properties":{}},{"type":"Feature","geometry":{"type":"LineString","coordinates":[[9.89412,45.59299],[9.89425,45.59295]]},"properties":{}},{"type":"Feature","geometry":{"type":"LineString","coordinates":[[9.8948,45.59297],[9.89483,45.59318],[9.89472,45.59319]]},"properties":{}},{"type":"Feature","geometry":{"type":"LineString","coordinates":[[9.8932,45.59332],[9.89323,45.59337]]},"properties":{}},{"type":"Feature","geometry":{"type":"LineString","coordinates":[[9.89483,45.59382],[9.89494,45.59381],[9.89483,45.59318]]},"properties":{}},{"type":"Feature","geometry":{"type":"LineString","coordinates":[[9.88994,45.59447],[9.89412,45.59299]]},"properties":{}},{"type":"Feature","geometry":{"type":"LineString","coordinates":[[9.89201,45.59376],[9.892,45.59374]]},"properties":{}},{"type":"Feature","geometry":{"type":"LineString","coordinates":[[9.87276,45.59414],[9.87276,45.59411],[9.87304,45.59408],[9.87323,45.59401],[9.8734,45.59384],[9.8734,45.5938],[9.87335,45.59376],[9.87341,45.59371]]},"properties":{}},{"type":"Feature","geometry":{"type":"LineString","coordinates":[[9.89131,45.59401],[9.89129,45.59398]]},"properties":{}},{"type":"Feature","geometry":{"type":"LineString","coordinates":[[9.76846,45.58079],[9.76845,45.58083]]},"properties":{}},{"type":"Feature","geometry":{"type":"LineString","coordinates":[[9.75206,45.59194],[9.75209,45.59174],[9.75195,45.59061],[9.75198,45.59033],[9.75219,45.5892]]},"properties":{}},{"type":"Feature","geometry":{"type":"LineString","coordinates":[[9.75231,45.58922],[9.75205,45.59059],[9.75218,45.59169],[9.75217,45.59195],[9.75156,45.59323]]},"properties":{}},{"type":"Feature","geometry":{"type":"LineString","coordinates":[[9.76968,45.59817],[9.7698,45.5981],[9.7699,45.59799],[9.77015,45.59785],[9.77114,45.59466],[9.77109,45.59464],[9.76994,45.5947]]},"properties":{}},{"type":"Feature","geometry":{"type":"LineString","coordinates":[[9.87338,45.59398],[9.87352,45.59404]]},"properties":{}},{"type":"Feature","geometry":{"type":"LineString","coordinates":[[9.89136,45.59408],[9.89154,45.59402]]},"properties":{}},{"type":"Feature","geometry":{"type":"LineString","coordinates":[[9.89502,45.5943],[9.89494,45.59381]]},"properties":{}},{"type":"Feature","geometry":{"type":"LineString","coordinates":[[9.89106,45.59407],[9.89107,45.59409]]},"properties":{}},{"type":"Feature","geometry":{"type":"LineString","coordinates":[[9.87272,45.59425],[9.87276,45.59418]]},"properties":{}},{"type":"Feature","geometry":{"type":"LineString","coordinates":[[9.89502,45.5943],[9.89502,45.59435]]},"properties":{}},{"type":"Feature","geometry":{"type":"LineString","coordinates":[[9.89147,45.59477],[9.8913,45.59416],[9.89135,45.59407]]},"properties":{}},{"type":"Feature","geometry":{"type":"LineString","coordinates":[[9.87269,45.59429],[9.87267,45.59432],[9.87278,45.59444],[9.87276,45.5946],[9.8728,45.59461]]},"properties":{}},{"type":"Feature","geometry":{"type":"LineString","coordinates":[[9.88974,45.59454],[9.88994,45.59447]]},"properties":{}},{"type":"Feature","geometry":{"type":"LineString","coordinates":[[9.87371,45.59447],[9.87366,45.59455]]},"properties":{}},{"type":"Feature","geometry":{"type":"LineString","coordinates":[[9.88913,45.59471],[9.88925,45.59471],[9.88974,45.59454]]},"properties":{}},{"type":"Feature","geometry":{"type":"LineString","coordinates":[[9.87287,45.59463],[9.873,45.59468]]},"properties":{}},{"type":"Feature","geometry":{"type":"LineString","coordinates":[[9.88939,45.59466],[9.8894,45.59468]]},"properties":{}},{"type":"Feature","geometry":{"type":"LineString","coordinates":[[9.87306,45.59472],[9.87309,45.59474],[9.87334,45.59462],[9.87357,45.59461],[9.87383,45.59462],[9.87412,45.59471]]},"properties":{}},{"type":"Feature","geometry":{"type":"LineString","coordinates":[[9.89832,45.59612],[9.8981,45.59618],[9.89792,45.59632]]},"properties":{}},{"type":"Feature","geometry":{"type":"LineString","coordinates":[[9.89592,45.59648],[9.89556,45.59603],[9.89551,45.59602]]},"properties":{}},{"type":"Feature","geometry":{"type":"LineString","coordinates":[[9.89604,45.59663],[9.89592,45.59648]]},"properties":{}},{"type":"Feature","geometry":{"type":"LineString","coordinates":[[9.8996,45.59701],[9.89959,45.597],[9.89963,45.59695],[9.89952,45.59685],[9.89924,45.59678],[9.89886,45.59647],[9.89881,45.59626],[9.89878,45.59624],[9.89863,45.59617],[9.89837,45.59612]]},"properties":{}},{"type":"Feature","geometry":{"type":"LineString","coordinates":[[9.89604,45.59663],[9.89614,45.59659]]},"properties":{}},{"type":"Feature","geometry":{"type":"LineString","coordinates":[[9.93553,45.59624],[9.93564,45.59618],[9.93577,45.59672],[9.93608,45.59695],[9.93622,45.59699],[9.93618,45.5971]]},"properties":{}},{"type":"Feature","geometry":{"type":"LineString","coordinates":[[9.89592,45.59668],[9.89585,45.59671]]},"properties":{}},{"type":"Feature","geometry":{"type":"LineString","coordinates":[[9.89629,45.59693],[9.89604,45.59663],[9.896,45.59665]]},"properties":{}},{"type":"Feature","geometry":{"type":"LineString","coordinates":[[9.89682,45.59689],[9.89678,45.59685]]},"properties":{}},{"type":"Feature","geometry":{"type":"LineString","coordinates":[[9.89577,45.59674],[9.89529,45.597],[9.89516,45.59703]]},"properties":{}},{"type":"Feature","geometry":{"type":"LineString","coordinates":[[9.89641,45.59698],[9.89635,45.59698],[9.89629,45.59693],[9.89626,45.59695]]},"properties":{}},{"type":"Feature","geometry":{"type":"LineString","coordinates":[[9.89964,45.59705],[9.8996,45.59701]]},"properties":{}},{"type":"Feature","geometry":{"type":"LineString","coordinates":[[9.89648,45.59702],[9.89652,45.59705]]},"properties":{}},{"type":"Feature","geometry":{"type":"LineString","coordinates":[[9.89516,45.59703],[9.89513,45.59705]]},"properties":{}},{"type":"Feature","geometry":{"type":"LineString","coordinates":[[9.89613,45.59715],[9.89621,45.59707],[9.89619,45.59698]]},"properties":{}},{"type":"Feature","geometry":{"type":"LineString","coordinates":[[9.89649,45.59714],[9.89646,45.59715]]},"properties":{}},{"type":"Feature","geometry":{"type":"LineString","coordinates":[[9.89638,45.59718],[9.89635,45.5972]]},"properties":{}},{"type":"Feature","geometry":{"type":"LineString","coordinates":[[9.89619,45.59719],[9.89624,45.59723]]},"properties":{}},{"type":"Feature","geometry":{"type":"LineString","coordinates":[[9.90059,45.59804],[9.89977,45.59706],[9.89964,45.59705]]},"properties":{}},{"type":"Feature","geometry":{"type":"LineString","coordinates":[[9.9007,45.59817],[9.90059,45.59804]]},"properties":{}},{"type":"Feature","geometry":{"type":"LineString","coordinates":[[9.93727,45.59931],[9.93732,45.59928],[9.93713,45.59906],[9.93659,45.59825],[9.93613,45.59762],[9.93592,45.59726],[9.93594,45.59718],[9.93601,45.59711],[9.93618,45.5971]]},"properties":{}},{"type":"Feature","geometry":{"type":"LineString","coordinates":[[9.90092,45.59908],[9.90094,45.59905],[9.90082,45.59837],[9.9007,45.59817]]},"properties":{}},{"type":"Feature","geometry":{"type":"LineString","coordinates":[[9.87876,45.59968],[9.87783,45.59892],[9.87731,45.59865],[9.87693,45.59842],[9.87641,45.59822],[9.87607,45.59815]]},"properties":{}},{"type":"Feature","geometry":{"type":"LineString","coordinates":[[9.87172,45.59855],[9.87013,45.59877],[9.87049,45.59944]]},"properties":{}},{"type":"Feature","geometry":{"type":"LineString","coordinates":[[9.88432,45.59881],[9.88471,45.59926],[9.885,45.59953]]},"properties":{}},{"type":"Feature","geometry":{"type":"LineString","coordinates":[[9.90097,45.59914],[9.90101,45.59914],[9.90144,45.5997],[9.90143,45.59976],[9.90136,45.59978]]},"properties":{}},{"type":"Feature","geometry":{"type":"LineString","coordinates":[[9.87059,45.59963],[9.87096,45.60025]]},"properties":{}},{"type":"Feature","geometry":{"type":"LineString","coordinates":[[9.88194,45.59974],[9.88127,45.60027]]},"properties":{}},{"type":"Feature","geometry":{"type":"LineString","coordinates":[[9.90175,45.60014],[9.90165,45.60012]]},"properties":{}},{"type":"Feature","geometry":{"type":"LineString","coordinates":[[9.88622,45.60016],[9.88674,45.59999],[9.88743,45.60001],[9.88955,45.60062]]},"properties":{}},{"type":"Feature","geometry":{"type":"LineString","coordinates":[[9.88135,45.60033],[9.88146,45.60022],[9.88162,45.60018],[9.88278,45.60044]]},"properties":{}},{"type":"Feature","geometry":{"type":"LineString","coordinates":[[9.88134,45.60035],[9.88135,45.60033]]},"properties":{}},{"type":"Feature","geometry":{"type":"LineString","coordinates":[[9.90232,45.60122],[9.9022,45.60106],[9.90175,45.60014]]},"properties":{}},{"type":"Feature","geometry":{"type":"LineString","coordinates":[[9.88081,45.6007],[9.88086,45.6007]]},"properties":{}},{"type":"Feature","geometry":{"type":"LineString","coordinates":[[9.88072,45.60075],[9.88081,45.6007]]},"properties":{}},{"type":"Feature","geometry":{"type":"LineString","coordinates":[[9.88086,45.6007],[9.88094,45.60074],[9.88095,45.60081]]},"properties":{}},{"type":"Feature","geometry":{"type":"LineString","coordinates":[[9.94864,45.6004],[9.94858,45.60041]]},"properties":{}},{"type":"Feature","geometry":{"type":"LineString","coordinates":[[9.94858,45.60041],[9.94811,45.60048]]},"properties":{}},{"type":"Feature","geometry":{"type":"LineString","coordinates":[[9.94811,45.60048],[9.94797,45.60049]]},"properties":{}},{"type":"Feature","geometry":{"type":"LineString","coordinates":[[9.94797,45.6005],[9.94722,45.60062]]},"properties":{}},{"type":"Feature","geometry":{"type":"LineString","coordinates":[[9.95165,45.60068],[9.95168,45.60064]]},"properties":{}},{"type":"Feature","geometry":{"type":"LineString","coordinates":[[9.95165,45.60069],[9.95165,45.60068]]},"properties":{}},{"type":"Feature","geometry":{"type":"LineString","coordinates":[[9.95275,45.60107],[9.95208,45.60083],[9.95106,45.60051],[9.94998,45.60031],[9.94929,45.60033]]},"properties":{}},{"type":"Feature","geometry":{"type":"LineString","coordinates":[[9.94722,45.60062],[9.94613,45.60081]]},"properties":{}},{"type":"Feature","geometry":{"type":"LineString","coordinates":[[9.94613,45.60081],[9.94609,45.60077]]},"properties":{}},{"type":"Feature","geometry":{"type":"LineString","coordinates":[[9.96239,45.60098],[9.96233,45.60094],[9.96223,45.60094],[9.96216,45.60099],[9.96214,45.60104]]},"properties":{}},{"type":"Feature","geometry":{"type":"LineString","coordinates":[[9.96253,45.60094],[9.96176,45.60114],[9.96174,45.6011]]},"properties":{}},{"type":"Feature","geometry":{"type":"LineString","coordinates":[[9.96174,45.6011],[9.96172,45.60107]]},"properties":{}},{"type":"Feature","geometry":{"type":"LineString","coordinates":[[9.95317,45.60125],[9.95275,45.60107]]},"properties":{}},{"type":"Feature","geometry":{"type":"LineString","coordinates":[[9.96176,45.60114],[9.96033,45.60149],[9.95925,45.60169]]},"properties":{}},{"type":"Feature","geometry":{"type":"LineString","coordinates":[[9.95651,45.60166],[9.9542,45.60155],[9.95368,45.60144],[9.95317,45.60125]]},"properties":{}},{"type":"Feature","geometry":{"type":"LineString","coordinates":[[9.95704,45.60169],[9.95651,45.60166]]},"properties":{}},{"type":"Feature","geometry":{"type":"LineString","coordinates":[[9.95712,45.60169],[9.95704,45.60169]]},"properties":{}},{"type":"Feature","geometry":{"type":"LineString","coordinates":[[9.95754,45.60171],[9.95712,45.60169]]},"properties":{}},{"type":"Feature","geometry":{"type":"LineString","coordinates":[[9.9577,45.60171],[9.95754,45.60171]]},"properties":{}},{"type":"Feature","geometry":{"type":"LineString","coordinates":[[9.9581,45.60173],[9.9577,45.60171]]},"properties":{}},{"type":"Feature","geometry":{"type":"LineString","coordinates":[[9.88071,45.6008],[9.88072,45.60075]]},"properties":{}},{"type":"Feature","geometry":{"type":"LineString","coordinates":[[9.88077,45.60086],[9.88071,45.6008]]},"properties":{}},{"type":"Feature","geometry":{"type":"LineString","coordinates":[[9.88095,45.60081],[9.88089,45.60086]]},"properties":{}},{"type":"Feature","geometry":{"type":"LineString","coordinates":[[9.88089,45.60086],[9.88077,45.60086]]},"properties":{}},{"type":"Feature","geometry":{"type":"LineString","coordinates":[[9.88953,45.60064],[9.89019,45.60117]]},"properties":{}},{"type":"Feature","geometry":{"type":"LineString","coordinates":[[9.88089,45.60086],[9.88088,45.60107]]},"properties":{}},{"type":"Feature","geometry":{"type":"LineString","coordinates":[[9.89972,45.60178],[9.89984,45.60176],[9.8999,45.60184],[9.89999,45.60188],[9.90047,45.60191],[9.90227,45.60132],[9.90237,45.60117],[9.90273,45.60111],[9.9035,45.60082],[9.90405,45.6007],[9.90482,45.60068],[9.90489,45.60062],[9.90489,45.60058],[9.90481,45.60053],[9.90483,45.60049]]},"properties":{}},{"type":"Feature","geometry":{"type":"LineString","coordinates":[[9.87109,45.60047],[9.87202,45.60214]]},"properties":{}},{"type":"Feature","geometry":{"type":"LineString","coordinates":[[9.88953,45.60064],[9.88955,45.60068],[9.89015,45.6012],[9.89074,45.60165],[9.89138,45.60223]]},"properties":{}},{"type":"Feature","geometry":{"type":"LineString","coordinates":[[9.89214,45.60284],[9.89105,45.60188],[9.89019,45.60117]]},"properties":{}},{"type":"Feature","geometry":{"type":"LineString","coordinates":[[9.95828,45.60174],[9.9581,45.60174]]},"properties":{}},{"type":"Feature","geometry":{"type":"LineString","coordinates":[[9.95835,45.60174],[9.95828,45.60174]]},"properties":{}},{"type":"Feature","geometry":{"type":"LineString","coordinates":[[9.95855,45.60175],[9.95835,45.60174]]},"properties":{}},{"type":"Feature","geometry":{"type":"LineString","coordinates":[[9.95864,45.60175],[9.95855,45.60175]]},"properties":{}},{"type":"Feature","geometry":{"type":"LineString","coordinates":[[9.95925,45.60169],[9.95913,45.60174],[9.95911,45.60182]]},"properties":{}},{"type":"Feature","geometry":{"type":"LineString","coordinates":[[9.95898,45.60187],[9.95889,45.60177],[9.95864,45.60175]]},"properties":{}},{"type":"Feature","geometry":{"type":"LineString","coordinates":[[9.95954,45.60165],[9.95984,45.60199]]},"properties":{}},{"type":"Feature","geometry":{"type":"LineString","coordinates":[[9.95913,45.60181],[9.9593,45.60202]]},"properties":{}},{"type":"Feature","geometry":{"type":"LineString","coordinates":[[9.95918,45.60211],[9.95898,45.60187],[9.959,45.60186]]},"properties":{}},{"type":"Feature","geometry":{"type":"LineString","coordinates":[[9.95984,45.60199],[9.95994,45.60202]]},"properties":{}},{"type":"Feature","geometry":{"type":"LineString","coordinates":[[9.89138,45.60223],[9.89214,45.6029],[9.89282,45.60259]]},"properties":{}},{"type":"Feature","geometry":{"type":"LineString","coordinates":[[9.89289,45.60245],[9.89282,45.60253],[9.89214,45.60284]]},"properties":{}},{"type":"Feature","geometry":{"type":"LineString","coordinates":[[9.87223,45.60245],[9.87263,45.60318]]},"properties":{}},{"type":"Feature","geometry":{"type":"LineString","coordinates":[[9.93524,45.60286],[9.93525,45.60289]]},"properties":{}},{"type":"Feature","geometry":{"type":"LineString","coordinates":[[9.93491,45.60292],[9.93523,45.60284],[9.93524,45.60286]]},"properties":{}},{"type":"Feature","geometry":{"type":"LineString","coordinates":[[9.93445,45.60301],[9.93491,45.60294]]},"properties":{}},{"type":"Feature","geometry":{"type":"LineString","coordinates":[[9.89344,45.6035],[9.89304,45.6029],[9.89289,45.60245]]},"properties":{}},{"type":"Feature","geometry":{"type":"LineString","coordinates":[[9.93397,45.60311],[9.93445,45.60301]]},"properties":{}},{"type":"Feature","geometry":{"type":"LineString","coordinates":[[9.93252,45.60327],[9.93237,45.60302]]},"properties":{}},{"type":"Feature","geometry":{"type":"LineString","coordinates":[[9.89282,45.60259],[9.89285,45.60258],[9.89299,45.60292],[9.89342,45.60351],[9.89365,45.60376],[9.89376,45.60375]]},"properties":{}},{"type":"Feature","geometry":{"type":"LineString","coordinates":[[9.93276,45.60332],[9.93294,45.60331],[9.93398,45.60313]]},"properties":{}},{"type":"Feature","geometry":{"type":"LineString","coordinates":[[9.93252,45.60327],[9.93276,45.60334]]},"properties":{}},{"type":"Feature","geometry":{"type":"LineString","coordinates":[[9.93276,45.60337],[9.93277,45.60339]]},"properties":{}},{"type":"Feature","geometry":{"type":"LineString","coordinates":[[9.89375,45.60375],[9.89365,45.60376],[9.89344,45.6035]]},"properties":{}},{"type":"Feature","geometry":{"type":"LineString","coordinates":[[9.89381,45.6037],[9.89381,45.6037]]},"properties":{}},{"type":"Feature","geometry":{"type":"LineString","coordinates":[[9.89381,45.6037],[9.89379,45.60372]]},"properties":{}},{"type":"Feature","geometry":{"type":"LineString","coordinates":[[9.89376,45.60375],[9.89381,45.6037]]},"properties":{}},{"type":"Feature","geometry":{"type":"LineString","coordinates":[[9.89379,45.60372],[9.89375,45.60375]]},"properties":{}},{"type":"Feature","geometry":{"type":"LineString","coordinates":[[9.89344,45.6035],[9.89277,45.60403]]},"properties":{}},{"type":"Feature","geometry":{"type":"LineString","coordinates":[[9.87282,45.60355],[9.87299,45.60389],[9.87314,45.60396],[9.87337,45.60444],[9.87346,45.60445],[9.87398,45.60431],[9.87422,45.60404]]},"properties":{}},{"type":"Feature","geometry":{"type":"LineString","coordinates":[[9.89277,45.60403],[9.89271,45.6041]]},"properties":{}},{"type":"Feature","geometry":{"type":"LineString","coordinates":[[9.8732,45.6042],[9.87325,45.60419]]},"properties":{}},{"type":"Feature","geometry":{"type":"LineString","coordinates":[[9.87438,45.60416],[9.87433,45.60424],[9.87438,45.60433]]},"properties":{}},{"type":"Feature","geometry":{"type":"LineString","coordinates":[[9.9022,45.60135],[9.90227,45.60143],[9.90246,45.60144],[9.90256,45.60174],[9.90279,45.60204],[9.90275,45.60211],[9.90283,45.60219],[9.9029,45.6022],[9.90346,45.60299],[9.90368,45.60358],[9.90368,45.60361],[9.90357,45.60366],[9.90362,45.60374],[9.90369,45.60372],[9.90373,45.60374],[9.90388,45.60406],[9.90582,45.60737],[9.906,45.60785],[9.90603,45.60818],[9.906,45.60828]]},"properties":{}},{"type":"Feature","geometry":{"type":"LineString","coordinates":[[9.89271,45.6041],[9.89037,45.60593]]},"properties":{}},{"type":"Feature","geometry":{"type":"LineString","coordinates":[[9.89381,45.6037],[9.89389,45.60382],[9.89431,45.60419],[9.89441,45.60419],[9.89488,45.60461],[9.89578,45.60529],[9.89676,45.60623],[9.89696,45.6065],[9.89731,45.60712],[9.8973,45.60739],[9.89725,45.60746]]},"properties":{}},{"type":"Feature","geometry":{"type":"LineString","coordinates":[[9.88059,45.60546],[9.88057,45.60599],[9.88061,45.60607],[9.88061,45.60664]]},"properties":{}},{"type":"Feature","geometry":{"type":"LineString","coordinates":[[9.89037,45.60593],[9.88991,45.60626]]},"properties":{}},{"type":"Feature","geometry":{"type":"LineString","coordinates":[[9.88061,45.60664],[9.88061,45.60738]]},"properties":{}},{"type":"Feature","geometry":{"type":"LineString","coordinates":[[9.89725,45.60746],[9.89717,45.60752]]},"properties":{}},{"type":"Feature","geometry":{"type":"LineString","coordinates":[[9.83162,45.59873],[9.83156,45.59847]]},"properties":{}},{"type":"Feature","geometry":{"type":"LineString","coordinates":[[9.83235,45.59826],[9.83556,45.59868],[9.83565,45.59874],[9.83582,45.59872],[9.83844,45.59907],[9.83944,45.59916],[9.83959,45.5992],[9.8399,45.59946],[9.84013,45.59947],[9.84016,45.59935],[9.84034,45.59923],[9.84041,45.59922],[9.84484,45.59951],[9.84569,45.5996],[9.8458,45.5997],[9.84783,45.59986],[9.84808,45.60008],[9.84807,45.60012]]},"properties":{}},{"type":"Feature","geometry":{"type":"LineString","coordinates":[[9.83207,45.60277],[9.83201,45.60209],[9.83203,45.60033],[9.832,45.6001],[9.83162,45.59873]]},"properties":{}},{"type":"Feature","geometry":{"type":"LineString","coordinates":[[9.83216,45.60444],[9.83212,45.60407],[9.83218,45.6038],[9.83207,45.60277]]},"properties":{}},{"type":"Feature","geometry":{"type":"LineString","coordinates":[[9.83304,45.6162],[9.83229,45.61167],[9.83214,45.60471],[9.83213,45.60466],[9.83205,45.60459]]},"properties":{}},{"type":"Feature","geometry":{"type":"LineString","coordinates":[[9.83202,45.60462],[9.83213,45.60473],[9.83229,45.61179],[9.83303,45.61627]]},"properties":{}},{"type":"Feature","geometry":{"type":"LineString","coordinates":[[9.79877,45.61648],[9.79991,45.6164],[9.80047,45.61641],[9.8013,45.61634],[9.80175,45.61638],[9.8019,45.61655],[9.80207,45.61648]]},"properties":{}},{"type":"Feature","geometry":{"type":"LineString","coordinates":[[9.79877,45.61648],[9.79867,45.61647]]},"properties":{}},{"type":"Feature","geometry":{"type":"LineString","coordinates":[[9.79679,45.61713],[9.79781,45.61649],[9.79837,45.61659]]},"properties":{}},{"type":"Feature","geometry":{"type":"LineString","coordinates":[[9.80207,45.61648],[9.80289,45.61646],[9.80294,45.61657],[9.80291,45.61696],[9.80286,45.61701],[9.80285,45.61763],[9.80356,45.61772],[9.80529,45.61775],[9.80533,45.61777]]},"properties":{}},{"type":"Feature","geometry":{"type":"LineString","coordinates":[[9.9593,45.60202],[9.95988,45.60261],[9.96,45.60267],[9.96036,45.60274]]},"properties":{}},{"type":"Feature","geometry":{"type":"LineString","coordinates":[[9.95918,45.60211],[9.95975,45.60268]]},"properties":{}},{"type":"Feature","geometry":{"type":"LineString","coordinates":[[9.96026,45.60272],[9.96026,45.60274]]},"properties":{}},{"type":"Feature","geometry":{"type":"LineString","coordinates":[[9.96328,45.60237],[9.9634,45.6026],[9.9634,45.60266],[9.96322,45.603],[9.96313,45.60306],[9.96295,45.60313],[9.96271,45.60316],[9.96221,45.60305]]},"properties":{}},{"type":"Feature","geometry":{"type":"LineString","coordinates":[[9.96036,45.60274],[9.96075,45.6028]]},"properties":{}},{"type":"Feature","geometry":{"type":"LineString","coordinates":[[9.96075,45.6028],[9.96158,45.60299]]},"properties":{}},{"type":"Feature","geometry":{"type":"LineString","coordinates":[[9.96221,45.60305],[9.96179,45.60294]]},"properties":{}},{"type":"Feature","geometry":{"type":"LineString","coordinates":[[9.96221,45.60305],[9.96171,45.60296],[9.96164,45.603],[9.96158,45.60299]]},"properties":{}},{"type":"Feature","geometry":{"type":"LineString","coordinates":[[9.96199,45.60298],[9.96195,45.60307]]},"properties":{}},{"type":"Feature","geometry":{"type":"LineString","coordinates":[[9.96098,45.61317],[9.96196,45.61446]]},"properties":{}},{"type":"Feature","geometry":{"type":"LineString","coordinates":[[9.88061,45.60738],[9.8806,45.60798]]},"properties":{}},{"type":"Feature","geometry":{"type":"LineString","coordinates":[[9.91009,45.60799],[9.91062,45.60803]]},"properties":{}},{"type":"Feature","geometry":{"type":"LineString","coordinates":[[9.90162,45.60758],[9.90165,45.60754],[9.90464,45.60832],[9.90546,45.60842],[9.9059,45.60837],[9.90597,45.60833],[9.906,45.60828],[9.90623,45.6083],[9.90633,45.60834],[9.90646,45.60853],[9.90658,45.60857],[9.90905,45.60889],[9.90974,45.60886],[9.90978,45.6088],[9.90995,45.60802],[9.91009,45.60799]]},"properties":{}},{"type":"Feature","geometry":{"type":"LineString","coordinates":[[9.91062,45.60803],[9.91072,45.60805],[9.91076,45.60814],[9.91071,45.60898],[9.91078,45.60906],[9.91104,45.60915]]},"properties":{}},{"type":"Feature","geometry":{"type":"LineString","coordinates":[[9.89717,45.60752],[9.89715,45.60756],[9.89717,45.60762],[9.89725,45.60773],[9.89744,45.60824],[9.89775,45.60881],[9.8984,45.60963],[9.89905,45.61022]]},"properties":{}},{"type":"Feature","geometry":{"type":"LineString","coordinates":[[9.91104,45.60915],[9.91134,45.60921]]},"properties":{}},{"type":"Feature","geometry":{"type":"LineString","coordinates":[[9.92303,45.60951],[9.92306,45.60955]]},"properties":{}},{"type":"Feature","geometry":{"type":"LineString","coordinates":[[9.91134,45.60921],[9.916,45.60995]]},"properties":{}},{"type":"Feature","geometry":{"type":"LineString","coordinates":[[9.92145,45.61003],[9.92143,45.60997],[9.92303,45.60951]]},"properties":{}},{"type":"Feature","geometry":{"type":"LineString","coordinates":[[9.89914,45.61018],[9.89905,45.61022]]},"properties":{}},{"type":"Feature","geometry":{"type":"LineString","coordinates":[[9.89995,45.61067],[9.89977,45.61059],[9.89947,45.6102],[9.89937,45.61016],[9.89914,45.61018]]},"properties":{}},{"type":"Feature","geometry":{"type":"LineString","coordinates":[[9.92119,45.61386],[9.91794,45.61127],[9.91736,45.61084],[9.91669,45.61046],[9.91628,45.61038],[9.91586,45.61012],[9.91561,45.61003],[9.91499,45.6099],[9.91502,45.6098]]},"properties":{}},{"type":"Feature","geometry":{"type":"LineString","coordinates":[[9.92122,45.61357],[9.92131,45.61369]]},"properties":{}},{"type":"Feature","geometry":{"type":"LineString","coordinates":[[9.92153,45.61416],[9.92203,45.61473],[9.92293,45.61593]]},"properties":{}},{"type":"Feature","geometry":{"type":"LineString","coordinates":[[9.92312,45.61623],[9.92292,45.61584],[9.92187,45.61444],[9.9216,45.61414]]},"properties":{}},{"type":"Feature","geometry":{"type":"LineString","coordinates":[[9.89995,45.61067],[9.89994,45.61081],[9.89998,45.61087],[9.9002,45.61107],[9.90143,45.61207],[9.90193,45.61259],[9.90276,45.61322],[9.90289,45.61335],[9.90326,45.61428],[9.90345,45.61447],[9.90352,45.61485],[9.90592,45.62032],[9.90637,45.62142]]},"properties":{}},{"type":"Feature","geometry":{"type":"LineString","coordinates":[[9.92314,45.61602],[9.92312,45.61606],[9.92326,45.61637],[9.92369,45.61721]]},"properties":{}},{"type":"Feature","geometry":{"type":"LineString","coordinates":[[9.92365,45.61723],[9.92347,45.61697],[9.92312,45.61623]]},"properties":{}},{"type":"Feature","geometry":{"type":"LineString","coordinates":[[9.92369,45.61721],[9.92404,45.61766]]},"properties":{}},{"type":"Feature","geometry":{"type":"LineString","coordinates":[[9.92399,45.61768],[9.92365,45.61723]]},"properties":{}},{"type":"Feature","geometry":{"type":"LineString","coordinates":[[9.96196,45.61446],[9.96212,45.61471],[9.96225,45.61519]]},"properties":{}},{"type":"Feature","geometry":{"type":"LineString","coordinates":[[9.97641,45.61511],[9.9768,45.61487],[9.9771,45.6148]]},"properties":{}},{"type":"Feature","geometry":{"type":"LineString","coordinates":[[9.97736,45.61522],[9.97719,45.61518],[9.97691,45.61522],[9.97666,45.61514],[9.97649,45.61519]]},"properties":{}},{"type":"Feature","geometry":{"type":"LineString","coordinates":[[9.96225,45.61519],[9.96229,45.61529]]},"properties":{}},{"type":"Feature","geometry":{"type":"LineString","coordinates":[[9.96229,45.61529],[9.96235,45.61543],[9.9625,45.61565],[9.96279,45.61594]]},"properties":{}},{"type":"Feature","geometry":{"type":"LineString","coordinates":[[9.97961,45.617],[9.97957,45.61691],[9.97967,45.61686],[9.97967,45.6168],[9.97961,45.61667],[9.97914,45.6165],[9.97846,45.61585],[9.978,45.61556],[9.97736,45.61522]]},"properties":{}},{"type":"Feature","geometry":{"type":"LineString","coordinates":[[9.97385,45.61718],[9.97426,45.61692],[9.97492,45.61671],[9.97508,45.61661],[9.97545,45.61609],[9.97601,45.61539],[9.97615,45.61527],[9.97642,45.61512]]},"properties":{}},{"type":"Feature","geometry":{"type":"LineString","coordinates":[[9.96279,45.61594],[9.9631,45.61614],[9.96433,45.6168]]},"properties":{}},{"type":"Feature","geometry":{"type":"LineString","coordinates":[[9.96433,45.6168],[9.9654,45.61735],[9.96573,45.61748],[9.96605,45.61752],[9.96725,45.61756]]},"properties":{}},{"type":"Feature","geometry":{"type":"LineString","coordinates":[[9.98508,45.61678],[9.98474,45.61693],[9.98384,45.6175],[9.9834,45.61772],[9.98278,45.61766],[9.98261,45.61761],[9.98247,45.61755],[9.98202,45.61727],[9.98175,45.61714],[9.98148,45.61708],[9.98119,45.61703],[9.98026,45.61699],[9.98001,45.61692],[9.97961,45.617]]},"properties":{}},{"type":"Feature","geometry":{"type":"LineString","coordinates":[[9.97345,45.61744],[9.97385,45.61718]]},"properties":{}},{"type":"Feature","geometry":{"type":"LineString","coordinates":[[9.96725,45.61756],[9.96724,45.6176]]},"properties":{}},{"type":"Feature","geometry":{"type":"LineString","coordinates":[[9.96725,45.61756],[9.96851,45.6176],[9.96869,45.61763]]},"properties":{}},{"type":"Feature","geometry":{"type":"LineString","coordinates":[[9.97167,45.61808],[9.972,45.61804],[9.97237,45.61788],[9.97297,45.61774],[9.97323,45.6176],[9.97345,45.61744]]},"properties":{}},{"type":"Feature","geometry":{"type":"LineString","coordinates":[[9.96877,45.61896],[9.96871,45.61895],[9.96866,45.6189],[9.96852,45.61831],[9.96852,45.61774],[9.96857,45.6177],[9.96866,45.61771]]},"properties":{}},{"type":"Feature","geometry":{"type":"LineString","coordinates":[[9.97167,45.61816],[9.9718,45.61818],[9.97196,45.61829],[9.97199,45.61836],[9.97194,45.61855]]},"properties":{}},{"type":"Feature","geometry":{"type":"LineString","coordinates":[[9.95281,45.61848],[9.95274,45.61844]]},"properties":{}},{"type":"Feature","geometry":{"type":"LineString","coordinates":[[9.97193,45.61855],[9.9719,45.61862],[9.9718,45.61867]]},"properties":{}},{"type":"Feature","geometry":{"type":"LineString","coordinates":[[9.9718,45.61867],[9.97119,45.6187]]},"properties":{}},{"type":"Feature","geometry":{"type":"LineString","coordinates":[[9.97119,45.6187],[9.97077,45.61869]]},"properties":{}},{"type":"Feature","geometry":{"type":"LineString","coordinates":[[9.79679,45.61713],[9.79679,45.61717]]},"properties":{}},{"type":"Feature","geometry":{"type":"LineString","coordinates":[[9.79849,45.61772],[9.79852,45.61766]]},"properties":{}},{"type":"Feature","geometry":{"type":"LineString","coordinates":[[9.79981,45.61796],[9.79978,45.61795]]},"properties":{}},{"type":"Feature","geometry":{"type":"LineString","coordinates":[[9.80137,45.61814],[9.79981,45.61796]]},"properties":{}},{"type":"Feature","geometry":{"type":"LineString","coordinates":[[9.79849,45.61772],[9.79812,45.61854]]},"properties":{}},{"type":"Feature","geometry":{"type":"LineString","coordinates":[[9.80139,45.61814],[9.80137,45.61814]]},"properties":{}},{"type":"Feature","geometry":{"type":"LineString","coordinates":[[9.79818,45.61849],[9.79814,45.61848]]},"properties":{}},{"type":"Feature","geometry":{"type":"LineString","coordinates":[[9.80254,45.61849],[9.8026,45.61849],[9.8026,45.61857]]},"properties":{}},{"type":"Feature","geometry":{"type":"LineString","coordinates":[[9.80118,45.61861],[9.80171,45.61864],[9.80176,45.61856],[9.80218,45.61854],[9.80254,45.61849]]},"properties":{}},{"type":"Feature","geometry":{"type":"LineString","coordinates":[[9.80489,45.61984],[9.80514,45.61983],[9.80538,45.61967],[9.80533,45.61777]]},"properties":{}},{"type":"Feature","geometry":{"type":"LineString","coordinates":[[9.79855,45.61903],[9.79904,45.61915]]},"properties":{}},{"type":"Feature","geometry":{"type":"LineString","coordinates":[[9.79574,45.61959],[9.79609,45.61962]]},"properties":{}},{"type":"Feature","geometry":{"type":"LineString","coordinates":[[9.7951,45.61968],[9.79507,45.61963],[9.79573,45.61966]]},"properties":{}},{"type":"Feature","geometry":{"type":"LineString","coordinates":[[9.79572,45.61802],[9.79575,45.61805],[9.79561,45.61826],[9.79559,45.61845],[9.79582,45.61867],[9.79563,45.6205],[9.79514,45.62078],[9.79472,45.62111],[9.79384,45.62146]]},"properties":{}},{"type":"Feature","geometry":{"type":"LineString","coordinates":[[9.80043,45.61976],[9.80056,45.6198],[9.80255,45.6198]]},"properties":{}},{"type":"Feature","geometry":{"type":"LineString","coordinates":[[9.79931,45.61984],[9.79977,45.61987],[9.80001,45.61984],[9.80029,45.61974],[9.80043,45.61976]]},"properties":{}},{"type":"Feature","geometry":{"type":"LineString","coordinates":[[9.79931,45.61984],[9.79921,45.61986]]},"properties":{}},{"type":"Feature","geometry":{"type":"LineString","coordinates":[[9.80278,45.61986],[9.80489,45.61984]]},"properties":{}},{"type":"Feature","geometry":{"type":"LineString","coordinates":[[9.79927,45.61993],[9.79907,45.61986],[9.79908,45.61982],[9.79931,45.61984]]},"properties":{}},{"type":"Feature","geometry":{"type":"LineString","coordinates":[[9.80489,45.61984],[9.80492,45.61986],[9.80492,45.61995],[9.80504,45.61995]]},"properties":{}},{"type":"Feature","geometry":{"type":"LineString","coordinates":[[9.92443,45.61821],[9.92399,45.61768]]},"properties":{}},{"type":"Feature","geometry":{"type":"LineString","coordinates":[[9.87874,45.61802],[9.87845,45.61796]]},"properties":{}},{"type":"Feature","geometry":{"type":"LineString","coordinates":[[9.92404,45.61766],[9.92473,45.61848],[9.92523,45.61886]]},"properties":{}},{"type":"Feature","geometry":{"type":"LineString","coordinates":[[9.92515,45.61894],[9.92443,45.61821]]},"properties":{}},{"type":"Feature","geometry":{"type":"LineString","coordinates":[[9.92511,45.61873],[9.92555,45.61927],[9.92572,45.61938],[9.92592,45.61942],[9.92609,45.61939],[9.92669,45.61921],[9.92737,45.61906],[9.92741,45.619],[9.92674,45.61786]]},"properties":{}},{"type":"Feature","geometry":{"type":"LineString","coordinates":[[9.92541,45.61921],[9.92515,45.61894]]},"properties":{}},{"type":"Feature","geometry":{"type":"LineString","coordinates":[[9.92631,45.61937],[9.92631,45.61933]]},"properties":{}},{"type":"Feature","geometry":{"type":"LineString","coordinates":[[9.92636,45.61943],[9.9264,45.61945],[9.92619,45.61957],[9.92609,45.61966],[9.9261,45.61991],[9.92616,45.62007],[9.92682,45.62091],[9.92679,45.62092]]},"properties":{}},{"type":"Feature","geometry":{"type":"LineString","coordinates":[[9.92682,45.62091],[9.92731,45.62151],[9.92729,45.62152]]},"properties":{}},{"type":"Feature","geometry":{"type":"LineString","coordinates":[[9.92731,45.62151],[9.92757,45.62183]]},"properties":{}},{"type":"Feature","geometry":{"type":"LineString","coordinates":[[9.79074,45.6167],[9.79069,45.6172],[9.79072,45.61725],[9.79087,45.6173],[9.79086,45.61739],[9.79294,45.61748]]},"properties":{}},{"type":"Feature","geometry":{"type":"LineString","coordinates":[[9.79294,45.61748],[9.79295,45.61744]]},"properties":{}},{"type":"Feature","geometry":{"type":"LineString","coordinates":[[9.76221,45.62136],[9.76213,45.61912],[9.76099,45.61911],[9.76091,45.61904],[9.76078,45.61606]]},"properties":{}},{"type":"Feature","geometry":{"type":"LineString","coordinates":[[9.77143,45.62194],[9.77149,45.6219],[9.77154,45.62176],[9.77222,45.61587]]},"properties":{}},{"type":"Feature","geometry":{"type":"LineString","coordinates":[[9.79258,45.6215],[9.79235,45.62156],[9.79034,45.62146],[9.78805,45.62126],[9.78798,45.62123],[9.78481,45.62087],[9.78136,45.62065],[9.78072,45.62063],[9.78006,45.62071],[9.77464,45.62182]]},"properties":{}},{"type":"Feature","geometry":{"type":"LineString","coordinates":[[9.76221,45.62118],[9.7623,45.62126],[9.7627,45.62125],[9.76318,45.62135],[9.76349,45.62138],[9.76876,45.62183],[9.7699,45.62191],[9.77143,45.62194],[9.77147,45.62202]]},"properties":{}},{"type":"Feature","geometry":{"type":"LineString","coordinates":[[9.77421,45.62191],[9.77464,45.62182]]},"properties":{}},{"type":"Feature","geometry":{"type":"LineString","coordinates":[[9.77377,45.62191],[9.77371,45.622]]},"properties":{}},{"type":"Feature","geometry":{"type":"LineString","coordinates":[[9.7725,45.62284],[9.77254,45.62285],[9.77347,45.62208],[9.77371,45.622]]},"properties":{}},{"type":"Feature","geometry":{"type":"LineString","coordinates":[[9.97077,45.61869],[9.97039,45.61869],[9.97005,45.61875]]},"properties":{}},{"type":"Feature","geometry":{"type":"LineString","coordinates":[[9.95108,45.61861],[9.95111,45.61863],[9.95119,45.61884]]},"properties":{}},{"type":"Feature","geometry":{"type":"LineString","coordinates":[[9.97005,45.61875],[9.96877,45.61896]]},"properties":{}},{"type":"Feature","geometry":{"type":"LineString","coordinates":[[9.95757,45.61985],[9.95761,45.61986]]},"properties":{}},{"type":"Feature","geometry":{"type":"LineString","coordinates":[[9.95748,45.6202],[9.95744,45.62021],[9.95737,45.62046]]},"properties":{}},{"type":"Feature","geometry":{"type":"LineString","coordinates":[[9.95732,45.62055],[9.95701,45.62063]]},"properties":{}},{"type":"Feature","geometry":{"type":"LineString","coordinates":[[9.95701,45.62063],[9.95667,45.62074]]},"properties":{}},{"type":"Feature","geometry":{"type":"LineString","coordinates":[[9.95667,45.62074],[9.95567,45.62105],[9.95565,45.62102]]},"properties":{}},{"type":"Feature","geometry":{"type":"LineString","coordinates":[[9.95567,45.62105],[9.9554,45.62113],[9.95535,45.62112]]},"properties":{}},{"type":"Feature","geometry":{"type":"LineString","coordinates":[[9.95769,45.62209],[9.95772,45.62213],[9.95765,45.62235],[9.95771,45.62236]]},"properties":{}},{"type":"Feature","geometry":{"type":"LineString","coordinates":[[9.80786,45.62006],[9.80789,45.61995],[9.80786,45.61992]]},"properties":{}},{"type":"Feature","geometry":{"type":"LineString","coordinates":[[9.7951,45.61968],[9.79565,45.62033]]},"properties":{}},{"type":"Feature","geometry":{"type":"LineString","coordinates":[[9.80753,45.62025],[9.80747,45.62025]]},"properties":{}},{"type":"Feature","geometry":{"type":"LineString","coordinates":[[9.8073,45.62027],[9.80723,45.62029]]},"properties":{}},{"type":"Feature","geometry":{"type":"LineString","coordinates":[[9.80754,45.62045],[9.80754,45.62016],[9.8076,45.62013],[9.80778,45.62012]]},"properties":{}},{"type":"Feature","geometry":{"type":"LineString","coordinates":[[9.79927,45.61993],[9.79939,45.62],[9.79949,45.62018],[9.79943,45.62156],[9.79936,45.62162]]},"properties":{}},{"type":"Feature","geometry":{"type":"LineString","coordinates":[[9.80363,45.61996],[9.80368,45.61998],[9.8037,45.62176]]},"properties":{}},{"type":"Feature","geometry":{"type":"LineString","coordinates":[[9.79453,45.62081],[9.79477,45.62108]]},"properties":{}},{"type":"Feature","geometry":{"type":"LineString","coordinates":[[9.80504,45.61995],[9.80528,45.61995],[9.80533,45.62],[9.80546,45.62002],[9.80562,45.61994],[9.80681,45.61994],[9.80691,45.61997],[9.80701,45.62013],[9.80723,45.62029],[9.80733,45.62045],[9.8074,45.62206],[9.8072,45.62217],[9.80716,45.62224],[9.80734,45.6224]]},"properties":{}},{"type":"Feature","geometry":{"type":"LineString","coordinates":[[9.79384,45.62146],[9.79387,45.62152]]},"properties":{}},{"type":"Feature","geometry":{"type":"LineString","coordinates":[[9.95765,45.62235],[9.95756,45.6226]]},"properties":{}},{"type":"Feature","geometry":{"type":"LineString","coordinates":[[9.95756,45.6226],[9.95748,45.6227]]},"properties":{}},{"type":"Feature","geometry":{"type":"LineString","coordinates":[[9.95748,45.6227],[9.95739,45.62279]]},"properties":{}},{"type":"Feature","geometry":{"type":"LineString","coordinates":[[9.95739,45.62279],[9.95694,45.62309]]},"properties":{}},{"type":"Feature","geometry":{"type":"LineString","coordinates":[[9.95694,45.62309],[9.95682,45.62316]]},"properties":{}},{"type":"Feature","geometry":{"type":"LineString","coordinates":[[9.95682,45.62316],[9.9564,45.62344]]},"properties":{}},{"type":"Feature","geometry":{"type":"LineString","coordinates":[[9.9564,45.62344],[9.95617,45.62358]]},"properties":{}},{"type":"Feature","geometry":{"type":"LineString","coordinates":[[9.95617,45.62358],[9.95609,45.62363]]},"properties":{}},{"type":"Feature","geometry":{"type":"LineString","coordinates":[[9.95609,45.62363],[9.95589,45.62376]]},"properties":{}},{"type":"Feature","geometry":{"type":"LineString","coordinates":[[9.95589,45.62376],[9.95562,45.62394]]},"properties":{}},{"type":"Feature","geometry":{"type":"LineString","coordinates":[[9.80325,45.62181],[9.80368,45.62182],[9.8037,45.62176]]},"properties":{}},{"type":"Feature","geometry":{"type":"LineString","coordinates":[[9.80324,45.62178],[9.80374,45.62302]]},"properties":{}},{"type":"Feature","geometry":{"type":"LineString","coordinates":[[9.80734,45.6224],[9.80743,45.62249],[9.8075,45.62249]]},"properties":{}},{"type":"Feature","geometry":{"type":"LineString","coordinates":[[9.80374,45.62302],[9.80374,45.6231]]},"properties":{}},{"type":"Feature","geometry":{"type":"LineString","coordinates":[[9.83259,45.62286],[9.83256,45.62294],[9.8322,45.62329],[9.83207,45.62332],[9.83186,45.62329],[9.83158,45.62303],[9.83154,45.62294]]},"properties":{}},{"type":"Feature","geometry":{"type":"LineString","coordinates":[[9.85992,45.62413],[9.85985,45.62452]]},"properties":{}},{"type":"Feature","geometry":{"type":"LineString","coordinates":[[9.85974,45.62514],[9.85985,45.62452]]},"properties":{}},{"type":"Feature","geometry":{"type":"LineString","coordinates":[[9.8043,45.62521],[9.80462,45.62522],[9.80514,45.62511],[9.80543,45.62511],[9.80587,45.62517],[9.80596,45.62515],[9.80607,45.62504],[9.80606,45.62446],[9.80566,45.62446]]},"properties":{}},{"type":"Feature","geometry":{"type":"LineString","coordinates":[[9.85974,45.62514],[9.85969,45.62551]]},"properties":{}},{"type":"Feature","geometry":{"type":"LineString","coordinates":[[9.85956,45.6255],[9.85919,45.62566]]},"properties":{}},{"type":"Feature","geometry":{"type":"LineString","coordinates":[[9.92757,45.62183],[9.92879,45.62315],[9.92872,45.62318]]},"properties":{}},{"type":"Feature","geometry":{"type":"LineString","coordinates":[[9.92879,45.62315],[9.92951,45.62398],[9.92963,45.6244],[9.92974,45.6249],[9.92971,45.6249]]},"properties":{}},{"type":"Feature","geometry":{"type":"LineString","coordinates":[[9.92974,45.6249],[9.92975,45.62496]]},"properties":{}},{"type":"Feature","geometry":{"type":"LineString","coordinates":[[9.92975,45.62496],[9.92982,45.6253]]},"properties":{}},{"type":"Feature","geometry":{"type":"LineString","coordinates":[[9.92982,45.6253],[9.92988,45.62562]]},"properties":{}},{"type":"Feature","geometry":{"type":"LineString","coordinates":[[9.93004,45.62637],[9.92988,45.62562]]},"properties":{}},{"type":"Feature","geometry":{"type":"LineString","coordinates":[[9.9,45.62604],[9.90056,45.626],[9.9006,45.62604]]},"properties":{}},{"type":"Feature","geometry":{"type":"LineString","coordinates":[[9.9,45.62604],[9.89984,45.62605]]},"properties":{}},{"type":"Feature","geometry":{"type":"LineString","coordinates":[[9.89984,45.62605],[9.89885,45.62612]]},"properties":{}},{"type":"Feature","geometry":{"type":"LineString","coordinates":[[9.89689,45.62632],[9.89687,45.62593]]},"properties":{}},{"type":"Feature","geometry":{"type":"LineString","coordinates":[[9.95573,45.62387],[9.9558,45.62392]]},"properties":{}},{"type":"Feature","geometry":{"type":"LineString","coordinates":[[9.95554,45.62399],[9.95542,45.62408],[9.95549,45.62413]]},"properties":{}},{"type":"Feature","geometry":{"type":"LineString","coordinates":[[9.95554,45.62417],[9.95555,45.62419]]},"properties":{}},{"type":"Feature","geometry":{"type":"LineString","coordinates":[[9.95557,45.62423],[9.95533,45.62427],[9.95514,45.62439]]},"properties":{}},{"type":"Feature","geometry":{"type":"LineString","coordinates":[[9.95514,45.62439],[9.95501,45.62448]]},"properties":{}},{"type":"Feature","geometry":{"type":"LineString","coordinates":[[9.95501,45.62448],[9.95497,45.6245]]},"properties":{}},{"type":"Feature","geometry":{"type":"LineString","coordinates":[[9.95497,45.6245],[9.95484,45.62459]]},"properties":{}},{"type":"Feature","geometry":{"type":"LineString","coordinates":[[9.95484,45.62459],[9.95478,45.62461]]},"properties":{}},{"type":"Feature","geometry":{"type":"LineString","coordinates":[[9.99021,45.62484],[9.98987,45.62455]]},"properties":{}},{"type":"Feature","geometry":{"type":"LineString","coordinates":[[9.95479,45.62462],[9.95431,45.62494]]},"properties":{}},{"type":"Feature","geometry":{"type":"LineString","coordinates":[[9.89885,45.62612],[9.89865,45.62614]]},"properties":{}},{"type":"Feature","geometry":{"type":"LineString","coordinates":[[9.89865,45.62614],[9.89757,45.62622]]},"properties":{}},{"type":"Feature","geometry":{"type":"LineString","coordinates":[[9.89759,45.62631],[9.90049,45.6261]]},"properties":{}},{"type":"Feature","geometry":{"type":"LineString","coordinates":[[9.89757,45.62623],[9.89705,45.62627],[9.89672,45.62638]]},"properties":{}},{"type":"Feature","geometry":{"type":"LineString","coordinates":[[9.89758,45.6263],[9.89758,45.62631]]},"properties":{}},{"type":"Feature","geometry":{"type":"LineString","coordinates":[[9.89684,45.62645],[9.89719,45.62635],[9.89759,45.62631]]},"properties":{}},{"type":"Feature","geometry":{"type":"LineString","coordinates":[[9.93006,45.62642],[9.93004,45.62637],[9.93001,45.62637]]},"properties":{}},{"type":"Feature","geometry":{"type":"LineString","coordinates":[[9.89587,45.62652],[9.89628,45.62649],[9.89672,45.62638]]},"properties":{}},{"type":"Feature","geometry":{"type":"LineString","coordinates":[[9.89621,45.6266],[9.89652,45.62655],[9.89684,45.62645]]},"properties":{}},{"type":"Feature","geometry":{"type":"LineString","coordinates":[[9.89536,45.62654],[9.89587,45.62652]]},"properties":{}},{"type":"Feature","geometry":{"type":"LineString","coordinates":[[9.89352,45.62652],[9.89456,45.62654]]},"properties":{}},{"type":"Feature","geometry":{"type":"LineString","coordinates":[[9.89541,45.62655],[9.89541,45.62654]]},"properties":{}},{"type":"Feature","geometry":{"type":"LineString","coordinates":[[9.89456,45.62654],[9.89536,45.62654]]},"properties":{}},{"type":"Feature","geometry":{"type":"LineString","coordinates":[[9.8962,45.62655],[9.89621,45.6266],[9.89559,45.62663]]},"properties":{}},{"type":"Feature","geometry":{"type":"LineString","coordinates":[[9.89542,45.62663],[9.89559,45.62663]]},"properties":{}},{"type":"Feature","geometry":{"type":"LineString","coordinates":[[9.89542,45.62662],[9.89513,45.62664]]},"properties":{}},{"type":"Feature","geometry":{"type":"LineString","coordinates":[[9.89357,45.62661],[9.89487,45.62665]]},"properties":{}},{"type":"Feature","geometry":{"type":"LineString","coordinates":[[9.8916,45.62676],[9.89352,45.62652]]},"properties":{}},{"type":"Feature","geometry":{"type":"LineString","coordinates":[[9.89487,45.62665],[9.89513,45.62664]]},"properties":{}},{"type":"Feature","geometry":{"type":"LineString","coordinates":[[9.89167,45.62683],[9.89357,45.62661]]},"properties":{}},{"type":"Feature","geometry":{"type":"LineString","coordinates":[[9.78757,45.61233],[9.78761,45.61237],[9.78772,45.61235]]},"properties":{}},{"type":"Feature","geometry":{"type":"LineString","coordinates":[[9.78772,45.61235],[9.78781,45.61239]]},"properties":{}},{"type":"Feature","geometry":{"type":"LineString","coordinates":[[9.78781,45.61239],[9.79079,45.61365],[9.79082,45.61369],[9.79082,45.61377]]},"properties":{}},{"type":"Feature","geometry":{"type":"LineString","coordinates":[[9.79082,45.61377],[9.79097,45.61378]]},"properties":{}},{"type":"Feature","geometry":{"type":"LineString","coordinates":[[9.79097,45.61378],[9.79105,45.61376],[9.79243,45.61437],[9.79247,45.61432]]},"properties":{}},{"type":"Feature","geometry":{"type":"LineString","coordinates":[[9.79097,45.61378],[9.79086,45.6159],[9.79094,45.616],[9.79106,45.61608],[9.79121,45.61609],[9.79232,45.61596]]},"properties":{}},{"type":"Feature","geometry":{"type":"LineString","coordinates":[[9.79232,45.61596],[9.79234,45.61603]]},"properties":{}},{"type":"Feature","geometry":{"type":"LineString","coordinates":[[9.79074,45.6167],[9.79075,45.61664]]},"properties":{}},{"type":"Feature","geometry":{"type":"LineString","coordinates":[[9.77254,45.62285],[9.77217,45.62315]]},"properties":{}},{"type":"Feature","geometry":{"type":"LineString","coordinates":[[9.77217,45.62315],[9.77204,45.62326],[9.77197,45.62322]]},"properties":{}},{"type":"Feature","geometry":{"type":"LineString","coordinates":[[9.7712,45.62369],[9.7712,45.62356],[9.77118,45.62351],[9.77126,45.62219],[9.77129,45.62214],[9.77143,45.62208],[9.77201,45.62208],[9.77276,45.62224],[9.77288,45.62231],[9.77289,45.62238],[9.77187,45.62322],[9.77019,45.62486],[9.76973,45.625],[9.76934,45.625]]},"properties":{}},{"type":"Feature","geometry":{"type":"LineString","coordinates":[[9.76115,45.62482],[9.76122,45.62332]]},"properties":{}},{"type":"Feature","geometry":{"type":"LineString","coordinates":[[9.75283,45.62936],[9.75304,45.62784],[9.75684,45.62186]]},"properties":{}},{"type":"Feature","geometry":{"type":"LineString","coordinates":[[9.75833,45.62628],[9.7597,45.62633],[9.75973,45.62629],[9.76861,45.62662]]},"properties":{}},{"type":"Feature","geometry":{"type":"LineString","coordinates":[[9.76934,45.62509],[9.7695,45.62512],[9.76961,45.6252],[9.76964,45.62532],[9.76935,45.62571],[9.76867,45.62647],[9.76524,45.62995],[9.76518,45.62997],[9.76519,45.63002],[9.76473,45.63046],[9.76469,45.63055],[9.7641,45.63109]]},"properties":{}},{"type":"Feature","geometry":{"type":"LineString","coordinates":[[9.76144,45.63024],[9.75979,45.63014],[9.75963,45.63011],[9.7596,45.63007],[9.75929,45.62926],[9.75885,45.6278],[9.75833,45.62628]]},"properties":{}},{"type":"Feature","geometry":{"type":"LineString","coordinates":[[9.85905,45.62566],[9.85919,45.62564]]},"properties":{}},{"type":"Feature","geometry":{"type":"LineString","coordinates":[[9.85821,45.62578],[9.85892,45.62567]]},"properties":{}},{"type":"Feature","geometry":{"type":"LineString","coordinates":[[9.85827,45.6258],[9.85827,45.62577]]},"properties":{}},{"type":"Feature","geometry":{"type":"LineString","coordinates":[[9.85832,45.62587],[9.85891,45.62582],[9.85923,45.62576],[9.85922,45.62574]]},"properties":{}},{"type":"Feature","geometry":{"type":"LineString","coordinates":[[9.8581,45.62579],[9.85785,45.62583]]},"properties":{}},{"type":"Feature","geometry":{"type":"LineString","coordinates":[[9.85775,45.62584],[9.85746,45.62588]]},"properties":{}},{"type":"Feature","geometry":{"type":"LineString","coordinates":[[9.85662,45.62611],[9.85641,45.62616]]},"properties":{}},{"type":"Feature","geometry":{"type":"LineString","coordinates":[[9.85662,45.62611],[9.85682,45.6267],[9.85685,45.62671]]},"properties":{}},{"type":"Feature","geometry":{"type":"LineString","coordinates":[[9.85473,45.62715],[9.85455,45.62712],[9.85366,45.62722],[9.85335,45.62717],[9.85309,45.62694],[9.85308,45.62669],[9.85312,45.62653],[9.85332,45.62628],[9.85338,45.62626],[9.85397,45.62629],[9.85473,45.62643],[9.8551,45.62643],[9.85552,45.62637]]},"properties":{}},{"type":"Feature","geometry":{"type":"LineString","coordinates":[[9.80423,45.62416],[9.80443,45.62736],[9.8045,45.62772],[9.80531,45.62908],[9.80522,45.62912],[9.8057,45.62979],[9.80583,45.6298]]},"properties":{}},{"type":"Feature","geometry":{"type":"LineString","coordinates":[[9.99014,45.62493],[9.99021,45.62484]]},"properties":{}},{"type":"Feature","geometry":{"type":"LineString","coordinates":[[9.99002,45.62503],[9.99014,45.62493]]},"properties":{}},{"type":"Feature","geometry":{"type":"LineString","coordinates":[[9.95431,45.62494],[9.95423,45.62502]]},"properties":{}},{"type":"Feature","geometry":{"type":"LineString","coordinates":[[9.95423,45.62502],[9.95413,45.62509]]},"properties":{}},{"type":"Feature","geometry":{"type":"LineString","coordinates":[[9.95413,45.62509],[9.95389,45.62524]]},"properties":{}},{"type":"Feature","geometry":{"type":"LineString","coordinates":[[9.95389,45.62524],[9.95358,45.62544]]},"properties":{}},{"type":"Feature","geometry":{"type":"LineString","coordinates":[[9.95358,45.62544],[9.95335,45.62559]]},"properties":{}},{"type":"Feature","geometry":{"type":"LineString","coordinates":[[9.95335,45.62559],[9.95284,45.62593]]},"properties":{}},{"type":"Feature","geometry":{"type":"LineString","coordinates":[[9.94619,45.6282],[9.94631,45.62857],[9.94641,45.62906],[9.94615,45.62911],[9.94597,45.62909],[9.94548,45.62913]]},"properties":{}},{"type":"Feature","geometry":{"type":"LineString","coordinates":[[9.99505,45.62853],[9.99294,45.62895],[9.9917,45.62924],[9.99159,45.62924]]},"properties":{}},{"type":"Feature","geometry":{"type":"LineString","coordinates":[[9.81716,45.62767],[9.82068,45.62761]]},"properties":{}},{"type":"Feature","geometry":{"type":"LineString","coordinates":[[9.81749,45.62767],[9.81751,45.62781],[9.81737,45.62784],[9.81737,45.62797],[9.81743,45.62811],[9.81755,45.62826],[9.81761,45.62853]]},"properties":{}},{"type":"Feature","geometry":{"type":"LineString","coordinates":[[9.80806,45.62846],[9.80803,45.62783]]},"properties":{}},{"type":"Feature","geometry":{"type":"LineString","coordinates":[[9.82321,45.62963],[9.82359,45.62938],[9.82379,45.62901],[9.82383,45.62883],[9.8238,45.6287],[9.82383,45.62861],[9.82397,45.62847],[9.82401,45.62829],[9.82412,45.62806],[9.82418,45.62744],[9.82415,45.6273],[9.82407,45.62723],[9.82415,45.62716]]},"properties":{}},{"type":"Feature","geometry":{"type":"LineString","coordinates":[[9.80806,45.62853],[9.80806,45.62846]]},"properties":{}},{"type":"Feature","geometry":{"type":"LineString","coordinates":[[9.81991,45.63016],[9.81958,45.62793],[9.81955,45.62793],[9.81951,45.62766],[9.81953,45.62763]]},"properties":{}},{"type":"Feature","geometry":{"type":"LineString","coordinates":[[9.80803,45.62927],[9.80802,45.62918],[9.80808,45.62917],[9.80806,45.62853]]},"properties":{}},{"type":"Feature","geometry":{"type":"LineString","coordinates":[[9.84232,45.628],[9.84239,45.628],[9.84282,45.62985]]},"properties":{}},{"type":"Feature","geometry":{"type":"LineString","coordinates":[[9.80808,45.62932],[9.80803,45.62927]]},"properties":{}},{"type":"Feature","geometry":{"type":"LineString","coordinates":[[9.80822,45.62946],[9.80808,45.62932]]},"properties":{}},{"type":"Feature","geometry":{"type":"LineString","coordinates":[[9.89812,45.62691],[9.8981,45.62693]]},"properties":{}},{"type":"Feature","geometry":{"type":"LineString","coordinates":[[9.8981,45.62693],[9.89807,45.62694]]},"properties":{}},{"type":"Feature","geometry":{"type":"LineString","coordinates":[[9.89807,45.62694],[9.89796,45.62703],[9.89788,45.62741],[9.89785,45.62781],[9.89779,45.62791]]},"properties":{}},{"type":"Feature","geometry":{"type":"LineString","coordinates":[[9.89379,45.62756],[9.89375,45.6274]]},"properties":{}},{"type":"Feature","geometry":{"type":"LineString","coordinates":[[9.89382,45.62764],[9.89401,45.62829],[9.89398,45.62839]]},"properties":{}},{"type":"Feature","geometry":{"type":"LineString","coordinates":[[9.89402,45.62851],[9.8941,45.6286]]},"properties":{}},{"type":"Feature","geometry":{"type":"LineString","coordinates":[[9.93006,45.62642],[9.93093,45.62921],[9.93105,45.62952],[9.93128,45.63041],[9.93135,45.63052],[9.93153,45.63062],[9.93158,45.63085],[9.93166,45.63094]]},"properties":{}},{"type":"Feature","geometry":{"type":"LineString","coordinates":[[9.92943,45.62917],[9.92956,45.62913]]},"properties":{}},{"type":"Feature","geometry":{"type":"LineString","coordinates":[[9.92873,45.62943],[9.92922,45.62921],[9.92943,45.62917]]},"properties":{}},{"type":"Feature","geometry":{"type":"LineString","coordinates":[[9.92858,45.6295],[9.92873,45.62943]]},"properties":{}},{"type":"Feature","geometry":{"type":"LineString","coordinates":[[9.80826,45.6295],[9.80822,45.62946]]},"properties":{}},{"type":"Feature","geometry":{"type":"LineString","coordinates":[[9.80858,45.62965],[9.80844,45.62967],[9.80826,45.6295]]},"properties":{}},{"type":"Feature","geometry":{"type":"LineString","coordinates":[[9.80863,45.6297],[9.80858,45.62965]]},"properties":{}},{"type":"Feature","geometry":{"type":"LineString","coordinates":[[9.80855,45.62985],[9.80857,45.62983],[9.80859,45.62975],[9.80881,45.62962],[9.80906,45.62953],[9.80928,45.62954]]},"properties":{}},{"type":"Feature","geometry":{"type":"LineString","coordinates":[[9.80864,45.62971],[9.80863,45.6297]]},"properties":{}},{"type":"Feature","geometry":{"type":"LineString","coordinates":[[9.83822,45.63004],[9.83826,45.63011],[9.83852,45.63027],[9.83964,45.63017],[9.83977,45.6301],[9.8398,45.63005],[9.83978,45.62995],[9.83993,45.62994],[9.83995,45.63002],[9.84001,45.63008],[9.84016,45.63012],[9.84114,45.63002],[9.84266,45.62997],[9.84272,45.62993],[9.8427,45.62985],[9.84278,45.62985],[9.84282,45.62985],[9.84286,45.62994],[9.84293,45.62997],[9.84336,45.62998],[9.84419,45.62988],[9.84492,45.62967],[9.84494,45.6297],[9.84504,45.62972],[9.84743,45.62927],[9.84754,45.62922]]},"properties":{}},{"type":"Feature","geometry":{"type":"LineString","coordinates":[[9.8057,45.62979],[9.80578,45.62984]]},"properties":{}},{"type":"Feature","geometry":{"type":"LineString","coordinates":[[9.80844,45.62985],[9.80855,45.62985]]},"properties":{}},{"type":"Feature","geometry":{"type":"LineString","coordinates":[[9.80583,45.6298],[9.80704,45.62976],[9.80741,45.62988],[9.80757,45.63003],[9.80773,45.63014]]},"properties":{}},{"type":"Feature","geometry":{"type":"LineString","coordinates":[[9.80787,45.63013],[9.8082,45.62987],[9.80832,45.62983],[9.80844,45.62985]]},"properties":{}},{"type":"Feature","geometry":{"type":"LineString","coordinates":[[9.92738,45.62969],[9.92786,45.62973],[9.92807,45.62971],[9.92858,45.6295]]},"properties":{}},{"type":"Feature","geometry":{"type":"LineString","coordinates":[[9.92715,45.62966],[9.92738,45.62969]]},"properties":{}},{"type":"Feature","geometry":{"type":"LineString","coordinates":[[9.92628,45.62998],[9.92692,45.6297],[9.92715,45.62966]]},"properties":{}},{"type":"Feature","geometry":{"type":"LineString","coordinates":[[9.92618,45.63004],[9.92628,45.62998]]},"properties":{}},{"type":"Feature","geometry":{"type":"LineString","coordinates":[[9.92587,45.63025],[9.92618,45.63004]]},"properties":{}},{"type":"Feature","geometry":{"type":"LineString","coordinates":[[9.92587,45.63025],[9.92592,45.6303]]},"properties":{}},{"type":"Feature","geometry":{"type":"LineString","coordinates":[[9.93127,45.63038],[9.93139,45.63039]]},"properties":{}},{"type":"Feature","geometry":{"type":"LineString","coordinates":[[9.90082,45.63085],[9.90074,45.63051]]},"properties":{}},{"type":"Feature","geometry":{"type":"LineString","coordinates":[[9.93203,45.63091],[9.9325,45.63088]]},"properties":{}},{"type":"Feature","geometry":{"type":"LineString","coordinates":[[9.93167,45.63092],[9.93203,45.63091]]},"properties":{}},{"type":"Feature","geometry":{"type":"LineString","coordinates":[[9.80773,45.63014],[9.80787,45.63013]]},"properties":{}},{"type":"Feature","geometry":{"type":"LineString","coordinates":[[9.81912,45.63078],[9.81917,45.63077],[9.81912,45.63043],[9.81915,45.63029],[9.82161,45.6299],[9.8233,45.62956]]},"properties":{}},{"type":"Feature","geometry":{"type":"LineString","coordinates":[[9.84262,45.63004],[9.84262,45.63007],[9.84162,45.63012],[9.83803,45.63045]]},"properties":{}},{"type":"Feature","geometry":{"type":"LineString","coordinates":[[9.8082,45.63074],[9.80794,45.63075],[9.80792,45.63009]]},"properties":{}},{"type":"Feature","geometry":{"type":"LineString","coordinates":[[9.85795,45.6304],[9.85808,45.63054],[9.85845,45.63069]]},"properties":{}},{"type":"Feature","geometry":{"type":"LineString","coordinates":[[9.85812,45.63078],[9.85801,45.63068],[9.85795,45.6304]]},"properties":{}},{"type":"Feature","geometry":{"type":"LineString","coordinates":[[9.80575,45.62975],[9.8059,45.63046],[9.806,45.6307],[9.80629,45.63102],[9.80687,45.63154]]},"properties":{}},{"type":"Feature","geometry":{"type":"LineString","coordinates":[[9.85819,45.63072],[9.85836,45.63068],[9.85845,45.63069]]},"properties":{}},{"type":"Feature","geometry":{"type":"LineString","coordinates":[[9.85845,45.63069],[9.85854,45.63073]]},"properties":{}},{"type":"Feature","geometry":{"type":"LineString","coordinates":[[9.8581,45.63083],[9.85819,45.63072]]},"properties":{}},{"type":"Feature","geometry":{"type":"LineString","coordinates":[[9.85854,45.63073],[9.85862,45.63083],[9.8586,45.63094]]},"properties":{}},{"type":"Feature","geometry":{"type":"LineString","coordinates":[[9.8593,45.63081],[9.85888,45.63084],[9.8586,45.63094]]},"properties":{}},{"type":"Feature","geometry":{"type":"LineString","coordinates":[[9.85812,45.63095],[9.8581,45.63083]]},"properties":{}},{"type":"Feature","geometry":{"type":"LineString","coordinates":[[9.80821,45.63147],[9.8082,45.63059],[9.80828,45.63041]]},"properties":{}},{"type":"Feature","geometry":{"type":"LineString","coordinates":[[9.85828,45.63105],[9.85812,45.63095]]},"properties":{}},{"type":"Feature","geometry":{"type":"LineString","coordinates":[[9.8586,45.63094],[9.85851,45.63102],[9.85838,45.63105]]},"properties":{}},{"type":"Feature","geometry":{"type":"LineString","coordinates":[[9.85838,45.63105],[9.85828,45.63105]]},"properties":{}},{"type":"Feature","geometry":{"type":"LineString","coordinates":[[9.8507,45.63094],[9.84997,45.63137],[9.8497,45.63137]]},"properties":{}},{"type":"Feature","geometry":{"type":"LineString","coordinates":[[9.84669,45.63172],[9.84671,45.6312]]},"properties":{}},{"type":"Feature","geometry":{"type":"LineString","coordinates":[[9.84666,45.63242],[9.84669,45.63172]]},"properties":{}},{"type":"Feature","geometry":{"type":"LineString","coordinates":[[9.93115,45.63077],[9.93123,45.63084],[9.93129,45.63108],[9.93133,45.63108]]},"properties":{}},{"type":"Feature","geometry":{"type":"LineString","coordinates":[[9.93188,45.63099],[9.93188,45.63103],[9.93161,45.63106],[9.93162,45.63104]]},"properties":{}},{"type":"Feature","geometry":{"type":"LineString","coordinates":[[9.93161,45.63106],[9.93146,45.63108]]},"properties":{}},{"type":"Feature","geometry":{"type":"LineString","coordinates":[[9.93129,45.63108],[9.93131,45.63117]]},"properties":{}},{"type":"Feature","geometry":{"type":"LineString","coordinates":[[9.90082,45.63085],[9.90091,45.63095],[9.90099,45.63127],[9.90106,45.63133],[9.90101,45.63147]]},"properties":{}},{"type":"Feature","geometry":{"type":"LineString","coordinates":[[9.93131,45.63117],[9.93134,45.63125]]},"properties":{}},{"type":"Feature","geometry":{"type":"LineString","coordinates":[[9.93134,45.63125],[9.93144,45.63167]]},"properties":{}},{"type":"Feature","geometry":{"type":"LineString","coordinates":[[9.9009,45.6315],[9.90101,45.63147]]},"properties":{}},{"type":"Feature","geometry":{"type":"LineString","coordinates":[[9.93148,45.63169],[9.93144,45.63167]]},"properties":{}},{"type":"Feature","geometry":{"type":"LineString","coordinates":[[9.90152,45.63328],[9.90098,45.63148]]},"properties":{}},{"type":"Feature","geometry":{"type":"LineString","coordinates":[[9.84876,45.63227],[9.84894,45.63209]]},"properties":{}},{"type":"Feature","geometry":{"type":"LineString","coordinates":[[9.84894,45.63209],[9.84893,45.63222],[9.84889,45.63228]]},"properties":{}},{"type":"Feature","geometry":{"type":"LineString","coordinates":[[9.84891,45.63231],[9.84935,45.6324]]},"properties":{}},{"type":"Feature","geometry":{"type":"LineString","coordinates":[[9.84891,45.63231],[9.84891,45.63238],[9.84884,45.63245],[9.8486,45.63248],[9.84845,45.63243],[9.84846,45.63235],[9.84852,45.63232],[9.84884,45.63227],[9.84891,45.63231]]},"properties":{}},{"type":"Feature","geometry":{"type":"LineString","coordinates":[[9.84821,45.63241],[9.84846,45.63235]]},"properties":{}},{"type":"Feature","geometry":{"type":"LineString","coordinates":[[9.84845,45.63243],[9.84821,45.63241]]},"properties":{}},{"type":"Feature","geometry":{"type":"LineString","coordinates":[[9.84935,45.6324],[9.84884,45.63245]]},"properties":{}},{"type":"Feature","geometry":{"type":"LineString","coordinates":[[9.84852,45.63263],[9.84851,45.63246]]},"properties":{}},{"type":"Feature","geometry":{"type":"LineString","coordinates":[[9.84866,45.63248],[9.84852,45.63263]]},"properties":{}},{"type":"Feature","geometry":{"type":"LineString","coordinates":[[9.82666,45.63321],[9.82762,45.63316],[9.82771,45.6332]]},"properties":{}},{"type":"Feature","geometry":{"type":"LineString","coordinates":[[9.82515,45.63326],[9.82666,45.63321]]},"properties":{}},{"type":"Feature","geometry":{"type":"LineString","coordinates":[[9.83127,45.63263],[9.83105,45.63271],[9.83097,45.63284],[9.83102,45.63299],[9.83132,45.63324],[9.83183,45.63352],[9.83228,45.63371],[9.83281,45.63383],[9.83335,45.6339],[9.83394,45.6339],[9.83614,45.63357],[9.83826,45.63343],[9.83834,45.63338]]},"properties":{}},{"type":"Feature","geometry":{"type":"LineString","coordinates":[[9.8233,45.63325],[9.82331,45.63331]]},"properties":{}},{"type":"Feature","geometry":{"type":"LineString","coordinates":[[9.8244,45.63334],[9.82448,45.63328],[9.82515,45.63326]]},"properties":{}},{"type":"Feature","geometry":{"type":"LineString","coordinates":[[9.82335,45.63333],[9.8243,45.63329],[9.82435,45.63334],[9.8244,45.63334]]},"properties":{}},{"type":"Feature","geometry":{"type":"LineString","coordinates":[[9.82331,45.63331],[9.82331,45.63333]]},"properties":{}},{"type":"Feature","geometry":{"type":"LineString","coordinates":[[9.82227,45.63342],[9.82235,45.63337],[9.82335,45.63333]]},"properties":{}},{"type":"Feature","geometry":{"type":"LineString","coordinates":[[9.82338,45.63345],[9.82336,45.63343],[9.82335,45.63333]]},"properties":{}},{"type":"Feature","geometry":{"type":"LineString","coordinates":[[9.82094,45.63347],[9.82145,45.6334],[9.82207,45.63338],[9.82218,45.63342]]},"properties":{}},{"type":"Feature","geometry":{"type":"LineString","coordinates":[[9.8351,45.6339],[9.8348,45.634],[9.83388,45.63409],[9.83335,45.6341],[9.83268,45.63399],[9.83231,45.6339],[9.83184,45.63373],[9.83129,45.63345],[9.83082,45.6331],[9.83026,45.63296],[9.83013,45.63286],[9.83003,45.63283],[9.82966,45.63287],[9.82905,45.63299],[9.82835,45.63317],[9.82816,45.63318]]},"properties":{}},{"type":"Feature","geometry":{"type":"LineString","coordinates":[[9.90167,45.63378],[9.90152,45.63328],[9.90143,45.63329]]},"properties":{}},{"type":"Feature","geometry":{"type":"LineString","coordinates":[[9.88562,45.63728],[9.88554,45.63728],[9.88543,45.63632],[9.88527,45.63556],[9.88488,45.63444],[9.88435,45.63336],[9.88375,45.6324],[9.88282,45.63126],[9.88175,45.63026],[9.88146,45.63004],[9.88115,45.62988],[9.88092,45.62983],[9.88054,45.62982],[9.88027,45.62989]]},"properties":{}},{"type":"Feature","geometry":{"type":"LineString","coordinates":[[9.90174,45.63404],[9.90169,45.63385]]},"properties":{}},{"type":"Feature","geometry":{"type":"LineString","coordinates":[[9.90189,45.63454],[9.90174,45.63404],[9.90166,45.63406]]},"properties":{}},{"type":"Feature","geometry":{"type":"LineString","coordinates":[[9.90202,45.63502],[9.90191,45.63464]]},"properties":{}},{"type":"Feature","geometry":{"type":"LineString","coordinates":[[9.90211,45.63533],[9.90206,45.63515]]},"properties":{}},{"type":"Feature","geometry":{"type":"LineString","coordinates":[[9.90233,45.63611],[9.90212,45.6354]]},"properties":{}},{"type":"Feature","geometry":{"type":"LineString","coordinates":[[9.90219,45.63612],[9.90199,45.63615]]},"properties":{}},{"type":"Feature","geometry":{"type":"LineString","coordinates":[[9.9023,45.63611],[9.90233,45.63611],[9.90238,45.63627]]},"properties":{}},{"type":"Feature","geometry":{"type":"LineString","coordinates":[[9.90201,45.63628],[9.90199,45.63621]]},"properties":{}},{"type":"Feature","geometry":{"type":"LineString","coordinates":[[9.81971,45.6337],[9.82094,45.63347],[9.82093,45.63345]]},"properties":{}},{"type":"Feature","geometry":{"type":"LineString","coordinates":[[9.81955,45.63369],[9.81956,45.63373]]},"properties":{}},{"type":"Feature","geometry":{"type":"LineString","coordinates":[[9.81962,45.63372],[9.81971,45.6337]]},"properties":{}},{"type":"Feature","geometry":{"type":"LineString","coordinates":[[9.83509,45.63382],[9.83508,45.63379]]},"properties":{}},{"type":"Feature","geometry":{"type":"LineString","coordinates":[[9.83509,45.63384],[9.83509,45.63382]]},"properties":{}},{"type":"Feature","geometry":{"type":"LineString","coordinates":[[9.8351,45.6339],[9.83509,45.63384]]},"properties":{}},{"type":"Feature","geometry":{"type":"LineString","coordinates":[[9.8196,45.63372],[9.81801,45.63396],[9.81805,45.63423]]},"properties":{}},{"type":"Feature","geometry":{"type":"LineString","coordinates":[[9.83287,45.63402],[9.83286,45.63396]]},"properties":{}},{"type":"Feature","geometry":{"type":"LineString","coordinates":[[9.82836,45.63494],[9.82815,45.63313],[9.82813,45.63311],[9.82785,45.63314],[9.82781,45.6332]]},"properties":{}},{"type":"Feature","geometry":{"type":"LineString","coordinates":[[9.81326,45.63413],[9.81378,45.6341]]},"properties":{}},{"type":"Feature","geometry":{"type":"LineString","coordinates":[[9.80193,45.63432],[9.80334,45.6341],[9.80396,45.63405],[9.80585,45.634],[9.80673,45.63391],[9.8068,45.63394]]},"properties":{}},{"type":"Feature","geometry":{"type":"LineString","coordinates":[[9.81314,45.63414],[9.81326,45.63413]]},"properties":{}},{"type":"Feature","geometry":{"type":"LineString","coordinates":[[9.81968,45.63457],[9.81962,45.63372]]},"properties":{}},{"type":"Feature","geometry":{"type":"LineString","coordinates":[[9.81277,45.63416],[9.81314,45.63414]]},"properties":{}},{"type":"Feature","geometry":{"type":"LineString","coordinates":[[9.83309,45.6343],[9.83294,45.63431],[9.83287,45.63402]]},"properties":{}},{"type":"Feature","geometry":{"type":"LineString","coordinates":[[9.81258,45.63417],[9.81277,45.63416]]},"properties":{}},{"type":"Feature","geometry":{"type":"LineString","coordinates":[[9.81048,45.6343],[9.81258,45.63417]]},"properties":{}},{"type":"Feature","geometry":{"type":"LineString","coordinates":[[9.81312,45.63426],[9.81291,45.63433]]},"properties":{}},{"type":"Feature","geometry":{"type":"LineString","coordinates":[[9.81039,45.63431],[9.81048,45.6343]]},"properties":{}},{"type":"Feature","geometry":{"type":"LineString","coordinates":[[9.80807,45.63448],[9.80844,45.63443],[9.81039,45.63431]]},"properties":{}},{"type":"Feature","geometry":{"type":"LineString","coordinates":[[9.94277,45.63076],[9.94283,45.63071],[9.94541,45.62951],[9.94559,45.62941],[9.94564,45.62932],[9.94564,45.62919]]},"properties":{}},{"type":"Feature","geometry":{"type":"LineString","coordinates":[[9.99072,45.63066],[9.99061,45.63076],[9.98952,45.63121],[9.98903,45.63132]]},"properties":{}},{"type":"Feature","geometry":{"type":"LineString","coordinates":[[9.94123,45.63217],[9.94125,45.63223],[9.94263,45.63315]]},"properties":{}},{"type":"Feature","geometry":{"type":"LineString","coordinates":[[9.99826,45.63785],[9.99857,45.63782],[9.99861,45.63785]]},"properties":{}},{"type":"Feature","geometry":{"type":"LineString","coordinates":[[9.99561,45.63897],[9.99656,45.63882],[9.99711,45.63865],[9.99736,45.63843],[9.99763,45.63826],[9.99811,45.6381],[9.99824,45.63799],[9.99829,45.63769],[9.99837,45.63755],[9.99906,45.63722],[9.9994,45.63693],[9.99973,45.63684]]},"properties":{}},{"type":"Feature","geometry":{"type":"LineString","coordinates":[[9.9972,45.63871],[9.99711,45.63865]]},"properties":{}},{"type":"Feature","geometry":{"type":"LineString","coordinates":[[9.99951,45.63899],[9.9993,45.63906],[9.99854,45.63952],[9.99812,45.63971]]},"properties":{}},{"type":"Feature","geometry":{"type":"LineString","coordinates":[[9.99794,45.63978],[9.99699,45.63998]]},"properties":{}},{"type":"Feature","geometry":{"type":"LineString","coordinates":[[9.81962,45.6347],[9.81971,45.63457]]},"properties":{}},{"type":"Feature","geometry":{"type":"LineString","coordinates":[[9.81963,45.63477],[9.81962,45.6347]]},"properties":{}},{"type":"Feature","geometry":{"type":"LineString","coordinates":[[9.81298,45.63477],[9.81292,45.6348]]},"properties":{}},{"type":"Feature","geometry":{"type":"LineString","coordinates":[[9.81963,45.63481],[9.81963,45.63477]]},"properties":{}},{"type":"Feature","geometry":{"type":"LineString","coordinates":[[9.82681,45.63489],[9.82691,45.63491],[9.82781,45.6349],[9.82783,45.63486],[9.82789,45.63486],[9.82794,45.63486],[9.82796,45.6349],[9.82836,45.63489]]},"properties":{}},{"type":"Feature","geometry":{"type":"LineString","coordinates":[[9.81289,45.63416],[9.81309,45.63564]]},"properties":{}},{"type":"Feature","geometry":{"type":"LineString","coordinates":[[9.82615,45.63505],[9.82576,45.63507]]},"properties":{}},{"type":"Feature","geometry":{"type":"LineString","coordinates":[[9.81738,45.63561],[9.81726,45.63474]]},"properties":{}},{"type":"Feature","geometry":{"type":"LineString","coordinates":[[9.81968,45.63574],[9.81977,45.63563],[9.81963,45.63481]]},"properties":{}},{"type":"Feature","geometry":{"type":"LineString","coordinates":[[9.81637,45.63552],[9.81628,45.63552]]},"properties":{}},{"type":"Feature","geometry":{"type":"LineString","coordinates":[[9.81554,45.63554],[9.81484,45.63552]]},"properties":{}},{"type":"Feature","geometry":{"type":"LineString","coordinates":[[9.81628,45.63552],[9.81584,45.63555],[9.81554,45.63554]]},"properties":{}},{"type":"Feature","geometry":{"type":"LineString","coordinates":[[9.81732,45.63561],[9.81637,45.63552]]},"properties":{}},{"type":"Feature","geometry":{"type":"LineString","coordinates":[[9.81738,45.63561],[9.81732,45.63561]]},"properties":{}},{"type":"Feature","geometry":{"type":"LineString","coordinates":[[9.81738,45.63561],[9.81742,45.63561]]},"properties":{}},{"type":"Feature","geometry":{"type":"LineString","coordinates":[[9.81771,45.63565],[9.81742,45.63561]]},"properties":{}},{"type":"Feature","geometry":{"type":"LineString","coordinates":[[9.81292,45.6348],[9.81267,45.63504],[9.81265,45.63511],[9.81269,45.63529],[9.81251,45.63556],[9.81247,45.63566],[9.81249,45.63589],[9.81261,45.63626],[9.81271,45.63642],[9.81281,45.63649]]},"properties":{}},{"type":"Feature","geometry":{"type":"LineString","coordinates":[[9.81927,45.63578],[9.81817,45.63575],[9.81771,45.63565]]},"properties":{}},{"type":"Feature","geometry":{"type":"LineString","coordinates":[[9.81957,45.63575],[9.81968,45.63574]]},"properties":{}},{"type":"Feature","geometry":{"type":"LineString","coordinates":[[9.81942,45.63577],[9.81957,45.63575]]},"properties":{}},{"type":"Feature","geometry":{"type":"LineString","coordinates":[[9.81942,45.63577],[9.81927,45.63578]]},"properties":{}},{"type":"Feature","geometry":{"type":"LineString","coordinates":[[9.81741,45.63638],[9.81782,45.63635],[9.81783,45.63631]]},"properties":{}},{"type":"Feature","geometry":{"type":"LineString","coordinates":[[9.81895,45.63651],[9.8189,45.63652],[9.81884,45.63631]]},"properties":{}},{"type":"Feature","geometry":{"type":"LineString","coordinates":[[9.81367,45.63644],[9.81366,45.63642]]},"properties":{}},{"type":"Feature","geometry":{"type":"LineString","coordinates":[[9.81367,45.63646],[9.81367,45.63644]]},"properties":{}},{"type":"Feature","geometry":{"type":"LineString","coordinates":[[9.81281,45.63649],[9.8136,45.63643]]},"properties":{}},{"type":"Feature","geometry":{"type":"LineString","coordinates":[[9.81361,45.63647],[9.81364,45.63647]]},"properties":{}},{"type":"Feature","geometry":{"type":"LineString","coordinates":[[9.81895,45.63651],[9.81903,45.6365]]},"properties":{}},{"type":"Feature","geometry":{"type":"LineString","coordinates":[[9.8227,45.63652],[9.82271,45.63657]]},"properties":{}},{"type":"Feature","geometry":{"type":"LineString","coordinates":[[9.81316,45.63663],[9.81322,45.63646]]},"properties":{}},{"type":"Feature","geometry":{"type":"LineString","coordinates":[[9.82282,45.63651],[9.82142,45.63667]]},"properties":{}},{"type":"Feature","geometry":{"type":"LineString","coordinates":[[9.81355,45.63685],[9.81361,45.63675],[9.81361,45.63647],[9.81358,45.63643]]},"properties":{}},{"type":"Feature","geometry":{"type":"LineString","coordinates":[[9.82164,45.63669],[9.82163,45.63664]]},"properties":{}},{"type":"Feature","geometry":{"type":"LineString","coordinates":[[9.81281,45.63649],[9.81342,45.63675],[9.81355,45.63685]]},"properties":{}},{"type":"Feature","geometry":{"type":"LineString","coordinates":[[9.81903,45.6365],[9.81906,45.6365],[9.81913,45.63664],[9.8192,45.63692],[9.82008,45.63682]]},"properties":{}},{"type":"Feature","geometry":{"type":"LineString","coordinates":[[9.81364,45.63647],[9.8137,45.63646],[9.81397,45.63712]]},"properties":{}},{"type":"Feature","geometry":{"type":"LineString","coordinates":[[9.81921,45.63692],[9.81921,45.63695]]},"properties":{}},{"type":"Feature","geometry":{"type":"LineString","coordinates":[[9.81392,45.63701],[9.81399,45.637]]},"properties":{}},{"type":"Feature","geometry":{"type":"LineString","coordinates":[[9.81397,45.63712],[9.81401,45.63713]]},"properties":{}},{"type":"Feature","geometry":{"type":"LineString","coordinates":[[9.81355,45.63685],[9.8141,45.6375]]},"properties":{}},{"type":"Feature","geometry":{"type":"LineString","coordinates":[[9.90182,45.63634],[9.90179,45.63623]]},"properties":{}},{"type":"Feature","geometry":{"type":"LineString","coordinates":[[9.872,45.63599],[9.87211,45.63651],[9.87219,45.63672]]},"properties":{}},{"type":"Feature","geometry":{"type":"LineString","coordinates":[[9.87219,45.63672],[9.87226,45.6368],[9.87232,45.63706],[9.8724,45.63728],[9.8726,45.63758]]},"properties":{}},{"type":"Feature","geometry":{"type":"LineString","coordinates":[[9.90282,45.63811],[9.90236,45.63628]]},"properties":{}},{"type":"Feature","geometry":{"type":"LineString","coordinates":[[9.92615,45.63791],[9.92686,45.63888]]},"properties":{}},{"type":"Feature","geometry":{"type":"LineString","coordinates":[[9.92686,45.63888],[9.92692,45.63901]]},"properties":{}},{"type":"Feature","geometry":{"type":"LineString","coordinates":[[9.92924,45.63898],[9.92968,45.63983],[9.92976,45.6399],[9.92986,45.63988]]},"properties":{}},{"type":"Feature","geometry":{"type":"LineString","coordinates":[[9.93331,45.63914],[9.93095,45.63993]]},"properties":{}},{"type":"Feature","geometry":{"type":"LineString","coordinates":[[9.90242,45.63979],[9.90235,45.64009],[9.90224,45.64035]]},"properties":{}},{"type":"Feature","geometry":{"type":"LineString","coordinates":[[9.93389,45.63921],[9.93465,45.6417],[9.93464,45.64177]]},"properties":{}},{"type":"Feature","geometry":{"type":"LineString","coordinates":[[9.75,45.65181],[9.75235,45.65153]]},"properties":{}},{"type":"Feature","geometry":{"type":"LineString","coordinates":[[9.75617,45.65316],[9.75612,45.65314],[9.75608,45.65306],[9.75614,45.65299],[9.7562,45.65298],[9.75627,45.65302],[9.75628,45.65308],[9.75624,45.65315],[9.75617,45.65316]]},"properties":{}},{"type":"Feature","geometry":{"type":"LineString","coordinates":[[9.78467,45.65234],[9.78473,45.65238],[9.7849,45.65288],[9.78508,45.6547],[9.78745,45.65454],[9.78755,45.65459],[9.78764,45.65476],[9.78785,45.65499]]},"properties":{}},{"type":"Feature","geometry":{"type":"LineString","coordinates":[[9.77554,45.6551],[9.77557,45.65506],[9.77533,45.65476],[9.77536,45.65461],[9.77551,45.65451],[9.77636,45.65437],[9.77645,45.65431]]},"properties":{}},{"type":"Feature","geometry":{"type":"LineString","coordinates":[[9.78785,45.65499],[9.78787,45.65525]]},"properties":{}},{"type":"Feature","geometry":{"type":"LineString","coordinates":[[9.77474,45.6552],[9.7751,45.65527],[9.77527,45.6551],[9.77537,45.65511],[9.77543,45.65515],[9.77554,45.6551]]},"properties":{}},{"type":"Feature","geometry":{"type":"LineString","coordinates":[[9.7749,45.65655],[9.77482,45.6565],[9.77472,45.65649],[9.77427,45.65666],[9.77411,45.65661],[9.77405,45.65653],[9.77408,45.65643],[9.77468,45.65541],[9.77465,45.65528],[9.77474,45.6552]]},"properties":{}},{"type":"Feature","geometry":{"type":"LineString","coordinates":[[9.78787,45.65525],[9.78519,45.65539],[9.78511,45.65547],[9.78511,45.65646],[9.78516,45.65701],[9.78515,45.65759]]},"properties":{}},{"type":"Feature","geometry":{"type":"LineString","coordinates":[[9.77507,45.65673],[9.7749,45.65655]]},"properties":{}},{"type":"Feature","geometry":{"type":"LineString","coordinates":[[9.77659,45.65789],[9.77629,45.65752],[9.77602,45.65671],[9.77581,45.65666],[9.77547,45.6568],[9.77529,45.65683],[9.77521,45.65682],[9.77507,45.65673]]},"properties":{}},{"type":"Feature","geometry":{"type":"LineString","coordinates":[[9.77977,45.6575],[9.77889,45.65762],[9.77817,45.65769],[9.77807,45.65777],[9.77806,45.65782],[9.77812,45.6579],[9.77944,45.65934]]},"properties":{}},{"type":"Feature","geometry":{"type":"LineString","coordinates":[[9.77944,45.65934],[9.77949,45.65939]]},"properties":{}},{"type":"Feature","geometry":{"type":"LineString","coordinates":[[9.77949,45.65939],[9.77983,45.65977],[9.77993,45.65984],[9.78009,45.65987]]},"properties":{}},{"type":"Feature","geometry":{"type":"LineString","coordinates":[[9.77961,45.65973],[9.77974,45.65968]]},"properties":{}},{"type":"Feature","geometry":{"type":"LineString","coordinates":[[9.77882,45.66002],[9.77959,45.65992],[9.77966,45.65989],[9.77968,45.65983],[9.77961,45.65973]]},"properties":{}},{"type":"Feature","geometry":{"type":"LineString","coordinates":[[9.77955,45.65994],[9.77955,45.65993]]},"properties":{}},{"type":"Feature","geometry":{"type":"LineString","coordinates":[[9.77865,45.66004],[9.77882,45.66002]]},"properties":{}},{"type":"Feature","geometry":{"type":"LineString","coordinates":[[9.77781,45.66012],[9.77865,45.66004]]},"properties":{}},{"type":"Feature","geometry":{"type":"LineString","coordinates":[[9.77758,45.66011],[9.77781,45.66012]]},"properties":{}},{"type":"Feature","geometry":{"type":"LineString","coordinates":[[9.77758,45.66011],[9.77695,45.66016]]},"properties":{}},{"type":"Feature","geometry":{"type":"LineString","coordinates":[[9.77695,45.66016],[9.77695,45.66017]]},"properties":{}},{"type":"Feature","geometry":{"type":"LineString","coordinates":[[9.77695,45.66017],[9.77696,45.66023]]},"properties":{}},{"type":"Feature","geometry":{"type":"LineString","coordinates":[[9.77696,45.66023],[9.77696,45.66025]]},"properties":{}},{"type":"Feature","geometry":{"type":"LineString","coordinates":[[9.81401,45.63713],[9.81417,45.6372],[9.81447,45.6372],[9.81464,45.63725],[9.81474,45.63739],[9.81475,45.63748]]},"properties":{}},{"type":"Feature","geometry":{"type":"LineString","coordinates":[[9.81397,45.63712],[9.8141,45.6375]]},"properties":{}},{"type":"Feature","geometry":{"type":"LineString","coordinates":[[9.81415,45.63756],[9.81469,45.63745],[9.81479,45.63749],[9.81494,45.63785],[9.81528,45.63821],[9.81555,45.63896]]},"properties":{}},{"type":"Feature","geometry":{"type":"LineString","coordinates":[[9.8141,45.6375],[9.81454,45.6381],[9.81477,45.63856],[9.81487,45.63897],[9.81486,45.63912],[9.81465,45.63949],[9.81484,45.63954],[9.81506,45.63955]]},"properties":{}},{"type":"Feature","geometry":{"type":"LineString","coordinates":[[9.81506,45.63955],[9.81532,45.63932],[9.81555,45.63896]]},"properties":{}},{"type":"Feature","geometry":{"type":"LineString","coordinates":[[9.81335,45.64027],[9.81296,45.64022],[9.81279,45.64011],[9.81267,45.63999],[9.8126,45.63978],[9.81269,45.63956],[9.81277,45.63952],[9.81307,45.63954],[9.81374,45.63971],[9.8141,45.63971],[9.81424,45.63968]]},"properties":{}},{"type":"Feature","geometry":{"type":"LineString","coordinates":[[9.81392,45.64054],[9.81364,45.64058],[9.81346,45.64052],[9.81334,45.64044]]},"properties":{}},{"type":"Feature","geometry":{"type":"LineString","coordinates":[[9.81465,45.63949],[9.81409,45.63978],[9.814,45.63986],[9.81393,45.64],[9.81392,45.64011]]},"properties":{}},{"type":"Feature","geometry":{"type":"LineString","coordinates":[[9.81392,45.64011],[9.81392,45.64054],[9.81398,45.64108],[9.81423,45.64141],[9.81435,45.64145],[9.81472,45.64146],[9.81485,45.64152],[9.81486,45.64159],[9.81392,45.64177],[9.81369,45.64176],[9.81326,45.64129],[9.81317,45.64111],[9.81315,45.64079],[9.81319,45.64072],[9.81314,45.64062],[9.81334,45.64044],[9.81337,45.6403],[9.81335,45.64027],[9.81345,45.6402],[9.81354,45.64016],[9.81392,45.64011]]},"properties":{}},{"type":"Feature","geometry":{"type":"LineString","coordinates":[[9.84152,45.64208],[9.84224,45.64129],[9.84226,45.64122]]},"properties":{}},{"type":"Feature","geometry":{"type":"LineString","coordinates":[[9.80458,45.65582],[9.80453,45.65513],[9.8045,45.65514]]},"properties":{}},{"type":"Feature","geometry":{"type":"LineString","coordinates":[[9.99699,45.63998],[9.99689,45.64004]]},"properties":{}},{"type":"Feature","geometry":{"type":"LineString","coordinates":[[9.99689,45.64004],[9.99678,45.64006]]},"properties":{}},{"type":"Feature","geometry":{"type":"LineString","coordinates":[[9.95869,45.65545],[9.95872,45.6554],[9.96401,45.65767],[9.96427,45.65781],[9.96462,45.6581],[9.96475,45.65841],[9.96486,45.65852],[9.96511,45.65857],[9.96595,45.65816],[9.96634,45.65804]]},"properties":{}},{"type":"Feature","geometry":{"type":"LineString","coordinates":[[9.96747,45.65818],[9.96748,45.65824],[9.96762,45.65822]]},"properties":{}},{"type":"Feature","geometry":{"type":"LineString","coordinates":[[9.96762,45.65822],[9.96776,45.65818],[9.96802,45.65825],[9.9684,45.65843]]},"properties":{}},{"type":"Feature","geometry":{"type":"LineString","coordinates":[[9.9684,45.65843],[9.96925,45.65903]]},"properties":{}},{"type":"Feature","geometry":{"type":"LineString","coordinates":[[9.96399,45.65945],[9.96459,45.65907],[9.96608,45.65829],[9.96637,45.6582],[9.96642,45.65826],[9.96655,45.65822],[9.96655,45.65817],[9.96685,45.65813],[9.96746,45.65813],[9.96747,45.65818]]},"properties":{}},{"type":"Feature","geometry":{"type":"LineString","coordinates":[[9.96634,45.65804],[9.96698,45.65796],[9.96757,45.65798],[9.96832,45.65824],[9.96862,45.65841],[9.97052,45.65977]]},"properties":{}},{"type":"Feature","geometry":{"type":"LineString","coordinates":[[9.96969,45.65879],[9.96942,45.65898]]},"properties":{}},{"type":"Feature","geometry":{"type":"LineString","coordinates":[[9.96925,45.65903],[9.97113,45.66037]]},"properties":{}},{"type":"Feature","geometry":{"type":"LineString","coordinates":[[9.89395,45.64137],[9.89456,45.6413]]},"properties":{}},{"type":"Feature","geometry":{"type":"LineString","coordinates":[[9.89392,45.64143],[9.89331,45.64145],[9.89326,45.64142],[9.89261,45.64148]]},"properties":{}},{"type":"Feature","geometry":{"type":"LineString","coordinates":[[9.90782,45.64161],[9.90777,45.64159]]},"properties":{}},{"type":"Feature","geometry":{"type":"LineString","coordinates":[[9.90805,45.64176],[9.90807,45.64173],[9.90802,45.64167],[9.90782,45.64161]]},"properties":{}},{"type":"Feature","geometry":{"type":"LineString","coordinates":[[9.90824,45.64213],[9.90826,45.64213]]},"properties":{}},{"type":"Feature","geometry":{"type":"LineString","coordinates":[[9.90384,45.64188],[9.90334,45.64229],[9.90298,45.64245],[9.90267,45.64253]]},"properties":{}},{"type":"Feature","geometry":{"type":"LineString","coordinates":[[9.90855,45.64269],[9.90848,45.64269],[9.90824,45.64213],[9.90802,45.64197],[9.908,45.6419],[9.90805,45.64176]]},"properties":{}},{"type":"Feature","geometry":{"type":"LineString","coordinates":[[9.93527,45.64347],[9.93506,45.64303],[9.93479,45.64218],[9.93471,45.6421],[9.9346,45.6421]]},"properties":{}},{"type":"Feature","geometry":{"type":"LineString","coordinates":[[9.93409,45.65512],[9.93349,45.65493],[9.93298,45.65466],[9.93107,45.65413]]},"properties":{}},{"type":"Feature","geometry":{"type":"LineString","coordinates":[[9.92893,45.66393],[9.93016,45.66391]]},"properties":{}},{"type":"Feature","geometry":{"type":"LineString","coordinates":[[9.77696,45.66025],[9.7764,45.66028],[9.77631,45.66033],[9.7757,45.66033],[9.77559,45.66038],[9.77556,45.66052],[9.7756,45.66057],[9.77557,45.66117],[9.77549,45.66126],[9.77547,45.66172]]},"properties":{}},{"type":"Feature","geometry":{"type":"LineString","coordinates":[[9.78546,45.66119],[9.78554,45.66119]]},"properties":{}},{"type":"Feature","geometry":{"type":"LineString","coordinates":[[9.78554,45.66119],[9.7856,45.66124],[9.78577,45.66124]]},"properties":{}},{"type":"Feature","geometry":{"type":"LineString","coordinates":[[9.78577,45.66124],[9.78591,45.66128]]},"properties":{}},{"type":"Feature","geometry":{"type":"LineString","coordinates":[[9.78578,45.66133],[9.78591,45.66128]]},"properties":{}},{"type":"Feature","geometry":{"type":"LineString","coordinates":[[9.78449,45.66147],[9.7854,45.66128],[9.78544,45.66126],[9.78546,45.66119]]},"properties":{}},{"type":"Feature","geometry":{"type":"LineString","coordinates":[[9.78558,45.66138],[9.78566,45.66133],[9.78578,45.66133]]},"properties":{}},{"type":"Feature","geometry":{"type":"LineString","coordinates":[[9.78552,45.66139],[9.78558,45.66138]]},"properties":{}},{"type":"Feature","geometry":{"type":"LineString","coordinates":[[9.78439,45.66149],[9.78449,45.66147]]},"properties":{}},{"type":"Feature","geometry":{"type":"LineString","coordinates":[[9.78397,45.66157],[9.78439,45.66149]]},"properties":{}},{"type":"Feature","geometry":{"type":"LineString","coordinates":[[9.78397,45.66157],[9.78397,45.66157]]},"properties":{}},{"type":"Feature","geometry":{"type":"LineString","coordinates":[[9.78397,45.66157],[9.784,45.66163]]},"properties":{}},{"type":"Feature","geometry":{"type":"LineString","coordinates":[[9.7831,45.66186],[9.78316,45.66184],[9.78318,45.66179],[9.78333,45.66176],[9.784,45.66164],[9.7844,45.66166],[9.78445,45.66163],[9.78446,45.66157],[9.78453,45.66154],[9.78542,45.66136],[9.78552,45.66139]]},"properties":{}},{"type":"Feature","geometry":{"type":"LineString","coordinates":[[9.784,45.66163],[9.784,45.66164]]},"properties":{}},{"type":"Feature","geometry":{"type":"LineString","coordinates":[[9.77547,45.66172],[9.77544,45.66173]]},"properties":{}},{"type":"Feature","geometry":{"type":"LineString","coordinates":[[9.77544,45.66173],[9.77535,45.66174]]},"properties":{}},{"type":"Feature","geometry":{"type":"LineString","coordinates":[[9.77535,45.66174],[9.77529,45.66175]]},"properties":{}},{"type":"Feature","geometry":{"type":"LineString","coordinates":[[9.77529,45.66175],[9.77528,45.66184]]},"properties":{}},{"type":"Feature","geometry":{"type":"LineString","coordinates":[[9.78302,45.66187],[9.7831,45.66186]]},"properties":{}},{"type":"Feature","geometry":{"type":"LineString","coordinates":[[9.78301,45.66187],[9.78302,45.66187]]},"properties":{}},{"type":"Feature","geometry":{"type":"LineString","coordinates":[[9.78245,45.66194],[9.78302,45.66195],[9.78301,45.66187]]},"properties":{}},{"type":"Feature","geometry":{"type":"LineString","coordinates":[[9.7809,45.66184],[9.78104,45.66204],[9.78123,45.66208]]},"properties":{}},{"type":"Feature","geometry":{"type":"LineString","coordinates":[[9.78098,45.66201],[9.781,45.66201]]},"properties":{}},{"type":"Feature","geometry":{"type":"LineString","coordinates":[[9.78087,45.66204],[9.78098,45.66201]]},"properties":{}},{"type":"Feature","geometry":{"type":"LineString","coordinates":[[9.78084,45.66204],[9.78087,45.66204]]},"properties":{}},{"type":"Feature","geometry":{"type":"LineString","coordinates":[[9.78123,45.66208],[9.78123,45.66209]]},"properties":{}},{"type":"Feature","geometry":{"type":"LineString","coordinates":[[9.78123,45.66209],[9.78127,45.66217]]},"properties":{}},{"type":"Feature","geometry":{"type":"LineString","coordinates":[[9.78127,45.66217],[9.78129,45.66219]]},"properties":{}},{"type":"Feature","geometry":{"type":"LineString","coordinates":[[9.78122,45.66246],[9.78118,45.66229],[9.78121,45.66223],[9.78129,45.66219],[9.78245,45.66194]]},"properties":{}},{"type":"Feature","geometry":{"type":"LineString","coordinates":[[9.78075,45.66222],[9.78075,45.6622]]},"properties":{}},{"type":"Feature","geometry":{"type":"LineString","coordinates":[[9.78081,45.66194],[9.78084,45.66204],[9.78083,45.66214],[9.78075,45.6622],[9.77965,45.66252]]},"properties":{}},{"type":"Feature","geometry":{"type":"LineString","coordinates":[[9.7808,45.6623],[9.78075,45.66222]]},"properties":{}},{"type":"Feature","geometry":{"type":"LineString","coordinates":[[9.78081,45.66231],[9.7808,45.6623]]},"properties":{}},{"type":"Feature","geometry":{"type":"LineString","coordinates":[[9.78116,45.66235],[9.78118,45.66234]]},"properties":{}},{"type":"Feature","geometry":{"type":"LineString","coordinates":[[9.78105,45.66238],[9.78116,45.66235]]},"properties":{}},{"type":"Feature","geometry":{"type":"LineString","coordinates":[[9.78103,45.66238],[9.78105,45.66238]]},"properties":{}},{"type":"Feature","geometry":{"type":"LineString","coordinates":[[9.78108,45.66249],[9.78103,45.66238],[9.78095,45.66233],[9.78081,45.66231],[9.77973,45.66261],[9.7797,45.66266]]},"properties":{}},{"type":"Feature","geometry":{"type":"LineString","coordinates":[[9.77965,45.66252],[9.77956,45.66255]]},"properties":{}},{"type":"Feature","geometry":{"type":"LineString","coordinates":[[9.7797,45.66266],[9.77961,45.66268]]},"properties":{}},{"type":"Feature","geometry":{"type":"LineString","coordinates":[[9.77956,45.66255],[9.77881,45.66282],[9.77875,45.6628]]},"properties":{}},{"type":"Feature","geometry":{"type":"LineString","coordinates":[[9.77875,45.6628],[9.77869,45.66282]]},"properties":{}},{"type":"Feature","geometry":{"type":"LineString","coordinates":[[9.77961,45.66268],[9.77954,45.66268],[9.77888,45.66292],[9.77885,45.66296]]},"properties":{}},{"type":"Feature","geometry":{"type":"LineString","coordinates":[[9.77885,45.66281],[9.77886,45.66283]]},"properties":{}},{"type":"Feature","geometry":{"type":"LineString","coordinates":[[9.77886,45.66283],[9.77891,45.66288]]},"properties":{}},{"type":"Feature","geometry":{"type":"LineString","coordinates":[[9.77891,45.66288],[9.77892,45.6629]]},"properties":{}},{"type":"Feature","geometry":{"type":"LineString","coordinates":[[9.7786,45.66291],[9.77861,45.66293]]},"properties":{}},{"type":"Feature","geometry":{"type":"LineString","coordinates":[[9.77861,45.66293],[9.77865,45.66298]]},"properties":{}},{"type":"Feature","geometry":{"type":"LineString","coordinates":[[9.77885,45.66296],[9.77878,45.66298]]},"properties":{}},{"type":"Feature","geometry":{"type":"LineString","coordinates":[[9.77887,45.66295],[9.77888,45.663]]},"properties":{}},{"type":"Feature","geometry":{"type":"LineString","coordinates":[[9.77865,45.66298],[9.77867,45.663]]},"properties":{}},{"type":"Feature","geometry":{"type":"LineString","coordinates":[[9.80305,45.65824],[9.80306,45.65723],[9.80471,45.65716],[9.80467,45.65631],[9.80461,45.65629],[9.80458,45.65582]]},"properties":{}},{"type":"Feature","geometry":{"type":"LineString","coordinates":[[9.83283,45.65756],[9.83284,45.65733]]},"properties":{}},{"type":"Feature","geometry":{"type":"LineString","coordinates":[[9.83295,45.65749],[9.83283,45.65756]]},"properties":{}},{"type":"Feature","geometry":{"type":"LineString","coordinates":[[9.83255,45.65768],[9.83217,45.65789]]},"properties":{}},{"type":"Feature","geometry":{"type":"LineString","coordinates":[[9.79894,45.65875],[9.80305,45.65824]]},"properties":{}},{"type":"Feature","geometry":{"type":"LineString","coordinates":[[9.80321,45.67032],[9.80292,45.66962],[9.80267,45.66967],[9.80252,45.66923],[9.80221,45.66923],[9.80215,45.66914]]},"properties":{}},{"type":"Feature","geometry":{"type":"LineString","coordinates":[[9.8063,45.66987],[9.80781,45.66972]]},"properties":{}},{"type":"Feature","geometry":{"type":"LineString","coordinates":[[9.8063,45.66987],[9.80609,45.66985],[9.80535,45.66991],[9.8041,45.67014]]},"properties":{}},{"type":"Feature","geometry":{"type":"LineString","coordinates":[[9.79898,45.67001],[9.79904,45.67001]]},"properties":{}},{"type":"Feature","geometry":{"type":"LineString","coordinates":[[9.80407,45.67009],[9.8041,45.67014],[9.80308,45.67035]]},"properties":{}},{"type":"Feature","geometry":{"type":"LineString","coordinates":[[9.77657,45.66372],[9.77663,45.66374],[9.77868,45.66288],[9.77869,45.66282]]},"properties":{}},{"type":"Feature","geometry":{"type":"LineString","coordinates":[[9.78274,45.66352],[9.78206,45.66366],[9.7819,45.66379]]},"properties":{}},{"type":"Feature","geometry":{"type":"LineString","coordinates":[[9.77649,45.66374],[9.77657,45.66372]]},"properties":{}},{"type":"Feature","geometry":{"type":"LineString","coordinates":[[9.77666,45.66373],[9.77667,45.66375]]},"properties":{}},{"type":"Feature","geometry":{"type":"LineString","coordinates":[[9.77667,45.66375],[9.77672,45.6638]]},"properties":{}},{"type":"Feature","geometry":{"type":"LineString","coordinates":[[9.78183,45.66388],[9.78173,45.66385],[9.78174,45.66377],[9.78181,45.66374],[9.78189,45.66377],[9.7819,45.66384],[9.78183,45.66388]]},"properties":{}},{"type":"Feature","geometry":{"type":"LineString","coordinates":[[9.77672,45.6638],[9.77673,45.66382]]},"properties":{}},{"type":"Feature","geometry":{"type":"LineString","coordinates":[[9.77638,45.66385],[9.77639,45.66386]]},"properties":{}},{"type":"Feature","geometry":{"type":"LineString","coordinates":[[9.77639,45.66386],[9.77644,45.66392]]},"properties":{}},{"type":"Feature","geometry":{"type":"LineString","coordinates":[[9.77644,45.66392],[9.77645,45.66393]]},"properties":{}},{"type":"Feature","geometry":{"type":"LineString","coordinates":[[9.77497,45.66445],[9.77648,45.66381],[9.77649,45.66374]]},"properties":{}},{"type":"Feature","geometry":{"type":"LineString","coordinates":[[9.77878,45.66298],[9.77867,45.663],[9.77481,45.66463],[9.7748,45.66466],[9.77289,45.66545]]},"properties":{}},{"type":"Feature","geometry":{"type":"LineString","coordinates":[[9.77497,45.66445],[9.77498,45.66446]]},"properties":{}},{"type":"Feature","geometry":{"type":"LineString","coordinates":[[9.77498,45.66446],[9.775,45.66449]]},"properties":{}},{"type":"Feature","geometry":{"type":"LineString","coordinates":[[9.77217,45.66523],[9.77037,45.66386],[9.76993,45.6636],[9.76929,45.66339],[9.76862,45.66333],[9.7681,45.66333],[9.76751,45.6634],[9.76624,45.66371],[9.76495,45.66415],[9.76377,45.66472],[9.76372,45.66478],[9.76377,45.66493],[9.76478,45.66563],[9.76472,45.66566]]},"properties":{}},{"type":"Feature","geometry":{"type":"LineString","coordinates":[[9.775,45.66449],[9.77503,45.66452]]},"properties":{}},{"type":"Feature","geometry":{"type":"LineString","coordinates":[[9.77504,45.66453],[9.77503,45.66452]]},"properties":{}},{"type":"Feature","geometry":{"type":"LineString","coordinates":[[9.77495,45.6646],[9.77493,45.66458]]},"properties":{}},{"type":"Feature","geometry":{"type":"LineString","coordinates":[[9.77504,45.66453],[9.77516,45.66468],[9.77503,45.6647]]},"properties":{}},{"type":"Feature","geometry":{"type":"LineString","coordinates":[[9.77503,45.6647],[9.77487,45.66471],[9.77481,45.66463]]},"properties":{}},{"type":"Feature","geometry":{"type":"LineString","coordinates":[[9.92893,45.66391],[9.92889,45.66395]]},"properties":{}},{"type":"Feature","geometry":{"type":"LineString","coordinates":[[9.92769,45.66392],[9.92691,45.66395],[9.92682,45.66399],[9.92666,45.66398],[9.92657,45.66394],[9.9263,45.66394],[9.9263,45.66387]]},"properties":{}},{"type":"Feature","geometry":{"type":"LineString","coordinates":[[9.92805,45.66397],[9.9279,45.66392],[9.92769,45.66392]]},"properties":{}},{"type":"Feature","geometry":{"type":"LineString","coordinates":[[9.92821,45.66396],[9.92825,45.66396]]},"properties":{}},{"type":"Feature","geometry":{"type":"LineString","coordinates":[[9.92632,45.66394],[9.92632,45.66402]]},"properties":{}},{"type":"Feature","geometry":{"type":"LineString","coordinates":[[9.92807,45.66396],[9.92805,45.66397],[9.92818,45.66409],[9.92818,45.6642]]},"properties":{}},{"type":"Feature","geometry":{"type":"LineString","coordinates":[[9.92893,45.66444],[9.92889,45.66395]]},"properties":{}},{"type":"Feature","geometry":{"type":"LineString","coordinates":[[9.92818,45.66423],[9.92821,45.6642]]},"properties":{}},{"type":"Feature","geometry":{"type":"LineString","coordinates":[[9.92813,45.66468],[9.92818,45.66423]]},"properties":{}},{"type":"Feature","geometry":{"type":"LineString","coordinates":[[9.92483,45.66496],[9.9249,45.66498],[9.92475,45.66525]]},"properties":{}},{"type":"Feature","geometry":{"type":"LineString","coordinates":[[9.96187,45.6607],[9.96399,45.65945]]},"properties":{}},{"type":"Feature","geometry":{"type":"LineString","coordinates":[[9.97052,45.65977],[9.97188,45.66073],[9.97231,45.66094]]},"properties":{}},{"type":"Feature","geometry":{"type":"LineString","coordinates":[[9.97113,45.66037],[9.97119,45.6605]]},"properties":{}},{"type":"Feature","geometry":{"type":"LineString","coordinates":[[9.97231,45.66094],[9.97699,45.66222]]},"properties":{}},{"type":"Feature","geometry":{"type":"LineString","coordinates":[[9.95773,45.66311],[9.95779,45.66314],[9.95788,45.66308],[9.96187,45.6607]]},"properties":{}},{"type":"Feature","geometry":{"type":"LineString","coordinates":[[10.0,45.66225],[9.99996,45.66228]]},"properties":{}},{"type":"Feature","geometry":{"type":"LineString","coordinates":[[9.99988,45.66236],[9.99978,45.66245]]},"properties":{}},{"type":"Feature","geometry":{"type":"LineString","coordinates":[[9.99971,45.66253],[9.9996,45.66261]]},"properties":{}},{"type":"Feature","geometry":{"type":"LineString","coordinates":[[9.97664,45.66229],[9.97673,45.66225],[9.97711,45.66237],[9.98059,45.66362],[9.98146,45.6639],[9.98985,45.66538],[9.99089,45.66551],[9.99129,45.6655],[9.99666,45.6648],[9.99711,45.66469],[9.99771,45.66442],[9.9982,45.6641],[9.99838,45.66395],[9.9984,45.66388]]},"properties":{}},{"type":"Feature","geometry":{"type":"LineString","coordinates":[[9.95756,45.66873],[9.95766,45.66929],[9.95766,45.66958],[9.95771,45.6697]]},"properties":{}},{"type":"Feature","geometry":{"type":"LineString","coordinates":[[9.92462,45.66547],[9.92428,45.66595]]},"properties":{}},{"type":"Feature","geometry":{"type":"LineString","coordinates":[[9.92805,45.66648],[9.92809,45.66592],[9.92812,45.66593]]},"properties":{}},{"type":"Feature","geometry":{"type":"LineString","coordinates":[[9.92415,45.66609],[9.92389,45.6664],[9.92386,45.6664]]},"properties":{}},{"type":"Feature","geometry":{"type":"LineString","coordinates":[[9.92389,45.6664],[9.92392,45.66649],[9.92391,45.66663],[9.9238,45.66665]]},"properties":{}},{"type":"Feature","geometry":{"type":"LineString","coordinates":[[9.92792,45.66667],[9.92795,45.66667],[9.92795,45.66663]]},"properties":{}},{"type":"Feature","geometry":{"type":"LineString","coordinates":[[9.92803,45.66688],[9.92805,45.66648]]},"properties":{}},{"type":"Feature","geometry":{"type":"LineString","coordinates":[[9.92391,45.66663],[9.92396,45.66676]]},"properties":{}},{"type":"Feature","geometry":{"type":"LineString","coordinates":[[9.92803,45.66695],[9.92803,45.66688]]},"properties":{}},{"type":"Feature","geometry":{"type":"LineString","coordinates":[[9.9281,45.66695],[9.92807,45.66779]]},"properties":{}},{"type":"Feature","geometry":{"type":"LineString","coordinates":[[9.92807,45.66779],[9.92806,45.66789]]},"properties":{}},{"type":"Feature","geometry":{"type":"LineString","coordinates":[[9.77487,45.66471],[9.7747,45.66471]]},"properties":{}},{"type":"Feature","geometry":{"type":"LineString","coordinates":[[9.79348,45.66508],[9.79357,45.66529],[9.79302,45.66562],[9.79196,45.66608]]},"properties":{}},{"type":"Feature","geometry":{"type":"LineString","coordinates":[[9.77219,45.66564],[9.77224,45.66569]]},"properties":{}},{"type":"Feature","geometry":{"type":"LineString","coordinates":[[9.75,45.66561],[9.75041,45.66581],[9.7514,45.66617],[9.75143,45.66621],[9.75237,45.66652],[9.75255,45.66662],[9.75324,45.6669],[9.75414,45.66734],[9.75516,45.66776],[9.75556,45.66799]]},"properties":{}},{"type":"Feature","geometry":{"type":"LineString","coordinates":[[9.75788,45.66909],[9.75857,45.66844],[9.7591,45.66802],[9.75973,45.66762],[9.76016,45.6673],[9.76044,45.66703],[9.76067,45.66674],[9.76109,45.6663],[9.76133,45.66611],[9.76213,45.66559],[9.76338,45.66492],[9.76359,45.66494],[9.76368,45.665],[9.76377,45.66493]]},"properties":{}},{"type":"Feature","geometry":{"type":"LineString","coordinates":[[9.77432,45.66773],[9.77416,45.66731],[9.77393,45.66642]]},"properties":{}},{"type":"Feature","geometry":{"type":"LineString","coordinates":[[9.76957,45.66747],[9.76958,45.66747]]},"properties":{}},{"type":"Feature","geometry":{"type":"LineString","coordinates":[[9.75556,45.66799],[9.7559,45.66821]]},"properties":{}},{"type":"Feature","geometry":{"type":"LineString","coordinates":[[9.7559,45.66821],[9.75634,45.66847],[9.75748,45.66904],[9.75757,45.66907],[9.75773,45.66902],[9.75788,45.66909]]},"properties":{}},{"type":"Feature","geometry":{"type":"LineString","coordinates":[[9.75803,45.66931],[9.75791,45.66922],[9.75788,45.66909]]},"properties":{}},{"type":"Feature","geometry":{"type":"LineString","coordinates":[[9.92798,45.66788],[9.92806,45.66789]]},"properties":{}},{"type":"Feature","geometry":{"type":"LineString","coordinates":[[9.92798,45.66798],[9.92798,45.66788]]},"properties":{}},{"type":"Feature","geometry":{"type":"LineString","coordinates":[[9.92797,45.66809],[9.92798,45.66798]]},"properties":{}},{"type":"Feature","geometry":{"type":"LineString","coordinates":[[9.92801,45.66809],[9.92805,45.66809]]},"properties":{}},{"type":"Feature","geometry":{"type":"LineString","coordinates":[[9.92801,45.66809],[9.92797,45.66809],[9.92793,45.6685]]},"properties":{}},{"type":"Feature","geometry":{"type":"LineString","coordinates":[[9.92796,45.6685],[9.928,45.6685]]},"properties":{}},{"type":"Feature","geometry":{"type":"LineString","coordinates":[[9.92796,45.6685],[9.92793,45.6685],[9.92788,45.66885]]},"properties":{}},{"type":"Feature","geometry":{"type":"LineString","coordinates":[[9.92784,45.66901],[9.92788,45.66885],[9.92791,45.66885]]},"properties":{}},{"type":"Feature","geometry":{"type":"LineString","coordinates":[[9.92788,45.66902],[9.92791,45.66902]]},"properties":{}},{"type":"Feature","geometry":{"type":"LineString","coordinates":[[9.92769,45.66943],[9.92784,45.66901],[9.92788,45.66902]]},"properties":{}},{"type":"Feature","geometry":{"type":"LineString","coordinates":[[9.93475,45.66927],[9.9346,45.66934],[9.93465,45.6694]]},"properties":{}},{"type":"Feature","geometry":{"type":"LineString","coordinates":[[9.92786,45.6694],[9.92784,45.66946]]},"properties":{}},{"type":"Feature","geometry":{"type":"LineString","coordinates":[[9.9346,45.66934],[9.93448,45.66941],[9.93447,45.66967],[9.93444,45.66967]]},"properties":{}},{"type":"Feature","geometry":{"type":"LineString","coordinates":[[9.92762,45.66961],[9.92769,45.66943]]},"properties":{}},{"type":"Feature","geometry":{"type":"LineString","coordinates":[[9.92781,45.66952],[9.92774,45.66964]]},"properties":{}},{"type":"Feature","geometry":{"type":"LineString","coordinates":[[9.92741,45.66972],[9.92755,45.6697],[9.92762,45.66961],[9.92764,45.66962]]},"properties":{}},{"type":"Feature","geometry":{"type":"LineString","coordinates":[[9.92776,45.66964],[9.92777,45.66973],[9.9279,45.6698]]},"properties":{}},{"type":"Feature","geometry":{"type":"LineString","coordinates":[[9.9279,45.66979],[9.92813,45.66981]]},"properties":{}},{"type":"Feature","geometry":{"type":"LineString","coordinates":[[9.92824,45.66982],[9.92845,45.66984]]},"properties":{}},{"type":"Feature","geometry":{"type":"LineString","coordinates":[[9.92739,45.66978],[9.92749,45.66982],[9.92747,45.66992],[9.92751,45.66993]]},"properties":{}},{"type":"Feature","geometry":{"type":"LineString","coordinates":[[9.92857,45.66985],[9.92895,45.66988]]},"properties":{}},{"type":"Feature","geometry":{"type":"LineString","coordinates":[[9.92906,45.66989],[9.92981,45.67008]]},"properties":{}},{"type":"Feature","geometry":{"type":"LineString","coordinates":[[9.93447,45.66967],[9.93447,45.67033]]},"properties":{}},{"type":"Feature","geometry":{"type":"LineString","coordinates":[[9.92981,45.67006],[9.92987,45.67001]]},"properties":{}},{"type":"Feature","geometry":{"type":"LineString","coordinates":[[9.92747,45.66992],[9.92716,45.67063]]},"properties":{}},{"type":"Feature","geometry":{"type":"LineString","coordinates":[[9.93443,45.67068],[9.93446,45.67039]]},"properties":{}},{"type":"Feature","geometry":{"type":"LineString","coordinates":[[9.9353,45.67076],[9.9353,45.67072]]},"properties":{}},{"type":"Feature","geometry":{"type":"LineString","coordinates":[[9.93435,45.67121],[9.93442,45.67074]]},"properties":{}},{"type":"Feature","geometry":{"type":"LineString","coordinates":[[9.93537,45.67138],[9.93537,45.67136]]},"properties":{}},{"type":"Feature","geometry":{"type":"LineString","coordinates":[[9.93531,45.67138],[9.93537,45.67138]]},"properties":{}},{"type":"Feature","geometry":{"type":"LineString","coordinates":[[9.82092,45.66952],[9.8159,45.67125]]},"properties":{}},{"type":"Feature","geometry":{"type":"LineString","coordinates":[[9.8159,45.67131],[9.82061,45.66969],[9.82092,45.66958],[9.82092,45.66952]]},"properties":{}},{"type":"Feature","geometry":{"type":"LineString","coordinates":[[9.8037,45.67071],[9.80374,45.67068],[9.80423,45.67057],[9.80425,45.67052],[9.8041,45.67014]]},"properties":{}},{"type":"Feature","geometry":{"type":"LineString","coordinates":[[9.81338,45.67045],[9.81437,45.67111],[9.81465,45.67119],[9.81475,45.67119]]},"properties":{}},{"type":"Feature","geometry":{"type":"LineString","coordinates":[[9.81307,45.67117],[9.81316,45.67085],[9.81357,45.67058]]},"properties":{}},{"type":"Feature","geometry":{"type":"LineString","coordinates":[[9.80347,45.67136],[9.80351,45.67135],[9.80349,45.67128],[9.80382,45.67122],[9.80365,45.67077],[9.8037,45.67071]]},"properties":{}},{"type":"Feature","geometry":{"type":"LineString","coordinates":[[9.81125,45.67083],[9.81024,45.67158]]},"properties":{}},{"type":"Feature","geometry":{"type":"LineString","coordinates":[[9.81573,45.67124],[9.81584,45.67122]]},"properties":{}},{"type":"Feature","geometry":{"type":"LineString","coordinates":[[9.8159,45.67125],[9.81587,45.67126]]},"properties":{}},{"type":"Feature","geometry":{"type":"LineString","coordinates":[[9.81584,45.67122],[9.8159,45.67131]]},"properties":{}},{"type":"Feature","geometry":{"type":"LineString","coordinates":[[9.81587,45.67126],[9.81573,45.67143]]},"properties":{}},{"type":"Feature","geometry":{"type":"LineString","coordinates":[[9.81597,45.67168],[9.81581,45.67144],[9.81581,45.67137],[9.8159,45.67131]]},"properties":{}},{"type":"Feature","geometry":{"type":"LineString","coordinates":[[9.81513,45.67154],[9.81509,45.6715]]},"properties":{}},{"type":"Feature","geometry":{"type":"LineString","coordinates":[[9.81573,45.67143],[9.81581,45.67153],[9.81581,45.67161]]},"properties":{}},{"type":"Feature","geometry":{"type":"LineString","coordinates":[[9.81477,45.67162],[9.81473,45.6715]]},"properties":{}},{"type":"Feature","geometry":{"type":"LineString","coordinates":[[9.81477,45.67162],[9.81492,45.67154]]},"properties":{}},{"type":"Feature","geometry":{"type":"LineString","coordinates":[[9.81513,45.67163],[9.81513,45.67154]]},"properties":{}},{"type":"Feature","geometry":{"type":"LineString","coordinates":[[9.81024,45.67158],[9.8101,45.67169]]},"properties":{}},{"type":"Feature","geometry":{"type":"LineString","coordinates":[[9.81511,45.67159],[9.81469,45.67172]]},"properties":{}},{"type":"Feature","geometry":{"type":"LineString","coordinates":[[9.81581,45.67161],[9.81596,45.67171]]},"properties":{}},{"type":"Feature","geometry":{"type":"LineString","coordinates":[[9.77573,45.67112],[9.7757,45.67099],[9.77578,45.67077],[9.77577,45.67065],[9.77556,45.67005],[9.77516,45.66945],[9.77507,45.66917],[9.77482,45.66885],[9.77451,45.66829],[9.77432,45.66773]]},"properties":{}},{"type":"Feature","geometry":{"type":"LineString","coordinates":[[9.76532,45.66881],[9.76325,45.66976],[9.76313,45.66984],[9.76303,45.67002],[9.76299,45.67005],[9.76265,45.6699],[9.76251,45.66991],[9.76135,45.67053]]},"properties":{}},{"type":"Feature","geometry":{"type":"LineString","coordinates":[[9.77432,45.66773],[9.77348,45.66809],[9.77263,45.6686],[9.77258,45.66872],[9.77223,45.6689],[9.77221,45.66896],[9.77276,45.66963],[9.77275,45.66969],[9.77117,45.6703],[9.77116,45.67044],[9.76938,45.67112],[9.76918,45.67117],[9.76847,45.67143],[9.76835,45.67151],[9.76815,45.67155],[9.76728,45.67187],[9.76693,45.6719],[9.76595,45.67239],[9.76586,45.67247],[9.7657,45.67252],[9.76521,45.6728],[9.7647,45.67302],[9.76402,45.67319],[9.76369,45.67265],[9.76279,45.67294],[9.76276,45.67301],[9.76246,45.67313],[9.76246,45.67318],[9.76293,45.67407],[9.76286,45.67414],[9.76229,45.67446],[9.76224,45.67451],[9.76226,45.67456],[9.76207,45.67464],[9.76169,45.67494]]},"properties":{}},{"type":"Feature","geometry":{"type":"LineString","coordinates":[[9.7599,45.67237],[9.75991,45.67238]]},"properties":{}},{"type":"Feature","geometry":{"type":"LineString","coordinates":[[9.75991,45.67238],[9.75998,45.67244]]},"properties":{}},{"type":"Feature","geometry":{"type":"LineString","coordinates":[[9.75998,45.67244],[9.75999,45.67245]]},"properties":{}},{"type":"Feature","geometry":{"type":"LineString","coordinates":[[9.75952,45.67263],[9.75999,45.67245]]},"properties":{}},{"type":"Feature","geometry":{"type":"LineString","coordinates":[[9.76369,45.67265],[9.76364,45.67258]]},"properties":{}},{"type":"Feature","geometry":{"type":"LineString","coordinates":[[9.7599,45.67237],[9.75855,45.67291]]},"properties":{}},{"type":"Feature","geometry":{"type":"LineString","coordinates":[[9.81469,45.67172],[9.81477,45.67162]]},"properties":{}},{"type":"Feature","geometry":{"type":"LineString","coordinates":[[9.81596,45.67171],[9.81597,45.67168]]},"properties":{}},{"type":"Feature","geometry":{"type":"LineString","coordinates":[[9.81595,45.67175],[9.81596,45.67171]]},"properties":{}},{"type":"Feature","geometry":{"type":"LineString","coordinates":[[9.8101,45.67169],[9.80998,45.67177]]},"properties":{}},{"type":"Feature","geometry":{"type":"LineString","coordinates":[[9.81421,45.67196],[9.81424,45.67192],[9.81474,45.67176],[9.81497,45.67165],[9.81513,45.67163]]},"properties":{}},{"type":"Feature","geometry":{"type":"LineString","coordinates":[[9.81513,45.67163],[9.81546,45.67181],[9.8156,45.67197]]},"properties":{}},{"type":"Feature","geometry":{"type":"LineString","coordinates":[[9.81595,45.67175],[9.81579,45.67174],[9.81569,45.67179],[9.81566,45.67187],[9.81568,45.67191]]},"properties":{}},{"type":"Feature","geometry":{"type":"LineString","coordinates":[[9.81562,45.67191],[9.81543,45.67174]]},"properties":{}},{"type":"Feature","geometry":{"type":"LineString","coordinates":[[9.81564,45.67175],[9.81562,45.67191]]},"properties":{}},{"type":"Feature","geometry":{"type":"LineString","coordinates":[[9.80915,45.67188],[9.80913,45.67183]]},"properties":{}},{"type":"Feature","geometry":{"type":"LineString","coordinates":[[9.93434,45.67129],[9.93431,45.6715]]},"properties":{}},{"type":"Feature","geometry":{"type":"LineString","coordinates":[[9.93428,45.6715],[9.93439,45.67151]]},"properties":{}},{"type":"Feature","geometry":{"type":"LineString","coordinates":[[9.9342,45.67213],[9.93431,45.6715]]},"properties":{}},{"type":"Feature","geometry":{"type":"LineString","coordinates":[[9.93533,45.67194],[9.93536,45.67194]]},"properties":{}},{"type":"Feature","geometry":{"type":"LineString","coordinates":[[9.93531,45.67194],[9.93533,45.67194]]},"properties":{}},{"type":"Feature","geometry":{"type":"LineString","coordinates":[[9.93529,45.67313],[9.93534,45.67305],[9.9353,45.67076]]},"properties":{}},{"type":"Feature","geometry":{"type":"LineString","coordinates":[[9.93415,45.67226],[9.93418,45.67226]]},"properties":{}},{"type":"Feature","geometry":{"type":"LineString","coordinates":[[9.93416,45.67233],[9.93419,45.6722]]},"properties":{}},{"type":"Feature","geometry":{"type":"LineString","coordinates":[[9.93415,45.67241],[9.9341,45.67277],[9.93408,45.67277]]},"properties":{}},{"type":"Feature","geometry":{"type":"LineString","coordinates":[[9.93419,45.67282],[9.93431,45.67275]]},"properties":{}},{"type":"Feature","geometry":{"type":"LineString","coordinates":[[9.80981,45.6719],[9.80975,45.67186]]},"properties":{}},{"type":"Feature","geometry":{"type":"LineString","coordinates":[[9.80917,45.67185],[9.80845,45.67193]]},"properties":{}},{"type":"Feature","geometry":{"type":"LineString","coordinates":[[9.80918,45.67195],[9.80947,45.6719],[9.8096,45.67191],[9.80975,45.67186]]},"properties":{}},{"type":"Feature","geometry":{"type":"LineString","coordinates":[[9.80918,45.67195],[9.80915,45.67188]]},"properties":{}},{"type":"Feature","geometry":{"type":"LineString","coordinates":[[9.80978,45.67192],[9.80981,45.6719]]},"properties":{}},{"type":"Feature","geometry":{"type":"LineString","coordinates":[[9.81568,45.67191],[9.8156,45.67197]]},"properties":{}},{"type":"Feature","geometry":{"type":"LineString","coordinates":[[9.80983,45.67196],[9.80978,45.67192]]},"properties":{}},{"type":"Feature","geometry":{"type":"LineString","coordinates":[[9.80913,45.67183],[9.80646,45.67207]]},"properties":{}},{"type":"Feature","geometry":{"type":"LineString","coordinates":[[9.81412,45.67199],[9.81421,45.67196]]},"properties":{}},{"type":"Feature","geometry":{"type":"LineString","coordinates":[[9.80988,45.67199],[9.80983,45.67196]]},"properties":{}},{"type":"Feature","geometry":{"type":"LineString","coordinates":[[9.80845,45.67193],[9.80644,45.67209]]},"properties":{}},{"type":"Feature","geometry":{"type":"LineString","coordinates":[[9.80646,45.67207],[9.80643,45.67212]]},"properties":{}},{"type":"Feature","geometry":{"type":"LineString","coordinates":[[9.80605,45.67233],[9.80599,45.6723]]},"properties":{}},{"type":"Feature","geometry":{"type":"LineString","coordinates":[[9.81087,45.67306],[9.81213,45.67261],[9.81403,45.67199],[9.81412,45.67199]]},"properties":{}},{"type":"Feature","geometry":{"type":"LineString","coordinates":[[9.81596,45.67171],[9.81659,45.67182],[9.81928,45.67249],[9.82154,45.673],[9.82199,45.67302],[9.82328,45.67287],[9.82361,45.67289],[9.82379,45.673],[9.8242,45.67361],[9.82426,45.67381]]},"properties":{}},{"type":"Feature","geometry":{"type":"LineString","coordinates":[[9.80756,45.67278],[9.80713,45.67288]]},"properties":{}},{"type":"Feature","geometry":{"type":"LineString","coordinates":[[9.80579,45.67363],[9.80545,45.67299],[9.80545,45.67288],[9.80587,45.67253],[9.80615,45.67222],[9.80643,45.67212]]},"properties":{}},{"type":"Feature","geometry":{"type":"LineString","coordinates":[[9.8107,45.67312],[9.81087,45.67306]]},"properties":{}},{"type":"Feature","geometry":{"type":"LineString","coordinates":[[9.80772,45.67413],[9.8084,45.67387],[9.8107,45.67312]]},"properties":{}},{"type":"Feature","geometry":{"type":"LineString","coordinates":[[9.80698,45.67379],[9.80728,45.67392]]},"properties":{}},{"type":"Feature","geometry":{"type":"LineString","coordinates":[[9.80701,45.67392],[9.80717,45.67397]]},"properties":{}},{"type":"Feature","geometry":{"type":"LineString","coordinates":[[9.80717,45.67397],[9.8072,45.674]]},"properties":{}},{"type":"Feature","geometry":{"type":"LineString","coordinates":[[9.80728,45.67392],[9.80727,45.67402],[9.80737,45.67409]]},"properties":{}},{"type":"Feature","geometry":{"type":"LineString","coordinates":[[9.80678,45.67412],[9.80683,45.67409],[9.80691,45.67395],[9.80701,45.67392]]},"properties":{}},{"type":"Feature","geometry":{"type":"LineString","coordinates":[[9.8072,45.674],[9.80721,45.67404]]},"properties":{}},{"type":"Feature","geometry":{"type":"LineString","coordinates":[[9.82426,45.67381],[9.82425,45.6742],[9.82433,45.67438]]},"properties":{}},{"type":"Feature","geometry":{"type":"LineString","coordinates":[[9.80721,45.67404],[9.80712,45.67415]]},"properties":{}},{"type":"Feature","geometry":{"type":"LineString","coordinates":[[9.80737,45.67409],[9.80734,45.67412]]},"properties":{}},{"type":"Feature","geometry":{"type":"LineString","coordinates":[[9.80734,45.67412],[9.80731,45.67419]]},"properties":{}},{"type":"Feature","geometry":{"type":"LineString","coordinates":[[9.80712,45.67415],[9.80693,45.67416]]},"properties":{}},{"type":"Feature","geometry":{"type":"LineString","coordinates":[[9.80636,45.67427],[9.80678,45.67412]]},"properties":{}},{"type":"Feature","geometry":{"type":"LineString","coordinates":[[9.80731,45.67428],[9.80772,45.67413]]},"properties":{}},{"type":"Feature","geometry":{"type":"LineString","coordinates":[[9.80693,45.67416],[9.80652,45.67429]]},"properties":{}},{"type":"Feature","geometry":{"type":"LineString","coordinates":[[9.80731,45.67419],[9.80731,45.67428]]},"properties":{}},{"type":"Feature","geometry":{"type":"LineString","coordinates":[[9.80608,45.67438],[9.80615,45.67428],[9.80636,45.67427]]},"properties":{}},{"type":"Feature","geometry":{"type":"LineString","coordinates":[[9.80663,45.67449],[9.80675,45.67441],[9.80689,45.6744],[9.80731,45.67428]]},"properties":{}},{"type":"Feature","geometry":{"type":"LineString","coordinates":[[9.80652,45.67429],[9.80645,45.67433],[9.80636,45.67447],[9.8062,45.6745]]},"properties":{}},{"type":"Feature","geometry":{"type":"LineString","coordinates":[[9.8062,45.6745],[9.80611,45.67446],[9.80608,45.67438]]},"properties":{}},{"type":"Feature","geometry":{"type":"LineString","coordinates":[[9.8064,45.67444],[9.80641,45.67455]]},"properties":{}},{"type":"Feature","geometry":{"type":"LineString","coordinates":[[9.80647,45.67453],[9.80663,45.67449]]},"properties":{}},{"type":"Feature","geometry":{"type":"LineString","coordinates":[[9.80641,45.67455],[9.80626,45.6745]]},"properties":{}},{"type":"Feature","geometry":{"type":"LineString","coordinates":[[9.8059,45.67444],[9.80616,45.67462]]},"properties":{}},{"type":"Feature","geometry":{"type":"LineString","coordinates":[[9.80647,45.67453],[9.80634,45.67457]]},"properties":{}},{"type":"Feature","geometry":{"type":"LineString","coordinates":[[9.80634,45.67457],[9.80616,45.67462]]},"properties":{}},{"type":"Feature","geometry":{"type":"LineString","coordinates":[[9.82433,45.67438],[9.82441,45.67461],[9.82445,45.67485]]},"properties":{}},{"type":"Feature","geometry":{"type":"LineString","coordinates":[[9.80502,45.67485],[9.80579,45.67459],[9.80597,45.67449],[9.80608,45.67438]]},"properties":{}},{"type":"Feature","geometry":{"type":"LineString","coordinates":[[9.80616,45.67462],[9.80585,45.6747]]},"properties":{}},{"type":"Feature","geometry":{"type":"LineString","coordinates":[[9.80585,45.6747],[9.80549,45.67479]]},"properties":{}},{"type":"Feature","geometry":{"type":"LineString","coordinates":[[9.80549,45.67479],[9.80498,45.67492]]},"properties":{}},{"type":"Feature","geometry":{"type":"LineString","coordinates":[[9.80498,45.67492],[9.80482,45.67496]]},"properties":{}},{"type":"Feature","geometry":{"type":"LineString","coordinates":[[9.80482,45.67496],[9.80392,45.6752]]},"properties":{}},{"type":"Feature","geometry":{"type":"LineString","coordinates":[[9.80392,45.6752],[9.80372,45.67525]]},"properties":{}},{"type":"Feature","geometry":{"type":"LineString","coordinates":[[9.80372,45.67525],[9.80266,45.67557]]},"properties":{}},{"type":"Feature","geometry":{"type":"LineString","coordinates":[[9.80266,45.67557],[9.80252,45.67563]]},"properties":{}},{"type":"Feature","geometry":{"type":"LineString","coordinates":[[9.80232,45.67563],[9.80169,45.67593]]},"properties":{}},{"type":"Feature","geometry":{"type":"LineString","coordinates":[[9.80784,45.67748],[9.80653,45.67463],[9.80654,45.67457],[9.80663,45.67449]]},"properties":{}},{"type":"Feature","geometry":{"type":"LineString","coordinates":[[9.80169,45.67593],[9.80123,45.67616]]},"properties":{}},{"type":"Feature","geometry":{"type":"LineString","coordinates":[[9.80123,45.67616],[9.80104,45.67626]]},"properties":{}},{"type":"Feature","geometry":{"type":"LineString","coordinates":[[9.80252,45.67563],[9.80113,45.67628],[9.80025,45.67675],[9.80019,45.67686],[9.80022,45.67696]]},"properties":{}},{"type":"Feature","geometry":{"type":"LineString","coordinates":[[9.80344,45.67533],[9.80355,45.67558],[9.80358,45.67599],[9.80374,45.67645],[9.80384,45.6772],[9.8039,45.67725]]},"properties":{}},{"type":"Feature","geometry":{"type":"LineString","coordinates":[[9.80052,45.67651],[9.80034,45.6766]]},"properties":{}},{"type":"Feature","geometry":{"type":"LineString","coordinates":[[9.80034,45.6766],[9.79998,45.67678]]},"properties":{}},{"type":"Feature","geometry":{"type":"LineString","coordinates":[[9.79998,45.67678],[9.80011,45.67686],[9.80012,45.67693]]},"properties":{}},{"type":"Feature","geometry":{"type":"LineString","coordinates":[[9.80743,45.67675],[9.80752,45.67705]]},"properties":{}},{"type":"Feature","geometry":{"type":"LineString","coordinates":[[9.79998,45.67678],[9.79943,45.67705]]},"properties":{}},{"type":"Feature","geometry":{"type":"LineString","coordinates":[[9.80022,45.67696],[9.80011,45.677]]},"properties":{}},{"type":"Feature","geometry":{"type":"LineString","coordinates":[[9.79943,45.67705],[9.79919,45.67717]]},"properties":{}},{"type":"Feature","geometry":{"type":"LineString","coordinates":[[9.80757,45.67709],[9.8076,45.67719],[9.80754,45.67729],[9.80748,45.67732],[9.80727,45.67731],[9.80716,45.67718],[9.8072,45.67709],[9.80731,45.67703],[9.80745,45.67703],[9.80757,45.67709]]},"properties":{}},{"type":"Feature","geometry":{"type":"LineString","coordinates":[[9.82127,45.67661],[9.82174,45.67681],[9.8232,45.6778]]},"properties":{}},{"type":"Feature","geometry":{"type":"LineString","coordinates":[[9.8039,45.67725],[9.80411,45.67727]]},"properties":{}},{"type":"Feature","geometry":{"type":"LineString","coordinates":[[9.80011,45.677],[9.79996,45.67694],[9.7998,45.67697],[9.7985,45.67759]]},"properties":{}},{"type":"Feature","geometry":{"type":"LineString","coordinates":[[9.80758,45.67724],[9.80776,45.67751]]},"properties":{}},{"type":"Feature","geometry":{"type":"LineString","coordinates":[[9.79919,45.67717],[9.79858,45.67745],[9.79795,45.67761]]},"properties":{}},{"type":"Feature","geometry":{"type":"LineString","coordinates":[[9.7985,45.67759],[9.79822,45.67766]]},"properties":{}},{"type":"Feature","geometry":{"type":"LineString","coordinates":[[9.79751,45.6777],[9.79795,45.67761]]},"properties":{}},{"type":"Feature","geometry":{"type":"LineString","coordinates":[[9.79795,45.67761],[9.79779,45.67772],[9.79774,45.67786]]},"properties":{}},{"type":"Feature","geometry":{"type":"LineString","coordinates":[[9.79822,45.67766],[9.79789,45.67776],[9.79798,45.67806],[9.79794,45.67809]]},"properties":{}},{"type":"Feature","geometry":{"type":"LineString","coordinates":[[9.79794,45.67809],[9.79788,45.67813]]},"properties":{}},{"type":"Feature","geometry":{"type":"LineString","coordinates":[[9.80875,45.67894],[9.80854,45.67855],[9.80784,45.67748]]},"properties":{}},{"type":"Feature","geometry":{"type":"LineString","coordinates":[[9.79788,45.67813],[9.79776,45.67831]]},"properties":{}},{"type":"Feature","geometry":{"type":"LineString","coordinates":[[9.75946,45.67265],[9.75952,45.67263]]},"properties":{}},{"type":"Feature","geometry":{"type":"LineString","coordinates":[[9.75866,45.67296],[9.75946,45.67265]]},"properties":{}},{"type":"Feature","geometry":{"type":"LineString","coordinates":[[9.7586,45.67299],[9.75866,45.67296]]},"properties":{}},{"type":"Feature","geometry":{"type":"LineString","coordinates":[[9.75763,45.67305],[9.75764,45.67305]]},"properties":{}},{"type":"Feature","geometry":{"type":"LineString","coordinates":[[9.75855,45.67291],[9.75783,45.67319]]},"properties":{}},{"type":"Feature","geometry":{"type":"LineString","coordinates":[[9.75755,45.67306],[9.75763,45.67305]]},"properties":{}},{"type":"Feature","geometry":{"type":"LineString","coordinates":[[9.75753,45.67306],[9.75755,45.67306]]},"properties":{}},{"type":"Feature","geometry":{"type":"LineString","coordinates":[[9.75788,45.67326],[9.7586,45.67299]]},"properties":{}},{"type":"Feature","geometry":{"type":"LineString","coordinates":[[9.75764,45.67305],[9.75769,45.67322],[9.75783,45.67319]]},"properties":{}},{"type":"Feature","geometry":{"type":"LineString","coordinates":[[9.75783,45.67319],[9.75783,45.6732]]},"properties":{}},{"type":"Feature","geometry":{"type":"LineString","coordinates":[[9.75783,45.6732],[9.75787,45.67325]]},"properties":{}},{"type":"Feature","geometry":{"type":"LineString","coordinates":[[9.75753,45.67306],[9.75754,45.67315],[9.75741,45.67323],[9.75734,45.67336],[9.75728,45.6734]]},"properties":{}},{"type":"Feature","geometry":{"type":"LineString","coordinates":[[9.75787,45.67325],[9.75788,45.67326]]},"properties":{}},{"type":"Feature","geometry":{"type":"LineString","coordinates":[[9.75788,45.67326],[9.75776,45.67335],[9.75776,45.67341],[9.75782,45.67348]]},"properties":{}},{"type":"Feature","geometry":{"type":"LineString","coordinates":[[9.75782,45.67348],[9.75784,45.67348],[9.75782,45.67329]]},"properties":{}},{"type":"Feature","geometry":{"type":"LineString","coordinates":[[9.75728,45.6734],[9.75728,45.67341]]},"properties":{}},{"type":"Feature","geometry":{"type":"LineString","coordinates":[[9.75728,45.67341],[9.75731,45.67344]]},"properties":{}},{"type":"Feature","geometry":{"type":"LineString","coordinates":[[9.75731,45.67344],[9.75734,45.67348]]},"properties":{}},{"type":"Feature","geometry":{"type":"LineString","coordinates":[[9.75734,45.67348],[9.75735,45.67349]]},"properties":{}},{"type":"Feature","geometry":{"type":"LineString","coordinates":[[9.7578,45.67349],[9.75782,45.67348]]},"properties":{}},{"type":"Feature","geometry":{"type":"LineString","coordinates":[[9.75735,45.67349],[9.75747,45.67346],[9.75762,45.67347],[9.75771,45.67353]]},"properties":{}},{"type":"Feature","geometry":{"type":"LineString","coordinates":[[9.75773,45.67352],[9.7578,45.67349]]},"properties":{}},{"type":"Feature","geometry":{"type":"LineString","coordinates":[[9.75771,45.67353],[9.75773,45.67352]]},"properties":{}},{"type":"Feature","geometry":{"type":"LineString","coordinates":[[9.75735,45.67349],[9.7566,45.67378],[9.75615,45.67392]]},"properties":{}},{"type":"Feature","geometry":{"type":"LineString","coordinates":[[9.75615,45.67392],[9.7532,45.67506]]},"properties":{}},{"type":"Feature","geometry":{"type":"LineString","coordinates":[[9.76169,45.67494],[9.76121,45.67459],[9.76116,45.67451],[9.761,45.67439]]},"properties":{}},{"type":"Feature","geometry":{"type":"LineString","coordinates":[[9.7532,45.67506],[9.75301,45.67515],[9.753,45.6752],[9.75293,45.67524],[9.75284,45.67522],[9.75186,45.6756],[9.7516,45.67627],[9.75125,45.67639],[9.75107,45.67638],[9.75038,45.67623],[9.75,45.67635]]},"properties":{}},{"type":"Feature","geometry":{"type":"LineString","coordinates":[[9.76169,45.67494],[9.76175,45.67513],[9.76173,45.6753],[9.76152,45.67546],[9.76138,45.67567],[9.76132,45.6758],[9.76122,45.67622],[9.76106,45.67649],[9.76106,45.67654],[9.7611,45.67662],[9.76112,45.67689],[9.7614,45.67742],[9.76165,45.67777],[9.76177,45.67788],[9.76192,45.67797],[9.76203,45.67817],[9.76223,45.67825],[9.7623,45.67835],[9.76224,45.67848],[9.76219,45.67851],[9.76184,45.67849],[9.76137,45.67838],[9.76104,45.67827],[9.7606,45.6783],[9.7602,45.67823],[9.75929,45.67799],[9.75908,45.67801]]},"properties":{}},{"type":"Feature","geometry":{"type":"LineString","coordinates":[[9.79073,45.68147],[9.79085,45.68148]]},"properties":{}},{"type":"Feature","geometry":{"type":"LineString","coordinates":[[9.79085,45.68148],[9.79089,45.68145]]},"properties":{}},{"type":"Feature","geometry":{"type":"LineString","coordinates":[[9.78846,45.6824],[9.78864,45.6823],[9.78879,45.68227],[9.7902,45.68154],[9.79021,45.68145]]},"properties":{}},{"type":"Feature","geometry":{"type":"LineString","coordinates":[[9.79063,45.68405],[9.79091,45.68128]]},"properties":{}},{"type":"Feature","geometry":{"type":"LineString","coordinates":[[9.78355,45.68292],[9.78262,45.68288],[9.78244,45.68284],[9.78191,45.68285]]},"properties":{}},{"type":"Feature","geometry":{"type":"LineString","coordinates":[[9.78854,45.68571],[9.78778,45.68571],[9.78759,45.68544],[9.78631,45.68516],[9.78535,45.68309]]},"properties":{}},{"type":"Feature","geometry":{"type":"LineString","coordinates":[[9.76574,45.6848],[9.76617,45.68476]]},"properties":{}},{"type":"Feature","geometry":{"type":"LineString","coordinates":[[9.76617,45.68476],[9.76584,45.68493]]},"properties":{}},{"type":"Feature","geometry":{"type":"LineString","coordinates":[[9.76473,45.685],[9.76471,45.68494],[9.763,45.68524],[9.76196,45.68538]]},"properties":{}},{"type":"Feature","geometry":{"type":"LineString","coordinates":[[9.79776,45.67831],[9.79767,45.67838]]},"properties":{}},{"type":"Feature","geometry":{"type":"LineString","coordinates":[[9.79767,45.67838],[9.79759,45.67844]]},"properties":{}},{"type":"Feature","geometry":{"type":"LineString","coordinates":[[9.79751,45.67836],[9.79743,45.6785]]},"properties":{}},{"type":"Feature","geometry":{"type":"LineString","coordinates":[[9.79743,45.6785],[9.79725,45.67839]]},"properties":{}},{"type":"Feature","geometry":{"type":"LineString","coordinates":[[9.79759,45.67844],[9.79765,45.67848]]},"properties":{}},{"type":"Feature","geometry":{"type":"LineString","coordinates":[[9.79765,45.67848],[9.79772,45.67857],[9.79768,45.67863],[9.79758,45.67866]]},"properties":{}},{"type":"Feature","geometry":{"type":"LineString","coordinates":[[9.79744,45.6787],[9.79735,45.67873],[9.79719,45.67846],[9.79695,45.6784],[9.79677,45.67846],[9.79604,45.67881]]},"properties":{}},{"type":"Feature","geometry":{"type":"LineString","coordinates":[[9.80411,45.67727],[9.80421,45.67729],[9.80429,45.67737],[9.80438,45.6775],[9.80448,45.67774],[9.80447,45.67808],[9.80451,45.67822],[9.80458,45.67833],[9.8046,45.67879],[9.80467,45.67903],[9.80467,45.67913],[9.80461,45.6793],[9.80472,45.67942],[9.80479,45.67956],[9.80482,45.67973],[9.80488,45.67986],[9.80503,45.67996],[9.80517,45.68002],[9.80534,45.68004],[9.80567,45.68001],[9.80604,45.68005]]},"properties":{}},{"type":"Feature","geometry":{"type":"LineString","coordinates":[[9.79758,45.67866],[9.79744,45.6787]]},"properties":{}},{"type":"Feature","geometry":{"type":"LineString","coordinates":[[9.79604,45.67881],[9.79583,45.67892]]},"properties":{}},{"type":"Feature","geometry":{"type":"LineString","coordinates":[[9.79322,45.68039],[9.79314,45.68041]]},"properties":{}},{"type":"Feature","geometry":{"type":"LineString","coordinates":[[9.79063,45.68136],[9.79022,45.68137]]},"properties":{}},{"type":"Feature","geometry":{"type":"LineString","coordinates":[[9.79021,45.68145],[9.79022,45.68137]]},"properties":{}},{"type":"Feature","geometry":{"type":"LineString","coordinates":[[9.79073,45.68147],[9.79063,45.68136]]},"properties":{}},{"type":"Feature","geometry":{"type":"LineString","coordinates":[[9.8088,45.67906],[9.80875,45.67894]]},"properties":{}},{"type":"Feature","geometry":{"type":"LineString","coordinates":[[9.79583,45.67892],[9.79532,45.67918]]},"properties":{}},{"type":"Feature","geometry":{"type":"LineString","coordinates":[[9.79532,45.67918],[9.79516,45.67926]]},"properties":{}},{"type":"Feature","geometry":{"type":"LineString","coordinates":[[9.79516,45.67926],[9.79423,45.67973],[9.79413,45.67984]]},"properties":{}},{"type":"Feature","geometry":{"type":"LineString","coordinates":[[9.80867,45.68048],[9.80869,45.68036],[9.80885,45.68004],[9.80892,45.67973],[9.80888,45.67929],[9.8088,45.67906]]},"properties":{}},{"type":"Feature","geometry":{"type":"LineString","coordinates":[[9.79413,45.67984],[9.794,45.6799]]},"properties":{}},{"type":"Feature","geometry":{"type":"LineString","coordinates":[[9.794,45.6799],[9.79395,45.67992],[9.79393,45.68004],[9.79384,45.68009]]},"properties":{}},{"type":"Feature","geometry":{"type":"LineString","coordinates":[[9.80859,45.68048],[9.80856,45.68075]]},"properties":{}},{"type":"Feature","geometry":{"type":"LineString","coordinates":[[9.80863,45.68076],[9.80867,45.68048]]},"properties":{}},{"type":"Feature","geometry":{"type":"LineString","coordinates":[[9.80877,45.68138],[9.80879,45.68136],[9.80865,45.68097],[9.80863,45.68076]]},"properties":{}},{"type":"Feature","geometry":{"type":"LineString","coordinates":[[9.80868,45.68139],[9.80877,45.68138]]},"properties":{}},{"type":"Feature","geometry":{"type":"LineString","coordinates":[[9.80439,45.68023],[9.80461,45.68072],[9.80477,45.68095],[9.80497,45.68105],[9.80512,45.68109],[9.8053,45.6812],[9.8054,45.68139],[9.80543,45.68166],[9.80541,45.68177],[9.80529,45.68201],[9.80509,45.68214],[9.80505,45.68237],[9.80515,45.6826],[9.80543,45.6828],[9.80548,45.68291],[9.80552,45.68317],[9.8061,45.68456]]},"properties":{}},{"type":"Feature","geometry":{"type":"LineString","coordinates":[[9.80965,45.68526],[9.80958,45.68524],[9.80881,45.68278],[9.80868,45.68139]]},"properties":{}},{"type":"Feature","geometry":{"type":"LineString","coordinates":[[9.82408,45.68351],[9.82418,45.68345],[9.82444,45.6834],[9.82469,45.68344],[9.8248,45.6835]]},"properties":{}},{"type":"Feature","geometry":{"type":"LineString","coordinates":[[9.8248,45.6835],[9.82489,45.68357],[9.82494,45.68368]]},"properties":{}},{"type":"Feature","geometry":{"type":"LineString","coordinates":[[9.82395,45.68369],[9.82408,45.68351]]},"properties":{}},{"type":"Feature","geometry":{"type":"LineString","coordinates":[[9.82494,45.68368],[9.82494,45.68383]]},"properties":{}},{"type":"Feature","geometry":{"type":"LineString","coordinates":[[9.82396,45.68384],[9.82395,45.68369]]},"properties":{}},{"type":"Feature","geometry":{"type":"LineString","coordinates":[[9.86488,45.68504],[9.86514,45.68501],[9.86624,45.68465],[9.86705,45.68452],[9.86834,45.68407],[9.86855,45.68394],[9.86874,45.68372],[9.86904,45.68325],[9.86906,45.68313],[9.86891,45.68256]]},"properties":{}},{"type":"Feature","geometry":{"type":"LineString","coordinates":[[9.82406,45.68398],[9.82396,45.68384]]},"properties":{}},{"type":"Feature","geometry":{"type":"LineString","coordinates":[[9.82494,45.68383],[9.82488,45.68394],[9.82469,45.68406]]},"properties":{}},{"type":"Feature","geometry":{"type":"LineString","coordinates":[[9.82413,45.68403],[9.82406,45.68398]]},"properties":{}},{"type":"Feature","geometry":{"type":"LineString","coordinates":[[9.82469,45.68406],[9.8244,45.68411],[9.82413,45.68403]]},"properties":{}},{"type":"Feature","geometry":{"type":"LineString","coordinates":[[9.82451,45.68441],[9.82443,45.68425],[9.82413,45.68403]]},"properties":{}},{"type":"Feature","geometry":{"type":"LineString","coordinates":[[9.82469,45.68406],[9.82456,45.68423],[9.82451,45.68441]]},"properties":{}},{"type":"Feature","geometry":{"type":"LineString","coordinates":[[9.835,45.68416],[9.83546,45.68457]]},"properties":{}},{"type":"Feature","geometry":{"type":"LineString","coordinates":[[9.8061,45.68456],[9.80637,45.68455]]},"properties":{}},{"type":"Feature","geometry":{"type":"LineString","coordinates":[[9.8061,45.68456],[9.80603,45.6846]]},"properties":{}},{"type":"Feature","geometry":{"type":"LineString","coordinates":[[9.82425,45.68515],[9.82445,45.68514],[9.82456,45.68506],[9.82459,45.68499],[9.8246,45.68482]]},"properties":{}},{"type":"Feature","geometry":{"type":"LineString","coordinates":[[9.82425,45.68515],[9.82304,45.68515]]},"properties":{}},{"type":"Feature","geometry":{"type":"LineString","coordinates":[[9.82474,45.68516],[9.82425,45.68515]]},"properties":{}},{"type":"Feature","geometry":{"type":"LineString","coordinates":[[9.82304,45.68515],[9.82071,45.68536]]},"properties":{}},{"type":"Feature","geometry":{"type":"LineString","coordinates":[[9.80672,45.68619],[9.80666,45.68608],[9.80655,45.68596],[9.80629,45.68577],[9.80609,45.68547],[9.80603,45.68523],[9.80603,45.68519],[9.8061,45.6851],[9.80641,45.68483],[9.80644,45.68463],[9.80642,45.68458],[9.80637,45.68455]]},"properties":{}},{"type":"Feature","geometry":{"type":"LineString","coordinates":[[9.85463,45.68571],[9.85467,45.68571]]},"properties":{}},{"type":"Feature","geometry":{"type":"LineString","coordinates":[[9.85471,45.68572],[9.85485,45.68573]]},"properties":{}},{"type":"Feature","geometry":{"type":"LineString","coordinates":[[9.85488,45.6858],[9.85478,45.68585],[9.85476,45.68579]]},"properties":{}},{"type":"Feature","geometry":{"type":"LineString","coordinates":[[9.8132,45.68598],[9.81309,45.68597]]},"properties":{}},{"type":"Feature","geometry":{"type":"LineString","coordinates":[[9.81312,45.68603],[9.81309,45.68597],[9.81302,45.68596],[9.81201,45.68601],[9.81197,45.68606]]},"properties":{}},{"type":"Feature","geometry":{"type":"LineString","coordinates":[[9.81312,45.6859],[9.81362,45.68588],[9.81411,45.68591],[9.81445,45.68598],[9.81496,45.68616]]},"properties":{}},{"type":"Feature","geometry":{"type":"LineString","coordinates":[[9.81079,45.68595],[9.81087,45.68605],[9.81078,45.68612]]},"properties":{}},{"type":"Feature","geometry":{"type":"LineString","coordinates":[[9.81312,45.68603],[9.81313,45.68606]]},"properties":{}},{"type":"Feature","geometry":{"type":"LineString","coordinates":[[9.81197,45.68606],[9.81192,45.68607]]},"properties":{}},{"type":"Feature","geometry":{"type":"LineString","coordinates":[[9.83135,45.68695],[9.83109,45.68543]]},"properties":{}},{"type":"Feature","geometry":{"type":"LineString","coordinates":[[9.81496,45.68616],[9.81527,45.68623]]},"properties":{}},{"type":"Feature","geometry":{"type":"LineString","coordinates":[[9.81532,45.68621],[9.81551,45.68622]]},"properties":{}},{"type":"Feature","geometry":{"type":"LineString","coordinates":[[9.81527,45.68623],[9.81532,45.68621]]},"properties":{}},{"type":"Feature","geometry":{"type":"LineString","coordinates":[[9.81551,45.68622],[9.81561,45.68633]]},"properties":{}},{"type":"Feature","geometry":{"type":"LineString","coordinates":[[9.81518,45.68634],[9.81527,45.68623]]},"properties":{}},{"type":"Feature","geometry":{"type":"LineString","coordinates":[[9.81538,45.68663],[9.81533,45.68657],[9.81514,45.68646],[9.8151,45.68633],[9.81505,45.68628],[9.81455,45.68608],[9.81415,45.68599],[9.81376,45.68596],[9.8132,45.68598]]},"properties":{}},{"type":"Feature","geometry":{"type":"LineString","coordinates":[[9.82023,45.68738],[9.82034,45.68708],[9.82038,45.68684],[9.82051,45.68593],[9.82071,45.68536]]},"properties":{}},{"type":"Feature","geometry":{"type":"LineString","coordinates":[[9.81561,45.68633],[9.81555,45.68646]]},"properties":{}},{"type":"Feature","geometry":{"type":"LineString","coordinates":[[9.81561,45.68633],[9.81582,45.6865]]},"properties":{}},{"type":"Feature","geometry":{"type":"LineString","coordinates":[[9.80278,45.68678],[9.80316,45.68679],[9.8036,45.68677],[9.80586,45.68631],[9.80655,45.6862],[9.80773,45.68612]]},"properties":{}},{"type":"Feature","geometry":{"type":"LineString","coordinates":[[9.81555,45.68646],[9.8155,45.68649]]},"properties":{}},{"type":"Feature","geometry":{"type":"LineString","coordinates":[[9.81582,45.6865],[9.81555,45.68646]]},"properties":{}},{"type":"Feature","geometry":{"type":"LineString","coordinates":[[9.82083,45.68638],[9.82091,45.68648],[9.8209,45.68655],[9.82083,45.68661],[9.82068,45.68663],[9.82059,45.68659],[9.82054,45.68653],[9.82054,45.68645],[9.82061,45.68639],[9.82072,45.68636],[9.82083,45.68638]]},"properties":{}},{"type":"Feature","geometry":{"type":"LineString","coordinates":[[9.8155,45.68649],[9.81533,45.6865]]},"properties":{}},{"type":"Feature","geometry":{"type":"LineString","coordinates":[[9.8155,45.68649],[9.81549,45.68669]]},"properties":{}},{"type":"Feature","geometry":{"type":"LineString","coordinates":[[9.85478,45.68585],[9.8549,45.68625],[9.85512,45.6866],[9.85582,45.68732],[9.85595,45.68731]]},"properties":{}},{"type":"Feature","geometry":{"type":"LineString","coordinates":[[9.81554,45.68659],[9.81538,45.68663]]},"properties":{}},{"type":"Feature","geometry":{"type":"LineString","coordinates":[[9.82876,45.68716],[9.83062,45.68697],[9.83135,45.68695]]},"properties":{}},{"type":"Feature","geometry":{"type":"LineString","coordinates":[[9.81853,45.68788],[9.81695,45.68701],[9.81582,45.6865]]},"properties":{}},{"type":"Feature","geometry":{"type":"LineString","coordinates":[[9.82488,45.68761],[9.82475,45.6875],[9.82475,45.68741],[9.82482,45.68733],[9.82501,45.68728],[9.8252,45.68736],[9.82524,45.68747],[9.82517,45.68757],[9.82503,45.68762],[9.82488,45.68761]]},"properties":{}},{"type":"Feature","geometry":{"type":"LineString","coordinates":[[9.81554,45.68659],[9.81566,45.68656],[9.81588,45.68664],[9.81644,45.68698],[9.81684,45.68717],[9.81722,45.68731],[9.81796,45.68772],[9.81812,45.68784],[9.81847,45.688],[9.8191,45.68835],[9.8192,45.68838]]},"properties":{}},{"type":"Feature","geometry":{"type":"LineString","coordinates":[[9.81969,45.6882],[9.81979,45.68811],[9.82002,45.68801],[9.82443,45.68758]]},"properties":{}},{"type":"Feature","geometry":{"type":"LineString","coordinates":[[9.81935,45.68826],[9.81952,45.68829],[9.81959,45.68826],[9.81955,45.68809]]},"properties":{}},{"type":"Feature","geometry":{"type":"LineString","coordinates":[[9.8192,45.68838],[9.81935,45.68826]]},"properties":{}},{"type":"Feature","geometry":{"type":"LineString","coordinates":[[9.81951,45.68843],[9.81956,45.6883]]},"properties":{}},{"type":"Feature","geometry":{"type":"LineString","coordinates":[[9.81966,45.68835],[9.81951,45.68843]]},"properties":{}},{"type":"Feature","geometry":{"type":"LineString","coordinates":[[9.82584,45.68746],[9.82598,45.68931],[9.82607,45.6893],[9.82613,45.68977]]},"properties":{}},{"type":"Feature","geometry":{"type":"LineString","coordinates":[[9.83135,45.68695],[9.83154,45.68787],[9.83158,45.68841],[9.83158,45.68921],[9.83161,45.68924],[9.83168,45.69055]]},"properties":{}},{"type":"Feature","geometry":{"type":"LineString","coordinates":[[9.82527,45.68927],[9.82539,45.68941],[9.82543,45.68966],[9.82566,45.68986]]},"properties":{}},{"type":"Feature","geometry":{"type":"LineString","coordinates":[[9.82566,45.68979],[9.82614,45.69005]]},"properties":{}},{"type":"Feature","geometry":{"type":"LineString","coordinates":[[9.82614,45.69005],[9.82643,45.6902]]},"properties":{}},{"type":"Feature","geometry":{"type":"LineString","coordinates":[[9.82643,45.6902],[9.82674,45.6903],[9.82771,45.69034]]},"properties":{}},{"type":"Feature","geometry":{"type":"LineString","coordinates":[[9.82979,45.69031],[9.82984,45.69031]]},"properties":{}},{"type":"Feature","geometry":{"type":"LineString","coordinates":[[9.82771,45.69034],[9.82782,45.69034]]},"properties":{}},{"type":"Feature","geometry":{"type":"LineString","coordinates":[[9.82782,45.69034],[9.82957,45.69041],[9.82979,45.69031]]},"properties":{}},{"type":"Feature","geometry":{"type":"LineString","coordinates":[[9.82131,45.69296],[9.82114,45.69292]]},"properties":{}},{"type":"Feature","geometry":{"type":"LineString","coordinates":[[9.83429,45.69413],[9.83429,45.69406]]},"properties":{}},{"type":"Feature","geometry":{"type":"LineString","coordinates":[[9.76548,45.68642],[9.76473,45.685]]},"properties":{}},{"type":"Feature","geometry":{"type":"LineString","coordinates":[[9.76953,45.69239],[9.76971,45.69241],[9.76996,45.69267]]},"properties":{}},{"type":"Feature","geometry":{"type":"LineString","coordinates":[[9.76996,45.69267],[9.77009,45.69274]]},"properties":{}},{"type":"Feature","geometry":{"type":"LineString","coordinates":[[9.77009,45.69274],[9.77027,45.69283]]},"properties":{}},{"type":"Feature","geometry":{"type":"LineString","coordinates":[[9.75743,45.69874],[9.75707,45.69863],[9.75678,45.69859],[9.7566,45.69848],[9.75748,45.69751],[9.75748,45.69745],[9.7579,45.69695],[9.75807,45.69683],[9.75819,45.69657],[9.75845,45.69622],[9.75867,45.69572],[9.75887,45.69517]]},"properties":{}},{"type":"Feature","geometry":{"type":"LineString","coordinates":[[9.75748,45.69751],[9.75763,45.69763],[9.75786,45.69769]]},"properties":{}},{"type":"Feature","geometry":{"type":"LineString","coordinates":[[9.76086,45.70232],[9.76078,45.70309]]},"properties":{}},{"type":"Feature","geometry":{"type":"LineString","coordinates":[[9.76078,45.70309],[9.76074,45.70361]]},"properties":{}},{"type":"Feature","geometry":{"type":"LineString","coordinates":[[9.76074,45.70361],[9.76058,45.70512],[9.76052,45.70516]]},"properties":{}},{"type":"Feature","geometry":{"type":"LineString","coordinates":[[9.76052,45.70516],[9.76042,45.70516]]},"properties":{}},{"type":"Feature","geometry":{"type":"LineString","coordinates":[[9.76042,45.70516],[9.76041,45.70518]]},"properties":{}},{"type":"Feature","geometry":{"type":"LineString","coordinates":[[9.76046,45.70519],[9.75998,45.70516],[9.75922,45.70521],[9.75924,45.70564],[9.76037,45.70563]]},"properties":{}},{"type":"Feature","geometry":{"type":"LineString","coordinates":[[9.75924,45.70564],[9.75874,45.70566]]},"properties":{}},{"type":"Feature","geometry":{"type":"LineString","coordinates":[[9.75542,45.70716],[9.75547,45.70716],[9.75549,45.7072],[9.75567,45.70728],[9.7565,45.70739],[9.75678,45.70739],[9.75719,45.70729],[9.75729,45.70719],[9.75747,45.7068],[9.75765,45.70556],[9.75924,45.70562]]},"properties":{}},{"type":"Feature","geometry":{"type":"LineString","coordinates":[[9.75756,45.70684],[9.75739,45.70725],[9.75726,45.70739],[9.75725,45.70746],[9.75731,45.70756],[9.75745,45.70763],[9.75769,45.70769],[9.7586,45.70782],[9.7587,45.70788]]},"properties":{}},{"type":"Feature","geometry":{"type":"LineString","coordinates":[[9.75,45.70586],[9.75054,45.7059],[9.75075,45.70595],[9.75208,45.70648],[9.75325,45.7069],[9.75522,45.70721],[9.7553,45.7072],[9.75532,45.70716],[9.75542,45.70716]]},"properties":{}},{"type":"Feature","geometry":{"type":"LineString","coordinates":[[9.76308,45.72481],[9.76301,45.72476]]},"properties":{}},{"type":"Feature","geometry":{"type":"LineString","coordinates":[[9.76308,45.72481],[9.76317,45.72479],[9.76349,45.72503],[9.7628,45.72571],[9.76272,45.72589],[9.76269,45.72625],[9.76256,45.72629]]},"properties":{}},{"type":"Feature","geometry":{"type":"LineString","coordinates":[[9.76256,45.72629],[9.76257,45.72636]]},"properties":{}},{"type":"Feature","geometry":{"type":"LineString","coordinates":[[9.76257,45.72636],[9.76264,45.72641],[9.76261,45.7265],[9.76167,45.72769],[9.76165,45.72775],[9.76171,45.72778]]},"properties":{}},{"type":"Feature","geometry":{"type":"LineString","coordinates":[[9.9341,45.67277],[9.93413,45.67286],[9.93419,45.67286],[9.93419,45.67282]]},"properties":{}},{"type":"Feature","geometry":{"type":"LineString","coordinates":[[9.93535,45.67316],[9.93481,45.67294],[9.93419,45.67286]]},"properties":{}},{"type":"Feature","geometry":{"type":"LineString","coordinates":[[9.92649,45.67294],[9.92617,45.67327],[9.92607,45.67351]]},"properties":{}},{"type":"Feature","geometry":{"type":"LineString","coordinates":[[9.92607,45.67351],[9.92606,45.67362]]},"properties":{}},{"type":"Feature","geometry":{"type":"LineString","coordinates":[[9.92619,45.67407],[9.92615,45.67409],[9.92608,45.67394],[9.92606,45.67362]]},"properties":{}},{"type":"Feature","geometry":{"type":"LineString","coordinates":[[9.92615,45.67409],[9.92627,45.67426],[9.92621,45.67461]]},"properties":{}},{"type":"Feature","geometry":{"type":"LineString","coordinates":[[9.92487,45.67693],[9.92444,45.67756]]},"properties":{}},{"type":"Feature","geometry":{"type":"LineString","coordinates":[[9.92463,45.67727],[9.92459,45.67726]]},"properties":{}},{"type":"Feature","geometry":{"type":"LineString","coordinates":[[9.87348,45.70849],[9.87325,45.70827],[9.87317,45.70807],[9.87313,45.70773],[9.87305,45.70753],[9.87271,45.7073],[9.87194,45.70712],[9.87094,45.70656],[9.87065,45.70647],[9.87048,45.70643],[9.86982,45.70641],[9.86925,45.70636],[9.86824,45.70616]]},"properties":{}},{"type":"Feature","geometry":{"type":"LineString","coordinates":[[9.8747,45.709],[9.87448,45.70912],[9.87348,45.70849]]},"properties":{}},{"type":"Feature","geometry":{"type":"LineString","coordinates":[[9.82063,45.69636],[9.82055,45.69632],[9.82048,45.69616],[9.82036,45.69608],[9.82035,45.69605],[9.82108,45.69358],[9.82131,45.69296]]},"properties":{}},{"type":"Feature","geometry":{"type":"LineString","coordinates":[[9.82665,45.69472],[9.82748,45.69514],[9.82752,45.6952]]},"properties":{}},{"type":"Feature","geometry":{"type":"LineString","coordinates":[[9.82062,45.69518],[9.82051,45.69517]]},"properties":{}},{"type":"Feature","geometry":{"type":"LineString","coordinates":[[9.82746,45.69526],[9.82752,45.6952]]},"properties":{}},{"type":"Feature","geometry":{"type":"LineString","coordinates":[[9.82758,45.69647],[9.82752,45.69637],[9.82746,45.69578],[9.82732,45.69534],[9.82735,45.69527],[9.82746,45.69526]]},"properties":{}},{"type":"Feature","geometry":{"type":"LineString","coordinates":[[9.84078,45.69651],[9.84233,45.6962],[9.84236,45.69611],[9.8425,45.69608]]},"properties":{}},{"type":"Feature","geometry":{"type":"LineString","coordinates":[[9.84078,45.69651],[9.84226,45.69625],[9.84253,45.69615]]},"properties":{}},{"type":"Feature","geometry":{"type":"LineString","coordinates":[[9.82061,45.69646],[9.82063,45.69636]]},"properties":{}},{"type":"Feature","geometry":{"type":"LineString","coordinates":[[9.84057,45.69657],[9.84078,45.69651]]},"properties":{}},{"type":"Feature","geometry":{"type":"LineString","coordinates":[[9.86275,45.70414],[9.86267,45.7041],[9.86243,45.7041],[9.86224,45.70405],[9.86198,45.70408],[9.86176,45.7042],[9.86154,45.70438],[9.86129,45.70449],[9.8612,45.70457]]},"properties":{}},{"type":"Feature","geometry":{"type":"LineString","coordinates":[[9.86818,45.7063],[9.86793,45.70624],[9.86766,45.70606],[9.86759,45.70594],[9.86761,45.70564],[9.86756,45.70553],[9.86697,45.70522],[9.86633,45.70515],[9.86562,45.70531],[9.86543,45.70533],[9.86495,45.70525],[9.86417,45.70529],[9.86388,45.70535],[9.86364,45.70548],[9.86309,45.70568],[9.86277,45.70576],[9.86233,45.70578],[9.86207,45.70572],[9.86163,45.70536],[9.86129,45.70521],[9.86092,45.70514],[9.85987,45.70509],[9.85933,45.70501],[9.85922,45.70492],[9.85915,45.70482],[9.8591,45.70463],[9.85939,45.70382],[9.85934,45.70357],[9.85939,45.70352]]},"properties":{}},{"type":"Feature","geometry":{"type":"LineString","coordinates":[[9.82422,45.7098],[9.82443,45.70975]]},"properties":{}},{"type":"Feature","geometry":{"type":"LineString","coordinates":[[9.82443,45.70975],[9.82429,45.70988]]},"properties":{}},{"type":"Feature","geometry":{"type":"LineString","coordinates":[[9.82422,45.7098],[9.82429,45.70988]]},"properties":{}},{"type":"Feature","geometry":{"type":"LineString","coordinates":[[9.82337,45.70995],[9.82422,45.7098]]},"properties":{}},{"type":"Feature","geometry":{"type":"LineString","coordinates":[[9.82429,45.70988],[9.82423,45.70991]]},"properties":{}},{"type":"Feature","geometry":{"type":"LineString","coordinates":[[9.82423,45.70991],[9.8234,45.71002]]},"properties":{}},{"type":"Feature","geometry":{"type":"LineString","coordinates":[[9.82317,45.71001],[9.82337,45.70995]]},"properties":{}},{"type":"Feature","geometry":{"type":"LineString","coordinates":[[9.8234,45.71002],[9.82337,45.70995]]},"properties":{}},{"type":"Feature","geometry":{"type":"LineString","coordinates":[[9.8234,45.71002],[9.82317,45.71001]]},"properties":{}},{"type":"Feature","geometry":{"type":"LineString","coordinates":[[9.87841,45.71234],[9.87862,45.71223]]},"properties":{}},{"type":"Feature","geometry":{"type":"LineString","coordinates":[[9.87862,45.71223],[9.87857,45.71242]]},"properties":{}},{"type":"Feature","geometry":{"type":"LineString","coordinates":[[9.88672,45.71465],[9.88658,45.71451],[9.88629,45.71431],[9.88568,45.71399],[9.88478,45.71367],[9.88398,45.71349],[9.88383,45.71343],[9.88355,45.71316],[9.88326,45.71305],[9.88298,45.71301],[9.88157,45.71304],[9.88125,45.71296],[9.88109,45.71287],[9.88101,45.71273],[9.88095,45.71196],[9.8809,45.71179],[9.88084,45.71173],[9.88061,45.71157],[9.87968,45.71131],[9.87936,45.71116]]},"properties":{}},{"type":"Feature","geometry":{"type":"LineString","coordinates":[[9.88675,45.7148],[9.88672,45.71465]]},"properties":{}},{"type":"Feature","geometry":{"type":"LineString","coordinates":[[9.88675,45.7148],[9.88682,45.71491],[9.887,45.71509],[9.88734,45.71536],[9.88785,45.71569],[9.88822,45.71603],[9.88852,45.71644],[9.88862,45.71665],[9.8888,45.71689],[9.88941,45.71735],[9.88981,45.7182],[9.88995,45.71839]]},"properties":{}},{"type":"Feature","geometry":{"type":"LineString","coordinates":[[9.89061,45.7158],[9.89055,45.71619],[9.89055,45.7164],[9.8906,45.71649],[9.89069,45.71657],[9.89116,45.71682],[9.89122,45.71691],[9.89125,45.71716],[9.89131,45.71731],[9.89172,45.7176],[9.89168,45.7177],[9.89108,45.71825]]},"properties":{}},{"type":"Feature","geometry":{"type":"LineString","coordinates":[[9.88995,45.71839],[9.8901,45.7185]]},"properties":{}},{"type":"Feature","geometry":{"type":"LineString","coordinates":[[9.8901,45.7185],[9.89031,45.71856],[9.89051,45.71854],[9.89137,45.71836]]},"properties":{}},{"type":"Feature","geometry":{"type":"LineString","coordinates":[[9.89137,45.71836],[9.89187,45.71865],[9.89229,45.71893],[9.89335,45.71983],[9.89359,45.72007],[9.89404,45.72064],[9.89402,45.7207]]},"properties":{}},{"type":"Feature","geometry":{"type":"LineString","coordinates":[[9.895,45.72103],[9.89501,45.72097]]},"properties":{}},{"type":"Feature","geometry":{"type":"LineString","coordinates":[[9.89501,45.72097],[9.89541,45.72098],[9.89609,45.72115]]},"properties":{}},{"type":"Feature","geometry":{"type":"LineString","coordinates":[[9.89609,45.72115],[9.89617,45.72123]]},"properties":{}},{"type":"Feature","geometry":{"type":"LineString","coordinates":[[9.89617,45.72123],[9.89718,45.72152],[9.89785,45.72182],[9.89852,45.72233],[9.89904,45.72287],[9.89926,45.72297],[9.89956,45.72317],[9.89971,45.72343],[9.90004,45.72361],[9.90017,45.72381]]},"properties":{}},{"type":"Feature","geometry":{"type":"LineString","coordinates":[[9.90017,45.72381],[9.90031,45.72376]]},"properties":{}},{"type":"Feature","geometry":{"type":"LineString","coordinates":[[9.90031,45.72376],[9.90036,45.72376],[9.90042,45.72392],[9.90053,45.72406],[9.90118,45.72444],[9.90151,45.72486],[9.90151,45.72516]]},"properties":{}},{"type":"Feature","geometry":{"type":"LineString","coordinates":[[9.89526,45.72534],[9.8951,45.72502],[9.89523,45.7249],[9.89512,45.7248],[9.89536,45.72456]]},"properties":{}},{"type":"Feature","geometry":{"type":"LineString","coordinates":[[9.90151,45.72516],[9.90171,45.72524],[9.90267,45.72592],[9.90337,45.72631]]},"properties":{}},{"type":"Feature","geometry":{"type":"LineString","coordinates":[[9.90337,45.72631],[9.90254,45.72687],[9.9025,45.72694],[9.90266,45.72721]]},"properties":{}},{"type":"Feature","geometry":{"type":"LineString","coordinates":[[9.90266,45.72721],[9.90246,45.72728],[9.90276,45.72774],[9.90308,45.72811],[9.90322,45.72822],[9.90358,45.72841],[9.90441,45.72873],[9.90532,45.72896],[9.90557,45.72899],[9.906,45.72915],[9.90652,45.72918],[9.90665,45.72915]]},"properties":{}},{"type":"Feature","geometry":{"type":"LineString","coordinates":[[9.906,45.72915],[9.90607,45.7292],[9.90647,45.72923],[9.90668,45.72919]]},"properties":{}},{"type":"Feature","geometry":{"type":"LineString","coordinates":[[10.0,45.67891],[9.99799,45.67838],[9.99803,45.67831],[9.9977,45.67822],[9.99773,45.67816],[9.9963,45.67782],[9.99256,45.67702],[9.99113,45.67658],[9.98886,45.67718],[9.98846,45.67725],[9.9878,45.67725],[9.98328,45.67612],[9.98291,45.67606],[9.98276,45.67604],[9.98091,45.67614],[9.98053,45.67611],[9.97805,45.67537],[9.97782,45.67527],[9.97748,45.67509],[9.97556,45.67379],[9.9752,45.67364],[9.97364,45.6731],[9.97326,45.67302],[9.97245,45.67295],[9.97208,45.67289],[9.97125,45.67268],[9.96923,45.67198],[9.9691,45.67186],[9.96893,45.67141],[9.96856,45.67103],[9.96731,45.67036]]},"properties":{}},{"type":"Feature","geometry":{"type":"LineString","coordinates":[[9.82115,45.71052],[9.82104,45.71043],[9.82094,45.71026]]},"properties":{}},{"type":"Feature","geometry":{"type":"LineString","coordinates":[[9.82116,45.71027],[9.82112,45.71038],[9.82115,45.71052]]},"properties":{}},{"type":"Feature","geometry":{"type":"LineString","coordinates":[[9.76545,45.74392],[9.76537,45.74388]]},"properties":{}},{"type":"Feature","geometry":{"type":"LineString","coordinates":[[9.76537,45.74388],[9.7653,45.74394]]},"properties":{}},{"type":"Feature","geometry":{"type":"LineString","coordinates":[[9.76649,45.74327],[9.76895,45.74462]]},"properties":{}},{"type":"Feature","geometry":{"type":"LineString","coordinates":[[9.7653,45.74394],[9.76525,45.74404],[9.76526,45.74414],[9.76533,45.74427]]},"properties":{}},{"type":"Feature","geometry":{"type":"LineString","coordinates":[[9.76337,45.74406],[9.76341,45.74404],[9.76385,45.74439],[9.7638,45.74442]]},"properties":{}},{"type":"Feature","geometry":{"type":"LineString","coordinates":[[9.7731,45.74417],[9.77284,45.74433]]},"properties":{}},{"type":"Feature","geometry":{"type":"LineString","coordinates":[[9.76775,45.7443],[9.76783,45.74422]]},"properties":{}},{"type":"Feature","geometry":{"type":"LineString","coordinates":[[9.76533,45.74427],[9.7652,45.74432]]},"properties":{}},{"type":"Feature","geometry":{"type":"LineString","coordinates":[[9.76767,45.74437],[9.76775,45.7443]]},"properties":{}},{"type":"Feature","geometry":{"type":"LineString","coordinates":[[9.7652,45.74432],[9.76524,45.74439]]},"properties":{}},{"type":"Feature","geometry":{"type":"LineString","coordinates":[[9.76763,45.7444],[9.76767,45.74437]]},"properties":{}},{"type":"Feature","geometry":{"type":"LineString","coordinates":[[9.77052,45.74446],[9.77045,45.74447]]},"properties":{}},{"type":"Feature","geometry":{"type":"LineString","coordinates":[[9.76778,45.74561],[9.76743,45.74545],[9.76738,45.7454],[9.76736,45.74532],[9.76749,45.74516],[9.76792,45.74477],[9.76796,45.74469],[9.76792,45.7446],[9.76747,45.74428],[9.76709,45.74407],[9.76676,45.74378],[9.7665,45.74359],[9.76629,45.74351]]},"properties":{}},{"type":"Feature","geometry":{"type":"LineString","coordinates":[[9.769,45.74458],[9.76895,45.74462]]},"properties":{}},{"type":"Feature","geometry":{"type":"LineString","coordinates":[[9.76895,45.74462],[9.76893,45.74464]]},"properties":{}},{"type":"Feature","geometry":{"type":"LineString","coordinates":[[9.76895,45.74462],[9.76905,45.7447]]},"properties":{}},{"type":"Feature","geometry":{"type":"LineString","coordinates":[[9.76893,45.74464],[9.76886,45.74471]]},"properties":{}},{"type":"Feature","geometry":{"type":"LineString","coordinates":[[9.76891,45.74474],[9.76905,45.74462]]},"properties":{}},{"type":"Feature","geometry":{"type":"LineString","coordinates":[[9.77411,45.74452],[9.77401,45.74463],[9.77341,45.74497]]},"properties":{}},{"type":"Feature","geometry":{"type":"LineString","coordinates":[[9.76886,45.74471],[9.7686,45.74492]]},"properties":{}},{"type":"Feature","geometry":{"type":"LineString","coordinates":[[9.76695,45.74255],[9.76757,45.74248],[9.76879,45.74269],[9.7691,45.74286],[9.77113,45.74514],[9.7712,45.74518],[9.77155,45.74519],[9.77167,45.74525],[9.7728,45.74599],[9.77367,45.74676],[9.77382,45.74693],[9.77398,45.74718],[9.77403,45.74719],[9.77409,45.74714]]},"properties":{}},{"type":"Feature","geometry":{"type":"LineString","coordinates":[[9.76778,45.74574],[9.76752,45.74574],[9.76545,45.74392]]},"properties":{}},{"type":"Feature","geometry":{"type":"LineString","coordinates":[[9.76865,45.74496],[9.76891,45.74474]]},"properties":{}},{"type":"Feature","geometry":{"type":"LineString","coordinates":[[9.7686,45.74492],[9.76852,45.74499]]},"properties":{}},{"type":"Feature","geometry":{"type":"LineString","coordinates":[[9.76858,45.74502],[9.76865,45.74496]]},"properties":{}},{"type":"Feature","geometry":{"type":"LineString","coordinates":[[9.76966,45.74505],[9.77015,45.74494],[9.77033,45.74495]]},"properties":{}},{"type":"Feature","geometry":{"type":"LineString","coordinates":[[9.7705,45.74505],[9.77077,45.74516],[9.77078,45.74519],[9.77074,45.74521],[9.77042,45.7451],[9.77033,45.74512],[9.77024,45.74519],[9.77024,45.74526]]},"properties":{}},{"type":"Feature","geometry":{"type":"LineString","coordinates":[[9.76988,45.74519],[9.77006,45.74515],[9.77087,45.74563],[9.77126,45.74583],[9.77134,45.74584],[9.77135,45.7458],[9.77076,45.74548],[9.77075,45.74545],[9.77078,45.74545],[9.77115,45.74563],[9.77089,45.74545],[9.77087,45.74542],[9.77099,45.74541],[9.77095,45.74527],[9.77091,45.74515],[9.77072,45.74494],[9.77065,45.74495],[9.77057,45.74505],[9.7705,45.74505],[9.77024,45.74489]]},"properties":{}},{"type":"Feature","geometry":{"type":"LineString","coordinates":[[9.77024,45.74489],[9.77016,45.74487],[9.76982,45.7449],[9.77044,45.74467],[9.77043,45.74472],[9.77025,45.74483],[9.77024,45.74489]]},"properties":{}},{"type":"Feature","geometry":{"type":"LineString","coordinates":[[9.76852,45.74499],[9.76778,45.74561]]},"properties":{}},{"type":"Feature","geometry":{"type":"LineString","coordinates":[[9.76797,45.74578],[9.76784,45.74568],[9.76783,45.74563],[9.76858,45.74502]]},"properties":{}},{"type":"Feature","geometry":{"type":"LineString","coordinates":[[9.75933,45.72797],[9.75936,45.72798]]},"properties":{}},{"type":"Feature","geometry":{"type":"LineString","coordinates":[[9.75936,45.72798],[9.75945,45.728]]},"properties":{}},{"type":"Feature","geometry":{"type":"LineString","coordinates":[[9.75945,45.728],[9.75986,45.7281]]},"properties":{}},{"type":"Feature","geometry":{"type":"LineString","coordinates":[[9.75885,45.72823],[9.75893,45.72813],[9.75918,45.72811],[9.75933,45.72797]]},"properties":{}},{"type":"Feature","geometry":{"type":"LineString","coordinates":[[9.75858,45.72916],[9.75881,45.72858],[9.75885,45.72823]]},"properties":{}},{"type":"Feature","geometry":{"type":"LineString","coordinates":[[9.75874,45.72919],[9.75858,45.72949],[9.75856,45.72987]]},"properties":{}},{"type":"Feature","geometry":{"type":"LineString","coordinates":[[9.75856,45.72987],[9.7585,45.73023],[9.75836,45.73047],[9.7584,45.73069]]},"properties":{}},{"type":"Feature","geometry":{"type":"LineString","coordinates":[[9.7584,45.73069],[9.75846,45.73085],[9.75833,45.73103]]},"properties":{}},{"type":"Feature","geometry":{"type":"LineString","coordinates":[[9.75833,45.73103],[9.75827,45.73111]]},"properties":{}},{"type":"Feature","geometry":{"type":"LineString","coordinates":[[9.75827,45.73111],[9.75826,45.73113]]},"properties":{}},{"type":"Feature","geometry":{"type":"LineString","coordinates":[[9.75585,45.7349],[9.75601,45.73447],[9.75609,45.73436],[9.7565,45.73429],[9.7566,45.73422],[9.75682,45.73375],[9.75709,45.73337],[9.75725,45.73326],[9.75738,45.73306],[9.7575,45.73268],[9.75774,45.73216],[9.758,45.7319],[9.75819,45.73161]]},"properties":{}},{"type":"Feature","geometry":{"type":"LineString","coordinates":[[9.75,45.73405],[9.75058,45.73423],[9.75188,45.73474],[9.75238,45.73487],[9.75303,45.73495],[9.75377,45.73523],[9.75451,45.73544],[9.75521,45.73569]]},"properties":{}},{"type":"Feature","geometry":{"type":"LineString","coordinates":[[9.75657,45.73425],[9.75662,45.73426]]},"properties":{}},{"type":"Feature","geometry":{"type":"LineString","coordinates":[[9.75,45.7347],[9.75019,45.73475],[9.75104,45.73513]]},"properties":{}},{"type":"Feature","geometry":{"type":"LineString","coordinates":[[9.75303,45.73495],[9.75292,45.73506]]},"properties":{}},{"type":"Feature","geometry":{"type":"LineString","coordinates":[[9.75559,45.73523],[9.7558,45.73506],[9.75585,45.7349]]},"properties":{}},{"type":"Feature","geometry":{"type":"LineString","coordinates":[[9.75104,45.73513],[9.75119,45.73521]]},"properties":{}},{"type":"Feature","geometry":{"type":"LineString","coordinates":[[9.75292,45.73506],[9.75248,45.7357]]},"properties":{}},{"type":"Feature","geometry":{"type":"LineString","coordinates":[[9.75521,45.73569],[9.75548,45.73559],[9.75555,45.73553],[9.75553,45.73537],[9.75559,45.73523]]},"properties":{}},{"type":"Feature","geometry":{"type":"LineString","coordinates":[[9.75119,45.73521],[9.75127,45.73526],[9.75139,45.73544],[9.75243,45.73577]]},"properties":{}},{"type":"Feature","geometry":{"type":"LineString","coordinates":[[9.75521,45.73569],[9.75526,45.73579],[9.75534,45.73583],[9.75565,45.73583]]},"properties":{}},{"type":"Feature","geometry":{"type":"LineString","coordinates":[[9.75248,45.7357],[9.75243,45.73577],[9.75264,45.73584],[9.75268,45.73597]]},"properties":{}},{"type":"Feature","geometry":{"type":"LineString","coordinates":[[9.75565,45.73583],[9.75588,45.73594]]},"properties":{}},{"type":"Feature","geometry":{"type":"LineString","coordinates":[[9.75268,45.73597],[9.75265,45.73619]]},"properties":{}},{"type":"Feature","geometry":{"type":"LineString","coordinates":[[9.75265,45.73619],[9.75147,45.73615],[9.75093,45.73608],[9.75037,45.73595],[9.75025,45.736],[9.75017,45.73618],[9.75,45.73639]]},"properties":{}},{"type":"Feature","geometry":{"type":"LineString","coordinates":[[9.75019,45.73628],[9.75011,45.73624]]},"properties":{}},{"type":"Feature","geometry":{"type":"LineString","coordinates":[[9.75588,45.73594],[9.75611,45.73604],[9.75708,45.73673],[9.75831,45.73715],[9.75894,45.7374],[9.75996,45.73772],[9.76094,45.73795],[9.76164,45.73789]]},"properties":{}},{"type":"Feature","geometry":{"type":"LineString","coordinates":[[9.76144,45.73774],[9.76203,45.73782]]},"properties":{}},{"type":"Feature","geometry":{"type":"LineString","coordinates":[[9.76202,45.73794],[9.76203,45.73782]]},"properties":{}},{"type":"Feature","geometry":{"type":"LineString","coordinates":[[9.76164,45.73789],[9.76202,45.73794]]},"properties":{}},{"type":"Feature","geometry":{"type":"LineString","coordinates":[[9.76202,45.73794],[9.76203,45.73803]]},"properties":{}},{"type":"Feature","geometry":{"type":"LineString","coordinates":[[9.76203,45.73782],[9.76274,45.73791],[9.76347,45.73809],[9.76436,45.73838]]},"properties":{}},{"type":"Feature","geometry":{"type":"LineString","coordinates":[[9.76203,45.73803],[9.76215,45.73862]]},"properties":{}},{"type":"Feature","geometry":{"type":"LineString","coordinates":[[9.76436,45.73838],[9.76464,45.73845]]},"properties":{}},{"type":"Feature","geometry":{"type":"LineString","coordinates":[[9.75073,45.7391],[9.75,45.73865]]},"properties":{}},{"type":"Feature","geometry":{"type":"LineString","coordinates":[[9.75,45.73819],[9.75055,45.73832],[9.75115,45.73855],[9.75191,45.73874],[9.75257,45.73902],[9.75284,45.73906],[9.75291,45.73908],[9.75294,45.73915]]},"properties":{}},{"type":"Feature","geometry":{"type":"LineString","coordinates":[[9.7514,45.73862],[9.75146,45.7388],[9.75166,45.73869]]},"properties":{}},{"type":"Feature","geometry":{"type":"LineString","coordinates":[[9.75146,45.7388],[9.75138,45.73894]]},"properties":{}},{"type":"Feature","geometry":{"type":"LineString","coordinates":[[9.76215,45.73862],[9.76217,45.7387],[9.7623,45.73874],[9.76281,45.73884],[9.76318,45.73886],[9.76361,45.73903],[9.76367,45.73909],[9.76369,45.73918],[9.76367,45.73927],[9.76352,45.7395],[9.76356,45.73951]]},"properties":{}},{"type":"Feature","geometry":{"type":"LineString","coordinates":[[9.75971,45.73998],[9.7597,45.73984],[9.75994,45.73912],[9.75986,45.73908],[9.75938,45.73911],[9.75876,45.73908],[9.75726,45.73909],[9.75613,45.73899],[9.75597,45.739],[9.7559,45.73906]]},"properties":{}},{"type":"Feature","geometry":{"type":"LineString","coordinates":[[9.76356,45.73951],[9.76361,45.73953]]},"properties":{}},{"type":"Feature","geometry":{"type":"LineString","coordinates":[[9.76361,45.73953],[9.76367,45.73955]]},"properties":{}},{"type":"Feature","geometry":{"type":"LineString","coordinates":[[9.75369,45.7398],[9.75154,45.7394],[9.75115,45.73929]]},"properties":{}},{"type":"Feature","geometry":{"type":"LineString","coordinates":[[9.75335,45.74042],[9.75369,45.73981]]},"properties":{}},{"type":"Feature","geometry":{"type":"LineString","coordinates":[[9.76361,45.73953],[9.76301,45.74038],[9.76257,45.74094]]},"properties":{}},{"type":"Feature","geometry":{"type":"LineString","coordinates":[[9.75929,45.7408],[9.75927,45.74079],[9.75937,45.74054],[9.75967,45.74021],[9.75971,45.73998]]},"properties":{}},{"type":"Feature","geometry":{"type":"LineString","coordinates":[[9.75803,45.74061],[9.75657,45.74033]]},"properties":{}},{"type":"Feature","geometry":{"type":"LineString","coordinates":[[9.75325,45.74067],[9.75335,45.74042]]},"properties":{}},{"type":"Feature","geometry":{"type":"LineString","coordinates":[[9.75,45.74009],[9.75116,45.7401],[9.75159,45.74013],[9.75208,45.74024],[9.75185,45.74061],[9.75161,45.74107],[9.75155,45.74106]]},"properties":{}},{"type":"Feature","geometry":{"type":"LineString","coordinates":[[9.75906,45.74093],[9.75803,45.74061]]},"properties":{}},{"type":"Feature","geometry":{"type":"LineString","coordinates":[[9.75934,45.7408],[9.75929,45.7408]]},"properties":{}},{"type":"Feature","geometry":{"type":"LineString","coordinates":[[9.7531,45.74118],[9.75306,45.74118],[9.75314,45.74091],[9.75325,45.74069],[9.7531,45.7406]]},"properties":{}},{"type":"Feature","geometry":{"type":"LineString","coordinates":[[9.76221,45.74089],[9.76239,45.74096],[9.7625,45.74092]]},"properties":{}},{"type":"Feature","geometry":{"type":"LineString","coordinates":[[9.76213,45.74097],[9.76221,45.74089]]},"properties":{}},{"type":"Feature","geometry":{"type":"LineString","coordinates":[[9.76367,45.73955],[9.76383,45.73961],[9.76392,45.73971],[9.76405,45.73979],[9.76468,45.74033],[9.76515,45.74091],[9.76554,45.74124],[9.76589,45.74142],[9.76673,45.74208],[9.76688,45.74229],[9.76688,45.74238]]},"properties":{}},{"type":"Feature","geometry":{"type":"LineString","coordinates":[[9.76217,45.74093],[9.76238,45.741]]},"properties":{}},{"type":"Feature","geometry":{"type":"LineString","coordinates":[[9.76241,45.741],[9.76257,45.74094]]},"properties":{}},{"type":"Feature","geometry":{"type":"LineString","coordinates":[[9.76225,45.74107],[9.76217,45.74093]]},"properties":{}},{"type":"Feature","geometry":{"type":"LineString","coordinates":[[9.76238,45.741],[9.76241,45.741]]},"properties":{}},{"type":"Feature","geometry":{"type":"LineString","coordinates":[[9.76241,45.741],[9.76255,45.74105]]},"properties":{}},{"type":"Feature","geometry":{"type":"LineString","coordinates":[[9.76225,45.74107],[9.76238,45.741]]},"properties":{}},{"type":"Feature","geometry":{"type":"LineString","coordinates":[[9.76218,45.7413],[9.76187,45.74124],[9.76124,45.74116],[9.76018,45.74094],[9.75934,45.7408]]},"properties":{}},{"type":"Feature","geometry":{"type":"LineString","coordinates":[[9.75906,45.74093],[9.75956,45.74109],[9.75973,45.74124]]},"properties":{}},{"type":"Feature","geometry":{"type":"LineString","coordinates":[[9.76225,45.74119],[9.76223,45.74115],[9.76225,45.74107]]},"properties":{}},{"type":"Feature","geometry":{"type":"LineString","coordinates":[[9.76213,45.74097],[9.76219,45.74102],[9.7622,45.74106],[9.76221,45.74125],[9.76218,45.7413]]},"properties":{}},{"type":"Feature","geometry":{"type":"LineString","coordinates":[[9.76255,45.74105],[9.76258,45.74109],[9.76257,45.74117],[9.76241,45.74125]]},"properties":{}},{"type":"Feature","geometry":{"type":"LineString","coordinates":[[9.76241,45.74125],[9.76225,45.74119]]},"properties":{}},{"type":"Feature","geometry":{"type":"LineString","coordinates":[[9.75155,45.74108],[9.75212,45.74126],[9.75241,45.74141]]},"properties":{}},{"type":"Feature","geometry":{"type":"LineString","coordinates":[[9.7622,45.74142],[9.76225,45.7413],[9.76225,45.74119]]},"properties":{}},{"type":"Feature","geometry":{"type":"LineString","coordinates":[[9.76214,45.74138],[9.76218,45.7413]]},"properties":{}},{"type":"Feature","geometry":{"type":"LineString","coordinates":[[9.75973,45.74124],[9.76003,45.74141],[9.76086,45.74166],[9.76093,45.74165],[9.76127,45.74178]]},"properties":{}},{"type":"Feature","geometry":{"type":"LineString","coordinates":[[9.76195,45.74172],[9.76214,45.74138]]},"properties":{}},{"type":"Feature","geometry":{"type":"LineString","coordinates":[[9.7622,45.74142],[9.76205,45.74168]]},"properties":{}},{"type":"Feature","geometry":{"type":"LineString","coordinates":[[9.76205,45.74168],[9.76201,45.74174]]},"properties":{}},{"type":"Feature","geometry":{"type":"LineString","coordinates":[[9.76195,45.74172],[9.76201,45.74174]]},"properties":{}},{"type":"Feature","geometry":{"type":"LineString","coordinates":[[9.76201,45.74174],[9.76206,45.74175]]},"properties":{}},{"type":"Feature","geometry":{"type":"LineString","coordinates":[[9.76187,45.74183],[9.76195,45.74172]]},"properties":{}},{"type":"Feature","geometry":{"type":"LineString","coordinates":[[9.75241,45.74141],[9.75262,45.74153],[9.75314,45.742],[9.75342,45.74214]]},"properties":{}},{"type":"Feature","geometry":{"type":"LineString","coordinates":[[9.76298,45.74197],[9.76205,45.74168]]},"properties":{}},{"type":"Feature","geometry":{"type":"LineString","coordinates":[[9.76127,45.74178],[9.76166,45.7419],[9.76178,45.74189],[9.76187,45.74183]]},"properties":{}},{"type":"Feature","geometry":{"type":"LineString","coordinates":[[9.75,45.74182],[9.75138,45.74217]]},"properties":{}},{"type":"Feature","geometry":{"type":"LineString","coordinates":[[9.76298,45.74197],[9.76304,45.74205]]},"properties":{}},{"type":"Feature","geometry":{"type":"LineString","coordinates":[[9.76206,45.74175],[9.76472,45.74257]]},"properties":{}},{"type":"Feature","geometry":{"type":"LineString","coordinates":[[9.76464,45.73845],[9.7651,45.73862],[9.76513,45.73894],[9.76522,45.7391],[9.7653,45.73963],[9.76543,45.73989],[9.76546,45.7402],[9.76549,45.74027],[9.76606,45.74086],[9.76671,45.74143],[9.76739,45.74188],[9.76812,45.74211],[9.76904,45.74234],[9.77002,45.74227],[9.77016,45.74228],[9.77045,45.74237],[9.77068,45.74249],[9.7708,45.74256],[9.77109,45.743],[9.77143,45.74327],[9.77213,45.74369],[9.77233,45.74393],[9.77273,45.7442],[9.77303,45.74457],[9.77341,45.74497],[9.77359,45.74543],[9.77384,45.74579],[9.77414,45.74607],[9.77475,45.74642]]},"properties":{}},{"type":"Feature","geometry":{"type":"LineString","coordinates":[[9.76688,45.74238],[9.76695,45.74255]]},"properties":{}},{"type":"Feature","geometry":{"type":"LineString","coordinates":[[9.76695,45.74255],[9.76674,45.74257],[9.76659,45.74263]]},"properties":{}},{"type":"Feature","geometry":{"type":"LineString","coordinates":[[9.76659,45.74263],[9.76649,45.74258]]},"properties":{}},{"type":"Feature","geometry":{"type":"LineString","coordinates":[[9.76472,45.74257],[9.76499,45.74266]]},"properties":{}},{"type":"Feature","geometry":{"type":"LineString","coordinates":[[9.76649,45.74258],[9.76633,45.74269],[9.76619,45.74292],[9.76616,45.74308]]},"properties":{}},{"type":"Feature","geometry":{"type":"LineString","coordinates":[[9.76499,45.74266],[9.76597,45.74304]]},"properties":{}},{"type":"Feature","geometry":{"type":"LineString","coordinates":[[9.76501,45.74285],[9.76479,45.74287]]},"properties":{}},{"type":"Feature","geometry":{"type":"LineString","coordinates":[[9.76585,45.74318],[9.76567,45.74306],[9.76515,45.74286],[9.76501,45.74285]]},"properties":{}},{"type":"Feature","geometry":{"type":"LineString","coordinates":[[9.76616,45.74308],[9.76607,45.74322]]},"properties":{}},{"type":"Feature","geometry":{"type":"LineString","coordinates":[[9.76597,45.74304],[9.76649,45.74327]]},"properties":{}},{"type":"Feature","geometry":{"type":"LineString","coordinates":[[9.76479,45.74287],[9.76472,45.74285],[9.76466,45.74273],[9.76457,45.74274],[9.76453,45.74277],[9.76451,45.74302],[9.76441,45.74318],[9.76402,45.74344],[9.76378,45.74366],[9.76372,45.74366]]},"properties":{}},{"type":"Feature","geometry":{"type":"LineString","coordinates":[[9.76599,45.74324],[9.76585,45.74318]]},"properties":{}},{"type":"Feature","geometry":{"type":"LineString","coordinates":[[9.76607,45.74322],[9.76614,45.74329],[9.7661,45.74348]]},"properties":{}},{"type":"Feature","geometry":{"type":"LineString","coordinates":[[9.76604,45.74347],[9.76604,45.74332],[9.76599,45.74324]]},"properties":{}},{"type":"Feature","geometry":{"type":"LineString","coordinates":[[9.76424,45.7433],[9.76396,45.74317],[9.76387,45.74315],[9.76368,45.7432],[9.76357,45.74333],[9.76359,45.74341],[9.76383,45.74361]]},"properties":{}},{"type":"Feature","geometry":{"type":"LineString","coordinates":[[9.7661,45.74348],[9.76604,45.74347]]},"properties":{}},{"type":"Feature","geometry":{"type":"LineString","coordinates":[[9.76615,45.74349],[9.7661,45.74348]]},"properties":{}},{"type":"Feature","geometry":{"type":"LineString","coordinates":[[9.76629,45.74351],[9.76615,45.74349]]},"properties":{}},{"type":"Feature","geometry":{"type":"LineString","coordinates":[[9.77233,45.74393],[9.7727,45.74333],[9.77274,45.74318]]},"properties":{}},{"type":"Feature","geometry":{"type":"LineString","coordinates":[[9.76604,45.74347],[9.76595,45.74347],[9.76579,45.74356],[9.76545,45.74392]]},"properties":{}},{"type":"Feature","geometry":{"type":"LineString","coordinates":[[9.76239,45.7436],[9.76288,45.74379],[9.76323,45.74396],[9.76337,45.74406]]},"properties":{}},{"type":"Feature","geometry":{"type":"LineString","coordinates":[[9.76778,45.74574],[9.76775,45.74569],[9.76778,45.74561]]},"properties":{}},{"type":"Feature","geometry":{"type":"LineString","coordinates":[[9.76775,45.74569],[9.76784,45.74568]]},"properties":{}},{"type":"Feature","geometry":{"type":"LineString","coordinates":[[9.76905,45.7447],[9.77254,45.74674],[9.77265,45.74677],[9.77273,45.74685],[9.77318,45.74709],[9.7733,45.74705]]},"properties":{}},{"type":"Feature","geometry":{"type":"LineString","coordinates":[[9.77526,45.74685],[9.77607,45.74602],[9.77606,45.74598],[9.77564,45.74572],[9.77564,45.74561]]},"properties":{}},{"type":"Feature","geometry":{"type":"LineString","coordinates":[[9.77475,45.74642],[9.7748,45.74642],[9.7748,45.74647]]},"properties":{}},{"type":"Feature","geometry":{"type":"LineString","coordinates":[[9.77474,45.74647],[9.77475,45.74642]]},"properties":{}},{"type":"Feature","geometry":{"type":"LineString","coordinates":[[9.7748,45.74647],[9.77474,45.74647]]},"properties":{}},{"type":"Feature","geometry":{"type":"LineString","coordinates":[[9.77473,45.74651],[9.77474,45.74647]]},"properties":{}},{"type":"Feature","geometry":{"type":"LineString","coordinates":[[9.77409,45.74714],[9.77473,45.74651]]},"properties":{}},{"type":"Feature","geometry":{"type":"LineString","coordinates":[[9.7748,45.74647],[9.77506,45.74673],[9.77549,45.74697],[9.77583,45.74712],[9.77673,45.74731],[9.77693,45.74733],[9.77721,45.74728],[9.7782,45.747],[9.77859,45.74696],[9.77887,45.74694],[9.77995,45.74701],[9.78037,45.74707],[9.78075,45.74704]]},"properties":{}},{"type":"Feature","geometry":{"type":"LineString","coordinates":[[9.77341,45.74697],[9.77378,45.74688]]},"properties":{}},{"type":"Feature","geometry":{"type":"LineString","coordinates":[[9.7733,45.74705],[9.77341,45.74697]]},"properties":{}},{"type":"Feature","geometry":{"type":"LineString","coordinates":[[9.77364,45.74757],[9.77359,45.74748],[9.7734,45.74735],[9.77203,45.74657]]},"properties":{}},{"type":"Feature","geometry":{"type":"LineString","coordinates":[[9.78075,45.74704],[9.78089,45.74718]]},"properties":{}},{"type":"Feature","geometry":{"type":"LineString","coordinates":[[9.7725,45.74861],[9.77252,45.74855],[9.7725,45.74851],[9.77143,45.74796],[9.77122,45.7479],[9.77051,45.74756],[9.76922,45.7467],[9.76895,45.74655],[9.76778,45.74574]]},"properties":{}},{"type":"Feature","geometry":{"type":"LineString","coordinates":[[9.77407,45.74717],[9.7741,45.74718]]},"properties":{}},{"type":"Feature","geometry":{"type":"LineString","coordinates":[[9.7741,45.74718],[9.77404,45.74722],[9.77386,45.74722]]},"properties":{}},{"type":"Feature","geometry":{"type":"LineString","coordinates":[[9.77386,45.74722],[9.77373,45.74729]]},"properties":{}},{"type":"Feature","geometry":{"type":"LineString","coordinates":[[9.77373,45.74729],[9.77367,45.74733]]},"properties":{}},{"type":"Feature","geometry":{"type":"LineString","coordinates":[[9.77367,45.74733],[9.77358,45.74738]]},"properties":{}},{"type":"Feature","geometry":{"type":"LineString","coordinates":[[9.77358,45.74738],[9.77352,45.74743]]},"properties":{}},{"type":"Feature","geometry":{"type":"LineString","coordinates":[[9.7741,45.74718],[9.77429,45.74732],[9.77489,45.74761],[9.77597,45.74797]]},"properties":{}},{"type":"Feature","geometry":{"type":"LineString","coordinates":[[9.78275,45.74797],[9.78267,45.74773],[9.7827,45.74768],[9.78298,45.7476]]},"properties":{}},{"type":"Feature","geometry":{"type":"LineString","coordinates":[[9.77365,45.74781],[9.77375,45.74785]]},"properties":{}},{"type":"Feature","geometry":{"type":"LineString","coordinates":[[9.77275,45.74844],[9.77364,45.74757]]},"properties":{}},{"type":"Feature","geometry":{"type":"LineString","coordinates":[[9.77356,45.7474],[9.77377,45.7475],[9.7737,45.74776],[9.7736,45.74786],[9.7732,45.7481],[9.77262,45.74867]]},"properties":{}},{"type":"Feature","geometry":{"type":"LineString","coordinates":[[9.77268,45.74841],[9.77275,45.74844]]},"properties":{}},{"type":"Feature","geometry":{"type":"LineString","coordinates":[[9.77275,45.74844],[9.77282,45.74848]]},"properties":{}},{"type":"Feature","geometry":{"type":"LineString","coordinates":[[9.77266,45.74853],[9.77275,45.74844]]},"properties":{}},{"type":"Feature","geometry":{"type":"LineString","coordinates":[[9.7725,45.74861],[9.77262,45.74867]]},"properties":{}},{"type":"Feature","geometry":{"type":"LineString","coordinates":[[9.91069,45.74614],[9.91083,45.74597],[9.91086,45.74585],[9.91083,45.74572],[9.91069,45.74539],[9.91057,45.7449],[9.91058,45.74473],[9.91067,45.74457],[9.91073,45.74427],[9.91062,45.74375],[9.91066,45.74358],[9.91076,45.74338]]},"properties":{}},{"type":"Feature","geometry":{"type":"LineString","coordinates":[[9.77243,45.74875],[9.77266,45.74853]]},"properties":{}},{"type":"Feature","geometry":{"type":"LineString","coordinates":[[9.77237,45.74872],[9.7725,45.74861]]},"properties":{}},{"type":"Feature","geometry":{"type":"LineString","coordinates":[[9.77262,45.74867],[9.77251,45.74878],[9.77244,45.7488],[9.77201,45.74922]]},"properties":{}},{"type":"Feature","geometry":{"type":"LineString","coordinates":[[9.77201,45.74922],[9.772,45.74936]]},"properties":{}},{"type":"Feature","geometry":{"type":"LineString","coordinates":[[9.772,45.74936],[9.772,45.74943]]},"properties":{}},{"type":"Feature","geometry":{"type":"LineString","coordinates":[[9.78028,45.75],[9.78022,45.74991],[9.77892,45.74938]]},"properties":{}},{"type":"Feature","geometry":{"type":"LineString","coordinates":[[9.78578,45.74992],[9.78569,45.75]]},"properties":{}},{"type":"Feature","geometry":{"type":"LineString","coordinates":[[9.78342,45.74982],[9.78321,45.74988],[9.78295,45.74988],[9.78272,45.74991],[9.78242,45.75]]},"properties":{}},{"type":"Feature","geometry":{"type":"LineString","coordinates":[[9.78387,45.75],[9.78376,45.74988],[9.78369,45.74984],[9.78342,45.74982]]},"properties":{}},{"type":"Feature","geometry":{"type":"LineString","coordinates":[[9.78089,45.74718],[9.7813,45.74735],[9.78149,45.74731],[9.78243,45.74791],[9.78275,45.74797],[9.78305,45.7482],[9.78351,45.7484],[9.78445,45.74898],[9.78483,45.74926],[9.78493,45.74955],[9.78502,45.74966],[9.78545,45.75]]},"properties":{}}]}