{"type":"FeatureCollection","features":[{"type":"Feature","geometry":{"type":"LineString","coordinates":[[10.49321,45.50086],[10.49319,45.50093],[10.4933,45.50113],[10.4933,45.5012],[10.49318,45.50158],[10.4931,45.50198],[10.49308,45.50271]]},"properties":{}},{"type":"Feature","geometry":{"type":"LineString","coordinates":[[10.49308,45.50271],[10.49331,45.50271],[10.49337,45.50299]]},"properties":{}},{"type":"Feature","geometry":{"type":"LineString","coordinates":[[10.49337,45.50299],[10.49345,45.50311],[10.49352,45.50337],[10.49382,45.50375],[10.49406,45.50391],[10.49439,45.504],[10.49481,45.50447],[10.49604,45.50484]]},"properties":{}},{"type":"Feature","geometry":{"type":"LineString","coordinates":[[10.41112,45.50349],[10.41188,45.50244],[10.41216,45.5019],[10.41231,45.5014],[10.41247,45.5]]},"properties":{}},{"type":"Feature","geometry":{"type":"LineString","coordinates":[[10.34826,45.5],[10.34822,45.5001],[10.34804,45.50006]]},"properties":{}},{"type":"Feature","geometry":{"type":"LineString","coordinates":[[10.38983,45.5],[10.3888,45.50011],[10.38728,45.50033],[10.38418,45.50072],[10.38363,45.50075],[10.38305,45.50085],[10.3821,45.50098],[10.37778,45.50146],[10.37279,45.50208],[10.37262,45.50206]]},"properties":{}},{"type":"Feature","geometry":{"type":"LineString","coordinates":[[10.38115,45.50108],[10.38114,45.50104]]},"properties":{}},{"type":"Feature","geometry":{"type":"LineString","coordinates":[[10.41221,45.50212],[10.41203,45.50218]]},"properties":{}},{"type":"Feature","geometry":{"type":"LineString","coordinates":[[10.41203,45.50218],[10.41202,45.50218]]},"properties":{}},{"type":"Feature","geometry":{"type":"LineString","coordinates":[[10.41453,45.50348],[10.41512,45.50372],[10.41551,45.50381],[10.41607,45.50384],[10.41683,45.50384],[10.41689,45.50389]]},"properties":{}},{"type":"Feature","geometry":{"type":"LineString","coordinates":[[10.35638,45.50326],[10.35665,45.50448],[10.35678,45.5046],[10.35686,45.50505],[10.35678,45.50523],[10.3569,45.50577],[10.35697,45.50588],[10.35713,45.50605],[10.35747,45.5062],[10.35833,45.50612],[10.35834,45.50616]]},"properties":{}},{"type":"Feature","geometry":{"type":"LineString","coordinates":[[10.35686,45.50495],[10.35861,45.50475],[10.35875,45.50466],[10.35886,45.50464]]},"properties":{}},{"type":"Feature","geometry":{"type":"LineString","coordinates":[[10.36164,45.50568],[10.35925,45.50461],[10.35886,45.50464]]},"properties":{}},{"type":"Feature","geometry":{"type":"LineString","coordinates":[[10.36118,45.50742],[10.36134,45.5074],[10.36175,45.50643],[10.36175,45.5063],[10.36184,45.50592],[10.36182,45.50584],[10.36164,45.50568],[10.36171,45.5056],[10.36199,45.5055],[10.36252,45.50482],[10.36267,45.50479]]},"properties":{}},{"type":"Feature","geometry":{"type":"LineString","coordinates":[[10.41112,45.50349],[10.41083,45.50397],[10.41006,45.50557],[10.40995,45.5056],[10.40903,45.50559],[10.40887,45.50561],[10.40875,45.50565],[10.40708,45.50653],[10.40599,45.50751],[10.40465,45.50789],[10.40453,45.50795],[10.40447,45.50802],[10.40405,45.5092],[10.40359,45.5097],[10.40328,45.51034],[10.40326,45.51081],[10.4033,45.51144]]},"properties":{}},{"type":"Feature","geometry":{"type":"LineString","coordinates":[[10.36111,45.50753],[10.36118,45.50742]]},"properties":{}},{"type":"Feature","geometry":{"type":"LineString","coordinates":[[10.37341,45.50883],[10.37261,45.50853],[10.36898,45.50691],[10.36878,45.50689]]},"properties":{}},{"type":"Feature","geometry":{"type":"LineString","coordinates":[[10.37434,45.50845],[10.37441,45.50846],[10.3745,45.50867],[10.37467,45.50881]]},"properties":{}},{"type":"Feature","geometry":{"type":"LineString","coordinates":[[10.37467,45.50894],[10.37467,45.50881]]},"properties":{}},{"type":"Feature","geometry":{"type":"LineString","coordinates":[[10.37435,45.5092],[10.37439,45.50915],[10.3744,45.50905],[10.37444,45.50901],[10.37463,45.50894],[10.37948,45.50908]]},"properties":{}},{"type":"Feature","geometry":{"type":"LineString","coordinates":[[10.35792,45.51222],[10.35986,45.50937],[10.36116,45.50768],[10.36118,45.50758],[10.36111,45.50753]]},"properties":{}},{"type":"Feature","geometry":{"type":"LineString","coordinates":[[10.37771,45.51076],[10.37768,45.51079],[10.37787,45.51089]]},"properties":{}},{"type":"Feature","geometry":{"type":"LineString","coordinates":[[10.37787,45.51089],[10.37891,45.51137]]},"properties":{}},{"type":"Feature","geometry":{"type":"LineString","coordinates":[[10.4033,45.51139],[10.40178,45.51138],[10.40113,45.51131],[10.40034,45.51116],[10.39993,45.51102],[10.39953,45.51092]]},"properties":{}},{"type":"Feature","geometry":{"type":"LineString","coordinates":[[10.39953,45.51092],[10.39999,45.51112],[10.40032,45.51121],[10.40127,45.51137],[10.4023,45.51143],[10.4033,45.51144]]},"properties":{}},{"type":"Feature","geometry":{"type":"LineString","coordinates":[[10.37891,45.51137],[10.37985,45.5118],[10.37988,45.51185],[10.37981,45.51197],[10.37936,45.51233]]},"properties":{}},{"type":"Feature","geometry":{"type":"LineString","coordinates":[[10.35757,45.51254],[10.35761,45.5125]]},"properties":{}},{"type":"Feature","geometry":{"type":"LineString","coordinates":[[10.33248,45.50706],[10.33245,45.50691],[10.33252,45.50688]]},"properties":{}},{"type":"Feature","geometry":{"type":"LineString","coordinates":[[10.33184,45.50734],[10.3319,45.50726],[10.33231,45.50718],[10.33245,45.50712],[10.33248,45.50706],[10.33268,45.5071],[10.33362,45.50683],[10.33365,45.50687]]},"properties":{}},{"type":"Feature","geometry":{"type":"LineString","coordinates":[[10.29725,45.5],[10.29713,45.50009],[10.29695,45.50012],[10.29683,45.50009],[10.29671,45.5]]},"properties":{}},{"type":"Feature","geometry":{"type":"LineString","coordinates":[[10.29718,45.50006],[10.29712,45.50029],[10.29712,45.50045]]},"properties":{}},{"type":"Feature","geometry":{"type":"LineString","coordinates":[[10.29712,45.50045],[10.29689,45.50011]]},"properties":{}},{"type":"Feature","geometry":{"type":"LineString","coordinates":[[10.27876,45.50089],[10.27885,45.50085]]},"properties":{}},{"type":"Feature","geometry":{"type":"LineString","coordinates":[[10.27895,45.50161],[10.27885,45.50144],[10.27886,45.50106],[10.27876,45.50089]]},"properties":{}},{"type":"Feature","geometry":{"type":"LineString","coordinates":[[10.2641,45.5],[10.25863,45.50457],[10.2562,45.50664]]},"properties":{}},{"type":"Feature","geometry":{"type":"LineString","coordinates":[[10.26603,45.50323],[10.26676,45.50292],[10.26832,45.50217],[10.26965,45.50166],[10.26994,45.50165],[10.27004,45.5017],[10.27009,45.50177],[10.27014,45.50199],[10.27017,45.50242],[10.27009,45.50326],[10.27002,45.50348],[10.26953,45.50415],[10.26939,45.5044],[10.26932,45.50455],[10.26936,45.50469]]},"properties":{}},{"type":"Feature","geometry":{"type":"LineString","coordinates":[[10.25351,45.50928],[10.25355,45.5091],[10.25465,45.50784],[10.25758,45.50527],[10.26394,45.5]]},"properties":{}},{"type":"Feature","geometry":{"type":"LineString","coordinates":[[10.27022,45.50439],[10.27087,45.50341]]},"properties":{}},{"type":"Feature","geometry":{"type":"LineString","coordinates":[[10.26908,45.50463],[10.26932,45.50455]]},"properties":{}},{"type":"Feature","geometry":{"type":"LineString","coordinates":[[10.2619,45.50496],[10.26111,45.50514]]},"properties":{}},{"type":"Feature","geometry":{"type":"LineString","coordinates":[[10.26438,45.50779],[10.26429,45.50767],[10.26415,45.50735],[10.26401,45.5072],[10.26397,45.50708],[10.26404,45.50679],[10.26402,45.50662],[10.26408,45.50623],[10.26428,45.50594],[10.26431,45.50585],[10.26415,45.50577],[10.26248,45.50539],[10.262,45.5052],[10.2619,45.50508],[10.2619,45.50496],[10.26201,45.50488],[10.26345,45.50432],[10.26437,45.5041],[10.2651,45.5038],[10.26543,45.50364],[10.26603,45.50323]]},"properties":{}},{"type":"Feature","geometry":{"type":"LineString","coordinates":[[10.26932,45.50748],[10.269,45.50712],[10.26867,45.50681],[10.26834,45.50638],[10.26818,45.50623],[10.26788,45.50603],[10.26777,45.5059],[10.26782,45.50544],[10.26821,45.50473],[10.26839,45.50459],[10.26908,45.50463],[10.26956,45.50472],[10.26961,45.5048]]},"properties":{}},{"type":"Feature","geometry":{"type":"LineString","coordinates":[[10.27939,45.51171],[10.27915,45.51144],[10.27861,45.51127],[10.27788,45.5104],[10.27687,45.50899],[10.27667,45.50867],[10.27606,45.50742],[10.27607,45.50736],[10.27639,45.50719],[10.27638,45.50643],[10.27628,45.50596],[10.27609,45.50537],[10.27608,45.50518],[10.27627,45.50429],[10.27634,45.50377],[10.27625,45.50248],[10.27633,45.50227],[10.27646,45.5021],[10.27664,45.50198],[10.27717,45.50181],[10.27901,45.5016]]},"properties":{}},{"type":"Feature","geometry":{"type":"LineString","coordinates":[[10.25212,45.50675],[10.25193,45.50705]]},"properties":{}},{"type":"Feature","geometry":{"type":"LineString","coordinates":[[10.2686,45.50927],[10.26964,45.50926],[10.26979,45.50922],[10.26993,45.50905],[10.26993,45.50868],[10.2699,45.50855],[10.26938,45.50723],[10.26929,45.50685],[10.26925,45.50607],[10.26929,45.5059],[10.2694,45.50585]]},"properties":{}},{"type":"Feature","geometry":{"type":"LineString","coordinates":[[10.26546,45.50871],[10.26561,45.50878],[10.26587,45.50883],[10.26728,45.50877],[10.26872,45.50895],[10.26912,45.50898],[10.2693,45.50895],[10.26947,45.50884],[10.26954,45.50866],[10.26954,45.50846],[10.26946,45.50803],[10.26948,45.50774],[10.26932,45.50748],[10.26938,45.50723]]},"properties":{}},{"type":"Feature","geometry":{"type":"LineString","coordinates":[[10.25511,45.50762],[10.2541,45.50866]]},"properties":{}},{"type":"Feature","geometry":{"type":"LineString","coordinates":[[10.26546,45.50871],[10.26532,45.50859],[10.26527,45.50846],[10.26501,45.50813],[10.26444,45.50785],[10.26438,45.50779]]},"properties":{}},{"type":"Feature","geometry":{"type":"LineString","coordinates":[[10.33241,45.50721],[10.33256,45.50701]]},"properties":{}},{"type":"Feature","geometry":{"type":"LineString","coordinates":[[10.33241,45.50721],[10.33259,45.50722]]},"properties":{}},{"type":"Feature","geometry":{"type":"LineString","coordinates":[[10.33233,45.50724],[10.33241,45.50721]]},"properties":{}},{"type":"Feature","geometry":{"type":"LineString","coordinates":[[10.33184,45.50734],[10.33233,45.50724]]},"properties":{}},{"type":"Feature","geometry":{"type":"LineString","coordinates":[[10.33365,45.50687],[10.33462,45.50828],[10.33486,45.50857],[10.33501,45.5087]]},"properties":{}},{"type":"Feature","geometry":{"type":"LineString","coordinates":[[10.32296,45.50933],[10.32329,45.50927]]},"properties":{}},{"type":"Feature","geometry":{"type":"LineString","coordinates":[[10.32276,45.50938],[10.32296,45.50933]]},"properties":{}},{"type":"Feature","geometry":{"type":"LineString","coordinates":[[10.32241,45.50947],[10.32276,45.50938]]},"properties":{}},{"type":"Feature","geometry":{"type":"LineString","coordinates":[[10.3222,45.50952],[10.32241,45.50947]]},"properties":{}},{"type":"Feature","geometry":{"type":"LineString","coordinates":[[10.32157,45.50953],[10.32167,45.50951]]},"properties":{}},{"type":"Feature","geometry":{"type":"LineString","coordinates":[[10.25,45.51174],[10.25013,45.51173],[10.25049,45.51156],[10.25124,45.5117],[10.25136,45.51167],[10.25279,45.50986],[10.25263,45.50979],[10.25263,45.50969],[10.2527,45.50959],[10.25288,45.50954],[10.25305,45.50945],[10.25323,45.5092],[10.25327,45.50897],[10.25324,45.50881],[10.25316,45.50863],[10.25172,45.50679],[10.25112,45.50647],[10.25,45.50594]]},"properties":{}},{"type":"Feature","geometry":{"type":"LineString","coordinates":[[10.2686,45.50927],[10.26577,45.50891],[10.2656,45.50883],[10.26546,45.50871]]},"properties":{}},{"type":"Feature","geometry":{"type":"LineString","coordinates":[[10.29801,45.50796],[10.29809,45.508],[10.29864,45.50931],[10.29885,45.50959],[10.29911,45.5098],[10.29948,45.51001],[10.29967,45.51005],[10.30019,45.51002]]},"properties":{}},{"type":"Feature","geometry":{"type":"LineString","coordinates":[[10.25318,45.50926],[10.25332,45.50929]]},"properties":{}},{"type":"Feature","geometry":{"type":"LineString","coordinates":[[10.25332,45.50929],[10.25338,45.50931]]},"properties":{}},{"type":"Feature","geometry":{"type":"LineString","coordinates":[[10.25338,45.50931],[10.25347,45.50934]]},"properties":{}},{"type":"Feature","geometry":{"type":"LineString","coordinates":[[10.29883,45.50957],[10.29876,45.5096]]},"properties":{}},{"type":"Feature","geometry":{"type":"LineString","coordinates":[[10.26783,45.51038],[10.26764,45.51017],[10.26717,45.51017],[10.26705,45.51015],[10.2669,45.51004],[10.2669,45.50999],[10.26719,45.50911]]},"properties":{}},{"type":"Feature","geometry":{"type":"LineString","coordinates":[[10.25528,45.50975],[10.25547,45.50981]]},"properties":{}},{"type":"Feature","geometry":{"type":"LineString","coordinates":[[10.2995,45.51004],[10.29951,45.51002]]},"properties":{}},{"type":"Feature","geometry":{"type":"LineString","coordinates":[[10.32167,45.50951],[10.32175,45.50957],[10.32187,45.50959],[10.3222,45.50952]]},"properties":{}},{"type":"Feature","geometry":{"type":"LineString","coordinates":[[10.32177,45.50964],[10.32225,45.50958]]},"properties":{}},{"type":"Feature","geometry":{"type":"LineString","coordinates":[[10.32193,45.50958],[10.322,45.50971]]},"properties":{}},{"type":"Feature","geometry":{"type":"LineString","coordinates":[[10.32153,45.50969],[10.32162,45.50962],[10.32177,45.50964]]},"properties":{}},{"type":"Feature","geometry":{"type":"LineString","coordinates":[[10.32139,45.50973],[10.32137,45.5097]]},"properties":{}},{"type":"Feature","geometry":{"type":"LineString","coordinates":[[10.32118,45.50983],[10.32153,45.50969]]},"properties":{}},{"type":"Feature","geometry":{"type":"LineString","coordinates":[[10.32143,45.50984],[10.32139,45.50973]]},"properties":{}},{"type":"Feature","geometry":{"type":"LineString","coordinates":[[10.31979,45.51008],[10.32143,45.50968],[10.32157,45.50953]]},"properties":{}},{"type":"Feature","geometry":{"type":"LineString","coordinates":[[10.322,45.50971],[10.32191,45.5098],[10.32189,45.50991]]},"properties":{}},{"type":"Feature","geometry":{"type":"LineString","coordinates":[[10.32174,45.50994],[10.32143,45.50984]]},"properties":{}},{"type":"Feature","geometry":{"type":"LineString","coordinates":[[10.3045,45.50821],[10.30436,45.5082],[10.30248,45.50909],[10.30048,45.51003],[10.30027,45.5102],[10.30014,45.51041],[10.30007,45.51066],[10.30035,45.51181],[10.30048,45.5119],[10.30061,45.5119],[10.30551,45.51116],[10.30565,45.51104],[10.30565,45.51071]]},"properties":{}},{"type":"Feature","geometry":{"type":"LineString","coordinates":[[10.30019,45.51002],[10.30024,45.51009],[10.30034,45.51015]]},"properties":{}},{"type":"Feature","geometry":{"type":"LineString","coordinates":[[10.29948,45.51007],[10.29946,45.5101]]},"properties":{}},{"type":"Feature","geometry":{"type":"LineString","coordinates":[[10.25547,45.50981],[10.25697,45.51031],[10.25758,45.51048]]},"properties":{}},{"type":"Feature","geometry":{"type":"LineString","coordinates":[[10.29976,45.51043],[10.29966,45.5104],[10.29959,45.51031],[10.2996,45.51017],[10.29976,45.51008],[10.29997,45.51009]]},"properties":{}},{"type":"Feature","geometry":{"type":"LineString","coordinates":[[10.29997,45.51009],[10.3001,45.51021],[10.30007,45.51035],[10.2999,45.51044],[10.29976,45.51043]]},"properties":{}},{"type":"Feature","geometry":{"type":"LineString","coordinates":[[10.25758,45.51048],[10.25781,45.51044],[10.2578,45.51049]]},"properties":{}},{"type":"Feature","geometry":{"type":"LineString","coordinates":[[10.30428,45.51146],[10.30447,45.51144]]},"properties":{}},{"type":"Feature","geometry":{"type":"LineString","coordinates":[[10.3034,45.5116],[10.30428,45.51146]]},"properties":{}},{"type":"Feature","geometry":{"type":"LineString","coordinates":[[10.30321,45.51163],[10.3034,45.5116]]},"properties":{}},{"type":"Feature","geometry":{"type":"LineString","coordinates":[[10.32189,45.50991],[10.32174,45.50994]]},"properties":{}},{"type":"Feature","geometry":{"type":"LineString","coordinates":[[10.31985,45.51014],[10.32118,45.50983]]},"properties":{}},{"type":"Feature","geometry":{"type":"LineString","coordinates":[[10.31962,45.51004],[10.31985,45.51014]]},"properties":{}},{"type":"Feature","geometry":{"type":"LineString","coordinates":[[10.31955,45.51014],[10.31979,45.51008]]},"properties":{}},{"type":"Feature","geometry":{"type":"LineString","coordinates":[[10.31956,45.5102],[10.31985,45.51014]]},"properties":{}},{"type":"Feature","geometry":{"type":"LineString","coordinates":[[10.3198,45.51036],[10.32087,45.5101],[10.3209,45.51015]]},"properties":{}},{"type":"Feature","geometry":{"type":"LineString","coordinates":[[10.31783,45.51034],[10.31802,45.51043],[10.31829,45.51044],[10.31955,45.51014]]},"properties":{}},{"type":"Feature","geometry":{"type":"LineString","coordinates":[[10.31854,45.51045],[10.31956,45.5102]]},"properties":{}},{"type":"Feature","geometry":{"type":"LineString","coordinates":[[10.33501,45.5087],[10.33519,45.50881],[10.33539,45.50879],[10.33563,45.50889],[10.33609,45.5092],[10.33707,45.50972],[10.34188,45.51197]]},"properties":{}},{"type":"Feature","geometry":{"type":"LineString","coordinates":[[10.31738,45.51024],[10.31747,45.51043]]},"properties":{}},{"type":"Feature","geometry":{"type":"LineString","coordinates":[[10.31768,45.51039],[10.31783,45.51034]]},"properties":{}},{"type":"Feature","geometry":{"type":"LineString","coordinates":[[10.31747,45.51043],[10.31768,45.51039]]},"properties":{}},{"type":"Feature","geometry":{"type":"LineString","coordinates":[[10.31802,45.51049],[10.31854,45.51045]]},"properties":{}},{"type":"Feature","geometry":{"type":"LineString","coordinates":[[10.31747,45.51043],[10.31753,45.51056]]},"properties":{}},{"type":"Feature","geometry":{"type":"LineString","coordinates":[[10.31828,45.51044],[10.31833,45.51056]]},"properties":{}},{"type":"Feature","geometry":{"type":"LineString","coordinates":[[10.3177,45.51057],[10.31781,45.51048],[10.31792,45.51046],[10.31802,45.51049]]},"properties":{}},{"type":"Feature","geometry":{"type":"LineString","coordinates":[[10.31819,45.51075],[10.3198,45.51036]]},"properties":{}},{"type":"Feature","geometry":{"type":"LineString","coordinates":[[10.31749,45.51065],[10.31748,45.51062]]},"properties":{}},{"type":"Feature","geometry":{"type":"LineString","coordinates":[[10.31726,45.51075],[10.3177,45.51057]]},"properties":{}},{"type":"Feature","geometry":{"type":"LineString","coordinates":[[10.31755,45.51075],[10.31749,45.51065]]},"properties":{}},{"type":"Feature","geometry":{"type":"LineString","coordinates":[[10.31846,45.51068],[10.31848,45.51071],[10.31856,45.51073]]},"properties":{}},{"type":"Feature","geometry":{"type":"LineString","coordinates":[[10.31797,45.51087],[10.31806,45.51082],[10.31818,45.51081]]},"properties":{}},{"type":"Feature","geometry":{"type":"LineString","coordinates":[[10.31753,45.51056],[10.31749,45.51061],[10.31475,45.51127]]},"properties":{}},{"type":"Feature","geometry":{"type":"LineString","coordinates":[[10.31475,45.51134],[10.31726,45.51075]]},"properties":{}},{"type":"Feature","geometry":{"type":"LineString","coordinates":[[10.30546,45.51129],[10.30545,45.51126]]},"properties":{}},{"type":"Feature","geometry":{"type":"LineString","coordinates":[[10.31833,45.51056],[10.31834,45.51058],[10.31822,45.51068],[10.31819,45.51085],[10.31875,45.51167],[10.31886,45.5121]]},"properties":{}},{"type":"Feature","geometry":{"type":"LineString","coordinates":[[10.30585,45.51141],[10.30591,45.51138]]},"properties":{}},{"type":"Feature","geometry":{"type":"LineString","coordinates":[[10.30447,45.51144],[10.305,45.51136]]},"properties":{}},{"type":"Feature","geometry":{"type":"LineString","coordinates":[[10.31867,45.51205],[10.31858,45.51172],[10.31807,45.51096],[10.3179,45.51082],[10.31778,45.51078],[10.31756,45.51077],[10.31755,45.51075]]},"properties":{}},{"type":"Feature","geometry":{"type":"LineString","coordinates":[[10.31868,45.51165],[10.31872,45.51163]]},"properties":{}},{"type":"Feature","geometry":{"type":"LineString","coordinates":[[10.30236,45.51175],[10.30321,45.51163]]},"properties":{}},{"type":"Feature","geometry":{"type":"LineString","coordinates":[[10.30218,45.51178],[10.30236,45.51175]]},"properties":{}},{"type":"Feature","geometry":{"type":"LineString","coordinates":[[10.27942,45.51187],[10.27939,45.51171]]},"properties":{}},{"type":"Feature","geometry":{"type":"LineString","coordinates":[[10.30138,45.5119],[10.30218,45.51178]]},"properties":{}},{"type":"Feature","geometry":{"type":"LineString","coordinates":[[10.27929,45.51211],[10.27926,45.51203],[10.27927,45.51196],[10.27933,45.5119],[10.27942,45.51187]]},"properties":{}},{"type":"Feature","geometry":{"type":"LineString","coordinates":[[10.27869,45.51219],[10.27851,45.51214],[10.27832,45.51199]]},"properties":{}},{"type":"Feature","geometry":{"type":"LineString","coordinates":[[10.27838,45.51204],[10.27747,45.51221],[10.27686,45.51222],[10.27624,45.51215],[10.27319,45.51225],[10.27192,45.51234],[10.27148,45.51232]]},"properties":{}},{"type":"Feature","geometry":{"type":"LineString","coordinates":[[10.3185,45.51168],[10.31859,45.51167]]},"properties":{}},{"type":"Feature","geometry":{"type":"LineString","coordinates":[[10.30604,45.51179],[10.30614,45.51177]]},"properties":{}},{"type":"Feature","geometry":{"type":"LineString","coordinates":[[10.34188,45.51197],[10.34188,45.51201],[10.34214,45.51213],[10.34212,45.51218]]},"properties":{}},{"type":"Feature","geometry":{"type":"LineString","coordinates":[[10.31869,45.51211],[10.31886,45.5121]]},"properties":{}},{"type":"Feature","geometry":{"type":"LineString","coordinates":[[10.34188,45.51197],[10.34257,45.51227]]},"properties":{}},{"type":"Feature","geometry":{"type":"LineString","coordinates":[[10.31886,45.5121],[10.31893,45.51219],[10.31898,45.5122],[10.31953,45.51217]]},"properties":{}},{"type":"Feature","geometry":{"type":"LineString","coordinates":[[10.30522,45.51132],[10.30558,45.51129],[10.30579,45.51136],[10.30588,45.51143],[10.30617,45.51212],[10.3063,45.51279],[10.30631,45.51303]]},"properties":{}},{"type":"Feature","geometry":{"type":"LineString","coordinates":[[10.31854,45.51227],[10.31869,45.5122],[10.31867,45.51205]]},"properties":{}},{"type":"Feature","geometry":{"type":"LineString","coordinates":[[10.31953,45.51217],[10.32119,45.51222]]},"properties":{}},{"type":"Feature","geometry":{"type":"LineString","coordinates":[[10.31954,45.51227],[10.31953,45.51217]]},"properties":{}},{"type":"Feature","geometry":{"type":"LineString","coordinates":[[10.30619,45.51223],[10.30625,45.51222]]},"properties":{}},{"type":"Feature","geometry":{"type":"LineString","coordinates":[[10.32119,45.51231],[10.32119,45.51222],[10.32133,45.51217],[10.32238,45.51221]]},"properties":{}},{"type":"Feature","geometry":{"type":"LineString","coordinates":[[10.34212,45.51218],[10.34198,45.51234]]},"properties":{}},{"type":"Feature","geometry":{"type":"LineString","coordinates":[[10.31853,45.51231],[10.31854,45.51227]]},"properties":{}},{"type":"Feature","geometry":{"type":"LineString","coordinates":[[10.32238,45.51221],[10.32245,45.51221],[10.32248,45.51227],[10.32256,45.51228],[10.32544,45.51241],[10.32609,45.51243],[10.32615,45.51235]]},"properties":{}},{"type":"Feature","geometry":{"type":"LineString","coordinates":[[10.31856,45.51239],[10.31853,45.51231]]},"properties":{}},{"type":"Feature","geometry":{"type":"LineString","coordinates":[[10.33347,45.51225],[10.33347,45.51231],[10.33138,45.51245]]},"properties":{}},{"type":"Feature","geometry":{"type":"LineString","coordinates":[[10.3298,45.5124],[10.32982,45.51244],[10.32986,45.51246],[10.33054,45.51242],[10.3306,45.51239],[10.33059,45.51234],[10.33061,45.51234]]},"properties":{}},{"type":"Feature","geometry":{"type":"LineString","coordinates":[[10.32628,45.51236],[10.3263,45.51242],[10.32637,45.51245],[10.32853,45.51253],[10.32957,45.51248],[10.32965,45.51245],[10.32967,45.5124]]},"properties":{}},{"type":"Feature","geometry":{"type":"LineString","coordinates":[[10.33071,45.51249],[10.32921,45.5126],[10.32917,45.51265],[10.32876,45.51267],[10.32869,45.51262],[10.32635,45.51254],[10.32628,45.51255],[10.32624,45.51262],[10.32614,45.51261],[10.32611,45.51255],[10.32599,45.51252],[10.32352,45.51241],[10.32306,45.51242],[10.32287,45.51238],[10.32057,45.51228],[10.31954,45.51227]]},"properties":{}},{"type":"Feature","geometry":{"type":"LineString","coordinates":[[10.27869,45.51219],[10.27888,45.51222],[10.27907,45.5122]]},"properties":{}},{"type":"Feature","geometry":{"type":"LineString","coordinates":[[10.27148,45.51232],[10.27128,45.51244]]},"properties":{}},{"type":"Feature","geometry":{"type":"LineString","coordinates":[[10.25,45.51239],[10.25026,45.51244],[10.25077,45.51267],[10.25092,45.51269]]},"properties":{}},{"type":"Feature","geometry":{"type":"LineString","coordinates":[[10.25119,45.51255],[10.2514,45.51259]]},"properties":{}},{"type":"Feature","geometry":{"type":"LineString","coordinates":[[10.27128,45.51244],[10.2711,45.51253],[10.27059,45.51291]]},"properties":{}},{"type":"Feature","geometry":{"type":"LineString","coordinates":[[10.2514,45.51259],[10.25138,45.51272],[10.25151,45.51281],[10.25166,45.51284]]},"properties":{}},{"type":"Feature","geometry":{"type":"LineString","coordinates":[[10.25085,45.51287],[10.25092,45.51269]]},"properties":{}},{"type":"Feature","geometry":{"type":"LineString","coordinates":[[10.30764,45.51295],[10.31179,45.51198]]},"properties":{}},{"type":"Feature","geometry":{"type":"LineString","coordinates":[[10.33138,45.51245],[10.33071,45.51249]]},"properties":{}},{"type":"Feature","geometry":{"type":"LineString","coordinates":[[10.30697,45.51318],[10.31182,45.51203]]},"properties":{}},{"type":"Feature","geometry":{"type":"LineString","coordinates":[[10.30746,45.51299],[10.30764,45.51295]]},"properties":{}},{"type":"Feature","geometry":{"type":"LineString","coordinates":[[10.30631,45.51303],[10.30636,45.51303]]},"properties":{}},{"type":"Feature","geometry":{"type":"LineString","coordinates":[[10.30651,45.51302],[10.30664,45.51301],[10.3067,45.51314],[10.30673,45.51316],[10.30746,45.51299]]},"properties":{}},{"type":"Feature","geometry":{"type":"LineString","coordinates":[[10.30455,45.51368],[10.30611,45.5133],[10.30628,45.51311],[10.30631,45.51303]]},"properties":{}},{"type":"Feature","geometry":{"type":"LineString","coordinates":[[10.30673,45.51348],[10.30674,45.51336],[10.30687,45.51327],[10.30686,45.51325]]},"properties":{}},{"type":"Feature","geometry":{"type":"LineString","coordinates":[[10.30614,45.51343],[10.30664,45.51352]]},"properties":{}},{"type":"Feature","geometry":{"type":"LineString","coordinates":[[10.30443,45.51371],[10.30455,45.51368]]},"properties":{}},{"type":"Feature","geometry":{"type":"LineString","coordinates":[[10.25166,45.51284],[10.25158,45.51302]]},"properties":{}},{"type":"Feature","geometry":{"type":"LineString","coordinates":[[10.25102,45.51308],[10.25093,45.51307],[10.25099,45.51293],[10.25096,45.5129],[10.25085,45.51287]]},"properties":{}},{"type":"Feature","geometry":{"type":"LineString","coordinates":[[10.30134,45.51425],[10.30061,45.51273],[10.30043,45.51218],[10.30044,45.51209],[10.30052,45.51204],[10.3012,45.51193]]},"properties":{}},{"type":"Feature","geometry":{"type":"LineString","coordinates":[[10.25102,45.51308],[10.25107,45.51309]]},"properties":{}},{"type":"Feature","geometry":{"type":"LineString","coordinates":[[10.25107,45.51309],[10.25125,45.51313]]},"properties":{}},{"type":"Feature","geometry":{"type":"LineString","coordinates":[[10.2507,45.51425],[10.25107,45.51309]]},"properties":{}},{"type":"Feature","geometry":{"type":"LineString","coordinates":[[10.25158,45.51302],[10.25138,45.51298],[10.25129,45.51299],[10.25089,45.51425],[10.25091,45.5143],[10.25085,45.51437]]},"properties":{}},{"type":"Feature","geometry":{"type":"LineString","coordinates":[[10.30366,45.5139],[10.30443,45.51371]]},"properties":{}},{"type":"Feature","geometry":{"type":"LineString","coordinates":[[10.30352,45.51393],[10.30366,45.5139]]},"properties":{}},{"type":"Feature","geometry":{"type":"LineString","coordinates":[[10.30322,45.51401],[10.30352,45.51393]]},"properties":{}},{"type":"Feature","geometry":{"type":"LineString","coordinates":[[10.30307,45.51404],[10.30322,45.51401]]},"properties":{}},{"type":"Feature","geometry":{"type":"LineString","coordinates":[[10.30155,45.51448],[10.3016,45.5144],[10.30307,45.51404]]},"properties":{}},{"type":"Feature","geometry":{"type":"LineString","coordinates":[[10.30259,45.51423],[10.30223,45.51431]]},"properties":{}},{"type":"Feature","geometry":{"type":"LineString","coordinates":[[10.25085,45.51437],[10.25059,45.51432]]},"properties":{}},{"type":"Feature","geometry":{"type":"LineString","coordinates":[[10.35637,45.51438],[10.35646,45.51434],[10.35656,45.51413]]},"properties":{}},{"type":"Feature","geometry":{"type":"LineString","coordinates":[[10.35632,45.51446],[10.35637,45.51438]]},"properties":{}},{"type":"Feature","geometry":{"type":"LineString","coordinates":[[10.37682,45.51439],[10.37667,45.51451]]},"properties":{}},{"type":"Feature","geometry":{"type":"LineString","coordinates":[[10.36069,45.51448],[10.36068,45.51443]]},"properties":{}},{"type":"Feature","geometry":{"type":"LineString","coordinates":[[10.35892,45.51444],[10.35892,45.51448]]},"properties":{}},{"type":"Feature","geometry":{"type":"LineString","coordinates":[[10.35632,45.51446],[10.35631,45.5145],[10.35635,45.51453]]},"properties":{}},{"type":"Feature","geometry":{"type":"LineString","coordinates":[[10.35206,45.51449],[10.35232,45.51449]]},"properties":{}},{"type":"Feature","geometry":{"type":"LineString","coordinates":[[10.34791,45.51447],[10.34939,45.51453],[10.35206,45.51449]]},"properties":{}},{"type":"Feature","geometry":{"type":"LineString","coordinates":[[10.3607,45.51461],[10.36069,45.51448]]},"properties":{}},{"type":"Feature","geometry":{"type":"LineString","coordinates":[[10.35892,45.51448],[10.35891,45.51463]]},"properties":{}},{"type":"Feature","geometry":{"type":"LineString","coordinates":[[10.34198,45.51234],[10.34107,45.51323],[10.34051,45.51394],[10.34004,45.51467],[10.33981,45.51513],[10.3396,45.51572],[10.33929,45.51591],[10.3393,45.51606]]},"properties":{}},{"type":"Feature","geometry":{"type":"LineString","coordinates":[[10.31626,45.51449],[10.31673,45.51444],[10.31703,45.51445]]},"properties":{}},{"type":"Feature","geometry":{"type":"LineString","coordinates":[[10.31603,45.51447],[10.31626,45.51449]]},"properties":{}},{"type":"Feature","geometry":{"type":"LineString","coordinates":[[10.31703,45.51445],[10.31765,45.51451]]},"properties":{}},{"type":"Feature","geometry":{"type":"LineString","coordinates":[[10.31765,45.51451],[10.31806,45.51451]]},"properties":{}},{"type":"Feature","geometry":{"type":"LineString","coordinates":[[10.31626,45.51449],[10.31601,45.51459]]},"properties":{}},{"type":"Feature","geometry":{"type":"LineString","coordinates":[[10.31806,45.51451],[10.31893,45.51416],[10.31912,45.51414],[10.32067,45.51414],[10.32153,45.51441],[10.32338,45.51433],[10.32429,45.51416],[10.32479,45.51411],[10.32604,45.51418],[10.32683,45.51428],[10.32835,45.51456],[10.32968,45.51493],[10.33151,45.51501],[10.33277,45.515],[10.33352,45.51512]]},"properties":{}},{"type":"Feature","geometry":{"type":"LineString","coordinates":[[10.30662,45.51353],[10.30709,45.51398],[10.30771,45.51505],[10.30802,45.51597],[10.30821,45.51633],[10.30869,45.51702],[10.30886,45.51704]]},"properties":{}},{"type":"Feature","geometry":{"type":"LineString","coordinates":[[10.30425,45.516],[10.30781,45.51534]]},"properties":{}},{"type":"Feature","geometry":{"type":"LineString","coordinates":[[10.30457,45.51689],[10.30422,45.51593],[10.30457,45.51586],[10.30456,45.51574],[10.30484,45.51568],[10.30432,45.5147]]},"properties":{}},{"type":"Feature","geometry":{"type":"LineString","coordinates":[[10.3016,45.5148],[10.30134,45.51425]]},"properties":{}},{"type":"Feature","geometry":{"type":"LineString","coordinates":[[10.25065,45.51486],[10.25043,45.51482]]},"properties":{}},{"type":"Feature","geometry":{"type":"LineString","coordinates":[[10.29659,45.51528],[10.29673,45.51528],[10.29684,45.51523]]},"properties":{}},{"type":"Feature","geometry":{"type":"LineString","coordinates":[[10.29684,45.51523],[10.29707,45.51535],[10.29739,45.51535],[10.29764,45.51531]]},"properties":{}},{"type":"Feature","geometry":{"type":"LineString","coordinates":[[10.29764,45.51531],[10.29782,45.51534]]},"properties":{}},{"type":"Feature","geometry":{"type":"LineString","coordinates":[[10.25023,45.51543],[10.25043,45.51547]]},"properties":{}},{"type":"Feature","geometry":{"type":"LineString","coordinates":[[10.2961,45.51564],[10.29642,45.51556],[10.29657,45.51548],[10.29661,45.51537],[10.29659,45.51528]]},"properties":{}},{"type":"Feature","geometry":{"type":"LineString","coordinates":[[10.29726,45.51546],[10.29693,45.51556]]},"properties":{}},{"type":"Feature","geometry":{"type":"LineString","coordinates":[[10.29683,45.51558],[10.29674,45.51555],[10.29671,45.5155]]},"properties":{}},{"type":"Feature","geometry":{"type":"LineString","coordinates":[[10.29693,45.51556],[10.29683,45.51558]]},"properties":{}},{"type":"Feature","geometry":{"type":"LineString","coordinates":[[10.2961,45.51564],[10.29603,45.51576]]},"properties":{}},{"type":"Feature","geometry":{"type":"LineString","coordinates":[[10.26802,45.51498],[10.26762,45.51512],[10.26574,45.51661],[10.26569,45.51671]]},"properties":{}},{"type":"Feature","geometry":{"type":"LineString","coordinates":[[10.25,45.51588],[10.25019,45.51554],[10.25059,45.51432]]},"properties":{}},{"type":"Feature","geometry":{"type":"LineString","coordinates":[[10.25085,45.51437],[10.2503,45.51576],[10.25019,45.51597],[10.25,45.51622]]},"properties":{}},{"type":"Feature","geometry":{"type":"LineString","coordinates":[[10.3038,45.51803],[10.30375,45.51794],[10.30366,45.51793],[10.30311,45.51709],[10.3026,45.51649],[10.30251,45.51629],[10.30251,45.51616],[10.30238,45.51614],[10.30221,45.51588],[10.3021,45.51578],[10.3016,45.5148]]},"properties":{}},{"type":"Feature","geometry":{"type":"LineString","coordinates":[[10.2587,45.51806],[10.26017,45.51593],[10.26027,45.51574],[10.26025,45.51568],[10.25692,45.51451],[10.25679,45.51452],[10.25596,45.51567],[10.25521,45.51674],[10.25521,45.51679],[10.25709,45.51747],[10.25714,45.51751],[10.2587,45.51806]]},"properties":{}},{"type":"Feature","geometry":{"type":"LineString","coordinates":[[10.2587,45.51806],[10.25923,45.51825],[10.25927,45.51828],[10.25919,45.51838]]},"properties":{}},{"type":"Feature","geometry":{"type":"LineString","coordinates":[[10.26569,45.51671],[10.26551,45.51681],[10.26547,45.51687],[10.2655,45.51699],[10.26566,45.51705]]},"properties":{}},{"type":"Feature","geometry":{"type":"LineString","coordinates":[[10.28993,45.51689],[10.29018,45.51688]]},"properties":{}},{"type":"Feature","geometry":{"type":"LineString","coordinates":[[10.29018,45.51688],[10.29029,45.51698],[10.29045,45.51699],[10.29062,45.51695],[10.29065,45.51702]]},"properties":{}},{"type":"Feature","geometry":{"type":"LineString","coordinates":[[10.28992,45.51707],[10.28999,45.51701],[10.29008,45.51698],[10.29023,45.51703]]},"properties":{}},{"type":"Feature","geometry":{"type":"LineString","coordinates":[[10.29023,45.51703],[10.29056,45.51704]]},"properties":{}},{"type":"Feature","geometry":{"type":"LineString","coordinates":[[10.29023,45.51703],[10.29026,45.51714]]},"properties":{}},{"type":"Feature","geometry":{"type":"LineString","coordinates":[[10.29056,45.51704],[10.29026,45.51714]]},"properties":{}},{"type":"Feature","geometry":{"type":"LineString","coordinates":[[10.28999,45.5172],[10.28994,45.51716],[10.28992,45.51707]]},"properties":{}},{"type":"Feature","geometry":{"type":"LineString","coordinates":[[10.28879,45.51739],[10.2894,45.51725],[10.28968,45.51714],[10.28984,45.51705],[10.28993,45.51689]]},"properties":{}},{"type":"Feature","geometry":{"type":"LineString","coordinates":[[10.29026,45.51714],[10.29013,45.51722],[10.28999,45.5172]]},"properties":{}},{"type":"Feature","geometry":{"type":"LineString","coordinates":[[10.33719,45.51571],[10.3393,45.51606]]},"properties":{}},{"type":"Feature","geometry":{"type":"LineString","coordinates":[[10.33991,45.51598],[10.33984,45.5161],[10.33966,45.51615],[10.33949,45.51611],[10.33941,45.51599],[10.33946,45.51587],[10.33956,45.51582],[10.33968,45.5158],[10.33983,45.51585],[10.33991,45.51598]]},"properties":{}},{"type":"Feature","geometry":{"type":"LineString","coordinates":[[10.3393,45.51606],[10.33945,45.51618]]},"properties":{}},{"type":"Feature","geometry":{"type":"LineString","coordinates":[[10.33972,45.51623],[10.33983,45.51618],[10.33991,45.51618],[10.34052,45.51631],[10.34444,45.51699],[10.34677,45.51732],[10.34684,45.51737],[10.3469,45.5175],[10.34706,45.51763],[10.34733,45.51769],[10.3474,45.51767]]},"properties":{}},{"type":"Feature","geometry":{"type":"LineString","coordinates":[[10.306,45.51663],[10.30629,45.51741]]},"properties":{}},{"type":"Feature","geometry":{"type":"LineString","coordinates":[[10.30494,45.51587],[10.30631,45.51841]]},"properties":{}},{"type":"Feature","geometry":{"type":"LineString","coordinates":[[10.30629,45.51741],[10.30631,45.51746]]},"properties":{}},{"type":"Feature","geometry":{"type":"LineString","coordinates":[[10.30816,45.51624],[10.30448,45.5169],[10.30513,45.51878]]},"properties":{}},{"type":"Feature","geometry":{"type":"LineString","coordinates":[[10.30631,45.51746],[10.30659,45.5182]]},"properties":{}},{"type":"Feature","geometry":{"type":"LineString","coordinates":[[10.30624,45.51825],[10.30659,45.5182],[10.30666,45.5183]]},"properties":{}},{"type":"Feature","geometry":{"type":"LineString","coordinates":[[10.29023,45.51718],[10.2903,45.51745]]},"properties":{}},{"type":"Feature","geometry":{"type":"LineString","coordinates":[[10.2903,45.51745],[10.29006,45.51722]]},"properties":{}},{"type":"Feature","geometry":{"type":"LineString","coordinates":[[10.2655,45.51699],[10.26547,45.51708],[10.26521,45.51729],[10.2644,45.51775],[10.26437,45.5179],[10.26451,45.51798]]},"properties":{}},{"type":"Feature","geometry":{"type":"LineString","coordinates":[[10.26426,45.51799],[10.26437,45.5179]]},"properties":{}},{"type":"Feature","geometry":{"type":"LineString","coordinates":[[10.26426,45.51799],[10.26412,45.51807],[10.26302,45.51824],[10.26259,45.51827],[10.26214,45.51827]]},"properties":{}},{"type":"Feature","geometry":{"type":"LineString","coordinates":[[10.25879,45.51827],[10.2589,45.51813]]},"properties":{}},{"type":"Feature","geometry":{"type":"LineString","coordinates":[[10.26214,45.51827],[10.26214,45.51822]]},"properties":{}},{"type":"Feature","geometry":{"type":"LineString","coordinates":[[10.26214,45.51822],[10.2618,45.51821],[10.26131,45.51827],[10.26075,45.5182],[10.26026,45.51819],[10.25969,45.51832],[10.25924,45.51831]]},"properties":{}},{"type":"Feature","geometry":{"type":"LineString","coordinates":[[10.28258,45.51864],[10.28278,45.51856]]},"properties":{}},{"type":"Feature","geometry":{"type":"LineString","coordinates":[[10.28278,45.51856],[10.2831,45.51869],[10.28323,45.51871]]},"properties":{}},{"type":"Feature","geometry":{"type":"LineString","coordinates":[[10.28323,45.51871],[10.28372,45.51864],[10.28387,45.51868]]},"properties":{}},{"type":"Feature","geometry":{"type":"LineString","coordinates":[[10.28385,45.51868],[10.2836,45.51875]]},"properties":{}},{"type":"Feature","geometry":{"type":"LineString","coordinates":[[10.28268,45.51883],[10.28271,45.51875]]},"properties":{}},{"type":"Feature","geometry":{"type":"LineString","coordinates":[[10.28323,45.51871],[10.28326,45.5189]]},"properties":{}},{"type":"Feature","geometry":{"type":"LineString","coordinates":[[10.29123,45.52034],[10.29126,45.52026],[10.29109,45.52021],[10.29094,45.52011],[10.2909,45.51965],[10.29092,45.51916],[10.29088,45.51897],[10.29032,45.5173]]},"properties":{}},{"type":"Feature","geometry":{"type":"LineString","coordinates":[[10.2825,45.51891],[10.28261,45.51898]]},"properties":{}},{"type":"Feature","geometry":{"type":"LineString","coordinates":[[10.28326,45.5189],[10.28314,45.51893],[10.2831,45.51897],[10.28313,45.51903],[10.28322,45.51903]]},"properties":{}},{"type":"Feature","geometry":{"type":"LineString","coordinates":[[10.28261,45.51898],[10.28269,45.51906]]},"properties":{}},{"type":"Feature","geometry":{"type":"LineString","coordinates":[[10.28294,45.51907],[10.28312,45.51902]]},"properties":{}},{"type":"Feature","geometry":{"type":"LineString","coordinates":[[10.28269,45.51906],[10.28283,45.51902],[10.28294,45.51907]]},"properties":{}},{"type":"Feature","geometry":{"type":"LineString","coordinates":[[10.26577,45.51914],[10.2657,45.51911]]},"properties":{}},{"type":"Feature","geometry":{"type":"LineString","coordinates":[[10.26563,45.51915],[10.26559,45.51918]]},"properties":{}},{"type":"Feature","geometry":{"type":"LineString","coordinates":[[10.26619,45.51964],[10.26553,45.51913]]},"properties":{}},{"type":"Feature","geometry":{"type":"LineString","coordinates":[[10.28258,45.51864],[10.28258,45.51877],[10.28253,45.51888],[10.28232,45.51903],[10.2794,45.51989],[10.27864,45.52001],[10.27679,45.52012],[10.27554,45.52026]]},"properties":{}},{"type":"Feature","geometry":{"type":"LineString","coordinates":[[10.28322,45.51903],[10.28373,45.51889],[10.28381,45.5189],[10.28447,45.52004],[10.28455,45.52009],[10.2852,45.52007],[10.28536,45.52011],[10.28655,45.51989]]},"properties":{}},{"type":"Feature","geometry":{"type":"LineString","coordinates":[[10.26634,45.5198],[10.26619,45.51964]]},"properties":{}},{"type":"Feature","geometry":{"type":"LineString","coordinates":[[10.26634,45.5198],[10.26654,45.51968]]},"properties":{}},{"type":"Feature","geometry":{"type":"LineString","coordinates":[[10.26634,45.5198],[10.26635,45.51986],[10.26632,45.51997],[10.26627,45.52001]]},"properties":{}},{"type":"Feature","geometry":{"type":"LineString","coordinates":[[10.2668,45.5201],[10.26684,45.51994],[10.26689,45.5199]]},"properties":{}},{"type":"Feature","geometry":{"type":"LineString","coordinates":[[10.26627,45.52001],[10.2664,45.52014]]},"properties":{}},{"type":"Feature","geometry":{"type":"LineString","coordinates":[[10.25081,45.5197],[10.25025,45.51982],[10.25,45.51992]]},"properties":{}},{"type":"Feature","geometry":{"type":"LineString","coordinates":[[10.2761,45.52026],[10.27552,45.52045],[10.27539,45.52056]]},"properties":{}},{"type":"Feature","geometry":{"type":"LineString","coordinates":[[10.27472,45.5207],[10.2748,45.52062]]},"properties":{}},{"type":"Feature","geometry":{"type":"LineString","coordinates":[[10.26347,45.52109],[10.26353,45.52115]]},"properties":{}},{"type":"Feature","geometry":{"type":"LineString","coordinates":[[10.27293,45.52137],[10.27287,45.52128]]},"properties":{}},{"type":"Feature","geometry":{"type":"LineString","coordinates":[[10.28446,45.52155],[10.28398,45.52152]]},"properties":{}},{"type":"Feature","geometry":{"type":"LineString","coordinates":[[10.29152,45.5231],[10.29183,45.52284],[10.2919,45.52261],[10.29112,45.5205],[10.2911,45.52046],[10.2912,45.52041],[10.29123,45.52034]]},"properties":{}},{"type":"Feature","geometry":{"type":"LineString","coordinates":[[10.29145,45.52306],[10.2901,45.5223],[10.28962,45.52214],[10.28446,45.52155]]},"properties":{}},{"type":"Feature","geometry":{"type":"LineString","coordinates":[[10.29152,45.5231],[10.29145,45.52306]]},"properties":{}},{"type":"Feature","geometry":{"type":"LineString","coordinates":[[10.25,45.52659],[10.25011,45.52652],[10.25072,45.52633],[10.25055,45.52605],[10.25058,45.52601],[10.25154,45.52581],[10.25272,45.52551],[10.25257,45.52523],[10.2526,45.52519],[10.25555,45.52411],[10.25608,45.52398],[10.25703,45.52381],[10.257,45.52366],[10.25783,45.52357],[10.25876,45.52354],[10.2594,45.52343],[10.2597,45.52349],[10.25993,45.52349],[10.26051,45.52337],[10.26089,45.52323],[10.26118,45.52308],[10.26155,45.52282],[10.26174,45.52262],[10.2622,45.52198],[10.26264,45.52162],[10.2631,45.52135],[10.26502,45.52049],[10.26513,45.52049],[10.26525,45.52061],[10.2664,45.52014],[10.26652,45.52012],[10.26666,45.52016]]},"properties":{}},{"type":"Feature","geometry":{"type":"LineString","coordinates":[[10.25703,45.52381],[10.25721,45.52383]]},"properties":{}},{"type":"Feature","geometry":{"type":"LineString","coordinates":[[10.26813,45.52344],[10.26666,45.52436]]},"properties":{}},{"type":"Feature","geometry":{"type":"LineString","coordinates":[[10.26572,45.5243],[10.26595,45.52429],[10.26603,45.52424]]},"properties":{}},{"type":"Feature","geometry":{"type":"LineString","coordinates":[[10.26572,45.5243],[10.26559,45.52437]]},"properties":{}},{"type":"Feature","geometry":{"type":"LineString","coordinates":[[10.26645,45.52442],[10.2663,45.52442],[10.2662,45.52435]]},"properties":{}},{"type":"Feature","geometry":{"type":"LineString","coordinates":[[10.29333,45.52578],[10.29235,45.52375],[10.29204,45.52342],[10.29152,45.5231]]},"properties":{}},{"type":"Feature","geometry":{"type":"LineString","coordinates":[[10.26645,45.52442],[10.26654,45.52448]]},"properties":{}},{"type":"Feature","geometry":{"type":"LineString","coordinates":[[10.26559,45.52468],[10.26562,45.5245],[10.26556,45.52438],[10.26559,45.52437]]},"properties":{}},{"type":"Feature","geometry":{"type":"LineString","coordinates":[[10.26597,45.52489],[10.26647,45.52454],[10.26666,45.52436]]},"properties":{}},{"type":"Feature","geometry":{"type":"LineString","coordinates":[[10.26597,45.52489],[10.26577,45.52474],[10.26562,45.52469]]},"properties":{}},{"type":"Feature","geometry":{"type":"LineString","coordinates":[[10.26591,45.52465],[10.26583,45.52469],[10.26514,45.52526],[10.26492,45.5254]]},"properties":{}},{"type":"Feature","geometry":{"type":"LineString","coordinates":[[10.26441,45.52544],[10.26477,45.52526],[10.2654,45.5248],[10.26559,45.52468],[10.26562,45.52469]]},"properties":{}},{"type":"Feature","geometry":{"type":"LineString","coordinates":[[10.26597,45.52489],[10.26544,45.52519],[10.26506,45.52537],[10.26492,45.5254]]},"properties":{}},{"type":"Feature","geometry":{"type":"LineString","coordinates":[[10.26492,45.5254],[10.26256,45.52645]]},"properties":{}},{"type":"Feature","geometry":{"type":"LineString","coordinates":[[10.26141,45.52676],[10.26175,45.52664],[10.26431,45.52554],[10.26441,45.52544]]},"properties":{}},{"type":"Feature","geometry":{"type":"LineString","coordinates":[[10.25806,45.52608],[10.25811,45.52614],[10.25771,45.52632],[10.25776,45.52638]]},"properties":{}},{"type":"Feature","geometry":{"type":"LineString","coordinates":[[10.26256,45.52645],[10.26152,45.52695]]},"properties":{}},{"type":"Feature","geometry":{"type":"LineString","coordinates":[[10.26191,45.52683],[10.26175,45.52664]]},"properties":{}},{"type":"Feature","geometry":{"type":"LineString","coordinates":[[10.26131,45.52679],[10.26141,45.52676]]},"properties":{}},{"type":"Feature","geometry":{"type":"LineString","coordinates":[[10.26087,45.52688],[10.26101,45.52688],[10.26131,45.52679]]},"properties":{}},{"type":"Feature","geometry":{"type":"LineString","coordinates":[[10.37936,45.51233],[10.37842,45.51309]]},"properties":{}},{"type":"Feature","geometry":{"type":"LineString","coordinates":[[10.35703,45.5132],[10.35757,45.51254]]},"properties":{}},{"type":"Feature","geometry":{"type":"LineString","coordinates":[[10.34257,45.51227],[10.34438,45.51314],[10.34616,45.51393]]},"properties":{}},{"type":"Feature","geometry":{"type":"LineString","coordinates":[[10.35696,45.51334],[10.35703,45.5132]]},"properties":{}},{"type":"Feature","geometry":{"type":"LineString","coordinates":[[10.37842,45.51309],[10.37789,45.51351]]},"properties":{}},{"type":"Feature","geometry":{"type":"LineString","coordinates":[[10.35696,45.51334],[10.35656,45.51413]]},"properties":{}},{"type":"Feature","geometry":{"type":"LineString","coordinates":[[10.37789,45.51351],[10.37734,45.51396]]},"properties":{}},{"type":"Feature","geometry":{"type":"LineString","coordinates":[[10.41532,45.51287],[10.41508,45.51296],[10.41488,45.51308],[10.41482,45.51314],[10.41469,45.51365],[10.41461,45.51379],[10.41386,45.5139],[10.41312,45.51423],[10.41296,45.51423],[10.41257,45.51415],[10.41246,45.51418],[10.41236,45.51425],[10.41218,45.5146],[10.4121,45.51468],[10.41193,45.51475],[10.41111,45.51473]]},"properties":{}},{"type":"Feature","geometry":{"type":"LineString","coordinates":[[10.37734,45.51396],[10.37682,45.51439]]},"properties":{}},{"type":"Feature","geometry":{"type":"LineString","coordinates":[[10.34616,45.51393],[10.34642,45.51393],[10.34661,45.51397],[10.34771,45.51435],[10.34791,45.51447]]},"properties":{}},{"type":"Feature","geometry":{"type":"LineString","coordinates":[[10.35635,45.51453],[10.35624,45.5147]]},"properties":{}},{"type":"Feature","geometry":{"type":"LineString","coordinates":[[10.37667,45.51451],[10.37629,45.51482]]},"properties":{}},{"type":"Feature","geometry":{"type":"LineString","coordinates":[[10.35889,45.5147],[10.3594,45.51477],[10.35977,45.51472],[10.36054,45.51472],[10.3607,45.51467],[10.3607,45.51461]]},"properties":{}},{"type":"Feature","geometry":{"type":"LineString","coordinates":[[10.35891,45.51463],[10.35886,45.51485]]},"properties":{}},{"type":"Feature","geometry":{"type":"LineString","coordinates":[[10.35624,45.5147],[10.35636,45.51474],[10.35651,45.51471],[10.35708,45.51473],[10.35716,45.51477],[10.35726,45.51474],[10.35868,45.51478],[10.35886,45.51485]]},"properties":{}},{"type":"Feature","geometry":{"type":"LineString","coordinates":[[10.37629,45.51482],[10.3759,45.51513]]},"properties":{}},{"type":"Feature","geometry":{"type":"LineString","coordinates":[[10.3759,45.51513],[10.37558,45.51539],[10.37562,45.51541]]},"properties":{}},{"type":"Feature","geometry":{"type":"LineString","coordinates":[[10.35886,45.51485],[10.35884,45.51494],[10.35839,45.51587],[10.35849,45.51598]]},"properties":{}},{"type":"Feature","geometry":{"type":"LineString","coordinates":[[10.41111,45.51473],[10.41078,45.51565],[10.41077,45.51585],[10.41095,45.51626]]},"properties":{}},{"type":"Feature","geometry":{"type":"LineString","coordinates":[[10.35624,45.5147],[10.35572,45.51541],[10.35485,45.51671]]},"properties":{}},{"type":"Feature","geometry":{"type":"LineString","coordinates":[[10.41283,45.51673],[10.41312,45.51548]]},"properties":{}},{"type":"Feature","geometry":{"type":"LineString","coordinates":[[10.41095,45.51626],[10.41101,45.51722]]},"properties":{}},{"type":"Feature","geometry":{"type":"LineString","coordinates":[[10.34678,45.51725],[10.34713,45.51727]]},"properties":{}},{"type":"Feature","geometry":{"type":"LineString","coordinates":[[10.34728,45.51731],[10.34755,45.51738]]},"properties":{}},{"type":"Feature","geometry":{"type":"LineString","coordinates":[[10.34755,45.51738],[10.34734,45.5174]]},"properties":{}},{"type":"Feature","geometry":{"type":"LineString","coordinates":[[10.34719,45.51727],[10.34731,45.51734],[10.34734,45.5174],[10.34732,45.51747],[10.34726,45.51752],[10.34715,45.51755],[10.347,45.5175],[10.34695,45.5174],[10.34699,45.51732],[10.34708,45.51728],[10.34719,45.51727]]},"properties":{}},{"type":"Feature","geometry":{"type":"LineString","coordinates":[[10.35892,45.51444],[10.36164,45.51441],[10.36284,45.51431],[10.36318,45.51436],[10.36338,45.51443],[10.36355,45.51455],[10.36391,45.51486],[10.36734,45.51826],[10.36894,45.51936],[10.37258,45.5217]]},"properties":{}},{"type":"Feature","geometry":{"type":"LineString","coordinates":[[10.39953,45.51092],[10.39963,45.51102],[10.39975,45.51142],[10.39972,45.51154],[10.40049,45.51262],[10.40119,45.5148],[10.40109,45.5162],[10.40114,45.51657],[10.40143,45.51711],[10.40178,45.51768],[10.40208,45.518],[10.40245,45.51818],[10.40273,45.51823],[10.40339,45.51798],[10.40435,45.51773],[10.40499,45.51771],[10.4052,45.51776],[10.40611,45.51812],[10.40787,45.51905],[10.40859,45.51936],[10.40974,45.52004],[10.41031,45.52027],[10.4112,45.52083],[10.41169,45.52122],[10.41202,45.52139],[10.41288,45.52165],[10.41347,45.52172],[10.41403,45.52175],[10.41503,45.5216],[10.41569,45.52155],[10.41622,45.52157],[10.41661,45.52171],[10.41675,45.52185],[10.41685,45.5221],[10.41677,45.52231],[10.41633,45.52308],[10.41622,45.52345],[10.4162,45.52374],[10.41631,45.52402],[10.41656,45.52432],[10.41714,45.52473],[10.41887,45.52546],[10.41945,45.52567],[10.41985,45.52575],[10.42014,45.52589],[10.42042,45.52597],[10.42047,45.52588]]},"properties":{}},{"type":"Feature","geometry":{"type":"LineString","coordinates":[[10.35428,45.51911],[10.35401,45.51897]]},"properties":{}},{"type":"Feature","geometry":{"type":"LineString","coordinates":[[10.35465,45.51908],[10.35485,45.51925]]},"properties":{}},{"type":"Feature","geometry":{"type":"LineString","coordinates":[[10.35485,45.51925],[10.35539,45.51946]]},"properties":{}},{"type":"Feature","geometry":{"type":"LineString","coordinates":[[10.35539,45.51946],[10.35726,45.52028],[10.35775,45.52053],[10.35885,45.52132],[10.36022,45.52211]]},"properties":{}},{"type":"Feature","geometry":{"type":"LineString","coordinates":[[10.37258,45.5217],[10.37267,45.52179],[10.37275,45.52195],[10.37275,45.52206],[10.37266,45.52237],[10.37265,45.52274],[10.3727,45.52276]]},"properties":{}},{"type":"Feature","geometry":{"type":"LineString","coordinates":[[10.36022,45.52211],[10.36137,45.52276]]},"properties":{}},{"type":"Feature","geometry":{"type":"LineString","coordinates":[[10.37425,45.52274],[10.37428,45.52273]]},"properties":{}},{"type":"Feature","geometry":{"type":"LineString","coordinates":[[10.36173,45.52279],[10.36194,45.52269]]},"properties":{}},{"type":"Feature","geometry":{"type":"LineString","coordinates":[[10.3727,45.52276],[10.37287,45.52275]]},"properties":{}},{"type":"Feature","geometry":{"type":"LineString","coordinates":[[10.36194,45.52269],[10.36188,45.52285]]},"properties":{}},{"type":"Feature","geometry":{"type":"LineString","coordinates":[[10.36137,45.52276],[10.36173,45.52279]]},"properties":{}},{"type":"Feature","geometry":{"type":"LineString","coordinates":[[10.37408,45.52282],[10.37425,45.52274]]},"properties":{}},{"type":"Feature","geometry":{"type":"LineString","coordinates":[[10.37287,45.52275],[10.37408,45.52282]]},"properties":{}},{"type":"Feature","geometry":{"type":"LineString","coordinates":[[10.36137,45.52276],[10.36169,45.52295]]},"properties":{}},{"type":"Feature","geometry":{"type":"LineString","coordinates":[[10.36169,45.52295],[10.36173,45.52279]]},"properties":{}},{"type":"Feature","geometry":{"type":"LineString","coordinates":[[10.36188,45.52285],[10.36169,45.52295]]},"properties":{}},{"type":"Feature","geometry":{"type":"LineString","coordinates":[[10.36188,45.52285],[10.3619,45.52306]]},"properties":{}},{"type":"Feature","geometry":{"type":"LineString","coordinates":[[10.3734,45.52278],[10.37332,45.52304],[10.37334,45.52309],[10.37351,45.52317]]},"properties":{}},{"type":"Feature","geometry":{"type":"LineString","coordinates":[[10.36169,45.52295],[10.3619,45.52306]]},"properties":{}},{"type":"Feature","geometry":{"type":"LineString","coordinates":[[10.3619,45.52306],[10.36243,45.52333]]},"properties":{}},{"type":"Feature","geometry":{"type":"LineString","coordinates":[[10.37431,45.52274],[10.37221,45.52433],[10.37217,45.52443],[10.37227,45.52454]]},"properties":{}},{"type":"Feature","geometry":{"type":"LineString","coordinates":[[10.37428,45.52273],[10.3787,45.52465],[10.38239,45.5263]]},"properties":{}},{"type":"Feature","geometry":{"type":"LineString","coordinates":[[10.37213,45.52464],[10.372,45.52459],[10.37185,45.52463],[10.37067,45.52564],[10.36927,45.52655],[10.36884,45.52695]]},"properties":{}},{"type":"Feature","geometry":{"type":"LineString","coordinates":[[10.42047,45.52588],[10.42056,45.52569]]},"properties":{}},{"type":"Feature","geometry":{"type":"LineString","coordinates":[[10.38239,45.5263],[10.38261,45.52643],[10.38292,45.52649]]},"properties":{}},{"type":"Feature","geometry":{"type":"LineString","coordinates":[[10.36836,45.52671],[10.36862,45.5268]]},"properties":{}},{"type":"Feature","geometry":{"type":"LineString","coordinates":[[10.3687,45.52679],[10.3689,45.52674]]},"properties":{}},{"type":"Feature","geometry":{"type":"LineString","coordinates":[[10.36854,45.5269],[10.36836,45.52671]]},"properties":{}},{"type":"Feature","geometry":{"type":"LineString","coordinates":[[10.3689,45.52674],[10.36881,45.52688]]},"properties":{}},{"type":"Feature","geometry":{"type":"LineString","coordinates":[[10.36862,45.5268],[10.36875,45.5268],[10.3688,45.52685]]},"properties":{}},{"type":"Feature","geometry":{"type":"LineString","coordinates":[[10.36854,45.5269],[10.36855,45.52684],[10.36862,45.5268]]},"properties":{}},{"type":"Feature","geometry":{"type":"LineString","coordinates":[[10.3688,45.52685],[10.36881,45.52691],[10.36877,45.52696]]},"properties":{}},{"type":"Feature","geometry":{"type":"LineString","coordinates":[[10.49604,45.50484],[10.49678,45.50502],[10.4976,45.50546],[10.4978,45.50553],[10.49816,45.5056],[10.49818,45.50566]]},"properties":{}},{"type":"Feature","geometry":{"type":"LineString","coordinates":[[10.42593,45.512],[10.42595,45.51195],[10.42648,45.51203],[10.42676,45.51203],[10.42716,45.51195],[10.42906,45.51112],[10.42942,45.51092],[10.43066,45.50997],[10.43116,45.50966],[10.43129,45.5096],[10.43133,45.50963]]},"properties":{}},{"type":"Feature","geometry":{"type":"LineString","coordinates":[[10.42605,45.51303],[10.42649,45.51327],[10.42692,45.51341],[10.42717,45.51345],[10.42771,45.51379],[10.42783,45.51395],[10.42808,45.51458],[10.42818,45.51465],[10.42989,45.51442]]},"properties":{}},{"type":"Feature","geometry":{"type":"LineString","coordinates":[[10.45807,45.5287],[10.4583,45.52872],[10.4587,45.52865],[10.45929,45.52847],[10.45965,45.52847],[10.46009,45.52852],[10.46045,45.52851],[10.46058,45.52858]]},"properties":{}},{"type":"Feature","geometry":{"type":"LineString","coordinates":[[10.45227,45.5274],[10.45227,45.52747],[10.4519,45.52767],[10.45118,45.52822],[10.4508,45.52845],[10.45052,45.52856],[10.45001,45.52865],[10.44894,45.52863],[10.44851,45.5287],[10.4483,45.52879],[10.44816,45.52886],[10.44799,45.52901],[10.44731,45.52978],[10.44708,45.52994],[10.44686,45.53004],[10.44612,45.53022],[10.44374,45.53067],[10.44361,45.53072],[10.44357,45.5308],[10.4438,45.53171],[10.44393,45.53242],[10.44401,45.53403]]},"properties":{}},{"type":"Feature","geometry":{"type":"LineString","coordinates":[[10.5,45.53506],[10.49976,45.53518],[10.49953,45.53589],[10.49921,45.53653],[10.4989,45.5368],[10.49862,45.53692],[10.49831,45.537],[10.49776,45.53696],[10.49642,45.53739]]},"properties":{}},{"type":"Feature","geometry":{"type":"LineString","coordinates":[[10.44401,45.53403],[10.44411,45.53446],[10.44441,45.53498],[10.44448,45.5352],[10.44451,45.53537],[10.44442,45.53651],[10.44445,45.53683],[10.44451,45.5371],[10.44473,45.53775],[10.44482,45.53779]]},"properties":{}},{"type":"Feature","geometry":{"type":"LineString","coordinates":[[10.4979,45.54587],[10.49798,45.54583],[10.49801,45.54576],[10.49809,45.54574],[10.49811,45.5459],[10.49839,45.54608],[10.49866,45.54616],[10.49911,45.54654],[10.4993,45.54677],[10.49942,45.54721],[10.49941,45.54725],[10.49926,45.54726],[10.49924,45.5473],[10.49937,45.54785]]},"properties":{}},{"type":"Feature","geometry":{"type":"LineString","coordinates":[[10.46645,45.54748],[10.46672,45.54766],[10.46689,45.54784],[10.4679,45.54938],[10.46794,45.54951]]},"properties":{}},{"type":"Feature","geometry":{"type":"LineString","coordinates":[[10.36861,45.52698],[10.36854,45.5269]]},"properties":{}},{"type":"Feature","geometry":{"type":"LineString","coordinates":[[10.36877,45.52696],[10.36861,45.52698]]},"properties":{}},{"type":"Feature","geometry":{"type":"LineString","coordinates":[[10.36877,45.52696],[10.36884,45.5272]]},"properties":{}},{"type":"Feature","geometry":{"type":"LineString","coordinates":[[10.36884,45.5272],[10.36869,45.52709],[10.36861,45.52698]]},"properties":{}},{"type":"Feature","geometry":{"type":"LineString","coordinates":[[10.38292,45.52649],[10.38716,45.52781]]},"properties":{}},{"type":"Feature","geometry":{"type":"LineString","coordinates":[[10.36884,45.5272],[10.36917,45.5275]]},"properties":{}},{"type":"Feature","geometry":{"type":"LineString","coordinates":[[10.36916,45.52767],[10.36911,45.52753]]},"properties":{}},{"type":"Feature","geometry":{"type":"LineString","coordinates":[[10.36909,45.52771],[10.36916,45.52767]]},"properties":{}},{"type":"Feature","geometry":{"type":"LineString","coordinates":[[10.36917,45.5275],[10.36963,45.52788],[10.37005,45.52814]]},"properties":{}},{"type":"Feature","geometry":{"type":"LineString","coordinates":[[10.37004,45.52838],[10.36906,45.52777],[10.36905,45.52774],[10.36909,45.52771]]},"properties":{}},{"type":"Feature","geometry":{"type":"LineString","coordinates":[[10.2608,45.5269],[10.26087,45.52688]]},"properties":{}},{"type":"Feature","geometry":{"type":"LineString","coordinates":[[10.26146,45.52686],[10.26151,45.52689],[10.26152,45.52695]]},"properties":{}},{"type":"Feature","geometry":{"type":"LineString","coordinates":[[10.26081,45.52705],[10.26087,45.52698],[10.26108,45.52696],[10.2614,45.52685],[10.26146,45.52686]]},"properties":{}},{"type":"Feature","geometry":{"type":"LineString","coordinates":[[10.26152,45.52695],[10.26147,45.52699],[10.26121,45.52703],[10.2609,45.52713]]},"properties":{}},{"type":"Feature","geometry":{"type":"LineString","coordinates":[[10.2609,45.52713],[10.26081,45.52705]]},"properties":{}},{"type":"Feature","geometry":{"type":"LineString","coordinates":[[10.26081,45.52725],[10.26065,45.52706]]},"properties":{}},{"type":"Feature","geometry":{"type":"LineString","coordinates":[[10.26256,45.52645],[10.26164,45.52695],[10.2615,45.52706],[10.26122,45.5271],[10.26081,45.52725],[10.25879,45.52803],[10.25817,45.52824],[10.25653,45.52854],[10.25639,45.52864]]},"properties":{}},{"type":"Feature","geometry":{"type":"LineString","coordinates":[[10.25684,45.52826],[10.25757,45.52816],[10.25826,45.52801],[10.26004,45.52733],[10.26075,45.52701],[10.2608,45.5269]]},"properties":{}},{"type":"Feature","geometry":{"type":"LineString","coordinates":[[10.25668,45.52831],[10.25761,45.5282],[10.25835,45.52803],[10.26034,45.52728],[10.26081,45.52705]]},"properties":{}},{"type":"Feature","geometry":{"type":"LineString","coordinates":[[10.31057,45.51841],[10.31164,45.51817]]},"properties":{}},{"type":"Feature","geometry":{"type":"LineString","coordinates":[[10.30481,45.51778],[10.30379,45.51804],[10.30374,45.51809],[10.3039,45.5184],[10.30402,45.51878],[10.30418,45.51911],[10.30411,45.5192],[10.30457,45.52132],[10.30488,45.52351],[10.30515,45.52476],[10.30519,45.52484],[10.30541,45.52499]]},"properties":{}},{"type":"Feature","geometry":{"type":"LineString","coordinates":[[10.30541,45.52499],[10.3054,45.52505]]},"properties":{}},{"type":"Feature","geometry":{"type":"LineString","coordinates":[[10.3054,45.52505],[10.30544,45.52517],[10.30532,45.52528],[10.30529,45.52544],[10.30531,45.52567],[10.30543,45.52619],[10.30555,45.52651],[10.30582,45.52687],[10.3059,45.52693],[10.30606,45.52694]]},"properties":{}},{"type":"Feature","geometry":{"type":"LineString","coordinates":[[10.3076,45.53415],[10.30759,45.53408],[10.30763,45.53402],[10.30761,45.53397],[10.30766,45.53381],[10.30772,45.53371],[10.3079,45.53282],[10.30789,45.53264],[10.30778,45.53243],[10.30757,45.53223],[10.30575,45.53072],[10.30441,45.52971],[10.30445,45.52968]]},"properties":{}},{"type":"Feature","geometry":{"type":"LineString","coordinates":[[10.31125,45.5321],[10.31147,45.53202],[10.31189,45.53198],[10.31268,45.53198],[10.31311,45.53204],[10.31317,45.53199]]},"properties":{}},{"type":"Feature","geometry":{"type":"LineString","coordinates":[[10.31111,45.53235],[10.31124,45.53232]]},"properties":{}},{"type":"Feature","geometry":{"type":"LineString","coordinates":[[10.30617,45.52701],[10.30614,45.52711],[10.30627,45.5273],[10.30822,45.52907],[10.30851,45.52928],[10.30918,45.52987],[10.31084,45.53185],[10.31097,45.53194],[10.31116,45.53197],[10.31125,45.5321],[10.31119,45.53226],[10.31236,45.53364],[10.31243,45.53376],[10.31255,45.53401],[10.31262,45.53454],[10.31269,45.53473],[10.31291,45.53507],[10.31326,45.53534],[10.31373,45.5356],[10.31391,45.53568],[10.31435,45.53577],[10.31443,45.53584],[10.3146,45.53619],[10.3156,45.53689],[10.31621,45.53762],[10.31639,45.53774],[10.31739,45.53819],[10.31763,45.5384],[10.31767,45.53854],[10.31777,45.53855],[10.31779,45.53868]]},"properties":{}},{"type":"Feature","geometry":{"type":"LineString","coordinates":[[10.31326,45.53534],[10.31318,45.53541],[10.31255,45.53503],[10.31119,45.5345],[10.30977,45.53419],[10.30888,45.5339],[10.30842,45.53389],[10.30804,45.53398],[10.30799,45.53391],[10.30787,45.53389],[10.30783,45.53383],[10.30766,45.53381]]},"properties":{}},{"type":"Feature","geometry":{"type":"LineString","coordinates":[[10.31779,45.53868],[10.31782,45.53875]]},"properties":{}},{"type":"Feature","geometry":{"type":"LineString","coordinates":[[10.25649,45.52826],[10.25655,45.52824]]},"properties":{}},{"type":"Feature","geometry":{"type":"LineString","coordinates":[[10.25655,45.52824],[10.25684,45.52826]]},"properties":{}},{"type":"Feature","geometry":{"type":"LineString","coordinates":[[10.29539,45.53078],[10.29515,45.52976],[10.29494,45.52913],[10.29333,45.52578]]},"properties":{}},{"type":"Feature","geometry":{"type":"LineString","coordinates":[[10.25647,45.52835],[10.25649,45.52826]]},"properties":{}},{"type":"Feature","geometry":{"type":"LineString","coordinates":[[10.25689,45.52839],[10.25684,45.52826]]},"properties":{}},{"type":"Feature","geometry":{"type":"LineString","coordinates":[[10.25668,45.52831],[10.25671,45.52836],[10.2567,45.52842]]},"properties":{}},{"type":"Feature","geometry":{"type":"LineString","coordinates":[[10.25615,45.52849],[10.25644,45.52839],[10.25654,45.52829],[10.25668,45.52831]]},"properties":{}},{"type":"Feature","geometry":{"type":"LineString","coordinates":[[10.2567,45.52842],[10.25645,45.5285],[10.25631,45.5286]]},"properties":{}},{"type":"Feature","geometry":{"type":"LineString","coordinates":[[10.25615,45.52862],[10.25611,45.52855],[10.25615,45.52849]]},"properties":{}},{"type":"Feature","geometry":{"type":"LineString","coordinates":[[10.25605,45.52866],[10.25599,45.52856]]},"properties":{}},{"type":"Feature","geometry":{"type":"LineString","coordinates":[[10.25095,45.52862],[10.25113,45.52858],[10.25116,45.52864],[10.251,45.52869]]},"properties":{}},{"type":"Feature","geometry":{"type":"LineString","coordinates":[[10.25639,45.52864],[10.25623,45.52869]]},"properties":{}},{"type":"Feature","geometry":{"type":"LineString","coordinates":[[10.25623,45.52869],[10.25616,45.52865],[10.25605,45.52866]]},"properties":{}},{"type":"Feature","geometry":{"type":"LineString","coordinates":[[10.25228,45.5302],[10.25248,45.53013],[10.25523,45.52879],[10.25615,45.52849]]},"properties":{}},{"type":"Feature","geometry":{"type":"LineString","coordinates":[[10.25602,45.52863],[10.25531,45.52886],[10.25264,45.53016]]},"properties":{}},{"type":"Feature","geometry":{"type":"LineString","coordinates":[[10.25137,45.53019],[10.25202,45.52982]]},"properties":{}},{"type":"Feature","geometry":{"type":"LineString","coordinates":[[10.25135,45.53024],[10.25228,45.5302]]},"properties":{}},{"type":"Feature","geometry":{"type":"LineString","coordinates":[[10.25106,45.53024],[10.25118,45.53022],[10.25135,45.53024]]},"properties":{}},{"type":"Feature","geometry":{"type":"LineString","coordinates":[[10.25018,45.53026],[10.25041,45.53024],[10.25106,45.53024]]},"properties":{}},{"type":"Feature","geometry":{"type":"LineString","coordinates":[[10.25,45.53026],[10.25018,45.53026]]},"properties":{}},{"type":"Feature","geometry":{"type":"LineString","coordinates":[[10.25068,45.5303],[10.25018,45.53026]]},"properties":{}},{"type":"Feature","geometry":{"type":"LineString","coordinates":[[10.25129,45.53036],[10.25135,45.53024]]},"properties":{}},{"type":"Feature","geometry":{"type":"LineString","coordinates":[[10.25156,45.53033],[10.25173,45.53033]]},"properties":{}},{"type":"Feature","geometry":{"type":"LineString","coordinates":[[10.25129,45.53036],[10.25068,45.5303]]},"properties":{}},{"type":"Feature","geometry":{"type":"LineString","coordinates":[[10.25185,45.53022],[10.25208,45.53049]]},"properties":{}},{"type":"Feature","geometry":{"type":"LineString","coordinates":[[10.25146,45.53043],[10.25129,45.53036]]},"properties":{}},{"type":"Feature","geometry":{"type":"LineString","coordinates":[[10.25173,45.53033],[10.25181,45.5304],[10.25182,45.53049]]},"properties":{}},{"type":"Feature","geometry":{"type":"LineString","coordinates":[[10.25264,45.53016],[10.25241,45.53032],[10.25178,45.53064],[10.25128,45.53081]]},"properties":{}},{"type":"Feature","geometry":{"type":"LineString","coordinates":[[10.25138,45.53061],[10.25135,45.53046],[10.25128,45.5304]]},"properties":{}},{"type":"Feature","geometry":{"type":"LineString","coordinates":[[10.25138,45.53061],[10.25155,45.53072]]},"properties":{}},{"type":"Feature","geometry":{"type":"LineString","coordinates":[[10.25128,45.53081],[10.25114,45.53084]]},"properties":{}},{"type":"Feature","geometry":{"type":"LineString","coordinates":[[10.25,45.53111],[10.25069,45.53098],[10.25123,45.53073],[10.25138,45.53061]]},"properties":{}},{"type":"Feature","geometry":{"type":"LineString","coordinates":[[10.25114,45.53084],[10.25052,45.53107],[10.25,45.53118]]},"properties":{}},{"type":"Feature","geometry":{"type":"LineString","coordinates":[[10.37005,45.52814],[10.3702,45.52821],[10.37038,45.52837]]},"properties":{}},{"type":"Feature","geometry":{"type":"LineString","coordinates":[[10.36965,45.52831],[10.36976,45.52822]]},"properties":{}},{"type":"Feature","geometry":{"type":"LineString","coordinates":[[10.37028,45.52829],[10.37035,45.52825]]},"properties":{}},{"type":"Feature","geometry":{"type":"LineString","coordinates":[[10.37022,45.52844],[10.37017,45.52827],[10.37005,45.52814]]},"properties":{}},{"type":"Feature","geometry":{"type":"LineString","coordinates":[[10.37022,45.52844],[10.37038,45.52837]]},"properties":{}},{"type":"Feature","geometry":{"type":"LineString","coordinates":[[10.37038,45.52837],[10.37055,45.52839],[10.37064,45.52849]]},"properties":{}},{"type":"Feature","geometry":{"type":"LineString","coordinates":[[10.37016,45.52832],[10.37004,45.52838],[10.37012,45.52845],[10.37011,45.52863],[10.37006,45.5287]]},"properties":{}},{"type":"Feature","geometry":{"type":"LineString","coordinates":[[10.36884,45.52695],[10.36884,45.52706],[10.36893,45.52718],[10.36951,45.52772],[10.36992,45.52801],[10.37151,45.52891],[10.37294,45.52967],[10.37357,45.53007],[10.37365,45.53006],[10.37372,45.53001]]},"properties":{}},{"type":"Feature","geometry":{"type":"LineString","coordinates":[[10.37064,45.52849],[10.37064,45.52857],[10.3706,45.52863]]},"properties":{}},{"type":"Feature","geometry":{"type":"LineString","coordinates":[[10.3706,45.52863],[10.37043,45.52869],[10.37026,45.52865],[10.37018,45.52853],[10.37022,45.52844]]},"properties":{}},{"type":"Feature","geometry":{"type":"LineString","coordinates":[[10.37064,45.52849],[10.37099,45.52866]]},"properties":{}},{"type":"Feature","geometry":{"type":"LineString","coordinates":[[10.37099,45.52866],[10.37075,45.52862],[10.3706,45.52863]]},"properties":{}},{"type":"Feature","geometry":{"type":"LineString","coordinates":[[10.37069,45.52871],[10.37074,45.52866]]},"properties":{}},{"type":"Feature","geometry":{"type":"LineString","coordinates":[[10.36746,45.52886],[10.36742,45.52873]]},"properties":{}},{"type":"Feature","geometry":{"type":"LineString","coordinates":[[10.37006,45.5287],[10.36944,45.52913],[10.36929,45.52916],[10.36911,45.52913],[10.36905,45.52916]]},"properties":{}},{"type":"Feature","geometry":{"type":"LineString","coordinates":[[10.36769,45.52928],[10.36773,45.52892],[10.36777,45.52883]]},"properties":{}},{"type":"Feature","geometry":{"type":"LineString","coordinates":[[10.37246,45.5298],[10.37064,45.5287],[10.3702,45.52878],[10.36959,45.5292],[10.36954,45.52931],[10.36957,45.52939],[10.36964,45.52945]]},"properties":{}},{"type":"Feature","geometry":{"type":"LineString","coordinates":[[10.36816,45.53011],[10.36796,45.52961],[10.36771,45.52931],[10.36746,45.52886],[10.36726,45.52866],[10.36722,45.52852]]},"properties":{}},{"type":"Feature","geometry":{"type":"LineString","coordinates":[[10.37099,45.52866],[10.37285,45.52968],[10.37334,45.53]]},"properties":{}},{"type":"Feature","geometry":{"type":"LineString","coordinates":[[10.36951,45.52952],[10.36936,45.52947],[10.36917,45.52953]]},"properties":{}},{"type":"Feature","geometry":{"type":"LineString","coordinates":[[10.36901,45.52922],[10.36911,45.5293],[10.36912,45.52938],[10.36793,45.53028],[10.36796,45.5303]]},"properties":{}},{"type":"Feature","geometry":{"type":"LineString","coordinates":[[10.36819,45.52995],[10.36808,45.52996]]},"properties":{}},{"type":"Feature","geometry":{"type":"LineString","coordinates":[[10.36806,45.53036],[10.36706,45.5311],[10.36705,45.53115]]},"properties":{}},{"type":"Feature","geometry":{"type":"LineString","coordinates":[[10.38716,45.52781],[10.3877,45.52806],[10.38909,45.52843],[10.39073,45.52905],[10.39119,45.52919],[10.39582,45.5308],[10.39608,45.53091],[10.39621,45.53091],[10.39642,45.53102],[10.39718,45.5313],[10.40158,45.53281],[10.40217,45.53304],[10.40271,45.53333],[10.40347,45.53359],[10.40461,45.53409],[10.40567,45.53434],[10.40704,45.53483],[10.40764,45.53509],[10.40813,45.53542],[10.40866,45.5357],[10.40954,45.53602],[10.41023,45.53634],[10.41059,45.53647],[10.41152,45.53671],[10.41408,45.5373],[10.41467,45.53748],[10.41528,45.53761],[10.41581,45.53777],[10.41602,45.53784],[10.41765,45.5386]]},"properties":{}},{"type":"Feature","geometry":{"type":"LineString","coordinates":[[10.41765,45.5386],[10.41781,45.53867]]},"properties":{}},{"type":"Feature","geometry":{"type":"LineString","coordinates":[[10.38109,45.53708],[10.38223,45.53823],[10.38445,45.54025]]},"properties":{}},{"type":"Feature","geometry":{"type":"LineString","coordinates":[[10.37675,45.54236],[10.37761,45.54183],[10.3782,45.54153]]},"properties":{}},{"type":"Feature","geometry":{"type":"LineString","coordinates":[[10.41781,45.53867],[10.41912,45.53925],[10.41947,45.53947],[10.4229,45.5423],[10.42413,45.54336],[10.42689,45.54681]]},"properties":{}},{"type":"Feature","geometry":{"type":"LineString","coordinates":[[10.41426,45.54259],[10.41444,45.54249],[10.41451,45.54248],[10.41462,45.54253],[10.41596,45.54328],[10.41638,45.54359],[10.41641,45.54378]]},"properties":{}},{"type":"Feature","geometry":{"type":"LineString","coordinates":[[10.39246,45.54658],[10.39244,45.54674]]},"properties":{}},{"type":"Feature","geometry":{"type":"LineString","coordinates":[[10.3943,45.54773],[10.39478,45.54757]]},"properties":{}},{"type":"Feature","geometry":{"type":"LineString","coordinates":[[10.39379,45.54762],[10.39407,45.54773],[10.39423,45.54774]]},"properties":{}},{"type":"Feature","geometry":{"type":"LineString","coordinates":[[10.39478,45.54757],[10.3946,45.54771],[10.39454,45.54786]]},"properties":{}},{"type":"Feature","geometry":{"type":"LineString","coordinates":[[10.39404,45.54791],[10.39399,45.54781],[10.39379,45.54762]]},"properties":{}},{"type":"Feature","geometry":{"type":"LineString","coordinates":[[10.39415,45.54776],[10.3943,45.54773],[10.39445,45.54777],[10.39454,45.54786],[10.39453,45.54797],[10.39449,45.54802],[10.39435,45.54808],[10.39414,45.54805],[10.39405,45.54797],[10.39404,45.54791],[10.39409,45.5478],[10.39415,45.54776]]},"properties":{}},{"type":"Feature","geometry":{"type":"LineString","coordinates":[[10.39455,45.54791],[10.39464,45.54805],[10.39497,45.54826]]},"properties":{}},{"type":"Feature","geometry":{"type":"LineString","coordinates":[[10.39391,45.54822],[10.39401,45.54809],[10.39405,45.54797]]},"properties":{}},{"type":"Feature","geometry":{"type":"LineString","coordinates":[[10.39428,45.54809],[10.39391,45.54822]]},"properties":{}},{"type":"Feature","geometry":{"type":"LineString","coordinates":[[10.39497,45.54826],[10.39435,45.54808]]},"properties":{}},{"type":"Feature","geometry":{"type":"LineString","coordinates":[[10.39497,45.54826],[10.39792,45.54962]]},"properties":{}},{"type":"Feature","geometry":{"type":"LineString","coordinates":[[10.39792,45.54962],[10.3996,45.5504]]},"properties":{}},{"type":"Feature","geometry":{"type":"LineString","coordinates":[[10.3996,45.5504],[10.40057,45.55086]]},"properties":{}},{"type":"Feature","geometry":{"type":"LineString","coordinates":[[10.40057,45.55086],[10.40086,45.55091],[10.40117,45.55093]]},"properties":{}},{"type":"Feature","geometry":{"type":"LineString","coordinates":[[10.40107,45.55113],[10.40057,45.55086]]},"properties":{}},{"type":"Feature","geometry":{"type":"LineString","coordinates":[[10.4014,45.5512],[10.40127,45.55122],[10.40113,45.55119],[10.40105,45.55109],[10.40106,45.55101],[10.40121,45.55091],[10.40142,45.55094],[10.4015,45.55101],[10.40151,45.55108],[10.40148,45.55114],[10.4014,45.5512]]},"properties":{}},{"type":"Feature","geometry":{"type":"LineString","coordinates":[[10.40151,45.55108],[10.40159,45.55123],[10.40179,45.55143]]},"properties":{}},{"type":"Feature","geometry":{"type":"LineString","coordinates":[[10.40179,45.55143],[10.40127,45.55122]]},"properties":{}},{"type":"Feature","geometry":{"type":"LineString","coordinates":[[10.40179,45.55143],[10.40229,45.55166]]},"properties":{}},{"type":"Feature","geometry":{"type":"LineString","coordinates":[[10.40229,45.55166],[10.40243,45.55172]]},"properties":{}},{"type":"Feature","geometry":{"type":"LineString","coordinates":[[10.40243,45.55172],[10.4025,45.55175]]},"properties":{}},{"type":"Feature","geometry":{"type":"LineString","coordinates":[[10.42922,45.54778],[10.43051,45.54946]]},"properties":{}},{"type":"Feature","geometry":{"type":"LineString","coordinates":[[10.46794,45.54951],[10.46735,45.54999],[10.467,45.55017],[10.46688,45.55028]]},"properties":{}},{"type":"Feature","geometry":{"type":"LineString","coordinates":[[10.43051,45.54946],[10.43136,45.55061],[10.43186,45.55136],[10.43245,45.55245],[10.43283,45.5533]]},"properties":{}},{"type":"Feature","geometry":{"type":"LineString","coordinates":[[10.46688,45.55028],[10.46689,45.5504],[10.46697,45.55054],[10.46773,45.55124],[10.46793,45.55159],[10.46799,45.55189],[10.46794,45.55311]]},"properties":{}},{"type":"Feature","geometry":{"type":"LineString","coordinates":[[10.42695,45.55356],[10.427,45.55363],[10.42735,45.55385]]},"properties":{}},{"type":"Feature","geometry":{"type":"LineString","coordinates":[[10.43283,45.5533],[10.43309,45.55388],[10.43343,45.55444]]},"properties":{}},{"type":"Feature","geometry":{"type":"LineString","coordinates":[[10.46794,45.55311],[10.46794,45.5537],[10.46799,45.5539],[10.46832,45.55463]]},"properties":{}},{"type":"Feature","geometry":{"type":"LineString","coordinates":[[10.4277,45.55395],[10.42761,45.55387],[10.42735,45.55385]]},"properties":{}},{"type":"Feature","geometry":{"type":"LineString","coordinates":[[10.42775,45.55407],[10.4277,45.55395]]},"properties":{}},{"type":"Feature","geometry":{"type":"LineString","coordinates":[[10.4281,45.55474],[10.42775,45.55407]]},"properties":{}},{"type":"Feature","geometry":{"type":"LineString","coordinates":[[10.4025,45.55175],[10.40268,45.55184]]},"properties":{}},{"type":"Feature","geometry":{"type":"LineString","coordinates":[[10.40268,45.55184],[10.40895,45.55478]]},"properties":{}},{"type":"Feature","geometry":{"type":"LineString","coordinates":[[10.4194,45.55215],[10.41943,45.55222],[10.41884,45.5526],[10.41869,45.55275],[10.41749,45.55422],[10.41692,45.55481],[10.41556,45.55604]]},"properties":{}},{"type":"Feature","geometry":{"type":"LineString","coordinates":[[10.38985,45.55447],[10.38987,45.55441]]},"properties":{}},{"type":"Feature","geometry":{"type":"LineString","coordinates":[[10.40895,45.55478],[10.40937,45.55493]]},"properties":{}},{"type":"Feature","geometry":{"type":"LineString","coordinates":[[10.4094,45.55493],[10.40949,45.55481]]},"properties":{}},{"type":"Feature","geometry":{"type":"LineString","coordinates":[[10.3882,45.55524],[10.3883,45.55531],[10.38837,45.55531],[10.38985,45.55447]]},"properties":{}},{"type":"Feature","geometry":{"type":"LineString","coordinates":[[10.40949,45.55481],[10.40949,45.55487],[10.40955,45.55497]]},"properties":{}},{"type":"Feature","geometry":{"type":"LineString","coordinates":[[10.40919,45.55504],[10.4091,45.5549],[10.40895,45.55478]]},"properties":{}},{"type":"Feature","geometry":{"type":"LineString","coordinates":[[10.40928,45.55521],[10.40919,45.55512],[10.40919,45.55504],[10.40924,45.55498],[10.40932,45.55494],[10.40945,45.55494],[10.40959,45.55501],[10.40962,45.55509],[10.40955,45.55519],[10.40944,45.55523],[10.40928,45.55521]]},"properties":{}},{"type":"Feature","geometry":{"type":"LineString","coordinates":[[10.40961,45.55505],[10.40995,45.55526]]},"properties":{}},{"type":"Feature","geometry":{"type":"LineString","coordinates":[[10.40995,45.55526],[10.40951,45.55521]]},"properties":{}},{"type":"Feature","geometry":{"type":"LineString","coordinates":[[10.40887,45.55545],[10.40911,45.55525],[10.40919,45.55512]]},"properties":{}},{"type":"Feature","geometry":{"type":"LineString","coordinates":[[10.40923,45.55534],[10.40913,45.55529],[10.40911,45.55525]]},"properties":{}},{"type":"Feature","geometry":{"type":"LineString","coordinates":[[10.40944,45.55523],[10.40923,45.55534],[10.40887,45.55545]]},"properties":{}},{"type":"Feature","geometry":{"type":"LineString","coordinates":[[10.40995,45.55526],[10.41348,45.5569]]},"properties":{}},{"type":"Feature","geometry":{"type":"LineString","coordinates":[[10.41282,45.55658],[10.41263,45.55658],[10.41163,45.55611],[10.41154,45.55598]]},"properties":{}},{"type":"Feature","geometry":{"type":"LineString","coordinates":[[10.41438,45.55686],[10.41459,45.55677]]},"properties":{}},{"type":"Feature","geometry":{"type":"LineString","coordinates":[[10.41459,45.55677],[10.41452,45.55692]]},"properties":{}},{"type":"Feature","geometry":{"type":"LineString","coordinates":[[10.41348,45.5569],[10.41394,45.55694],[10.41438,45.55686]]},"properties":{}},{"type":"Feature","geometry":{"type":"LineString","coordinates":[[10.30294,45.53959],[10.30305,45.53936]]},"properties":{}},{"type":"Feature","geometry":{"type":"LineString","coordinates":[[10.30323,45.53956],[10.30294,45.53959]]},"properties":{}},{"type":"Feature","geometry":{"type":"LineString","coordinates":[[10.46832,45.55463],[10.46874,45.55554],[10.46898,45.55579]]},"properties":{}},{"type":"Feature","geometry":{"type":"LineString","coordinates":[[10.46898,45.55579],[10.46941,45.55614],[10.46988,45.55662],[10.47005,45.55684],[10.47012,45.55696],[10.47016,45.55713]]},"properties":{}},{"type":"Feature","geometry":{"type":"LineString","coordinates":[[10.47016,45.55713],[10.47025,45.55759]]},"properties":{}},{"type":"Feature","geometry":{"type":"LineString","coordinates":[[10.47025,45.55759],[10.47038,45.55814],[10.47041,45.55821],[10.47053,45.55835]]},"properties":{}},{"type":"Feature","geometry":{"type":"LineString","coordinates":[[10.47055,45.5585],[10.47039,45.55876],[10.47032,45.55918],[10.4702,45.55949],[10.46987,45.55978],[10.46896,45.56039],[10.46844,45.56067]]},"properties":{}},{"type":"Feature","geometry":{"type":"LineString","coordinates":[[10.46844,45.56067],[10.46818,45.56072],[10.46792,45.56073],[10.46746,45.56067],[10.46634,45.56063],[10.4661,45.56068]]},"properties":{}},{"type":"Feature","geometry":{"type":"LineString","coordinates":[[10.42689,45.54681],[10.42698,45.54698],[10.42761,45.54758],[10.42905,45.54917],[10.42913,45.54922],[10.42957,45.5497],[10.43094,45.55127],[10.43154,45.55207],[10.43198,45.55278],[10.43341,45.5549],[10.43617,45.55892],[10.43686,45.55981],[10.43747,45.56047],[10.43764,45.56058],[10.43825,45.56114],[10.44054,45.5633],[10.44109,45.56391],[10.44132,45.56429],[10.44159,45.56502],[10.44181,45.56546],[10.44187,45.56586],[10.44204,45.56809],[10.44196,45.56908],[10.44146,45.57101],[10.44113,45.57281],[10.44024,45.57526],[10.43994,45.57583],[10.43993,45.57589]]},"properties":{}},{"type":"Feature","geometry":{"type":"LineString","coordinates":[[10.4661,45.56068],[10.46597,45.56076],[10.46587,45.56088],[10.46556,45.56131],[10.46475,45.56176],[10.46462,45.56188],[10.46448,45.56212]]},"properties":{}},{"type":"Feature","geometry":{"type":"LineString","coordinates":[[10.4413,45.57193],[10.44137,45.57196],[10.4417,45.57288],[10.44185,45.57321],[10.44196,45.57324],[10.44209,45.57323],[10.44216,45.57312],[10.44215,45.57297],[10.44189,45.57242],[10.44173,45.57169],[10.44171,45.57122],[10.44181,45.57064],[10.4422,45.56926],[10.44233,45.5684],[10.44232,45.56789],[10.44227,45.56715],[10.44229,45.56673],[10.44223,45.56643],[10.44214,45.56548],[10.44199,45.56493],[10.44187,45.56461],[10.44166,45.56421],[10.44127,45.56368],[10.43924,45.56172],[10.43898,45.56142],[10.4387,45.5612],[10.43784,45.56036],[10.4369,45.55933],[10.43616,45.55838],[10.43489,45.55641],[10.43471,45.55604],[10.43445,45.5557],[10.43326,45.55386],[10.43309,45.55352],[10.43294,45.55303],[10.43254,45.55209],[10.43256,45.55141],[10.4327,45.55122],[10.43342,45.55098],[10.43368,45.55085],[10.43396,45.55064],[10.43408,45.55043],[10.43412,45.55026],[10.43405,45.55019]]},"properties":{}},{"type":"Feature","geometry":{"type":"LineString","coordinates":[[10.42297,45.56074],[10.42807,45.56313],[10.43,45.5639]]},"properties":{}},{"type":"Feature","geometry":{"type":"LineString","coordinates":[[10.46448,45.56212],[10.46434,45.56231],[10.46411,45.56249],[10.46239,45.56327],[10.4622,45.56329],[10.46124,45.56289]]},"properties":{}},{"type":"Feature","geometry":{"type":"LineString","coordinates":[[10.46124,45.56289],[10.46104,45.56288],[10.46083,45.56295]]},"properties":{}},{"type":"Feature","geometry":{"type":"LineString","coordinates":[[10.46083,45.56295],[10.46072,45.56309],[10.46071,45.56439]]},"properties":{}},{"type":"Feature","geometry":{"type":"LineString","coordinates":[[10.43343,45.55444],[10.43593,45.55831],[10.43676,45.5594],[10.43727,45.56],[10.43782,45.56057],[10.441,45.56362],[10.44141,45.56414],[10.44171,45.56469],[10.44191,45.56526],[10.44199,45.5657],[10.44217,45.56796],[10.44217,45.56835],[10.44206,45.56924],[10.44163,45.57086],[10.44158,45.57127],[10.44158,45.57176],[10.44168,45.57234],[10.442,45.57313]]},"properties":{}},{"type":"Feature","geometry":{"type":"LineString","coordinates":[[10.43,45.5639],[10.43066,45.56415]]},"properties":{}},{"type":"Feature","geometry":{"type":"LineString","coordinates":[[10.43066,45.56415],[10.4307,45.56416]]},"properties":{}},{"type":"Feature","geometry":{"type":"LineString","coordinates":[[10.4307,45.56416],[10.43138,45.56442]]},"properties":{}},{"type":"Feature","geometry":{"type":"LineString","coordinates":[[10.46071,45.56439],[10.46075,45.56448],[10.46089,45.56464]]},"properties":{}},{"type":"Feature","geometry":{"type":"LineString","coordinates":[[10.46071,45.56468],[10.46071,45.56439]]},"properties":{}},{"type":"Feature","geometry":{"type":"LineString","coordinates":[[10.43138,45.56442],[10.43247,45.56484]]},"properties":{}},{"type":"Feature","geometry":{"type":"LineString","coordinates":[[10.46058,45.565],[10.46071,45.56475]]},"properties":{}},{"type":"Feature","geometry":{"type":"LineString","coordinates":[[10.46088,45.56481],[10.46058,45.565]]},"properties":{}},{"type":"Feature","geometry":{"type":"LineString","coordinates":[[10.46058,45.565],[10.45962,45.56557],[10.45937,45.56576]]},"properties":{}},{"type":"Feature","geometry":{"type":"LineString","coordinates":[[10.45898,45.56591],[10.45921,45.56584],[10.45937,45.56576]]},"properties":{}},{"type":"Feature","geometry":{"type":"LineString","coordinates":[[10.45937,45.56576],[10.4592,45.56605]]},"properties":{}},{"type":"Feature","geometry":{"type":"LineString","coordinates":[[10.45857,45.5663],[10.4587,45.56614]]},"properties":{}},{"type":"Feature","geometry":{"type":"LineString","coordinates":[[10.45881,45.56624],[10.45857,45.5663]]},"properties":{}},{"type":"Feature","geometry":{"type":"LineString","coordinates":[[10.43247,45.56484],[10.43287,45.56508],[10.43381,45.56586],[10.43596,45.56788]]},"properties":{}},{"type":"Feature","geometry":{"type":"LineString","coordinates":[[10.45857,45.5663],[10.45836,45.56645]]},"properties":{}},{"type":"Feature","geometry":{"type":"LineString","coordinates":[[10.45836,45.56645],[10.45825,45.56653]]},"properties":{}},{"type":"Feature","geometry":{"type":"LineString","coordinates":[[10.45825,45.56653],[10.45738,45.56711]]},"properties":{}},{"type":"Feature","geometry":{"type":"LineString","coordinates":[[10.43596,45.56788],[10.43619,45.56805]]},"properties":{}},{"type":"Feature","geometry":{"type":"LineString","coordinates":[[10.43598,45.56812],[10.43596,45.56788]]},"properties":{}},{"type":"Feature","geometry":{"type":"LineString","coordinates":[[10.43614,45.56805],[10.4363,45.56806],[10.43641,45.56813],[10.43644,45.56825],[10.43638,45.56834],[10.43617,45.5684],[10.43603,45.56836],[10.43596,45.5683],[10.43593,45.56823],[10.43595,45.56815],[10.43601,45.56809],[10.43614,45.56805]]},"properties":{}},{"type":"Feature","geometry":{"type":"LineString","coordinates":[[10.43635,45.56836],[10.43631,45.56864]]},"properties":{}},{"type":"Feature","geometry":{"type":"LineString","coordinates":[[10.43631,45.56864],[10.43612,45.5684]]},"properties":{}},{"type":"Feature","geometry":{"type":"LineString","coordinates":[[10.45738,45.56711],[10.4559,45.56804],[10.4551,45.56897],[10.45341,45.57059]]},"properties":{}},{"type":"Feature","geometry":{"type":"LineString","coordinates":[[10.43627,45.57029],[10.43643,45.57008]]},"properties":{}},{"type":"Feature","geometry":{"type":"LineString","coordinates":[[10.43643,45.57008],[10.43649,45.57033]]},"properties":{}},{"type":"Feature","geometry":{"type":"LineString","coordinates":[[10.43594,45.57034],[10.43623,45.5703]]},"properties":{}},{"type":"Feature","geometry":{"type":"LineString","coordinates":[[10.43651,45.57034],[10.43672,45.57038]]},"properties":{}},{"type":"Feature","geometry":{"type":"LineString","coordinates":[[10.43618,45.57048],[10.43594,45.57034]]},"properties":{}},{"type":"Feature","geometry":{"type":"LineString","coordinates":[[10.43627,45.57029],[10.43639,45.57028],[10.43649,45.57033],[10.43653,45.57041],[10.43651,45.57047],[10.43639,45.57054],[10.4362,45.5705],[10.43615,45.5704],[10.43619,45.57033],[10.43627,45.57029]]},"properties":{}},{"type":"Feature","geometry":{"type":"LineString","coordinates":[[10.43672,45.57038],[10.43651,45.57047]]},"properties":{}},{"type":"Feature","geometry":{"type":"LineString","coordinates":[[10.45341,45.57059],[10.45334,45.57065]]},"properties":{}},{"type":"Feature","geometry":{"type":"LineString","coordinates":[[10.43649,45.5705],[10.4365,45.57078]]},"properties":{}},{"type":"Feature","geometry":{"type":"LineString","coordinates":[[10.4365,45.57078],[10.43641,45.57064],[10.43627,45.57053]]},"properties":{}},{"type":"Feature","geometry":{"type":"LineString","coordinates":[[10.45334,45.57065],[10.45324,45.57074]]},"properties":{}},{"type":"Feature","geometry":{"type":"LineString","coordinates":[[10.45324,45.57074],[10.45289,45.57101],[10.45141,45.57192],[10.45,45.573],[10.44967,45.57315],[10.44846,45.57348],[10.448,45.57367],[10.44621,45.57491],[10.44531,45.57538]]},"properties":{}},{"type":"Feature","geometry":{"type":"LineString","coordinates":[[10.44257,45.57392],[10.44267,45.57404]]},"properties":{}},{"type":"Feature","geometry":{"type":"LineString","coordinates":[[10.44267,45.57404],[10.44404,45.57569]]},"properties":{}},{"type":"Feature","geometry":{"type":"LineString","coordinates":[[10.44498,45.57557],[10.44531,45.57538]]},"properties":{}},{"type":"Feature","geometry":{"type":"LineString","coordinates":[[10.44531,45.57538],[10.44517,45.57565]]},"properties":{}},{"type":"Feature","geometry":{"type":"LineString","coordinates":[[10.43689,45.57542],[10.43697,45.57553],[10.4371,45.57562]]},"properties":{}},{"type":"Feature","geometry":{"type":"LineString","coordinates":[[10.43693,45.57569],[10.43689,45.57542]]},"properties":{}},{"type":"Feature","geometry":{"type":"LineString","coordinates":[[10.4445,45.57572],[10.44483,45.57563]]},"properties":{}},{"type":"Feature","geometry":{"type":"LineString","coordinates":[[10.44433,45.57577],[10.4445,45.57572]]},"properties":{}},{"type":"Feature","geometry":{"type":"LineString","coordinates":[[10.44483,45.57578],[10.4445,45.57572]]},"properties":{}},{"type":"Feature","geometry":{"type":"LineString","coordinates":[[10.437,45.57564],[10.4371,45.57562],[10.43724,45.57567],[10.43727,45.57575],[10.43725,45.57582],[10.43711,45.57588],[10.43694,45.57583],[10.43691,45.57572],[10.437,45.57564]]},"properties":{}},{"type":"Feature","geometry":{"type":"LineString","coordinates":[[10.44398,45.57591],[10.44433,45.57577]]},"properties":{}},{"type":"Feature","geometry":{"type":"LineString","coordinates":[[10.44404,45.57569],[10.44428,45.57599]]},"properties":{}},{"type":"Feature","geometry":{"type":"LineString","coordinates":[[10.4375,45.57574],[10.43751,45.57569],[10.43837,45.57586],[10.43945,45.57615]]},"properties":{}},{"type":"Feature","geometry":{"type":"LineString","coordinates":[[10.43695,45.57609],[10.43694,45.57583]]},"properties":{}},{"type":"Feature","geometry":{"type":"LineString","coordinates":[[10.43711,45.57588],[10.43699,45.576],[10.43695,45.57609]]},"properties":{}},{"type":"Feature","geometry":{"type":"LineString","coordinates":[[10.44358,45.57608],[10.44398,45.57591]]},"properties":{}},{"type":"Feature","geometry":{"type":"LineString","coordinates":[[10.43993,45.57589],[10.43985,45.57619]]},"properties":{}},{"type":"Feature","geometry":{"type":"LineString","coordinates":[[10.44326,45.5761],[10.44358,45.57608]]},"properties":{}},{"type":"Feature","geometry":{"type":"LineString","coordinates":[[10.44358,45.57608],[10.44334,45.57625]]},"properties":{}},{"type":"Feature","geometry":{"type":"LineString","coordinates":[[10.43945,45.57615],[10.43982,45.57626]]},"properties":{}},{"type":"Feature","geometry":{"type":"LineString","coordinates":[[10.44331,45.57629],[10.4432,45.57634],[10.44309,45.57633],[10.443,45.57628],[10.44299,45.57617],[10.4431,45.57609],[10.44326,45.5761],[10.44335,45.57618],[10.44331,45.57629]]},"properties":{}},{"type":"Feature","geometry":{"type":"LineString","coordinates":[[10.43985,45.57619],[10.43982,45.57626]]},"properties":{}},{"type":"Feature","geometry":{"type":"LineString","coordinates":[[10.43993,45.57589],[10.44,45.57609],[10.43999,45.57626],[10.43991,45.57644],[10.43956,45.57682]]},"properties":{}},{"type":"Feature","geometry":{"type":"LineString","coordinates":[[10.43982,45.57626],[10.44094,45.57659]]},"properties":{}},{"type":"Feature","geometry":{"type":"LineString","coordinates":[[10.4426,45.57646],[10.44278,45.57655]]},"properties":{}},{"type":"Feature","geometry":{"type":"LineString","coordinates":[[10.44281,45.57644],[10.44261,45.57662]]},"properties":{}},{"type":"Feature","geometry":{"type":"LineString","coordinates":[[10.44094,45.57659],[10.44173,45.57682],[10.44209,45.57686],[10.44231,45.5768],[10.44239,45.57674],[10.4426,45.57646]]},"properties":{}},{"type":"Feature","geometry":{"type":"LineString","coordinates":[[10.44232,45.57689],[10.44261,45.57662]]},"properties":{}},{"type":"Feature","geometry":{"type":"LineString","coordinates":[[10.44261,45.57662],[10.44248,45.57697]]},"properties":{}},{"type":"Feature","geometry":{"type":"LineString","coordinates":[[10.44428,45.57599],[10.44594,45.57801]]},"properties":{}},{"type":"Feature","geometry":{"type":"LineString","coordinates":[[10.44328,45.57641],[10.44322,45.57638],[10.44306,45.5764],[10.44285,45.5765],[10.44273,45.57659],[10.44265,45.57669],[10.44257,45.57696],[10.44256,45.57707],[10.4426,45.57714],[10.44274,45.57725],[10.44293,45.57733],[10.44463,45.57779]]},"properties":{}},{"type":"Feature","geometry":{"type":"LineString","coordinates":[[10.27004,45.57988],[10.27005,45.57984]]},"properties":{}},{"type":"Feature","geometry":{"type":"LineString","coordinates":[[10.27008,45.57992],[10.27004,45.57988]]},"properties":{}},{"type":"Feature","geometry":{"type":"LineString","coordinates":[[10.27005,45.57984],[10.26923,45.5797],[10.26837,45.57972],[10.26796,45.57979],[10.26601,45.58034]]},"properties":{}},{"type":"Feature","geometry":{"type":"LineString","coordinates":[[10.27043,45.58017],[10.27008,45.57992]]},"properties":{}},{"type":"Feature","geometry":{"type":"LineString","coordinates":[[10.27043,45.58017],[10.27035,45.58041]]},"properties":{}},{"type":"Feature","geometry":{"type":"LineString","coordinates":[[10.27035,45.58041],[10.27031,45.58049]]},"properties":{}},{"type":"Feature","geometry":{"type":"LineString","coordinates":[[10.26601,45.58034],[10.26595,45.58023],[10.26526,45.58034],[10.26412,45.58082],[10.26342,45.58103]]},"properties":{}},{"type":"Feature","geometry":{"type":"LineString","coordinates":[[10.26992,45.58106],[10.27003,45.58091],[10.27033,45.5807]]},"properties":{}},{"type":"Feature","geometry":{"type":"LineString","coordinates":[[10.27031,45.58049],[10.2703,45.58063],[10.27033,45.5807],[10.27076,45.58075],[10.27153,45.581],[10.27208,45.58139],[10.27234,45.58163],[10.2727,45.58182],[10.27362,45.5821],[10.27411,45.58219]]},"properties":{}},{"type":"Feature","geometry":{"type":"LineString","coordinates":[[10.28081,45.58196],[10.28094,45.58191]]},"properties":{}},{"type":"Feature","geometry":{"type":"LineString","coordinates":[[10.28094,45.58191],[10.28124,45.582],[10.28164,45.582]]},"properties":{}},{"type":"Feature","geometry":{"type":"LineString","coordinates":[[10.28176,45.58215],[10.28164,45.582]]},"properties":{}},{"type":"Feature","geometry":{"type":"LineString","coordinates":[[10.28374,45.58216],[10.28369,45.58212],[10.28359,45.58211],[10.28313,45.58215],[10.28197,45.58211],[10.28176,45.58215]]},"properties":{}},{"type":"Feature","geometry":{"type":"LineString","coordinates":[[10.26052,45.58439],[10.26059,45.58514],[10.26057,45.5852],[10.26043,45.58527],[10.25833,45.58535],[10.25594,45.58567],[10.25593,45.58562]]},"properties":{}},{"type":"Feature","geometry":{"type":"LineString","coordinates":[[10.25832,45.58529],[10.2585,45.58606],[10.2586,45.5862],[10.25853,45.58632],[10.25819,45.58648],[10.25872,45.58714]]},"properties":{}},{"type":"Feature","geometry":{"type":"LineString","coordinates":[[10.29612,45.58678],[10.29568,45.58677]]},"properties":{}},{"type":"Feature","geometry":{"type":"LineString","coordinates":[[10.29962,45.58772],[10.29969,45.58775]]},"properties":{}},{"type":"Feature","geometry":{"type":"LineString","coordinates":[[10.29969,45.58775],[10.29973,45.5878]]},"properties":{}},{"type":"Feature","geometry":{"type":"LineString","coordinates":[[10.437,45.57968],[10.43724,45.57956]]},"properties":{}},{"type":"Feature","geometry":{"type":"LineString","coordinates":[[10.43711,45.57972],[10.437,45.57968]]},"properties":{}},{"type":"Feature","geometry":{"type":"LineString","coordinates":[[10.43726,45.57981],[10.43711,45.57972]]},"properties":{}},{"type":"Feature","geometry":{"type":"LineString","coordinates":[[10.43619,45.57958],[10.43615,45.57977],[10.43617,45.58004],[10.43628,45.58037],[10.4363,45.58055]]},"properties":{}},{"type":"Feature","geometry":{"type":"LineString","coordinates":[[10.44594,45.57801],[10.44895,45.58166],[10.44948,45.58222]]},"properties":{}},{"type":"Feature","geometry":{"type":"LineString","coordinates":[[10.43746,45.58127],[10.43745,45.58173],[10.43738,45.58205]]},"properties":{}},{"type":"Feature","geometry":{"type":"LineString","coordinates":[[10.43717,45.58261],[10.43714,45.58274]]},"properties":{}},{"type":"Feature","geometry":{"type":"LineString","coordinates":[[10.43714,45.58274],[10.4371,45.58286]]},"properties":{}},{"type":"Feature","geometry":{"type":"LineString","coordinates":[[10.44948,45.58222],[10.44999,45.58262],[10.45212,45.58401]]},"properties":{}},{"type":"Feature","geometry":{"type":"LineString","coordinates":[[10.45212,45.58401],[10.45267,45.58439],[10.45312,45.58478]]},"properties":{}},{"type":"Feature","geometry":{"type":"LineString","coordinates":[[10.41415,45.5572],[10.41413,45.55713],[10.41416,45.55705],[10.41438,45.55686]]},"properties":{}},{"type":"Feature","geometry":{"type":"LineString","coordinates":[[10.41452,45.55692],[10.41433,45.55716],[10.41415,45.5572]]},"properties":{}},{"type":"Feature","geometry":{"type":"LineString","coordinates":[[10.41452,45.55692],[10.41451,45.55708],[10.41456,45.55723],[10.41474,45.55743]]},"properties":{}},{"type":"Feature","geometry":{"type":"LineString","coordinates":[[10.41474,45.55743],[10.41579,45.55781],[10.41702,45.55813],[10.41736,45.55825],[10.42199,45.5603]]},"properties":{}},{"type":"Feature","geometry":{"type":"LineString","coordinates":[[10.42199,45.5603],[10.42254,45.56053]]},"properties":{}},{"type":"Feature","geometry":{"type":"LineString","coordinates":[[10.42264,45.56059],[10.42297,45.56074]]},"properties":{}},{"type":"Feature","geometry":{"type":"LineString","coordinates":[[10.40654,45.60789],[10.40622,45.60795],[10.40612,45.60801],[10.4056,45.60852],[10.40548,45.60855],[10.40511,45.60881],[10.40489,45.60892],[10.40444,45.60901],[10.40395,45.60895],[10.40328,45.609]]},"properties":{}},{"type":"Feature","geometry":{"type":"LineString","coordinates":[[10.40328,45.609],[10.40297,45.60909]]},"properties":{}},{"type":"Feature","geometry":{"type":"LineString","coordinates":[[10.40297,45.60909],[10.40227,45.60915]]},"properties":{}},{"type":"Feature","geometry":{"type":"LineString","coordinates":[[10.38648,45.60965],[10.38756,45.60959],[10.38811,45.60963],[10.3892,45.60936]]},"properties":{}},{"type":"Feature","geometry":{"type":"LineString","coordinates":[[10.45312,45.58478],[10.4533,45.58495]]},"properties":{}},{"type":"Feature","geometry":{"type":"LineString","coordinates":[[10.4533,45.58495],[10.45402,45.58584]]},"properties":{}},{"type":"Feature","geometry":{"type":"LineString","coordinates":[[10.45402,45.58584],[10.45593,45.5881],[10.45728,45.58997]]},"properties":{}},{"type":"Feature","geometry":{"type":"LineString","coordinates":[[10.44287,45.58971],[10.44289,45.58989]]},"properties":{}},{"type":"Feature","geometry":{"type":"LineString","coordinates":[[10.45728,45.58997],[10.45753,45.59029]]},"properties":{}},{"type":"Feature","geometry":{"type":"LineString","coordinates":[[10.4429,45.58996],[10.44288,45.59009],[10.44292,45.59034]]},"properties":{}},{"type":"Feature","geometry":{"type":"LineString","coordinates":[[10.45753,45.59029],[10.45844,45.59144]]},"properties":{}},{"type":"Feature","geometry":{"type":"LineString","coordinates":[[10.44062,45.59107],[10.44082,45.591]]},"properties":{}},{"type":"Feature","geometry":{"type":"LineString","coordinates":[[10.44082,45.591],[10.44072,45.59117]]},"properties":{}},{"type":"Feature","geometry":{"type":"LineString","coordinates":[[10.44057,45.59129],[10.44048,45.59128],[10.44041,45.59123],[10.44039,45.59116],[10.44045,45.59109],[10.44059,45.59106],[10.44071,45.59113],[10.44072,45.5912],[10.44069,45.59125],[10.44057,45.59129]]},"properties":{}},{"type":"Feature","geometry":{"type":"LineString","coordinates":[[10.44028,45.59131],[10.44039,45.59118]]},"properties":{}},{"type":"Feature","geometry":{"type":"LineString","coordinates":[[10.44048,45.59128],[10.44028,45.59131]]},"properties":{}},{"type":"Feature","geometry":{"type":"LineString","coordinates":[[10.44071,45.59122],[10.44073,45.59145]]},"properties":{}},{"type":"Feature","geometry":{"type":"LineString","coordinates":[[10.44073,45.59145],[10.44053,45.59129]]},"properties":{}},{"type":"Feature","geometry":{"type":"LineString","coordinates":[[10.44037,45.59244],[10.44008,45.59228],[10.43963,45.59211],[10.43949,45.59211],[10.43938,45.59194],[10.43928,45.5916],[10.43914,45.59143],[10.43894,45.59128],[10.43891,45.5912]]},"properties":{}},{"type":"Feature","geometry":{"type":"LineString","coordinates":[[10.44292,45.59034],[10.44311,45.59294],[10.44325,45.59336],[10.44373,45.59425]]},"properties":{}},{"type":"Feature","geometry":{"type":"LineString","coordinates":[[10.45844,45.59144],[10.4592,45.59241],[10.45958,45.59301],[10.45983,45.59363],[10.45998,45.59442]]},"properties":{}},{"type":"Feature","geometry":{"type":"LineString","coordinates":[[10.44073,45.59145],[10.44278,45.59447]]},"properties":{}},{"type":"Feature","geometry":{"type":"LineString","coordinates":[[10.43964,45.59327],[10.43975,45.59278]]},"properties":{}},{"type":"Feature","geometry":{"type":"LineString","coordinates":[[10.44389,45.59464],[10.44373,45.59425]]},"properties":{}},{"type":"Feature","geometry":{"type":"LineString","coordinates":[[10.44278,45.59447],[10.44304,45.59474],[10.44343,45.595]]},"properties":{}},{"type":"Feature","geometry":{"type":"LineString","coordinates":[[10.44391,45.59483],[10.4439,45.59469]]},"properties":{}},{"type":"Feature","geometry":{"type":"LineString","coordinates":[[10.44398,45.59473],[10.44391,45.59483]]},"properties":{}},{"type":"Feature","geometry":{"type":"LineString","coordinates":[[10.44386,45.59504],[10.44391,45.59483]]},"properties":{}},{"type":"Feature","geometry":{"type":"LineString","coordinates":[[10.44343,45.595],[10.44368,45.59511]]},"properties":{}},{"type":"Feature","geometry":{"type":"LineString","coordinates":[[10.44374,45.59511],[10.44386,45.59504]]},"properties":{}},{"type":"Feature","geometry":{"type":"LineString","coordinates":[[10.44358,45.59519],[10.44343,45.595]]},"properties":{}},{"type":"Feature","geometry":{"type":"LineString","coordinates":[[10.44386,45.59504],[10.44383,45.59517]]},"properties":{}},{"type":"Feature","geometry":{"type":"LineString","coordinates":[[10.44374,45.59511],[10.44383,45.59517]]},"properties":{}},{"type":"Feature","geometry":{"type":"LineString","coordinates":[[10.44384,45.59523],[10.44393,45.59531]]},"properties":{}},{"type":"Feature","geometry":{"type":"LineString","coordinates":[[10.44393,45.59531],[10.4438,45.59528]]},"properties":{}},{"type":"Feature","geometry":{"type":"LineString","coordinates":[[10.45998,45.59442],[10.46033,45.59672]]},"properties":{}},{"type":"Feature","geometry":{"type":"LineString","coordinates":[[10.44393,45.59531],[10.44522,45.59611]]},"properties":{}},{"type":"Feature","geometry":{"type":"LineString","coordinates":[[10.44522,45.59611],[10.44588,45.59653]]},"properties":{}},{"type":"Feature","geometry":{"type":"LineString","coordinates":[[10.44588,45.59653],[10.44628,45.59678]]},"properties":{}},{"type":"Feature","geometry":{"type":"LineString","coordinates":[[10.44628,45.59678],[10.44922,45.59862]]},"properties":{}},{"type":"Feature","geometry":{"type":"LineString","coordinates":[[10.46033,45.59672],[10.46067,45.59912],[10.46088,45.59981]]},"properties":{}},{"type":"Feature","geometry":{"type":"LineString","coordinates":[[10.44922,45.59862],[10.44954,45.59878]]},"properties":{}},{"type":"Feature","geometry":{"type":"LineString","coordinates":[[10.44939,45.59886],[10.44937,45.59878],[10.44922,45.59862]]},"properties":{}},{"type":"Feature","geometry":{"type":"LineString","coordinates":[[10.44962,45.59881],[10.4497,45.59879]]},"properties":{}},{"type":"Feature","geometry":{"type":"LineString","coordinates":[[10.44939,45.59886],[10.44946,45.59879],[10.44954,45.59878]]},"properties":{}},{"type":"Feature","geometry":{"type":"LineString","coordinates":[[10.44954,45.59878],[10.44962,45.59881],[10.44966,45.59889]]},"properties":{}},{"type":"Feature","geometry":{"type":"LineString","coordinates":[[10.44959,45.59896],[10.44946,45.59896],[10.4494,45.59892],[10.44939,45.59886]]},"properties":{}},{"type":"Feature","geometry":{"type":"LineString","coordinates":[[10.44966,45.59889],[10.44959,45.59896]]},"properties":{}},{"type":"Feature","geometry":{"type":"LineString","coordinates":[[10.44966,45.59889],[10.44986,45.59904]]},"properties":{}},{"type":"Feature","geometry":{"type":"LineString","coordinates":[[10.44986,45.59904],[10.44959,45.59896]]},"properties":{}},{"type":"Feature","geometry":{"type":"LineString","coordinates":[[10.49797,45.60602],[10.49958,45.60544],[10.4998,45.6053],[10.5,45.60506]]},"properties":{}},{"type":"Feature","geometry":{"type":"LineString","coordinates":[[10.5,45.60389],[10.5,45.60389]]},"properties":{}},{"type":"Feature","geometry":{"type":"LineString","coordinates":[[10.46088,45.59981],[10.46091,45.59989]]},"properties":{}},{"type":"Feature","geometry":{"type":"LineString","coordinates":[[10.44986,45.59904],[10.45364,45.6014]]},"properties":{}},{"type":"Feature","geometry":{"type":"LineString","coordinates":[[10.46091,45.59989],[10.46123,45.6005],[10.46165,45.60107],[10.46216,45.60159],[10.463,45.60227]]},"properties":{}},{"type":"Feature","geometry":{"type":"LineString","coordinates":[[10.29973,45.5878],[10.30046,45.58798]]},"properties":{}},{"type":"Feature","geometry":{"type":"LineString","coordinates":[[10.30046,45.58798],[10.30069,45.58811]]},"properties":{}},{"type":"Feature","geometry":{"type":"LineString","coordinates":[[10.30069,45.58811],[10.30117,45.58838]]},"properties":{}},{"type":"Feature","geometry":{"type":"LineString","coordinates":[[10.30117,45.58838],[10.30138,45.58847]]},"properties":{}},{"type":"Feature","geometry":{"type":"LineString","coordinates":[[10.30137,45.58848],[10.30138,45.58847]]},"properties":{}},{"type":"Feature","geometry":{"type":"LineString","coordinates":[[10.30136,45.58851],[10.30137,45.58848]]},"properties":{}},{"type":"Feature","geometry":{"type":"LineString","coordinates":[[10.30138,45.58847],[10.30166,45.58853],[10.30225,45.58857]]},"properties":{}},{"type":"Feature","geometry":{"type":"LineString","coordinates":[[10.30225,45.58857],[10.30285,45.58859]]},"properties":{}},{"type":"Feature","geometry":{"type":"LineString","coordinates":[[10.30285,45.58859],[10.30334,45.58865],[10.3037,45.58873],[10.30451,45.58909],[10.30462,45.58908]]},"properties":{}},{"type":"Feature","geometry":{"type":"LineString","coordinates":[[10.45377,45.60154],[10.45367,45.60156],[10.45358,45.6015],[10.4536,45.60143],[10.4537,45.60135],[10.45379,45.60134],[10.45387,45.60141],[10.45385,45.60147],[10.45377,45.60154]]},"properties":{}},{"type":"Feature","geometry":{"type":"LineString","coordinates":[[10.45364,45.6014],[10.4548,45.60212]]},"properties":{}},{"type":"Feature","geometry":{"type":"LineString","coordinates":[[10.4548,45.60212],[10.45519,45.60233],[10.45555,45.60247]]},"properties":{}},{"type":"Feature","geometry":{"type":"LineString","coordinates":[[10.45415,45.60171],[10.45337,45.60295]]},"properties":{}},{"type":"Feature","geometry":{"type":"LineString","coordinates":[[10.45462,45.60201],[10.45393,45.60312]]},"properties":{}},{"type":"Feature","geometry":{"type":"LineString","coordinates":[[10.463,45.60227],[10.46405,45.60305]]},"properties":{}},{"type":"Feature","geometry":{"type":"LineString","coordinates":[[10.45555,45.60247],[10.45752,45.60306]]},"properties":{}},{"type":"Feature","geometry":{"type":"LineString","coordinates":[[10.45584,45.60347],[10.45596,45.60308],[10.4562,45.60267]]},"properties":{}},{"type":"Feature","geometry":{"type":"LineString","coordinates":[[10.45752,45.60306],[10.45797,45.60318]]},"properties":{}},{"type":"Feature","geometry":{"type":"LineString","coordinates":[[10.45782,45.60327],[10.45773,45.60317],[10.45752,45.60306]]},"properties":{}},{"type":"Feature","geometry":{"type":"LineString","coordinates":[[10.45287,45.60281],[10.4554,45.60355],[10.45575,45.60363]]},"properties":{}},{"type":"Feature","geometry":{"type":"LineString","coordinates":[[10.46405,45.60305],[10.46453,45.6034]]},"properties":{}},{"type":"Feature","geometry":{"type":"LineString","coordinates":[[10.45805,45.60331],[10.45791,45.60335],[10.45785,45.60332],[10.45783,45.60324],[10.4579,45.60319],[10.45799,45.60319],[10.45806,45.60324],[10.45805,45.60331]]},"properties":{}},{"type":"Feature","geometry":{"type":"LineString","coordinates":[[10.45802,45.6032],[10.45845,45.60336]]},"properties":{}},{"type":"Feature","geometry":{"type":"LineString","coordinates":[[10.45845,45.60336],[10.45818,45.60331],[10.45803,45.60333]]},"properties":{}},{"type":"Feature","geometry":{"type":"LineString","coordinates":[[10.45776,45.60349],[10.45783,45.60329]]},"properties":{}},{"type":"Feature","geometry":{"type":"LineString","coordinates":[[10.45795,45.60335],[10.45776,45.60349]]},"properties":{}},{"type":"Feature","geometry":{"type":"LineString","coordinates":[[10.46061,45.60406],[10.46045,45.60404],[10.46021,45.60396],[10.46014,45.60397],[10.45948,45.60371],[10.45823,45.60334],[10.45811,45.60334],[10.4579,45.60343],[10.45774,45.60364]]},"properties":{}},{"type":"Feature","geometry":{"type":"LineString","coordinates":[[10.45141,45.60356],[10.45205,45.60379],[10.45346,45.60422]]},"properties":{}},{"type":"Feature","geometry":{"type":"LineString","coordinates":[[10.45774,45.60364],[10.45773,45.60368],[10.45776,45.60371],[10.45771,45.6038],[10.45764,45.60383],[10.45745,45.60429],[10.45746,45.60435],[10.45735,45.6044]]},"properties":{}},{"type":"Feature","geometry":{"type":"LineString","coordinates":[[10.45735,45.6044],[10.45764,45.6037]]},"properties":{}},{"type":"Feature","geometry":{"type":"LineString","coordinates":[[10.45845,45.60336],[10.46423,45.60508]]},"properties":{}},{"type":"Feature","geometry":{"type":"LineString","coordinates":[[10.45732,45.6045],[10.45735,45.6044]]},"properties":{}},{"type":"Feature","geometry":{"type":"LineString","coordinates":[[10.46797,45.60491],[10.47378,45.60448],[10.47499,45.60449],[10.47623,45.6046],[10.47812,45.605]]},"properties":{}},{"type":"Feature","geometry":{"type":"LineString","coordinates":[[10.4572,45.60481],[10.45721,45.60488],[10.45725,45.6049]]},"properties":{}},{"type":"Feature","geometry":{"type":"LineString","coordinates":[[10.45725,45.6049],[10.45736,45.60496]]},"properties":{}},{"type":"Feature","geometry":{"type":"LineString","coordinates":[[10.45736,45.60496],[10.45805,45.60527]]},"properties":{}},{"type":"Feature","geometry":{"type":"LineString","coordinates":[[10.46495,45.60529],[10.46479,45.60526],[10.4647,45.60518],[10.46468,45.60509],[10.46477,45.60498],[10.46495,45.60494],[10.46514,45.60503],[10.46518,45.60513],[10.46515,45.60519],[10.46507,45.60526],[10.46495,45.60529]]},"properties":{}},{"type":"Feature","geometry":{"type":"LineString","coordinates":[[10.47812,45.605],[10.47857,45.60509],[10.47921,45.60529]]},"properties":{}},{"type":"Feature","geometry":{"type":"LineString","coordinates":[[10.46473,45.60522],[10.46423,45.60508]]},"properties":{}},{"type":"Feature","geometry":{"type":"LineString","coordinates":[[10.46553,45.60548],[10.46495,45.60529]]},"properties":{}},{"type":"Feature","geometry":{"type":"LineString","coordinates":[[10.48847,45.60558],[10.48714,45.60572]]},"properties":{}},{"type":"Feature","geometry":{"type":"LineString","coordinates":[[10.48986,45.6058],[10.4891,45.60563],[10.48847,45.60558]]},"properties":{}},{"type":"Feature","geometry":{"type":"LineString","coordinates":[[10.48452,45.60629],[10.48169,45.60638],[10.48117,45.60638],[10.48072,45.6063],[10.48032,45.6062],[10.47995,45.60603],[10.47897,45.60535],[10.47865,45.60518],[10.47812,45.605]]},"properties":{}},{"type":"Feature","geometry":{"type":"LineString","coordinates":[[10.47921,45.60529],[10.48139,45.60603],[10.48234,45.60621],[10.4829,45.60625],[10.48383,45.60625],[10.48475,45.60616]]},"properties":{}},{"type":"Feature","geometry":{"type":"LineString","coordinates":[[10.48714,45.60572],[10.48549,45.60607]]},"properties":{}},{"type":"Feature","geometry":{"type":"LineString","coordinates":[[10.49137,45.60612],[10.48986,45.6058]]},"properties":{}},{"type":"Feature","geometry":{"type":"LineString","coordinates":[[10.49777,45.60609],[10.49797,45.60602]]},"properties":{}},{"type":"Feature","geometry":{"type":"LineString","coordinates":[[10.46061,45.60406],[10.46652,45.60583],[10.46866,45.6065],[10.46875,45.60635],[10.47129,45.60713],[10.47182,45.60727],[10.47401,45.60764],[10.47503,45.60777],[10.47542,45.60786],[10.47563,45.60796],[10.47576,45.60796],[10.47587,45.60801],[10.47589,45.60806]]},"properties":{}},{"type":"Feature","geometry":{"type":"LineString","coordinates":[[10.49137,45.60612],[10.49345,45.60657]]},"properties":{}},{"type":"Feature","geometry":{"type":"LineString","coordinates":[[10.49618,45.60661],[10.49777,45.60609]]},"properties":{}},{"type":"Feature","geometry":{"type":"LineString","coordinates":[[10.49345,45.60657],[10.49483,45.60671],[10.49558,45.6067],[10.49618,45.60661]]},"properties":{}},{"type":"Feature","geometry":{"type":"LineString","coordinates":[[10.45805,45.60527],[10.45984,45.6061],[10.46011,45.60628],[10.4603,45.60654],[10.46053,45.60674],[10.46077,45.60684],[10.46098,45.60687],[10.46155,45.60677],[10.46188,45.60676],[10.46367,45.60734],[10.46416,45.60738],[10.46424,45.60742],[10.4643,45.60748],[10.46431,45.60755],[10.46425,45.60764],[10.46408,45.60769],[10.46197,45.60738],[10.46182,45.6074],[10.46172,45.60745],[10.46168,45.60753],[10.46174,45.60798],[10.46184,45.60814],[10.46194,45.60824],[10.46206,45.60828],[10.46267,45.60836],[10.46273,45.60839],[10.46276,45.60846],[10.46269,45.60853],[10.46174,45.60852],[10.46146,45.60846],[10.46132,45.60835],[10.46121,45.60812],[10.46108,45.60807],[10.46095,45.60815],[10.46094,45.60824],[10.46101,45.60836],[10.46188,45.60916],[10.46221,45.60936],[10.46225,45.60943],[10.46222,45.60947],[10.46213,45.60948],[10.46125,45.6092],[10.46096,45.60904],[10.46067,45.60883],[10.46055,45.60879],[10.46047,45.60882]]},"properties":{}},{"type":"Feature","geometry":{"type":"LineString","coordinates":[[10.47589,45.60806],[10.47668,45.60856]]},"properties":{}},{"type":"Feature","geometry":{"type":"LineString","coordinates":[[10.47668,45.60856],[10.47676,45.60861]]},"properties":{}},{"type":"Feature","geometry":{"type":"LineString","coordinates":[[10.47921,45.60529],[10.47991,45.60563],[10.48052,45.60601],[10.48121,45.60661],[10.48261,45.60845],[10.48369,45.6096],[10.48416,45.61032],[10.48444,45.61094],[10.48475,45.6114],[10.48502,45.61167],[10.48561,45.61199],[10.48608,45.61212],[10.48642,45.61216]]},"properties":{}},{"type":"Feature","geometry":{"type":"LineString","coordinates":[[10.49708,45.60971],[10.49758,45.60966],[10.49787,45.60967],[10.49852,45.60978]]},"properties":{}},{"type":"Feature","geometry":{"type":"LineString","coordinates":[[10.49687,45.60975],[10.49708,45.60971]]},"properties":{}},{"type":"Feature","geometry":{"type":"LineString","coordinates":[[10.49567,45.60996],[10.49687,45.60975]]},"properties":{}},{"type":"Feature","geometry":{"type":"LineString","coordinates":[[10.47676,45.60861],[10.47806,45.6098],[10.47827,45.61001],[10.47896,45.61047],[10.48002,45.61092],[10.4806,45.61111],[10.48101,45.61129],[10.48122,45.61143]]},"properties":{}},{"type":"Feature","geometry":{"type":"LineString","coordinates":[[10.49513,45.61008],[10.49567,45.60996]]},"properties":{}},{"type":"Feature","geometry":{"type":"LineString","coordinates":[[10.49852,45.60978],[10.5,45.61025]]},"properties":{}},{"type":"Feature","geometry":{"type":"LineString","coordinates":[[10.49326,45.61085],[10.49466,45.61025],[10.49513,45.61008]]},"properties":{}},{"type":"Feature","geometry":{"type":"LineString","coordinates":[[10.46047,45.60882],[10.46043,45.60888],[10.46046,45.60892],[10.46081,45.6091],[10.46128,45.60963],[10.46169,45.60989],[10.46219,45.61004],[10.46265,45.61013],[10.46398,45.61026],[10.46404,45.61034],[10.46402,45.61042],[10.46382,45.61066],[10.46381,45.61073],[10.46386,45.61076],[10.46467,45.61074],[10.46528,45.61103],[10.46536,45.61103],[10.4656,45.61084],[10.46584,45.61084],[10.46601,45.6109],[10.46636,45.61112],[10.46692,45.61141],[10.46729,45.61172],[10.46739,45.61186],[10.46744,45.61226],[10.46765,45.61296],[10.4677,45.61349],[10.4678,45.61376],[10.46801,45.61384],[10.46825,45.61386],[10.46851,45.61375],[10.4688,45.61355],[10.46916,45.61321],[10.46944,45.61302],[10.46963,45.61294],[10.46976,45.61298]]},"properties":{}},{"type":"Feature","geometry":{"type":"LineString","coordinates":[[10.49079,45.61192],[10.49326,45.61085]]},"properties":{}},{"type":"Feature","geometry":{"type":"LineString","coordinates":[[10.48122,45.61143],[10.48159,45.61165]]},"properties":{}},{"type":"Feature","geometry":{"type":"LineString","coordinates":[[10.48039,45.61157],[10.48075,45.61168]]},"properties":{}},{"type":"Feature","geometry":{"type":"LineString","coordinates":[[10.48082,45.61169],[10.4811,45.61168]]},"properties":{}},{"type":"Feature","geometry":{"type":"LineString","coordinates":[[10.48075,45.61168],[10.48082,45.61169]]},"properties":{}},{"type":"Feature","geometry":{"type":"LineString","coordinates":[[10.48058,45.61181],[10.48062,45.61172],[10.48075,45.61168]]},"properties":{}},{"type":"Feature","geometry":{"type":"LineString","coordinates":[[10.4811,45.61168],[10.48092,45.61181]]},"properties":{}},{"type":"Feature","geometry":{"type":"LineString","coordinates":[[10.48082,45.61169],[10.4809,45.61174],[10.48092,45.61181]]},"properties":{}},{"type":"Feature","geometry":{"type":"LineString","coordinates":[[10.48092,45.61181],[10.4809,45.61186]]},"properties":{}},{"type":"Feature","geometry":{"type":"LineString","coordinates":[[10.48072,45.61192],[10.48064,45.61189],[10.48058,45.61181]]},"properties":{}},{"type":"Feature","geometry":{"type":"LineString","coordinates":[[10.4809,45.61186],[10.4808,45.61191],[10.48072,45.61192]]},"properties":{}},{"type":"Feature","geometry":{"type":"LineString","coordinates":[[10.48508,45.6119],[10.48529,45.61194],[10.48608,45.61197]]},"properties":{}},{"type":"Feature","geometry":{"type":"LineString","coordinates":[[10.49042,45.61209],[10.49079,45.61192]]},"properties":{}},{"type":"Feature","geometry":{"type":"LineString","coordinates":[[10.48604,45.61218],[10.48546,45.61205],[10.48508,45.6119]]},"properties":{}},{"type":"Feature","geometry":{"type":"LineString","coordinates":[[10.48604,45.61218],[10.48599,45.61207],[10.48608,45.61197]]},"properties":{}},{"type":"Feature","geometry":{"type":"LineString","coordinates":[[10.48626,45.61199],[10.48631,45.6121],[10.4862,45.6122]]},"properties":{}},{"type":"Feature","geometry":{"type":"LineString","coordinates":[[10.48608,45.61197],[10.48827,45.61222],[10.48881,45.61236]]},"properties":{}},{"type":"Feature","geometry":{"type":"LineString","coordinates":[[10.48642,45.61216],[10.48776,45.61225]]},"properties":{}},{"type":"Feature","geometry":{"type":"LineString","coordinates":[[10.48881,45.61236],[10.48813,45.61237],[10.48746,45.61228],[10.48604,45.61218]]},"properties":{}},{"type":"Feature","geometry":{"type":"LineString","coordinates":[[10.48776,45.61225],[10.48881,45.61236]]},"properties":{}},{"type":"Feature","geometry":{"type":"LineString","coordinates":[[10.46976,45.61298],[10.47011,45.61287],[10.47022,45.6128],[10.47027,45.61271],[10.47028,45.61233],[10.47031,45.61221],[10.4706,45.61179],[10.47078,45.61171],[10.47105,45.6117],[10.47166,45.61187],[10.47176,45.61197],[10.4718,45.61215],[10.47185,45.61222],[10.47194,45.61226],[10.4723,45.61231],[10.47252,45.61244]]},"properties":{}},{"type":"Feature","geometry":{"type":"LineString","coordinates":[[10.46647,45.61299],[10.46639,45.61284],[10.46611,45.61257],[10.46595,45.61251],[10.46529,45.61244],[10.46492,45.61232],[10.46441,45.61215],[10.46448,45.61205],[10.46437,45.61201]]},"properties":{}},{"type":"Feature","geometry":{"type":"LineString","coordinates":[[10.47252,45.61244],[10.47288,45.61268],[10.47308,45.61271],[10.47328,45.61267]]},"properties":{}},{"type":"Feature","geometry":{"type":"LineString","coordinates":[[10.47328,45.61267],[10.47361,45.61256],[10.47472,45.61251],[10.47547,45.61267],[10.47568,45.61278],[10.47576,45.61286]]},"properties":{}},{"type":"Feature","geometry":{"type":"LineString","coordinates":[[10.48159,45.61165],[10.48207,45.612],[10.48281,45.61279],[10.48357,45.61371],[10.48392,45.61404]]},"properties":{}},{"type":"Feature","geometry":{"type":"LineString","coordinates":[[10.46647,45.61299],[10.46641,45.61304],[10.4665,45.61332],[10.4665,45.6136]]},"properties":{}},{"type":"Feature","geometry":{"type":"LineString","coordinates":[[10.46976,45.61298],[10.46943,45.61315],[10.46925,45.6133],[10.46913,45.61347],[10.46913,45.61364],[10.4689,45.61386]]},"properties":{}},{"type":"Feature","geometry":{"type":"LineString","coordinates":[[10.4689,45.61386],[10.46877,45.61394],[10.46853,45.614],[10.46828,45.61415],[10.46819,45.61424],[10.4681,45.61439],[10.46802,45.61445],[10.4679,45.61447],[10.46761,45.61441],[10.46716,45.61444],[10.46699,45.6144],[10.46684,45.6143],[10.46675,45.61418],[10.46674,45.61406],[10.46681,45.61373],[10.4668,45.6136],[10.46671,45.61331],[10.46657,45.61303],[10.46647,45.61299]]},"properties":{}},{"type":"Feature","geometry":{"type":"LineString","coordinates":[[10.47576,45.61286],[10.47574,45.61297],[10.47567,45.61304],[10.47438,45.61377],[10.47377,45.6142],[10.47371,45.61428],[10.4737,45.61435],[10.47375,45.61445],[10.47388,45.61457],[10.47421,45.61464],[10.47449,45.61462]]},"properties":{}},{"type":"Feature","geometry":{"type":"LineString","coordinates":[[10.48392,45.61404],[10.48415,45.61399],[10.48476,45.61396],[10.48481,45.61395],[10.48482,45.6139]]},"properties":{}},{"type":"Feature","geometry":{"type":"LineString","coordinates":[[10.47885,45.6145],[10.47917,45.61434],[10.47988,45.61406],[10.48009,45.61402],[10.48084,45.61396],[10.48103,45.61389],[10.48111,45.61381]]},"properties":{}},{"type":"Feature","geometry":{"type":"LineString","coordinates":[[10.48392,45.61404],[10.48588,45.61635]]},"properties":{}},{"type":"Feature","geometry":{"type":"LineString","coordinates":[[10.47449,45.61462],[10.47497,45.61442],[10.47508,45.61443],[10.47518,45.61452],[10.47532,45.61484],[10.47532,45.61519],[10.47523,45.61545],[10.47528,45.61555],[10.47546,45.61557],[10.47604,45.61543],[10.47635,45.6154],[10.47663,45.61544],[10.47692,45.61558],[10.47697,45.61566],[10.47697,45.61575],[10.47681,45.61597],[10.47664,45.6161],[10.47659,45.61617],[10.47634,45.61671],[10.47631,45.61699],[10.47636,45.6171],[10.47644,45.61715],[10.47681,45.61722],[10.47701,45.61732],[10.47714,45.61747],[10.4772,45.61767],[10.47734,45.61772],[10.47742,45.6177],[10.47762,45.61749],[10.47776,45.61723],[10.47777,45.61714],[10.47773,45.61705],[10.47764,45.61699],[10.47723,45.61687],[10.47719,45.61682],[10.47721,45.61676],[10.47731,45.61656],[10.47746,45.61646],[10.47758,45.61644],[10.47804,45.61646],[10.47813,45.61641],[10.47853,45.61573],[10.47853,45.61558],[10.47842,45.61524],[10.47844,45.61519],[10.47856,45.6152],[10.47884,45.61557],[10.47893,45.61565],[10.47906,45.6157],[10.47939,45.61576],[10.47968,45.61594],[10.47979,45.61607],[10.47987,45.61631],[10.47996,45.61633],[10.48002,45.61629],[10.48,45.61611],[10.47995,45.61599],[10.47938,45.61543],[10.47884,45.61469],[10.47881,45.6146],[10.47885,45.6145]]},"properties":{}},{"type":"Feature","geometry":{"type":"LineString","coordinates":[[10.48666,45.61681],[10.48659,45.61681],[10.48657,45.61676],[10.48659,45.61638],[10.48655,45.61635],[10.486,45.61631],[10.48588,45.61635]]},"properties":{}},{"type":"Feature","geometry":{"type":"LineString","coordinates":[[10.48588,45.61635],[10.48638,45.61699],[10.48667,45.61746]]},"properties":{}},{"type":"Feature","geometry":{"type":"LineString","coordinates":[[10.48667,45.61746],[10.48692,45.61803],[10.48723,45.61894],[10.48736,45.61919],[10.48764,45.61955],[10.48802,45.61995],[10.48834,45.62045]]},"properties":{}},{"type":"Feature","geometry":{"type":"LineString","coordinates":[[10.48875,45.62058],[10.48931,45.62083]]},"properties":{}},{"type":"Feature","geometry":{"type":"LineString","coordinates":[[10.47648,45.61717],[10.47645,45.61727],[10.47664,45.61755],[10.47666,45.61765],[10.47661,45.61792],[10.47649,45.61816],[10.47649,45.61827],[10.47681,45.61883],[10.47707,45.61904],[10.47726,45.61925],[10.4774,45.6195],[10.47757,45.61963],[10.47776,45.61972],[10.47861,45.61989],[10.47871,45.61995],[10.47899,45.62029],[10.47962,45.62058],[10.47991,45.62089],[10.48004,45.62115],[10.48009,45.62139],[10.48018,45.62159],[10.4804,45.62176],[10.48068,45.62189],[10.48076,45.622],[10.48075,45.62213],[10.48079,45.62228],[10.48086,45.62238],[10.48105,45.62249],[10.48161,45.62263],[10.48249,45.62275],[10.48335,45.62297],[10.48355,45.62304],[10.48378,45.62327],[10.4838,45.6234],[10.48376,45.62352],[10.48328,45.62393],[10.48299,45.62407],[10.48211,45.62428]]},"properties":{}},{"type":"Feature","geometry":{"type":"LineString","coordinates":[[10.48931,45.62083],[10.48901,45.62125]]},"properties":{}},{"type":"Feature","geometry":{"type":"LineString","coordinates":[[10.48901,45.62125],[10.48936,45.62167],[10.4898,45.62203],[10.4902,45.62228],[10.49067,45.6225],[10.49133,45.62277],[10.49154,45.6229],[10.49228,45.6231],[10.49394,45.62347]]},"properties":{}},{"type":"Feature","geometry":{"type":"LineString","coordinates":[[10.48075,45.62213],[10.481,45.62229],[10.48118,45.62235],[10.48137,45.62238],[10.48195,45.62245],[10.48273,45.62238],[10.48325,45.62247],[10.48409,45.62253],[10.48454,45.62262],[10.48495,45.62277],[10.48535,45.62299],[10.48607,45.62351],[10.48614,45.62363],[10.48614,45.62376],[10.48604,45.62386],[10.4859,45.62391],[10.48567,45.62389],[10.48464,45.62366],[10.48357,45.62381],[10.48349,45.62378],[10.48322,45.62354],[10.48302,45.62344],[10.48284,45.62339],[10.4827,45.62339],[10.48258,45.62342],[10.48202,45.62389]]},"properties":{}},{"type":"Feature","geometry":{"type":"LineString","coordinates":[[10.47667,45.62283],[10.4766,45.62288],[10.47656,45.62295],[10.4766,45.62302],[10.47669,45.62308],[10.47678,45.62313],[10.47716,45.62315],[10.4775,45.62321],[10.47788,45.6235],[10.47803,45.62347],[10.47808,45.62342],[10.47806,45.62312],[10.47809,45.62306]]},"properties":{}},{"type":"Feature","geometry":{"type":"LineString","coordinates":[[10.48249,45.62275],[10.48261,45.6227],[10.48319,45.62269],[10.48341,45.62271],[10.48388,45.62287],[10.48461,45.6234],[10.48475,45.6236],[10.48474,45.62367]]},"properties":{}},{"type":"Feature","geometry":{"type":"LineString","coordinates":[[10.48249,45.62275],[10.48207,45.62302],[10.48189,45.62325],[10.48162,45.6235],[10.48134,45.62361],[10.48106,45.62358],[10.48044,45.62337],[10.47975,45.62328]]},"properties":{}},{"type":"Feature","geometry":{"type":"LineString","coordinates":[[10.48211,45.62428],[10.48054,45.62381],[10.47938,45.62367],[10.47908,45.62357],[10.47885,45.62342],[10.47795,45.62297],[10.47759,45.62289],[10.47667,45.62283],[10.47636,45.6226]]},"properties":{}},{"type":"Feature","geometry":{"type":"LineString","coordinates":[[10.49394,45.62347],[10.49464,45.62358]]},"properties":{}},{"type":"Feature","geometry":{"type":"LineString","coordinates":[[10.49464,45.62358],[10.49468,45.62358]]},"properties":{}},{"type":"Feature","geometry":{"type":"LineString","coordinates":[[10.49464,45.62358],[10.49509,45.62377],[10.49531,45.62377],[10.4962,45.62437],[10.4964,45.62461],[10.49658,45.62464]]},"properties":{}},{"type":"Feature","geometry":{"type":"LineString","coordinates":[[10.49611,45.62431],[10.49639,45.62425],[10.49785,45.62418],[10.49813,45.6242],[10.49818,45.62476]]},"properties":{}},{"type":"Feature","geometry":{"type":"LineString","coordinates":[[10.48328,45.62393],[10.48336,45.62401],[10.48366,45.62456],[10.48399,45.62544]]},"properties":{}},{"type":"Feature","geometry":{"type":"LineString","coordinates":[[10.49658,45.62464],[10.49657,45.6248],[10.49666,45.62482],[10.49667,45.62505]]},"properties":{}},{"type":"Feature","geometry":{"type":"LineString","coordinates":[[10.48211,45.62428],[10.48215,45.62433],[10.48264,45.62463],[10.48279,45.6248],[10.48303,45.62538],[10.4832,45.62558]]},"properties":{}},{"type":"Feature","geometry":{"type":"LineString","coordinates":[[10.4966,45.62542],[10.49658,45.62561],[10.49662,45.62564]]},"properties":{}},{"type":"Feature","geometry":{"type":"LineString","coordinates":[[10.49667,45.62505],[10.49672,45.62525],[10.49672,45.62544],[10.49661,45.6257],[10.49665,45.62618]]},"properties":{}},{"type":"Feature","geometry":{"type":"LineString","coordinates":[[10.49665,45.62618],[10.49663,45.6264]]},"properties":{}},{"type":"Feature","geometry":{"type":"LineString","coordinates":[[10.49663,45.6264],[10.49661,45.62672],[10.49652,45.62707]]},"properties":{}},{"type":"Feature","geometry":{"type":"LineString","coordinates":[[10.49603,45.62655],[10.496,45.62665],[10.49608,45.62706],[10.49607,45.62718],[10.49582,45.62743]]},"properties":{}},{"type":"Feature","geometry":{"type":"LineString","coordinates":[[10.49652,45.62707],[10.49635,45.62784],[10.49605,45.62874]]},"properties":{}},{"type":"Feature","geometry":{"type":"LineString","coordinates":[[10.49605,45.62874],[10.4956,45.63019]]},"properties":{}},{"type":"Feature","geometry":{"type":"LineString","coordinates":[[10.49558,45.63025],[10.49539,45.63099],[10.49536,45.63164],[10.49594,45.63257],[10.49607,45.63283]]},"properties":{}},{"type":"Feature","geometry":{"type":"LineString","coordinates":[[10.5,45.63442],[10.49987,45.63442]]},"properties":{}},{"type":"Feature","geometry":{"type":"LineString","coordinates":[[10.49576,45.6333],[10.49576,45.63352],[10.49535,45.63379],[10.49519,45.63394],[10.49509,45.63425],[10.4951,45.63438],[10.49518,45.63448],[10.49543,45.63471],[10.49592,45.63475],[10.49596,45.63477],[10.49598,45.63484],[10.49577,45.63651],[10.49561,45.6372],[10.49549,45.63749]]},"properties":{}},{"type":"Feature","geometry":{"type":"LineString","coordinates":[[10.49407,45.64299],[10.4947,45.64098]]},"properties":{}},{"type":"Feature","geometry":{"type":"LineString","coordinates":[[10.42375,45.65817],[10.4236,45.65816],[10.4236,45.65801],[10.42334,45.6578],[10.42307,45.65772],[10.42301,45.65767]]},"properties":{}},{"type":"Feature","geometry":{"type":"LineString","coordinates":[[10.42483,45.65787],[10.4241,45.65796],[10.424,45.65803],[10.42398,45.65814],[10.42389,45.65816]]},"properties":{}},{"type":"Feature","geometry":{"type":"LineString","coordinates":[[10.42389,45.65816],[10.42375,45.65817]]},"properties":{}},{"type":"Feature","geometry":{"type":"LineString","coordinates":[[10.42523,45.68842],[10.42516,45.68846],[10.42501,45.68867],[10.425,45.68886],[10.42503,45.68892]]},"properties":{}},{"type":"Feature","geometry":{"type":"LineString","coordinates":[[10.42503,45.68892],[10.42501,45.68897],[10.42457,45.6892],[10.42446,45.68929],[10.4238,45.6894],[10.42356,45.68951],[10.42353,45.68957]]},"properties":{}},{"type":"Feature","geometry":{"type":"LineString","coordinates":[[10.46105,45.71261],[10.46172,45.71261],[10.46234,45.71253],[10.46297,45.71268],[10.46352,45.71246],[10.46379,45.71243]]},"properties":{}},{"type":"Feature","geometry":{"type":"LineString","coordinates":[[10.46379,45.71243],[10.46406,45.71243],[10.46442,45.71256],[10.46466,45.71272],[10.46486,45.71296]]},"properties":{}},{"type":"Feature","geometry":{"type":"LineString","coordinates":[[10.47172,45.7127],[10.47192,45.71269],[10.4721,45.71264],[10.47242,45.71264],[10.47274,45.71268],[10.47292,45.71276]]},"properties":{}},{"type":"Feature","geometry":{"type":"LineString","coordinates":[[10.47103,45.71268],[10.47134,45.71275],[10.47172,45.7127]]},"properties":{}},{"type":"Feature","geometry":{"type":"LineString","coordinates":[[10.45848,45.7133],[10.45883,45.71305],[10.45914,45.71293],[10.45979,45.71295],[10.46012,45.7129],[10.46087,45.71264],[10.46105,45.71261]]},"properties":{}},{"type":"Feature","geometry":{"type":"LineString","coordinates":[[10.46766,45.71379],[10.46781,45.71365],[10.46797,45.71357],[10.46941,45.71297],[10.46971,45.71289],[10.47007,45.71284],[10.47045,45.71285],[10.47066,45.71282],[10.47103,45.71268]]},"properties":{}},{"type":"Feature","geometry":{"type":"LineString","coordinates":[[10.46486,45.71296],[10.46504,45.71324],[10.46541,45.71349],[10.46555,45.71364]]},"properties":{}},{"type":"Feature","geometry":{"type":"LineString","coordinates":[[10.46555,45.71364],[10.46576,45.71393],[10.46592,45.71406],[10.46651,45.71441],[10.46677,45.71447],[10.46703,45.71443],[10.46729,45.71429],[10.46766,45.71379]]},"properties":{}},{"type":"Feature","geometry":{"type":"LineString","coordinates":[[10.4557,45.71782],[10.45612,45.71743],[10.45656,45.71717],[10.4571,45.71696],[10.45716,45.71688],[10.45716,45.71679],[10.45695,45.71636],[10.45696,45.71585],[10.45706,45.71529],[10.45767,45.71401],[10.45786,45.71373],[10.45819,45.71346],[10.45848,45.7133]]},"properties":{}},{"type":"Feature","geometry":{"type":"LineString","coordinates":[[10.42142,45.71184],[10.42167,45.71194],[10.42215,45.71225],[10.42271,45.71239],[10.42288,45.71257],[10.42312,45.71271],[10.42409,45.71298],[10.4244,45.71313],[10.42467,45.71332],[10.42508,45.71372],[10.42519,45.7139],[10.42515,45.71409],[10.4252,45.7144],[10.42535,45.71476],[10.42538,45.71503],[10.42563,45.71505],[10.42603,45.715],[10.42668,45.71476],[10.42703,45.71469],[10.42783,45.71465],[10.42802,45.71469],[10.42817,45.71482],[10.42823,45.71498],[10.42827,45.71523],[10.42842,45.71547],[10.42945,45.71619],[10.42952,45.71627],[10.42955,45.71637],[10.42955,45.7165],[10.42943,45.71688],[10.42944,45.71705],[10.42958,45.71715],[10.4298,45.71718],[10.43025,45.71704],[10.43067,45.71701],[10.43102,45.71707],[10.4312,45.71716],[10.43167,45.71749],[10.43191,45.7177],[10.43222,45.71781],[10.43241,45.7182],[10.43252,45.71831],[10.43277,45.71842],[10.43348,45.71846],[10.4336,45.7185],[10.43364,45.71858],[10.43397,45.71887],[10.43441,45.7195],[10.43462,45.71965],[10.43491,45.71974],[10.43502,45.71975],[10.43524,45.71968],[10.43554,45.71944],[10.43589,45.71934],[10.436,45.71925],[10.43614,45.71907],[10.43627,45.71859],[10.43623,45.71838],[10.43629,45.71824],[10.43648,45.7181],[10.43661,45.71796],[10.43657,45.71771],[10.43611,45.71724],[10.43617,45.71714],[10.43633,45.71706],[10.43689,45.71709],[10.43738,45.71707],[10.43792,45.71691],[10.43816,45.71674],[10.4383,45.71657],[10.43847,45.71648],[10.43869,45.71609]]},"properties":{}},{"type":"Feature","geometry":{"type":"LineString","coordinates":[[10.43869,45.71609],[10.43906,45.71568],[10.43944,45.71551],[10.43969,45.71548],[10.4401,45.71553],[10.44033,45.71565],[10.44058,45.71582],[10.44149,45.71696],[10.44181,45.71721],[10.4421,45.71736],[10.44236,45.71739],[10.44258,45.71737],[10.4432,45.71718],[10.44352,45.71713],[10.44404,45.71715],[10.4442,45.71706],[10.44455,45.71666],[10.44469,45.71656],[10.44496,45.71651],[10.44531,45.71655],[10.44642,45.71684]]},"properties":{}},{"type":"Feature","geometry":{"type":"LineString","coordinates":[[10.44642,45.71684],[10.44651,45.71688],[10.44661,45.71699],[10.44676,45.71724]]},"properties":{}},{"type":"Feature","geometry":{"type":"LineString","coordinates":[[10.45388,45.71858],[10.45436,45.7182],[10.45457,45.7181],[10.45521,45.71797],[10.4557,45.71782]]},"properties":{}},{"type":"Feature","geometry":{"type":"LineString","coordinates":[[10.44676,45.71724],[10.44685,45.71742],[10.44689,45.7176],[10.44732,45.71804],[10.44748,45.71826],[10.44759,45.71854],[10.44765,45.71921],[10.4477,45.71929],[10.44786,45.71937],[10.44831,45.7193],[10.44855,45.71933],[10.44873,45.71943],[10.44901,45.71969],[10.44911,45.71972],[10.44921,45.71971],[10.4505,45.71922],[10.45069,45.71918],[10.45116,45.71921],[10.45133,45.71918],[10.45151,45.71895],[10.45177,45.71878],[10.45198,45.71871],[10.45234,45.71867]]},"properties":{}},{"type":"Feature","geometry":{"type":"LineString","coordinates":[[10.4537,45.71866],[10.45388,45.71858]]},"properties":{}},{"type":"Feature","geometry":{"type":"LineString","coordinates":[[10.45234,45.71867],[10.45276,45.71876],[10.45299,45.71878],[10.45344,45.71874],[10.4537,45.71866]]},"properties":{}},{"type":"Feature","geometry":{"type":"LineString","coordinates":[[10.457,45.73117],[10.45797,45.73127],[10.45909,45.73146],[10.45978,45.73143],[10.46041,45.73152],[10.46069,45.73147]]},"properties":{}},{"type":"Feature","geometry":{"type":"LineString","coordinates":[[10.45591,45.73204],[10.45637,45.732],[10.45675,45.73202]]},"properties":{}},{"type":"Feature","geometry":{"type":"LineString","coordinates":[[10.45675,45.73202],[10.45752,45.73219],[10.45844,45.73254],[10.45943,45.73307],[10.45955,45.73318]]},"properties":{}},{"type":"Feature","geometry":{"type":"LineString","coordinates":[[10.47158,45.73477],[10.47166,45.73478]]},"properties":{}},{"type":"Feature","geometry":{"type":"LineString","coordinates":[[10.47166,45.73478],[10.47215,45.73482]]},"properties":{}},{"type":"Feature","geometry":{"type":"LineString","coordinates":[[10.47215,45.73482],[10.47254,45.73486]]},"properties":{}},{"type":"Feature","geometry":{"type":"LineString","coordinates":[[10.47254,45.73486],[10.47276,45.73488]]},"properties":{}},{"type":"Feature","geometry":{"type":"LineString","coordinates":[[10.47276,45.73488],[10.47284,45.73489]]},"properties":{}},{"type":"Feature","geometry":{"type":"LineString","coordinates":[[10.47284,45.73489],[10.47333,45.73495]]},"properties":{}},{"type":"Feature","geometry":{"type":"LineString","coordinates":[[10.45719,45.7352],[10.45707,45.73558],[10.45712,45.73571],[10.45713,45.73581],[10.45709,45.73584]]},"properties":{}},{"type":"Feature","geometry":{"type":"LineString","coordinates":[[10.47333,45.73495],[10.47461,45.73516],[10.47521,45.73531],[10.47736,45.7362]]},"properties":{}},{"type":"Feature","geometry":{"type":"LineString","coordinates":[[10.46912,45.73558],[10.46907,45.73573]]},"properties":{}},{"type":"Feature","geometry":{"type":"LineString","coordinates":[[10.471,45.73587],[10.47041,45.73571]]},"properties":{}},{"type":"Feature","geometry":{"type":"LineString","coordinates":[[10.47041,45.73571],[10.47031,45.7357],[10.46982,45.73577],[10.46973,45.73589],[10.46907,45.73573]]},"properties":{}},{"type":"Feature","geometry":{"type":"LineString","coordinates":[[10.46907,45.73573],[10.4689,45.7357],[10.46812,45.73575],[10.46758,45.7359],[10.46718,45.73611]]},"properties":{}},{"type":"Feature","geometry":{"type":"LineString","coordinates":[[10.4711,45.73613],[10.47124,45.73604],[10.47126,45.736],[10.471,45.73587]]},"properties":{}},{"type":"Feature","geometry":{"type":"LineString","coordinates":[[10.47736,45.7362],[10.47747,45.73625]]},"properties":{}},{"type":"Feature","geometry":{"type":"LineString","coordinates":[[10.47747,45.73625],[10.47791,45.73643],[10.47843,45.73657]]},"properties":{}},{"type":"Feature","geometry":{"type":"LineString","coordinates":[[10.46718,45.73611],[10.46701,45.73624],[10.46613,45.73668],[10.46589,45.73673]]},"properties":{}},{"type":"Feature","geometry":{"type":"LineString","coordinates":[[10.47843,45.73657],[10.47885,45.73652]]},"properties":{}},{"type":"Feature","geometry":{"type":"LineString","coordinates":[[10.47957,45.73673],[10.47908,45.73672]]},"properties":{}},{"type":"Feature","geometry":{"type":"LineString","coordinates":[[10.4713,45.73806],[10.47141,45.73795],[10.47147,45.73779],[10.4714,45.73726],[10.47085,45.73635],[10.47087,45.73629],[10.4711,45.73613]]},"properties":{}},{"type":"Feature","geometry":{"type":"LineString","coordinates":[[10.47957,45.73673],[10.48046,45.73693],[10.48157,45.7373],[10.48257,45.73779],[10.48347,45.73838],[10.484,45.73931],[10.48436,45.73977],[10.48525,45.74051],[10.48575,45.74074],[10.48768,45.74115],[10.48869,45.74144],[10.48891,45.74152],[10.48919,45.7417],[10.48955,45.74213]]},"properties":{}},{"type":"Feature","geometry":{"type":"LineString","coordinates":[[10.47858,45.74097],[10.47843,45.74114],[10.47817,45.74128],[10.47741,45.74142],[10.47708,45.74141],[10.47681,45.74134],[10.47633,45.74098],[10.47522,45.74049],[10.47493,45.74026],[10.47409,45.74004],[10.47383,45.73989],[10.47374,45.73976],[10.47299,45.73932],[10.4728,45.73925],[10.47262,45.73923],[10.47225,45.73907],[10.47213,45.73885],[10.47143,45.73826],[10.47132,45.73815],[10.4713,45.73806]]},"properties":{}},{"type":"Feature","geometry":{"type":"LineString","coordinates":[[10.48042,45.73975],[10.48016,45.73991]]},"properties":{}},{"type":"Feature","geometry":{"type":"LineString","coordinates":[[10.48022,45.74084],[10.47995,45.74084],[10.47951,45.74092],[10.47917,45.74078],[10.47903,45.74076]]},"properties":{}},{"type":"Feature","geometry":{"type":"LineString","coordinates":[[10.48039,45.74089],[10.48078,45.7408]]},"properties":{}},{"type":"Feature","geometry":{"type":"LineString","coordinates":[[10.47903,45.74076],[10.47895,45.74077],[10.47868,45.74093]]},"properties":{}},{"type":"Feature","geometry":{"type":"LineString","coordinates":[[10.48039,45.74089],[10.48022,45.74084]]},"properties":{}},{"type":"Feature","geometry":{"type":"LineString","coordinates":[[10.47868,45.74093],[10.47858,45.74097]]},"properties":{}},{"type":"Feature","geometry":{"type":"LineString","coordinates":[[10.40187,45.68684],[10.4019,45.68658]]},"properties":{}},{"type":"Feature","geometry":{"type":"LineString","coordinates":[[10.4225,45.68686],[10.42239,45.68686],[10.42229,45.68691]]},"properties":{}},{"type":"Feature","geometry":{"type":"LineString","coordinates":[[10.4007,45.69012],[10.40079,45.68999],[10.40079,45.68976],[10.40067,45.68957],[10.40064,45.68881],[10.40109,45.68782],[10.40124,45.68765],[10.40138,45.68754],[10.40144,45.68737],[10.40187,45.68684]]},"properties":{}},{"type":"Feature","geometry":{"type":"LineString","coordinates":[[10.40069,45.69015],[10.4007,45.69012]]},"properties":{}},{"type":"Feature","geometry":{"type":"LineString","coordinates":[[10.38839,45.70257],[10.38824,45.70249],[10.38813,45.7023],[10.38816,45.70214],[10.38841,45.70193],[10.38876,45.70139],[10.38881,45.70117],[10.38888,45.701],[10.38915,45.7006],[10.38962,45.69946],[10.38997,45.69873],[10.39011,45.698],[10.39018,45.69788],[10.39019,45.69779],[10.39013,45.69748],[10.39017,45.69723],[10.39029,45.697],[10.39037,45.69671],[10.39053,45.69594],[10.39136,45.69442],[10.39188,45.69391],[10.39273,45.69329],[10.39378,45.6928],[10.39447,45.69253],[10.39488,45.69241],[10.39508,45.69241],[10.39538,45.69257],[10.39575,45.69254],[10.39604,45.69258],[10.39773,45.69213],[10.39882,45.69153],[10.39929,45.69136],[10.39969,45.69115],[10.39998,45.69087],[10.40025,45.69045],[10.40069,45.69015]]},"properties":{}},{"type":"Feature","geometry":{"type":"LineString","coordinates":[[10.38889,45.704],[10.38903,45.704],[10.38942,45.70416],[10.38987,45.70428],[10.3946,45.70518],[10.39596,45.70561],[10.39871,45.70614],[10.39926,45.70631],[10.39955,45.70643],[10.39988,45.7066],[10.39986,45.70663]]},"properties":{}},{"type":"Feature","geometry":{"type":"LineString","coordinates":[[10.41894,45.71156],[10.42006,45.71181],[10.42065,45.71186],[10.42142,45.71184]]},"properties":{}},{"type":"Feature","geometry":{"type":"LineString","coordinates":[[10.48955,45.74213],[10.49036,45.74287]]},"properties":{}},{"type":"Feature","geometry":{"type":"LineString","coordinates":[[10.49036,45.74287],[10.49069,45.7433],[10.49081,45.74354],[10.49085,45.74379],[10.49074,45.74416],[10.49076,45.74423],[10.49085,45.74427],[10.49095,45.74427],[10.49103,45.74422],[10.49119,45.74388],[10.49129,45.74348],[10.49128,45.74326],[10.49119,45.74301],[10.49108,45.74281],[10.49072,45.74251],[10.49069,45.74244],[10.49073,45.74238],[10.49089,45.74234],[10.49096,45.74236],[10.49116,45.74259],[10.49129,45.74268],[10.49196,45.74312],[10.4922,45.74349],[10.49224,45.74373],[10.49221,45.74417],[10.49226,45.74435],[10.49243,45.74455],[10.49263,45.74469],[10.49274,45.74472],[10.49287,45.7447],[10.49291,45.74461],[10.49265,45.74438],[10.49259,45.74414],[10.4928,45.74369],[10.49282,45.74357],[10.49281,45.74323],[10.49261,45.74284],[10.49228,45.74252],[10.49222,45.74236],[10.49221,45.74213],[10.49224,45.74193],[10.49231,45.74186],[10.49242,45.74184],[10.49254,45.74187],[10.49256,45.74193],[10.49251,45.74204],[10.49253,45.74226],[10.4926,45.74237],[10.49296,45.74269],[10.49324,45.74318],[10.4934,45.74331],[10.4937,45.74342]]},"properties":{}},{"type":"Feature","geometry":{"type":"LineString","coordinates":[[10.49948,45.7433],[10.5,45.74329]]},"properties":{}},{"type":"Feature","geometry":{"type":"LineString","coordinates":[[10.28641,45.71173],[10.28614,45.71186],[10.28597,45.71213],[10.28582,45.71311],[10.28577,45.71324],[10.28569,45.71335],[10.28491,45.7137],[10.28368,45.71469],[10.28335,45.7147],[10.28274,45.71461]]},"properties":{}},{"type":"Feature","geometry":{"type":"LineString","coordinates":[[10.27275,45.71656],[10.27277,45.71661]]},"properties":{}},{"type":"Feature","geometry":{"type":"LineString","coordinates":[[10.26978,45.71715],[10.2696,45.71696],[10.26963,45.71681],[10.27094,45.71611],[10.27108,45.71609],[10.27123,45.71615],[10.2713,45.71626],[10.27128,45.71633],[10.27116,45.71642],[10.27042,45.71675],[10.27037,45.71681],[10.27037,45.71687],[10.27043,45.71691],[10.27048,45.71693],[10.27058,45.71691],[10.2713,45.71652],[10.27166,45.71641],[10.27217,45.71643],[10.27275,45.71656]]},"properties":{}},{"type":"Feature","geometry":{"type":"LineString","coordinates":[[10.31782,45.53875],[10.31785,45.53884],[10.31794,45.53894],[10.31878,45.53967],[10.31924,45.54024],[10.31933,45.54043],[10.32049,45.54126],[10.32084,45.54161],[10.32098,45.54178],[10.32094,45.54179]]},"properties":{}},{"type":"Feature","geometry":{"type":"LineString","coordinates":[[10.31926,45.54044],[10.32041,45.54126],[10.32081,45.54165]]},"properties":{}},{"type":"Feature","geometry":{"type":"LineString","coordinates":[[10.32081,45.54165],[10.32101,45.54185]]},"properties":{}},{"type":"Feature","geometry":{"type":"LineString","coordinates":[[10.32088,45.54189],[10.32081,45.54165]]},"properties":{}},{"type":"Feature","geometry":{"type":"LineString","coordinates":[[10.30462,45.58908],[10.30463,45.58908]]},"properties":{}},{"type":"Feature","geometry":{"type":"LineString","coordinates":[[10.30468,45.58911],[10.30463,45.58908]]},"properties":{}},{"type":"Feature","geometry":{"type":"LineString","coordinates":[[10.31465,45.61013],[10.31467,45.61023],[10.31474,45.61033],[10.31491,45.6104],[10.31562,45.61048],[10.31603,45.61042],[10.31675,45.61075],[10.3169,45.61088],[10.31705,45.61124],[10.31706,45.61139],[10.31716,45.6114],[10.31717,45.61165],[10.31736,45.61188],[10.31752,45.61217],[10.31788,45.61206],[10.31816,45.61261]]},"properties":{}},{"type":"Feature","geometry":{"type":"LineString","coordinates":[[10.27009,45.71745],[10.26978,45.71715]]},"properties":{}},{"type":"Feature","geometry":{"type":"LineString","coordinates":[[10.26835,45.71805],[10.26846,45.71813],[10.26867,45.71813],[10.26872,45.71805],[10.26869,45.71787],[10.26872,45.71777],[10.26881,45.71765],[10.26903,45.71754],[10.2693,45.71752],[10.27002,45.71759],[10.27012,45.71753],[10.27009,45.71745]]},"properties":{}},{"type":"Feature","geometry":{"type":"LineString","coordinates":[[10.26828,45.71805],[10.26835,45.71805]]},"properties":{}}]}