{"type":"FeatureCollection","features":[{"type":"Feature","geometry":{"type":"LineString","coordinates":[[11.69355,44.79743],[11.69325,44.79733]]},"properties":{}},{"type":"Feature","geometry":{"type":"LineString","coordinates":[[11.69296,44.80058],[11.69307,44.80059],[11.6933,44.8005],[11.69564,44.79779],[11.69572,44.79778],[11.69612,44.79794],[11.69633,44.79796],[11.69732,44.79686],[11.69744,44.79681],[11.69783,44.79677],[11.69813,44.7968],[11.69839,44.79687],[11.69867,44.79701],[11.69896,44.79728],[11.69951,44.79834],[11.69963,44.79842],[11.69976,44.79841]]},"properties":{}},{"type":"Feature","geometry":{"type":"LineString","coordinates":[[11.69183,44.80208],[11.69192,44.80206],[11.69218,44.8021],[11.69306,44.80167],[11.69309,44.8016],[11.69309,44.80145],[11.69324,44.80134],[11.69325,44.80124],[11.69288,44.80114],[11.69277,44.80102],[11.69274,44.8009],[11.69278,44.80079],[11.6929,44.80068],[11.69296,44.80058]]},"properties":{}},{"type":"Feature","geometry":{"type":"LineString","coordinates":[[11.74813,44.76006],[11.7482,44.7601]]},"properties":{}},{"type":"Feature","geometry":{"type":"LineString","coordinates":[[11.74747,44.76069],[11.74817,44.76001],[11.74819,44.75993],[11.74813,44.75975],[11.74816,44.75968],[11.74824,44.75962]]},"properties":{}},{"type":"Feature","geometry":{"type":"LineString","coordinates":[[11.74747,44.76069],[11.74754,44.76072]]},"properties":{}},{"type":"Feature","geometry":{"type":"LineString","coordinates":[[11.74987,44.76423],[11.7497,44.76243],[11.7498,44.7612],[11.74975,44.76113],[11.7492,44.76071]]},"properties":{}},{"type":"Feature","geometry":{"type":"LineString","coordinates":[[11.74535,44.76414],[11.74547,44.76415]]},"properties":{}},{"type":"Feature","geometry":{"type":"LineString","coordinates":[[11.75,44.76424],[11.7498,44.76423]]},"properties":{}},{"type":"Feature","geometry":{"type":"LineString","coordinates":[[11.7454,44.76523],[11.74548,44.76523]]},"properties":{}},{"type":"Feature","geometry":{"type":"LineString","coordinates":[[11.74631,44.76877],[11.74589,44.76779],[11.74556,44.76682],[11.74546,44.7664],[11.74537,44.76451],[11.74533,44.76439],[11.74534,44.76418],[11.74552,44.7636],[11.74549,44.76357],[11.74508,44.76351]]},"properties":{}},{"type":"Feature","geometry":{"type":"LineString","coordinates":[[11.74659,44.77012],[11.74668,44.77012]]},"properties":{}},{"type":"Feature","geometry":{"type":"LineString","coordinates":[[11.69193,44.79831],[11.69195,44.79813]]},"properties":{}},{"type":"Feature","geometry":{"type":"LineString","coordinates":[[11.69227,44.79833],[11.69256,44.79846]]},"properties":{}},{"type":"Feature","geometry":{"type":"LineString","coordinates":[[11.69232,44.79845],[11.69225,44.79855],[11.6921,44.79859],[11.69192,44.79854],[11.69186,44.79844],[11.69187,44.79837],[11.69193,44.79831],[11.69207,44.79827],[11.69227,44.79833],[11.69232,44.79845]]},"properties":{}},{"type":"Feature","geometry":{"type":"LineString","coordinates":[[11.69256,44.79846],[11.69238,44.79847],[11.69228,44.79853]]},"properties":{}},{"type":"Feature","geometry":{"type":"LineString","coordinates":[[11.69218,44.79858],[11.69214,44.79877]]},"properties":{}},{"type":"Feature","geometry":{"type":"LineString","coordinates":[[11.69214,44.79877],[11.69205,44.79859]]},"properties":{}},{"type":"Feature","geometry":{"type":"LineString","coordinates":[[11.68956,44.79866],[11.69142,44.80219]]},"properties":{}},{"type":"Feature","geometry":{"type":"LineString","coordinates":[[11.69179,44.80209],[11.6918,44.80209]]},"properties":{}},{"type":"Feature","geometry":{"type":"LineString","coordinates":[[11.69149,44.80217],[11.69183,44.80208]]},"properties":{}},{"type":"Feature","geometry":{"type":"LineString","coordinates":[[11.69149,44.80217],[11.69179,44.80209]]},"properties":{}},{"type":"Feature","geometry":{"type":"LineString","coordinates":[[11.74641,44.77196],[11.74656,44.77119],[11.7466,44.77073],[11.74659,44.77012],[11.74653,44.77009],[11.74648,44.76944],[11.74631,44.76877],[11.74649,44.76874],[11.74647,44.76867],[11.74661,44.76855],[11.74657,44.76852]]},"properties":{}},{"type":"Feature","geometry":{"type":"LineString","coordinates":[[11.74642,44.77192],[11.74651,44.77193]]},"properties":{}},{"type":"Feature","geometry":{"type":"LineString","coordinates":[[11.73604,44.78276],[11.73658,44.78305],[11.73663,44.78304],[11.73697,44.78245],[11.73701,44.78231],[11.73751,44.78152],[11.73758,44.78134],[11.73771,44.78125],[11.73826,44.78058],[11.73893,44.77984],[11.73971,44.77917],[11.74046,44.77863],[11.74158,44.77792],[11.74363,44.77651],[11.74447,44.77582],[11.74532,44.77481],[11.74551,44.77449],[11.74599,44.77333],[11.74641,44.77196]]},"properties":{}},{"type":"Feature","geometry":{"type":"LineString","coordinates":[[11.73721,44.78199],[11.73731,44.78201]]},"properties":{}},{"type":"Feature","geometry":{"type":"LineString","coordinates":[[11.73679,44.78279],[11.73684,44.7828]]},"properties":{}},{"type":"Feature","geometry":{"type":"LineString","coordinates":[[11.73539,44.80665],[11.73568,44.8066],[11.73726,44.80597]]},"properties":{}},{"type":"Feature","geometry":{"type":"LineString","coordinates":[[11.74064,44.80822],[11.74053,44.80768]]},"properties":{}},{"type":"Feature","geometry":{"type":"LineString","coordinates":[[11.74993,44.87821],[11.74974,44.8775],[11.74971,44.87727],[11.74971,44.87702],[11.74983,44.8766],[11.74976,44.87582],[11.74981,44.87581]]},"properties":{}},{"type":"Feature","geometry":{"type":"LineString","coordinates":[[11.70962,44.80605],[11.70945,44.80595],[11.70959,44.80567],[11.70962,44.8054],[11.7097,44.8054]]},"properties":{}},{"type":"Feature","geometry":{"type":"LineString","coordinates":[[11.70976,44.806],[11.70896,44.80628],[11.70834,44.80637],[11.70816,44.80634],[11.707,44.80602],[11.70653,44.80597],[11.70654,44.80593]]},"properties":{}},{"type":"Feature","geometry":{"type":"LineString","coordinates":[[11.71324,44.81097],[11.71328,44.81117],[11.71327,44.81128],[11.71307,44.81186],[11.71305,44.81214],[11.71312,44.81255],[11.71331,44.81292],[11.71332,44.81302]]},"properties":{}},{"type":"Feature","geometry":{"type":"LineString","coordinates":[[11.71325,44.81113],[11.7132,44.81119],[11.71315,44.81138],[11.71296,44.81184],[11.71294,44.81205],[11.71303,44.81258],[11.71319,44.8129],[11.71327,44.81295]]},"properties":{}},{"type":"Feature","geometry":{"type":"LineString","coordinates":[[11.71663,44.81877],[11.71657,44.81888],[11.7165,44.81928],[11.71644,44.81935]]},"properties":{}},{"type":"Feature","geometry":{"type":"LineString","coordinates":[[11.71893,44.85422],[11.71807,44.85376],[11.71791,44.85374],[11.7175,44.85352]]},"properties":{}},{"type":"Feature","geometry":{"type":"LineString","coordinates":[[11.71776,44.8544],[11.71831,44.85389]]},"properties":{}},{"type":"Feature","geometry":{"type":"LineString","coordinates":[[11.71889,44.85452],[11.71879,44.85447],[11.71876,44.8544],[11.71893,44.85422],[11.71972,44.85387]]},"properties":{}},{"type":"Feature","geometry":{"type":"LineString","coordinates":[[11.71771,44.85437],[11.71939,44.85528]]},"properties":{}},{"type":"Feature","geometry":{"type":"LineString","coordinates":[[11.71881,44.85448],[11.71799,44.85526]]},"properties":{}},{"type":"Feature","geometry":{"type":"LineString","coordinates":[[11.67755,44.85701],[11.67779,44.85715],[11.67804,44.85723]]},"properties":{}},{"type":"Feature","geometry":{"type":"LineString","coordinates":[[11.67773,44.85733],[11.67769,44.85717],[11.67755,44.85701]]},"properties":{}},{"type":"Feature","geometry":{"type":"LineString","coordinates":[[11.67773,44.85733],[11.67788,44.85725],[11.67804,44.85723]]},"properties":{}},{"type":"Feature","geometry":{"type":"LineString","coordinates":[[11.67804,44.85723],[11.67823,44.8573],[11.6783,44.85737],[11.67833,44.85746],[11.67831,44.85753],[11.67821,44.85763]]},"properties":{}},{"type":"Feature","geometry":{"type":"LineString","coordinates":[[11.67794,44.85768],[11.67775,44.85758],[11.67769,44.85742],[11.67773,44.85733]]},"properties":{}},{"type":"Feature","geometry":{"type":"LineString","coordinates":[[11.67831,44.85741],[11.6786,44.85761]]},"properties":{}},{"type":"Feature","geometry":{"type":"LineString","coordinates":[[11.6786,44.85761],[11.67845,44.85758],[11.67826,44.8576]]},"properties":{}},{"type":"Feature","geometry":{"type":"LineString","coordinates":[[11.67821,44.85763],[11.67807,44.85768],[11.67794,44.85768]]},"properties":{}},{"type":"Feature","geometry":{"type":"LineString","coordinates":[[11.67821,44.85763],[11.67817,44.85774],[11.6782,44.85788]]},"properties":{}},{"type":"Feature","geometry":{"type":"LineString","coordinates":[[11.6782,44.85788],[11.67809,44.85777],[11.67794,44.85768]]},"properties":{}},{"type":"Feature","geometry":{"type":"LineString","coordinates":[[11.74676,44.88199],[11.74693,44.88193]]},"properties":{}},{"type":"Feature","geometry":{"type":"LineString","coordinates":[[11.71889,44.85452],[11.71895,44.85455],[11.71812,44.85533]]},"properties":{}},{"type":"Feature","geometry":{"type":"LineString","coordinates":[[11.70982,44.86986],[11.70974,44.86983],[11.71017,44.86905],[11.7103,44.86869],[11.7104,44.86824],[11.71041,44.86781],[11.71012,44.86588],[11.70959,44.86366],[11.70956,44.86345],[11.70963,44.86313],[11.70972,44.86288],[11.71053,44.8614],[11.71133,44.86012],[11.71159,44.85976],[11.7121,44.85921],[11.71301,44.85838],[11.71304,44.85827],[11.71329,44.85833],[11.71348,44.85822],[11.71359,44.85813],[11.71364,44.858],[11.71387,44.85783],[11.71384,44.85781]]},"properties":{}},{"type":"Feature","geometry":{"type":"LineString","coordinates":[[11.69643,44.86426],[11.69663,44.86441],[11.69688,44.86453]]},"properties":{}},{"type":"Feature","geometry":{"type":"LineString","coordinates":[[11.69648,44.86464],[11.6965,44.86447],[11.69643,44.86426]]},"properties":{}},{"type":"Feature","geometry":{"type":"LineString","coordinates":[[11.69595,44.8648],[11.69619,44.8648],[11.69646,44.86467]]},"properties":{}},{"type":"Feature","geometry":{"type":"LineString","coordinates":[[11.69645,44.86474],[11.69646,44.86467],[11.69653,44.86459],[11.69661,44.86455],[11.69679,44.86452],[11.69696,44.86457],[11.69702,44.86461],[11.69707,44.86473],[11.69706,44.86479],[11.69698,44.86489],[11.69675,44.86496],[11.69658,44.86492],[11.69651,44.86487],[11.69645,44.86474]]},"properties":{}},{"type":"Feature","geometry":{"type":"LineString","coordinates":[[11.69658,44.86492],[11.69595,44.8648]]},"properties":{}},{"type":"Feature","geometry":{"type":"LineString","coordinates":[[11.69706,44.86479],[11.69716,44.865],[11.69733,44.86511]]},"properties":{}},{"type":"Feature","geometry":{"type":"LineString","coordinates":[[11.69733,44.86511],[11.69684,44.86495]]},"properties":{}},{"type":"Feature","geometry":{"type":"LineString","coordinates":[[11.69177,44.9774],[11.6929,44.97913],[11.69469,44.98194]]},"properties":{}},{"type":"Feature","geometry":{"type":"LineString","coordinates":[[11.73605,44.95674],[11.73654,44.95672]]},"properties":{}},{"type":"Feature","geometry":{"type":"LineString","coordinates":[[11.73525,44.95691],[11.73605,44.95674]]},"properties":{}},{"type":"Feature","geometry":{"type":"LineString","coordinates":[[11.73654,44.95672],[11.73704,44.95678],[11.73733,44.95686],[11.73764,44.95702]]},"properties":{}},{"type":"Feature","geometry":{"type":"LineString","coordinates":[[11.73436,44.95715],[11.73525,44.95691]]},"properties":{}},{"type":"Feature","geometry":{"type":"LineString","coordinates":[[11.73428,44.95722],[11.7343,44.95718],[11.73436,44.95715]]},"properties":{}},{"type":"Feature","geometry":{"type":"LineString","coordinates":[[11.73876,44.95745],[11.7388,44.95736],[11.73877,44.9571]]},"properties":{}},{"type":"Feature","geometry":{"type":"LineString","coordinates":[[11.73839,44.95753],[11.73868,44.9575],[11.73876,44.95745]]},"properties":{}},{"type":"Feature","geometry":{"type":"LineString","coordinates":[[11.73764,44.95702],[11.7379,44.95719],[11.73863,44.95781],[11.73892,44.95798]]},"properties":{}},{"type":"Feature","geometry":{"type":"LineString","coordinates":[[11.73839,44.95753],[11.73853,44.95761],[11.73892,44.9576]]},"properties":{}},{"type":"Feature","geometry":{"type":"LineString","coordinates":[[11.73892,44.9576],[11.73912,44.95759]]},"properties":{}},{"type":"Feature","geometry":{"type":"LineString","coordinates":[[11.73867,44.95777],[11.73839,44.95753]]},"properties":{}},{"type":"Feature","geometry":{"type":"LineString","coordinates":[[11.73912,44.95759],[11.739,44.95775]]},"properties":{}},{"type":"Feature","geometry":{"type":"LineString","coordinates":[[11.739,44.95775],[11.7388,44.9578],[11.73867,44.95777]]},"properties":{}},{"type":"Feature","geometry":{"type":"LineString","coordinates":[[11.73896,44.95795],[11.73867,44.95777]]},"properties":{}},{"type":"Feature","geometry":{"type":"LineString","coordinates":[[11.73914,44.95803],[11.73896,44.95795]]},"properties":{}},{"type":"Feature","geometry":{"type":"LineString","coordinates":[[11.73892,44.95798],[11.73924,44.95812],[11.73942,44.95825],[11.73985,44.95881],[11.74085,44.96024]]},"properties":{}},{"type":"Feature","geometry":{"type":"LineString","coordinates":[[11.74074,44.96028],[11.74092,44.96056]]},"properties":{}},{"type":"Feature","geometry":{"type":"LineString","coordinates":[[11.74842,44.96067],[11.74863,44.96066]]},"properties":{}},{"type":"Feature","geometry":{"type":"LineString","coordinates":[[11.74863,44.96066],[11.7487,44.9607]]},"properties":{}},{"type":"Feature","geometry":{"type":"LineString","coordinates":[[11.74092,44.96056],[11.74104,44.96075],[11.74104,44.9608],[11.74072,44.96082],[11.74072,44.96085]]},"properties":{}},{"type":"Feature","geometry":{"type":"LineString","coordinates":[[11.72807,44.99702],[11.73349,44.99803]]},"properties":{}},{"type":"Feature","geometry":{"type":"LineString","coordinates":[[11.74427,44.99823],[11.74551,44.99796],[11.74609,44.99788],[11.74687,44.99795],[11.74708,44.99801]]},"properties":{}},{"type":"Feature","geometry":{"type":"LineString","coordinates":[[11.73349,44.99803],[11.73398,44.99812]]},"properties":{}},{"type":"Feature","geometry":{"type":"LineString","coordinates":[[11.73398,44.99812],[11.73435,44.99819]]},"properties":{}},{"type":"Feature","geometry":{"type":"LineString","coordinates":[[11.73435,44.99819],[11.73474,44.99826]]},"properties":{}},{"type":"Feature","geometry":{"type":"LineString","coordinates":[[11.74215,44.99854],[11.74405,44.99827]]},"properties":{}},{"type":"Feature","geometry":{"type":"LineString","coordinates":[[11.73474,44.99826],[11.73566,44.99845],[11.7359,44.99858]]},"properties":{}},{"type":"Feature","geometry":{"type":"LineString","coordinates":[[11.69811,44.9874],[11.69465,44.98205],[11.69463,44.98198],[11.69469,44.98194]]},"properties":{}},{"type":"Feature","geometry":{"type":"LineString","coordinates":[[11.69817,44.98751],[11.69811,44.9874]]},"properties":{}},{"type":"Feature","geometry":{"type":"LineString","coordinates":[[11.70194,44.99318],[11.70188,44.99316],[11.70154,44.99265],[11.70148,44.9926],[11.69817,44.98751]]},"properties":{}},{"type":"Feature","geometry":{"type":"LineString","coordinates":[[11.62911,44.7819],[11.63064,44.78213]]},"properties":{}},{"type":"Feature","geometry":{"type":"LineString","coordinates":[[11.63153,44.78234],[11.63039,44.78128],[11.63011,44.78118],[11.62973,44.78085],[11.62954,44.78084],[11.62948,44.7809],[11.6293,44.78124],[11.62922,44.78149],[11.62893,44.78256],[11.62883,44.78312],[11.62883,44.7837],[11.62891,44.78374],[11.62917,44.78373],[11.62925,44.78377]]},"properties":{}},{"type":"Feature","geometry":{"type":"LineString","coordinates":[[11.6292,44.78373],[11.62941,44.78346],[11.63001,44.78307],[11.63008,44.78291],[11.63007,44.78281],[11.63023,44.78261],[11.63061,44.78263],[11.63082,44.78259],[11.63103,44.78248],[11.63139,44.78222]]},"properties":{}},{"type":"Feature","geometry":{"type":"LineString","coordinates":[[11.59786,44.81242],[11.59774,44.81238],[11.59669,44.81167],[11.5966,44.81174],[11.59655,44.8117],[11.59548,44.81251]]},"properties":{}},{"type":"Feature","geometry":{"type":"LineString","coordinates":[[11.59427,44.8117],[11.59654,44.81323]]},"properties":{}},{"type":"Feature","geometry":{"type":"LineString","coordinates":[[11.59631,44.81341],[11.59547,44.8129],[11.59483,44.81275],[11.59457,44.81274],[11.59445,44.8128]]},"properties":{}},{"type":"Feature","geometry":{"type":"LineString","coordinates":[[11.59654,44.81323],[11.59856,44.81458]]},"properties":{}},{"type":"Feature","geometry":{"type":"LineString","coordinates":[[11.6884,44.79679],[11.68855,44.79688],[11.68864,44.79699],[11.68956,44.79866]]},"properties":{}},{"type":"Feature","geometry":{"type":"LineString","coordinates":[[11.69195,44.79813],[11.69212,44.79827]]},"properties":{}},{"type":"Feature","geometry":{"type":"LineString","coordinates":[[11.5722,44.78938],[11.57218,44.78942],[11.57086,44.78911],[11.5701,44.78908],[11.56954,44.78913],[11.56954,44.78908]]},"properties":{}},{"type":"Feature","geometry":{"type":"LineString","coordinates":[[11.57111,44.78911],[11.57113,44.78908],[11.57259,44.78942],[11.57256,44.78947]]},"properties":{}},{"type":"Feature","geometry":{"type":"LineString","coordinates":[[11.57328,44.78945],[11.57342,44.78934],[11.57351,44.7891]]},"properties":{}},{"type":"Feature","geometry":{"type":"LineString","coordinates":[[11.57351,44.7891],[11.57351,44.78935],[11.57357,44.78947]]},"properties":{}},{"type":"Feature","geometry":{"type":"LineString","coordinates":[[11.57202,44.79505],[11.57192,44.795],[11.57188,44.79493],[11.57189,44.79485],[11.57197,44.79473],[11.57195,44.79463]]},"properties":{}},{"type":"Feature","geometry":{"type":"LineString","coordinates":[[11.57211,44.80784],[11.57196,44.80783],[11.57136,44.80796],[11.57048,44.808],[11.57009,44.80807]]},"properties":{}},{"type":"Feature","geometry":{"type":"LineString","coordinates":[[11.57009,44.80807],[11.56984,44.80815]]},"properties":{}},{"type":"Feature","geometry":{"type":"LineString","coordinates":[[11.54709,44.84115],[11.54745,44.84141],[11.54744,44.84145],[11.54778,44.84204],[11.54771,44.84206]]},"properties":{}},{"type":"Feature","geometry":{"type":"LineString","coordinates":[[11.54728,44.84861],[11.54727,44.84888]]},"properties":{}},{"type":"Feature","geometry":{"type":"LineString","coordinates":[[11.54271,44.85039],[11.54307,44.85034],[11.54335,44.85042],[11.54338,44.85053]]},"properties":{}},{"type":"Feature","geometry":{"type":"LineString","coordinates":[[11.54276,44.8506],[11.54373,44.85048]]},"properties":{}},{"type":"Feature","geometry":{"type":"LineString","coordinates":[[11.69142,44.80219],[11.69149,44.80217]]},"properties":{}},{"type":"Feature","geometry":{"type":"LineString","coordinates":[[11.69142,44.80219],[11.69149,44.80217]]},"properties":{}},{"type":"Feature","geometry":{"type":"LineString","coordinates":[[11.68417,44.81266],[11.6841,44.81268],[11.68429,44.81301],[11.68437,44.81298]]},"properties":{}},{"type":"Feature","geometry":{"type":"LineString","coordinates":[[11.68518,44.81428],[11.68656,44.81377]]},"properties":{}},{"type":"Feature","geometry":{"type":"LineString","coordinates":[[11.64686,44.81729],[11.64688,44.81738],[11.64639,44.81746]]},"properties":{}},{"type":"Feature","geometry":{"type":"LineString","coordinates":[[11.64639,44.81746],[11.64644,44.81761]]},"properties":{}},{"type":"Feature","geometry":{"type":"LineString","coordinates":[[11.64644,44.81761],[11.64706,44.8175],[11.64708,44.81756]]},"properties":{}},{"type":"Feature","geometry":{"type":"LineString","coordinates":[[11.63578,44.81981],[11.63616,44.81968],[11.63672,44.81957],[11.63714,44.82077]]},"properties":{}},{"type":"Feature","geometry":{"type":"LineString","coordinates":[[11.63968,44.82013],[11.63929,44.82021],[11.63871,44.82041],[11.63805,44.82051],[11.63745,44.82067]]},"properties":{}},{"type":"Feature","geometry":{"type":"LineString","coordinates":[[11.64904,44.82028],[11.64733,44.82063],[11.64547,44.82088]]},"properties":{}},{"type":"Feature","geometry":{"type":"LineString","coordinates":[[11.59804,44.81453],[11.59631,44.81341]]},"properties":{}},{"type":"Feature","geometry":{"type":"LineString","coordinates":[[11.63089,44.81446],[11.63131,44.8143],[11.63147,44.81418]]},"properties":{}},{"type":"Feature","geometry":{"type":"LineString","coordinates":[[11.63147,44.81418],[11.63138,44.81438],[11.63109,44.81458]]},"properties":{}},{"type":"Feature","geometry":{"type":"LineString","coordinates":[[11.6307,44.81451],[11.63089,44.81446]]},"properties":{}},{"type":"Feature","geometry":{"type":"LineString","coordinates":[[11.63089,44.81446],[11.63103,44.81451],[11.63109,44.81458]]},"properties":{}},{"type":"Feature","geometry":{"type":"LineString","coordinates":[[11.63014,44.81472],[11.6307,44.81451]]},"properties":{}},{"type":"Feature","geometry":{"type":"LineString","coordinates":[[11.63069,44.81472],[11.63063,44.81461],[11.6307,44.81451]]},"properties":{}},{"type":"Feature","geometry":{"type":"LineString","coordinates":[[11.63109,44.81458],[11.63108,44.81468],[11.63094,44.81477]]},"properties":{}},{"type":"Feature","geometry":{"type":"LineString","coordinates":[[11.63069,44.81472],[11.63039,44.81468],[11.63014,44.81472]]},"properties":{}},{"type":"Feature","geometry":{"type":"LineString","coordinates":[[11.63076,44.81476],[11.63069,44.81472]]},"properties":{}},{"type":"Feature","geometry":{"type":"LineString","coordinates":[[11.63094,44.81477],[11.63076,44.81476]]},"properties":{}},{"type":"Feature","geometry":{"type":"LineString","coordinates":[[11.59937,44.81514],[11.59923,44.81502],[11.59921,44.81492],[11.59906,44.8148],[11.59885,44.81478],[11.59856,44.81458]]},"properties":{}},{"type":"Feature","geometry":{"type":"LineString","coordinates":[[11.5992,44.81526],[11.59804,44.81453]]},"properties":{}},{"type":"Feature","geometry":{"type":"LineString","coordinates":[[11.59937,44.81514],[11.60024,44.81586],[11.60071,44.81619]]},"properties":{}},{"type":"Feature","geometry":{"type":"LineString","coordinates":[[11.63307,44.81757],[11.63319,44.8166],[11.63317,44.81638],[11.63305,44.81605],[11.63283,44.81577],[11.63271,44.81565],[11.63242,44.81545],[11.63166,44.81518],[11.63124,44.81498],[11.63113,44.81498],[11.63097,44.81502],[11.63071,44.81516]]},"properties":{}},{"type":"Feature","geometry":{"type":"LineString","coordinates":[[11.60071,44.81619],[11.60122,44.81655],[11.60122,44.81665],[11.60138,44.81684],[11.60191,44.81741],[11.60203,44.81746],[11.60225,44.81743],[11.60234,44.8176],[11.60224,44.81775],[11.6023,44.81786]]},"properties":{}},{"type":"Feature","geometry":{"type":"LineString","coordinates":[[11.6028,44.81933],[11.60259,44.81912],[11.60274,44.81876],[11.6027,44.81858],[11.60258,44.81858],[11.60124,44.81712],[11.6007,44.81658],[11.59913,44.81531],[11.5992,44.81526]]},"properties":{}},{"type":"Feature","geometry":{"type":"LineString","coordinates":[[11.61779,44.8172],[11.61773,44.81725],[11.61849,44.8178]]},"properties":{}},{"type":"Feature","geometry":{"type":"LineString","coordinates":[[11.61172,44.81798],[11.6124,44.81758]]},"properties":{}},{"type":"Feature","geometry":{"type":"LineString","coordinates":[[11.62886,44.81759],[11.62868,44.81797]]},"properties":{}},{"type":"Feature","geometry":{"type":"LineString","coordinates":[[11.59993,44.81797],[11.59993,44.8179],[11.59979,44.81774]]},"properties":{}},{"type":"Feature","geometry":{"type":"LineString","coordinates":[[11.6023,44.81786],[11.60268,44.81827]]},"properties":{}},{"type":"Feature","geometry":{"type":"LineString","coordinates":[[11.62868,44.81797],[11.62835,44.81852]]},"properties":{}},{"type":"Feature","geometry":{"type":"LineString","coordinates":[[11.62853,44.81829],[11.62863,44.81832]]},"properties":{}},{"type":"Feature","geometry":{"type":"LineString","coordinates":[[11.6285,44.81828],[11.62853,44.81829],[11.6285,44.81837]]},"properties":{}},{"type":"Feature","geometry":{"type":"LineString","coordinates":[[11.61983,44.819],[11.61878,44.81846],[11.61875,44.81833],[11.61828,44.81798],[11.61852,44.81782],[11.61849,44.8178]]},"properties":{}},{"type":"Feature","geometry":{"type":"LineString","coordinates":[[11.60268,44.81827],[11.60288,44.81849],[11.6037,44.81867]]},"properties":{}},{"type":"Feature","geometry":{"type":"LineString","coordinates":[[11.6285,44.81837],[11.62837,44.81858]]},"properties":{}},{"type":"Feature","geometry":{"type":"LineString","coordinates":[[11.62837,44.81858],[11.62807,44.81848]]},"properties":{}},{"type":"Feature","geometry":{"type":"LineString","coordinates":[[11.62835,44.81852],[11.62817,44.81881]]},"properties":{}},{"type":"Feature","geometry":{"type":"LineString","coordinates":[[11.63321,44.819],[11.63323,44.81877],[11.63317,44.81871],[11.63299,44.81863]]},"properties":{}},{"type":"Feature","geometry":{"type":"LineString","coordinates":[[11.6008,44.81941],[11.60012,44.81861]]},"properties":{}},{"type":"Feature","geometry":{"type":"LineString","coordinates":[[11.62,44.81909],[11.61983,44.819]]},"properties":{}},{"type":"Feature","geometry":{"type":"LineString","coordinates":[[11.61434,44.81929],[11.61435,44.81923],[11.61523,44.8188]]},"properties":{}},{"type":"Feature","geometry":{"type":"LineString","coordinates":[[11.62817,44.81881],[11.62807,44.81901],[11.62806,44.8191],[11.62811,44.81935]]},"properties":{}},{"type":"Feature","geometry":{"type":"LineString","coordinates":[[11.6332,44.81916],[11.63321,44.819]]},"properties":{}},{"type":"Feature","geometry":{"type":"LineString","coordinates":[[11.60373,44.81931],[11.60354,44.81933],[11.60345,44.81944]]},"properties":{}},{"type":"Feature","geometry":{"type":"LineString","coordinates":[[11.60345,44.81944],[11.60284,44.81939],[11.6028,44.81933]]},"properties":{}},{"type":"Feature","geometry":{"type":"LineString","coordinates":[[11.62811,44.81935],[11.62812,44.81944]]},"properties":{}},{"type":"Feature","geometry":{"type":"LineString","coordinates":[[11.63284,44.81975],[11.6329,44.81973],[11.63314,44.81948],[11.6332,44.81916]]},"properties":{}},{"type":"Feature","geometry":{"type":"LineString","coordinates":[[11.62812,44.81944],[11.62811,44.81954]]},"properties":{}},{"type":"Feature","geometry":{"type":"LineString","coordinates":[[11.60637,44.82115],[11.61172,44.81798]]},"properties":{}},{"type":"Feature","geometry":{"type":"LineString","coordinates":[[11.63324,44.81961],[11.63331,44.81961]]},"properties":{}},{"type":"Feature","geometry":{"type":"LineString","coordinates":[[11.59979,44.82014],[11.59959,44.8199],[11.5994,44.81994],[11.59931,44.8199],[11.59867,44.81913]]},"properties":{}},{"type":"Feature","geometry":{"type":"LineString","coordinates":[[11.62213,44.82021],[11.62,44.81909]]},"properties":{}},{"type":"Feature","geometry":{"type":"LineString","coordinates":[[11.60284,44.81939],[11.60301,44.8196],[11.60265,44.81976],[11.60294,44.82009]]},"properties":{}},{"type":"Feature","geometry":{"type":"LineString","coordinates":[[11.63334,44.81997],[11.63339,44.81969],[11.63329,44.81967],[11.63324,44.81961],[11.63308,44.81959],[11.63299,44.8197],[11.6329,44.81973]]},"properties":{}},{"type":"Feature","geometry":{"type":"LineString","coordinates":[[11.6332,44.82015],[11.63322,44.81996],[11.63451,44.82006]]},"properties":{}},{"type":"Feature","geometry":{"type":"LineString","coordinates":[[11.63539,44.821],[11.6353,44.82065],[11.63537,44.82058],[11.63568,44.82041],[11.63579,44.8197],[11.63541,44.81967],[11.63546,44.81933]]},"properties":{}},{"type":"Feature","geometry":{"type":"LineString","coordinates":[[11.59979,44.82014],[11.59997,44.82035]]},"properties":{}},{"type":"Feature","geometry":{"type":"LineString","coordinates":[[11.50233,44.84411],[11.50225,44.84401],[11.50143,44.84399],[11.50134,44.84394],[11.50108,44.84259],[11.50101,44.84241],[11.50068,44.84193]]},"properties":{}},{"type":"Feature","geometry":{"type":"LineString","coordinates":[[11.50143,44.84399],[11.50143,44.84409]]},"properties":{}},{"type":"Feature","geometry":{"type":"LineString","coordinates":[[11.50124,44.8442],[11.50123,44.84415],[11.50115,44.84409],[11.50115,44.84399],[11.50122,44.84394],[11.50134,44.84394]]},"properties":{}},{"type":"Feature","geometry":{"type":"LineString","coordinates":[[11.50137,44.84418],[11.50137,44.84413],[11.50143,44.84409],[11.50302,44.84414],[11.50313,44.84416],[11.50324,44.84424],[11.50345,44.84417],[11.50436,44.84419],[11.50459,44.84435],[11.5048,44.84419],[11.50601,44.8442]]},"properties":{}},{"type":"Feature","geometry":{"type":"LineString","coordinates":[[11.50047,44.85495],[11.50065,44.85487]]},"properties":{}},{"type":"Feature","geometry":{"type":"LineString","coordinates":[[11.50488,44.85848],[11.50483,44.85835],[11.50405,44.85784],[11.50376,44.8577],[11.50172,44.85637],[11.50125,44.85587],[11.50125,44.85582],[11.5,44.85442]]},"properties":{}},{"type":"Feature","geometry":{"type":"LineString","coordinates":[[11.50685,44.85961],[11.50655,44.85942],[11.50633,44.85942]]},"properties":{}},{"type":"Feature","geometry":{"type":"LineString","coordinates":[[11.50707,44.85976],[11.50685,44.85961]]},"properties":{}},{"type":"Feature","geometry":{"type":"LineString","coordinates":[[11.5072,44.86022],[11.50733,44.8601],[11.50734,44.85999],[11.50728,44.85989],[11.50707,44.85976]]},"properties":{}},{"type":"Feature","geometry":{"type":"LineString","coordinates":[[11.50723,44.8602],[11.508,44.86071],[11.50808,44.86065],[11.50814,44.86065],[11.50882,44.86109],[11.50912,44.86143],[11.50987,44.86238],[11.50998,44.86248],[11.51011,44.86255]]},"properties":{}},{"type":"Feature","geometry":{"type":"LineString","coordinates":[[11.54984,44.85152],[11.54965,44.85187]]},"properties":{}},{"type":"Feature","geometry":{"type":"LineString","coordinates":[[11.54359,44.85954],[11.54395,44.85941],[11.54422,44.85938]]},"properties":{}},{"type":"Feature","geometry":{"type":"LineString","coordinates":[[11.54422,44.85938],[11.54389,44.85949],[11.54359,44.85954]]},"properties":{}},{"type":"Feature","geometry":{"type":"LineString","coordinates":[[11.54133,44.8601],[11.54359,44.85954]]},"properties":{}},{"type":"Feature","geometry":{"type":"LineString","coordinates":[[11.5409,44.8602],[11.54119,44.8601],[11.54133,44.8601]]},"properties":{}},{"type":"Feature","geometry":{"type":"LineString","coordinates":[[11.54133,44.8601],[11.54116,44.86017],[11.5409,44.8602]]},"properties":{}},{"type":"Feature","geometry":{"type":"LineString","coordinates":[[11.51814,44.8607],[11.51816,44.86076],[11.51541,44.86129],[11.51536,44.86133],[11.51521,44.86165],[11.51491,44.86174]]},"properties":{}},{"type":"Feature","geometry":{"type":"LineString","coordinates":[[11.55038,44.86507],[11.55017,44.86489],[11.54989,44.86486],[11.54586,44.86566],[11.54561,44.86576],[11.54467,44.86632]]},"properties":{}},{"type":"Feature","geometry":{"type":"LineString","coordinates":[[11.52118,44.86626],[11.52109,44.86635],[11.52083,44.8665],[11.52061,44.86657]]},"properties":{}},{"type":"Feature","geometry":{"type":"LineString","coordinates":[[11.50556,44.87383],[11.50583,44.87376],[11.50866,44.87352],[11.50936,44.87336],[11.5099,44.87314],[11.51754,44.8683],[11.51904,44.86742],[11.52057,44.86659],[11.52097,44.86632],[11.52127,44.86622],[11.52413,44.8647],[11.52497,44.86431],[11.52606,44.86393],[11.52715,44.86362],[11.53592,44.86145],[11.53625,44.8613],[11.53651,44.8613],[11.5409,44.8602]]},"properties":{}},{"type":"Feature","geometry":{"type":"LineString","coordinates":[[11.51011,44.86255],[11.51028,44.8626]]},"properties":{}},{"type":"Feature","geometry":{"type":"LineString","coordinates":[[11.51028,44.8626],[11.51113,44.86284],[11.51124,44.8629]]},"properties":{}},{"type":"Feature","geometry":{"type":"LineString","coordinates":[[11.50982,44.86315],[11.50948,44.86307]]},"properties":{}},{"type":"Feature","geometry":{"type":"LineString","coordinates":[[11.51006,44.86321],[11.50982,44.86315]]},"properties":{}},{"type":"Feature","geometry":{"type":"LineString","coordinates":[[11.5101,44.86322],[11.51006,44.86321]]},"properties":{}},{"type":"Feature","geometry":{"type":"LineString","coordinates":[[11.51286,44.86282],[11.51289,44.86284],[11.51232,44.86383],[11.51239,44.86392],[11.51231,44.86395]]},"properties":{}},{"type":"Feature","geometry":{"type":"LineString","coordinates":[[11.51212,44.86121],[11.51147,44.86261],[11.511,44.86348],[11.50948,44.86592],[11.5094,44.86603],[11.50934,44.86601]]},"properties":{}},{"type":"Feature","geometry":{"type":"LineString","coordinates":[[11.5,44.87422],[11.50421,44.87388],[11.50464,44.87375],[11.50546,44.87367],[11.5055,44.87384],[11.50556,44.87383]]},"properties":{}},{"type":"Feature","geometry":{"type":"LineString","coordinates":[[11.50566,44.87424],[11.50573,44.87424],[11.50752,44.88159]]},"properties":{}},{"type":"Feature","geometry":{"type":"LineString","coordinates":[[11.63312,44.82064],[11.6332,44.82015],[11.63262,44.82009]]},"properties":{}},{"type":"Feature","geometry":{"type":"LineString","coordinates":[[11.61146,44.82011],[11.61139,44.82014],[11.61242,44.82123]]},"properties":{}},{"type":"Feature","geometry":{"type":"LineString","coordinates":[[11.63342,44.82066],[11.63334,44.82096]]},"properties":{}},{"type":"Feature","geometry":{"type":"LineString","coordinates":[[11.612,44.8206],[11.61255,44.82118]]},"properties":{}},{"type":"Feature","geometry":{"type":"LineString","coordinates":[[11.6295,44.82113],[11.62955,44.82109],[11.63002,44.82096],[11.63006,44.82101],[11.63036,44.82095],[11.63033,44.82081],[11.63072,44.82084]]},"properties":{}},{"type":"Feature","geometry":{"type":"LineString","coordinates":[[11.59997,44.82035],[11.60117,44.82175],[11.60156,44.82202]]},"properties":{}},{"type":"Feature","geometry":{"type":"LineString","coordinates":[[11.62913,44.82149],[11.62884,44.821],[11.62885,44.82097],[11.62895,44.82094]]},"properties":{}},{"type":"Feature","geometry":{"type":"LineString","coordinates":[[11.62913,44.82149],[11.62962,44.8214],[11.6295,44.82113]]},"properties":{}},{"type":"Feature","geometry":{"type":"LineString","coordinates":[[11.62267,44.82187],[11.62332,44.82098],[11.6234,44.8208]]},"properties":{}},{"type":"Feature","geometry":{"type":"LineString","coordinates":[[11.60637,44.82115],[11.60571,44.82154]]},"properties":{}},{"type":"Feature","geometry":{"type":"LineString","coordinates":[[11.64083,44.82141],[11.6409,44.82154]]},"properties":{}},{"type":"Feature","geometry":{"type":"LineString","coordinates":[[11.63507,44.82265],[11.63615,44.82273],[11.63643,44.82266],[11.63656,44.82269],[11.63721,44.82251],[11.63739,44.82254],[11.63751,44.82248],[11.63755,44.82243],[11.63822,44.82211],[11.63843,44.82204],[11.6388,44.82194],[11.63899,44.82193],[11.64012,44.82163],[11.64137,44.82125],[11.64238,44.82107],[11.64266,44.82108],[11.6433,44.82122],[11.64365,44.82123],[11.64381,44.8212],[11.64433,44.82105],[11.64444,44.82098],[11.64553,44.82073],[11.64558,44.8207],[11.64572,44.82043],[11.64616,44.82034],[11.64631,44.82072],[11.64637,44.82077]]},"properties":{}},{"type":"Feature","geometry":{"type":"LineString","coordinates":[[11.64769,44.82155],[11.64782,44.82154],[11.64802,44.82158],[11.64872,44.8215]]},"properties":{}},{"type":"Feature","geometry":{"type":"LineString","coordinates":[[11.63745,44.82067],[11.63746,44.82071],[11.63632,44.82094],[11.63501,44.82114],[11.63492,44.82118],[11.63484,44.82136],[11.63478,44.82232],[11.63488,44.82253],[11.63507,44.82255]]},"properties":{}},{"type":"Feature","geometry":{"type":"LineString","coordinates":[[11.64547,44.82088],[11.64346,44.82144],[11.6433,44.82136],[11.64268,44.82121],[11.6423,44.8212],[11.64184,44.82126],[11.63845,44.82223],[11.63711,44.82279],[11.63708,44.8229],[11.63695,44.82295],[11.63584,44.82288],[11.63579,44.82283],[11.63531,44.8228],[11.63532,44.82267]]},"properties":{}},{"type":"Feature","geometry":{"type":"LineString","coordinates":[[11.6489,44.82141],[11.64879,44.82144],[11.64872,44.8215],[11.64895,44.82205],[11.64879,44.82284]]},"properties":{}},{"type":"Feature","geometry":{"type":"LineString","coordinates":[[11.63823,44.82219],[11.6382,44.82212]]},"properties":{}},{"type":"Feature","geometry":{"type":"LineString","coordinates":[[11.64631,44.82229],[11.6475,44.82218]]},"properties":{}},{"type":"Feature","geometry":{"type":"LineString","coordinates":[[11.63829,44.82231],[11.63823,44.82219]]},"properties":{}},{"type":"Feature","geometry":{"type":"LineString","coordinates":[[11.63667,44.82266],[11.63671,44.82275],[11.63672,44.82293]]},"properties":{}},{"type":"Feature","geometry":{"type":"LineString","coordinates":[[11.62919,44.82159],[11.62913,44.82149]]},"properties":{}},{"type":"Feature","geometry":{"type":"LineString","coordinates":[[11.61832,44.82152],[11.61786,44.82185]]},"properties":{}},{"type":"Feature","geometry":{"type":"LineString","coordinates":[[11.63178,44.82173],[11.63281,44.82166]]},"properties":{}},{"type":"Feature","geometry":{"type":"LineString","coordinates":[[11.63264,44.82167],[11.63264,44.82173],[11.63301,44.82176],[11.63299,44.82185]]},"properties":{}},{"type":"Feature","geometry":{"type":"LineString","coordinates":[[11.6007,44.82201],[11.60074,44.82197],[11.60171,44.82156]]},"properties":{}},{"type":"Feature","geometry":{"type":"LineString","coordinates":[[11.62965,44.82239],[11.63146,44.8224],[11.63246,44.82245],[11.63434,44.82261],[11.63448,44.82258],[11.63457,44.82246],[11.63463,44.82128],[11.63455,44.82117],[11.63444,44.82113],[11.63445,44.82105]]},"properties":{}},{"type":"Feature","geometry":{"type":"LineString","coordinates":[[11.62802,44.82208],[11.62841,44.82215],[11.62911,44.82193],[11.62917,44.82182],[11.62906,44.82162],[11.62919,44.82159],[11.62929,44.82171]]},"properties":{}},{"type":"Feature","geometry":{"type":"LineString","coordinates":[[11.62823,44.82191],[11.62851,44.82192]]},"properties":{}},{"type":"Feature","geometry":{"type":"LineString","coordinates":[[11.62797,44.82196],[11.62823,44.82191]]},"properties":{}},{"type":"Feature","geometry":{"type":"LineString","coordinates":[[11.62929,44.82171],[11.62965,44.82239]]},"properties":{}},{"type":"Feature","geometry":{"type":"LineString","coordinates":[[11.61724,44.82216],[11.61732,44.82221]]},"properties":{}},{"type":"Feature","geometry":{"type":"LineString","coordinates":[[11.6283,44.82213],[11.62809,44.82226]]},"properties":{}},{"type":"Feature","geometry":{"type":"LineString","coordinates":[[11.61979,44.82227],[11.6199,44.82221],[11.62019,44.82219]]},"properties":{}},{"type":"Feature","geometry":{"type":"LineString","coordinates":[[11.61289,44.82149],[11.61444,44.82316]]},"properties":{}},{"type":"Feature","geometry":{"type":"LineString","coordinates":[[11.61432,44.8233],[11.61277,44.82163],[11.61285,44.8216]]},"properties":{}},{"type":"Feature","geometry":{"type":"LineString","coordinates":[[11.62806,44.82294],[11.62815,44.82289],[11.62819,44.82293],[11.62823,44.82293],[11.62832,44.82282],[11.62797,44.82196]]},"properties":{}},{"type":"Feature","geometry":{"type":"LineString","coordinates":[[11.63457,44.82246],[11.63483,44.82246]]},"properties":{}},{"type":"Feature","geometry":{"type":"LineString","coordinates":[[11.62281,44.82144],[11.62178,44.82291],[11.62103,44.82369]]},"properties":{}},{"type":"Feature","geometry":{"type":"LineString","coordinates":[[11.61732,44.82221],[11.61718,44.82229],[11.61693,44.82237],[11.61686,44.82236],[11.61518,44.82296],[11.61514,44.8229]]},"properties":{}},{"type":"Feature","geometry":{"type":"LineString","coordinates":[[11.62965,44.82239],[11.62967,44.82284],[11.62964,44.8229],[11.62877,44.82298]]},"properties":{}},{"type":"Feature","geometry":{"type":"LineString","coordinates":[[11.61191,44.82241],[11.61246,44.82303]]},"properties":{}},{"type":"Feature","geometry":{"type":"LineString","coordinates":[[11.61518,44.82296],[11.61509,44.82298]]},"properties":{}},{"type":"Feature","geometry":{"type":"LineString","coordinates":[[11.63482,44.82341],[11.63479,44.82315],[11.63488,44.82287],[11.635,44.8228],[11.63531,44.8228]]},"properties":{}},{"type":"Feature","geometry":{"type":"LineString","coordinates":[[11.61448,44.8232],[11.61444,44.82316]]},"properties":{}},{"type":"Feature","geometry":{"type":"LineString","coordinates":[[11.61509,44.82298],[11.61415,44.82338]]},"properties":{}},{"type":"Feature","geometry":{"type":"LineString","coordinates":[[11.61759,44.82398],[11.61593,44.82269]]},"properties":{}},{"type":"Feature","geometry":{"type":"LineString","coordinates":[[11.61363,44.82353],[11.61367,44.82358]]},"properties":{}},{"type":"Feature","geometry":{"type":"LineString","coordinates":[[11.60216,44.82331],[11.60209,44.82336],[11.60166,44.82393]]},"properties":{}},{"type":"Feature","geometry":{"type":"LineString","coordinates":[[11.61259,44.82401],[11.61264,44.82407],[11.61413,44.82336]]},"properties":{}},{"type":"Feature","geometry":{"type":"LineString","coordinates":[[11.61312,44.82377],[11.61316,44.82382]]},"properties":{}},{"type":"Feature","geometry":{"type":"LineString","coordinates":[[11.61474,44.82383],[11.61484,44.82391]]},"properties":{}},{"type":"Feature","geometry":{"type":"LineString","coordinates":[[11.62885,44.82366],[11.62929,44.8242]]},"properties":{}},{"type":"Feature","geometry":{"type":"LineString","coordinates":[[11.6291,44.82425],[11.62885,44.82366]]},"properties":{}},{"type":"Feature","geometry":{"type":"LineString","coordinates":[[11.63482,44.82453],[11.63486,44.82391],[11.63482,44.82341]]},"properties":{}},{"type":"Feature","geometry":{"type":"LineString","coordinates":[[11.62929,44.8242],[11.63022,44.82396]]},"properties":{}},{"type":"Feature","geometry":{"type":"LineString","coordinates":[[11.6128,44.82885],[11.61219,44.82835],[11.6121,44.82832],[11.61197,44.82821],[11.61195,44.82815],[11.61053,44.82689],[11.60998,44.82636],[11.60998,44.82631],[11.60934,44.82563],[11.60833,44.82455],[11.60814,44.8244],[11.60815,44.82437],[11.60554,44.82162],[11.60545,44.82167],[11.60435,44.82046],[11.60432,44.82042],[11.60433,44.82034],[11.60355,44.81948],[11.60345,44.81944]]},"properties":{}},{"type":"Feature","geometry":{"type":"LineString","coordinates":[[11.61204,44.82427],[11.61227,44.82454],[11.61264,44.82407]]},"properties":{}},{"type":"Feature","geometry":{"type":"LineString","coordinates":[[11.62961,44.82418],[11.62867,44.82443]]},"properties":{}},{"type":"Feature","geometry":{"type":"LineString","coordinates":[[11.60738,44.82457],[11.60779,44.8243],[11.60785,44.82422],[11.60785,44.82406]]},"properties":{}},{"type":"Feature","geometry":{"type":"LineString","coordinates":[[11.61661,44.82453],[11.61613,44.82483],[11.61606,44.82482],[11.61484,44.82391]]},"properties":{}},{"type":"Feature","geometry":{"type":"LineString","coordinates":[[11.6037,44.81867],[11.60368,44.81878],[11.60371,44.81885],[11.60385,44.81893],[11.60373,44.81928],[11.60382,44.81949],[11.60383,44.81957],[11.6045,44.82029],[11.60571,44.82154],[11.60784,44.82382],[11.60816,44.82414],[11.60823,44.82418],[11.60851,44.82448],[11.60851,44.82454],[11.6087,44.82475],[11.61001,44.82615],[11.61028,44.82638],[11.61029,44.82643],[11.61066,44.82684],[11.61167,44.82773],[11.61178,44.82774],[11.61193,44.82787],[11.61194,44.82796],[11.61262,44.82855],[11.61287,44.82874],[11.61296,44.82876],[11.61319,44.82896],[11.61345,44.8293],[11.61443,44.83013]]},"properties":{}},{"type":"Feature","geometry":{"type":"LineString","coordinates":[[11.61884,44.82502],[11.61886,44.82496],[11.61882,44.82491],[11.61852,44.82466],[11.61841,44.82463],[11.61759,44.82398]]},"properties":{}},{"type":"Feature","geometry":{"type":"LineString","coordinates":[[11.62162,44.82546],[11.62319,44.82436],[11.6234,44.82425],[11.6239,44.82411],[11.62539,44.82389],[11.62651,44.82377],[11.62793,44.82366],[11.6287,44.82364]]},"properties":{}},{"type":"Feature","geometry":{"type":"LineString","coordinates":[[11.61885,44.82494],[11.61896,44.82489],[11.61902,44.82492],[11.61907,44.8249],[11.61954,44.8246],[11.62011,44.82434],[11.62017,44.8244]]},"properties":{}},{"type":"Feature","geometry":{"type":"LineString","coordinates":[[11.60637,44.82519],[11.60792,44.82439],[11.60815,44.82438]]},"properties":{}},{"type":"Feature","geometry":{"type":"LineString","coordinates":[[11.62135,44.82484],[11.62175,44.82515]]},"properties":{}},{"type":"Feature","geometry":{"type":"LineString","coordinates":[[11.61661,44.82453],[11.61772,44.82542],[11.61772,44.82547],[11.61789,44.82561]]},"properties":{}},{"type":"Feature","geometry":{"type":"LineString","coordinates":[[11.62175,44.82515],[11.62147,44.82536]]},"properties":{}},{"type":"Feature","geometry":{"type":"LineString","coordinates":[[11.61654,44.82573],[11.61683,44.8255],[11.61598,44.82488],[11.61606,44.82482]]},"properties":{}},{"type":"Feature","geometry":{"type":"LineString","coordinates":[[11.61789,44.82561],[11.61884,44.82502]]},"properties":{}},{"type":"Feature","geometry":{"type":"LineString","coordinates":[[11.56984,44.80815],[11.56937,44.80829],[11.56881,44.80853],[11.56878,44.80857],[11.56881,44.80863]]},"properties":{}},{"type":"Feature","geometry":{"type":"LineString","coordinates":[[11.58681,44.8068],[11.58687,44.80675],[11.59035,44.80912],[11.59351,44.81122],[11.59387,44.81143],[11.59393,44.81151],[11.59427,44.8117]]},"properties":{}},{"type":"Feature","geometry":{"type":"LineString","coordinates":[[11.59012,44.80897],[11.58813,44.81049]]},"properties":{}},{"type":"Feature","geometry":{"type":"LineString","coordinates":[[11.58813,44.81049],[11.58726,44.81112],[11.58713,44.81108],[11.58704,44.8109],[11.58679,44.81108],[11.58667,44.81124],[11.58667,44.8114],[11.58663,44.81146],[11.58549,44.81229],[11.5856,44.81237]]},"properties":{}},{"type":"Feature","geometry":{"type":"LineString","coordinates":[[11.58747,44.84064],[11.5899,44.83976],[11.59177,44.83893],[11.59499,44.83765]]},"properties":{}},{"type":"Feature","geometry":{"type":"LineString","coordinates":[[11.58109,44.84281],[11.58102,44.84275],[11.58115,44.84266],[11.58124,44.84249],[11.5813,44.84246],[11.58128,44.84238]]},"properties":{}},{"type":"Feature","geometry":{"type":"LineString","coordinates":[[11.58193,44.84264],[11.58176,44.8427],[11.58167,44.84277],[11.58164,44.84284],[11.58167,44.84292]]},"properties":{}},{"type":"Feature","geometry":{"type":"LineString","coordinates":[[11.58155,44.84295],[11.58145,44.84282],[11.58136,44.84279],[11.58129,44.84279],[11.58113,44.84284],[11.58109,44.84281]]},"properties":{}},{"type":"Feature","geometry":{"type":"LineString","coordinates":[[11.58155,44.84295],[11.58167,44.84292]]},"properties":{}},{"type":"Feature","geometry":{"type":"LineString","coordinates":[[11.58167,44.84292],[11.5817,44.84302]]},"properties":{}},{"type":"Feature","geometry":{"type":"LineString","coordinates":[[11.64765,44.82299],[11.65051,44.82263]]},"properties":{}},{"type":"Feature","geometry":{"type":"LineString","coordinates":[[11.64931,44.82484],[11.64857,44.8247],[11.64617,44.82411]]},"properties":{}},{"type":"Feature","geometry":{"type":"LineString","coordinates":[[11.64069,44.82556],[11.64121,44.82548]]},"properties":{}},{"type":"Feature","geometry":{"type":"LineString","coordinates":[[11.64369,44.82631],[11.64368,44.82628],[11.64414,44.82629],[11.6447,44.82626]]},"properties":{}},{"type":"Feature","geometry":{"type":"LineString","coordinates":[[11.63975,44.82718],[11.64015,44.82708]]},"properties":{}},{"type":"Feature","geometry":{"type":"LineString","coordinates":[[11.63988,44.82779],[11.63961,44.82722]]},"properties":{}},{"type":"Feature","geometry":{"type":"LineString","coordinates":[[11.64293,44.82767],[11.643,44.82763],[11.64358,44.82754],[11.6445,44.82744],[11.64565,44.82737],[11.64571,44.82741],[11.646,44.82737]]},"properties":{}},{"type":"Feature","geometry":{"type":"LineString","coordinates":[[11.64057,44.82815],[11.64019,44.82717]]},"properties":{}},{"type":"Feature","geometry":{"type":"LineString","coordinates":[[11.64935,44.82788],[11.64975,44.8277]]},"properties":{}},{"type":"Feature","geometry":{"type":"LineString","coordinates":[[11.64116,44.82802],[11.6415,44.82801],[11.64293,44.82767]]},"properties":{}},{"type":"Feature","geometry":{"type":"LineString","coordinates":[[11.62147,44.82536],[11.62162,44.82546]]},"properties":{}},{"type":"Feature","geometry":{"type":"LineString","coordinates":[[11.62159,44.82548],[11.62144,44.82538],[11.62147,44.82536]]},"properties":{}},{"type":"Feature","geometry":{"type":"LineString","coordinates":[[11.63045,44.82532],[11.63027,44.82536],[11.6304,44.82565],[11.63072,44.82557],[11.63073,44.82561]]},"properties":{}},{"type":"Feature","geometry":{"type":"LineString","coordinates":[[11.62146,44.8256],[11.62162,44.82546]]},"properties":{}},{"type":"Feature","geometry":{"type":"LineString","coordinates":[[11.63482,44.82453],[11.63481,44.82464],[11.63485,44.82471],[11.63496,44.82476],[11.63511,44.82477],[11.63512,44.82485],[11.6349,44.82505],[11.63491,44.82513],[11.63504,44.82535],[11.63505,44.82549],[11.63459,44.82679]]},"properties":{}},{"type":"Feature","geometry":{"type":"LineString","coordinates":[[11.61627,44.82667],[11.61779,44.82572],[11.61789,44.82561]]},"properties":{}},{"type":"Feature","geometry":{"type":"LineString","coordinates":[[11.59838,44.82591],[11.59833,44.82644],[11.59868,44.82674]]},"properties":{}},{"type":"Feature","geometry":{"type":"LineString","coordinates":[[11.60289,44.8265],[11.60211,44.8269]]},"properties":{}},{"type":"Feature","geometry":{"type":"LineString","coordinates":[[11.63517,44.82731],[11.63551,44.82716],[11.63565,44.82704],[11.63571,44.82687],[11.6356,44.82662]]},"properties":{}},{"type":"Feature","geometry":{"type":"LineString","coordinates":[[11.6302,44.82637],[11.627,44.82756]]},"properties":{}},{"type":"Feature","geometry":{"type":"LineString","coordinates":[[11.597,44.82762],[11.59833,44.82644]]},"properties":{}},{"type":"Feature","geometry":{"type":"LineString","coordinates":[[11.62017,44.8244],[11.61975,44.82461],[11.61902,44.82504],[11.6185,44.82541],[11.61804,44.82596],[11.61722,44.82687],[11.61546,44.82846],[11.61534,44.82855],[11.61504,44.82888],[11.61401,44.82978]]},"properties":{}},{"type":"Feature","geometry":{"type":"LineString","coordinates":[[11.61499,44.82745],[11.61591,44.82688]]},"properties":{}},{"type":"Feature","geometry":{"type":"LineString","coordinates":[[11.63461,44.82718],[11.63443,44.82725]]},"properties":{}},{"type":"Feature","geometry":{"type":"LineString","coordinates":[[11.60206,44.82686],[11.60291,44.82767]]},"properties":{}},{"type":"Feature","geometry":{"type":"LineString","coordinates":[[11.60276,44.82751],[11.60295,44.82746],[11.60304,44.82738],[11.60353,44.82713]]},"properties":{}},{"type":"Feature","geometry":{"type":"LineString","coordinates":[[11.59782,44.82861],[11.59665,44.82719],[11.5965,44.82705]]},"properties":{}},{"type":"Feature","geometry":{"type":"LineString","coordinates":[[11.61287,44.82874],[11.61499,44.82745]]},"properties":{}},{"type":"Feature","geometry":{"type":"LineString","coordinates":[[11.61534,44.8309],[11.61579,44.83051],[11.61669,44.82987],[11.61827,44.82814],[11.61844,44.82805],[11.61921,44.82736],[11.6194,44.8273],[11.62146,44.8256]]},"properties":{}},{"type":"Feature","geometry":{"type":"LineString","coordinates":[[11.627,44.82756],[11.62306,44.82905]]},"properties":{}},{"type":"Feature","geometry":{"type":"LineString","coordinates":[[11.64911,44.82791],[11.64897,44.82793],[11.64906,44.82781],[11.64913,44.8278],[11.64926,44.82781],[11.64936,44.82789]]},"properties":{}},{"type":"Feature","geometry":{"type":"LineString","coordinates":[[11.64921,44.8279],[11.64979,44.82786]]},"properties":{}},{"type":"Feature","geometry":{"type":"LineString","coordinates":[[11.64116,44.82802],[11.64103,44.82799]]},"properties":{}},{"type":"Feature","geometry":{"type":"LineString","coordinates":[[11.64997,44.82867],[11.64967,44.8274]]},"properties":{}},{"type":"Feature","geometry":{"type":"LineString","coordinates":[[11.63499,44.82706],[11.63644,44.82908]]},"properties":{}},{"type":"Feature","geometry":{"type":"LineString","coordinates":[[11.64054,44.82805],[11.64103,44.82799],[11.64103,44.82817],[11.64093,44.82822],[11.64096,44.82837],[11.64108,44.82838],[11.64125,44.82845],[11.64152,44.82849],[11.64168,44.82859],[11.64167,44.82865],[11.64174,44.82871]]},"properties":{}},{"type":"Feature","geometry":{"type":"LineString","coordinates":[[11.64782,44.82883],[11.64773,44.828],[11.64897,44.82793]]},"properties":{}},{"type":"Feature","geometry":{"type":"LineString","coordinates":[[11.64253,44.82899],[11.64249,44.82897],[11.64264,44.82883],[11.64268,44.82872],[11.64184,44.82856],[11.64171,44.82846],[11.64164,44.82835],[11.64164,44.82823],[11.64171,44.82816],[11.6415,44.82801]]},"properties":{}},{"type":"Feature","geometry":{"type":"LineString","coordinates":[[11.64996,44.82862],[11.65012,44.8286],[11.65022,44.82855],[11.65007,44.82787],[11.65168,44.8278],[11.65166,44.82763],[11.65171,44.82763],[11.65171,44.82775],[11.6519,44.82774],[11.65203,44.82932],[11.65215,44.82993]]},"properties":{}},{"type":"Feature","geometry":{"type":"LineString","coordinates":[[11.64253,44.82899],[11.64235,44.82913],[11.6418,44.8287],[11.64174,44.82871]]},"properties":{}},{"type":"Feature","geometry":{"type":"LineString","coordinates":[[11.62624,44.82869],[11.62581,44.82801]]},"properties":{}},{"type":"Feature","geometry":{"type":"LineString","coordinates":[[11.63444,44.82997],[11.63434,44.82983],[11.63398,44.8289],[11.63394,44.82876],[11.63394,44.82862],[11.63398,44.82841],[11.63459,44.82679]]},"properties":{}},{"type":"Feature","geometry":{"type":"LineString","coordinates":[[11.62525,44.82905],[11.62624,44.82869],[11.62761,44.82837]]},"properties":{}},{"type":"Feature","geometry":{"type":"LineString","coordinates":[[11.62525,44.82905],[11.62483,44.82837]]},"properties":{}},{"type":"Feature","geometry":{"type":"LineString","coordinates":[[11.61333,44.82934],[11.6128,44.82885]]},"properties":{}},{"type":"Feature","geometry":{"type":"LineString","coordinates":[[11.62665,44.82962],[11.62624,44.82869]]},"properties":{}},{"type":"Feature","geometry":{"type":"LineString","coordinates":[[11.60637,44.82519],[11.60613,44.82532],[11.60603,44.82544],[11.60526,44.82912],[11.60439,44.83302],[11.6044,44.83314],[11.60444,44.83323],[11.60453,44.83331]]},"properties":{}},{"type":"Feature","geometry":{"type":"LineString","coordinates":[[11.62306,44.82905],[11.62368,44.82978]]},"properties":{}},{"type":"Feature","geometry":{"type":"LineString","coordinates":[[11.62368,44.82978],[11.62525,44.82905]]},"properties":{}},{"type":"Feature","geometry":{"type":"LineString","coordinates":[[11.61429,44.83021],[11.61416,44.83021],[11.61412,44.83018]]},"properties":{}},{"type":"Feature","geometry":{"type":"LineString","coordinates":[[11.63985,44.82894],[11.63963,44.82908]]},"properties":{}},{"type":"Feature","geometry":{"type":"LineString","coordinates":[[11.64174,44.82871],[11.64138,44.82891],[11.64101,44.82895],[11.64088,44.82909],[11.6403,44.82939]]},"properties":{}},{"type":"Feature","geometry":{"type":"LineString","coordinates":[[11.63963,44.82908],[11.63995,44.82931],[11.63996,44.82944],[11.64002,44.82944]]},"properties":{}},{"type":"Feature","geometry":{"type":"LineString","coordinates":[[11.64997,44.82867],[11.65027,44.82985],[11.6489,44.83],[11.64798,44.83004],[11.64782,44.82883]]},"properties":{}},{"type":"Feature","geometry":{"type":"LineString","coordinates":[[11.64057,44.82815],[11.64056,44.82823],[11.6405,44.82833],[11.64008,44.82849],[11.63947,44.82861],[11.63898,44.8288],[11.63885,44.82907],[11.63502,44.83082],[11.63487,44.83085],[11.63476,44.83078],[11.63444,44.82997]]},"properties":{}},{"type":"Feature","geometry":{"type":"LineString","coordinates":[[11.64964,44.82992],[11.64956,44.82956]]},"properties":{}},{"type":"Feature","geometry":{"type":"LineString","coordinates":[[11.6429,44.82922],[11.64293,44.82919],[11.64451,44.83004],[11.64557,44.83051],[11.6466,44.83049]]},"properties":{}},{"type":"Feature","geometry":{"type":"LineString","coordinates":[[11.63883,44.83125],[11.63957,44.83117],[11.64027,44.83064],[11.6403,44.82937],[11.63947,44.82861]]},"properties":{}},{"type":"Feature","geometry":{"type":"LineString","coordinates":[[11.6522,44.83014],[11.65231,44.83065],[11.65,44.83092],[11.65001,44.83099],[11.64999,44.83099],[11.64997,44.83091],[11.64994,44.83091],[11.64996,44.83099],[11.64994,44.831],[11.64983,44.83054],[11.64993,44.83053]]},"properties":{}},{"type":"Feature","geometry":{"type":"LineString","coordinates":[[11.6466,44.83049],[11.64702,44.83073]]},"properties":{}},{"type":"Feature","geometry":{"type":"LineString","coordinates":[[11.59936,44.83049],[11.59978,44.83028],[11.59986,44.83028],[11.60028,44.83005]]},"properties":{}},{"type":"Feature","geometry":{"type":"LineString","coordinates":[[11.61443,44.83013],[11.61476,44.83042]]},"properties":{}},{"type":"Feature","geometry":{"type":"LineString","coordinates":[[11.62368,44.82978],[11.62122,44.8309]]},"properties":{}},{"type":"Feature","geometry":{"type":"LineString","coordinates":[[11.6146,44.83048],[11.61429,44.83021]]},"properties":{}},{"type":"Feature","geometry":{"type":"LineString","coordinates":[[11.63215,44.83083],[11.63182,44.82994]]},"properties":{}},{"type":"Feature","geometry":{"type":"LineString","coordinates":[[11.61412,44.83018],[11.61274,44.83061],[11.61241,44.83058]]},"properties":{}},{"type":"Feature","geometry":{"type":"LineString","coordinates":[[11.61241,44.83058],[11.61182,44.83063]]},"properties":{}},{"type":"Feature","geometry":{"type":"LineString","coordinates":[[11.61388,44.83081],[11.6141,44.83071],[11.61462,44.83055]]},"properties":{}},{"type":"Feature","geometry":{"type":"LineString","coordinates":[[11.61526,44.83108],[11.61496,44.8308],[11.61473,44.83069],[11.61462,44.83055],[11.6146,44.83048]]},"properties":{}},{"type":"Feature","geometry":{"type":"LineString","coordinates":[[11.63518,44.83075],[11.63531,44.83089],[11.63503,44.83104],[11.63498,44.83113],[11.63497,44.83125]]},"properties":{}},{"type":"Feature","geometry":{"type":"LineString","coordinates":[[11.63469,44.83064],[11.63454,44.83068],[11.6345,44.83084],[11.63439,44.83104],[11.63423,44.83114],[11.63441,44.83131],[11.63461,44.83127],[11.63471,44.83129],[11.63484,44.83137],[11.63498,44.83134],[11.63504,44.83136]]},"properties":{}},{"type":"Feature","geometry":{"type":"LineString","coordinates":[[11.59741,44.8318],[11.59758,44.83163],[11.59781,44.83149],[11.59937,44.83062],[11.59931,44.83055],[11.59936,44.83049]]},"properties":{}},{"type":"Feature","geometry":{"type":"LineString","coordinates":[[11.61182,44.83063],[11.60961,44.83174]]},"properties":{}},{"type":"Feature","geometry":{"type":"LineString","coordinates":[[11.61476,44.83042],[11.6165,44.83194],[11.6168,44.83207]]},"properties":{}},{"type":"Feature","geometry":{"type":"LineString","coordinates":[[11.63497,44.83125],[11.63498,44.83134]]},"properties":{}},{"type":"Feature","geometry":{"type":"LineString","coordinates":[[11.63423,44.83114],[11.63404,44.83122],[11.63342,44.83132],[11.63317,44.83147],[11.6331,44.83146],[11.63303,44.83139],[11.63288,44.83146]]},"properties":{}},{"type":"Feature","geometry":{"type":"LineString","coordinates":[[11.60265,44.83122],[11.60302,44.83158]]},"properties":{}},{"type":"Feature","geometry":{"type":"LineString","coordinates":[[11.6123,44.83207],[11.61388,44.83081]]},"properties":{}},{"type":"Feature","geometry":{"type":"LineString","coordinates":[[11.62122,44.8309],[11.61958,44.83198]]},"properties":{}},{"type":"Feature","geometry":{"type":"LineString","coordinates":[[11.63269,44.83191],[11.63278,44.83185],[11.63281,44.83171],[11.63292,44.83158],[11.63288,44.83146]]},"properties":{}},{"type":"Feature","geometry":{"type":"LineString","coordinates":[[11.61651,44.83201],[11.61584,44.83141]]},"properties":{}},{"type":"Feature","geometry":{"type":"LineString","coordinates":[[11.63338,44.8321],[11.63361,44.83201],[11.6336,44.83188],[11.63384,44.83178],[11.63431,44.83137],[11.63441,44.83131]]},"properties":{}},{"type":"Feature","geometry":{"type":"LineString","coordinates":[[11.6158,44.83242],[11.61523,44.83161],[11.61522,44.83149],[11.61532,44.8312],[11.61526,44.83108]]},"properties":{}},{"type":"Feature","geometry":{"type":"LineString","coordinates":[[11.60338,44.8322],[11.60323,44.83227],[11.6031,44.83227],[11.60303,44.83222],[11.60262,44.83177]]},"properties":{}},{"type":"Feature","geometry":{"type":"LineString","coordinates":[[11.63269,44.83191],[11.63241,44.83204],[11.6323,44.83212],[11.63227,44.83219]]},"properties":{}},{"type":"Feature","geometry":{"type":"LineString","coordinates":[[11.61651,44.83201],[11.61673,44.83209],[11.61686,44.83217]]},"properties":{}},{"type":"Feature","geometry":{"type":"LineString","coordinates":[[11.61671,44.83212],[11.6168,44.83207]]},"properties":{}},{"type":"Feature","geometry":{"type":"LineString","coordinates":[[11.6168,44.83207],[11.6169,44.83215]]},"properties":{}},{"type":"Feature","geometry":{"type":"LineString","coordinates":[[11.6328,44.83203],[11.63253,44.83216],[11.63227,44.83219]]},"properties":{}},{"type":"Feature","geometry":{"type":"LineString","coordinates":[[11.6169,44.83215],[11.61718,44.83237]]},"properties":{}},{"type":"Feature","geometry":{"type":"LineString","coordinates":[[11.61607,44.83247],[11.61671,44.83212]]},"properties":{}},{"type":"Feature","geometry":{"type":"LineString","coordinates":[[11.61592,44.83251],[11.61607,44.83247]]},"properties":{}},{"type":"Feature","geometry":{"type":"LineString","coordinates":[[11.61629,44.83288],[11.61617,44.83282],[11.61584,44.83242],[11.6158,44.83242]]},"properties":{}},{"type":"Feature","geometry":{"type":"LineString","coordinates":[[11.61022,44.83335],[11.61151,44.83273],[11.6123,44.83207]]},"properties":{}},{"type":"Feature","geometry":{"type":"LineString","coordinates":[[11.62911,44.83366],[11.63293,44.83189]]},"properties":{}},{"type":"Feature","geometry":{"type":"LineString","coordinates":[[11.60961,44.83174],[11.60515,44.834]]},"properties":{}},{"type":"Feature","geometry":{"type":"LineString","coordinates":[[11.61369,44.83255],[11.61347,44.83262],[11.61288,44.83331]]},"properties":{}},{"type":"Feature","geometry":{"type":"LineString","coordinates":[[11.61681,44.83317],[11.61637,44.83283]]},"properties":{}},{"type":"Feature","geometry":{"type":"LineString","coordinates":[[11.61113,44.83308],[11.61097,44.83299]]},"properties":{}},{"type":"Feature","geometry":{"type":"LineString","coordinates":[[11.60453,44.83331],[11.60464,44.83342]]},"properties":{}},{"type":"Feature","geometry":{"type":"LineString","coordinates":[[11.64611,44.83114],[11.64625,44.8312],[11.64643,44.83116],[11.64673,44.83134],[11.64703,44.83157],[11.64726,44.83148],[11.64712,44.83138],[11.64701,44.83109],[11.64697,44.83075],[11.64703,44.83057],[11.6471,44.83046],[11.6473,44.83031],[11.64798,44.83004]]},"properties":{}},{"type":"Feature","geometry":{"type":"LineString","coordinates":[[11.64517,44.83222],[11.6453,44.83218],[11.64549,44.83171],[11.64611,44.83114]]},"properties":{}},{"type":"Feature","geometry":{"type":"LineString","coordinates":[[11.63498,44.83134],[11.63544,44.83228],[11.6356,44.83252],[11.63586,44.83276],[11.63653,44.83317]]},"properties":{}},{"type":"Feature","geometry":{"type":"LineString","coordinates":[[11.64084,44.83331],[11.64126,44.83317],[11.64177,44.83279],[11.64213,44.83263],[11.64234,44.83258],[11.64263,44.83256],[11.64333,44.83263],[11.6436,44.83261],[11.64517,44.83222]]},"properties":{}},{"type":"Feature","geometry":{"type":"LineString","coordinates":[[11.65032,44.83323],[11.65047,44.83307]]},"properties":{}},{"type":"Feature","geometry":{"type":"LineString","coordinates":[[11.64047,44.83257],[11.64145,44.83453],[11.64473,44.83371],[11.64411,44.83249]]},"properties":{}},{"type":"Feature","geometry":{"type":"LineString","coordinates":[[11.64702,44.83073],[11.6472,44.83139],[11.64726,44.83148],[11.64824,44.83195],[11.64886,44.83222],[11.64946,44.83252],[11.65434,44.83523],[11.65483,44.83546],[11.65846,44.83682],[11.65843,44.83687]]},"properties":{}},{"type":"Feature","geometry":{"type":"LineString","coordinates":[[11.65235,44.83438],[11.65252,44.83423]]},"properties":{}},{"type":"Feature","geometry":{"type":"LineString","coordinates":[[11.64761,44.83508],[11.64785,44.83502],[11.64738,44.83419],[11.64756,44.83414]]},"properties":{}},{"type":"Feature","geometry":{"type":"LineString","coordinates":[[11.64773,44.83485],[11.64791,44.8348]]},"properties":{}},{"type":"Feature","geometry":{"type":"LineString","coordinates":[[11.6173,44.83359],[11.61681,44.83317]]},"properties":{}},{"type":"Feature","geometry":{"type":"LineString","coordinates":[[11.61273,44.83363],[11.61279,44.83358],[11.6128,44.83348],[11.61293,44.83334],[11.61288,44.83331]]},"properties":{}},{"type":"Feature","geometry":{"type":"LineString","coordinates":[[11.61113,44.83308],[11.61169,44.83349],[11.61197,44.83374],[11.61228,44.8339]]},"properties":{}},{"type":"Feature","geometry":{"type":"LineString","coordinates":[[11.60859,44.83413],[11.61022,44.83335]]},"properties":{}},{"type":"Feature","geometry":{"type":"LineString","coordinates":[[11.6158,44.83242],[11.61539,44.83245],[11.61521,44.83251],[11.61384,44.83253],[11.61369,44.83255],[11.61317,44.83327],[11.61311,44.83357],[11.61105,44.83527],[11.611,44.83541],[11.61088,44.8355]]},"properties":{}},{"type":"Feature","geometry":{"type":"LineString","coordinates":[[11.60519,44.83403],[11.60511,44.83396]]},"properties":{}},{"type":"Feature","geometry":{"type":"LineString","coordinates":[[11.6009,44.83386],[11.60125,44.83417]]},"properties":{}},{"type":"Feature","geometry":{"type":"LineString","coordinates":[[11.60519,44.83403],[11.60517,44.83412]]},"properties":{}},{"type":"Feature","geometry":{"type":"LineString","coordinates":[[11.60504,44.83416],[11.60494,44.83405]]},"properties":{}},{"type":"Feature","geometry":{"type":"LineString","coordinates":[[11.59921,44.83642],[11.59896,44.83611],[11.59888,44.8358],[11.59766,44.83445],[11.59737,44.83398],[11.59727,44.83363],[11.59722,44.83329],[11.59721,44.83231],[11.59723,44.83207],[11.59737,44.83182],[11.59741,44.8318]]},"properties":{}},{"type":"Feature","geometry":{"type":"LineString","coordinates":[[11.61273,44.83363],[11.61243,44.83385],[11.61228,44.8339],[11.6122,44.83403],[11.61186,44.83431],[11.61168,44.83456],[11.61158,44.83463],[11.61151,44.83466],[11.61128,44.83466]]},"properties":{}},{"type":"Feature","geometry":{"type":"LineString","coordinates":[[11.62709,44.83465],[11.62911,44.83366]]},"properties":{}},{"type":"Feature","geometry":{"type":"LineString","coordinates":[[11.60526,44.83421],[11.60517,44.83412],[11.60508,44.83417],[11.60516,44.83426]]},"properties":{}},{"type":"Feature","geometry":{"type":"LineString","coordinates":[[11.61146,44.83492],[11.61099,44.83422],[11.61042,44.83396],[11.61011,44.83357]]},"properties":{}},{"type":"Feature","geometry":{"type":"LineString","coordinates":[[11.60106,44.83478],[11.60114,44.83455],[11.60118,44.83428],[11.60112,44.83412],[11.6009,44.83386]]},"properties":{}},{"type":"Feature","geometry":{"type":"LineString","coordinates":[[11.60556,44.83452],[11.60526,44.83421]]},"properties":{}},{"type":"Feature","geometry":{"type":"LineString","coordinates":[[11.60516,44.83426],[11.60545,44.83457]]},"properties":{}},{"type":"Feature","geometry":{"type":"LineString","coordinates":[[11.60125,44.83417],[11.60171,44.83467]]},"properties":{}},{"type":"Feature","geometry":{"type":"LineString","coordinates":[[11.60755,44.83481],[11.60818,44.83435],[11.60859,44.83413]]},"properties":{}},{"type":"Feature","geometry":{"type":"LineString","coordinates":[[11.60171,44.83467],[11.60175,44.8347]]},"properties":{}},{"type":"Feature","geometry":{"type":"LineString","coordinates":[[11.60106,44.83478],[11.60115,44.83467],[11.60136,44.83459],[11.60158,44.83461],[11.60171,44.83467]]},"properties":{}},{"type":"Feature","geometry":{"type":"LineString","coordinates":[[11.60283,44.83521],[11.60505,44.83415],[11.60508,44.83417]]},"properties":{}},{"type":"Feature","geometry":{"type":"LineString","coordinates":[[11.60175,44.8347],[11.60217,44.83473]]},"properties":{}},{"type":"Feature","geometry":{"type":"LineString","coordinates":[[11.60217,44.83473],[11.60225,44.83475],[11.60234,44.83482]]},"properties":{}},{"type":"Feature","geometry":{"type":"LineString","coordinates":[[11.60104,44.83484],[11.60106,44.83478]]},"properties":{}},{"type":"Feature","geometry":{"type":"LineString","coordinates":[[11.60175,44.8347],[11.60183,44.8348],[11.60182,44.83496]]},"properties":{}},{"type":"Feature","geometry":{"type":"LineString","coordinates":[[11.60208,44.83479],[11.60189,44.83492]]},"properties":{}},{"type":"Feature","geometry":{"type":"LineString","coordinates":[[11.60223,44.83493],[11.60208,44.83479]]},"properties":{}},{"type":"Feature","geometry":{"type":"LineString","coordinates":[[11.60737,44.83496],[11.60755,44.83481]]},"properties":{}},{"type":"Feature","geometry":{"type":"LineString","coordinates":[[11.60223,44.83493],[11.60189,44.83492]]},"properties":{}},{"type":"Feature","geometry":{"type":"LineString","coordinates":[[11.60189,44.83492],[11.60182,44.83496]]},"properties":{}},{"type":"Feature","geometry":{"type":"LineString","coordinates":[[11.60116,44.83508],[11.60104,44.83493],[11.60104,44.83484]]},"properties":{}},{"type":"Feature","geometry":{"type":"LineString","coordinates":[[11.60678,44.83545],[11.60665,44.83535],[11.60632,44.83528],[11.60556,44.83452]]},"properties":{}},{"type":"Feature","geometry":{"type":"LineString","coordinates":[[11.60182,44.83496],[11.60175,44.83505]]},"properties":{}},{"type":"Feature","geometry":{"type":"LineString","coordinates":[[11.60244,44.8351],[11.60239,44.83502],[11.60223,44.83493]]},"properties":{}},{"type":"Feature","geometry":{"type":"LineString","coordinates":[[11.60545,44.83457],[11.60612,44.83542],[11.60614,44.83548],[11.60608,44.83555]]},"properties":{}},{"type":"Feature","geometry":{"type":"LineString","coordinates":[[11.60175,44.83505],[11.60165,44.83512],[11.60149,44.83516],[11.60125,44.83513]]},"properties":{}},{"type":"Feature","geometry":{"type":"LineString","coordinates":[[11.60125,44.83513],[11.60116,44.83508]]},"properties":{}},{"type":"Feature","geometry":{"type":"LineString","coordinates":[[11.60052,44.8354],[11.60104,44.83484]]},"properties":{}},{"type":"Feature","geometry":{"type":"LineString","coordinates":[[11.62519,44.83561],[11.62709,44.83465]]},"properties":{}},{"type":"Feature","geometry":{"type":"LineString","coordinates":[[11.61877,44.83499],[11.61888,44.83507],[11.61911,44.83532]]},"properties":{}},{"type":"Feature","geometry":{"type":"LineString","coordinates":[[11.60283,44.83521],[11.60281,44.83518]]},"properties":{}},{"type":"Feature","geometry":{"type":"LineString","coordinates":[[11.60116,44.83508],[11.60095,44.83513],[11.60071,44.83533]]},"properties":{}},{"type":"Feature","geometry":{"type":"LineString","coordinates":[[11.60135,44.83532],[11.60136,44.83523],[11.60125,44.83513]]},"properties":{}},{"type":"Feature","geometry":{"type":"LineString","coordinates":[[11.60744,44.83508],[11.60675,44.83542]]},"properties":{}},{"type":"Feature","geometry":{"type":"LineString","coordinates":[[11.60175,44.83505],[11.60109,44.83562]]},"properties":{}},{"type":"Feature","geometry":{"type":"LineString","coordinates":[[11.63269,44.83191],[11.6328,44.83203],[11.63292,44.83199],[11.6331,44.83205],[11.63329,44.83204],[11.63335,44.83207],[11.63374,44.8328],[11.63386,44.83284],[11.63445,44.83395],[11.63457,44.83425],[11.63465,44.83485],[11.6346,44.83564],[11.63454,44.83585],[11.63437,44.83619],[11.63436,44.83634],[11.63451,44.83668],[11.63443,44.83875],[11.63439,44.8388]]},"properties":{}},{"type":"Feature","geometry":{"type":"LineString","coordinates":[[11.60071,44.83533],[11.60052,44.8354]]},"properties":{}},{"type":"Feature","geometry":{"type":"LineString","coordinates":[[11.60109,44.83562],[11.60113,44.83545],[11.60106,44.83537],[11.60088,44.8353],[11.60071,44.83533]]},"properties":{}},{"type":"Feature","geometry":{"type":"LineString","coordinates":[[11.60109,44.83562],[11.60135,44.83532]]},"properties":{}},{"type":"Feature","geometry":{"type":"LineString","coordinates":[[11.60664,44.83569],[11.60663,44.83565],[11.60669,44.8356],[11.60669,44.83551],[11.60678,44.83545]]},"properties":{}},{"type":"Feature","geometry":{"type":"LineString","coordinates":[[11.59889,44.83582],[11.599,44.83577]]},"properties":{}},{"type":"Feature","geometry":{"type":"LineString","coordinates":[[11.61009,44.83652],[11.60785,44.83511]]},"properties":{}},{"type":"Feature","geometry":{"type":"LineString","coordinates":[[11.59934,44.83615],[11.5997,44.83652],[11.5998,44.83655],[11.60006,44.83654],[11.60283,44.83521]]},"properties":{}},{"type":"Feature","geometry":{"type":"LineString","coordinates":[[11.60984,44.83637],[11.61088,44.8355]]},"properties":{}},{"type":"Feature","geometry":{"type":"LineString","coordinates":[[11.59934,44.83615],[11.59913,44.83613],[11.599,44.83616]]},"properties":{}},{"type":"Feature","geometry":{"type":"LineString","coordinates":[[11.60041,44.83701],[11.60382,44.83536]]},"properties":{}},{"type":"Feature","geometry":{"type":"LineString","coordinates":[[11.62259,44.83687],[11.62366,44.83638],[11.62519,44.83561]]},"properties":{}},{"type":"Feature","geometry":{"type":"LineString","coordinates":[[11.5985,44.83629],[11.5988,44.83615],[11.59891,44.83615],[11.59899,44.83619],[11.59917,44.83641],[11.59921,44.83642]]},"properties":{}},{"type":"Feature","geometry":{"type":"LineString","coordinates":[[11.598,44.83651],[11.5985,44.83629]]},"properties":{}},{"type":"Feature","geometry":{"type":"LineString","coordinates":[[11.59927,44.8365],[11.59921,44.83642]]},"properties":{}},{"type":"Feature","geometry":{"type":"LineString","coordinates":[[11.59966,44.83681],[11.59937,44.83643],[11.59932,44.83625],[11.59934,44.83615]]},"properties":{}},{"type":"Feature","geometry":{"type":"LineString","coordinates":[[11.62519,44.83561],[11.62614,44.83674],[11.62671,44.83763]]},"properties":{}},{"type":"Feature","geometry":{"type":"LineString","coordinates":[[11.59735,44.83676],[11.598,44.83651]]},"properties":{}},{"type":"Feature","geometry":{"type":"LineString","coordinates":[[11.61056,44.83682],[11.61009,44.83652]]},"properties":{}},{"type":"Feature","geometry":{"type":"LineString","coordinates":[[11.59955,44.83686],[11.59927,44.8365]]},"properties":{}},{"type":"Feature","geometry":{"type":"LineString","coordinates":[[11.60181,44.83813],[11.60215,44.83773],[11.60253,44.83748],[11.60622,44.83571],[11.60644,44.83572],[11.60648,44.83574],[11.60664,44.83569]]},"properties":{}},{"type":"Feature","geometry":{"type":"LineString","coordinates":[[11.59602,44.83726],[11.59727,44.83677],[11.59735,44.83676]]},"properties":{}},{"type":"Feature","geometry":{"type":"LineString","coordinates":[[11.62285,44.83729],[11.62259,44.83687]]},"properties":{}},{"type":"Feature","geometry":{"type":"LineString","coordinates":[[11.59996,44.83735],[11.59955,44.83686]]},"properties":{}},{"type":"Feature","geometry":{"type":"LineString","coordinates":[[11.64707,44.83498],[11.6475,44.83485]]},"properties":{}},{"type":"Feature","geometry":{"type":"LineString","coordinates":[[11.64872,44.83612],[11.64876,44.83619],[11.64982,44.8359],[11.64876,44.8339],[11.64869,44.83385],[11.64855,44.83385],[11.64756,44.83414]]},"properties":{}},{"type":"Feature","geometry":{"type":"LineString","coordinates":[[11.64959,44.84074],[11.64926,44.84031],[11.64899,44.83972],[11.6489,44.83931],[11.64873,44.83734],[11.64863,44.83694],[11.64728,44.83446],[11.64718,44.83434],[11.64583,44.83323],[11.64563,44.83303],[11.64535,44.83249],[11.64531,44.83244],[11.64522,44.83241],[11.64517,44.83222]]},"properties":{}},{"type":"Feature","geometry":{"type":"LineString","coordinates":[[11.64338,44.83678],[11.64305,44.83706],[11.64287,44.8375],[11.64273,44.83761],[11.64237,44.83781]]},"properties":{}},{"type":"Feature","geometry":{"type":"LineString","coordinates":[[11.66195,44.83818],[11.65897,44.8371]]},"properties":{}},{"type":"Feature","geometry":{"type":"LineString","coordinates":[[11.64237,44.83781],[11.64053,44.83897],[11.64049,44.83901],[11.64034,44.83959]]},"properties":{}},{"type":"Feature","geometry":{"type":"LineString","coordinates":[[11.66536,44.83891],[11.66773,44.83854]]},"properties":{}},{"type":"Feature","geometry":{"type":"LineString","coordinates":[[11.66513,44.8396],[11.66737,44.83924],[11.66774,44.83829],[11.66782,44.8383]]},"properties":{}},{"type":"Feature","geometry":{"type":"LineString","coordinates":[[11.63518,44.83628],[11.63509,44.83738],[11.63522,44.83754],[11.63526,44.83764],[11.63506,44.83786],[11.635,44.83899],[11.63487,44.83916],[11.63484,44.84014],[11.63477,44.84054],[11.63483,44.84069],[11.63482,44.84084],[11.63499,44.84085],[11.63538,44.84102],[11.63549,44.8411],[11.63596,44.84111],[11.63612,44.84159],[11.63623,44.84168],[11.63635,44.84172],[11.63989,44.84216]]},"properties":{}},{"type":"Feature","geometry":{"type":"LineString","coordinates":[[11.66381,44.83969],[11.66454,44.83957],[11.66446,44.83935],[11.66448,44.83925],[11.66463,44.83904],[11.66525,44.83893]]},"properties":{}},{"type":"Feature","geometry":{"type":"LineString","coordinates":[[11.61143,44.8374],[11.61056,44.83682]]},"properties":{}},{"type":"Feature","geometry":{"type":"LineString","coordinates":[[11.59603,44.83727],[11.59602,44.83726]]},"properties":{}},{"type":"Feature","geometry":{"type":"LineString","coordinates":[[11.62055,44.83778],[11.62162,44.83733],[11.62259,44.83687]]},"properties":{}},{"type":"Feature","geometry":{"type":"LineString","coordinates":[[11.62387,44.83752],[11.6244,44.8373],[11.62448,44.83741],[11.62455,44.83738],[11.62466,44.83752],[11.62499,44.8374],[11.62503,44.83746],[11.62517,44.83742]]},"properties":{}},{"type":"Feature","geometry":{"type":"LineString","coordinates":[[11.61143,44.8374],[11.61147,44.83746]]},"properties":{}},{"type":"Feature","geometry":{"type":"LineString","coordinates":[[11.59602,44.83726],[11.59598,44.8372],[11.59495,44.83762],[11.595,44.83766]]},"properties":{}},{"type":"Feature","geometry":{"type":"LineString","coordinates":[[11.60666,44.83772],[11.60654,44.83773],[11.60635,44.83763],[11.60584,44.83749]]},"properties":{}},{"type":"Feature","geometry":{"type":"LineString","coordinates":[[11.60039,44.83787],[11.59996,44.83735]]},"properties":{}},{"type":"Feature","geometry":{"type":"LineString","coordinates":[[11.61137,44.83775],[11.61132,44.83768],[11.61132,44.83759],[11.61138,44.83751],[11.61147,44.83746],[11.6117,44.83745],[11.61181,44.83751],[11.61186,44.83761],[11.61184,44.83771],[11.6118,44.83776],[11.61167,44.83782],[11.61148,44.83781],[11.61137,44.83775]]},"properties":{}},{"type":"Feature","geometry":{"type":"LineString","coordinates":[[11.595,44.83766],[11.59501,44.83768]]},"properties":{}},{"type":"Feature","geometry":{"type":"LineString","coordinates":[[11.59622,44.83775],[11.59647,44.83773]]},"properties":{}},{"type":"Feature","geometry":{"type":"LineString","coordinates":[[11.59608,44.83775],[11.59622,44.83775]]},"properties":{}},{"type":"Feature","geometry":{"type":"LineString","coordinates":[[11.61186,44.83761],[11.61202,44.8379]]},"properties":{}},{"type":"Feature","geometry":{"type":"LineString","coordinates":[[11.60664,44.83569],[11.60674,44.83596],[11.60593,44.83732],[11.6049,44.83913],[11.6049,44.8395],[11.60514,44.83987],[11.6057,44.84035]]},"properties":{}},{"type":"Feature","geometry":{"type":"LineString","coordinates":[[11.59537,44.83813],[11.59561,44.83794]]},"properties":{}},{"type":"Feature","geometry":{"type":"LineString","coordinates":[[11.62381,44.83883],[11.62285,44.83729]]},"properties":{}},{"type":"Feature","geometry":{"type":"LineString","coordinates":[[11.59573,44.83802],[11.59537,44.83813]]},"properties":{}},{"type":"Feature","geometry":{"type":"LineString","coordinates":[[11.61748,44.83914],[11.61908,44.83837]]},"properties":{}},{"type":"Feature","geometry":{"type":"LineString","coordinates":[[11.60198,44.83985],[11.60039,44.83796],[11.60044,44.83794],[11.60039,44.83787]]},"properties":{}},{"type":"Feature","geometry":{"type":"LineString","coordinates":[[11.60561,44.83732],[11.60531,44.83739],[11.60478,44.83769],[11.60464,44.83788],[11.60417,44.83879],[11.60409,44.83895],[11.60406,44.83912],[11.60408,44.83924],[11.60413,44.83936],[11.60426,44.83953],[11.60539,44.84059]]},"properties":{}},{"type":"Feature","geometry":{"type":"LineString","coordinates":[[11.60181,44.83813],[11.60173,44.83824],[11.60164,44.8385],[11.60162,44.83882],[11.60163,44.83908],[11.60179,44.83935],[11.60215,44.83978]]},"properties":{}},{"type":"Feature","geometry":{"type":"LineString","coordinates":[[11.60518,44.84062],[11.60446,44.83997],[11.60395,44.83996],[11.60292,44.83958],[11.6028,44.8395],[11.60279,44.83945],[11.60349,44.83872],[11.60356,44.83869],[11.60388,44.83875],[11.60398,44.83871],[11.60446,44.83783],[11.60441,44.83776],[11.60397,44.83764]]},"properties":{}},{"type":"Feature","geometry":{"type":"LineString","coordinates":[[11.59973,44.83981],[11.59955,44.8399],[11.59947,44.83982],[11.59936,44.83982],[11.59892,44.84003],[11.59889,44.84001]]},"properties":{}},{"type":"Feature","geometry":{"type":"LineString","coordinates":[[11.60684,44.84147],[11.61218,44.83895]]},"properties":{}},{"type":"Feature","geometry":{"type":"LineString","coordinates":[[11.6057,44.84035],[11.60576,44.8404]]},"properties":{}},{"type":"Feature","geometry":{"type":"LineString","coordinates":[[11.62794,44.83969],[11.62879,44.84108]]},"properties":{}},{"type":"Feature","geometry":{"type":"LineString","coordinates":[[11.63572,44.8403],[11.63561,44.84029],[11.63548,44.84043],[11.63521,44.84051],[11.63498,44.84067],[11.63445,44.84073],[11.63441,44.84066]]},"properties":{}},{"type":"Feature","geometry":{"type":"LineString","coordinates":[[11.60215,44.83978],[11.60356,44.84148],[11.6037,44.84141]]},"properties":{}},{"type":"Feature","geometry":{"type":"LineString","coordinates":[[11.63517,44.84086],[11.63512,44.84077],[11.63513,44.84066]]},"properties":{}},{"type":"Feature","geometry":{"type":"LineString","coordinates":[[11.6044,44.8412],[11.60581,44.84045]]},"properties":{}},{"type":"Feature","geometry":{"type":"LineString","coordinates":[[11.66446,44.83935],[11.66392,44.83942],[11.66373,44.8399]]},"properties":{}},{"type":"Feature","geometry":{"type":"LineString","coordinates":[[11.64034,44.83959],[11.64032,44.83967]]},"properties":{}},{"type":"Feature","geometry":{"type":"LineString","coordinates":[[11.64032,44.83967],[11.64031,44.83972]]},"properties":{}},{"type":"Feature","geometry":{"type":"LineString","coordinates":[[11.66376,44.83983],[11.66495,44.83963]]},"properties":{}},{"type":"Feature","geometry":{"type":"LineString","coordinates":[[11.63572,44.8403],[11.63582,44.84033]]},"properties":{}},{"type":"Feature","geometry":{"type":"LineString","coordinates":[[11.63572,44.8403],[11.63566,44.84044],[11.63567,44.84063]]},"properties":{}},{"type":"Feature","geometry":{"type":"LineString","coordinates":[[11.63932,44.84098],[11.63951,44.84019]]},"properties":{}},{"type":"Feature","geometry":{"type":"LineString","coordinates":[[11.64963,44.8408],[11.64959,44.84074]]},"properties":{}},{"type":"Feature","geometry":{"type":"LineString","coordinates":[[11.63571,44.84078],[11.63564,44.84088]]},"properties":{}},{"type":"Feature","geometry":{"type":"LineString","coordinates":[[11.63571,44.84078],[11.63587,44.84112]]},"properties":{}},{"type":"Feature","geometry":{"type":"LineString","coordinates":[[11.6037,44.84141],[11.6057,44.84035]]},"properties":{}},{"type":"Feature","geometry":{"type":"LineString","coordinates":[[11.62756,44.84075],[11.62723,44.84105]]},"properties":{}},{"type":"Feature","geometry":{"type":"LineString","coordinates":[[11.61181,44.84116],[11.6119,44.84106],[11.6119,44.84065]]},"properties":{}},{"type":"Feature","geometry":{"type":"LineString","coordinates":[[11.60057,44.84103],[11.60064,44.84095]]},"properties":{}},{"type":"Feature","geometry":{"type":"LineString","coordinates":[[11.60399,44.84228],[11.60198,44.83985]]},"properties":{}},{"type":"Feature","geometry":{"type":"LineString","coordinates":[[11.62697,44.841],[11.62584,44.84114]]},"properties":{}},{"type":"Feature","geometry":{"type":"LineString","coordinates":[[11.61217,44.84166],[11.61195,44.84144],[11.61197,44.8414],[11.61184,44.84125],[11.61178,44.8411],[11.61156,44.84086],[11.61162,44.84079],[11.6119,44.84065],[11.61193,44.84054]]},"properties":{}},{"type":"Feature","geometry":{"type":"LineString","coordinates":[[11.6256,44.84125],[11.62514,44.84105]]},"properties":{}},{"type":"Feature","geometry":{"type":"LineString","coordinates":[[11.62953,44.84141],[11.6331,44.84097]]},"properties":{}},{"type":"Feature","geometry":{"type":"LineString","coordinates":[[11.62697,44.841],[11.62719,44.84103],[11.62734,44.84117],[11.62735,44.84129],[11.62733,44.84136],[11.62716,44.84149],[11.62596,44.84165],[11.62577,44.84162],[11.62563,44.84152],[11.62559,44.84145],[11.62557,44.84131],[11.62563,44.84122],[11.62584,44.84114]]},"properties":{}},{"type":"Feature","geometry":{"type":"LineString","coordinates":[[11.61219,44.84127],[11.61245,44.84152]]},"properties":{}},{"type":"Feature","geometry":{"type":"LineString","coordinates":[[11.60366,44.84162],[11.60372,44.84153],[11.6044,44.8412]]},"properties":{}},{"type":"Feature","geometry":{"type":"LineString","coordinates":[[11.62903,44.84147],[11.62953,44.84141]]},"properties":{}},{"type":"Feature","geometry":{"type":"LineString","coordinates":[[11.60078,44.84089],[11.60081,44.84095],[11.60075,44.84107],[11.60075,44.84141],[11.60056,44.84188],[11.60061,44.84199],[11.60079,44.84209]]},"properties":{}},{"type":"Feature","geometry":{"type":"LineString","coordinates":[[11.62773,44.84163],[11.6273,44.84139]]},"properties":{}},{"type":"Feature","geometry":{"type":"LineString","coordinates":[[11.6037,44.84141],[11.60381,44.84155],[11.60373,44.8417]]},"properties":{}},{"type":"Feature","geometry":{"type":"LineString","coordinates":[[11.60621,44.84178],[11.60637,44.84173],[11.60644,44.84163],[11.60684,44.84147]]},"properties":{}},{"type":"Feature","geometry":{"type":"LineString","coordinates":[[11.62575,44.84161],[11.62543,44.84189]]},"properties":{}},{"type":"Feature","geometry":{"type":"LineString","coordinates":[[11.60576,44.8404],[11.60678,44.84142],[11.60864,44.84307],[11.60887,44.84313],[11.6092,44.84307]]},"properties":{}},{"type":"Feature","geometry":{"type":"LineString","coordinates":[[11.59983,44.84189],[11.60003,44.84181],[11.60023,44.84182]]},"properties":{}},{"type":"Feature","geometry":{"type":"LineString","coordinates":[[11.60384,44.84183],[11.60367,44.84191]]},"properties":{}},{"type":"Feature","geometry":{"type":"LineString","coordinates":[[11.60023,44.84182],[11.60041,44.84194]]},"properties":{}},{"type":"Feature","geometry":{"type":"LineString","coordinates":[[11.60409,44.84214],[11.60366,44.84162]]},"properties":{}},{"type":"Feature","geometry":{"type":"LineString","coordinates":[[11.60531,44.84209],[11.60606,44.84178],[11.60621,44.84178]]},"properties":{}},{"type":"Feature","geometry":{"type":"LineString","coordinates":[[11.59976,44.84204],[11.59983,44.84189]]},"properties":{}},{"type":"Feature","geometry":{"type":"LineString","coordinates":[[11.60041,44.84194],[11.60044,44.84202]]},"properties":{}},{"type":"Feature","geometry":{"type":"LineString","coordinates":[[11.60044,44.84202],[11.60042,44.84213]]},"properties":{}},{"type":"Feature","geometry":{"type":"LineString","coordinates":[[11.59981,44.84217],[11.59976,44.84204]]},"properties":{}},{"type":"Feature","geometry":{"type":"LineString","coordinates":[[11.60509,44.84213],[11.60513,44.84212]]},"properties":{}},{"type":"Feature","geometry":{"type":"LineString","coordinates":[[11.60512,44.84217],[11.60531,44.84209]]},"properties":{}},{"type":"Feature","geometry":{"type":"LineString","coordinates":[[11.62297,44.84219],[11.62306,44.84214],[11.62329,44.84211],[11.62339,44.84215]]},"properties":{}},{"type":"Feature","geometry":{"type":"LineString","coordinates":[[11.60042,44.84213],[11.60027,44.84226]]},"properties":{}},{"type":"Feature","geometry":{"type":"LineString","coordinates":[[11.62329,44.84216],[11.62321,44.84222],[11.62305,44.84223],[11.62294,44.8422]]},"properties":{}},{"type":"Feature","geometry":{"type":"LineString","coordinates":[[11.59997,44.84227],[11.59981,44.84217]]},"properties":{}},{"type":"Feature","geometry":{"type":"LineString","coordinates":[[11.60479,44.84236],[11.60482,44.8423],[11.60512,44.84217]]},"properties":{}},{"type":"Feature","geometry":{"type":"LineString","coordinates":[[11.60027,44.84226],[11.60021,44.84228]]},"properties":{}},{"type":"Feature","geometry":{"type":"LineString","coordinates":[[11.60079,44.84209],[11.60087,44.84213],[11.60088,44.84221],[11.60093,44.84224],[11.6014,44.84231],[11.60178,44.84245]]},"properties":{}},{"type":"Feature","geometry":{"type":"LineString","coordinates":[[11.60008,44.84229],[11.59997,44.84227]]},"properties":{}},{"type":"Feature","geometry":{"type":"LineString","coordinates":[[11.60021,44.84228],[11.60008,44.84229]]},"properties":{}},{"type":"Feature","geometry":{"type":"LineString","coordinates":[[11.59965,44.84241],[11.59976,44.84228],[11.59981,44.84217]]},"properties":{}},{"type":"Feature","geometry":{"type":"LineString","coordinates":[[11.60021,44.84228],[11.60017,44.84235]]},"properties":{}},{"type":"Feature","geometry":{"type":"LineString","coordinates":[[11.59997,44.84227],[11.59965,44.84241]]},"properties":{}},{"type":"Feature","geometry":{"type":"LineString","coordinates":[[11.60478,44.84236],[11.60479,44.84236]]},"properties":{}},{"type":"Feature","geometry":{"type":"LineString","coordinates":[[11.60462,44.84243],[11.60478,44.84236]]},"properties":{}},{"type":"Feature","geometry":{"type":"LineString","coordinates":[[11.60444,44.8424],[11.60459,44.84244]]},"properties":{}},{"type":"Feature","geometry":{"type":"LineString","coordinates":[[11.60459,44.84244],[11.60462,44.84243]]},"properties":{}},{"type":"Feature","geometry":{"type":"LineString","coordinates":[[11.60017,44.84235],[11.60019,44.84239],[11.60026,44.84242],[11.60066,44.84235],[11.60104,44.84236],[11.60124,44.84239],[11.60171,44.84254]]},"properties":{}},{"type":"Feature","geometry":{"type":"LineString","coordinates":[[11.60402,44.84261],[11.60444,44.8424]]},"properties":{}},{"type":"Feature","geometry":{"type":"LineString","coordinates":[[11.59839,44.84416],[11.59837,44.84394],[11.5984,44.84375],[11.59858,44.84335],[11.59887,44.84303],[11.59965,44.84241]]},"properties":{}},{"type":"Feature","geometry":{"type":"LineString","coordinates":[[11.6081,44.84355],[11.60832,44.84343],[11.60838,44.84335],[11.60843,44.84318],[11.60864,44.84307]]},"properties":{}},{"type":"Feature","geometry":{"type":"LineString","coordinates":[[11.63587,44.84112],[11.63575,44.84095],[11.63564,44.84088]]},"properties":{}},{"type":"Feature","geometry":{"type":"LineString","coordinates":[[11.64261,44.84055],[11.64222,44.84224]]},"properties":{}},{"type":"Feature","geometry":{"type":"LineString","coordinates":[[11.65054,44.84284],[11.65064,44.84239],[11.65065,44.84221],[11.65047,44.84188],[11.65026,44.84158],[11.64966,44.84181],[11.64927,44.84133],[11.64931,44.84128],[11.64984,44.84107],[11.64963,44.8408]]},"properties":{}},{"type":"Feature","geometry":{"type":"LineString","coordinates":[[11.64222,44.84224],[11.64222,44.84231],[11.64229,44.84237],[11.64389,44.84258]]},"properties":{}},{"type":"Feature","geometry":{"type":"LineString","coordinates":[[11.65064,44.84285],[11.65046,44.84363]]},"properties":{}},{"type":"Feature","geometry":{"type":"LineString","coordinates":[[11.64573,44.84334],[11.64568,44.84333],[11.64552,44.84399],[11.64561,44.844],[11.64553,44.84437]]},"properties":{}},{"type":"Feature","geometry":{"type":"LineString","coordinates":[[11.63996,44.84201],[11.64,44.84201],[11.63988,44.84267],[11.63948,44.84461],[11.63952,44.84475],[11.63971,44.84491],[11.6399,44.84496],[11.6461,44.84571]]},"properties":{}},{"type":"Feature","geometry":{"type":"LineString","coordinates":[[11.65091,44.84288],[11.64794,44.84251],[11.6474,44.84487],[11.64744,44.84511],[11.64733,44.84555],[11.64731,44.8458],[11.64738,44.84589],[11.64753,44.8459],[11.64762,44.84586],[11.64781,44.84591]]},"properties":{}},{"type":"Feature","geometry":{"type":"LineString","coordinates":[[11.64638,44.84449],[11.64619,44.84447],[11.64614,44.84444]]},"properties":{}},{"type":"Feature","geometry":{"type":"LineString","coordinates":[[11.6522,44.84602],[11.6522,44.84611],[11.65106,44.84613],[11.65087,44.84611],[11.65067,44.84604],[11.65054,44.84584],[11.65034,44.8457],[11.65027,44.84561],[11.65044,44.84482],[11.65057,44.84467],[11.6505,44.84458],[11.65068,44.84381],[11.65082,44.8437],[11.65075,44.84355],[11.65091,44.84288]]},"properties":{}},{"type":"Feature","geometry":{"type":"LineString","coordinates":[[11.60516,44.84317],[11.60564,44.84341],[11.60586,44.84348],[11.60664,44.84362],[11.60727,44.84365],[11.6081,44.84355]]},"properties":{}},{"type":"Feature","geometry":{"type":"LineString","coordinates":[[11.60499,44.8434],[11.60487,44.84344]]},"properties":{}},{"type":"Feature","geometry":{"type":"LineString","coordinates":[[11.60429,44.84298],[11.60452,44.84326],[11.60482,44.84337],[11.60531,44.84401]]},"properties":{}},{"type":"Feature","geometry":{"type":"LineString","coordinates":[[11.60756,44.84381],[11.60703,44.84382],[11.60617,44.84372],[11.60547,44.84356],[11.60499,44.8434]]},"properties":{}},{"type":"Feature","geometry":{"type":"LineString","coordinates":[[11.60662,44.84379],[11.60664,44.84362]]},"properties":{}},{"type":"Feature","geometry":{"type":"LineString","coordinates":[[11.60912,44.84419],[11.60906,44.84397],[11.60903,44.84395],[11.60903,44.84366],[11.60915,44.8434],[11.60936,44.84324]]},"properties":{}},{"type":"Feature","geometry":{"type":"LineString","coordinates":[[11.61969,44.84396],[11.61957,44.84397]]},"properties":{}},{"type":"Feature","geometry":{"type":"LineString","coordinates":[[11.60912,44.84419],[11.60933,44.84415],[11.60955,44.84419],[11.6097,44.8441],[11.60972,44.84402],[11.6097,44.84393]]},"properties":{}},{"type":"Feature","geometry":{"type":"LineString","coordinates":[[11.61998,44.84334],[11.62,44.84334],[11.6206,44.84483]]},"properties":{}},{"type":"Feature","geometry":{"type":"LineString","coordinates":[[11.62,44.84493],[11.61952,44.84343]]},"properties":{}},{"type":"Feature","geometry":{"type":"LineString","coordinates":[[11.58167,44.84313],[11.58162,44.84313],[11.58155,44.84295]]},"properties":{}},{"type":"Feature","geometry":{"type":"LineString","coordinates":[[11.5817,44.84302],[11.58174,44.84312]]},"properties":{}},{"type":"Feature","geometry":{"type":"LineString","coordinates":[[11.58174,44.84312],[11.58175,44.84315]]},"properties":{}},{"type":"Feature","geometry":{"type":"LineString","coordinates":[[11.58175,44.84315],[11.58186,44.84347]]},"properties":{}},{"type":"Feature","geometry":{"type":"LineString","coordinates":[[11.58186,44.84347],[11.58188,44.84371],[11.58182,44.84393],[11.58167,44.84418],[11.58103,44.84475],[11.58074,44.84505],[11.58044,44.84547],[11.57946,44.84737]]},"properties":{}},{"type":"Feature","geometry":{"type":"LineString","coordinates":[[11.58133,44.84514],[11.58234,44.84529],[11.58237,44.84535],[11.58231,44.84578]]},"properties":{}},{"type":"Feature","geometry":{"type":"LineString","coordinates":[[11.58282,44.84632],[11.58297,44.84569]]},"properties":{}},{"type":"Feature","geometry":{"type":"LineString","coordinates":[[11.58413,44.84716],[11.584,44.84646],[11.58385,44.84646],[11.58386,44.84632],[11.58282,44.84632],[11.58216,44.84624],[11.58203,44.84689],[11.58199,44.84693],[11.58092,44.84713]]},"properties":{}},{"type":"Feature","geometry":{"type":"LineString","coordinates":[[11.57946,44.84737],[11.57925,44.84729],[11.57888,44.84703]]},"properties":{}},{"type":"Feature","geometry":{"type":"LineString","coordinates":[[11.58459,44.84715],[11.58575,44.84695],[11.58631,44.84694],[11.5866,44.847],[11.58718,44.84722],[11.58734,44.8473],[11.5873,44.84738],[11.58746,44.84743],[11.58799,44.8475],[11.59011,44.84757],[11.59244,44.84758],[11.59343,44.84755],[11.5951,44.84737],[11.59522,44.84722]]},"properties":{}},{"type":"Feature","geometry":{"type":"LineString","coordinates":[[11.60919,44.84458],[11.60895,44.84437]]},"properties":{}},{"type":"Feature","geometry":{"type":"LineString","coordinates":[[11.60912,44.84419],[11.60849,44.84481],[11.60846,44.8449],[11.60813,44.84511],[11.60732,44.84528]]},"properties":{}},{"type":"Feature","geometry":{"type":"LineString","coordinates":[[11.60827,44.84467],[11.60849,44.84481]]},"properties":{}},{"type":"Feature","geometry":{"type":"LineString","coordinates":[[11.60712,44.84507],[11.6077,44.84494],[11.60795,44.84473],[11.60821,44.84463]]},"properties":{}},{"type":"Feature","geometry":{"type":"LineString","coordinates":[[11.60723,44.84505],[11.60732,44.84528]]},"properties":{}},{"type":"Feature","geometry":{"type":"LineString","coordinates":[[11.59839,44.84416],[11.59868,44.84551],[11.59885,44.84655]]},"properties":{}},{"type":"Feature","geometry":{"type":"LineString","coordinates":[[11.61175,44.84594],[11.61183,44.84591]]},"properties":{}},{"type":"Feature","geometry":{"type":"LineString","coordinates":[[11.60732,44.84528],[11.60645,44.84544],[11.6063,44.84543],[11.60596,44.84547],[11.60315,44.84601],[11.60277,44.84615],[11.60154,44.84683]]},"properties":{}},{"type":"Feature","geometry":{"type":"LineString","coordinates":[[11.60955,44.84419],[11.61422,44.84793],[11.61429,44.84788]]},"properties":{}},{"type":"Feature","geometry":{"type":"LineString","coordinates":[[11.59576,44.84717],[11.59581,44.84715],[11.5958,44.84707],[11.59597,44.84705],[11.596,44.8472],[11.5961,44.84725],[11.59723,44.84708],[11.59738,44.84702],[11.59759,44.84703],[11.59871,44.84676],[11.59876,44.84674],[11.59876,44.84667],[11.59897,44.84663],[11.59901,44.84669],[11.59908,44.8467],[11.6058,44.84539],[11.60595,44.84532],[11.6063,44.84524]]},"properties":{}},{"type":"Feature","geometry":{"type":"LineString","coordinates":[[11.64594,44.84441],[11.64574,44.84516],[11.64604,44.84545],[11.64598,44.8457]]},"properties":{}},{"type":"Feature","geometry":{"type":"LineString","coordinates":[[11.64721,44.84582],[11.64729,44.84581],[11.64735,44.84575],[11.6475,44.84517],[11.64833,44.84526],[11.64832,44.8453]]},"properties":{}},{"type":"Feature","geometry":{"type":"LineString","coordinates":[[11.64721,44.84582],[11.6461,44.84571]]},"properties":{}},{"type":"Feature","geometry":{"type":"LineString","coordinates":[[11.64182,44.84541],[11.6418,44.84561],[11.64182,44.84564],[11.64188,44.84562],[11.6424,44.84643],[11.64334,44.84611],[11.64332,44.84607],[11.6435,44.84601],[11.64353,44.84605],[11.64389,44.84593],[11.64362,44.84556],[11.64254,44.84543]]},"properties":{}},{"type":"Feature","geometry":{"type":"LineString","coordinates":[[11.64954,44.84628],[11.64959,44.84614],[11.64953,44.84606],[11.64923,44.84608],[11.64781,44.84591]]},"properties":{}},{"type":"Feature","geometry":{"type":"LineString","coordinates":[[11.64264,44.84635],[11.64272,44.84647]]},"properties":{}},{"type":"Feature","geometry":{"type":"LineString","coordinates":[[11.66126,44.84643],[11.66184,44.84662]]},"properties":{}},{"type":"Feature","geometry":{"type":"LineString","coordinates":[[11.65671,44.84644],[11.6601,44.84697],[11.66026,44.8466],[11.661,44.84681],[11.66105,44.8467],[11.66112,44.84672]]},"properties":{}},{"type":"Feature","geometry":{"type":"LineString","coordinates":[[11.66188,44.84653],[11.66164,44.84719],[11.66168,44.8473],[11.6631,44.84768]]},"properties":{}},{"type":"Feature","geometry":{"type":"LineString","coordinates":[[11.64392,44.84607],[11.63923,44.84762],[11.63899,44.84827]]},"properties":{}},{"type":"Feature","geometry":{"type":"LineString","coordinates":[[11.61218,44.84628],[11.61225,44.84624]]},"properties":{}},{"type":"Feature","geometry":{"type":"LineString","coordinates":[[11.61408,44.8485],[11.61276,44.84735],[11.61268,44.84719],[11.61109,44.8459],[11.61059,44.84553],[11.60998,44.84501],[11.6096,44.84472],[11.60947,44.8448]]},"properties":{}},{"type":"Feature","geometry":{"type":"LineString","coordinates":[[11.59878,44.84695],[11.5987,44.84684]]},"properties":{}},{"type":"Feature","geometry":{"type":"LineString","coordinates":[[11.599,44.84693],[11.5989,44.84697],[11.59878,44.84695]]},"properties":{}},{"type":"Feature","geometry":{"type":"LineString","coordinates":[[11.59899,44.84712],[11.59878,44.84695]]},"properties":{}},{"type":"Feature","geometry":{"type":"LineString","coordinates":[[11.60154,44.84683],[11.60076,44.84726]]},"properties":{}},{"type":"Feature","geometry":{"type":"LineString","coordinates":[[11.61471,44.84659],[11.61492,44.84733],[11.61489,44.84755],[11.61482,44.84767]]},"properties":{}},{"type":"Feature","geometry":{"type":"LineString","coordinates":[[11.59522,44.84722],[11.59576,44.84717]]},"properties":{}},{"type":"Feature","geometry":{"type":"LineString","coordinates":[[11.59902,44.84729],[11.59899,44.84712]]},"properties":{}},{"type":"Feature","geometry":{"type":"LineString","coordinates":[[11.59901,44.84669],[11.59913,44.84681],[11.59913,44.84686],[11.59905,44.84695],[11.59919,44.84767],[11.5994,44.84789],[11.5993,44.84795],[11.59926,44.84803]]},"properties":{}},{"type":"Feature","geometry":{"type":"LineString","coordinates":[[11.57888,44.84703],[11.57861,44.84706],[11.57802,44.84729],[11.57673,44.84734],[11.57663,44.84739],[11.57543,44.84758],[11.57523,44.84756]]},"properties":{}},{"type":"Feature","geometry":{"type":"LineString","coordinates":[[11.58143,44.84756],[11.58147,44.84752],[11.58142,44.8471]]},"properties":{}},{"type":"Feature","geometry":{"type":"LineString","coordinates":[[11.58003,44.84746],[11.58015,44.84753],[11.58103,44.84758],[11.58124,44.84755],[11.58201,44.84763],[11.58252,44.84759],[11.58377,44.84732],[11.58393,44.84728],[11.58397,44.84724],[11.58396,44.84719],[11.58413,44.84716],[11.58419,44.84723],[11.58459,44.84715]]},"properties":{}},{"type":"Feature","geometry":{"type":"LineString","coordinates":[[11.57946,44.84737],[11.58003,44.84746]]},"properties":{}},{"type":"Feature","geometry":{"type":"LineString","coordinates":[[11.57523,44.84756],[11.57492,44.84742],[11.57462,44.84743],[11.57435,44.84755],[11.57417,44.84778]]},"properties":{}},{"type":"Feature","geometry":{"type":"LineString","coordinates":[[11.59049,44.84783],[11.59065,44.84764]]},"properties":{}},{"type":"Feature","geometry":{"type":"LineString","coordinates":[[11.59065,44.84764],[11.5907,44.84777],[11.5906,44.84793]]},"properties":{}},{"type":"Feature","geometry":{"type":"LineString","coordinates":[[11.59039,44.84812],[11.59049,44.84783]]},"properties":{}},{"type":"Feature","geometry":{"type":"LineString","coordinates":[[11.5906,44.84793],[11.59039,44.84812]]},"properties":{}},{"type":"Feature","geometry":{"type":"LineString","coordinates":[[11.57417,44.84778],[11.57408,44.84783],[11.57335,44.84799],[11.57179,44.84806],[11.57083,44.84816],[11.57031,44.84827],[11.56927,44.84839],[11.56852,44.84851],[11.56679,44.84899]]},"properties":{}},{"type":"Feature","geometry":{"type":"LineString","coordinates":[[11.60218,44.84783],[11.60131,44.84696]]},"properties":{}},{"type":"Feature","geometry":{"type":"LineString","coordinates":[[11.59914,44.84793],[11.59902,44.84729]]},"properties":{}},{"type":"Feature","geometry":{"type":"LineString","coordinates":[[11.60076,44.84726],[11.60058,44.84738],[11.60047,44.8475],[11.60041,44.84762],[11.60042,44.84773],[11.60058,44.84801],[11.60103,44.84847]]},"properties":{}},{"type":"Feature","geometry":{"type":"LineString","coordinates":[[11.60218,44.84783],[11.60248,44.84814],[11.60266,44.84804]]},"properties":{}},{"type":"Feature","geometry":{"type":"LineString","coordinates":[[11.59926,44.84803],[11.59943,44.84888]]},"properties":{}},{"type":"Feature","geometry":{"type":"LineString","coordinates":[[11.59942,44.84932],[11.59914,44.84793]]},"properties":{}},{"type":"Feature","geometry":{"type":"LineString","coordinates":[[11.61429,44.84788],[11.61465,44.84806],[11.61633,44.8495],[11.61645,44.84954],[11.61687,44.84952]]},"properties":{}},{"type":"Feature","geometry":{"type":"LineString","coordinates":[[11.61408,44.8485],[11.61352,44.84878],[11.61348,44.84884],[11.61355,44.84892],[11.61337,44.84903]]},"properties":{}},{"type":"Feature","geometry":{"type":"LineString","coordinates":[[11.6332,44.84892],[11.6335,44.8489]]},"properties":{}},{"type":"Feature","geometry":{"type":"LineString","coordinates":[[11.61337,44.84903],[11.61309,44.84896],[11.61293,44.84898]]},"properties":{}},{"type":"Feature","geometry":{"type":"LineString","coordinates":[[11.6313,44.84897],[11.63156,44.84922],[11.63181,44.84934],[11.63197,44.84938],[11.63252,44.84925],[11.6332,44.84892]]},"properties":{}},{"type":"Feature","geometry":{"type":"LineString","coordinates":[[11.62411,44.84879],[11.62401,44.84887],[11.62378,44.84894],[11.62356,44.84893],[11.62007,44.84919],[11.62003,44.84923],[11.61994,44.84926],[11.61796,44.8494],[11.61794,44.84944],[11.61687,44.84952]]},"properties":{}},{"type":"Feature","geometry":{"type":"LineString","coordinates":[[11.60103,44.84847],[11.60148,44.84886],[11.60181,44.84905],[11.60254,44.84938],[11.60285,44.84959],[11.6031,44.84983],[11.60317,44.84983],[11.60343,44.84973]]},"properties":{}},{"type":"Feature","geometry":{"type":"LineString","coordinates":[[11.60364,44.84926],[11.60372,44.84913],[11.60351,44.84905]]},"properties":{}},{"type":"Feature","geometry":{"type":"LineString","coordinates":[[11.62041,44.84917],[11.62043,44.84933]]},"properties":{}},{"type":"Feature","geometry":{"type":"LineString","coordinates":[[11.63366,44.84915],[11.6333,44.84928],[11.63323,44.84948]]},"properties":{}},{"type":"Feature","geometry":{"type":"LineString","coordinates":[[11.62008,44.84984],[11.61993,44.84987],[11.61967,44.84999],[11.61938,44.84993],[11.61898,44.84996],[11.61855,44.85004],[11.61834,44.85001],[11.61822,44.85006],[11.61803,44.85003],[11.61767,44.85004],[11.61748,44.85007],[11.61729,44.85015],[11.61691,44.85011],[11.61639,44.85016],[11.61621,44.85027],[11.61597,44.85032],[11.61539,44.85027],[11.61503,44.85015],[11.61411,44.8494],[11.61404,44.84926],[11.61405,44.84911],[11.61407,44.84902],[11.61423,44.84881],[11.61424,44.84875],[11.61421,44.84863],[11.61408,44.8485]]},"properties":{}},{"type":"Feature","geometry":{"type":"LineString","coordinates":[[11.61277,44.84884],[11.61293,44.84898],[11.61296,44.84904],[11.61292,44.84914],[11.61075,44.8502],[11.61065,44.85009],[11.61069,44.85007],[11.61065,44.85002]]},"properties":{}},{"type":"Feature","geometry":{"type":"LineString","coordinates":[[11.63323,44.84948],[11.6332,44.8496]]},"properties":{}},{"type":"Feature","geometry":{"type":"LineString","coordinates":[[11.6332,44.8496],[11.63319,44.84965],[11.63304,44.84965]]},"properties":{}},{"type":"Feature","geometry":{"type":"LineString","coordinates":[[11.60998,44.85035],[11.609,44.84933]]},"properties":{}},{"type":"Feature","geometry":{"type":"LineString","coordinates":[[11.62034,44.84983],[11.62008,44.84984]]},"properties":{}},{"type":"Feature","geometry":{"type":"LineString","coordinates":[[11.62757,44.85019],[11.6281,44.85001],[11.63304,44.84965]]},"properties":{}},{"type":"Feature","geometry":{"type":"LineString","coordinates":[[11.59966,44.85059],[11.59942,44.84932]]},"properties":{}},{"type":"Feature","geometry":{"type":"LineString","coordinates":[[11.61554,44.8509],[11.6155,44.85075],[11.61541,44.85064],[11.61337,44.84903]]},"properties":{}},{"type":"Feature","geometry":{"type":"LineString","coordinates":[[11.60324,44.84981],[11.6033,44.84992],[11.6032,44.84995],[11.60338,44.85014],[11.60349,44.85016],[11.60373,44.85005]]},"properties":{}},{"type":"Feature","geometry":{"type":"LineString","coordinates":[[11.62078,44.8506],[11.62589,44.85021],[11.62757,44.85019]]},"properties":{}},{"type":"Feature","geometry":{"type":"LineString","coordinates":[[11.60681,44.85148],[11.60627,44.85087],[11.6062,44.85086],[11.60579,44.85106],[11.60425,44.84948],[11.60408,44.84942]]},"properties":{}},{"type":"Feature","geometry":{"type":"LineString","coordinates":[[11.63304,44.84965],[11.63237,44.85153]]},"properties":{}},{"type":"Feature","geometry":{"type":"LineString","coordinates":[[11.61003,44.85033],[11.61057,44.85092],[11.61124,44.85159]]},"properties":{}},{"type":"Feature","geometry":{"type":"LineString","coordinates":[[11.55125,44.84959],[11.55189,44.84927],[11.55235,44.84909],[11.55407,44.84872],[11.55441,44.84862],[11.55474,44.84849],[11.55498,44.84836],[11.55499,44.84839]]},"properties":{}},{"type":"Feature","geometry":{"type":"LineString","coordinates":[[11.59033,44.84819],[11.59044,44.84824],[11.59043,44.84826],[11.59011,44.84863],[11.58997,44.849],[11.5898,44.8492],[11.58948,44.84936],[11.58889,44.85004],[11.58875,44.84997]]},"properties":{}},{"type":"Feature","geometry":{"type":"LineString","coordinates":[[11.55172,44.85004],[11.55177,44.85001],[11.55196,44.85016],[11.55205,44.85017],[11.55348,44.84939],[11.55368,44.84934],[11.55421,44.8493],[11.5545,44.84924],[11.55465,44.84915],[11.55471,44.84905],[11.55466,44.84875],[11.55469,44.84863],[11.55465,44.84858]]},"properties":{}},{"type":"Feature","geometry":{"type":"LineString","coordinates":[[11.58817,44.85011],[11.58842,44.85015],[11.58863,44.85011]]},"properties":{}},{"type":"Feature","geometry":{"type":"LineString","coordinates":[[11.58832,44.85013],[11.58845,44.85031]]},"properties":{}},{"type":"Feature","geometry":{"type":"LineString","coordinates":[[11.58845,44.85031],[11.58829,44.8503],[11.58787,44.85016]]},"properties":{}},{"type":"Feature","geometry":{"type":"LineString","coordinates":[[11.5882,44.8506],[11.58821,44.85046],[11.58815,44.85015],[11.58817,44.85011]]},"properties":{}},{"type":"Feature","geometry":{"type":"LineString","coordinates":[[11.56849,44.85379],[11.5693,44.85368],[11.57244,44.85341],[11.57389,44.85323],[11.57646,44.85278],[11.57681,44.85271],[11.57709,44.85259],[11.57732,44.85247],[11.57766,44.85222],[11.57788,44.85197],[11.57845,44.85085],[11.57997,44.84761],[11.58086,44.84766],[11.58088,44.84758]]},"properties":{}},{"type":"Feature","geometry":{"type":"LineString","coordinates":[[11.58748,44.85127],[11.58784,44.851]]},"properties":{}},{"type":"Feature","geometry":{"type":"LineString","coordinates":[[11.58784,44.851],[11.58776,44.85121],[11.58777,44.85132]]},"properties":{}},{"type":"Feature","geometry":{"type":"LineString","coordinates":[[11.66257,44.84709],[11.66242,44.8475]]},"properties":{}},{"type":"Feature","geometry":{"type":"LineString","coordinates":[[11.65064,44.84627],[11.6504,44.84629],[11.65017,44.84637],[11.64904,44.84622],[11.64861,44.84627],[11.64696,44.84692],[11.64638,44.84719],[11.64551,44.84752],[11.64532,44.84768],[11.64519,44.84765],[11.64434,44.84796],[11.64428,44.84806],[11.64405,44.84808],[11.64317,44.84834],[11.64226,44.84851],[11.64128,44.84858],[11.6393,44.84861],[11.63867,44.84881],[11.63843,44.84874],[11.63832,44.84865],[11.63814,44.84864],[11.637,44.84897],[11.63611,44.84911],[11.63505,44.84914],[11.63415,44.84911],[11.63366,44.84915]]},"properties":{}},{"type":"Feature","geometry":{"type":"LineString","coordinates":[[11.63828,44.84864],[11.6383,44.84857],[11.63822,44.84844],[11.63858,44.84815],[11.63889,44.84818],[11.6391,44.84836],[11.63911,44.84854],[11.63918,44.84863]]},"properties":{}},{"type":"Feature","geometry":{"type":"LineString","coordinates":[[11.63822,44.84844],[11.63795,44.84857],[11.63789,44.84864]]},"properties":{}},{"type":"Feature","geometry":{"type":"LineString","coordinates":[[11.65196,44.85045],[11.65197,44.8505],[11.65208,44.85058],[11.65214,44.85073],[11.65214,44.85082],[11.6521,44.85094],[11.65176,44.85146],[11.6517,44.85205],[11.65178,44.8524],[11.6519,44.85265],[11.65191,44.85278],[11.65199,44.85279]]},"properties":{}},{"type":"Feature","geometry":{"type":"LineString","coordinates":[[11.63848,44.84874],[11.63772,44.85214],[11.63783,44.85215],[11.63773,44.85258],[11.63774,44.85271],[11.6378,44.85285],[11.63788,44.85294],[11.63984,44.85459]]},"properties":{}},{"type":"Feature","geometry":{"type":"LineString","coordinates":[[11.65175,44.85304],[11.65189,44.85286],[11.65191,44.85278]]},"properties":{}},{"type":"Feature","geometry":{"type":"LineString","coordinates":[[11.63237,44.85153],[11.63245,44.85155],[11.6365,44.85442],[11.63847,44.85448],[11.63972,44.85466],[11.63984,44.85459]]},"properties":{}},{"type":"Feature","geometry":{"type":"LineString","coordinates":[[11.63984,44.85459],[11.642,44.85642]]},"properties":{}},{"type":"Feature","geometry":{"type":"LineString","coordinates":[[11.642,44.85642],[11.64209,44.8565]]},"properties":{}},{"type":"Feature","geometry":{"type":"LineString","coordinates":[[11.59991,44.85187],[11.59966,44.85059]]},"properties":{}},{"type":"Feature","geometry":{"type":"LineString","coordinates":[[11.61124,44.85159],[11.61164,44.85197]]},"properties":{}},{"type":"Feature","geometry":{"type":"LineString","coordinates":[[11.61477,44.85364],[11.61554,44.8509]]},"properties":{}},{"type":"Feature","geometry":{"type":"LineString","coordinates":[[11.63237,44.85153],[11.63172,44.85323],[11.63169,44.85341]]},"properties":{}},{"type":"Feature","geometry":{"type":"LineString","coordinates":[[11.59991,44.85187],[11.60037,44.85419]]},"properties":{}},{"type":"Feature","geometry":{"type":"LineString","coordinates":[[11.59946,44.84904],[11.60136,44.85867]]},"properties":{}},{"type":"Feature","geometry":{"type":"LineString","coordinates":[[11.60023,44.85442],[11.60034,44.85433],[11.60037,44.85419]]},"properties":{}},{"type":"Feature","geometry":{"type":"LineString","coordinates":[[11.60037,44.85419],[11.60042,44.85446]]},"properties":{}},{"type":"Feature","geometry":{"type":"LineString","coordinates":[[11.59976,44.8544],[11.60006,44.85444],[11.60023,44.85442]]},"properties":{}},{"type":"Feature","geometry":{"type":"LineString","coordinates":[[11.60023,44.85442],[11.60042,44.85446]]},"properties":{}},{"type":"Feature","geometry":{"type":"LineString","coordinates":[[11.60042,44.85446],[11.60029,44.8545],[11.60008,44.85451]]},"properties":{}},{"type":"Feature","geometry":{"type":"LineString","coordinates":[[11.6005,44.85488],[11.60034,44.85467],[11.60022,44.85458],[11.60002,44.85448],[11.59976,44.8544]]},"properties":{}},{"type":"Feature","geometry":{"type":"LineString","coordinates":[[11.60042,44.85446],[11.6005,44.85488]]},"properties":{}},{"type":"Feature","geometry":{"type":"LineString","coordinates":[[11.61093,44.85708],[11.61143,44.85715],[11.61224,44.8543],[11.61186,44.85422],[11.61235,44.85248]]},"properties":{}},{"type":"Feature","geometry":{"type":"LineString","coordinates":[[11.61551,44.85083],[11.61571,44.85087],[11.6157,44.85101],[11.61479,44.85425],[11.61485,44.85432],[11.61479,44.85455],[11.6147,44.8546],[11.61452,44.85516],[11.6134,44.8591],[11.61331,44.85953],[11.61324,44.85969],[11.61312,44.85976]]},"properties":{}},{"type":"Feature","geometry":{"type":"LineString","coordinates":[[11.6005,44.85488],[11.60069,44.85578]]},"properties":{}},{"type":"Feature","geometry":{"type":"LineString","coordinates":[[11.61373,44.85725],[11.61462,44.85417],[11.61457,44.85406],[11.61461,44.85391],[11.61471,44.85383],[11.61477,44.85364]]},"properties":{}},{"type":"Feature","geometry":{"type":"LineString","coordinates":[[11.60747,44.85579],[11.60731,44.85639],[11.60816,44.85652]]},"properties":{}},{"type":"Feature","geometry":{"type":"LineString","coordinates":[[11.61143,44.85687],[11.61373,44.85725]]},"properties":{}},{"type":"Feature","geometry":{"type":"LineString","coordinates":[[11.61373,44.85725],[11.61392,44.85727]]},"properties":{}},{"type":"Feature","geometry":{"type":"LineString","coordinates":[[11.61259,44.85942],[11.61261,44.85938],[11.61295,44.85926],[11.61319,44.85909],[11.61323,44.85902],[11.61373,44.85725]]},"properties":{}},{"type":"Feature","geometry":{"type":"LineString","coordinates":[[11.60799,44.85917],[11.60807,44.85943],[11.60817,44.85963],[11.60824,44.85969],[11.60847,44.85979],[11.60891,44.85986]]},"properties":{}},{"type":"Feature","geometry":{"type":"LineString","coordinates":[[11.60703,44.8519],[11.60671,44.85213],[11.60662,44.85228],[11.60637,44.85309],[11.60617,44.85351],[11.60603,44.85412],[11.6052,44.85664],[11.60513,44.85678],[11.60463,44.85831],[11.60403,44.85999],[11.60405,44.86035],[11.60391,44.86078],[11.60367,44.86103],[11.60291,44.86314],[11.60282,44.86322],[11.6027,44.86353],[11.60249,44.86365],[11.60231,44.86417],[11.60239,44.8643],[11.60241,44.86441],[11.60197,44.86556],[11.60186,44.86573],[11.60165,44.86649],[11.60172,44.86676],[11.60177,44.86742],[11.60177,44.86816],[11.60181,44.86834],[11.60187,44.86842],[11.60233,44.86862]]},"properties":{}},{"type":"Feature","geometry":{"type":"LineString","coordinates":[[11.60372,44.8607],[11.60347,44.86065],[11.6034,44.86057]]},"properties":{}},{"type":"Feature","geometry":{"type":"LineString","coordinates":[[11.60136,44.85867],[11.60217,44.86273]]},"properties":{}},{"type":"Feature","geometry":{"type":"LineString","coordinates":[[11.60695,44.86201],[11.60709,44.86158],[11.60726,44.86133],[11.60741,44.86136]]},"properties":{}},{"type":"Feature","geometry":{"type":"LineString","coordinates":[[11.60691,44.86213],[11.60716,44.86218]]},"properties":{}},{"type":"Feature","geometry":{"type":"LineString","coordinates":[[11.60741,44.86136],[11.60686,44.86317]]},"properties":{}},{"type":"Feature","geometry":{"type":"LineString","coordinates":[[11.6067,44.86273],[11.60692,44.86211]]},"properties":{}},{"type":"Feature","geometry":{"type":"LineString","coordinates":[[11.60224,44.86287],[11.60247,44.86284],[11.60265,44.86269]]},"properties":{}},{"type":"Feature","geometry":{"type":"LineString","coordinates":[[11.55023,44.85119],[11.55037,44.85119],[11.55101,44.8514],[11.55165,44.85154],[11.55324,44.85152],[11.55339,44.85145]]},"properties":{}},{"type":"Feature","geometry":{"type":"LineString","coordinates":[[11.58781,44.85136],[11.58829,44.85154]]},"properties":{}},{"type":"Feature","geometry":{"type":"LineString","coordinates":[[11.55263,44.85153],[11.55264,44.85159],[11.55347,44.85156],[11.55346,44.8515]]},"properties":{}},{"type":"Feature","geometry":{"type":"LineString","coordinates":[[11.58829,44.85154],[11.588,44.85153],[11.58779,44.8516]]},"properties":{}},{"type":"Feature","geometry":{"type":"LineString","coordinates":[[11.58715,44.8518],[11.58733,44.85159]]},"properties":{}},{"type":"Feature","geometry":{"type":"LineString","coordinates":[[11.58753,44.85167],[11.58735,44.85171],[11.58715,44.8518]]},"properties":{}},{"type":"Feature","geometry":{"type":"LineString","coordinates":[[11.56817,44.85386],[11.56849,44.85379]]},"properties":{}},{"type":"Feature","geometry":{"type":"LineString","coordinates":[[11.56766,44.85409],[11.56785,44.85396],[11.56817,44.85386]]},"properties":{}},{"type":"Feature","geometry":{"type":"LineString","coordinates":[[11.54422,44.85938],[11.55133,44.85758],[11.5544,44.85686],[11.56636,44.85389]]},"properties":{}},{"type":"Feature","geometry":{"type":"LineString","coordinates":[[11.57569,44.86651],[11.57575,44.86667],[11.57592,44.86683],[11.58367,44.87123],[11.58384,44.87135],[11.58392,44.87145]]},"properties":{}},{"type":"Feature","geometry":{"type":"LineString","coordinates":[[11.60692,44.86299],[11.60671,44.86298],[11.60666,44.86286],[11.60673,44.86271],[11.607,44.86275]]},"properties":{}},{"type":"Feature","geometry":{"type":"LineString","coordinates":[[11.60206,44.86274],[11.60215,44.86283],[11.60246,44.86297],[11.60253,44.86307]]},"properties":{}},{"type":"Feature","geometry":{"type":"LineString","coordinates":[[11.60253,44.86307],[11.60229,44.86307],[11.60216,44.86301],[11.60206,44.86274]]},"properties":{}},{"type":"Feature","geometry":{"type":"LineString","coordinates":[[11.60217,44.86273],[11.60225,44.86281],[11.60247,44.86279],[11.60251,44.86275],[11.60272,44.86279],[11.60269,44.86291],[11.60271,44.86299],[11.60279,44.86305],[11.60292,44.86309]]},"properties":{}},{"type":"Feature","geometry":{"type":"LineString","coordinates":[[11.60235,44.86354],[11.60236,44.8632],[11.60233,44.86314],[11.60216,44.86301]]},"properties":{}},{"type":"Feature","geometry":{"type":"LineString","coordinates":[[11.61051,44.86344],[11.60982,44.86337],[11.6097,44.86331],[11.60967,44.86321]]},"properties":{}},{"type":"Feature","geometry":{"type":"LineString","coordinates":[[11.6113,44.86337],[11.61101,44.86339]]},"properties":{}},{"type":"Feature","geometry":{"type":"LineString","coordinates":[[11.61101,44.86339],[11.61082,44.86341]]},"properties":{}},{"type":"Feature","geometry":{"type":"LineString","coordinates":[[11.6121,44.86344],[11.6113,44.86337]]},"properties":{}},{"type":"Feature","geometry":{"type":"LineString","coordinates":[[11.61082,44.86341],[11.61051,44.86344]]},"properties":{}},{"type":"Feature","geometry":{"type":"LineString","coordinates":[[11.60671,44.86298],[11.60669,44.86326],[11.60631,44.86457]]},"properties":{}},{"type":"Feature","geometry":{"type":"LineString","coordinates":[[11.60683,44.86328],[11.60611,44.86567]]},"properties":{}},{"type":"Feature","geometry":{"type":"LineString","coordinates":[[11.60596,44.86547],[11.60616,44.8655]]},"properties":{}},{"type":"Feature","geometry":{"type":"LineString","coordinates":[[11.60607,44.86506],[11.60573,44.86634]]},"properties":{}},{"type":"Feature","geometry":{"type":"LineString","coordinates":[[11.60581,44.86605],[11.60599,44.86608]]},"properties":{}},{"type":"Feature","geometry":{"type":"LineString","coordinates":[[11.60609,44.86576],[11.60555,44.86754]]},"properties":{}},{"type":"Feature","geometry":{"type":"LineString","coordinates":[[11.60551,44.86769],[11.60543,44.86794]]},"properties":{}},{"type":"Feature","geometry":{"type":"LineString","coordinates":[[11.60233,44.86862],[11.60224,44.8688]]},"properties":{}},{"type":"Feature","geometry":{"type":"LineString","coordinates":[[11.60203,44.86883],[11.60233,44.86862]]},"properties":{}},{"type":"Feature","geometry":{"type":"LineString","coordinates":[[11.60203,44.86883],[11.6021,44.8688],[11.60224,44.8688]]},"properties":{}},{"type":"Feature","geometry":{"type":"LineString","coordinates":[[11.60197,44.86889],[11.60203,44.86883]]},"properties":{}},{"type":"Feature","geometry":{"type":"LineString","coordinates":[[11.60224,44.8688],[11.60234,44.86885],[11.60241,44.86893]]},"properties":{}},{"type":"Feature","geometry":{"type":"LineString","coordinates":[[11.60146,44.86884],[11.60154,44.86891],[11.60167,44.86895],[11.60187,44.86894],[11.60197,44.86889]]},"properties":{}},{"type":"Feature","geometry":{"type":"LineString","coordinates":[[11.60224,44.8688],[11.6021,44.86904]]},"properties":{}},{"type":"Feature","geometry":{"type":"LineString","coordinates":[[11.6021,44.86904],[11.60204,44.86901],[11.60197,44.86889]]},"properties":{}},{"type":"Feature","geometry":{"type":"LineString","coordinates":[[11.60151,44.86925],[11.60172,44.86911],[11.60197,44.86889]]},"properties":{}},{"type":"Feature","geometry":{"type":"LineString","coordinates":[[11.6021,44.86904],[11.60193,44.86921]]},"properties":{}},{"type":"Feature","geometry":{"type":"LineString","coordinates":[[11.60233,44.86933],[11.60228,44.86916],[11.6021,44.86904]]},"properties":{}},{"type":"Feature","geometry":{"type":"LineString","coordinates":[[11.60193,44.86921],[11.60184,44.86924]]},"properties":{}},{"type":"Feature","geometry":{"type":"LineString","coordinates":[[11.60184,44.86924],[11.60151,44.86925]]},"properties":{}},{"type":"Feature","geometry":{"type":"LineString","coordinates":[[11.60233,44.86933],[11.60229,44.86927],[11.60221,44.86922],[11.60204,44.86919],[11.60193,44.86921]]},"properties":{}},{"type":"Feature","geometry":{"type":"LineString","coordinates":[[11.60184,44.86924],[11.60165,44.86934],[11.60154,44.86951]]},"properties":{}},{"type":"Feature","geometry":{"type":"LineString","coordinates":[[11.60493,44.871],[11.60527,44.87064]]},"properties":{}},{"type":"Feature","geometry":{"type":"LineString","coordinates":[[11.60509,44.87083],[11.60529,44.87084]]},"properties":{}},{"type":"Feature","geometry":{"type":"LineString","coordinates":[[11.60529,44.87084],[11.60525,44.8709],[11.60516,44.87093]]},"properties":{}},{"type":"Feature","geometry":{"type":"LineString","coordinates":[[11.60531,44.87098],[11.60516,44.87093],[11.60493,44.871]]},"properties":{}},{"type":"Feature","geometry":{"type":"LineString","coordinates":[[11.60595,44.87257],[11.60647,44.8733]]},"properties":{}},{"type":"Feature","geometry":{"type":"LineString","coordinates":[[11.60647,44.8733],[11.60755,44.87481]]},"properties":{}},{"type":"Feature","geometry":{"type":"LineString","coordinates":[[11.60755,44.87481],[11.60869,44.87639]]},"properties":{}},{"type":"Feature","geometry":{"type":"LineString","coordinates":[[11.60443,44.87633],[11.60456,44.87635],[11.60485,44.87649],[11.60517,44.87657],[11.60531,44.87664]]},"properties":{}},{"type":"Feature","geometry":{"type":"LineString","coordinates":[[11.64559,44.86019],[11.64626,44.85984],[11.64669,44.85967],[11.64694,44.85948],[11.6472,44.85933],[11.64746,44.85929],[11.6476,44.85924],[11.64776,44.85903],[11.64825,44.85872],[11.65053,44.85745],[11.65056,44.85741],[11.65119,44.85706],[11.65116,44.85703]]},"properties":{}},{"type":"Feature","geometry":{"type":"LineString","coordinates":[[11.68584,44.8619],[11.68584,44.86197],[11.68503,44.86194],[11.68252,44.86169],[11.68217,44.86188],[11.6821,44.86189],[11.68201,44.86196],[11.68202,44.862],[11.68225,44.86213],[11.68312,44.86245],[11.68307,44.86252]]},"properties":{}},{"type":"Feature","geometry":{"type":"LineString","coordinates":[[11.64209,44.8565],[11.64281,44.85727],[11.64278,44.85729],[11.64529,44.86004],[11.64543,44.86011],[11.64552,44.86009],[11.6456,44.86019],[11.6455,44.86023],[11.64548,44.86032],[11.64566,44.86106],[11.64574,44.86105],[11.64578,44.86116],[11.64579,44.86125],[11.64575,44.86131],[11.64622,44.86337],[11.64639,44.86379],[11.64665,44.86409],[11.64823,44.86531],[11.64839,44.86539],[11.64869,44.86545],[11.64871,44.86549],[11.64868,44.86554],[11.64837,44.86574],[11.64837,44.86584],[11.64905,44.86614],[11.64985,44.86684],[11.64991,44.86695],[11.64996,44.86749],[11.65001,44.86758],[11.65004,44.86811],[11.64998,44.86815],[11.64998,44.8682]]},"properties":{}},{"type":"Feature","geometry":{"type":"LineString","coordinates":[[11.68653,44.86295],[11.68654,44.86291],[11.68626,44.86288],[11.68618,44.86282],[11.6863,44.86203],[11.68642,44.86201],[11.68762,44.86213]]},"properties":{}},{"type":"Feature","geometry":{"type":"LineString","coordinates":[[11.64998,44.8682],[11.64998,44.86828]]},"properties":{}},{"type":"Feature","geometry":{"type":"LineString","coordinates":[[11.64998,44.86828],[11.64983,44.87379],[11.64986,44.87394],[11.64981,44.87464]]},"properties":{}},{"type":"Feature","geometry":{"type":"LineString","coordinates":[[11.64981,44.87464],[11.64975,44.87734],[11.64965,44.88014],[11.6497,44.88267],[11.64968,44.88285],[11.64973,44.88309],[11.64982,44.88723],[11.64985,44.88725],[11.65001,44.88726],[11.65003,44.88743]]},"properties":{}},{"type":"Feature","geometry":{"type":"LineString","coordinates":[[11.65003,44.88743],[11.65002,44.8875]]},"properties":{}},{"type":"Feature","geometry":{"type":"LineString","coordinates":[[11.64813,44.89343],[11.64824,44.89418],[11.64827,44.89425]]},"properties":{}},{"type":"Feature","geometry":{"type":"LineString","coordinates":[[11.6479,44.89494],[11.648,44.89481],[11.64817,44.89437],[11.64827,44.89425],[11.64886,44.89401]]},"properties":{}},{"type":"Feature","geometry":{"type":"LineString","coordinates":[[11.60471,44.87672],[11.6048,44.87664],[11.60499,44.87658],[11.60531,44.87664]]},"properties":{}},{"type":"Feature","geometry":{"type":"LineString","coordinates":[[11.60531,44.87664],[11.60551,44.8768]]},"properties":{}},{"type":"Feature","geometry":{"type":"LineString","coordinates":[[11.60521,44.87747],[11.60496,44.87707]]},"properties":{}},{"type":"Feature","geometry":{"type":"LineString","coordinates":[[11.60869,44.87639],[11.61014,44.8784]]},"properties":{}},{"type":"Feature","geometry":{"type":"LineString","coordinates":[[11.61209,44.87786],[11.61159,44.87716],[11.61156,44.87717]]},"properties":{}},{"type":"Feature","geometry":{"type":"LineString","coordinates":[[11.60496,44.87707],[11.60545,44.87765],[11.60616,44.87863]]},"properties":{}},{"type":"Feature","geometry":{"type":"LineString","coordinates":[[11.60642,44.87906],[11.60599,44.8786],[11.60521,44.87747]]},"properties":{}},{"type":"Feature","geometry":{"type":"LineString","coordinates":[[11.60616,44.87863],[11.60652,44.879]]},"properties":{}},{"type":"Feature","geometry":{"type":"LineString","coordinates":[[11.60595,44.87924],[11.60602,44.87898],[11.60599,44.8786]]},"properties":{}},{"type":"Feature","geometry":{"type":"LineString","coordinates":[[11.60595,44.87924],[11.60619,44.8791],[11.60642,44.87906]]},"properties":{}},{"type":"Feature","geometry":{"type":"LineString","coordinates":[[11.60642,44.87906],[11.60626,44.87919],[11.60607,44.87927]]},"properties":{}},{"type":"Feature","geometry":{"type":"LineString","coordinates":[[11.60652,44.879],[11.60706,44.87954]]},"properties":{}},{"type":"Feature","geometry":{"type":"LineString","coordinates":[[11.60607,44.87927],[11.60603,44.87928]]},"properties":{}},{"type":"Feature","geometry":{"type":"LineString","coordinates":[[11.60585,44.87936],[11.60595,44.87924]]},"properties":{}},{"type":"Feature","geometry":{"type":"LineString","coordinates":[[11.60603,44.87928],[11.60585,44.87936]]},"properties":{}},{"type":"Feature","geometry":{"type":"LineString","coordinates":[[11.60692,44.87956],[11.60648,44.87925],[11.60627,44.87923],[11.60607,44.87927]]},"properties":{}},{"type":"Feature","geometry":{"type":"LineString","coordinates":[[11.60751,44.88014],[11.60642,44.87906]]},"properties":{}},{"type":"Feature","geometry":{"type":"LineString","coordinates":[[11.60706,44.87954],[11.60736,44.87984]]},"properties":{}},{"type":"Feature","geometry":{"type":"LineString","coordinates":[[11.60736,44.87984],[11.60782,44.8803]]},"properties":{}},{"type":"Feature","geometry":{"type":"LineString","coordinates":[[11.59475,44.88083],[11.59769,44.87964],[11.59765,44.8796]]},"properties":{}},{"type":"Feature","geometry":{"type":"LineString","coordinates":[[11.60772,44.88034],[11.60751,44.88014]]},"properties":{}},{"type":"Feature","geometry":{"type":"LineString","coordinates":[[11.60751,44.88041],[11.60755,44.88031],[11.60751,44.88014]]},"properties":{}},{"type":"Feature","geometry":{"type":"LineString","coordinates":[[11.60751,44.88041],[11.60772,44.88034]]},"properties":{}},{"type":"Feature","geometry":{"type":"LineString","coordinates":[[11.60772,44.88034],[11.60767,44.88043],[11.60757,44.88046]]},"properties":{}},{"type":"Feature","geometry":{"type":"LineString","coordinates":[[11.60747,44.88046],[11.60751,44.88041]]},"properties":{}},{"type":"Feature","geometry":{"type":"LineString","coordinates":[[11.60757,44.88046],[11.60747,44.88046]]},"properties":{}},{"type":"Feature","geometry":{"type":"LineString","coordinates":[[11.60797,44.88059],[11.60772,44.88034]]},"properties":{}},{"type":"Feature","geometry":{"type":"LineString","coordinates":[[11.60797,44.88059],[11.60777,44.88049],[11.60757,44.88046]]},"properties":{}},{"type":"Feature","geometry":{"type":"LineString","coordinates":[[11.60782,44.8803],[11.60831,44.88079]]},"properties":{}},{"type":"Feature","geometry":{"type":"LineString","coordinates":[[11.60838,44.88098],[11.60797,44.88059]]},"properties":{}},{"type":"Feature","geometry":{"type":"LineString","coordinates":[[11.60831,44.88079],[11.60847,44.88095]]},"properties":{}},{"type":"Feature","geometry":{"type":"LineString","coordinates":[[11.60949,44.88248],[11.60936,44.88204],[11.60925,44.88186],[11.60838,44.88098]]},"properties":{}},{"type":"Feature","geometry":{"type":"LineString","coordinates":[[11.60847,44.88095],[11.60934,44.88183],[11.60954,44.8822],[11.60961,44.88249],[11.60963,44.88277],[11.6096,44.88295],[11.60937,44.88335]]},"properties":{}},{"type":"Feature","geometry":{"type":"LineString","coordinates":[[11.60944,44.88306],[11.6095,44.88285],[11.60949,44.88248]]},"properties":{}},{"type":"Feature","geometry":{"type":"LineString","coordinates":[[11.6096,44.88295],[11.60967,44.88307],[11.60976,44.88314]]},"properties":{}},{"type":"Feature","geometry":{"type":"LineString","coordinates":[[11.60939,44.88315],[11.60944,44.88306]]},"properties":{}},{"type":"Feature","geometry":{"type":"LineString","coordinates":[[11.60948,44.88318],[11.60976,44.88314]]},"properties":{}},{"type":"Feature","geometry":{"type":"LineString","coordinates":[[11.60967,44.88332],[11.60965,44.88327],[11.60967,44.8832],[11.60976,44.88314]]},"properties":{}},{"type":"Feature","geometry":{"type":"LineString","coordinates":[[11.60976,44.88314],[11.60977,44.88323],[11.60967,44.88332]]},"properties":{}},{"type":"Feature","geometry":{"type":"LineString","coordinates":[[11.60967,44.88332],[11.60948,44.88318]]},"properties":{}},{"type":"Feature","geometry":{"type":"LineString","coordinates":[[11.60967,44.88332],[11.60951,44.88331],[11.60937,44.88335]]},"properties":{}},{"type":"Feature","geometry":{"type":"LineString","coordinates":[[11.60889,44.8837],[11.60933,44.88327],[11.60939,44.88315]]},"properties":{}},{"type":"Feature","geometry":{"type":"LineString","coordinates":[[11.60764,44.8836],[11.60816,44.8839]]},"properties":{}},{"type":"Feature","geometry":{"type":"LineString","coordinates":[[11.60612,44.884],[11.60629,44.88386],[11.60764,44.8836]]},"properties":{}},{"type":"Feature","geometry":{"type":"LineString","coordinates":[[11.60937,44.88335],[11.6082,44.88442]]},"properties":{}},{"type":"Feature","geometry":{"type":"LineString","coordinates":[[11.60798,44.88451],[11.60889,44.8837]]},"properties":{}},{"type":"Feature","geometry":{"type":"LineString","coordinates":[[11.60816,44.8839],[11.60745,44.8845]]},"properties":{}},{"type":"Feature","geometry":{"type":"LineString","coordinates":[[11.60691,44.88447],[11.60612,44.884]]},"properties":{}},{"type":"Feature","geometry":{"type":"LineString","coordinates":[[11.60744,44.88451],[11.60691,44.88447]]},"properties":{}},{"type":"Feature","geometry":{"type":"LineString","coordinates":[[11.60745,44.8845],[11.60744,44.88451]]},"properties":{}},{"type":"Feature","geometry":{"type":"LineString","coordinates":[[11.60739,44.88467],[11.60778,44.8846],[11.60798,44.88451]]},"properties":{}},{"type":"Feature","geometry":{"type":"LineString","coordinates":[[11.6069,44.8846],[11.60739,44.88467]]},"properties":{}},{"type":"Feature","geometry":{"type":"LineString","coordinates":[[11.6082,44.88442],[11.60784,44.88476],[11.6077,44.88493]]},"properties":{}},{"type":"Feature","geometry":{"type":"LineString","coordinates":[[11.60762,44.8849],[11.60798,44.88451]]},"properties":{}},{"type":"Feature","geometry":{"type":"LineString","coordinates":[[11.60723,44.88485],[11.6069,44.8846]]},"properties":{}},{"type":"Feature","geometry":{"type":"LineString","coordinates":[[11.60739,44.88467],[11.60749,44.88474],[11.60762,44.8849]]},"properties":{}},{"type":"Feature","geometry":{"type":"LineString","coordinates":[[11.60762,44.8849],[11.60738,44.88489],[11.60723,44.88485]]},"properties":{}},{"type":"Feature","geometry":{"type":"LineString","coordinates":[[11.6077,44.88493],[11.60762,44.88508]]},"properties":{}},{"type":"Feature","geometry":{"type":"LineString","coordinates":[[11.60742,44.88526],[11.60735,44.88503],[11.60723,44.88485]]},"properties":{}},{"type":"Feature","geometry":{"type":"LineString","coordinates":[[11.60747,44.88526],[11.60762,44.8849]]},"properties":{}},{"type":"Feature","geometry":{"type":"LineString","coordinates":[[11.60762,44.88508],[11.60757,44.88525]]},"properties":{}},{"type":"Feature","geometry":{"type":"LineString","coordinates":[[11.60746,44.88538],[11.60742,44.88526]]},"properties":{}},{"type":"Feature","geometry":{"type":"LineString","coordinates":[[11.60747,44.88565],[11.60747,44.88526]]},"properties":{}},{"type":"Feature","geometry":{"type":"LineString","coordinates":[[11.60757,44.88525],[11.60759,44.88594]]},"properties":{}},{"type":"Feature","geometry":{"type":"LineString","coordinates":[[11.60759,44.88594],[11.60749,44.88577],[11.60747,44.88565]]},"properties":{}},{"type":"Feature","geometry":{"type":"LineString","coordinates":[[11.59491,44.88539],[11.59572,44.88518],[11.59612,44.88519],[11.60107,44.8869]]},"properties":{}},{"type":"Feature","geometry":{"type":"LineString","coordinates":[[11.58882,44.88725],[11.58904,44.88692],[11.58931,44.88678],[11.59491,44.88539]]},"properties":{}},{"type":"Feature","geometry":{"type":"LineString","coordinates":[[11.60837,44.89038],[11.6086,44.89037]]},"properties":{}},{"type":"Feature","geometry":{"type":"LineString","coordinates":[[11.6086,44.89037],[11.60837,44.89038]]},"properties":{}},{"type":"Feature","geometry":{"type":"LineString","coordinates":[[11.60837,44.89038],[11.60837,44.89046]]},"properties":{}},{"type":"Feature","geometry":{"type":"LineString","coordinates":[[11.60853,44.89039],[11.60837,44.89046],[11.6081,44.89051]]},"properties":{}},{"type":"Feature","geometry":{"type":"LineString","coordinates":[[11.6081,44.89051],[11.60821,44.89044],[11.60822,44.89039]]},"properties":{}},{"type":"Feature","geometry":{"type":"LineString","coordinates":[[11.62066,44.89189],[11.618,44.89116],[11.61738,44.89111],[11.61641,44.89087],[11.61627,44.89086],[11.616,44.89092],[11.61575,44.89093],[11.61564,44.89087],[11.61556,44.89075],[11.61539,44.89066],[11.61443,44.8905],[11.61396,44.89037]]},"properties":{}},{"type":"Feature","geometry":{"type":"LineString","coordinates":[[11.61735,44.8915],[11.61747,44.89158]]},"properties":{}},{"type":"Feature","geometry":{"type":"LineString","coordinates":[[11.61747,44.89158],[11.61751,44.89167],[11.61749,44.89174]]},"properties":{}},{"type":"Feature","geometry":{"type":"LineString","coordinates":[[11.61739,44.89188],[11.61738,44.8917],[11.61728,44.8916],[11.61639,44.8915]]},"properties":{}},{"type":"Feature","geometry":{"type":"LineString","coordinates":[[11.61821,44.8917],[11.61776,44.89165],[11.61758,44.89169],[11.61749,44.89174]]},"properties":{}},{"type":"Feature","geometry":{"type":"LineString","coordinates":[[11.61749,44.89174],[11.61739,44.89188]]},"properties":{}},{"type":"Feature","geometry":{"type":"LineString","coordinates":[[11.62014,44.89209],[11.62017,44.89208]]},"properties":{}},{"type":"Feature","geometry":{"type":"LineString","coordinates":[[11.6201,44.89209],[11.62014,44.89209]]},"properties":{}},{"type":"Feature","geometry":{"type":"LineString","coordinates":[[11.62033,44.89222],[11.62024,44.89224],[11.62008,44.89216],[11.62005,44.89212],[11.6201,44.89209]]},"properties":{}},{"type":"Feature","geometry":{"type":"LineString","coordinates":[[11.61732,44.89624],[11.61556,44.89782]]},"properties":{}},{"type":"Feature","geometry":{"type":"LineString","coordinates":[[11.61556,44.89782],[11.61555,44.89789],[11.61564,44.89799]]},"properties":{}},{"type":"Feature","geometry":{"type":"LineString","coordinates":[[11.61556,44.89782],[11.61533,44.898]]},"properties":{}},{"type":"Feature","geometry":{"type":"LineString","coordinates":[[11.63078,44.89861],[11.6312,44.8987],[11.63153,44.8987]]},"properties":{}},{"type":"Feature","geometry":{"type":"LineString","coordinates":[[11.63123,44.89896],[11.63106,44.89878],[11.63078,44.89861]]},"properties":{}},{"type":"Feature","geometry":{"type":"LineString","coordinates":[[11.60906,44.90064],[11.6091,44.90058],[11.60908,44.90052]]},"properties":{}},{"type":"Feature","geometry":{"type":"LineString","coordinates":[[11.60806,44.90098],[11.60797,44.90102]]},"properties":{}},{"type":"Feature","geometry":{"type":"LineString","coordinates":[[11.60752,44.9012],[11.6074,44.90124]]},"properties":{}},{"type":"Feature","geometry":{"type":"LineString","coordinates":[[11.60647,44.90657],[11.60654,44.9067],[11.60663,44.9068]]},"properties":{}},{"type":"Feature","geometry":{"type":"LineString","coordinates":[[11.60643,44.90687],[11.60647,44.90657]]},"properties":{}},{"type":"Feature","geometry":{"type":"LineString","coordinates":[[11.60686,44.90688],[11.60713,44.90688]]},"properties":{}},{"type":"Feature","geometry":{"type":"LineString","coordinates":[[11.60713,44.90688],[11.60689,44.90698]]},"properties":{}},{"type":"Feature","geometry":{"type":"LineString","coordinates":[[11.60669,44.90715],[11.60652,44.90714],[11.60642,44.90707],[11.60638,44.90697],[11.60645,44.90685],[11.60667,44.9068],[11.60686,44.90688],[11.60689,44.90698],[11.60687,44.90706],[11.60669,44.90715]]},"properties":{}},{"type":"Feature","geometry":{"type":"LineString","coordinates":[[11.60604,44.90753],[11.60635,44.90717],[11.60639,44.90703]]},"properties":{}},{"type":"Feature","geometry":{"type":"LineString","coordinates":[[11.60655,44.90715],[11.60642,44.90721],[11.60604,44.90753]]},"properties":{}},{"type":"Feature","geometry":{"type":"LineString","coordinates":[[11.60546,44.9082],[11.60536,44.90838],[11.6053,44.90871]]},"properties":{}},{"type":"Feature","geometry":{"type":"LineString","coordinates":[[11.60488,44.90868],[11.60507,44.90858],[11.60513,44.90858],[11.60523,44.90862],[11.6053,44.90871]]},"properties":{}},{"type":"Feature","geometry":{"type":"LineString","coordinates":[[11.60524,44.90888],[11.6052,44.90876],[11.60507,44.90861],[11.60512,44.90842]]},"properties":{}},{"type":"Feature","geometry":{"type":"LineString","coordinates":[[11.60524,44.90888],[11.6052,44.90879],[11.60512,44.90874],[11.60498,44.90873],[11.6049,44.90876]]},"properties":{}},{"type":"Feature","geometry":{"type":"LineString","coordinates":[[11.58489,44.8964],[11.58535,44.89315],[11.58542,44.8929],[11.58882,44.88725]]},"properties":{}},{"type":"Feature","geometry":{"type":"LineString","coordinates":[[11.57293,44.91301],[11.5732,44.9128],[11.57395,44.91176],[11.57554,44.91053],[11.57573,44.91034],[11.57587,44.91015],[11.57612,44.90959],[11.57686,44.90624],[11.57696,44.90596],[11.5772,44.90552],[11.57777,44.90475],[11.57861,44.90371],[11.57995,44.90269],[11.58018,44.90245],[11.58051,44.90203],[11.58154,44.90121],[11.58159,44.90105],[11.58136,44.90064],[11.58138,44.90047],[11.5815,44.9003],[11.58286,44.89907],[11.58347,44.89868],[11.58364,44.89853],[11.58423,44.89776],[11.58471,44.89722],[11.58476,44.89711],[11.58489,44.8964]]},"properties":{}},{"type":"Feature","geometry":{"type":"LineString","coordinates":[[11.58417,44.92097],[11.58379,44.92187]]},"properties":{}},{"type":"Feature","geometry":{"type":"LineString","coordinates":[[11.58379,44.92187],[11.58318,44.92166]]},"properties":{}},{"type":"Feature","geometry":{"type":"LineString","coordinates":[[11.53063,44.93266],[11.53217,44.93301],[11.53314,44.93315],[11.53374,44.93315],[11.53403,44.93308],[11.53436,44.93296],[11.53723,44.93173],[11.53915,44.93085],[11.54095,44.9298],[11.54238,44.92904],[11.54273,44.92877],[11.54538,44.92636],[11.54577,44.92597],[11.54582,44.92587],[11.54583,44.92572],[11.54541,44.92448],[11.54539,44.92432],[11.54546,44.92418],[11.54665,44.92334],[11.5478,44.92215],[11.54976,44.92024],[11.55043,44.91966],[11.55082,44.91939],[11.55107,44.91925],[11.55138,44.91916],[11.55686,44.918],[11.56901,44.9148],[11.56952,44.91463],[11.57095,44.91406],[11.57225,44.91342],[11.57293,44.91301]]},"properties":{}},{"type":"Feature","geometry":{"type":"LineString","coordinates":[[11.5822,44.92593],[11.5821,44.9258]]},"properties":{}},{"type":"Feature","geometry":{"type":"LineString","coordinates":[[11.58221,44.92577],[11.58232,44.92599]]},"properties":{}},{"type":"Feature","geometry":{"type":"LineString","coordinates":[[11.58232,44.92599],[11.5822,44.92593],[11.58189,44.92587]]},"properties":{}},{"type":"Feature","geometry":{"type":"LineString","coordinates":[[11.57807,44.92617],[11.57808,44.92622],[11.57805,44.92632],[11.57788,44.92639],[11.57772,44.92635],[11.57763,44.92625],[11.57768,44.92614],[11.57783,44.92607],[11.57797,44.92609],[11.57807,44.92617]]},"properties":{}},{"type":"Feature","geometry":{"type":"LineString","coordinates":[[11.55632,44.93439],[11.55676,44.93427]]},"properties":{}},{"type":"Feature","geometry":{"type":"LineString","coordinates":[[11.6053,44.90871],[11.60529,44.90903]]},"properties":{}},{"type":"Feature","geometry":{"type":"LineString","coordinates":[[11.60529,44.90903],[11.60524,44.90888]]},"properties":{}},{"type":"Feature","geometry":{"type":"LineString","coordinates":[[11.60051,44.91279],[11.60077,44.91284],[11.60102,44.91276]]},"properties":{}},{"type":"Feature","geometry":{"type":"LineString","coordinates":[[11.60082,44.91297],[11.60066,44.91297],[11.60051,44.91279],[11.60083,44.91296]]},"properties":{}},{"type":"Feature","geometry":{"type":"LineString","coordinates":[[11.60058,44.9132],[11.60062,44.91306],[11.60059,44.91291]]},"properties":{}},{"type":"Feature","geometry":{"type":"LineString","coordinates":[[11.59839,44.91549],[11.59838,44.91563],[11.59856,44.91576]]},"properties":{}},{"type":"Feature","geometry":{"type":"LineString","coordinates":[[11.59809,44.9157],[11.59821,44.91569]]},"properties":{}},{"type":"Feature","geometry":{"type":"LineString","coordinates":[[11.59821,44.91569],[11.59856,44.91576]]},"properties":{}},{"type":"Feature","geometry":{"type":"LineString","coordinates":[[11.59846,44.91581],[11.59831,44.91579],[11.5982,44.91574],[11.59819,44.91571]]},"properties":{}},{"type":"Feature","geometry":{"type":"LineString","coordinates":[[11.59856,44.91576],[11.59869,44.91579]]},"properties":{}},{"type":"Feature","geometry":{"type":"LineString","coordinates":[[11.59805,44.91584],[11.59781,44.91572]]},"properties":{}},{"type":"Feature","geometry":{"type":"LineString","coordinates":[[11.59869,44.91579],[11.59846,44.91581]]},"properties":{}},{"type":"Feature","geometry":{"type":"LineString","coordinates":[[11.59846,44.91581],[11.59805,44.91584]]},"properties":{}},{"type":"Feature","geometry":{"type":"LineString","coordinates":[[11.59738,44.91659],[11.59786,44.91678]]},"properties":{}},{"type":"Feature","geometry":{"type":"LineString","coordinates":[[11.59775,44.91684],[11.59728,44.91668]]},"properties":{}},{"type":"Feature","geometry":{"type":"LineString","coordinates":[[11.59286,44.92046],[11.5934,44.92047],[11.59378,44.92038]]},"properties":{}},{"type":"Feature","geometry":{"type":"LineString","coordinates":[[11.59378,44.92038],[11.59322,44.9207],[11.59308,44.92083]]},"properties":{}},{"type":"Feature","geometry":{"type":"LineString","coordinates":[[11.59286,44.92046],[11.59303,44.92055],[11.59311,44.92068],[11.59308,44.92083],[11.59302,44.9209],[11.59287,44.92098],[11.59267,44.92101],[11.59246,44.92095],[11.59236,44.92087],[11.5923,44.92072],[11.59232,44.92063],[11.5924,44.92053],[11.59259,44.92045],[11.59286,44.92046]]},"properties":{}},{"type":"Feature","geometry":{"type":"LineString","coordinates":[[11.59188,44.92111],[11.59223,44.92092],[11.59228,44.92088],[11.5923,44.92076]]},"properties":{}},{"type":"Feature","geometry":{"type":"LineString","coordinates":[[11.59261,44.921],[11.59228,44.92103],[11.59188,44.92111]]},"properties":{}},{"type":"Feature","geometry":{"type":"LineString","coordinates":[[11.50752,44.88159],[11.50754,44.88166]]},"properties":{}},{"type":"Feature","geometry":{"type":"LineString","coordinates":[[11.50754,44.88166],[11.50795,44.88334],[11.50788,44.88337]]},"properties":{}},{"type":"Feature","geometry":{"type":"LineString","coordinates":[[11.50016,44.93292],[11.5,44.93285]]},"properties":{}},{"type":"Feature","geometry":{"type":"LineString","coordinates":[[11.53063,44.93266],[11.52883,44.93236],[11.52741,44.93225],[11.5265,44.93223],[11.51705,44.93257],[11.51623,44.93266],[11.51494,44.93296],[11.51224,44.9339],[11.51189,44.93396],[11.51073,44.93383],[11.50977,44.93366],[11.50906,44.93351],[11.5074,44.93304],[11.50691,44.93295],[11.50109,44.93333],[11.50046,44.93333],[11.5,44.93328]]},"properties":{}},{"type":"Feature","geometry":{"type":"LineString","coordinates":[[11.54239,44.94258],[11.5422,44.9428]]},"properties":{}},{"type":"Feature","geometry":{"type":"LineString","coordinates":[[11.54216,44.94262],[11.5422,44.9428]]},"properties":{}},{"type":"Feature","geometry":{"type":"LineString","coordinates":[[11.54213,44.94283],[11.54208,44.94264]]},"properties":{}},{"type":"Feature","geometry":{"type":"LineString","coordinates":[[11.54213,44.94283],[11.54201,44.94273],[11.54188,44.94268]]},"properties":{}},{"type":"Feature","geometry":{"type":"LineString","coordinates":[[11.5422,44.9428],[11.54218,44.94304]]},"properties":{}},{"type":"Feature","geometry":{"type":"LineString","coordinates":[[11.54218,44.94304],[11.54213,44.94283]]},"properties":{}},{"type":"Feature","geometry":{"type":"LineString","coordinates":[[11.65002,44.8875],[11.64989,44.88903],[11.6499,44.88932],[11.64995,44.88949],[11.65011,44.88979],[11.65039,44.8901],[11.65187,44.89109],[11.65189,44.89113],[11.65311,44.89198],[11.65317,44.89198],[11.65327,44.89229],[11.65331,44.8927],[11.65342,44.89312],[11.65351,44.89332],[11.65382,44.89384],[11.65406,44.89413],[11.65423,44.89426],[11.65467,44.8945],[11.65512,44.89466],[11.6558,44.89483],[11.65617,44.89509],[11.65625,44.89506],[11.65677,44.89577],[11.65678,44.89587],[11.6572,44.89645],[11.65728,44.8965],[11.65737,44.8968],[11.65731,44.89687],[11.65737,44.89729],[11.65741,44.89732],[11.65758,44.89893],[11.65765,44.89906],[11.6587,44.90037],[11.65889,44.90076],[11.65892,44.90099],[11.65889,44.90157],[11.6588,44.90169]]},"properties":{}},{"type":"Feature","geometry":{"type":"LineString","coordinates":[[11.62455,44.88496],[11.62455,44.88506],[11.63219,44.8848],[11.63372,44.88476],[11.63402,44.88479],[11.63647,44.88555],[11.63984,44.88668],[11.64411,44.88848],[11.64458,44.88876],[11.64784,44.89218],[11.64796,44.89237],[11.64814,44.89288],[11.64813,44.89343],[11.64757,44.89686],[11.64768,44.89712],[11.64794,44.89755],[11.64799,44.89795],[11.64813,44.89848],[11.64831,44.89868],[11.65011,44.90014],[11.65123,44.90095],[11.65365,44.9024],[11.65504,44.9033],[11.65552,44.90352],[11.66049,44.90546],[11.66162,44.90586]]},"properties":{}},{"type":"Feature","geometry":{"type":"LineString","coordinates":[[11.65888,44.90249],[11.65879,44.90222],[11.6588,44.90169]]},"properties":{}},{"type":"Feature","geometry":{"type":"LineString","coordinates":[[11.65801,44.90214],[11.65767,44.90219]]},"properties":{}},{"type":"Feature","geometry":{"type":"LineString","coordinates":[[11.6591,44.90287],[11.65888,44.90249]]},"properties":{}},{"type":"Feature","geometry":{"type":"LineString","coordinates":[[11.6603,44.90539],[11.66068,44.90542],[11.66082,44.9054]]},"properties":{}},{"type":"Feature","geometry":{"type":"LineString","coordinates":[[11.67571,44.93233],[11.67445,44.93142],[11.67402,44.93102],[11.67192,44.92839],[11.6706,44.92664]]},"properties":{}},{"type":"Feature","geometry":{"type":"LineString","coordinates":[[11.55676,44.93427],[11.55652,44.93454]]},"properties":{}},{"type":"Feature","geometry":{"type":"LineString","coordinates":[[11.55586,44.93468],[11.55585,44.93461],[11.5559,44.93449],[11.55597,44.93443],[11.55614,44.93438],[11.55641,44.93443],[11.55647,44.93448],[11.55653,44.93459],[11.55647,44.93475],[11.55626,44.93485],[11.55604,44.93483],[11.5559,44.93474],[11.55586,44.93468]]},"properties":{}},{"type":"Feature","geometry":{"type":"LineString","coordinates":[[11.55557,44.93499],[11.5558,44.93478],[11.55586,44.93468]]},"properties":{}},{"type":"Feature","geometry":{"type":"LineString","coordinates":[[11.55604,44.93483],[11.55578,44.93489],[11.55557,44.93499]]},"properties":{}}]}