{"type":"FeatureCollection","features":[{"type":"Feature","geometry":{"type":"LineString","coordinates":[[11.87166,44.26029],[11.87192,44.26013],[11.87212,44.25992],[11.8722,44.25966],[11.87217,44.2595],[11.8721,44.25936],[11.87193,44.25921],[11.87164,44.25912],[11.87134,44.25894]]},"properties":{}},{"type":"Feature","geometry":{"type":"LineString","coordinates":[[11.87053,44.2595],[11.8707,44.25959],[11.87075,44.25971],[11.87081,44.25976],[11.87166,44.26029],[11.8726,44.26115],[11.87289,44.26152],[11.87328,44.26246],[11.87355,44.26286]]},"properties":{}},{"type":"Feature","geometry":{"type":"LineString","coordinates":[[11.87355,44.26286],[11.8738,44.26318],[11.87396,44.26325],[11.87411,44.26321],[11.87433,44.263]]},"properties":{}},{"type":"Feature","geometry":{"type":"LineString","coordinates":[[11.85153,44.27707],[11.85148,44.27704],[11.85147,44.27696],[11.8509,44.27648],[11.85071,44.27623],[11.85055,44.27594],[11.85048,44.27568],[11.85041,44.27474],[11.85048,44.27369],[11.8504,44.27343],[11.85034,44.27287],[11.8503,44.27267],[11.8502,44.27251],[11.84992,44.2722],[11.84834,44.27106],[11.84799,44.27086],[11.84687,44.27049],[11.84624,44.27023],[11.84584,44.27002],[11.8455,44.26978],[11.84424,44.2687],[11.84374,44.26839],[11.82719,44.25869]]},"properties":{}},{"type":"Feature","geometry":{"type":"LineString","coordinates":[[11.85337,44.27776],[11.8534,44.27769],[11.85337,44.27765],[11.85318,44.27761],[11.85295,44.2775],[11.8527,44.27752],[11.85253,44.27746],[11.85217,44.27726]]},"properties":{}},{"type":"Feature","geometry":{"type":"LineString","coordinates":[[11.91398,44.27428],[11.91346,44.27451],[11.91395,44.2751],[11.91414,44.27527],[11.91423,44.27529],[11.916,44.27725]]},"properties":{}},{"type":"Feature","geometry":{"type":"LineString","coordinates":[[11.89932,44.27882],[11.89938,44.27882],[11.89946,44.27892],[11.89963,44.27893],[11.90025,44.27881],[11.9008,44.27866],[11.90549,44.27679]]},"properties":{}},{"type":"Feature","geometry":{"type":"LineString","coordinates":[[11.89967,44.27925],[11.90069,44.27881],[11.90243,44.27815],[11.90415,44.27745]]},"properties":{}},{"type":"Feature","geometry":{"type":"LineString","coordinates":[[11.89932,44.27877],[11.89925,44.27871],[11.89914,44.27869],[11.89907,44.27872],[11.89902,44.2788],[11.89906,44.27887],[11.89918,44.27891],[11.89928,44.27888],[11.89932,44.27882]]},"properties":{}},{"type":"Feature","geometry":{"type":"LineString","coordinates":[[11.89952,44.27919],[11.8996,44.27914],[11.89938,44.27889],[11.89932,44.27877]]},"properties":{}},{"type":"Feature","geometry":{"type":"LineString","coordinates":[[11.89967,44.27925],[11.89951,44.2791]]},"properties":{}},{"type":"Feature","geometry":{"type":"LineString","coordinates":[[11.87392,44.26407],[11.87397,44.26369],[11.87395,44.26362],[11.87343,44.26292]]},"properties":{}},{"type":"Feature","geometry":{"type":"LineString","coordinates":[[11.87387,44.26428],[11.87392,44.26407]]},"properties":{}},{"type":"Feature","geometry":{"type":"LineString","coordinates":[[11.87386,44.26435],[11.87387,44.26428]]},"properties":{}},{"type":"Feature","geometry":{"type":"LineString","coordinates":[[11.87349,44.26852],[11.87351,44.26847],[11.87325,44.26794],[11.8732,44.26751],[11.87322,44.26717],[11.87343,44.26633],[11.87386,44.26435]]},"properties":{}},{"type":"Feature","geometry":{"type":"LineString","coordinates":[[11.87461,44.27366],[11.87473,44.27359],[11.87483,44.27325],[11.87495,44.27258],[11.87498,44.27211],[11.87493,44.27185],[11.87465,44.27111],[11.87363,44.26874],[11.87347,44.2686],[11.87349,44.26852]]},"properties":{}},{"type":"Feature","geometry":{"type":"LineString","coordinates":[[11.8749,44.2747],[11.87484,44.27461],[11.87474,44.27392],[11.87459,44.27378],[11.87461,44.27366]]},"properties":{}},{"type":"Feature","geometry":{"type":"LineString","coordinates":[[11.878,44.27757],[11.87749,44.27711],[11.87737,44.27714],[11.87664,44.27651]]},"properties":{}},{"type":"Feature","geometry":{"type":"LineString","coordinates":[[11.88256,44.27764],[11.8821,44.27728],[11.8818,44.27711]]},"properties":{}},{"type":"Feature","geometry":{"type":"LineString","coordinates":[[11.878,44.27757],[11.87854,44.27816]]},"properties":{}},{"type":"Feature","geometry":{"type":"LineString","coordinates":[[11.88345,44.27841],[11.88326,44.27829],[11.88254,44.2777],[11.88256,44.27764]]},"properties":{}},{"type":"Feature","geometry":{"type":"LineString","coordinates":[[11.85296,44.27816],[11.8527,44.27796],[11.85258,44.27793],[11.85251,44.27786],[11.85253,44.27779],[11.85245,44.2777],[11.85169,44.27714],[11.85153,44.27707]]},"properties":{}},{"type":"Feature","geometry":{"type":"LineString","coordinates":[[11.85335,44.27784],[11.85367,44.27792]]},"properties":{}},{"type":"Feature","geometry":{"type":"LineString","coordinates":[[11.85222,44.27808],[11.85219,44.27804]]},"properties":{}},{"type":"Feature","geometry":{"type":"LineString","coordinates":[[11.85306,44.27812],[11.85296,44.27816]]},"properties":{}},{"type":"Feature","geometry":{"type":"LineString","coordinates":[[11.85741,44.27865],[11.85329,44.27775],[11.85322,44.27778],[11.85316,44.27789],[11.85303,44.278],[11.85308,44.27811],[11.85306,44.27812]]},"properties":{}},{"type":"Feature","geometry":{"type":"LineString","coordinates":[[11.85399,44.27836],[11.85403,44.27828]]},"properties":{}},{"type":"Feature","geometry":{"type":"LineString","coordinates":[[11.85478,44.27861],[11.85483,44.27848]]},"properties":{}},{"type":"Feature","geometry":{"type":"LineString","coordinates":[[11.85324,44.27805],[11.85342,44.2781],[11.85352,44.27822],[11.8536,44.27827],[11.85399,44.27836],[11.85417,44.27852],[11.85442,44.2786],[11.85458,44.27863],[11.85478,44.27861],[11.85573,44.27882],[11.85632,44.27904]]},"properties":{}},{"type":"Feature","geometry":{"type":"LineString","coordinates":[[11.85342,44.27913],[11.85327,44.27906],[11.85243,44.27811],[11.85235,44.27806],[11.85224,44.27807],[11.84827,44.27922]]},"properties":{}},{"type":"Feature","geometry":{"type":"LineString","coordinates":[[11.85308,44.27811],[11.85337,44.27847],[11.85385,44.27897],[11.8542,44.27918]]},"properties":{}},{"type":"Feature","geometry":{"type":"LineString","coordinates":[[11.85342,44.27777],[11.85331,44.27791],[11.85323,44.27815],[11.8536,44.27853],[11.85379,44.27867],[11.85407,44.27898],[11.8543,44.27911],[11.85506,44.27939],[11.85588,44.27976]]},"properties":{}},{"type":"Feature","geometry":{"type":"LineString","coordinates":[[11.85878,44.2789],[11.85875,44.27894]]},"properties":{}},{"type":"Feature","geometry":{"type":"LineString","coordinates":[[11.85393,44.27901],[11.8539,44.27903]]},"properties":{}},{"type":"Feature","geometry":{"type":"LineString","coordinates":[[11.85741,44.27865],[11.85656,44.28002],[11.8565,44.28001],[11.85588,44.27976],[11.85666,44.27848]]},"properties":{}},{"type":"Feature","geometry":{"type":"LineString","coordinates":[[11.85589,44.27986],[11.85588,44.27988]]},"properties":{}},{"type":"Feature","geometry":{"type":"LineString","coordinates":[[11.8542,44.27918],[11.85783,44.28065]]},"properties":{}},{"type":"Feature","geometry":{"type":"LineString","coordinates":[[11.8565,44.28001],[11.85615,44.27995]]},"properties":{}},{"type":"Feature","geometry":{"type":"LineString","coordinates":[[11.85674,44.28211],[11.85632,44.28196],[11.85619,44.28189],[11.85529,44.28079],[11.85503,44.28057],[11.85558,44.27985]]},"properties":{}},{"type":"Feature","geometry":{"type":"LineString","coordinates":[[11.86473,44.28109],[11.86445,44.28102]]},"properties":{}},{"type":"Feature","geometry":{"type":"LineString","coordinates":[[11.86513,44.28187],[11.86501,44.28166],[11.86489,44.28159],[11.8647,44.28118],[11.86473,44.28109],[11.86519,44.28034]]},"properties":{}},{"type":"Feature","geometry":{"type":"LineString","coordinates":[[11.87855,44.27852],[11.87843,44.27822]]},"properties":{}},{"type":"Feature","geometry":{"type":"LineString","coordinates":[[11.88368,44.27861],[11.88345,44.27841]]},"properties":{}},{"type":"Feature","geometry":{"type":"LineString","coordinates":[[11.87874,44.27897],[11.87855,44.27852]]},"properties":{}},{"type":"Feature","geometry":{"type":"LineString","coordinates":[[11.8784,44.27908],[11.87847,44.27896],[11.87854,44.27892],[11.87923,44.27875],[11.87996,44.27865],[11.88004,44.2787]]},"properties":{}},{"type":"Feature","geometry":{"type":"LineString","coordinates":[[11.88335,44.27965],[11.8839,44.27888]]},"properties":{}},{"type":"Feature","geometry":{"type":"LineString","coordinates":[[11.87874,44.27897],[11.87915,44.28007]]},"properties":{}},{"type":"Feature","geometry":{"type":"LineString","coordinates":[[11.89306,44.27918],[11.89387,44.28012]]},"properties":{}},{"type":"Feature","geometry":{"type":"LineString","coordinates":[[11.8766,44.28045],[11.87619,44.2805],[11.8761,44.2804],[11.87599,44.28007],[11.87638,44.27985],[11.87657,44.27981],[11.87685,44.27965],[11.87722,44.27949],[11.87778,44.27936],[11.87793,44.27929],[11.87814,44.27926],[11.87831,44.2791],[11.8784,44.27908],[11.87847,44.2791],[11.87855,44.27917],[11.8789,44.2799],[11.8789,44.27997],[11.87885,44.28004],[11.87877,44.28007],[11.8766,44.28045]]},"properties":{}},{"type":"Feature","geometry":{"type":"LineString","coordinates":[[11.8789,44.2799],[11.87908,44.27987]]},"properties":{}},{"type":"Feature","geometry":{"type":"LineString","coordinates":[[11.88674,44.28233],[11.88666,44.28203],[11.88594,44.28099],[11.8856,44.28055],[11.88532,44.28042],[11.88534,44.28031],[11.88532,44.28029],[11.88483,44.27975],[11.88369,44.27869],[11.88368,44.27861]]},"properties":{}},{"type":"Feature","geometry":{"type":"LineString","coordinates":[[11.87086,44.28151],[11.87079,44.28143],[11.86416,44.28003]]},"properties":{}},{"type":"Feature","geometry":{"type":"LineString","coordinates":[[11.87949,44.28101],[11.87854,44.28123]]},"properties":{}},{"type":"Feature","geometry":{"type":"LineString","coordinates":[[11.88243,44.28171],[11.88004,44.28089],[11.87949,44.28101]]},"properties":{}},{"type":"Feature","geometry":{"type":"LineString","coordinates":[[11.87854,44.28123],[11.87816,44.28132],[11.87771,44.28149],[11.8775,44.28169]]},"properties":{}},{"type":"Feature","geometry":{"type":"LineString","coordinates":[[11.87101,44.28135],[11.87273,44.28171]]},"properties":{}},{"type":"Feature","geometry":{"type":"LineString","coordinates":[[11.88186,44.28186],[11.88189,44.28182],[11.88176,44.28167],[11.88145,44.28152],[11.88141,44.28145],[11.88143,44.28137]]},"properties":{}},{"type":"Feature","geometry":{"type":"LineString","coordinates":[[11.87273,44.28171],[11.87272,44.28185],[11.87247,44.28186],[11.87086,44.28151]]},"properties":{}},{"type":"Feature","geometry":{"type":"LineString","coordinates":[[11.87273,44.28171],[11.87626,44.28244],[11.87622,44.28251]]},"properties":{}},{"type":"Feature","geometry":{"type":"LineString","coordinates":[[11.8766,44.28305],[11.87682,44.28264]]},"properties":{}},{"type":"Feature","geometry":{"type":"LineString","coordinates":[[11.87688,44.28265],[11.8768,44.28284],[11.8766,44.28305]]},"properties":{}},{"type":"Feature","geometry":{"type":"LineString","coordinates":[[11.89951,44.2791],[11.89918,44.27925],[11.89922,44.2793],[11.89927,44.2793],[11.89952,44.27919]]},"properties":{}},{"type":"Feature","geometry":{"type":"LineString","coordinates":[[11.89712,44.28042],[11.89732,44.28026],[11.89759,44.28011],[11.89967,44.27925]]},"properties":{}},{"type":"Feature","geometry":{"type":"LineString","coordinates":[[11.89387,44.28012],[11.89391,44.28016]]},"properties":{}},{"type":"Feature","geometry":{"type":"LineString","coordinates":[[11.89779,44.28385],[11.89873,44.2844]]},"properties":{}},{"type":"Feature","geometry":{"type":"LineString","coordinates":[[11.8976,44.28475],[11.89788,44.28465],[11.89809,44.28466],[11.89823,44.2846]]},"properties":{}},{"type":"Feature","geometry":{"type":"LineString","coordinates":[[11.90121,44.28577],[11.90135,44.28566]]},"properties":{}},{"type":"Feature","geometry":{"type":"LineString","coordinates":[[11.89405,44.2873],[11.89428,44.28729],[11.89468,44.28703],[11.89535,44.28668],[11.89576,44.28652],[11.89629,44.28651],[11.89705,44.28656],[11.89734,44.28653],[11.89787,44.2864],[11.89864,44.28605],[11.89882,44.28605],[11.89894,44.28599],[11.89897,44.28589],[11.89892,44.28581],[11.89879,44.28572],[11.89776,44.28469],[11.89758,44.28454],[11.89744,44.28461]]},"properties":{}},{"type":"Feature","geometry":{"type":"LineString","coordinates":[[11.90022,44.28634],[11.90019,44.28621],[11.9001,44.2862]]},"properties":{}},{"type":"Feature","geometry":{"type":"LineString","coordinates":[[11.89734,44.28653],[11.89775,44.28667],[11.89778,44.28663]]},"properties":{}},{"type":"Feature","geometry":{"type":"LineString","coordinates":[[11.89598,44.28701],[11.89587,44.28694],[11.896,44.28676],[11.8959,44.28666],[11.8957,44.28654]]},"properties":{}},{"type":"Feature","geometry":{"type":"LineString","coordinates":[[11.78287,44.29439],[11.78347,44.29443],[11.78384,44.29451],[11.78521,44.29502],[11.78647,44.29598],[11.78664,44.29621],[11.78692,44.29651],[11.78694,44.2967],[11.78678,44.29687],[11.78533,44.29727],[11.78441,44.29744],[11.78381,44.29766],[11.78336,44.29804],[11.78323,44.29818]]},"properties":{}},{"type":"Feature","geometry":{"type":"LineString","coordinates":[[11.79482,44.30374],[11.79413,44.30441],[11.79375,44.30457],[11.79123,44.30491],[11.79056,44.30496],[11.79006,44.30496],[11.78961,44.30488],[11.78937,44.30476],[11.78921,44.30462],[11.78917,44.30445],[11.7892,44.30429],[11.78951,44.3039],[11.79026,44.3033],[11.79088,44.30254],[11.79094,44.30238],[11.79129,44.30204],[11.79225,44.30125],[11.79367,44.30021],[11.79391,44.29993],[11.79408,44.29931],[11.7939,44.29894],[11.79351,44.29833],[11.79316,44.29788],[11.79296,44.29771],[11.79275,44.29759],[11.79236,44.29749],[11.79192,44.29752],[11.79158,44.29763],[11.79137,44.2979],[11.79105,44.29884],[11.79097,44.29916],[11.7913,44.30058],[11.79105,44.3011],[11.79081,44.30131],[11.79042,44.30145],[11.79009,44.30153],[11.78678,44.30138],[11.78632,44.30131],[11.7855,44.30111],[11.78443,44.30054],[11.78426,44.3004],[11.78398,44.30007],[11.78377,44.29974],[11.78316,44.299],[11.7831,44.29874],[11.78312,44.2985],[11.78323,44.29818]]},"properties":{}},{"type":"Feature","geometry":{"type":"LineString","coordinates":[[11.79482,44.30374],[11.7962,44.3023],[11.79669,44.30192],[11.79762,44.30132],[11.79798,44.30119],[11.79828,44.30114],[11.79852,44.30116],[11.79876,44.30125],[11.80003,44.302],[11.80109,44.30281],[11.80117,44.30296],[11.80177,44.30487],[11.80202,44.30544],[11.80215,44.30594],[11.80219,44.30625],[11.80216,44.30669],[11.80206,44.30693],[11.80174,44.30741],[11.80141,44.30767],[11.80114,44.3078],[11.79981,44.30817]]},"properties":{}},{"type":"Feature","geometry":{"type":"LineString","coordinates":[[11.79947,44.31535],[11.79828,44.31386]]},"properties":{}},{"type":"Feature","geometry":{"type":"LineString","coordinates":[[11.79941,44.31699],[11.79886,44.31631],[11.79804,44.31541],[11.79663,44.31364]]},"properties":{}},{"type":"Feature","geometry":{"type":"LineString","coordinates":[[11.79954,44.31545],[11.79945,44.31542],[11.79947,44.31535],[11.79954,44.31534],[11.7996,44.31537],[11.7996,44.31541],[11.79954,44.31545]]},"properties":{}},{"type":"Feature","geometry":{"type":"LineString","coordinates":[[11.79945,44.31542],[11.79844,44.31584]]},"properties":{}},{"type":"Feature","geometry":{"type":"LineString","coordinates":[[11.79956,44.31545],[11.80029,44.31643]]},"properties":{}},{"type":"Feature","geometry":{"type":"LineString","coordinates":[[11.79248,44.31647],[11.79497,44.31575]]},"properties":{}},{"type":"Feature","geometry":{"type":"LineString","coordinates":[[11.80029,44.31643],[11.80092,44.31586],[11.80104,44.31581]]},"properties":{}},{"type":"Feature","geometry":{"type":"LineString","coordinates":[[11.80029,44.31643],[11.80057,44.31678]]},"properties":{}},{"type":"Feature","geometry":{"type":"LineString","coordinates":[[11.79054,44.31705],[11.79248,44.31647]]},"properties":{}},{"type":"Feature","geometry":{"type":"LineString","coordinates":[[11.80104,44.31581],[11.80349,44.31807]]},"properties":{}},{"type":"Feature","geometry":{"type":"LineString","coordinates":[[11.79835,44.3178],[11.79914,44.31878]]},"properties":{}},{"type":"Feature","geometry":{"type":"LineString","coordinates":[[11.94304,44.30624],[11.94312,44.30616]]},"properties":{}},{"type":"Feature","geometry":{"type":"LineString","coordinates":[[11.9425,44.30669],[11.94304,44.30624]]},"properties":{}},{"type":"Feature","geometry":{"type":"LineString","coordinates":[[11.9524,44.31148],[11.95256,44.3117],[11.95303,44.31202],[11.95354,44.31224],[11.95392,44.31246],[11.95447,44.3126],[11.95466,44.31272],[11.95521,44.31375],[11.95539,44.31377],[11.95575,44.3137],[11.95624,44.31371],[11.95685,44.31358],[11.957,44.3136],[11.95711,44.31367],[11.9572,44.31383],[11.95733,44.31421],[11.95752,44.31457],[11.95787,44.31508]]},"properties":{}},{"type":"Feature","geometry":{"type":"LineString","coordinates":[[11.95521,44.31375],[11.95625,44.31509]]},"properties":{}},{"type":"Feature","geometry":{"type":"LineString","coordinates":[[11.9559,44.31813],[11.9562,44.31812],[11.95663,44.31816],[11.95679,44.31813],[11.9576,44.31771],[11.9576,44.31765],[11.95752,44.31753],[11.95753,44.31747],[11.95791,44.31729]]},"properties":{}},{"type":"Feature","geometry":{"type":"LineString","coordinates":[[11.94382,44.37144],[11.94299,44.37023],[11.94262,44.37034]]},"properties":{}},{"type":"Feature","geometry":{"type":"LineString","coordinates":[[11.93259,44.3737],[11.93245,44.3741]]},"properties":{}},{"type":"Feature","geometry":{"type":"LineString","coordinates":[[12.0,44.25723],[11.99978,44.25739],[11.9996,44.25758],[11.99896,44.25851],[11.99878,44.25882],[11.99832,44.26081],[11.99816,44.26296],[11.99806,44.26318],[11.99785,44.26346],[11.99738,44.2639],[11.9965,44.26418],[11.99632,44.2642],[11.9934,44.26329],[11.99279,44.26313],[11.99263,44.26307],[11.9913,44.26229],[11.99106,44.26226],[11.99096,44.26229],[11.98984,44.26291],[11.98963,44.26298],[11.98854,44.26318],[11.9881,44.26335],[11.98393,44.2658],[11.98387,44.26588],[11.98389,44.26596],[11.98421,44.26619],[11.98469,44.26648],[11.98531,44.26676],[11.98561,44.26696],[11.98598,44.2673],[11.98616,44.26752],[11.98629,44.26774],[11.9865,44.26849],[11.98667,44.26888],[11.9884,44.27169],[11.98878,44.27223],[11.98949,44.27314],[11.99107,44.2745],[11.99139,44.27482],[11.99178,44.27526],[11.99235,44.27611],[11.99283,44.27699],[11.99323,44.27805],[11.99369,44.27899],[11.99631,44.28357],[11.99687,44.28477],[11.99754,44.28601],[11.99788,44.28637],[11.99822,44.28693],[11.99828,44.28737],[11.99853,44.28805],[11.99895,44.28987],[11.99936,44.2908],[12.0,44.29209]]},"properties":{}},{"type":"Feature","geometry":{"type":"LineString","coordinates":[[11.97288,44.30367],[11.97422,44.30499],[11.97303,44.30563]]},"properties":{}},{"type":"Feature","geometry":{"type":"LineString","coordinates":[[11.96728,44.40775],[11.967,44.40743],[11.96727,44.40699],[11.96668,44.40631],[11.96611,44.40619],[11.96592,44.40631],[11.96556,44.40647],[11.96546,44.40635],[11.9654,44.40637],[11.96528,44.40632],[11.96509,44.40631],[11.9649,44.40642],[11.96482,44.40658],[11.96443,44.40668],[11.96203,44.40668],[11.96183,44.40671],[11.96164,44.40687],[11.96152,44.40799],[11.96133,44.40816]]},"properties":{}},{"type":"Feature","geometry":{"type":"LineString","coordinates":[[11.93245,44.3741],[11.93238,44.37414]]},"properties":{}},{"type":"Feature","geometry":{"type":"LineString","coordinates":[[11.93676,44.37708],[11.93669,44.37687],[11.93652,44.37679],[11.93581,44.37681],[11.93514,44.37691],[11.93478,44.37689],[11.9345,44.37682],[11.93386,44.37642],[11.93371,44.37631],[11.93364,44.37611],[11.93369,44.37543],[11.93357,44.37516],[11.93326,44.37481],[11.93307,44.37448],[11.93286,44.37422],[11.93274,44.37415],[11.93245,44.3741]]},"properties":{}},{"type":"Feature","geometry":{"type":"LineString","coordinates":[[11.94526,44.37332],[11.94706,44.37581],[11.94916,44.37854]]},"properties":{}},{"type":"Feature","geometry":{"type":"LineString","coordinates":[[11.93854,44.37774],[11.93842,44.37757],[11.93776,44.37716],[11.93755,44.37693],[11.93726,44.37676],[11.93696,44.37762]]},"properties":{}},{"type":"Feature","geometry":{"type":"LineString","coordinates":[[11.93848,44.37813],[11.93854,44.37794],[11.93854,44.37774]]},"properties":{}},{"type":"Feature","geometry":{"type":"LineString","coordinates":[[11.94068,44.38096],[11.94036,44.38079],[11.94009,44.38056],[11.94013,44.38042],[11.93958,44.38012]]},"properties":{}},{"type":"Feature","geometry":{"type":"LineString","coordinates":[[11.93138,44.38158],[11.93253,44.38118]]},"properties":{}},{"type":"Feature","geometry":{"type":"LineString","coordinates":[[11.93282,44.38326],[11.93271,44.38318],[11.93168,44.38195],[11.93004,44.37982],[11.93001,44.37984]]},"properties":{}},{"type":"Feature","geometry":{"type":"LineString","coordinates":[[11.92999,44.38212],[11.92942,44.38176],[11.92938,44.38164]]},"properties":{}},{"type":"Feature","geometry":{"type":"LineString","coordinates":[[11.9312,44.38164],[11.93107,44.38159],[11.92956,44.3822]]},"properties":{}},{"type":"Feature","geometry":{"type":"LineString","coordinates":[[11.94164,44.38166],[11.94153,44.38182],[11.94166,44.38211],[11.94164,44.38213]]},"properties":{}},{"type":"Feature","geometry":{"type":"LineString","coordinates":[[11.93208,44.38242],[11.9321,44.38225],[11.93236,44.38188],[11.93246,44.38164],[11.93277,44.38154]]},"properties":{}},{"type":"Feature","geometry":{"type":"LineString","coordinates":[[11.94021,44.38234],[11.94035,44.38247]]},"properties":{}},{"type":"Feature","geometry":{"type":"LineString","coordinates":[[11.92956,44.3822],[11.92904,44.38157],[11.92836,44.382],[11.92772,44.38236],[11.92756,44.38248],[11.92726,44.38299],[11.9273,44.38327]]},"properties":{}},{"type":"Feature","geometry":{"type":"LineString","coordinates":[[11.93828,44.38318],[11.93714,44.38162],[11.93706,44.38157],[11.93695,44.38156],[11.93617,44.38187],[11.93429,44.38279],[11.9337,44.38305],[11.93338,44.38325],[11.93297,44.38335],[11.93294,44.3834],[11.93307,44.38359]]},"properties":{}},{"type":"Feature","geometry":{"type":"LineString","coordinates":[[11.94033,44.38234],[11.94019,44.38243],[11.9398,44.38253],[11.93865,44.38298],[11.93834,44.38315]]},"properties":{}},{"type":"Feature","geometry":{"type":"LineString","coordinates":[[11.92702,44.38287],[11.92658,44.38274]]},"properties":{}},{"type":"Feature","geometry":{"type":"LineString","coordinates":[[11.92662,44.38401],[11.92693,44.38411],[11.92773,44.38448],[11.92827,44.38462],[11.92883,44.38468],[11.92924,44.38466],[11.9337,44.38292],[11.93442,44.38261],[11.93611,44.38178],[11.9383,44.38096],[11.93852,44.38096],[11.93879,44.38105],[11.94013,44.38224],[11.94027,44.38228]]},"properties":{}},{"type":"Feature","geometry":{"type":"LineString","coordinates":[[11.92726,44.38311],[11.92702,44.38287]]},"properties":{}},{"type":"Feature","geometry":{"type":"LineString","coordinates":[[11.9273,44.38318],[11.92793,44.38348],[11.9287,44.38381],[11.92882,44.3838],[11.93037,44.38319],[11.92956,44.3822]]},"properties":{}},{"type":"Feature","geometry":{"type":"LineString","coordinates":[[11.9256,44.38333],[11.92558,44.38341]]},"properties":{}},{"type":"Feature","geometry":{"type":"LineString","coordinates":[[11.93294,44.3834],[11.93175,44.38383],[11.93164,44.38382]]},"properties":{}},{"type":"Feature","geometry":{"type":"LineString","coordinates":[[11.93834,44.38315],[11.93828,44.38318],[11.93927,44.38453],[11.93852,44.38503],[11.93771,44.38413],[11.9369,44.38308],[11.93714,44.38299],[11.93713,44.38288],[11.9367,44.3824],[11.93662,44.3824]]},"properties":{}},{"type":"Feature","geometry":{"type":"LineString","coordinates":[[11.93296,44.38365],[11.93384,44.38473]]},"properties":{}},{"type":"Feature","geometry":{"type":"LineString","coordinates":[[11.93094,44.38409],[11.93084,44.38419],[11.92906,44.38488],[11.92898,44.38498],[11.92897,44.38518]]},"properties":{}},{"type":"Feature","geometry":{"type":"LineString","coordinates":[[11.93841,44.38508],[11.93844,44.3851],[11.93827,44.38532]]},"properties":{}},{"type":"Feature","geometry":{"type":"LineString","coordinates":[[11.93827,44.38532],[11.93789,44.38555],[11.93723,44.38579]]},"properties":{}},{"type":"Feature","geometry":{"type":"LineString","coordinates":[[11.93929,44.38467],[11.93951,44.3849],[11.93995,44.38546],[11.93819,44.38627],[11.93806,44.38647],[11.93812,44.38659],[11.93823,44.38667]]},"properties":{}},{"type":"Feature","geometry":{"type":"LineString","coordinates":[[11.93659,44.38546],[11.93671,44.38545],[11.93696,44.3859]]},"properties":{}},{"type":"Feature","geometry":{"type":"LineString","coordinates":[[11.94412,44.3859],[11.94409,44.38593],[11.94455,44.38725]]},"properties":{}},{"type":"Feature","geometry":{"type":"LineString","coordinates":[[11.94422,44.38738],[11.9438,44.38683],[11.94326,44.38619],[11.94311,44.38621],[11.94228,44.38656]]},"properties":{}},{"type":"Feature","geometry":{"type":"LineString","coordinates":[[11.9438,44.38761],[11.94362,44.38736]]},"properties":{}},{"type":"Feature","geometry":{"type":"LineString","coordinates":[[11.94385,44.38763],[11.9438,44.38761]]},"properties":{}},{"type":"Feature","geometry":{"type":"LineString","coordinates":[[11.94463,44.38791],[11.94456,44.38783],[11.94445,44.3878],[11.94411,44.38798],[11.94385,44.38763],[11.94424,44.38745],[11.94422,44.38738],[11.94455,44.38725],[11.94469,44.38722],[11.94478,44.38748],[11.94481,44.38785],[11.94479,44.38813],[11.94465,44.38812]]},"properties":{}},{"type":"Feature","geometry":{"type":"LineString","coordinates":[[11.9438,44.38761],[11.94329,44.38781],[11.94309,44.38756]]},"properties":{}},{"type":"Feature","geometry":{"type":"LineString","coordinates":[[11.94404,44.38791],[11.94325,44.38837],[11.94311,44.38836],[11.94215,44.387],[11.94205,44.38699]]},"properties":{}},{"type":"Feature","geometry":{"type":"LineString","coordinates":[[11.94468,44.38788],[11.94463,44.38791],[11.94465,44.38799],[11.94468,44.39086]]},"properties":{}},{"type":"Feature","geometry":{"type":"LineString","coordinates":[[11.94473,44.39116],[11.94467,44.39124],[11.94461,44.39166],[11.94433,44.39231],[11.9441,44.39262],[11.94363,44.39311],[11.94356,44.39314],[11.94341,44.3931],[11.94329,44.39297],[11.94319,44.39302],[11.94334,44.3932],[11.94335,44.39326],[11.94334,44.39332],[11.94324,44.39343],[11.94232,44.39386],[11.94163,44.39413],[11.94118,44.39438]]},"properties":{}},{"type":"Feature","geometry":{"type":"LineString","coordinates":[[11.93425,44.41164],[11.93398,44.41122],[11.93387,44.41092],[11.93384,44.41062],[11.934,44.41108],[11.93432,44.41162]]},"properties":{}},{"type":"Feature","geometry":{"type":"LineString","coordinates":[[11.93432,44.41162],[11.93482,44.4123],[11.9349,44.41246],[11.93478,44.41235],[11.93425,44.41164]]},"properties":{}},{"type":"Feature","geometry":{"type":"LineString","coordinates":[[11.87142,44.28269],[11.86998,44.28376],[11.86925,44.28448]]},"properties":{}},{"type":"Feature","geometry":{"type":"LineString","coordinates":[[11.88742,44.28394],[11.88753,44.28413]]},"properties":{}},{"type":"Feature","geometry":{"type":"LineString","coordinates":[[11.88774,44.28405],[11.88769,44.28407]]},"properties":{}},{"type":"Feature","geometry":{"type":"LineString","coordinates":[[11.88753,44.28413],[11.88772,44.28422]]},"properties":{}},{"type":"Feature","geometry":{"type":"LineString","coordinates":[[11.88757,44.28428],[11.88753,44.28413]]},"properties":{}},{"type":"Feature","geometry":{"type":"LineString","coordinates":[[11.88757,44.28428],[11.88772,44.28422]]},"properties":{}},{"type":"Feature","geometry":{"type":"LineString","coordinates":[[11.88136,44.28442],[11.88156,44.28426]]},"properties":{}},{"type":"Feature","geometry":{"type":"LineString","coordinates":[[11.86925,44.28448],[11.86896,44.28453]]},"properties":{}},{"type":"Feature","geometry":{"type":"LineString","coordinates":[[11.89023,44.28512],[11.89042,44.28514]]},"properties":{}},{"type":"Feature","geometry":{"type":"LineString","coordinates":[[11.89041,44.28516],[11.89032,44.28519]]},"properties":{}},{"type":"Feature","geometry":{"type":"LineString","coordinates":[[11.86489,44.28159],[11.86468,44.28157],[11.86452,44.28161],[11.86444,44.28157],[11.86446,44.28151],[11.8646,44.28139],[11.86471,44.28124]]},"properties":{}},{"type":"Feature","geometry":{"type":"LineString","coordinates":[[11.85783,44.28065],[11.86494,44.28352]]},"properties":{}},{"type":"Feature","geometry":{"type":"LineString","coordinates":[[11.86186,44.28341],[11.8622,44.28353]]},"properties":{}},{"type":"Feature","geometry":{"type":"LineString","coordinates":[[11.86162,44.28511],[11.86205,44.28517],[11.86235,44.28525],[11.86269,44.28542]]},"properties":{}},{"type":"Feature","geometry":{"type":"LineString","coordinates":[[11.86208,44.2861],[11.86163,44.28601],[11.86132,44.28599]]},"properties":{}},{"type":"Feature","geometry":{"type":"LineString","coordinates":[[11.8605,44.28834],[11.86046,44.28828]]},"properties":{}},{"type":"Feature","geometry":{"type":"LineString","coordinates":[[11.86247,44.28798],[11.86315,44.28882]]},"properties":{}},{"type":"Feature","geometry":{"type":"LineString","coordinates":[[11.86095,44.28807],[11.86099,44.28813],[11.86023,44.28845],[11.86013,44.28855],[11.86013,44.28866],[11.8606,44.28929],[11.86064,44.28941],[11.86059,44.28943]]},"properties":{}},{"type":"Feature","geometry":{"type":"LineString","coordinates":[[11.86639,44.28878],[11.86637,44.28874],[11.86616,44.2888],[11.86603,44.28877],[11.86594,44.28881]]},"properties":{}},{"type":"Feature","geometry":{"type":"LineString","coordinates":[[11.86657,44.28905],[11.86619,44.2892]]},"properties":{}},{"type":"Feature","geometry":{"type":"LineString","coordinates":[[11.87023,44.28476],[11.87014,44.28494],[11.86947,44.2856],[11.86941,44.28562]]},"properties":{}},{"type":"Feature","geometry":{"type":"LineString","coordinates":[[11.88904,44.28399],[11.88915,44.28417],[11.89032,44.28519],[11.89173,44.28671]]},"properties":{}},{"type":"Feature","geometry":{"type":"LineString","coordinates":[[11.86916,44.28559],[11.86913,44.28561]]},"properties":{}},{"type":"Feature","geometry":{"type":"LineString","coordinates":[[11.88772,44.28422],[11.88848,44.28525],[11.88906,44.28615],[11.88928,44.28744],[11.88926,44.28755],[11.88916,44.28762],[11.88886,44.28767]]},"properties":{}},{"type":"Feature","geometry":{"type":"LineString","coordinates":[[11.89302,44.28575],[11.89299,44.28589],[11.89303,44.28595],[11.89321,44.28603],[11.89338,44.28623],[11.89357,44.28627],[11.89368,44.28623],[11.89382,44.28634],[11.89348,44.28657],[11.89349,44.28666],[11.89337,44.28674]]},"properties":{}},{"type":"Feature","geometry":{"type":"LineString","coordinates":[[11.89173,44.28671],[11.8918,44.28676],[11.8919,44.28677],[11.89236,44.28678]]},"properties":{}},{"type":"Feature","geometry":{"type":"LineString","coordinates":[[11.89236,44.28678],[11.89274,44.28675]]},"properties":{}},{"type":"Feature","geometry":{"type":"LineString","coordinates":[[11.88119,44.28663],[11.87915,44.28745]]},"properties":{}},{"type":"Feature","geometry":{"type":"LineString","coordinates":[[11.87074,44.28725],[11.87071,44.28726]]},"properties":{}},{"type":"Feature","geometry":{"type":"LineString","coordinates":[[11.87154,44.28807],[11.87153,44.28807]]},"properties":{}},{"type":"Feature","geometry":{"type":"LineString","coordinates":[[11.8802,44.28899],[11.87915,44.28745]]},"properties":{}},{"type":"Feature","geometry":{"type":"LineString","coordinates":[[11.87206,44.28843],[11.87202,44.28846]]},"properties":{}},{"type":"Feature","geometry":{"type":"LineString","coordinates":[[11.87227,44.28866],[11.87224,44.28868]]},"properties":{}},{"type":"Feature","geometry":{"type":"LineString","coordinates":[[11.87435,44.28925],[11.87407,44.28899],[11.87391,44.289]]},"properties":{}},{"type":"Feature","geometry":{"type":"LineString","coordinates":[[11.87276,44.28923],[11.87274,44.28924]]},"properties":{}},{"type":"Feature","geometry":{"type":"LineString","coordinates":[[11.88055,44.2894],[11.88054,44.28941]]},"properties":{}},{"type":"Feature","geometry":{"type":"LineString","coordinates":[[11.88042,44.28944],[11.88043,44.28944]]},"properties":{}},{"type":"Feature","geometry":{"type":"LineString","coordinates":[[11.88663,44.28942],[11.88692,44.28985]]},"properties":{}},{"type":"Feature","geometry":{"type":"LineString","coordinates":[[11.88478,44.29002],[11.88536,44.28984],[11.88625,44.28949]]},"properties":{}},{"type":"Feature","geometry":{"type":"LineString","coordinates":[[11.88528,44.28987],[11.88529,44.28988]]},"properties":{}},{"type":"Feature","geometry":{"type":"LineString","coordinates":[[11.89128,44.28996],[11.8914,44.28991],[11.89153,44.28997]]},"properties":{}},{"type":"Feature","geometry":{"type":"LineString","coordinates":[[11.88692,44.28985],[11.88711,44.29013]]},"properties":{}},{"type":"Feature","geometry":{"type":"LineString","coordinates":[[11.89153,44.28997],[11.89155,44.29003],[11.89151,44.29009]]},"properties":{}},{"type":"Feature","geometry":{"type":"LineString","coordinates":[[11.89151,44.29009],[11.89144,44.29012],[11.89132,44.29011],[11.89126,44.29006],[11.89128,44.28996]]},"properties":{}},{"type":"Feature","geometry":{"type":"LineString","coordinates":[[11.87156,44.29082],[11.87157,44.29082]]},"properties":{}},{"type":"Feature","geometry":{"type":"LineString","coordinates":[[11.87136,44.29091],[11.87139,44.2909]]},"properties":{}},{"type":"Feature","geometry":{"type":"LineString","coordinates":[[11.88087,44.29086],[11.88099,44.29104]]},"properties":{}},{"type":"Feature","geometry":{"type":"LineString","coordinates":[[11.8858,44.29202],[11.88588,44.29205],[11.8863,44.29205],[11.88653,44.292],[11.88779,44.29144]]},"properties":{}},{"type":"Feature","geometry":{"type":"LineString","coordinates":[[11.88195,44.29177],[11.88194,44.29178]]},"properties":{}},{"type":"Feature","geometry":{"type":"LineString","coordinates":[[11.8701,44.29173],[11.87032,44.29201]]},"properties":{}},{"type":"Feature","geometry":{"type":"LineString","coordinates":[[11.86478,44.28983],[11.86493,44.28972],[11.8651,44.28941],[11.86536,44.28919],[11.86578,44.28898],[11.86594,44.28881]]},"properties":{}},{"type":"Feature","geometry":{"type":"LineString","coordinates":[[11.86669,44.28997],[11.86594,44.28881]]},"properties":{}},{"type":"Feature","geometry":{"type":"LineString","coordinates":[[11.86411,44.2886],[11.86441,44.28898],[11.86369,44.28956],[11.86348,44.28979],[11.86335,44.29003],[11.86337,44.29012],[11.86349,44.29029]]},"properties":{}},{"type":"Feature","geometry":{"type":"LineString","coordinates":[[11.86327,44.28951],[11.86348,44.28979]]},"properties":{}},{"type":"Feature","geometry":{"type":"LineString","coordinates":[[11.86362,44.29044],[11.86371,44.29043],[11.86445,44.28978],[11.86459,44.28978],[11.8647,44.28979],[11.86478,44.28983],[11.86465,44.28996],[11.86459,44.29012],[11.86461,44.29024],[11.86476,44.29046]]},"properties":{}},{"type":"Feature","geometry":{"type":"LineString","coordinates":[[11.86349,44.29029],[11.86362,44.29044]]},"properties":{}},{"type":"Feature","geometry":{"type":"LineString","coordinates":[[11.8657,44.29199],[11.86567,44.292]]},"properties":{}},{"type":"Feature","geometry":{"type":"LineString","coordinates":[[11.86618,44.29255],[11.86616,44.29256]]},"properties":{}},{"type":"Feature","geometry":{"type":"LineString","coordinates":[[11.86412,44.29395],[11.86409,44.29396]]},"properties":{}},{"type":"Feature","geometry":{"type":"LineString","coordinates":[[11.8595,44.29572],[11.85963,44.29567]]},"properties":{}},{"type":"Feature","geometry":{"type":"LineString","coordinates":[[11.88202,44.29189],[11.882,44.29189]]},"properties":{}},{"type":"Feature","geometry":{"type":"LineString","coordinates":[[11.8822,44.29183],[11.8828,44.29272],[11.88283,44.29271]]},"properties":{}},{"type":"Feature","geometry":{"type":"LineString","coordinates":[[11.88281,44.29288],[11.88206,44.29179]]},"properties":{}},{"type":"Feature","geometry":{"type":"LineString","coordinates":[[11.88202,44.29189],[11.88262,44.29278],[11.88252,44.29284],[11.8824,44.29298],[11.88237,44.29306],[11.88239,44.29319]]},"properties":{}},{"type":"Feature","geometry":{"type":"LineString","coordinates":[[11.88648,44.29305],[11.88811,44.29241]]},"properties":{}},{"type":"Feature","geometry":{"type":"LineString","coordinates":[[11.88277,44.2929],[11.88281,44.29288]]},"properties":{}},{"type":"Feature","geometry":{"type":"LineString","coordinates":[[11.88232,44.29321],[11.88239,44.29319]]},"properties":{}},{"type":"Feature","geometry":{"type":"LineString","coordinates":[[11.87748,44.29405],[11.87685,44.29433],[11.87629,44.29443],[11.87613,44.29455]]},"properties":{}},{"type":"Feature","geometry":{"type":"LineString","coordinates":[[11.88398,44.29495],[11.88418,44.29522]]},"properties":{}},{"type":"Feature","geometry":{"type":"LineString","coordinates":[[11.88754,44.29591],[11.88725,44.29598],[11.88717,44.29604]]},"properties":{}},{"type":"Feature","geometry":{"type":"LineString","coordinates":[[11.89859,44.28681],[11.89874,44.28695]]},"properties":{}},{"type":"Feature","geometry":{"type":"LineString","coordinates":[[11.89511,44.28815],[11.89547,44.28806],[11.90106,44.2858],[11.9012,44.28576],[11.90136,44.28582],[11.90141,44.28595],[11.90136,44.28604],[11.90115,44.28616],[11.89995,44.2864],[11.89966,44.28649],[11.89888,44.28691],[11.89786,44.28718],[11.8973,44.28746],[11.89663,44.28797],[11.89613,44.28817],[11.8958,44.28825],[11.89527,44.28845],[11.89515,44.28843],[11.89503,44.28832],[11.89504,44.2882],[11.89511,44.28815]]},"properties":{}},{"type":"Feature","geometry":{"type":"LineString","coordinates":[[11.89274,44.28675],[11.89315,44.28669],[11.89334,44.28672],[11.89405,44.2873],[11.89411,44.28737],[11.89416,44.2875],[11.89426,44.2876],[11.89454,44.28778],[11.89467,44.28793],[11.89491,44.28806],[11.89512,44.28808],[11.89529,44.28805],[11.89539,44.288],[11.89571,44.28768],[11.89595,44.28762],[11.89612,44.28752],[11.89631,44.28751],[11.89623,44.28749],[11.89604,44.28738],[11.89593,44.28722],[11.89591,44.28715],[11.89607,44.28678],[11.89591,44.28651]]},"properties":{}},{"type":"Feature","geometry":{"type":"LineString","coordinates":[[11.8973,44.28746],[11.89718,44.28735]]},"properties":{}},{"type":"Feature","geometry":{"type":"LineString","coordinates":[[11.89596,44.28737],[11.89601,44.28756]]},"properties":{}},{"type":"Feature","geometry":{"type":"LineString","coordinates":[[11.89571,44.28768],[11.89596,44.28737],[11.89597,44.2873]]},"properties":{}},{"type":"Feature","geometry":{"type":"LineString","coordinates":[[11.89529,44.28774],[11.89554,44.28787]]},"properties":{}},{"type":"Feature","geometry":{"type":"LineString","coordinates":[[11.89488,44.28793],[11.89477,44.288]]},"properties":{}},{"type":"Feature","geometry":{"type":"LineString","coordinates":[[11.89787,44.30091],[11.89783,44.30096],[11.89511,44.30269],[11.89457,44.30292],[11.89411,44.30306]]},"properties":{}},{"type":"Feature","geometry":{"type":"LineString","coordinates":[[11.89834,44.30317],[11.89867,44.30255],[11.89915,44.30144]]},"properties":{}},{"type":"Feature","geometry":{"type":"LineString","coordinates":[[11.88086,44.29622],[11.88169,44.29587]]},"properties":{}},{"type":"Feature","geometry":{"type":"LineString","coordinates":[[11.87481,44.29574],[11.87471,44.29578],[11.8747,44.29586],[11.87517,44.29656]]},"properties":{}},{"type":"Feature","geometry":{"type":"LineString","coordinates":[[11.88653,44.29312],[11.8767,44.29707],[11.87587,44.29742],[11.87578,44.2975],[11.87565,44.29751],[11.87483,44.29783],[11.873,44.2992],[11.87301,44.29927],[11.87318,44.29947]]},"properties":{}},{"type":"Feature","geometry":{"type":"LineString","coordinates":[[11.88904,44.29713],[11.88845,44.29619],[11.88824,44.29609],[11.88811,44.29611],[11.88804,44.29616],[11.88766,44.29609],[11.88754,44.29591]]},"properties":{}},{"type":"Feature","geometry":{"type":"LineString","coordinates":[[11.86912,44.29648],[11.86922,44.29644],[11.8694,44.29652],[11.86955,44.29668],[11.87004,44.29686],[11.87037,44.29693]]},"properties":{}},{"type":"Feature","geometry":{"type":"LineString","coordinates":[[11.87517,44.29656],[11.87546,44.29697]]},"properties":{}},{"type":"Feature","geometry":{"type":"LineString","coordinates":[[11.88123,44.29725],[11.88164,44.2971],[11.88187,44.29707],[11.88285,44.29671]]},"properties":{}},{"type":"Feature","geometry":{"type":"LineString","coordinates":[[11.88717,44.29604],[11.88648,44.29631],[11.88636,44.2964],[11.88626,44.2964],[11.88592,44.29654],[11.88383,44.29745],[11.88341,44.29768],[11.88337,44.29781],[11.88346,44.29792],[11.88353,44.29794],[11.88374,44.29789],[11.88494,44.29749],[11.88642,44.2969]]},"properties":{}},{"type":"Feature","geometry":{"type":"LineString","coordinates":[[11.87546,44.29697],[11.87557,44.29714],[11.87566,44.2972],[11.87587,44.29725],[11.87606,44.29722],[11.87664,44.29698],[11.8767,44.29707]]},"properties":{}},{"type":"Feature","geometry":{"type":"LineString","coordinates":[[11.88269,44.29677],[11.88287,44.29735],[11.88285,44.29748],[11.88258,44.29762],[11.88246,44.29774],[11.8821,44.29787],[11.88207,44.29793]]},"properties":{}},{"type":"Feature","geometry":{"type":"LineString","coordinates":[[11.89617,44.30055],[11.89631,44.30062],[11.89643,44.30056],[11.89665,44.30053],[11.89852,44.30119],[11.90041,44.30203],[11.9005,44.30216],[11.90062,44.30213],[11.90766,44.30532]]},"properties":{}},{"type":"Feature","geometry":{"type":"LineString","coordinates":[[11.89411,44.30306],[11.89393,44.3031]]},"properties":{}},{"type":"Feature","geometry":{"type":"LineString","coordinates":[[11.89834,44.30317],[11.8992,44.30435],[11.89909,44.30439]]},"properties":{}},{"type":"Feature","geometry":{"type":"LineString","coordinates":[[11.89917,44.30436],[11.89921,44.3044],[11.89946,44.30445],[11.89958,44.30458],[11.89958,44.30466],[11.89951,44.3048],[11.89955,44.30487],[11.89947,44.3049]]},"properties":{}},{"type":"Feature","geometry":{"type":"LineString","coordinates":[[11.89474,44.30526],[11.89531,44.30506]]},"properties":{}},{"type":"Feature","geometry":{"type":"LineString","coordinates":[[11.89384,44.30388],[11.89638,44.30778],[11.89622,44.30783],[11.89749,44.30987]]},"properties":{}},{"type":"Feature","geometry":{"type":"LineString","coordinates":[[11.89824,44.31064],[11.90015,44.3136]]},"properties":{}},{"type":"Feature","geometry":{"type":"LineString","coordinates":[[11.90025,44.3137],[11.90027,44.31385],[11.90033,44.31397]]},"properties":{}},{"type":"Feature","geometry":{"type":"LineString","coordinates":[[11.90033,44.31397],[11.8999,44.31412]]},"properties":{}},{"type":"Feature","geometry":{"type":"LineString","coordinates":[[11.90033,44.31397],[11.90307,44.31821],[11.90564,44.32189],[11.90562,44.32191]]},"properties":{}},{"type":"Feature","geometry":{"type":"LineString","coordinates":[[11.75853,44.35407],[11.76261,44.35485],[11.76276,44.35477],[11.76319,44.35443],[11.76371,44.35411]]},"properties":{}},{"type":"Feature","geometry":{"type":"LineString","coordinates":[[11.75,44.35709],[11.75152,44.3581],[11.75197,44.35817],[11.75222,44.35828],[11.75252,44.35823],[11.75313,44.35827],[11.75339,44.35824],[11.75441,44.35795],[11.7548,44.35768],[11.75505,44.35761],[11.75546,44.35759],[11.75569,44.35761]]},"properties":{}},{"type":"Feature","geometry":{"type":"LineString","coordinates":[[11.76371,44.35411],[11.76412,44.35425],[11.76489,44.35462],[11.76931,44.35576],[11.77019,44.35604],[11.77053,44.35617],[11.77113,44.35648],[11.77166,44.35681]]},"properties":{}},{"type":"Feature","geometry":{"type":"LineString","coordinates":[[11.79874,44.32431],[11.7989,44.32416],[11.79901,44.32388],[11.79903,44.3236],[11.79901,44.32348],[11.79893,44.32335]]},"properties":{}},{"type":"Feature","geometry":{"type":"LineString","coordinates":[[11.80099,44.32392],[11.80089,44.32391]]},"properties":{}},{"type":"Feature","geometry":{"type":"LineString","coordinates":[[11.80031,44.3242],[11.80099,44.32392]]},"properties":{}},{"type":"Feature","geometry":{"type":"LineString","coordinates":[[11.7993,44.32448],[11.79976,44.32428],[11.80031,44.3242]]},"properties":{}},{"type":"Feature","geometry":{"type":"LineString","coordinates":[[11.79247,44.32254],[11.79227,44.32263],[11.79217,44.32281],[11.79207,44.32288],[11.79196,44.3229],[11.79172,44.32287],[11.79152,44.32292],[11.77928,44.32782],[11.77894,44.32811],[11.77888,44.3282],[11.77888,44.3283],[11.77894,44.32847],[11.77892,44.32865],[11.77897,44.32877],[11.77925,44.32897],[11.77939,44.32897]]},"properties":{}},{"type":"Feature","geometry":{"type":"LineString","coordinates":[[11.77874,44.32783],[11.77878,44.32791],[11.77877,44.32802],[11.77869,44.32807]]},"properties":{}},{"type":"Feature","geometry":{"type":"LineString","coordinates":[[11.77888,44.3282],[11.77871,44.32811],[11.77869,44.32807],[11.77852,44.32811],[11.77825,44.32812],[11.77814,44.32808],[11.77793,44.32818],[11.77793,44.32828],[11.77782,44.32846],[11.77774,44.32854],[11.77779,44.32859],[11.77783,44.32875],[11.77797,44.32878],[11.77817,44.32887],[11.77876,44.32891],[11.77879,44.32886],[11.77897,44.32877]]},"properties":{}},{"type":"Feature","geometry":{"type":"LineString","coordinates":[[11.77581,44.36175],[11.77604,44.36158],[11.776,44.36141],[11.77537,44.36101],[11.77473,44.36051],[11.77425,44.36006],[11.77376,44.35946],[11.77321,44.35858]]},"properties":{}},{"type":"Feature","geometry":{"type":"LineString","coordinates":[[11.80863,44.38414],[11.80778,44.38447],[11.8071,44.38461],[11.80664,44.3845],[11.80604,44.38427],[11.80585,44.38411],[11.80564,44.38383],[11.80535,44.38327],[11.80554,44.38267],[11.80619,44.38183],[11.80663,44.37977],[11.80596,44.37848],[11.80463,44.37909],[11.80331,44.3795],[11.8024,44.37969],[11.80125,44.37975],[11.80035,44.37972],[11.79955,44.3795],[11.79897,44.37906],[11.7985,44.37859],[11.79821,44.37822]]},"properties":{}},{"type":"Feature","geometry":{"type":"LineString","coordinates":[[11.81191,44.3909],[11.81124,44.38992],[11.81063,44.38913],[11.81031,44.38831],[11.8103,44.38765],[11.81038,44.38693],[11.81034,44.38664],[11.8102,44.3862],[11.80991,44.38547],[11.80983,44.38512],[11.80989,44.38479],[11.81005,44.38448],[11.80968,44.38358],[11.80863,44.38414]]},"properties":{}},{"type":"Feature","geometry":{"type":"LineString","coordinates":[[11.77166,44.35681],[11.77217,44.3572],[11.77302,44.35828]]},"properties":{}},{"type":"Feature","geometry":{"type":"LineString","coordinates":[[11.77321,44.35858],[11.77272,44.35859],[11.77268,44.35852],[11.77302,44.35828]]},"properties":{}},{"type":"Feature","geometry":{"type":"LineString","coordinates":[[11.76999,44.36236],[11.77004,44.36236],[11.7715,44.36429]]},"properties":{}},{"type":"Feature","geometry":{"type":"LineString","coordinates":[[11.79907,44.31881],[11.79825,44.31916]]},"properties":{}},{"type":"Feature","geometry":{"type":"LineString","coordinates":[[11.79303,44.32049],[11.79294,44.32024],[11.79258,44.31991]]},"properties":{}},{"type":"Feature","geometry":{"type":"LineString","coordinates":[[11.79121,44.32104],[11.79147,44.32114],[11.79159,44.3211],[11.79303,44.32049],[11.79307,44.32066],[11.79315,44.32065]]},"properties":{}},{"type":"Feature","geometry":{"type":"LineString","coordinates":[[11.7987,44.32104],[11.79885,44.32122]]},"properties":{}},{"type":"Feature","geometry":{"type":"LineString","coordinates":[[11.79885,44.32122],[11.7992,44.32168]]},"properties":{}},{"type":"Feature","geometry":{"type":"LineString","coordinates":[[11.79986,44.32212],[11.80113,44.32161]]},"properties":{}},{"type":"Feature","geometry":{"type":"LineString","coordinates":[[11.7992,44.32168],[11.79963,44.32226]]},"properties":{}},{"type":"Feature","geometry":{"type":"LineString","coordinates":[[11.80397,44.32494],[11.80141,44.32161]]},"properties":{}},{"type":"Feature","geometry":{"type":"LineString","coordinates":[[11.80382,44.32501],[11.80365,44.32475],[11.80244,44.32326],[11.80125,44.32167]]},"properties":{}},{"type":"Feature","geometry":{"type":"LineString","coordinates":[[11.80099,44.32392],[11.80248,44.3233]]},"properties":{}},{"type":"Feature","geometry":{"type":"LineString","coordinates":[[11.90626,44.32305],[11.90551,44.32201],[11.90552,44.32197],[11.90562,44.32191]]},"properties":{}},{"type":"Feature","geometry":{"type":"LineString","coordinates":[[11.9064,44.32323],[11.90626,44.32305]]},"properties":{}},{"type":"Feature","geometry":{"type":"LineString","coordinates":[[11.90648,44.32334],[11.9064,44.32323]]},"properties":{}},{"type":"Feature","geometry":{"type":"LineString","coordinates":[[11.90696,44.32395],[11.90648,44.32334]]},"properties":{}},{"type":"Feature","geometry":{"type":"LineString","coordinates":[[11.90701,44.32402],[11.90696,44.32395]]},"properties":{}},{"type":"Feature","geometry":{"type":"LineString","coordinates":[[11.90724,44.3251],[11.90726,44.32502],[11.90712,44.32497],[11.90707,44.32484],[11.9065,44.32416],[11.90651,44.32413],[11.90721,44.32391],[11.90812,44.32509]]},"properties":{}},{"type":"Feature","geometry":{"type":"LineString","coordinates":[[11.90793,44.32513],[11.90776,44.32499],[11.90701,44.32402]]},"properties":{}},{"type":"Feature","geometry":{"type":"LineString","coordinates":[[11.90661,44.32525],[11.90677,44.32529],[11.90687,44.32504],[11.90686,44.32493],[11.90707,44.32484]]},"properties":{}},{"type":"Feature","geometry":{"type":"LineString","coordinates":[[11.90677,44.32529],[11.90665,44.32565],[11.90664,44.32582],[11.90671,44.32604]]},"properties":{}},{"type":"Feature","geometry":{"type":"LineString","coordinates":[[11.90671,44.32604],[11.90675,44.32618]]},"properties":{}},{"type":"Feature","geometry":{"type":"LineString","coordinates":[[11.883,44.29724],[11.88306,44.2973],[11.8831,44.29749],[11.88317,44.29755],[11.88327,44.29756],[11.88359,44.2975]]},"properties":{}},{"type":"Feature","geometry":{"type":"LineString","coordinates":[[11.88904,44.29713],[11.88952,44.29795]]},"properties":{}},{"type":"Feature","geometry":{"type":"LineString","coordinates":[[11.8896,44.29792],[11.88952,44.29795]]},"properties":{}},{"type":"Feature","geometry":{"type":"LineString","coordinates":[[11.88952,44.29795],[11.8897,44.29824]]},"properties":{}},{"type":"Feature","geometry":{"type":"LineString","coordinates":[[11.88353,44.29794],[11.8835,44.29813],[11.8834,44.2982],[11.88339,44.29825],[11.88382,44.29928]]},"properties":{}},{"type":"Feature","geometry":{"type":"LineString","coordinates":[[11.8919,44.29979],[11.89146,44.29987],[11.89134,44.29986],[11.89113,44.29975],[11.89013,44.29822]]},"properties":{}},{"type":"Feature","geometry":{"type":"LineString","coordinates":[[11.89285,44.30231],[11.89296,44.30254],[11.89354,44.30341]]},"properties":{}},{"type":"Feature","geometry":{"type":"LineString","coordinates":[[11.89393,44.3031],[11.89341,44.30322]]},"properties":{}},{"type":"Feature","geometry":{"type":"LineString","coordinates":[[11.89284,44.32671],[11.8926,44.32656],[11.89244,44.32641],[11.8923,44.32621],[11.89214,44.32607],[11.89202,44.32587],[11.89194,44.32579],[11.8917,44.32566],[11.89158,44.32547],[11.89151,44.32507],[11.89142,44.32501]]},"properties":{}},{"type":"Feature","geometry":{"type":"LineString","coordinates":[[11.88716,44.383],[11.88707,44.38309],[11.88681,44.38316],[11.8868,44.3832],[11.8871,44.38357],[11.88734,44.38404],[11.88744,44.38443],[11.88747,44.38483],[11.88723,44.38641],[11.88712,44.38649]]},"properties":{}},{"type":"Feature","geometry":{"type":"LineString","coordinates":[[11.86389,44.2982],[11.86245,44.29636]]},"properties":{}},{"type":"Feature","geometry":{"type":"LineString","coordinates":[[11.85939,44.29576],[11.85931,44.2958],[11.85917,44.29572],[11.85905,44.29573],[11.85802,44.29612],[11.85726,44.29646],[11.85689,44.29668],[11.8565,44.29684],[11.85641,44.2969],[11.85637,44.29705],[11.85648,44.29724],[11.85633,44.2973],[11.85607,44.29717],[11.85584,44.29714],[11.85535,44.29724],[11.85325,44.2981],[11.85306,44.29824],[11.85288,44.29833],[11.85219,44.29858],[11.84947,44.29969],[11.84659,44.30081],[11.84624,44.30089],[11.84125,44.30286],[11.84086,44.30302],[11.84076,44.30312],[11.84072,44.30324],[11.84091,44.30355]]},"properties":{}},{"type":"Feature","geometry":{"type":"LineString","coordinates":[[11.85847,44.29999],[11.85775,44.29998],[11.85715,44.30017]]},"properties":{}},{"type":"Feature","geometry":{"type":"LineString","coordinates":[[11.86133,44.30096],[11.86145,44.30092]]},"properties":{}},{"type":"Feature","geometry":{"type":"LineString","coordinates":[[11.86205,44.30172],[11.86221,44.30163],[11.86164,44.30092],[11.863,44.30035]]},"properties":{}},{"type":"Feature","geometry":{"type":"LineString","coordinates":[[11.86187,44.30124],[11.86171,44.3013]]},"properties":{}},{"type":"Feature","geometry":{"type":"LineString","coordinates":[[11.81074,44.32973],[11.81089,44.32997],[11.81183,44.33121],[11.81213,44.33165],[11.81252,44.33205],[11.81279,44.33241],[11.81295,44.3327],[11.81373,44.33369]]},"properties":{}},{"type":"Feature","geometry":{"type":"LineString","coordinates":[[11.84289,44.35774],[11.84362,44.35897]]},"properties":{}},{"type":"Feature","geometry":{"type":"LineString","coordinates":[[11.84577,44.35941],[11.84701,44.36084]]},"properties":{}},{"type":"Feature","geometry":{"type":"LineString","coordinates":[[11.81813,44.39239],[11.81813,44.39236],[11.82187,44.3908],[11.82514,44.38955],[11.82528,44.38946],[11.82534,44.38936],[11.82535,44.38921],[11.82531,44.38913],[11.82412,44.38786],[11.82388,44.38746],[11.82345,44.38594],[11.82301,44.38457],[11.8227,44.38375],[11.82246,44.38321],[11.8221,44.38254],[11.82212,44.3825]]},"properties":{}},{"type":"Feature","geometry":{"type":"LineString","coordinates":[[11.90675,44.32618],[11.9068,44.32636],[11.90678,44.3265],[11.9066,44.32669],[11.90647,44.32693],[11.90648,44.32696]]},"properties":{}},{"type":"Feature","geometry":{"type":"LineString","coordinates":[[11.90812,44.32509],[11.90894,44.32611],[11.9092,44.3262],[11.9094,44.32635],[11.90947,44.32652],[11.90945,44.3268],[11.91193,44.33004]]},"properties":{}},{"type":"Feature","geometry":{"type":"LineString","coordinates":[[11.89466,44.32944],[11.8947,44.32849],[11.89455,44.32817],[11.89398,44.32743],[11.89372,44.32723],[11.89284,44.32671]]},"properties":{}},{"type":"Feature","geometry":{"type":"LineString","coordinates":[[11.90659,44.32709],[11.90645,44.32713],[11.90549,44.32762],[11.90542,44.32768],[11.90522,44.32802],[11.90513,44.32809],[11.90349,44.32879],[11.90343,44.32883],[11.90331,44.32898],[11.90319,44.32901],[11.90296,44.32901],[11.90179,44.3295],[11.90101,44.32958]]},"properties":{}},{"type":"Feature","geometry":{"type":"LineString","coordinates":[[11.90098,44.32946],[11.90057,44.32932],[11.90041,44.32922],[11.90001,44.32873],[11.90001,44.32867],[11.90006,44.32863],[11.90002,44.32859]]},"properties":{}},{"type":"Feature","geometry":{"type":"LineString","coordinates":[[11.89504,44.33055],[11.89491,44.33053],[11.89473,44.33015],[11.89465,44.32965],[11.89466,44.32944]]},"properties":{}},{"type":"Feature","geometry":{"type":"LineString","coordinates":[[11.90021,44.32923],[11.90023,44.32939],[11.90013,44.32966],[11.8996,44.32996],[11.89838,44.3304],[11.89789,44.33053],[11.89597,44.33137],[11.89573,44.33139],[11.89526,44.33116],[11.89519,44.3311],[11.89504,44.33078],[11.89504,44.33074],[11.89512,44.33067]]},"properties":{}},{"type":"Feature","geometry":{"type":"LineString","coordinates":[[11.91204,44.33007],[11.91603,44.33525],[11.91613,44.33532],[11.91645,44.33531],[11.91654,44.33533]]},"properties":{}},{"type":"Feature","geometry":{"type":"LineString","coordinates":[[11.9166,44.33591],[11.92136,44.34209],[11.92249,44.34362]]},"properties":{}},{"type":"Feature","geometry":{"type":"LineString","coordinates":[[11.8978,44.40373],[11.89784,44.40366],[11.89436,44.39915],[11.8942,44.39905]]},"properties":{}},{"type":"Feature","geometry":{"type":"LineString","coordinates":[[11.80943,44.39672],[11.81089,44.39613]]},"properties":{}},{"type":"Feature","geometry":{"type":"LineString","coordinates":[[11.80956,44.39667],[11.80954,44.39664],[11.80948,44.39666],[11.80943,44.39661],[11.80929,44.39666],[11.81039,44.39807],[11.80928,44.3985],[11.80902,44.39851],[11.80876,44.39862]]},"properties":{}},{"type":"Feature","geometry":{"type":"LineString","coordinates":[[11.80839,44.39874],[11.80755,44.39763],[11.80653,44.39802],[11.80621,44.39762],[11.80623,44.39757],[11.80612,44.39749],[11.80581,44.3971],[11.8058,44.39704],[11.80582,44.397],[11.80652,44.39673]]},"properties":{}},{"type":"Feature","geometry":{"type":"LineString","coordinates":[[11.81021,44.39785],[11.81029,44.39782]]},"properties":{}},{"type":"Feature","geometry":{"type":"LineString","coordinates":[[11.80653,44.39802],[11.80658,44.39803],[11.80663,44.3981],[11.80661,44.39814],[11.80691,44.39854],[11.80697,44.39854],[11.80702,44.39861],[11.807,44.39865],[11.80728,44.39903],[11.80735,44.39903],[11.80741,44.39912]]},"properties":{}},{"type":"Feature","geometry":{"type":"LineString","coordinates":[[11.80884,44.39873],[11.80876,44.39862]]},"properties":{}},{"type":"Feature","geometry":{"type":"LineString","coordinates":[[11.80827,44.40025],[11.80777,44.39958],[11.8077,44.39953],[11.8074,44.39916],[11.80741,44.39912],[11.80876,44.39862]]},"properties":{}},{"type":"Feature","geometry":{"type":"LineString","coordinates":[[11.80827,44.40025],[11.80834,44.40035],[11.80857,44.4004],[11.80854,44.40059],[11.8086,44.40069]]},"properties":{}},{"type":"Feature","geometry":{"type":"LineString","coordinates":[[11.80828,44.40077],[11.80841,44.40078],[11.8086,44.40069],[11.80922,44.40146],[11.80925,44.40146],[11.80931,44.40154],[11.81037,44.40112]]},"properties":{}},{"type":"Feature","geometry":{"type":"LineString","coordinates":[[11.80931,44.40154],[11.80927,44.40156],[11.8096,44.40199]]},"properties":{}},{"type":"Feature","geometry":{"type":"LineString","coordinates":[[11.89798,44.40416],[11.89719,44.40304],[11.89423,44.39919],[11.89395,44.39881],[11.89396,44.39876]]},"properties":{}},{"type":"Feature","geometry":{"type":"LineString","coordinates":[[11.89835,44.40408],[11.89863,44.404]]},"properties":{}},{"type":"Feature","geometry":{"type":"LineString","coordinates":[[11.89863,44.404],[11.89844,44.40413]]},"properties":{}},{"type":"Feature","geometry":{"type":"LineString","coordinates":[[11.89844,44.40413],[11.89828,44.40421],[11.89818,44.40422]]},"properties":{}},{"type":"Feature","geometry":{"type":"LineString","coordinates":[[11.9064,44.41167],[11.90613,44.41178],[11.90595,44.4118],[11.90519,44.41166],[11.9047,44.41186],[11.90454,44.41189],[11.90427,44.41185],[11.90411,44.41177],[11.90348,44.41099],[11.90284,44.41012],[11.89856,44.40461],[11.8985,44.40464]]},"properties":{}},{"type":"Feature","geometry":{"type":"LineString","coordinates":[[11.90506,44.41222],[11.90486,44.41221],[11.90415,44.41205],[11.90202,44.40933],[11.89832,44.4045],[11.89819,44.40439]]},"properties":{}},{"type":"Feature","geometry":{"type":"LineString","coordinates":[[11.89283,44.40654],[11.89277,44.40659],[11.89382,44.40809],[11.89405,44.4084],[11.89524,44.40973],[11.89535,44.40992],[11.89535,44.41003],[11.89513,44.41024],[11.89561,44.41091],[11.89554,44.41111]]},"properties":{}},{"type":"Feature","geometry":{"type":"LineString","coordinates":[[11.91209,44.41318],[11.91205,44.41315],[11.91167,44.41323],[11.91105,44.41312],[11.91078,44.41314],[11.90762,44.41255],[11.90729,44.41238],[11.90702,44.41215],[11.90646,44.41198],[11.90636,44.41192],[11.90634,44.41186],[11.90637,44.4118],[11.90646,44.41175],[11.90955,44.41049],[11.91224,44.40946]]},"properties":{}},{"type":"Feature","geometry":{"type":"LineString","coordinates":[[11.91656,44.41133],[11.91662,44.41142]]},"properties":{}},{"type":"Feature","geometry":{"type":"LineString","coordinates":[[11.89619,44.41206],[11.89552,44.41108]]},"properties":{}},{"type":"Feature","geometry":{"type":"LineString","coordinates":[[11.8868,44.38768],[11.8869,44.38763],[11.8873,44.38512],[11.88733,44.38465],[11.88729,44.38439],[11.88714,44.38389],[11.88718,44.38387]]},"properties":{}},{"type":"Feature","geometry":{"type":"LineString","coordinates":[[11.88906,44.39244],[11.88903,44.3923],[11.88701,44.38974],[11.88689,44.38946],[11.88684,44.38922],[11.88685,44.38891],[11.88714,44.38694],[11.88706,44.38691]]},"properties":{}},{"type":"Feature","geometry":{"type":"LineString","coordinates":[[11.88906,44.39244],[11.8889,44.39237],[11.88687,44.38978],[11.8867,44.38935],[11.88668,44.38911],[11.88683,44.38781],[11.88663,44.38749],[11.88666,44.38747]]},"properties":{}},{"type":"Feature","geometry":{"type":"LineString","coordinates":[[11.89342,44.39804],[11.89329,44.39801],[11.89151,44.39566],[11.88955,44.39319]]},"properties":{}},{"type":"Feature","geometry":{"type":"LineString","coordinates":[[11.89328,44.39786],[11.89332,44.3978],[11.89262,44.39687],[11.89008,44.39362],[11.88999,44.39361]]},"properties":{}},{"type":"Feature","geometry":{"type":"LineString","coordinates":[[11.87297,44.41561],[11.8729,44.41561],[11.87194,44.41485],[11.87171,44.41472],[11.8693,44.41556],[11.8669,44.41645],[11.86683,44.41654],[11.86664,44.41654],[11.86402,44.41754],[11.8638,44.4177],[11.8638,44.4178],[11.86407,44.41824]]},"properties":{}},{"type":"Feature","geometry":{"type":"LineString","coordinates":[[11.89252,44.42333],[11.89115,44.42151],[11.89096,44.42145]]},"properties":{}},{"type":"Feature","geometry":{"type":"LineString","coordinates":[[11.89252,44.42333],[11.89274,44.42353],[11.89282,44.42352]]},"properties":{}},{"type":"Feature","geometry":{"type":"LineString","coordinates":[[11.87717,44.43497],[11.87686,44.43484],[11.8766,44.4348],[11.87623,44.4348],[11.87565,44.43492],[11.87425,44.43546]]},"properties":{}},{"type":"Feature","geometry":{"type":"LineString","coordinates":[[11.87356,44.43559],[11.87526,44.43491]]},"properties":{}},{"type":"Feature","geometry":{"type":"LineString","coordinates":[[11.91673,44.41173],[11.91652,44.41146]]},"properties":{}},{"type":"Feature","geometry":{"type":"LineString","coordinates":[[11.91704,44.41141],[11.91688,44.41154],[11.91683,44.41162],[11.91681,44.41176],[11.91685,44.41188]]},"properties":{}},{"type":"Feature","geometry":{"type":"LineString","coordinates":[[11.91873,44.41073],[11.91946,44.41166],[11.91947,44.4117],[11.91936,44.41184],[11.91935,44.41198],[11.91928,44.41204],[11.91759,44.4127],[11.91763,44.41276]]},"properties":{}},{"type":"Feature","geometry":{"type":"LineString","coordinates":[[11.91839,44.41132],[11.91855,44.41154],[11.91857,44.4116],[11.91854,44.41169],[11.91845,44.41177],[11.91732,44.41225],[11.91712,44.41223]]},"properties":{}},{"type":"Feature","geometry":{"type":"LineString","coordinates":[[11.91907,44.41104],[11.91839,44.41132],[11.91827,44.41115],[11.91817,44.41109],[11.91796,44.41109],[11.91786,44.41115],[11.91781,44.41129],[11.91788,44.4114],[11.91797,44.41143],[11.91822,44.41145],[11.91835,44.41153],[11.91837,44.41166],[11.91832,44.41173],[11.91815,44.4118],[11.91806,44.41179],[11.91791,44.41171],[11.9178,44.41152],[11.91766,44.41141],[11.9174,44.41134],[11.91709,44.41139],[11.9168,44.41154],[11.91673,44.41165],[11.91673,44.41173],[11.91746,44.41265]]},"properties":{}},{"type":"Feature","geometry":{"type":"LineString","coordinates":[[11.91693,44.41197],[11.91722,44.41211],[11.91745,44.41211],[11.91756,44.41208],[11.91772,44.412],[11.91782,44.4119],[11.91787,44.4118],[11.91788,44.41167]]},"properties":{}},{"type":"Feature","geometry":{"type":"LineString","coordinates":[[11.91828,44.41185],[11.91831,44.41199],[11.91853,44.41226]]},"properties":{}},{"type":"Feature","geometry":{"type":"LineString","coordinates":[[11.89619,44.41206],[11.89622,44.4121]]},"properties":{}},{"type":"Feature","geometry":{"type":"LineString","coordinates":[[11.90629,44.4124],[11.90587,44.41236],[11.90532,44.41224],[11.90506,44.41222]]},"properties":{}},{"type":"Feature","geometry":{"type":"LineString","coordinates":[[11.89457,44.41272],[11.89619,44.41206]]},"properties":{}},{"type":"Feature","geometry":{"type":"LineString","coordinates":[[11.90654,44.41249],[11.90629,44.4124]]},"properties":{}},{"type":"Feature","geometry":{"type":"LineString","coordinates":[[11.90693,44.4129],[11.90654,44.41249]]},"properties":{}},{"type":"Feature","geometry":{"type":"LineString","coordinates":[[11.89457,44.41272],[11.89456,44.41275]]},"properties":{}},{"type":"Feature","geometry":{"type":"LineString","coordinates":[[11.9073,44.41312],[11.90705,44.413],[11.90693,44.4129]]},"properties":{}},{"type":"Feature","geometry":{"type":"LineString","coordinates":[[11.90281,44.413],[11.9028,44.41304]]},"properties":{}},{"type":"Feature","geometry":{"type":"LineString","coordinates":[[11.9028,44.41304],[11.90262,44.4131]]},"properties":{}},{"type":"Feature","geometry":{"type":"LineString","coordinates":[[11.90262,44.4131],[11.90264,44.41313]]},"properties":{}},{"type":"Feature","geometry":{"type":"LineString","coordinates":[[11.90244,44.41316],[11.90262,44.4131]]},"properties":{}},{"type":"Feature","geometry":{"type":"LineString","coordinates":[[11.90235,44.41314],[11.90244,44.41316]]},"properties":{}},{"type":"Feature","geometry":{"type":"LineString","coordinates":[[11.90781,44.41319],[11.9073,44.41312]]},"properties":{}},{"type":"Feature","geometry":{"type":"LineString","coordinates":[[11.83096,44.39062],[11.82958,44.3894],[11.82927,44.38917],[11.82908,44.3892],[11.82904,44.38925],[11.82872,44.38933],[11.82843,44.38947]]},"properties":{}},{"type":"Feature","geometry":{"type":"LineString","coordinates":[[11.82861,44.38945],[11.82861,44.38949],[11.82792,44.38981],[11.82651,44.39042],[11.82627,44.39023],[11.82598,44.38989]]},"properties":{}},{"type":"Feature","geometry":{"type":"LineString","coordinates":[[11.83212,44.39176],[11.83114,44.39077]]},"properties":{}},{"type":"Feature","geometry":{"type":"LineString","coordinates":[[11.8341,44.39303],[11.83292,44.39238],[11.83229,44.39192]]},"properties":{}},{"type":"Feature","geometry":{"type":"LineString","coordinates":[[11.81431,44.39394],[11.81435,44.39393]]},"properties":{}},{"type":"Feature","geometry":{"type":"LineString","coordinates":[[11.81018,44.39527],[11.81302,44.39445],[11.81431,44.39394]]},"properties":{}},{"type":"Feature","geometry":{"type":"LineString","coordinates":[[11.83978,44.39781],[11.83976,44.39773],[11.83917,44.39728],[11.83809,44.39657],[11.83674,44.39547],[11.83647,44.39524],[11.8362,44.39495],[11.83583,44.39441],[11.83516,44.39373],[11.83471,44.39341],[11.8341,44.39303]]},"properties":{}},{"type":"Feature","geometry":{"type":"LineString","coordinates":[[11.82061,44.39849],[11.82031,44.39842],[11.82035,44.39858],[11.81833,44.39937]]},"properties":{}},{"type":"Feature","geometry":{"type":"LineString","coordinates":[[11.86407,44.41824],[11.86404,44.41825]]},"properties":{}},{"type":"Feature","geometry":{"type":"LineString","coordinates":[[11.83683,44.43779],[11.83692,44.43774],[11.83696,44.43763]]},"properties":{}},{"type":"Feature","geometry":{"type":"LineString","coordinates":[[11.90264,44.41313],[11.90269,44.4132]]},"properties":{}},{"type":"Feature","geometry":{"type":"LineString","coordinates":[[11.90269,44.4132],[11.90281,44.41335]]},"properties":{}},{"type":"Feature","geometry":{"type":"LineString","coordinates":[[11.91495,44.41394],[11.915,44.4138],[11.91441,44.41369],[11.91436,44.41372],[11.91361,44.41357],[11.91358,44.41353],[11.91347,44.41351],[11.9122,44.41326],[11.91209,44.41318]]},"properties":{}},{"type":"Feature","geometry":{"type":"LineString","coordinates":[[11.91433,44.41368],[11.91358,44.41353]]},"properties":{}},{"type":"Feature","geometry":{"type":"LineString","coordinates":[[11.90578,44.41388],[11.90591,44.41403],[11.906,44.41408],[11.90609,44.41406],[11.90796,44.41346],[11.90809,44.41338],[11.90805,44.41326],[11.90781,44.41319]]},"properties":{}},{"type":"Feature","geometry":{"type":"LineString","coordinates":[[11.90788,44.41357],[11.9078,44.4136],[11.90776,44.41368],[11.90702,44.41393]]},"properties":{}},{"type":"Feature","geometry":{"type":"LineString","coordinates":[[11.91423,44.4144],[11.91411,44.41438],[11.91393,44.41443],[11.91377,44.41443],[11.91188,44.41389],[11.911,44.41368],[11.90959,44.41344],[11.90955,44.41355],[11.90939,44.41355],[11.90919,44.41365],[11.90926,44.41366]]},"properties":{}},{"type":"Feature","geometry":{"type":"LineString","coordinates":[[11.91381,44.41437],[11.91396,44.41436],[11.91409,44.41429],[11.91433,44.41368]]},"properties":{}},{"type":"Feature","geometry":{"type":"LineString","coordinates":[[11.91337,44.41432],[11.91342,44.41429],[11.91381,44.41437]]},"properties":{}},{"type":"Feature","geometry":{"type":"LineString","coordinates":[[11.89448,44.4128],[11.89487,44.41311],[11.89577,44.41437],[11.89615,44.41477],[11.89711,44.41602],[11.89714,44.41612]]},"properties":{}},{"type":"Feature","geometry":{"type":"LineString","coordinates":[[11.90882,44.41662],[11.91351,44.41464],[11.91358,44.41459],[11.91355,44.41451],[11.91121,44.41383],[11.91087,44.41382],[11.91061,44.41385],[11.90979,44.41409],[11.90965,44.4139],[11.90926,44.41366]]},"properties":{}},{"type":"Feature","geometry":{"type":"LineString","coordinates":[[11.91424,44.41469],[11.91393,44.41466],[11.91362,44.41477],[11.90893,44.41675]]},"properties":{}},{"type":"Feature","geometry":{"type":"LineString","coordinates":[[11.91416,44.41468],[11.91349,44.41724]]},"properties":{}},{"type":"Feature","geometry":{"type":"LineString","coordinates":[[11.9144,44.41471],[11.91414,44.41577],[11.91368,44.4173]]},"properties":{}},{"type":"Feature","geometry":{"type":"LineString","coordinates":[[11.89719,44.41619],[11.89714,44.41612]]},"properties":{}},{"type":"Feature","geometry":{"type":"LineString","coordinates":[[11.91869,44.41771],[11.91652,44.41492],[11.91424,44.41469]]},"properties":{}},{"type":"Feature","geometry":{"type":"LineString","coordinates":[[11.91701,44.41497],[11.91703,44.41517],[11.91881,44.41749],[11.91895,44.41754],[11.91911,44.41751],[11.92048,44.41701],[11.92158,44.41657],[11.92367,44.41563]]},"properties":{}},{"type":"Feature","geometry":{"type":"LineString","coordinates":[[11.91368,44.4173],[11.91734,44.41583]]},"properties":{}},{"type":"Feature","geometry":{"type":"LineString","coordinates":[[11.89719,44.41619],[11.89727,44.41626],[11.89757,44.41675],[11.89817,44.41729],[11.89852,44.41786],[11.89885,44.41824],[11.89892,44.41843]]},"properties":{}},{"type":"Feature","geometry":{"type":"LineString","coordinates":[[11.91879,44.41747],[11.91857,44.41755]]},"properties":{}},{"type":"Feature","geometry":{"type":"LineString","coordinates":[[11.91911,44.41751],[11.91925,44.41767]]},"properties":{}},{"type":"Feature","geometry":{"type":"LineString","coordinates":[[11.9189,44.41762],[11.91906,44.41761]]},"properties":{}},{"type":"Feature","geometry":{"type":"LineString","coordinates":[[11.91906,44.41761],[11.91896,44.4177]]},"properties":{}},{"type":"Feature","geometry":{"type":"LineString","coordinates":[[11.91878,44.41783],[11.91869,44.41771]]},"properties":{}},{"type":"Feature","geometry":{"type":"LineString","coordinates":[[11.90146,44.41728],[11.9002,44.41774],[11.89912,44.41827],[11.89911,44.41833]]},"properties":{}},{"type":"Feature","geometry":{"type":"LineString","coordinates":[[11.91908,44.41786],[11.91886,44.41793]]},"properties":{}},{"type":"Feature","geometry":{"type":"LineString","coordinates":[[11.919,44.41815],[11.91878,44.41783]]},"properties":{}},{"type":"Feature","geometry":{"type":"LineString","coordinates":[[11.9032,44.41898],[11.90675,44.4175]]},"properties":{}},{"type":"Feature","geometry":{"type":"LineString","coordinates":[[11.91912,44.41817],[11.91872,44.41833]]},"properties":{}},{"type":"Feature","geometry":{"type":"LineString","coordinates":[[11.91837,44.41789],[11.91782,44.41808],[11.91729,44.41834],[11.91638,44.41872]]},"properties":{}},{"type":"Feature","geometry":{"type":"LineString","coordinates":[[11.91899,44.41866],[11.9191,44.41858],[11.91918,44.41847],[11.91906,44.41823]]},"properties":{}},{"type":"Feature","geometry":{"type":"LineString","coordinates":[[11.90687,44.41764],[11.90337,44.4191],[11.90278,44.4193],[11.90279,44.41942],[11.90267,44.41945]]},"properties":{}},{"type":"Feature","geometry":{"type":"LineString","coordinates":[[11.90481,44.42324],[11.90261,44.41935],[11.90246,44.41904],[11.90201,44.41835],[11.90147,44.41731],[11.90112,44.4164],[11.90127,44.41637],[11.90126,44.41624],[11.90119,44.41613],[11.90569,44.41421],[11.90572,44.41415],[11.9057,44.41407],[11.90561,44.41395]]},"properties":{}},{"type":"Feature","geometry":{"type":"LineString","coordinates":[[11.92724,44.41564],[11.9271,44.4156],[11.92454,44.41574],[11.92386,44.41586],[11.92301,44.41612],[11.91931,44.41763],[11.91909,44.41777],[11.91908,44.41786],[11.91942,44.41836],[11.91943,44.41856],[11.91953,44.41872],[11.91937,44.4188],[11.91924,44.41875],[11.91912,44.41876],[11.91871,44.41892],[11.91666,44.4199],[11.91663,44.41997],[11.9164,44.42005],[11.91631,44.42005],[11.91506,44.42053],[11.91504,44.42058],[11.91493,44.42062],[11.91486,44.4206],[11.91428,44.42082],[11.91293,44.42156],[11.9119,44.42192],[11.91194,44.42201]]},"properties":{}},{"type":"Feature","geometry":{"type":"LineString","coordinates":[[11.91638,44.41872],[11.91487,44.41921]]},"properties":{}},{"type":"Feature","geometry":{"type":"LineString","coordinates":[[11.89793,44.41904],[11.89782,44.41893]]},"properties":{}},{"type":"Feature","geometry":{"type":"LineString","coordinates":[[11.9144,44.42019],[11.9164,44.41947],[11.9184,44.41854],[11.91872,44.41833]]},"properties":{}},{"type":"Feature","geometry":{"type":"LineString","coordinates":[[11.91039,44.421],[11.91034,44.42097],[11.91035,44.42091],[11.91,44.42068],[11.90933,44.42029],[11.90871,44.41979],[11.90781,44.4188],[11.90778,44.41881],[11.90774,44.41877],[11.90776,44.41874],[11.90684,44.41765]]},"properties":{}},{"type":"Feature","geometry":{"type":"LineString","coordinates":[[11.91487,44.41921],[11.9139,44.4196]]},"properties":{}},{"type":"Feature","geometry":{"type":"LineString","coordinates":[[11.91937,44.4188],[11.91976,44.4193],[11.91967,44.41934],[11.91971,44.4194],[11.91983,44.41939],[11.92018,44.41986],[11.92007,44.4199],[11.92013,44.41997],[11.92025,44.41994],[11.92073,44.42053],[11.92077,44.42061],[11.92068,44.42065],[11.92082,44.42082]]},"properties":{}},{"type":"Feature","geometry":{"type":"LineString","coordinates":[[11.9139,44.4196],[11.91265,44.42008]]},"properties":{}},{"type":"Feature","geometry":{"type":"LineString","coordinates":[[11.89794,44.41961],[11.89771,44.41931],[11.8977,44.41925],[11.89775,44.41912],[11.89846,44.41883],[11.8988,44.41884],[11.89924,44.41923],[11.89973,44.41992],[11.89985,44.42013],[11.90012,44.42033],[11.90044,44.42075],[11.90041,44.42081],[11.90006,44.42096],[11.8999,44.42097],[11.89965,44.42088],[11.89907,44.42102]]},"properties":{}},{"type":"Feature","geometry":{"type":"LineString","coordinates":[[11.91265,44.42008],[11.91228,44.42023]]},"properties":{}},{"type":"Feature","geometry":{"type":"LineString","coordinates":[[11.90194,44.42231],[11.90182,44.4223],[11.90161,44.42188],[11.90124,44.42141],[11.90076,44.42071],[11.89991,44.41972],[11.89962,44.41929],[11.89892,44.41843]]},"properties":{}},{"type":"Feature","geometry":{"type":"LineString","coordinates":[[11.91278,44.42081],[11.9144,44.42019]]},"properties":{}},{"type":"Feature","geometry":{"type":"LineString","coordinates":[[11.9148,44.4206],[11.91482,44.42062]]},"properties":{}},{"type":"Feature","geometry":{"type":"LineString","coordinates":[[11.9125,44.42098],[11.91116,44.42144]]},"properties":{}},{"type":"Feature","geometry":{"type":"LineString","coordinates":[[11.91131,44.42165],[11.91113,44.4215],[11.91039,44.421]]},"properties":{}},{"type":"Feature","geometry":{"type":"LineString","coordinates":[[11.91131,44.42165],[11.91152,44.42152]]},"properties":{}},{"type":"Feature","geometry":{"type":"LineString","coordinates":[[11.91152,44.42152],[11.91181,44.42176],[11.91189,44.42179],[11.91196,44.42177]]},"properties":{}},{"type":"Feature","geometry":{"type":"LineString","coordinates":[[11.91082,44.42197],[11.91131,44.42165]]},"properties":{}},{"type":"Feature","geometry":{"type":"LineString","coordinates":[[11.91196,44.42177],[11.91203,44.42187]]},"properties":{}},{"type":"Feature","geometry":{"type":"LineString","coordinates":[[11.91194,44.42201],[11.91175,44.42209]]},"properties":{}},{"type":"Feature","geometry":{"type":"LineString","coordinates":[[11.91101,44.4222],[11.91082,44.42197]]},"properties":{}},{"type":"Feature","geometry":{"type":"LineString","coordinates":[[11.91821,44.42206],[11.91851,44.4224],[11.91855,44.4225]]},"properties":{}},{"type":"Feature","geometry":{"type":"LineString","coordinates":[[11.90277,44.42332],[11.90235,44.42271],[11.90212,44.42249]]},"properties":{}},{"type":"Feature","geometry":{"type":"LineString","coordinates":[[11.91194,44.42201],[11.9134,44.42386]]},"properties":{}},{"type":"Feature","geometry":{"type":"LineString","coordinates":[[11.91175,44.42209],[11.91319,44.4239],[11.91319,44.42394]]},"properties":{}},{"type":"Feature","geometry":{"type":"LineString","coordinates":[[11.90976,44.42251],[11.91078,44.42369]]},"properties":{}},{"type":"Feature","geometry":{"type":"LineString","coordinates":[[11.90489,44.42308],[11.90493,44.42313],[11.90511,44.42311]]},"properties":{}},{"type":"Feature","geometry":{"type":"LineString","coordinates":[[11.90461,44.42324],[11.90469,44.42321],[11.90475,44.42312]]},"properties":{}},{"type":"Feature","geometry":{"type":"LineString","coordinates":[[11.92082,44.42082],[11.91902,44.42156],[11.91754,44.42247],[11.91441,44.42369],[11.91409,44.42376],[11.91383,44.42386],[11.91372,44.42386],[11.91346,44.42398],[11.91346,44.42403],[11.91379,44.42442],[11.91507,44.42614],[11.91525,44.42625],[11.91549,44.42625],[11.91624,44.42595],[11.91714,44.42554]]},"properties":{}},{"type":"Feature","geometry":{"type":"LineString","coordinates":[[11.91409,44.42376],[11.91443,44.42416]]},"properties":{}},{"type":"Feature","geometry":{"type":"LineString","coordinates":[[11.91319,44.42394],[11.91152,44.4246]]},"properties":{}},{"type":"Feature","geometry":{"type":"LineString","coordinates":[[11.91326,44.42402],[11.9116,44.4247]]},"properties":{}},{"type":"Feature","geometry":{"type":"LineString","coordinates":[[11.90978,44.42263],[11.91344,44.42702]]},"properties":{}},{"type":"Feature","geometry":{"type":"LineString","coordinates":[[11.91545,44.42478],[11.9157,44.42512]]},"properties":{}},{"type":"Feature","geometry":{"type":"LineString","coordinates":[[11.91146,44.42462],[11.91109,44.42471],[11.911,44.42478],[11.90956,44.42535]]},"properties":{}},{"type":"Feature","geometry":{"type":"LineString","coordinates":[[11.89955,44.42527],[11.90028,44.42499]]},"properties":{}},{"type":"Feature","geometry":{"type":"LineString","coordinates":[[11.89929,44.42525],[11.8994,44.42529],[11.89955,44.42527]]},"properties":{}},{"type":"Feature","geometry":{"type":"LineString","coordinates":[[11.91078,44.42369],[11.91352,44.42702]]},"properties":{}},{"type":"Feature","geometry":{"type":"LineString","coordinates":[[11.89909,44.42547],[11.89919,44.42538],[11.89918,44.42529]]},"properties":{}},{"type":"Feature","geometry":{"type":"LineString","coordinates":[[11.91624,44.42595],[11.9157,44.42512],[11.91501,44.42538]]},"properties":{}},{"type":"Feature","geometry":{"type":"LineString","coordinates":[[11.89836,44.42566],[11.89847,44.42568],[11.89909,44.42547]]},"properties":{}},{"type":"Feature","geometry":{"type":"LineString","coordinates":[[11.9079,44.42334],[11.91124,44.42788]]},"properties":{}},{"type":"Feature","geometry":{"type":"LineString","coordinates":[[11.89804,44.42588],[11.89819,44.4258],[11.89823,44.4257]]},"properties":{}},{"type":"Feature","geometry":{"type":"LineString","coordinates":[[11.9165,44.42638],[11.91626,44.42608]]},"properties":{}},{"type":"Feature","geometry":{"type":"LineString","coordinates":[[11.91724,44.42568],[11.91823,44.42695]]},"properties":{}},{"type":"Feature","geometry":{"type":"LineString","coordinates":[[11.91326,44.42402],[11.915,44.42628],[11.91495,44.42641],[11.91475,44.42653],[11.9138,44.42687],[11.91142,44.42786],[11.91137,44.42782],[11.91124,44.42788],[11.91124,44.42792],[11.90753,44.42935],[11.90748,44.42929]]},"properties":{}},{"type":"Feature","geometry":{"type":"LineString","coordinates":[[11.91173,44.42828],[11.91171,44.4282],[11.91176,44.42799],[11.91189,44.42783],[11.91295,44.42736],[11.91441,44.4268]]},"properties":{}},{"type":"Feature","geometry":{"type":"LineString","coordinates":[[11.90748,44.42929],[11.90707,44.42867],[11.9055,44.42671]]},"properties":{}},{"type":"Feature","geometry":{"type":"LineString","coordinates":[[11.91175,44.42209],[11.91165,44.42201],[11.91046,44.42235],[11.91026,44.42237],[11.9099,44.42251],[11.90987,44.42259],[11.90978,44.42263],[11.90972,44.42259],[11.90964,44.4226],[11.90806,44.42321],[11.90804,44.42329],[11.9079,44.42334],[11.90781,44.42332],[11.90659,44.42377],[11.90579,44.42412],[11.90576,44.4242],[11.90578,44.42427],[11.90569,44.4243],[11.90563,44.42421],[11.90553,44.42422],[11.90546,44.42413],[11.90552,44.42405],[11.90536,44.42383],[11.90487,44.42339],[11.90471,44.42336],[11.9039,44.42367],[11.90381,44.42377],[11.90359,44.42382],[11.90353,44.4239],[11.90355,44.42397],[11.9034,44.42402],[11.90333,44.42395],[11.9022,44.42437],[11.89959,44.4254],[11.89944,44.42553],[11.89925,44.42554],[11.89551,44.42702],[11.89399,44.42765],[11.89392,44.42771],[11.89401,44.42791],[11.89378,44.42804],[11.89356,44.4279],[11.89322,44.4279],[11.88889,44.42964],[11.88817,44.42995],[11.88798,44.43013],[11.88796,44.43024],[11.88798,44.43035],[11.8879,44.43038],[11.88779,44.43042],[11.88764,44.43031],[11.88741,44.43028],[11.88722,44.43034],[11.88489,44.43131],[11.88314,44.43214],[11.88079,44.43292],[11.8807,44.43302],[11.88069,44.43313],[11.8806,44.43317],[11.8804,44.43309],[11.88023,44.43309],[11.87956,44.43332],[11.87767,44.43407],[11.87747,44.4342],[11.87734,44.43439],[11.87729,44.4346],[11.87731,44.43471],[11.87738,44.43484]]},"properties":{}},{"type":"Feature","geometry":{"type":"LineString","coordinates":[[11.91173,44.42828],[11.91205,44.42868]]},"properties":{}},{"type":"Feature","geometry":{"type":"LineString","coordinates":[[11.91954,44.43182],[11.91958,44.43176],[11.91712,44.42865],[11.91654,44.42785],[11.91653,44.42772],[11.91663,44.42766],[11.91662,44.42762],[11.91655,44.42755],[11.91646,44.42756],[11.91623,44.42749],[11.91552,44.42656],[11.91554,44.42645],[11.91561,44.42638],[11.91651,44.42598],[11.91662,44.42597],[11.91672,44.42599],[11.91681,44.42607],[11.91695,44.42601],[11.91689,44.42591],[11.9169,44.42586],[11.91724,44.42568]]},"properties":{}},{"type":"Feature","geometry":{"type":"LineString","coordinates":[[11.90757,44.42948],[11.9109,44.4282],[11.91121,44.42818],[11.91157,44.42832],[11.91213,44.42896],[11.91214,44.42905],[11.9121,44.42913],[11.91141,44.42945],[11.91131,44.42954]]},"properties":{}},{"type":"Feature","geometry":{"type":"LineString","coordinates":[[11.91066,44.4283],[11.91008,44.42951]]},"properties":{}},{"type":"Feature","geometry":{"type":"LineString","coordinates":[[11.9101,44.42915],[11.91039,44.42923]]},"properties":{}},{"type":"Feature","geometry":{"type":"LineString","coordinates":[[11.90988,44.4309],[11.90984,44.43041],[11.9099,44.42996],[11.91008,44.42951]]},"properties":{}},{"type":"Feature","geometry":{"type":"LineString","coordinates":[[11.91543,44.42682],[11.91842,44.43056],[11.92103,44.4337],[11.92108,44.4337]]},"properties":{}},{"type":"Feature","geometry":{"type":"LineString","coordinates":[[11.90988,44.4309],[11.90989,44.43097],[11.90896,44.43134],[11.90895,44.43137],[11.90943,44.43202],[11.90994,44.43257],[11.91053,44.43328],[11.91128,44.43425],[11.91174,44.43503],[11.91201,44.43507]]},"properties":{}},{"type":"Feature","geometry":{"type":"LineString","coordinates":[[11.97549,44.40829],[11.97553,44.4082],[11.97533,44.40781],[11.97538,44.4077],[11.97564,44.40759],[11.97712,44.40721],[11.97835,44.40716]]},"properties":{}},{"type":"Feature","geometry":{"type":"LineString","coordinates":[[11.96798,44.40766],[11.96878,44.40851],[11.96888,44.40858],[11.96985,44.40966]]},"properties":{}},{"type":"Feature","geometry":{"type":"LineString","coordinates":[[11.97896,44.41401],[11.98317,44.41374],[11.98358,44.41367],[11.98407,44.41353],[11.98739,44.41227],[11.98745,44.41216],[11.98739,44.412],[11.98765,44.41191],[11.98776,44.41199],[11.98798,44.41203],[11.9886,44.41183],[11.99273,44.41031],[11.99841,44.40817],[11.99844,44.40801],[11.99854,44.40796],[11.99875,44.40804],[12.0,44.40756]]},"properties":{}},{"type":"Feature","geometry":{"type":"LineString","coordinates":[[11.99091,44.41096],[11.99092,44.41098]]},"properties":{}},{"type":"Feature","geometry":{"type":"LineString","coordinates":[[11.98765,44.41191],[11.9874,44.41171],[11.98709,44.41129],[11.98714,44.41127],[11.9871,44.41122]]},"properties":{}},{"type":"Feature","geometry":{"type":"LineString","coordinates":[[11.97423,44.41385],[11.97402,44.41387],[11.97358,44.41379],[11.97336,44.41371],[11.97314,44.41354],[11.97296,44.41336],[11.96997,44.40961]]},"properties":{}},{"type":"Feature","geometry":{"type":"LineString","coordinates":[[11.98739,44.412],[11.98725,44.41175],[11.98695,44.41134],[11.98552,44.41187],[11.9855,44.4119],[11.98599,44.41258],[11.98586,44.41263],[11.98598,44.4128]]},"properties":{}},{"type":"Feature","geometry":{"type":"LineString","coordinates":[[11.96977,44.41246],[11.97182,44.41213]]},"properties":{}},{"type":"Feature","geometry":{"type":"LineString","coordinates":[[11.9859,44.41296],[11.98315,44.41396]]},"properties":{}},{"type":"Feature","geometry":{"type":"LineString","coordinates":[[11.97151,44.41276],[11.97137,44.41284],[11.96725,44.41369],[11.96623,44.41397],[11.96614,44.41402],[11.96582,44.41399],[11.9648,44.41419],[11.96462,44.41428],[11.96281,44.41466],[11.96272,44.41475]]},"properties":{}},{"type":"Feature","geometry":{"type":"LineString","coordinates":[[11.97488,44.41394],[11.97487,44.41391],[11.9745,44.41389]]},"properties":{}},{"type":"Feature","geometry":{"type":"LineString","coordinates":[[11.97987,44.41406],[11.98303,44.41385],[11.98315,44.41385],[11.98313,44.41391],[11.98315,44.41396]]},"properties":{}},{"type":"Feature","geometry":{"type":"LineString","coordinates":[[11.97332,44.4138],[11.97358,44.41412]]},"properties":{}},{"type":"Feature","geometry":{"type":"LineString","coordinates":[[11.98314,44.41394],[11.98275,44.41407]]},"properties":{}},{"type":"Feature","geometry":{"type":"LineString","coordinates":[[11.97489,44.41406],[11.97488,44.414]]},"properties":{}},{"type":"Feature","geometry":{"type":"LineString","coordinates":[[11.97413,44.41406],[11.97422,44.41403]]},"properties":{}},{"type":"Feature","geometry":{"type":"LineString","coordinates":[[11.98107,44.41392],[11.98119,44.4142],[11.98144,44.41461]]},"properties":{}},{"type":"Feature","geometry":{"type":"LineString","coordinates":[[11.97422,44.41403],[11.97737,44.41418],[11.97864,44.4142],[11.97916,44.41437],[11.97945,44.41454],[11.98002,44.41516],[11.98006,44.41515]]},"properties":{}},{"type":"Feature","geometry":{"type":"LineString","coordinates":[[11.98275,44.41407],[11.98151,44.41457],[11.98035,44.41519]]},"properties":{}},{"type":"Feature","geometry":{"type":"LineString","coordinates":[[11.98048,44.41563],[11.98025,44.41531],[11.98042,44.41519],[11.98162,44.41456],[11.98315,44.41396]]},"properties":{}},{"type":"Feature","geometry":{"type":"LineString","coordinates":[[11.93308,44.412],[11.93042,44.41293],[11.92657,44.4145]]},"properties":{}},{"type":"Feature","geometry":{"type":"LineString","coordinates":[[11.92524,44.41511],[11.92747,44.41428],[11.9305,44.41304],[11.93377,44.41191],[11.93372,44.41184]]},"properties":{}},{"type":"Feature","geometry":{"type":"LineString","coordinates":[[11.92508,44.41512],[11.92518,44.41501]]},"properties":{}},{"type":"Feature","geometry":{"type":"LineString","coordinates":[[11.92393,44.41549],[11.92429,44.41533],[11.92511,44.41506]]},"properties":{}},{"type":"Feature","geometry":{"type":"LineString","coordinates":[[11.92508,44.41512],[11.92432,44.41536],[11.92399,44.41552]]},"properties":{}},{"type":"Feature","geometry":{"type":"LineString","coordinates":[[11.92367,44.41563],[11.92393,44.41549]]},"properties":{}},{"type":"Feature","geometry":{"type":"LineString","coordinates":[[11.92437,44.41577],[11.92441,44.41612]]},"properties":{}},{"type":"Feature","geometry":{"type":"LineString","coordinates":[[11.92735,44.41561],[11.92875,44.41552],[11.92968,44.41552],[11.93554,44.41655],[11.93559,44.41652]]},"properties":{}},{"type":"Feature","geometry":{"type":"LineString","coordinates":[[11.92724,44.41564],[11.92845,44.4171],[11.9289,44.41771],[11.92888,44.41774],[11.92872,44.41776],[11.92872,44.41782]]},"properties":{}},{"type":"Feature","geometry":{"type":"LineString","coordinates":[[11.93102,44.4175],[11.93135,44.41744]]},"properties":{}},{"type":"Feature","geometry":{"type":"LineString","coordinates":[[11.98006,44.41515],[11.98015,44.4151]]},"properties":{}},{"type":"Feature","geometry":{"type":"LineString","coordinates":[[11.98028,44.41518],[11.98015,44.4151]]},"properties":{}},{"type":"Feature","geometry":{"type":"LineString","coordinates":[[11.98002,44.41516],[11.97999,44.41518]]},"properties":{}},{"type":"Feature","geometry":{"type":"LineString","coordinates":[[11.97999,44.41518],[11.97993,44.4152]]},"properties":{}},{"type":"Feature","geometry":{"type":"LineString","coordinates":[[11.98028,44.41518],[11.98036,44.41524]]},"properties":{}},{"type":"Feature","geometry":{"type":"LineString","coordinates":[[11.98035,44.41519],[11.98028,44.41525],[11.98023,44.41534]]},"properties":{}},{"type":"Feature","geometry":{"type":"LineString","coordinates":[[11.97977,44.41544],[11.98001,44.41528],[11.97993,44.4152]]},"properties":{}},{"type":"Feature","geometry":{"type":"LineString","coordinates":[[11.97977,44.41544],[11.97983,44.4155]]},"properties":{}},{"type":"Feature","geometry":{"type":"LineString","coordinates":[[11.98003,44.4156],[11.97991,44.41559],[11.97983,44.4155]]},"properties":{}},{"type":"Feature","geometry":{"type":"LineString","coordinates":[[11.9802,44.4156],[11.98019,44.41556]]},"properties":{}},{"type":"Feature","geometry":{"type":"LineString","coordinates":[[11.98003,44.4156],[11.98015,44.4156]]},"properties":{}},{"type":"Feature","geometry":{"type":"LineString","coordinates":[[11.98015,44.4156],[11.9802,44.4156]]},"properties":{}},{"type":"Feature","geometry":{"type":"LineString","coordinates":[[11.98048,44.41563],[11.98033,44.41567]]},"properties":{}},{"type":"Feature","geometry":{"type":"LineString","coordinates":[[11.98069,44.41599],[11.98055,44.41603]]},"properties":{}},{"type":"Feature","geometry":{"type":"LineString","coordinates":[[11.98048,44.41563],[11.98118,44.41683],[11.98143,44.41691]]},"properties":{}},{"type":"Feature","geometry":{"type":"LineString","coordinates":[[11.98077,44.41642],[11.98071,44.41643]]},"properties":{}},{"type":"Feature","geometry":{"type":"LineString","coordinates":[[11.9802,44.4156],[11.98026,44.4156],[11.98033,44.41567],[11.9807,44.41627],[11.981,44.41692],[11.98138,44.41757],[11.98176,44.41834],[11.98203,44.41857],[11.98228,44.41873],[11.98235,44.41893],[11.98276,44.41921],[11.98303,44.41934]]},"properties":{}},{"type":"Feature","geometry":{"type":"LineString","coordinates":[[11.96934,44.41811],[11.96815,44.41851]]},"properties":{}},{"type":"Feature","geometry":{"type":"LineString","coordinates":[[11.96707,44.41925],[11.96676,44.41861],[11.96686,44.41856],[11.96631,44.41766],[11.96614,44.41742],[11.96603,44.41739]]},"properties":{}},{"type":"Feature","geometry":{"type":"LineString","coordinates":[[11.96468,44.41865],[11.96589,44.4182],[11.96655,44.41806]]},"properties":{}},{"type":"Feature","geometry":{"type":"LineString","coordinates":[[11.96815,44.41851],[11.96749,44.41869]]},"properties":{}},{"type":"Feature","geometry":{"type":"LineString","coordinates":[[11.9669,44.4189],[11.96751,44.41872]]},"properties":{}},{"type":"Feature","geometry":{"type":"LineString","coordinates":[[11.96529,44.41913],[11.96616,44.4188],[11.96678,44.41867]]},"properties":{}},{"type":"Feature","geometry":{"type":"LineString","coordinates":[[11.9683,44.41669],[11.96857,44.41698],[11.96932,44.41792],[11.97063,44.42076],[11.97102,44.4212]]},"properties":{}},{"type":"Feature","geometry":{"type":"LineString","coordinates":[[11.96566,44.41966],[11.96538,44.41922],[11.96498,44.41886],[11.96449,44.41852]]},"properties":{}},{"type":"Feature","geometry":{"type":"LineString","coordinates":[[11.97379,44.4191],[11.9739,44.41915],[11.97419,44.41952],[11.97424,44.41949]]},"properties":{}},{"type":"Feature","geometry":{"type":"LineString","coordinates":[[11.96715,44.41956],[11.96719,44.41951],[11.96707,44.41925]]},"properties":{}},{"type":"Feature","geometry":{"type":"LineString","coordinates":[[11.96539,44.41975],[11.96635,44.4194],[11.96707,44.41925]]},"properties":{}},{"type":"Feature","geometry":{"type":"LineString","coordinates":[[11.97481,44.42001],[11.97495,44.41983]]},"properties":{}},{"type":"Feature","geometry":{"type":"LineString","coordinates":[[11.9655,44.42021],[11.96557,44.42011],[11.96535,44.41977],[11.96539,44.41975]]},"properties":{}},{"type":"Feature","geometry":{"type":"LineString","coordinates":[[11.93102,44.4175],[11.92916,44.41794]]},"properties":{}},{"type":"Feature","geometry":{"type":"LineString","coordinates":[[11.92679,44.41836],[11.92666,44.41824]]},"properties":{}},{"type":"Feature","geometry":{"type":"LineString","coordinates":[[11.92706,44.41826],[11.92766,44.41903],[11.92755,44.41909],[11.92795,44.41959],[11.92967,44.4189],[11.92969,44.41884],[11.92926,44.41826],[11.92906,44.41807],[11.92901,44.41797]]},"properties":{}},{"type":"Feature","geometry":{"type":"LineString","coordinates":[[11.92529,44.41898],[11.92518,44.41885]]},"properties":{}},{"type":"Feature","geometry":{"type":"LineString","coordinates":[[11.92972,44.419],[11.92981,44.41901],[11.93011,44.41946],[11.93047,44.41936]]},"properties":{}},{"type":"Feature","geometry":{"type":"LineString","coordinates":[[11.92901,44.41797],[11.92706,44.41826],[11.92447,44.41932],[11.9243,44.41937],[11.92183,44.4204],[11.92175,44.42039],[11.92113,44.42065],[11.92098,44.42076]]},"properties":{}},{"type":"Feature","geometry":{"type":"LineString","coordinates":[[11.92521,44.42008],[11.92522,44.42],[11.92746,44.4191]]},"properties":{}},{"type":"Feature","geometry":{"type":"LineString","coordinates":[[11.9243,44.41937],[11.92446,44.4194],[11.9255,44.42065],[11.92561,44.42065]]},"properties":{}},{"type":"Feature","geometry":{"type":"LineString","coordinates":[[11.92213,44.42027],[11.92207,44.42019],[11.92221,44.42013],[11.92215,44.42006]]},"properties":{}},{"type":"Feature","geometry":{"type":"LineString","coordinates":[[11.92886,44.42107],[11.92856,44.42053],[11.9286,44.42048]]},"properties":{}},{"type":"Feature","geometry":{"type":"LineString","coordinates":[[11.97121,44.42137],[11.97379,44.4191]]},"properties":{}},{"type":"Feature","geometry":{"type":"LineString","coordinates":[[11.98303,44.41934],[11.98565,44.42055],[11.98656,44.42094],[11.98695,44.42116],[11.98721,44.4214],[11.98776,44.42201],[11.98785,44.42198]]},"properties":{}},{"type":"Feature","geometry":{"type":"LineString","coordinates":[[11.98785,44.42198],[11.98794,44.42196]]},"properties":{}},{"type":"Feature","geometry":{"type":"LineString","coordinates":[[11.96764,44.42398],[11.96769,44.42398],[11.96773,44.4238],[11.96867,44.4236],[11.96995,44.42251],[11.97121,44.42137]]},"properties":{}},{"type":"Feature","geometry":{"type":"LineString","coordinates":[[11.98194,44.42397],[11.98346,44.42139]]},"properties":{}},{"type":"Feature","geometry":{"type":"LineString","coordinates":[[11.9882,44.42462],[11.98796,44.42475]]},"properties":{}},{"type":"Feature","geometry":{"type":"LineString","coordinates":[[11.99177,44.42743],[11.99138,44.42746]]},"properties":{}},{"type":"Feature","geometry":{"type":"LineString","coordinates":[[11.99432,44.42816],[11.99383,44.4282]]},"properties":{}},{"type":"Feature","geometry":{"type":"LineString","coordinates":[[11.92098,44.42076],[11.92082,44.42082]]},"properties":{}},{"type":"Feature","geometry":{"type":"LineString","coordinates":[[11.92342,44.42305],[11.92307,44.42327]]},"properties":{}},{"type":"Feature","geometry":{"type":"LineString","coordinates":[[11.92302,44.42335],[11.92308,44.4235],[11.92291,44.42339]]},"properties":{}},{"type":"Feature","geometry":{"type":"LineString","coordinates":[[11.9193,44.42477],[11.91934,44.42482],[11.92047,44.4244],[11.92061,44.42446],[11.92074,44.42441],[11.92072,44.42432],[11.92079,44.42426],[11.92263,44.42345]]},"properties":{}},{"type":"Feature","geometry":{"type":"LineString","coordinates":[[11.94146,44.43075],[11.94145,44.43066],[11.94149,44.43063],[11.94209,44.43038],[11.94209,44.43034]]},"properties":{}},{"type":"Feature","geometry":{"type":"LineString","coordinates":[[11.94146,44.43075],[11.94136,44.43078],[11.94129,44.43073],[11.94123,44.43074],[11.94099,44.43084]]},"properties":{}},{"type":"Feature","geometry":{"type":"LineString","coordinates":[[11.93805,44.43191],[11.93857,44.43172],[11.94071,44.43084],[11.94076,44.43087]]},"properties":{}},{"type":"Feature","geometry":{"type":"LineString","coordinates":[[11.94031,44.43109],[11.93894,44.43168],[11.93866,44.43181],[11.93862,44.43187]]},"properties":{}},{"type":"Feature","geometry":{"type":"LineString","coordinates":[[11.93701,44.43235],[11.93702,44.43228],[11.93805,44.43191]]},"properties":{}},{"type":"Feature","geometry":{"type":"LineString","coordinates":[[11.92483,44.4517],[11.92718,44.45474],[11.92715,44.45478]]},"properties":{}},{"type":"Feature","geometry":{"type":"LineString","coordinates":[[11.85939,44.43837],[11.85933,44.43838],[11.85929,44.4383],[11.85917,44.43819],[11.85827,44.43753],[11.85826,44.43745],[11.85816,44.43728]]},"properties":{}},{"type":"Feature","geometry":{"type":"LineString","coordinates":[[11.8368,44.43802],[11.83686,44.43794]]},"properties":{}},{"type":"Feature","geometry":{"type":"LineString","coordinates":[[11.8368,44.43802],[11.83691,44.43805]]},"properties":{}},{"type":"Feature","geometry":{"type":"LineString","coordinates":[[11.83683,44.43779],[11.83681,44.43785],[11.83717,44.43851],[11.83711,44.43874],[11.83696,44.43882]]},"properties":{}},{"type":"Feature","geometry":{"type":"LineString","coordinates":[[11.83145,44.43889],[11.83137,44.43877],[11.8312,44.43871],[11.83108,44.43852],[11.83108,44.4384],[11.83082,44.43794],[11.82667,44.43913]]},"properties":{}},{"type":"Feature","geometry":{"type":"LineString","coordinates":[[11.86619,44.43864],[11.86609,44.43868]]},"properties":{}},{"type":"Feature","geometry":{"type":"LineString","coordinates":[[11.8318,44.43948],[11.8368,44.43802]]},"properties":{}},{"type":"Feature","geometry":{"type":"LineString","coordinates":[[11.86609,44.43868],[11.86545,44.43894]]},"properties":{}},{"type":"Feature","geometry":{"type":"LineString","coordinates":[[11.86545,44.43894],[11.86539,44.43896]]},"properties":{}},{"type":"Feature","geometry":{"type":"LineString","coordinates":[[11.82667,44.43913],[11.82652,44.4389],[11.8264,44.43892]]},"properties":{}},{"type":"Feature","geometry":{"type":"LineString","coordinates":[[11.86005,44.44078],[11.859,44.43953],[11.85855,44.43892],[11.85774,44.43792],[11.85767,44.43772],[11.85771,44.43755],[11.85801,44.43731]]},"properties":{}},{"type":"Feature","geometry":{"type":"LineString","coordinates":[[11.83713,44.43911],[11.83531,44.43967]]},"properties":{}},{"type":"Feature","geometry":{"type":"LineString","coordinates":[[11.86539,44.43896],[11.86477,44.43916],[11.86294,44.43955],[11.86283,44.43968],[11.86284,44.43974],[11.8628,44.43987],[11.86286,44.43997]]},"properties":{}},{"type":"Feature","geometry":{"type":"LineString","coordinates":[[11.832,44.43982],[11.83244,44.43973],[11.83408,44.43925],[11.8343,44.43932],[11.83463,44.43923]]},"properties":{}},{"type":"Feature","geometry":{"type":"LineString","coordinates":[[11.82667,44.43913],[11.8269,44.43952],[11.82717,44.43973],[11.8272,44.43979],[11.82719,44.43997],[11.82724,44.44012]]},"properties":{}},{"type":"Feature","geometry":{"type":"LineString","coordinates":[[11.82654,44.43918],[11.82543,44.43949],[11.82545,44.43952],[11.82532,44.43956],[11.8253,44.43953],[11.82515,44.43957],[11.82517,44.4396],[11.82495,44.43967],[11.82493,44.43964],[11.82484,44.43966],[11.82473,44.4397],[11.82475,44.43973],[11.82427,44.43987],[11.82425,44.43984],[11.82414,44.43987],[11.82403,44.43991],[11.82405,44.43994],[11.8236,44.44007],[11.82358,44.44004],[11.82336,44.44011],[11.82337,44.44014],[11.82288,44.44025]]},"properties":{}},{"type":"Feature","geometry":{"type":"LineString","coordinates":[[11.82726,44.44039],[11.83158,44.43914]]},"properties":{}},{"type":"Feature","geometry":{"type":"LineString","coordinates":[[11.86286,44.43997],[11.8627,44.44002]]},"properties":{}},{"type":"Feature","geometry":{"type":"LineString","coordinates":[[11.83463,44.43923],[11.8348,44.43921],[11.83485,44.43926],[11.83481,44.43933],[11.83492,44.43952],[11.83501,44.43957],[11.8353,44.43964],[11.83553,44.44001],[11.83554,44.44009],[11.83597,44.44075],[11.83599,44.44087]]},"properties":{}},{"type":"Feature","geometry":{"type":"LineString","coordinates":[[11.83595,44.4406],[11.83793,44.43999]]},"properties":{}},{"type":"Feature","geometry":{"type":"LineString","coordinates":[[11.82591,44.44112],[11.82572,44.44101],[11.82569,44.44102]]},"properties":{}},{"type":"Feature","geometry":{"type":"LineString","coordinates":[[11.82569,44.44102],[11.82533,44.44111]]},"properties":{}},{"type":"Feature","geometry":{"type":"LineString","coordinates":[[11.83595,44.44098],[11.83539,44.44112],[11.83534,44.44116]]},"properties":{}},{"type":"Feature","geometry":{"type":"LineString","coordinates":[[11.8627,44.44002],[11.86258,44.43991],[11.86247,44.43988],[11.86229,44.43977],[11.86207,44.43982],[11.86025,44.44079],[11.85932,44.44119],[11.85776,44.44172],[11.85677,44.44224],[11.85672,44.44232],[11.85675,44.44241],[11.8567,44.44242]]},"properties":{}},{"type":"Feature","geometry":{"type":"LineString","coordinates":[[11.82533,44.44111],[11.82513,44.44116],[11.82501,44.44115],[11.82477,44.44123]]},"properties":{}},{"type":"Feature","geometry":{"type":"LineString","coordinates":[[11.85889,44.44125],[11.85933,44.44109]]},"properties":{}},{"type":"Feature","geometry":{"type":"LineString","coordinates":[[11.82611,44.44123],[11.82591,44.44112]]},"properties":{}},{"type":"Feature","geometry":{"type":"LineString","coordinates":[[11.82765,44.44104],[11.82729,44.44114],[11.82721,44.4412],[11.82698,44.44127],[11.82682,44.44105],[11.82662,44.441],[11.82596,44.44136]]},"properties":{}},{"type":"Feature","geometry":{"type":"LineString","coordinates":[[11.83534,44.44116],[11.8352,44.4412]]},"properties":{}},{"type":"Feature","geometry":{"type":"LineString","coordinates":[[11.82616,44.44126],[11.82611,44.44123]]},"properties":{}},{"type":"Feature","geometry":{"type":"LineString","coordinates":[[11.82477,44.44123],[11.82446,44.44132]]},"properties":{}},{"type":"Feature","geometry":{"type":"LineString","coordinates":[[11.85846,44.44139],[11.85889,44.44125]]},"properties":{}},{"type":"Feature","geometry":{"type":"LineString","coordinates":[[11.8352,44.4412],[11.83436,44.44144],[11.83428,44.44149]]},"properties":{}},{"type":"Feature","geometry":{"type":"LineString","coordinates":[[11.82596,44.44136],[11.82576,44.44141]]},"properties":{}},{"type":"Feature","geometry":{"type":"LineString","coordinates":[[11.82446,44.44132],[11.82366,44.44157]]},"properties":{}},{"type":"Feature","geometry":{"type":"LineString","coordinates":[[11.83428,44.44149],[11.83413,44.44153]]},"properties":{}},{"type":"Feature","geometry":{"type":"LineString","coordinates":[[11.82383,44.44152],[11.82392,44.44168],[11.82452,44.44151],[11.82442,44.44134]]},"properties":{}},{"type":"Feature","geometry":{"type":"LineString","coordinates":[[11.83467,44.44427],[11.83145,44.43889],[11.8297,44.43937],[11.8297,44.43939],[11.82712,44.44015]]},"properties":{}},{"type":"Feature","geometry":{"type":"LineString","coordinates":[[11.83229,44.44157],[11.8322,44.4416]]},"properties":{}},{"type":"Feature","geometry":{"type":"LineString","coordinates":[[11.83413,44.44153],[11.83406,44.44153],[11.83337,44.44173]]},"properties":{}},{"type":"Feature","geometry":{"type":"LineString","coordinates":[[11.83191,44.44096],[11.8324,44.44176],[11.83236,44.44185],[11.83255,44.44215],[11.83288,44.44226],[11.8331,44.44218],[11.83318,44.44231],[11.83345,44.44222]]},"properties":{}},{"type":"Feature","geometry":{"type":"LineString","coordinates":[[11.83337,44.44173],[11.83335,44.44177]]},"properties":{}},{"type":"Feature","geometry":{"type":"LineString","coordinates":[[11.83335,44.44177],[11.83329,44.44178]]},"properties":{}},{"type":"Feature","geometry":{"type":"LineString","coordinates":[[11.83329,44.44178],[11.83319,44.4418]]},"properties":{}},{"type":"Feature","geometry":{"type":"LineString","coordinates":[[11.85655,44.44222],[11.85762,44.44168],[11.85813,44.44148],[11.85846,44.44139]]},"properties":{}},{"type":"Feature","geometry":{"type":"LineString","coordinates":[[11.82398,44.44262],[11.82718,44.44166],[11.82718,44.44161],[11.82763,44.44147],[11.82769,44.44151],[11.82787,44.44146]]},"properties":{}},{"type":"Feature","geometry":{"type":"LineString","coordinates":[[11.86575,44.44414],[11.86581,44.44411],[11.86545,44.44373],[11.86509,44.44323],[11.86333,44.44071],[11.86312,44.44039],[11.86311,44.44031],[11.86286,44.43997]]},"properties":{}},{"type":"Feature","geometry":{"type":"LineString","coordinates":[[11.83194,44.44233],[11.83255,44.44215]]},"properties":{}},{"type":"Feature","geometry":{"type":"LineString","coordinates":[[11.83981,44.44252],[11.83955,44.44203]]},"properties":{}},{"type":"Feature","geometry":{"type":"LineString","coordinates":[[11.83228,44.44223],[11.83251,44.44264],[11.83276,44.44269]]},"properties":{}},{"type":"Feature","geometry":{"type":"LineString","coordinates":[[11.83276,44.44269],[11.83307,44.44259],[11.83288,44.44226]]},"properties":{}},{"type":"Feature","geometry":{"type":"LineString","coordinates":[[11.8254,44.44228],[11.82572,44.44282]]},"properties":{}},{"type":"Feature","geometry":{"type":"LineString","coordinates":[[11.83276,44.44269],[11.83223,44.44284]]},"properties":{}},{"type":"Feature","geometry":{"type":"LineString","coordinates":[[11.82572,44.44282],[11.82576,44.4429]]},"properties":{}},{"type":"Feature","geometry":{"type":"LineString","coordinates":[[11.8208,44.44359],[11.82057,44.44361],[11.82038,44.44354],[11.82011,44.44315],[11.81961,44.44233]]},"properties":{}},{"type":"Feature","geometry":{"type":"LineString","coordinates":[[11.8228,44.44297],[11.82285,44.44306]]},"properties":{}},{"type":"Feature","geometry":{"type":"LineString","coordinates":[[11.83383,44.44286],[11.83246,44.44325]]},"properties":{}},{"type":"Feature","geometry":{"type":"LineString","coordinates":[[11.82576,44.4429],[11.82605,44.44338]]},"properties":{}},{"type":"Feature","geometry":{"type":"LineString","coordinates":[[11.82289,44.44295],[11.8208,44.44359]]},"properties":{}},{"type":"Feature","geometry":{"type":"LineString","coordinates":[[11.85526,44.44281],[11.85529,44.44285],[11.85438,44.44326],[11.85343,44.44376],[11.85337,44.44388],[11.85323,44.44393]]},"properties":{}},{"type":"Feature","geometry":{"type":"LineString","coordinates":[[11.8208,44.44359],[11.82085,44.44368]]},"properties":{}},{"type":"Feature","geometry":{"type":"LineString","coordinates":[[11.82036,44.4435],[11.82023,44.44354],[11.82013,44.4438],[11.82016,44.44384]]},"properties":{}},{"type":"Feature","geometry":{"type":"LineString","coordinates":[[11.8627,44.44002],[11.86548,44.44398],[11.86595,44.44435],[11.8672,44.44515],[11.86697,44.4453],[11.86705,44.44538],[11.86763,44.44538],[11.86853,44.44595],[11.87008,44.44733],[11.87017,44.44735]]},"properties":{}},{"type":"Feature","geometry":{"type":"LineString","coordinates":[[11.82085,44.44368],[11.82056,44.44377],[11.82053,44.44381],[11.82054,44.44385],[11.8205,44.44387]]},"properties":{}},{"type":"Feature","geometry":{"type":"LineString","coordinates":[[11.82016,44.44384],[11.82019,44.44389]]},"properties":{}},{"type":"Feature","geometry":{"type":"LineString","coordinates":[[11.82632,44.44385],[11.82606,44.44393]]},"properties":{}},{"type":"Feature","geometry":{"type":"LineString","coordinates":[[11.83981,44.44252],[11.83981,44.44261],[11.83974,44.44272],[11.83121,44.44534],[11.83068,44.44548],[11.83037,44.44515],[11.82973,44.44434],[11.82906,44.44326],[11.83071,44.44272]]},"properties":{}},{"type":"Feature","geometry":{"type":"LineString","coordinates":[[11.82605,44.44338],[11.82632,44.44385],[11.82628,44.44388],[11.82645,44.44417],[11.82654,44.44419],[11.82685,44.44469]]},"properties":{}},{"type":"Feature","geometry":{"type":"LineString","coordinates":[[11.81737,44.44373],[11.81777,44.44432],[11.81786,44.44436],[11.81808,44.44431],[11.8183,44.44434],[11.81844,44.4443],[11.81851,44.44436]]},"properties":{}},{"type":"Feature","geometry":{"type":"LineString","coordinates":[[11.83501,44.44431],[11.83489,44.44435],[11.83494,44.44446],[11.83493,44.4445]]},"properties":{}},{"type":"Feature","geometry":{"type":"LineString","coordinates":[[11.82121,44.44505],[11.8205,44.44387]]},"properties":{}},{"type":"Feature","geometry":{"type":"LineString","coordinates":[[11.81777,44.44432],[11.81776,44.44439],[11.81751,44.4445],[11.81744,44.44457],[11.81748,44.44469]]},"properties":{}},{"type":"Feature","geometry":{"type":"LineString","coordinates":[[11.83465,44.44442],[11.83473,44.4444],[11.83484,44.44443],[11.83505,44.44478],[11.8351,44.44479]]},"properties":{}},{"type":"Feature","geometry":{"type":"LineString","coordinates":[[11.86595,44.44435],[11.86579,44.44443],[11.86589,44.44457],[11.86519,44.44484]]},"properties":{}},{"type":"Feature","geometry":{"type":"LineString","coordinates":[[11.81809,44.44475],[11.81809,44.44483]]},"properties":{}},{"type":"Feature","geometry":{"type":"LineString","coordinates":[[11.81809,44.44483],[11.81799,44.44478]]},"properties":{}},{"type":"Feature","geometry":{"type":"LineString","coordinates":[[11.85323,44.44393],[11.85312,44.44393],[11.85126,44.44493],[11.85026,44.44542],[11.84925,44.44583],[11.84918,44.44582]]},"properties":{}},{"type":"Feature","geometry":{"type":"LineString","coordinates":[[11.86206,44.44564],[11.86291,44.4453]]},"properties":{}},{"type":"Feature","geometry":{"type":"LineString","coordinates":[[11.83065,44.44562],[11.83055,44.44561],[11.83002,44.44579]]},"properties":{}},{"type":"Feature","geometry":{"type":"LineString","coordinates":[[11.8275,44.44568],[11.82773,44.44606]]},"properties":{}},{"type":"Feature","geometry":{"type":"LineString","coordinates":[[11.83002,44.44579],[11.82909,44.44607]]},"properties":{}},{"type":"Feature","geometry":{"type":"LineString","coordinates":[[11.81809,44.44483],[11.81949,44.44702],[11.81962,44.44708],[11.81996,44.44697],[11.82003,44.44706]]},"properties":{}},{"type":"Feature","geometry":{"type":"LineString","coordinates":[[11.81809,44.44635],[11.81807,44.44633]]},"properties":{}},{"type":"Feature","geometry":{"type":"LineString","coordinates":[[11.81809,44.44635],[11.81752,44.44652],[11.81746,44.44641],[11.81717,44.4465],[11.81651,44.4468]]},"properties":{}},{"type":"Feature","geometry":{"type":"LineString","coordinates":[[11.86224,44.44577],[11.86224,44.44582],[11.86363,44.44739]]},"properties":{}},{"type":"Feature","geometry":{"type":"LineString","coordinates":[[11.81689,44.44663],[11.81684,44.44655]]},"properties":{}},{"type":"Feature","geometry":{"type":"LineString","coordinates":[[11.81634,44.44679],[11.81644,44.44672],[11.81713,44.44641]]},"properties":{}},{"type":"Feature","geometry":{"type":"LineString","coordinates":[[11.81651,44.4468],[11.81634,44.44679]]},"properties":{}},{"type":"Feature","geometry":{"type":"LineString","coordinates":[[11.82672,44.44684],[11.82629,44.44697]]},"properties":{}},{"type":"Feature","geometry":{"type":"LineString","coordinates":[[11.82629,44.44697],[11.82625,44.44695]]},"properties":{}},{"type":"Feature","geometry":{"type":"LineString","coordinates":[[11.82625,44.44695],[11.82552,44.44714],[11.82542,44.44713]]},"properties":{}},{"type":"Feature","geometry":{"type":"LineString","coordinates":[[11.8243,44.44746],[11.82438,44.44744]]},"properties":{}},{"type":"Feature","geometry":{"type":"LineString","coordinates":[[11.82467,44.44749],[11.82474,44.44747],[11.82473,44.44745]]},"properties":{}},{"type":"Feature","geometry":{"type":"LineString","coordinates":[[11.82419,44.44749],[11.8243,44.44746]]},"properties":{}},{"type":"Feature","geometry":{"type":"LineString","coordinates":[[11.82392,44.44757],[11.82419,44.44749]]},"properties":{}},{"type":"Feature","geometry":{"type":"LineString","coordinates":[[11.82379,44.44761],[11.82392,44.44757]]},"properties":{}},{"type":"Feature","geometry":{"type":"LineString","coordinates":[[11.82713,44.44752],[11.82655,44.4477]]},"properties":{}},{"type":"Feature","geometry":{"type":"LineString","coordinates":[[11.82295,44.44784],[11.82379,44.44761]]},"properties":{}},{"type":"Feature","geometry":{"type":"LineString","coordinates":[[11.82655,44.4477],[11.8266,44.44778]]},"properties":{}},{"type":"Feature","geometry":{"type":"LineString","coordinates":[[11.82547,44.44724],[11.8231,44.44792],[11.82309,44.448],[11.82328,44.44829]]},"properties":{}},{"type":"Feature","geometry":{"type":"LineString","coordinates":[[11.8096,44.40199],[11.81006,44.40261]]},"properties":{}},{"type":"Feature","geometry":{"type":"LineString","coordinates":[[11.77909,44.40758],[11.77929,44.40749],[11.7793,44.40745],[11.77894,44.40699],[11.77877,44.40687],[11.7773,44.405],[11.77573,44.40291],[11.77556,44.40275],[11.7749,44.40194],[11.77472,44.40198],[11.77187,44.40312],[11.7719,44.40315]]},"properties":{}},{"type":"Feature","geometry":{"type":"LineString","coordinates":[[11.80827,44.40025],[11.80811,44.40032],[11.80823,44.40048],[11.80817,44.40058],[11.80828,44.40077],[11.80823,44.40107],[11.8073,44.40339],[11.8071,44.40351],[11.80708,44.40359],[11.8071,44.40369],[11.80686,44.40395],[11.80563,44.4048],[11.80523,44.40493],[11.80482,44.405],[11.80337,44.40515],[11.80293,44.40526],[11.80237,44.40553],[11.79887,44.40695],[11.7969,44.40768],[11.79402,44.40887],[11.79123,44.40996]]},"properties":{}},{"type":"Feature","geometry":{"type":"LineString","coordinates":[[11.78955,44.40779],[11.78952,44.4078]]},"properties":{}},{"type":"Feature","geometry":{"type":"LineString","coordinates":[[11.78952,44.4078],[11.78946,44.40782]]},"properties":{}},{"type":"Feature","geometry":{"type":"LineString","coordinates":[[11.77969,44.40794],[11.77982,44.40792]]},"properties":{}},{"type":"Feature","geometry":{"type":"LineString","coordinates":[[11.77982,44.40792],[11.77984,44.40797],[11.7799,44.40795]]},"properties":{}},{"type":"Feature","geometry":{"type":"LineString","coordinates":[[11.78051,44.40913],[11.78043,44.40898],[11.77971,44.40797],[11.77945,44.40764],[11.77933,44.40762]]},"properties":{}},{"type":"Feature","geometry":{"type":"LineString","coordinates":[[11.78946,44.40782],[11.78616,44.40899]]},"properties":{}},{"type":"Feature","geometry":{"type":"LineString","coordinates":[[11.78955,44.40779],[11.79125,44.40999]]},"properties":{}},{"type":"Feature","geometry":{"type":"LineString","coordinates":[[11.78051,44.40913],[11.7806,44.40911]]},"properties":{}},{"type":"Feature","geometry":{"type":"LineString","coordinates":[[11.78258,44.40905],[11.78268,44.40902],[11.78352,44.40923],[11.78376,44.40935],[11.78406,44.40935],[11.78465,44.40949],[11.78472,44.40948],[11.78477,44.40954]]},"properties":{}},{"type":"Feature","geometry":{"type":"LineString","coordinates":[[11.78465,44.40949],[11.78378,44.40981],[11.78372,44.40989],[11.78353,44.40997],[11.78276,44.40905]]},"properties":{}},{"type":"Feature","geometry":{"type":"LineString","coordinates":[[11.78359,44.40981],[11.78376,44.40935]]},"properties":{}},{"type":"Feature","geometry":{"type":"LineString","coordinates":[[11.78359,44.40981],[11.78345,44.40987]]},"properties":{}},{"type":"Feature","geometry":{"type":"LineString","coordinates":[[11.78359,44.40981],[11.78368,44.40991]]},"properties":{}},{"type":"Feature","geometry":{"type":"LineString","coordinates":[[11.78133,44.41214],[11.78129,44.41216]]},"properties":{}},{"type":"Feature","geometry":{"type":"LineString","coordinates":[[11.78309,44.41323],[11.78226,44.41354],[11.78209,44.4135],[11.7808,44.41136]]},"properties":{}},{"type":"Feature","geometry":{"type":"LineString","coordinates":[[11.78153,44.41247],[11.78149,44.41249]]},"properties":{}},{"type":"Feature","geometry":{"type":"LineString","coordinates":[[11.78171,44.41282],[11.78169,44.41283]]},"properties":{}},{"type":"Feature","geometry":{"type":"LineString","coordinates":[[11.78361,44.413],[11.78322,44.41294]]},"properties":{}},{"type":"Feature","geometry":{"type":"LineString","coordinates":[[11.78367,44.41308],[11.78361,44.413]]},"properties":{}},{"type":"Feature","geometry":{"type":"LineString","coordinates":[[11.78186,44.41304],[11.78182,44.41305]]},"properties":{}},{"type":"Feature","geometry":{"type":"LineString","coordinates":[[11.78307,44.41323],[11.78321,44.41314],[11.78311,44.41299]]},"properties":{}},{"type":"Feature","geometry":{"type":"LineString","coordinates":[[11.78309,44.41323],[11.78315,44.41331]]},"properties":{}},{"type":"Feature","geometry":{"type":"LineString","coordinates":[[11.78607,44.41409],[11.78599,44.414],[11.78644,44.41382]]},"properties":{}},{"type":"Feature","geometry":{"type":"LineString","coordinates":[[11.78348,44.41333],[11.78388,44.41382],[11.78443,44.41462],[11.78449,44.4146]]},"properties":{}},{"type":"Feature","geometry":{"type":"LineString","coordinates":[[11.78449,44.4146],[11.78459,44.41456],[11.78464,44.41463]]},"properties":{}},{"type":"Feature","geometry":{"type":"LineString","coordinates":[[11.79362,44.44821],[11.79367,44.44817],[11.79606,44.44731],[11.79875,44.44629],[11.79882,44.4463]]},"properties":{}},{"type":"Feature","geometry":{"type":"LineString","coordinates":[[11.80371,44.44909],[11.80452,44.44884],[11.80467,44.44883],[11.80491,44.44888],[11.80505,44.44897],[11.80521,44.44915],[11.80535,44.44936],[11.8054,44.44949],[11.80543,44.44969],[11.80541,44.44978],[11.80527,44.44993],[11.80519,44.44998],[11.80364,44.45045],[11.80336,44.45046],[11.80321,44.45042],[11.80293,44.45019],[11.80278,44.44998],[11.80269,44.44969],[11.80271,44.44951],[11.80283,44.44938],[11.80292,44.44933],[11.80371,44.44909]]},"properties":{}},{"type":"Feature","geometry":{"type":"LineString","coordinates":[[11.7719,44.40315],[11.77193,44.40321]]},"properties":{}},{"type":"Feature","geometry":{"type":"LineString","coordinates":[[11.77193,44.40321],[11.77102,44.4035],[11.77093,44.40354],[11.77088,44.40367]]},"properties":{}},{"type":"Feature","geometry":{"type":"LineString","coordinates":[[11.82322,44.44789],[11.82317,44.44778]]},"properties":{}},{"type":"Feature","geometry":{"type":"LineString","coordinates":[[11.82673,44.44774],[11.82603,44.44796],[11.82602,44.448],[11.82598,44.44801]]},"properties":{}},{"type":"Feature","geometry":{"type":"LineString","coordinates":[[11.8205,44.44387],[11.82045,44.44388],[11.82037,44.44383],[11.8182,44.44452],[11.81815,44.44468],[11.81809,44.44475],[11.81794,44.44477],[11.8177,44.44469],[11.81347,44.44607],[11.8055,44.44851],[11.80548,44.44857],[11.80837,44.45204],[11.80845,44.45207],[11.80898,44.45191],[11.80906,44.45196]]},"properties":{}},{"type":"Feature","geometry":{"type":"LineString","coordinates":[[11.82265,44.44797],[11.82262,44.44792],[11.82238,44.44799],[11.82225,44.44798],[11.82216,44.44801],[11.82207,44.44808],[11.82164,44.44821],[11.82148,44.44816]]},"properties":{}},{"type":"Feature","geometry":{"type":"LineString","coordinates":[[11.82469,44.44848],[11.82483,44.44844]]},"properties":{}},{"type":"Feature","geometry":{"type":"LineString","coordinates":[[11.82365,44.44897],[11.82367,44.44884],[11.82377,44.44872],[11.82465,44.44842],[11.8248,44.44864]]},"properties":{}},{"type":"Feature","geometry":{"type":"LineString","coordinates":[[11.82343,44.4489],[11.82365,44.4489]]},"properties":{}},{"type":"Feature","geometry":{"type":"LineString","coordinates":[[11.82245,44.44901],[11.82237,44.44887]]},"properties":{}},{"type":"Feature","geometry":{"type":"LineString","coordinates":[[11.82245,44.44901],[11.82248,44.44908],[11.82323,44.44885],[11.8234,44.44884],[11.82373,44.44947],[11.82368,44.44951]]},"properties":{}},{"type":"Feature","geometry":{"type":"LineString","coordinates":[[11.82128,44.44923],[11.82103,44.44921]]},"properties":{}},{"type":"Feature","geometry":{"type":"LineString","coordinates":[[11.87425,44.43546],[11.87234,44.43619],[11.87229,44.43624],[11.87231,44.43637],[11.87219,44.43642],[11.87207,44.43634],[11.87191,44.43636],[11.86836,44.43777],[11.86835,44.43788],[11.86824,44.43792],[11.86819,44.43786],[11.86811,44.43787],[11.86619,44.43864]]},"properties":{}},{"type":"Feature","geometry":{"type":"LineString","coordinates":[[11.88941,44.44173],[11.88944,44.44184],[11.88854,44.44426],[11.88813,44.44526],[11.88806,44.44529]]},"properties":{}},{"type":"Feature","geometry":{"type":"LineString","coordinates":[[11.88531,44.4522],[11.88539,44.45227],[11.88524,44.45272],[11.88528,44.45276],[11.88534,44.45276],[11.88557,44.45268]]},"properties":{}},{"type":"Feature","geometry":{"type":"LineString","coordinates":[[11.88459,44.45242],[11.8846,44.45263],[11.88434,44.45283],[11.8842,44.453]]},"properties":{}},{"type":"Feature","geometry":{"type":"LineString","coordinates":[[11.88564,44.45278],[11.88535,44.45292],[11.88522,44.45302],[11.88514,44.45321],[11.88516,44.45329],[11.88523,44.45334]]},"properties":{}},{"type":"Feature","geometry":{"type":"LineString","coordinates":[[11.88424,44.45313],[11.88433,44.45317],[11.88448,44.45332],[11.88459,44.4538],[11.88457,44.45398],[11.88424,44.4549],[11.88428,44.45493]]},"properties":{}},{"type":"Feature","geometry":{"type":"LineString","coordinates":[[11.88432,44.45481],[11.88441,44.45477],[11.88477,44.45391],[11.88472,44.45345],[11.88485,44.45335],[11.88501,44.45336],[11.88514,44.45342]]},"properties":{}},{"type":"Feature","geometry":{"type":"LineString","coordinates":[[11.88295,44.45886],[11.88285,44.45895],[11.88218,44.46095]]},"properties":{}},{"type":"Feature","geometry":{"type":"LineString","coordinates":[[11.82368,44.44951],[11.82373,44.44959]]},"properties":{}},{"type":"Feature","geometry":{"type":"LineString","coordinates":[[11.82382,44.44961],[11.82392,44.44958]]},"properties":{}},{"type":"Feature","geometry":{"type":"LineString","coordinates":[[11.82373,44.44959],[11.82375,44.44963],[11.82382,44.44961]]},"properties":{}},{"type":"Feature","geometry":{"type":"LineString","coordinates":[[11.83158,44.44792],[11.83161,44.44798],[11.83168,44.448],[11.83255,44.44949],[11.83375,44.45144],[11.83386,44.45159]]},"properties":{}},{"type":"Feature","geometry":{"type":"LineString","coordinates":[[11.80677,44.45024],[11.80512,44.45074]]},"properties":{}},{"type":"Feature","geometry":{"type":"LineString","coordinates":[[11.80505,44.45062],[11.80321,44.45118]]},"properties":{}},{"type":"Feature","geometry":{"type":"LineString","coordinates":[[11.80845,44.45207],[11.80802,44.45222],[11.80328,44.45361],[11.80309,44.45357],[11.803,44.45348],[11.80289,44.45351],[11.80293,44.45358],[11.80292,44.45366],[11.80281,44.45374],[11.79908,44.45486],[11.79903,44.45493]]},"properties":{}},{"type":"Feature","geometry":{"type":"LineString","coordinates":[[11.89297,44.47577],[11.89292,44.4758],[11.89312,44.47603],[11.89362,44.47641],[11.89628,44.47786],[11.89685,44.47825],[11.89704,44.4784],[11.89766,44.47903],[11.89769,44.47903]]},"properties":{}},{"type":"Feature","geometry":{"type":"LineString","coordinates":[[11.98794,44.42196],[11.988,44.42194],[11.98804,44.42205],[11.98815,44.42251],[11.98812,44.42273],[11.98795,44.42302],[11.98756,44.4236],[11.9875,44.4238],[11.98755,44.42401],[11.98767,44.42419],[11.98999,44.42608],[11.99184,44.42748],[11.99209,44.42759],[11.99313,44.42769],[11.99344,44.42777],[11.99386,44.42795],[11.99503,44.42852],[11.99548,44.42879],[11.99655,44.42973],[11.99685,44.42988],[11.99783,44.43023],[11.9982,44.43011],[11.99843,44.43011],[11.99893,44.43028],[11.99932,44.43036],[11.9995,44.43045],[11.99968,44.43063],[11.99991,44.43099],[12.0,44.43107]]},"properties":{}},{"type":"Feature","geometry":{"type":"LineString","coordinates":[[11.96768,44.46546],[11.96718,44.46535],[11.9669,44.4652]]},"properties":{}},{"type":"Feature","geometry":{"type":"LineString","coordinates":[[11.95267,44.4623],[11.95254,44.46227],[11.95244,44.46217],[11.95242,44.46189],[11.95247,44.46167],[11.95245,44.46149],[11.95239,44.46138]]},"properties":{}},{"type":"Feature","geometry":{"type":"LineString","coordinates":[[11.9555,44.46323],[11.95541,44.46316],[11.95512,44.46275]]},"properties":{}},{"type":"Feature","geometry":{"type":"LineString","coordinates":[[11.95538,44.46313],[11.9555,44.46309]]},"properties":{}},{"type":"Feature","geometry":{"type":"LineString","coordinates":[[11.95542,44.46327],[11.9555,44.46323],[11.95556,44.46325],[11.9556,44.46332],[11.95556,44.46336],[11.95547,44.46336],[11.95541,44.46331],[11.95542,44.46327]]},"properties":{}},{"type":"Feature","geometry":{"type":"LineString","coordinates":[[11.95708,44.46655],[11.95681,44.46653],[11.95674,44.46647],[11.95568,44.46482],[11.95568,44.46475],[11.95576,44.46471],[11.9557,44.46463],[11.9556,44.46465],[11.95551,44.46462],[11.95397,44.46224],[11.95361,44.46226],[11.95342,44.46224],[11.95245,44.46231],[11.95111,44.46248],[11.94955,44.46285],[11.94849,44.46315],[11.94625,44.46393],[11.94595,44.46398],[11.94567,44.46397],[11.94535,44.46389],[11.94276,44.4621],[11.94115,44.46109],[11.94081,44.46085],[11.94004,44.46012]]},"properties":{}},{"type":"Feature","geometry":{"type":"LineString","coordinates":[[11.95508,44.46377],[11.95561,44.46358],[11.95566,44.46347],[11.95563,44.46342],[11.95553,44.46337]]},"properties":{}},{"type":"Feature","geometry":{"type":"LineString","coordinates":[[11.94915,44.46534],[11.94937,44.46451],[11.94958,44.46442],[11.94963,44.46436],[11.94964,44.46425],[11.94956,44.46396],[11.94949,44.46386],[11.94948,44.4638],[11.94952,44.46374],[11.94981,44.46368],[11.95076,44.46359],[11.9507,44.46338]]},"properties":{}},{"type":"Feature","geometry":{"type":"LineString","coordinates":[[11.95089,44.4639],[11.951,44.46406],[11.95107,44.4641],[11.95123,44.46406],[11.95139,44.46388],[11.95174,44.46386],[11.95174,44.46417],[11.9517,44.46422],[11.95174,44.46427],[11.95173,44.46453],[11.95165,44.46464],[11.95164,44.4647],[11.95154,44.4648],[11.9514,44.46485],[11.95036,44.46495],[11.95013,44.46458]]},"properties":{}},{"type":"Feature","geometry":{"type":"LineString","coordinates":[[11.95061,44.46492],[11.95094,44.46421],[11.95104,44.46408]]},"properties":{}},{"type":"Feature","geometry":{"type":"LineString","coordinates":[[11.95076,44.46359],[11.95089,44.4639],[11.95022,44.46416],[11.95013,44.46428],[11.9501,44.46438],[11.95013,44.46458],[11.94999,44.46468],[11.94973,44.46473],[11.94961,44.46482],[11.94955,44.46516],[11.94961,44.46527],[11.94949,44.46543]]},"properties":{}},{"type":"Feature","geometry":{"type":"LineString","coordinates":[[11.94893,44.46532],[11.94918,44.46534],[11.94979,44.46551],[11.95023,44.46572],[11.95026,44.46587],[11.95024,44.46609]]},"properties":{}},{"type":"Feature","geometry":{"type":"LineString","coordinates":[[11.95563,44.46875],[11.9556,44.46887],[11.95547,44.46899],[11.95294,44.46946],[11.95271,44.46943],[11.95237,44.46917],[11.95207,44.46848]]},"properties":{}},{"type":"Feature","geometry":{"type":"LineString","coordinates":[[11.94756,44.47534],[11.94765,44.47537],[11.94805,44.47664],[11.94805,44.47688],[11.94793,44.47713],[11.94776,44.47728],[11.94648,44.4777],[11.94626,44.47786],[11.9459,44.47823],[11.94575,44.47846],[11.94577,44.47864],[11.94611,44.47915],[11.94606,44.47929]]},"properties":{}},{"type":"Feature","geometry":{"type":"LineString","coordinates":[[11.9479,44.47639],[11.94787,44.47645],[11.94794,44.47673],[11.94786,44.47707],[11.9477,44.47722],[11.94637,44.47766],[11.94604,44.47793],[11.94573,44.47832],[11.94564,44.47851]]},"properties":{}},{"type":"Feature","geometry":{"type":"LineString","coordinates":[[11.96788,44.46574],[11.96791,44.46555],[11.96768,44.46546],[11.96767,44.46534]]},"properties":{}},{"type":"Feature","geometry":{"type":"LineString","coordinates":[[11.96429,44.46756],[11.96215,44.46818],[11.95968,44.46896],[11.95701,44.47017],[11.95674,44.47014],[11.95659,44.47005],[11.95628,44.46968],[11.9559,44.46907],[11.95559,44.46908],[11.95269,44.46966],[11.95266,44.46961]]},"properties":{}},{"type":"Feature","geometry":{"type":"LineString","coordinates":[[11.96432,44.46763],[11.96438,44.46764],[11.9656,44.47037],[11.96629,44.47181],[11.96661,44.47295],[11.96684,44.47301],[11.96686,44.47308],[11.96669,44.47311],[11.96668,44.47318],[11.96706,44.47423],[11.96742,44.47486],[11.96779,44.47565],[11.96796,44.47641]]},"properties":{}},{"type":"Feature","geometry":{"type":"LineString","coordinates":[[11.96168,44.47401],[11.96081,44.47352],[11.96003,44.47289],[11.95958,44.47245],[11.95842,44.47155],[11.95738,44.47081],[11.95692,44.47039],[11.95716,44.47026],[11.95711,44.4702]]},"properties":{}},{"type":"Feature","geometry":{"type":"LineString","coordinates":[[11.95679,44.47035],[11.95677,44.47041],[11.95711,44.47072],[11.95882,44.472],[11.95956,44.47259],[11.96038,44.47335],[11.96074,44.4736],[11.96151,44.47405]]},"properties":{}}]}