{"type":"FeatureCollection","features":[{"type":"Feature","geometry":{"type":"LineString","coordinates":[[12.24913,44.25],[12.24941,44.25017],[12.25,44.25041]]},"properties":{}},{"type":"Feature","geometry":{"type":"LineString","coordinates":[[12.25,44.25407],[12.24794,44.25214],[12.24674,44.25113],[12.24548,44.25]]},"properties":{}},{"type":"Feature","geometry":{"type":"LineString","coordinates":[[12.08531,44.25],[12.08752,44.25129]]},"properties":{}},{"type":"Feature","geometry":{"type":"LineString","coordinates":[[12.05731,44.26137],[12.05741,44.26128],[12.05745,44.26111],[12.05778,44.26092],[12.06182,44.25932]]},"properties":{}},{"type":"Feature","geometry":{"type":"LineString","coordinates":[[12.04308,44.26272],[12.04287,44.26215],[12.04297,44.26073]]},"properties":{}},{"type":"Feature","geometry":{"type":"LineString","coordinates":[[12.04335,44.26303],[12.04308,44.26272]]},"properties":{}},{"type":"Feature","geometry":{"type":"LineString","coordinates":[[12.04458,44.26474],[12.04542,44.26437]]},"properties":{}},{"type":"Feature","geometry":{"type":"LineString","coordinates":[[12.08082,44.35554],[12.06612,44.36013],[12.0659,44.36009],[12.05969,44.36175],[12.05861,44.36209],[12.05506,44.36358],[12.05182,44.3648],[12.048,44.36635],[12.04607,44.36708],[12.03814,44.37021],[12.03766,44.37039],[12.03763,44.37036],[12.03678,44.3707],[12.03601,44.36994],[12.03581,44.36992],[12.03568,44.36993],[12.03448,44.37057]]},"properties":{}},{"type":"Feature","geometry":{"type":"LineString","coordinates":[[12.02614,44.36566],[12.02491,44.36676]]},"properties":{}},{"type":"Feature","geometry":{"type":"LineString","coordinates":[[12.00878,44.2542],[12.0083,44.25458],[12.00791,44.25481],[12.00743,44.25502],[12.00689,44.25519],[12.00467,44.25569],[12.00316,44.25573],[12.0027,44.25585],[12.00097,44.25654],[12.0,44.25723]]},"properties":{}},{"type":"Feature","geometry":{"type":"LineString","coordinates":[[12.0,44.29209],[12.00016,44.2924]]},"properties":{}},{"type":"Feature","geometry":{"type":"LineString","coordinates":[[12.02486,44.36663],[12.02497,44.3667]]},"properties":{}},{"type":"Feature","geometry":{"type":"LineString","coordinates":[[12.02573,44.36745],[12.02737,44.36637],[12.02739,44.36619]]},"properties":{}},{"type":"Feature","geometry":{"type":"LineString","coordinates":[[12.02495,44.36673],[12.02581,44.36745]]},"properties":{}},{"type":"Feature","geometry":{"type":"LineString","coordinates":[[12.02358,44.37036],[12.02493,44.37135],[12.025,44.37136]]},"properties":{}},{"type":"Feature","geometry":{"type":"LineString","coordinates":[[12.02493,44.37135],[12.02488,44.37164],[12.02491,44.37178],[12.02564,44.37231],[12.0257,44.37227]]},"properties":{}},{"type":"Feature","geometry":{"type":"LineString","coordinates":[[12.03287,44.37264],[12.03488,44.37153]]},"properties":{}},{"type":"Feature","geometry":{"type":"LineString","coordinates":[[12.03949,44.37191],[12.03671,44.37287]]},"properties":{}},{"type":"Feature","geometry":{"type":"LineString","coordinates":[[12.03728,44.37229],[12.03754,44.37266]]},"properties":{}},{"type":"Feature","geometry":{"type":"LineString","coordinates":[[12.03655,44.37257],[12.03679,44.37293]]},"properties":{}},{"type":"Feature","geometry":{"type":"LineString","coordinates":[[12.03294,44.37863],[12.03301,44.37859],[12.03365,44.3786]]},"properties":{}},{"type":"Feature","geometry":{"type":"LineString","coordinates":[[12.19237,44.25],[12.19235,44.25031]]},"properties":{}},{"type":"Feature","geometry":{"type":"LineString","coordinates":[[12.16592,44.30502],[12.16653,44.30546],[12.1677,44.3064],[12.17008,44.30771],[12.17058,44.30805],[12.17094,44.30836],[12.17108,44.30864],[12.17111,44.30881],[12.17122,44.31068],[12.17105,44.31124],[12.17086,44.31173],[12.17075,44.31261],[12.17072,44.31305],[12.17075,44.31317],[12.17082,44.31336],[12.17137,44.3143],[12.17165,44.31469],[12.17197,44.31505],[12.17495,44.31948],[12.1753,44.32011],[12.1758,44.32117],[12.17599,44.32163],[12.17594,44.3224],[12.17581,44.32324],[12.17578,44.32373],[12.17579,44.32464],[12.17591,44.32497],[12.1766,44.32587],[12.17663,44.32596],[12.17645,44.32607],[12.1756,44.32631],[12.17513,44.32648],[12.17468,44.32669],[12.17459,44.32678]]},"properties":{}},{"type":"Feature","geometry":{"type":"LineString","coordinates":[[12.14373,44.30404],[12.14248,44.30391]]},"properties":{}},{"type":"Feature","geometry":{"type":"LineString","coordinates":[[12.1461,44.41662],[12.14539,44.41654],[12.1451,44.41688],[12.14517,44.41707],[12.14512,44.41725]]},"properties":{}},{"type":"Feature","geometry":{"type":"LineString","coordinates":[[12.14512,44.41725],[12.14507,44.4174]]},"properties":{}},{"type":"Feature","geometry":{"type":"LineString","coordinates":[[12.08564,44.25],[12.08611,44.25009],[12.08634,44.25]]},"properties":{}},{"type":"Feature","geometry":{"type":"LineString","coordinates":[[12.08531,44.25],[12.08366,44.25069],[12.0836,44.25066],[12.08318,44.25013],[12.08307,44.2501],[12.08299,44.25]]},"properties":{}},{"type":"Feature","geometry":{"type":"LineString","coordinates":[[12.10179,44.27047],[12.10188,44.27051],[12.10202,44.27088],[12.10207,44.27092],[12.10285,44.27076],[12.10293,44.27079],[12.10301,44.27112],[12.10306,44.2712]]},"properties":{}},{"type":"Feature","geometry":{"type":"LineString","coordinates":[[12.07581,44.36078],[12.07561,44.36013],[12.07545,44.35985],[12.07478,44.35888],[12.07456,44.35891],[12.0745,44.35885],[12.07466,44.35878],[12.07466,44.35874],[12.07416,44.3582],[12.074,44.35823],[12.07396,44.35818],[12.07409,44.35815],[12.07408,44.35811],[12.07378,44.3578],[12.07367,44.35776]]},"properties":{}},{"type":"Feature","geometry":{"type":"LineString","coordinates":[[12.07794,44.35987],[12.07612,44.36088],[12.07601,44.36088],[12.07595,44.36076]]},"properties":{}},{"type":"Feature","geometry":{"type":"LineString","coordinates":[[12.20174,44.37839],[12.20157,44.37767],[12.20158,44.37761],[12.20168,44.3775],[12.20191,44.37745],[12.20316,44.37753]]},"properties":{}},{"type":"Feature","geometry":{"type":"LineString","coordinates":[[12.20329,44.37754],[12.20338,44.37755],[12.20368,44.37875],[12.20383,44.37912]]},"properties":{}},{"type":"Feature","geometry":{"type":"LineString","coordinates":[[12.20189,44.37942],[12.20203,44.3794],[12.20178,44.37843]]},"properties":{}},{"type":"Feature","geometry":{"type":"LineString","coordinates":[[12.19869,44.38305],[12.19867,44.38302],[12.19941,44.38279],[12.19959,44.38266],[12.19954,44.38263]]},"properties":{}},{"type":"Feature","geometry":{"type":"LineString","coordinates":[[12.19869,44.38305],[12.19882,44.38324]]},"properties":{}},{"type":"Feature","geometry":{"type":"LineString","coordinates":[[12.19889,44.38335],[12.19882,44.38324]]},"properties":{}},{"type":"Feature","geometry":{"type":"LineString","coordinates":[[12.19828,44.38406],[12.19952,44.38491]]},"properties":{}},{"type":"Feature","geometry":{"type":"LineString","coordinates":[[12.20936,44.39016],[12.20891,44.3894],[12.20679,44.38766],[12.20531,44.38657],[12.20391,44.38576],[12.20379,44.38577],[12.20372,44.38573],[12.2037,44.38566],[12.20317,44.38539],[12.20287,44.3853],[12.20213,44.38487],[12.20103,44.38451],[12.20048,44.38444],[12.2003,44.38446],[12.19964,44.38496],[12.19952,44.38491]]},"properties":{}},{"type":"Feature","geometry":{"type":"LineString","coordinates":[[12.1759,44.39334],[12.17651,44.39382]]},"properties":{}},{"type":"Feature","geometry":{"type":"LineString","coordinates":[[12.17651,44.39382],[12.17658,44.39388]]},"properties":{}},{"type":"Feature","geometry":{"type":"LineString","coordinates":[[12.17658,44.39388],[12.17711,44.39432]]},"properties":{}},{"type":"Feature","geometry":{"type":"LineString","coordinates":[[12.1811,44.3943],[12.18115,44.39427],[12.1814,44.39434]]},"properties":{}},{"type":"Feature","geometry":{"type":"LineString","coordinates":[[12.18076,44.39506],[12.1814,44.39434]]},"properties":{}},{"type":"Feature","geometry":{"type":"LineString","coordinates":[[12.18186,44.39378],[12.18221,44.39342],[12.18249,44.39331],[12.18277,44.39328],[12.18302,44.39331],[12.18386,44.39355],[12.18527,44.39405],[12.18538,44.39412],[12.18549,44.39425],[12.18552,44.39438],[12.18546,44.39582],[12.18551,44.3959],[12.18572,44.39601],[12.18579,44.39608],[12.18583,44.3962],[12.1858,44.3964]]},"properties":{}},{"type":"Feature","geometry":{"type":"LineString","coordinates":[[12.17736,44.39703],[12.17732,44.39705],[12.17726,44.39703],[12.17668,44.3965],[12.17632,44.39577],[12.17623,44.39566],[12.17599,44.39554],[12.17574,44.39527],[12.17451,44.39424],[12.17439,44.39405],[12.17438,44.39386],[12.17452,44.39364],[12.17552,44.393],[12.1758,44.39293],[12.17592,44.39282],[12.17607,44.39276],[12.17633,44.39278],[12.17647,44.39284],[12.17657,44.39299],[12.17742,44.39376],[12.17931,44.3947],[12.17963,44.39478],[12.17995,44.3947],[12.18186,44.39378]]},"properties":{}},{"type":"Feature","geometry":{"type":"LineString","coordinates":[[12.18066,44.39524],[12.18075,44.39513],[12.18076,44.39506]]},"properties":{}},{"type":"Feature","geometry":{"type":"LineString","coordinates":[[12.18063,44.39527],[12.18066,44.39524]]},"properties":{}},{"type":"Feature","geometry":{"type":"LineString","coordinates":[[12.19544,44.39699],[12.19538,44.39698]]},"properties":{}},{"type":"Feature","geometry":{"type":"LineString","coordinates":[[12.19554,44.39701],[12.19544,44.39699]]},"properties":{}},{"type":"Feature","geometry":{"type":"LineString","coordinates":[[12.18564,44.39651],[12.18597,44.39671],[12.18786,44.39738],[12.18799,44.39746],[12.18799,44.39754]]},"properties":{}},{"type":"Feature","geometry":{"type":"LineString","coordinates":[[12.19575,44.39706],[12.19554,44.39701]]},"properties":{}},{"type":"Feature","geometry":{"type":"LineString","coordinates":[[12.19585,44.39709],[12.19575,44.39706]]},"properties":{}},{"type":"Feature","geometry":{"type":"LineString","coordinates":[[12.19629,44.39853],[12.19549,44.39806],[12.19536,44.39786],[12.19538,44.39698],[12.19518,44.39683],[12.19123,44.39577],[12.19092,44.39574],[12.19053,44.39576],[12.19027,44.39581],[12.19,44.39592],[12.18967,44.39613],[12.18942,44.39641],[12.18875,44.39736],[12.18878,44.39751],[12.18892,44.39761]]},"properties":{}},{"type":"Feature","geometry":{"type":"LineString","coordinates":[[12.19737,44.39773],[12.1973,44.39746],[12.19705,44.39729],[12.19621,44.39705],[12.19585,44.39709]]},"properties":{}},{"type":"Feature","geometry":{"type":"LineString","coordinates":[[12.18799,44.39754],[12.18791,44.39767]]},"properties":{}},{"type":"Feature","geometry":{"type":"LineString","coordinates":[[12.18791,44.39767],[12.18782,44.39779]]},"properties":{}},{"type":"Feature","geometry":{"type":"LineString","coordinates":[[12.18884,44.39772],[12.18871,44.39769],[12.1886,44.3977],[12.18844,44.39778]]},"properties":{}},{"type":"Feature","geometry":{"type":"LineString","coordinates":[[12.18844,44.39778],[12.18837,44.39791]]},"properties":{}},{"type":"Feature","geometry":{"type":"LineString","coordinates":[[12.18837,44.39791],[12.18822,44.39811]]},"properties":{}},{"type":"Feature","geometry":{"type":"LineString","coordinates":[[12.19744,44.39773],[12.19737,44.39773],[12.19733,44.39811],[12.19714,44.39838],[12.19714,44.39846]]},"properties":{}},{"type":"Feature","geometry":{"type":"LineString","coordinates":[[12.18774,44.39814],[12.18788,44.39823]]},"properties":{}},{"type":"Feature","geometry":{"type":"LineString","coordinates":[[12.18796,44.39827],[12.18822,44.39811]]},"properties":{}},{"type":"Feature","geometry":{"type":"LineString","coordinates":[[12.18884,44.39772],[12.18876,44.39785],[12.1888,44.39811],[12.18874,44.39825],[12.18873,44.39839],[12.1888,44.39873]]},"properties":{}},{"type":"Feature","geometry":{"type":"LineString","coordinates":[[12.18796,44.39827],[12.18788,44.39833]]},"properties":{}},{"type":"Feature","geometry":{"type":"LineString","coordinates":[[12.18788,44.39833],[12.1878,44.39838]]},"properties":{}},{"type":"Feature","geometry":{"type":"LineString","coordinates":[[12.20603,44.39942],[12.20597,44.39889],[12.20589,44.39882],[12.20505,44.39888],[12.20502,44.39864],[12.20461,44.39845],[12.2039,44.39825],[12.20255,44.39803],[12.20156,44.39794],[12.19992,44.3979],[12.19895,44.39776],[12.19796,44.39751],[12.19784,44.39751],[12.19765,44.39759],[12.1976,44.39773],[12.19755,44.39773]]},"properties":{}},{"type":"Feature","geometry":{"type":"LineString","coordinates":[[12.19714,44.39846],[12.19714,44.39858]]},"properties":{}},{"type":"Feature","geometry":{"type":"LineString","coordinates":[[12.1878,44.39838],[12.1875,44.39861],[12.18734,44.39879]]},"properties":{}},{"type":"Feature","geometry":{"type":"LineString","coordinates":[[12.19714,44.39858],[12.19714,44.39865],[12.19766,44.39869]]},"properties":{}},{"type":"Feature","geometry":{"type":"LineString","coordinates":[[12.18844,44.39876],[12.1888,44.39873]]},"properties":{}},{"type":"Feature","geometry":{"type":"LineString","coordinates":[[12.2156,44.39815],[12.21574,44.39739]]},"properties":{}},{"type":"Feature","geometry":{"type":"LineString","coordinates":[[12.2156,44.3982],[12.2156,44.39815]]},"properties":{}},{"type":"Feature","geometry":{"type":"LineString","coordinates":[[12.21492,44.39956],[12.21528,44.39844],[12.21543,44.39825],[12.2156,44.3982]]},"properties":{}},{"type":"Feature","geometry":{"type":"LineString","coordinates":[[12.20672,44.39954],[12.20684,44.39951],[12.20686,44.39942],[12.20703,44.39939]]},"properties":{}},{"type":"Feature","geometry":{"type":"LineString","coordinates":[[12.21485,44.39973],[12.21492,44.39956]]},"properties":{}},{"type":"Feature","geometry":{"type":"LineString","coordinates":[[12.21482,44.39979],[12.21485,44.39973]]},"properties":{}},{"type":"Feature","geometry":{"type":"LineString","coordinates":[[12.21476,44.39987],[12.21482,44.39979]]},"properties":{}},{"type":"Feature","geometry":{"type":"LineString","coordinates":[[12.21472,44.39995],[12.21476,44.39987]]},"properties":{}},{"type":"Feature","geometry":{"type":"LineString","coordinates":[[12.21105,44.39997],[12.21104,44.40007]]},"properties":{}},{"type":"Feature","geometry":{"type":"LineString","coordinates":[[12.21465,44.4001],[12.21472,44.39995]]},"properties":{}},{"type":"Feature","geometry":{"type":"LineString","coordinates":[[12.18733,44.39881],[12.18762,44.39888],[12.18792,44.39891],[12.18817,44.39881],[12.18844,44.39876]]},"properties":{}},{"type":"Feature","geometry":{"type":"LineString","coordinates":[[12.1888,44.39873],[12.18883,44.39891],[12.18892,44.39897],[12.18906,44.39901]]},"properties":{}},{"type":"Feature","geometry":{"type":"LineString","coordinates":[[12.18822,44.39811],[12.18829,44.39819],[12.18837,44.39848],[12.18853,44.39939],[12.18861,44.39956],[12.1885,44.39972],[12.18857,44.39974]]},"properties":{}},{"type":"Feature","geometry":{"type":"LineString","coordinates":[[12.18686,44.39907],[12.18674,44.39924]]},"properties":{}},{"type":"Feature","geometry":{"type":"LineString","coordinates":[[12.18711,44.39913],[12.18698,44.39934]]},"properties":{}},{"type":"Feature","geometry":{"type":"LineString","coordinates":[[12.20629,44.39955],[12.20656,44.39958]]},"properties":{}},{"type":"Feature","geometry":{"type":"LineString","coordinates":[[12.18961,44.40097],[12.18975,44.40083],[12.19002,44.40067],[12.19092,44.39953],[12.19093,44.39926],[12.19127,44.39862]]},"properties":{}},{"type":"Feature","geometry":{"type":"LineString","coordinates":[[12.19268,44.40048],[12.19269,44.40008]]},"properties":{}},{"type":"Feature","geometry":{"type":"LineString","coordinates":[[12.20634,44.40045],[12.20622,44.40036]]},"properties":{}},{"type":"Feature","geometry":{"type":"LineString","coordinates":[[12.18857,44.39974],[12.18864,44.39977],[12.18862,44.39986],[12.18868,44.39999],[12.18887,44.40012],[12.18928,44.40107],[12.18926,44.40119]]},"properties":{}},{"type":"Feature","geometry":{"type":"LineString","coordinates":[[12.21095,44.40009],[12.21093,44.39998]]},"properties":{}},{"type":"Feature","geometry":{"type":"LineString","coordinates":[[12.21104,44.40007],[12.21116,44.40016],[12.21174,44.40019],[12.21195,44.40023]]},"properties":{}},{"type":"Feature","geometry":{"type":"LineString","coordinates":[[12.21104,44.40007],[12.21106,44.40019],[12.21101,44.40023]]},"properties":{}},{"type":"Feature","geometry":{"type":"LineString","coordinates":[[12.21101,44.40023],[12.21095,44.40009]]},"properties":{}},{"type":"Feature","geometry":{"type":"LineString","coordinates":[[12.21147,44.40027],[12.21111,44.40026],[12.21101,44.40023]]},"properties":{}},{"type":"Feature","geometry":{"type":"LineString","coordinates":[[12.20995,44.40041],[12.2101,44.40034],[12.21082,44.40019],[12.21095,44.40009]]},"properties":{}},{"type":"Feature","geometry":{"type":"LineString","coordinates":[[12.21195,44.40023],[12.21236,44.40031]]},"properties":{}},{"type":"Feature","geometry":{"type":"LineString","coordinates":[[12.21404,44.4005],[12.21422,44.40039],[12.21453,44.4001]]},"properties":{}},{"type":"Feature","geometry":{"type":"LineString","coordinates":[[12.21349,44.40016],[12.21348,44.40025],[12.21365,44.40049]]},"properties":{}},{"type":"Feature","geometry":{"type":"LineString","coordinates":[[12.21365,44.40049],[12.21401,44.40044],[12.21416,44.40037],[12.21433,44.40023],[12.21442,44.4002]]},"properties":{}},{"type":"Feature","geometry":{"type":"LineString","coordinates":[[12.21311,44.27367],[12.21332,44.27372]]},"properties":{}},{"type":"Feature","geometry":{"type":"LineString","coordinates":[[12.21213,44.33268],[12.21615,44.33251],[12.21727,44.3324],[12.21812,44.33262],[12.21885,44.33289],[12.22012,44.33378],[12.22055,44.33391],[12.22089,44.33386],[12.22119,44.33369],[12.22246,44.33255],[12.22283,44.33241],[12.22334,44.33248],[12.22941,44.33415],[12.22963,44.33439],[12.22963,44.33478],[12.22939,44.33568],[12.22948,44.33591],[12.2298,44.33616],[12.23337,44.33691]]},"properties":{}},{"type":"Feature","geometry":{"type":"LineString","coordinates":[[12.21477,44.37751],[12.21486,44.37766]]},"properties":{}},{"type":"Feature","geometry":{"type":"LineString","coordinates":[[12.23737,44.37177],[12.24266,44.36983]]},"properties":{}},{"type":"Feature","geometry":{"type":"LineString","coordinates":[[12.24543,44.36885],[12.232,44.37382]]},"properties":{}},{"type":"Feature","geometry":{"type":"LineString","coordinates":[[12.24058,44.37066],[12.23744,44.372],[12.23723,44.37213],[12.23707,44.37228],[12.23697,44.37244],[12.23696,44.37261],[12.23701,44.37275],[12.23741,44.37314]]},"properties":{}},{"type":"Feature","geometry":{"type":"LineString","coordinates":[[12.23909,44.37756],[12.23945,44.37775],[12.23952,44.37774],[12.24094,44.37643],[12.241,44.37623],[12.24124,44.37618],[12.24149,44.37598],[12.24162,44.37575],[12.24167,44.37576]]},"properties":{}},{"type":"Feature","geometry":{"type":"LineString","coordinates":[[12.23132,44.37897],[12.23245,44.37868],[12.23258,44.37869]]},"properties":{}},{"type":"Feature","geometry":{"type":"LineString","coordinates":[[12.23393,44.3785],[12.23317,44.37925],[12.23305,44.37919]]},"properties":{}},{"type":"Feature","geometry":{"type":"LineString","coordinates":[[12.23258,44.37869],[12.23249,44.37874],[12.23149,44.379],[12.2313,44.37909],[12.23111,44.37923]]},"properties":{}},{"type":"Feature","geometry":{"type":"LineString","coordinates":[[12.23176,44.38049],[12.23381,44.37844],[12.23402,44.37855]]},"properties":{}},{"type":"Feature","geometry":{"type":"LineString","coordinates":[[12.21475,44.37771],[12.21477,44.37751]]},"properties":{}},{"type":"Feature","geometry":{"type":"LineString","coordinates":[[12.21486,44.37766],[12.21503,44.37775],[12.21521,44.37773]]},"properties":{}},{"type":"Feature","geometry":{"type":"LineString","coordinates":[[12.21486,44.37766],[12.21486,44.37781],[12.21478,44.37795]]},"properties":{}},{"type":"Feature","geometry":{"type":"LineString","coordinates":[[12.21478,44.37795],[12.21475,44.37771]]},"properties":{}},{"type":"Feature","geometry":{"type":"LineString","coordinates":[[12.21448,44.37799],[12.2147,44.37783],[12.21475,44.37771]]},"properties":{}},{"type":"Feature","geometry":{"type":"LineString","coordinates":[[12.21509,44.37789],[12.21487,44.37804],[12.21477,44.37824]]},"properties":{}},{"type":"Feature","geometry":{"type":"LineString","coordinates":[[12.21478,44.37795],[12.21477,44.37824]]},"properties":{}},{"type":"Feature","geometry":{"type":"LineString","coordinates":[[12.21468,44.37826],[12.21469,44.37809],[12.21478,44.37795]]},"properties":{}},{"type":"Feature","geometry":{"type":"LineString","coordinates":[[12.21468,44.37826],[12.21454,44.37817],[12.21434,44.37815]]},"properties":{}},{"type":"Feature","geometry":{"type":"LineString","coordinates":[[12.21477,44.37824],[12.21472,44.3784]]},"properties":{}},{"type":"Feature","geometry":{"type":"LineString","coordinates":[[12.23111,44.37923],[12.23098,44.37941],[12.23092,44.37956],[12.23091,44.38023],[12.23098,44.3805],[12.23121,44.38079]]},"properties":{}},{"type":"Feature","geometry":{"type":"LineString","coordinates":[[12.23079,44.3809],[12.23083,44.37955],[12.23089,44.37934],[12.23108,44.37912]]},"properties":{}},{"type":"Feature","geometry":{"type":"LineString","coordinates":[[12.23223,44.38062],[12.23179,44.38055],[12.23176,44.38049]]},"properties":{}},{"type":"Feature","geometry":{"type":"LineString","coordinates":[[12.23146,44.38086],[12.23149,44.38078],[12.23163,44.38065],[12.23168,44.38063],[12.23219,44.38072]]},"properties":{}},{"type":"Feature","geometry":{"type":"LineString","coordinates":[[12.23121,44.38079],[12.23143,44.38078]]},"properties":{}},{"type":"Feature","geometry":{"type":"LineString","coordinates":[[12.23117,44.38081],[12.23123,44.38092],[12.23119,44.38101],[12.23111,44.38106],[12.23092,44.38106],[12.2308,44.38095],[12.23081,44.38086],[12.2309,44.38078],[12.23103,44.38076],[12.23117,44.38081]]},"properties":{}},{"type":"Feature","geometry":{"type":"LineString","coordinates":[[12.23045,44.3817],[12.23068,44.38134],[12.2308,44.38095]]},"properties":{}},{"type":"Feature","geometry":{"type":"LineString","coordinates":[[12.23111,44.38106],[12.23045,44.3817]]},"properties":{}},{"type":"Feature","geometry":{"type":"LineString","coordinates":[[12.23295,44.3864],[12.23332,44.38623],[12.23349,44.38612],[12.23354,44.38603],[12.23375,44.38592],[12.236,44.38479],[12.23636,44.38448],[12.23702,44.38365],[12.23695,44.38362]]},"properties":{}},{"type":"Feature","geometry":{"type":"LineString","coordinates":[[12.23211,44.38849],[12.23285,44.38863]]},"properties":{}},{"type":"Feature","geometry":{"type":"LineString","coordinates":[[12.21472,44.3784],[12.21468,44.37826]]},"properties":{}},{"type":"Feature","geometry":{"type":"LineString","coordinates":[[12.21666,44.3953],[12.23066,44.38167],[12.23142,44.3809]]},"properties":{}},{"type":"Feature","geometry":{"type":"LineString","coordinates":[[12.21646,44.39537],[12.23045,44.3817]]},"properties":{}},{"type":"Feature","geometry":{"type":"LineString","coordinates":[[12.20942,44.39024],[12.20936,44.39016]]},"properties":{}},{"type":"Feature","geometry":{"type":"LineString","coordinates":[[12.21357,44.38985],[12.214,44.38989],[12.21441,44.39002],[12.21475,44.39024],[12.21492,44.39042],[12.21511,44.39048],[12.21586,44.3904],[12.21656,44.3905],[12.21674,44.39056]]},"properties":{}},{"type":"Feature","geometry":{"type":"LineString","coordinates":[[12.20942,44.39024],[12.20957,44.39026]]},"properties":{}},{"type":"Feature","geometry":{"type":"LineString","coordinates":[[12.21012,44.39077],[12.21017,44.39073],[12.21016,44.39069],[12.20957,44.39026],[12.20962,44.39022]]},"properties":{}},{"type":"Feature","geometry":{"type":"LineString","coordinates":[[12.21566,44.39092],[12.21606,44.39042]]},"properties":{}},{"type":"Feature","geometry":{"type":"LineString","coordinates":[[12.21113,44.39148],[12.21109,44.39135],[12.21034,44.3908],[12.21022,44.39084]]},"properties":{}},{"type":"Feature","geometry":{"type":"LineString","coordinates":[[12.21295,44.39274],[12.21131,44.39156],[12.21123,44.39159],[12.21081,44.39266]]},"properties":{}},{"type":"Feature","geometry":{"type":"LineString","coordinates":[[12.24266,44.36983],[12.24543,44.36885]]},"properties":{}},{"type":"Feature","geometry":{"type":"LineString","coordinates":[[12.24786,44.40551],[12.24788,44.40547],[12.24888,44.40555]]},"properties":{}},{"type":"Feature","geometry":{"type":"LineString","coordinates":[[12.24888,44.40555],[12.24901,44.40556]]},"properties":{}},{"type":"Feature","geometry":{"type":"LineString","coordinates":[[12.24713,44.42569],[12.24745,44.42561]]},"properties":{}},{"type":"Feature","geometry":{"type":"LineString","coordinates":[[12.24745,44.42561],[12.24752,44.4256],[12.24871,44.42617],[12.24881,44.42629],[12.2489,44.42633],[12.24907,44.42641],[12.24924,44.42643],[12.25,44.42679]]},"properties":{}},{"type":"Feature","geometry":{"type":"LineString","coordinates":[[12.21387,44.39337],[12.21377,44.39337],[12.21346,44.39314],[12.21348,44.39309],[12.21339,44.39303],[12.21329,44.39302],[12.21295,44.39274]]},"properties":{}},{"type":"Feature","geometry":{"type":"LineString","coordinates":[[12.21646,44.39537],[12.21635,44.3955]]},"properties":{}},{"type":"Feature","geometry":{"type":"LineString","coordinates":[[12.21615,44.39563],[12.21646,44.39537]]},"properties":{}},{"type":"Feature","geometry":{"type":"LineString","coordinates":[[12.21645,44.39575],[12.21648,44.39568],[12.21642,44.39563],[12.2164,44.39555],[12.21666,44.3953]]},"properties":{}},{"type":"Feature","geometry":{"type":"LineString","coordinates":[[12.21635,44.3955],[12.21616,44.3957]]},"properties":{}},{"type":"Feature","geometry":{"type":"LineString","coordinates":[[12.21616,44.3957],[12.21608,44.39579]]},"properties":{}},{"type":"Feature","geometry":{"type":"LineString","coordinates":[[12.21526,44.39544],[12.21547,44.39602],[12.21554,44.39608]]},"properties":{}},{"type":"Feature","geometry":{"type":"LineString","coordinates":[[12.21543,44.39615],[12.21528,44.39561],[12.21526,44.39544]]},"properties":{}},{"type":"Feature","geometry":{"type":"LineString","coordinates":[[12.21562,44.39609],[12.21615,44.39563]]},"properties":{}},{"type":"Feature","geometry":{"type":"LineString","coordinates":[[12.21538,44.39635],[12.21536,44.39634],[12.21517,44.3955]]},"properties":{}},{"type":"Feature","geometry":{"type":"LineString","coordinates":[[12.21608,44.39579],[12.21569,44.39618]]},"properties":{}},{"type":"Feature","geometry":{"type":"LineString","coordinates":[[12.2157,44.39645],[12.21584,44.39617],[12.2161,44.39585]]},"properties":{}},{"type":"Feature","geometry":{"type":"LineString","coordinates":[[12.21569,44.39639],[12.21538,44.39635]]},"properties":{}},{"type":"Feature","geometry":{"type":"LineString","coordinates":[[12.21574,44.39639],[12.21569,44.39639]]},"properties":{}},{"type":"Feature","geometry":{"type":"LineString","coordinates":[[12.21546,44.39675],[12.21547,44.39639],[12.21544,44.39621]]},"properties":{}},{"type":"Feature","geometry":{"type":"LineString","coordinates":[[12.21557,44.39728],[12.21551,44.39713],[12.21549,44.39688],[12.21566,44.39636],[12.21576,44.39618],[12.216,44.39591],[12.21619,44.3958],[12.2164,44.39582]]},"properties":{}},{"type":"Feature","geometry":{"type":"LineString","coordinates":[[12.21556,44.39662],[12.21563,44.39654]]},"properties":{}},{"type":"Feature","geometry":{"type":"LineString","coordinates":[[12.21535,44.39735],[12.21546,44.39675]]},"properties":{}},{"type":"Feature","geometry":{"type":"LineString","coordinates":[[12.21575,44.39735],[12.21557,44.39728]]},"properties":{}},{"type":"Feature","geometry":{"type":"LineString","coordinates":[[12.21574,44.39739],[12.21575,44.39735]]},"properties":{}},{"type":"Feature","geometry":{"type":"LineString","coordinates":[[12.21062,44.40804],[12.21066,44.40797],[12.21072,44.40798],[12.21085,44.40778],[12.21051,44.40769],[12.20986,44.40501]]},"properties":{}},{"type":"Feature","geometry":{"type":"LineString","coordinates":[[12.20975,44.40503],[12.20967,44.40504],[12.20919,44.40601],[12.2082,44.40824]]},"properties":{}},{"type":"Feature","geometry":{"type":"LineString","coordinates":[[12.2165,44.40902],[12.21664,44.4088],[12.21668,44.40812],[12.21697,44.40778],[12.2172,44.40738],[12.21748,44.40662],[12.21762,44.40648],[12.21852,44.40589],[12.21859,44.40577],[12.21881,44.40561],[12.21897,44.40543]]},"properties":{}},{"type":"Feature","geometry":{"type":"LineString","coordinates":[[12.21051,44.40769],[12.21042,44.4077]]},"properties":{}},{"type":"Feature","geometry":{"type":"LineString","coordinates":[[12.2221,44.40816],[12.22158,44.40779]]},"properties":{}},{"type":"Feature","geometry":{"type":"LineString","coordinates":[[12.21062,44.40804],[12.21043,44.408]]},"properties":{}},{"type":"Feature","geometry":{"type":"LineString","coordinates":[[12.22094,44.40882],[12.21964,44.40859],[12.2188,44.40788],[12.21863,44.40778],[12.21735,44.40753],[12.21728,44.40764],[12.21709,44.40758]]},"properties":{}},{"type":"Feature","geometry":{"type":"LineString","coordinates":[[12.2221,44.40816],[12.22219,44.40821]]},"properties":{}},{"type":"Feature","geometry":{"type":"LineString","coordinates":[[12.22245,44.40838],[12.22219,44.40821]]},"properties":{}},{"type":"Feature","geometry":{"type":"LineString","coordinates":[[12.2226,44.4084],[12.22276,44.40844],[12.22319,44.40863]]},"properties":{}},{"type":"Feature","geometry":{"type":"LineString","coordinates":[[12.22094,44.40882],[12.22104,44.40884]]},"properties":{}},{"type":"Feature","geometry":{"type":"LineString","coordinates":[[12.22218,44.40901],[12.22104,44.40884]]},"properties":{}},{"type":"Feature","geometry":{"type":"LineString","coordinates":[[12.21276,44.40896],[12.21572,44.40904]]},"properties":{}},{"type":"Feature","geometry":{"type":"LineString","coordinates":[[12.22314,44.41082],[12.22087,44.40995],[12.22079,44.40985],[12.22087,44.40977],[12.22162,44.40937],[12.22179,44.40924],[12.2219,44.4091],[12.22208,44.40866],[12.22214,44.4086],[12.22245,44.40838],[12.2226,44.4084],[12.22276,44.40823],[12.22354,44.40772]]},"properties":{}},{"type":"Feature","geometry":{"type":"LineString","coordinates":[[12.22165,44.40935],[12.22176,44.40941]]},"properties":{}},{"type":"Feature","geometry":{"type":"LineString","coordinates":[[12.22218,44.40901],[12.22306,44.40915],[12.22396,44.40952],[12.2246,44.40983]]},"properties":{}},{"type":"Feature","geometry":{"type":"LineString","coordinates":[[12.22516,44.40917],[12.2246,44.40983]]},"properties":{}},{"type":"Feature","geometry":{"type":"LineString","coordinates":[[12.22504,44.40973],[12.22498,44.40938]]},"properties":{}},{"type":"Feature","geometry":{"type":"LineString","coordinates":[[12.22176,44.40941],[12.22235,44.40972]]},"properties":{}},{"type":"Feature","geometry":{"type":"LineString","coordinates":[[12.21043,44.408],[12.21043,44.40809],[12.21029,44.40837],[12.2102,44.40842],[12.21006,44.40868],[12.21007,44.40875],[12.20876,44.41119],[12.20858,44.41175]]},"properties":{}},{"type":"Feature","geometry":{"type":"LineString","coordinates":[[12.20933,44.40053],[12.20942,44.40049],[12.21101,44.40023]]},"properties":{}},{"type":"Feature","geometry":{"type":"LineString","coordinates":[[12.21457,44.40078],[12.21448,44.4006],[12.21449,44.40047],[12.21465,44.4001]]},"properties":{}},{"type":"Feature","geometry":{"type":"LineString","coordinates":[[12.21321,44.40051],[12.21385,44.40055]]},"properties":{}},{"type":"Feature","geometry":{"type":"LineString","coordinates":[[12.20718,44.40043],[12.20725,44.40053],[12.20739,44.40062],[12.20771,44.40066]]},"properties":{}},{"type":"Feature","geometry":{"type":"LineString","coordinates":[[12.20771,44.40066],[12.20863,44.40061],[12.20933,44.40053]]},"properties":{}},{"type":"Feature","geometry":{"type":"LineString","coordinates":[[12.21369,44.40081],[12.21354,44.40069],[12.21321,44.40051]]},"properties":{}},{"type":"Feature","geometry":{"type":"LineString","coordinates":[[12.20771,44.40066],[12.20691,44.4007]]},"properties":{}},{"type":"Feature","geometry":{"type":"LineString","coordinates":[[12.21464,44.40092],[12.21463,44.40085],[12.21457,44.40078]]},"properties":{}},{"type":"Feature","geometry":{"type":"LineString","coordinates":[[12.20732,44.40076],[12.20726,44.40095]]},"properties":{}},{"type":"Feature","geometry":{"type":"LineString","coordinates":[[12.20726,44.40095],[12.20721,44.40108]]},"properties":{}},{"type":"Feature","geometry":{"type":"LineString","coordinates":[[12.19269,44.40059],[12.19268,44.40048]]},"properties":{}},{"type":"Feature","geometry":{"type":"LineString","coordinates":[[12.20607,44.40076],[12.20625,44.40073],[12.20639,44.40063],[12.20641,44.40058]]},"properties":{}},{"type":"Feature","geometry":{"type":"LineString","coordinates":[[12.20669,44.40071],[12.20607,44.40076]]},"properties":{}},{"type":"Feature","geometry":{"type":"LineString","coordinates":[[12.19276,44.40093],[12.19269,44.40059]]},"properties":{}},{"type":"Feature","geometry":{"type":"LineString","coordinates":[[12.20286,44.40088],[12.20274,44.40092],[12.20118,44.40104]]},"properties":{}},{"type":"Feature","geometry":{"type":"LineString","coordinates":[[12.19278,44.40101],[12.19276,44.40093]]},"properties":{}},{"type":"Feature","geometry":{"type":"LineString","coordinates":[[12.18944,44.40118],[12.18961,44.40097]]},"properties":{}},{"type":"Feature","geometry":{"type":"LineString","coordinates":[[12.20104,44.40105],[12.19935,44.40118]]},"properties":{}},{"type":"Feature","geometry":{"type":"LineString","coordinates":[[12.21283,44.40204],[12.21331,44.4017],[12.21358,44.40139],[12.21366,44.40123],[12.21368,44.40108],[12.21357,44.4008],[12.2134,44.40067],[12.21318,44.40058],[12.21238,44.40037],[12.21144,44.40031],[12.21085,44.40036],[12.20906,44.40064],[12.2082,44.40072],[12.20515,44.40089],[12.19835,44.40138],[12.19705,44.4015],[12.19698,44.40158],[12.19697,44.40165]]},"properties":{}},{"type":"Feature","geometry":{"type":"LineString","coordinates":[[12.19285,44.40135],[12.19278,44.40101]]},"properties":{}},{"type":"Feature","geometry":{"type":"LineString","coordinates":[[12.18939,44.40125],[12.18944,44.40118]]},"properties":{}},{"type":"Feature","geometry":{"type":"LineString","coordinates":[[12.19924,44.40118],[12.19799,44.40128]]},"properties":{}},{"type":"Feature","geometry":{"type":"LineString","coordinates":[[12.19787,44.40129],[12.1972,44.40133],[12.19701,44.4013],[12.19693,44.40122]]},"properties":{}},{"type":"Feature","geometry":{"type":"LineString","coordinates":[[12.18534,44.40124],[12.18524,44.40138]]},"properties":{}},{"type":"Feature","geometry":{"type":"LineString","coordinates":[[12.19286,44.40142],[12.19285,44.40135]]},"properties":{}},{"type":"Feature","geometry":{"type":"LineString","coordinates":[[12.18545,44.40152],[12.18559,44.40129]]},"properties":{}},{"type":"Feature","geometry":{"type":"LineString","coordinates":[[12.19298,44.40184],[12.19296,44.40163],[12.1929,44.40163],[12.19286,44.40142]]},"properties":{}},{"type":"Feature","geometry":{"type":"LineString","coordinates":[[12.18939,44.40125],[12.19015,44.4017],[12.19077,44.40198],[12.19095,44.40202],[12.19164,44.40205],[12.19285,44.40201]]},"properties":{}},{"type":"Feature","geometry":{"type":"LineString","coordinates":[[12.19697,44.40165],[12.197,44.40177]]},"properties":{}},{"type":"Feature","geometry":{"type":"LineString","coordinates":[[12.1929,44.40163],[12.19297,44.402]]},"properties":{}},{"type":"Feature","geometry":{"type":"LineString","coordinates":[[12.19313,44.40182],[12.19298,44.40184]]},"properties":{}},{"type":"Feature","geometry":{"type":"LineString","coordinates":[[12.19285,44.40201],[12.19297,44.402]]},"properties":{}},{"type":"Feature","geometry":{"type":"LineString","coordinates":[[12.18681,44.40219],[12.18587,44.40184],[12.18574,44.40201],[12.18522,44.40182]]},"properties":{}},{"type":"Feature","geometry":{"type":"LineString","coordinates":[[12.19297,44.402],[12.19299,44.40208]]},"properties":{}},{"type":"Feature","geometry":{"type":"LineString","coordinates":[[12.19299,44.40208],[12.19493,44.40206]]},"properties":{}},{"type":"Feature","geometry":{"type":"LineString","coordinates":[[12.197,44.40177],[12.19709,44.40205],[12.19719,44.40212],[12.19726,44.40235],[12.19717,44.40245],[12.19726,44.40271],[12.19746,44.40279]]},"properties":{}},{"type":"Feature","geometry":{"type":"LineString","coordinates":[[12.19343,44.40312],[12.19323,44.40315],[12.19321,44.40311],[12.19299,44.40208]]},"properties":{}},{"type":"Feature","geometry":{"type":"LineString","coordinates":[[12.19986,44.40275],[12.19985,44.40272]]},"properties":{}},{"type":"Feature","geometry":{"type":"LineString","coordinates":[[12.18351,44.4034],[12.18357,44.40339],[12.18383,44.40317],[12.18404,44.4029],[12.18408,44.40271],[12.18406,44.40242],[12.18402,44.40235],[12.18379,44.40214]]},"properties":{}},{"type":"Feature","geometry":{"type":"LineString","coordinates":[[12.20212,44.40259],[12.20109,44.40266],[12.20074,44.4028],[12.20058,44.4028],[12.20032,44.40271],[12.1978,44.40293],[12.19752,44.40303],[12.19737,44.40325],[12.1967,44.40333],[12.19649,44.40315],[12.19617,44.40309]]},"properties":{}},{"type":"Feature","geometry":{"type":"LineString","coordinates":[[12.19274,44.40319],[12.19271,44.40305],[12.19301,44.40302],[12.19302,44.40313]]},"properties":{}},{"type":"Feature","geometry":{"type":"LineString","coordinates":[[12.19302,44.40313],[12.19302,44.40316]]},"properties":{}},{"type":"Feature","geometry":{"type":"LineString","coordinates":[[12.19277,44.40331],[12.19274,44.40319],[12.19302,44.40316]]},"properties":{}},{"type":"Feature","geometry":{"type":"LineString","coordinates":[[12.19676,44.40341],[12.19672,44.40341],[12.1967,44.40333]]},"properties":{}},{"type":"Feature","geometry":{"type":"LineString","coordinates":[[12.19329,44.40352],[12.19331,44.40348],[12.1935,44.40346],[12.19349,44.4034]]},"properties":{}},{"type":"Feature","geometry":{"type":"LineString","coordinates":[[12.19279,44.40342],[12.19281,44.40352],[12.19312,44.40349],[12.19313,44.40354],[12.19316,44.40354]]},"properties":{}},{"type":"Feature","geometry":{"type":"LineString","coordinates":[[12.19281,44.40352],[12.19259,44.40351]]},"properties":{}},{"type":"Feature","geometry":{"type":"LineString","coordinates":[[12.17668,44.40354],[12.17729,44.40341],[12.17737,44.40347],[12.17736,44.40363],[12.17744,44.40369]]},"properties":{}},{"type":"Feature","geometry":{"type":"LineString","coordinates":[[12.1872,44.40361],[12.18759,44.40351],[12.18766,44.40366],[12.18786,44.40362]]},"properties":{}},{"type":"Feature","geometry":{"type":"LineString","coordinates":[[12.19274,44.40319],[12.19207,44.4033],[12.19145,44.40351],[12.19105,44.40372],[12.19064,44.40402]]},"properties":{}},{"type":"Feature","geometry":{"type":"LineString","coordinates":[[12.17744,44.40369],[12.17768,44.40378]]},"properties":{}},{"type":"Feature","geometry":{"type":"LineString","coordinates":[[12.18646,44.40403],[12.1872,44.40361],[12.18719,44.40357]]},"properties":{}},{"type":"Feature","geometry":{"type":"LineString","coordinates":[[12.20564,44.40373],[12.20536,44.40376],[12.20413,44.40365],[12.20406,44.40367],[12.20399,44.40376],[12.20404,44.40397],[12.20399,44.40399]]},"properties":{}},{"type":"Feature","geometry":{"type":"LineString","coordinates":[[12.19745,44.40376],[12.19754,44.40404]]},"properties":{}},{"type":"Feature","geometry":{"type":"LineString","coordinates":[[12.19724,44.40395],[12.19709,44.40394],[12.19695,44.40387]]},"properties":{}},{"type":"Feature","geometry":{"type":"LineString","coordinates":[[12.17768,44.40378],[12.17788,44.40388],[12.17804,44.40407]]},"properties":{}},{"type":"Feature","geometry":{"type":"LineString","coordinates":[[12.18259,44.40435],[12.18311,44.40386],[12.18338,44.40357],[12.18338,44.40353]]},"properties":{}},{"type":"Feature","geometry":{"type":"LineString","coordinates":[[12.19076,44.4044],[12.19081,44.40424],[12.19135,44.40384],[12.19177,44.40366],[12.19216,44.40354],[12.19245,44.40348],[12.19259,44.40351]]},"properties":{}},{"type":"Feature","geometry":{"type":"LineString","coordinates":[[12.19754,44.40404],[12.19743,44.40398],[12.19724,44.40395]]},"properties":{}},{"type":"Feature","geometry":{"type":"LineString","coordinates":[[12.19064,44.40402],[12.1907,44.40406],[12.19065,44.40411]]},"properties":{}},{"type":"Feature","geometry":{"type":"LineString","coordinates":[[12.20721,44.40108],[12.20709,44.4014]]},"properties":{}},{"type":"Feature","geometry":{"type":"LineString","coordinates":[[12.21367,44.40161],[12.21389,44.40126],[12.21414,44.40111],[12.21435,44.40108]]},"properties":{}},{"type":"Feature","geometry":{"type":"LineString","coordinates":[[12.21037,44.40398],[12.21047,44.40382],[12.2107,44.40363],[12.21367,44.40161]]},"properties":{}},{"type":"Feature","geometry":{"type":"LineString","coordinates":[[12.20932,44.40426],[12.20906,44.40411],[12.20881,44.40404],[12.20564,44.40373]]},"properties":{}},{"type":"Feature","geometry":{"type":"LineString","coordinates":[[12.21005,44.40432],[12.21037,44.40398]]},"properties":{}},{"type":"Feature","geometry":{"type":"LineString","coordinates":[[12.22043,44.40438],[12.22007,44.40422]]},"properties":{}},{"type":"Feature","geometry":{"type":"LineString","coordinates":[[12.20986,44.40501],[12.20982,44.40466],[12.2099,44.40448],[12.21005,44.40432]]},"properties":{}},{"type":"Feature","geometry":{"type":"LineString","coordinates":[[12.21859,44.40591],[12.21852,44.40588]]},"properties":{}},{"type":"Feature","geometry":{"type":"LineString","coordinates":[[12.20793,44.40811],[12.20817,44.40804],[12.20864,44.40698],[12.20882,44.40642],[12.20897,44.40606],[12.20935,44.40539],[12.20954,44.40492],[12.20958,44.40478],[12.20956,44.40456],[12.20944,44.40437],[12.20932,44.40426]]},"properties":{}},{"type":"Feature","geometry":{"type":"LineString","coordinates":[[12.21043,44.408],[12.21041,44.40789],[12.21027,44.40782],[12.21042,44.4077],[12.20975,44.40503]]},"properties":{}},{"type":"Feature","geometry":{"type":"LineString","coordinates":[[12.20362,44.40337],[12.20402,44.40454],[12.20399,44.40469],[12.20387,44.40478]]},"properties":{}},{"type":"Feature","geometry":{"type":"LineString","coordinates":[[12.18855,44.40458],[12.18843,44.40454],[12.1881,44.4042],[12.18786,44.40362]]},"properties":{}},{"type":"Feature","geometry":{"type":"LineString","coordinates":[[12.20179,44.4054],[12.20181,44.40542],[12.20387,44.40478]]},"properties":{}},{"type":"Feature","geometry":{"type":"LineString","coordinates":[[12.18871,44.40594],[12.18881,44.40583],[12.19052,44.40444],[12.19062,44.40447]]},"properties":{}},{"type":"Feature","geometry":{"type":"LineString","coordinates":[[12.20393,44.40492],[12.20029,44.40605],[12.20029,44.40609],[12.20014,44.40611],[12.19912,44.40645]]},"properties":{}},{"type":"Feature","geometry":{"type":"LineString","coordinates":[[12.19966,44.40609],[12.2017,44.40545],[12.20168,44.40543]]},"properties":{}},{"type":"Feature","geometry":{"type":"LineString","coordinates":[[12.19062,44.40447],[12.19181,44.40758]]},"properties":{}},{"type":"Feature","geometry":{"type":"LineString","coordinates":[[12.19706,44.40401],[12.19748,44.40506],[12.19786,44.40584],[12.19883,44.40723],[12.19949,44.40809]]},"properties":{}},{"type":"Feature","geometry":{"type":"LineString","coordinates":[[12.19902,44.40629],[12.19958,44.40613]]},"properties":{}},{"type":"Feature","geometry":{"type":"LineString","coordinates":[[12.19882,44.40639],[12.19876,44.40628]]},"properties":{}},{"type":"Feature","geometry":{"type":"LineString","coordinates":[[12.19898,44.40639],[12.19897,44.40643],[12.1989,44.40645],[12.19882,44.40639],[12.19891,44.40634],[12.19898,44.40639]]},"properties":{}},{"type":"Feature","geometry":{"type":"LineString","coordinates":[[12.19897,44.40643],[12.19898,44.40653]]},"properties":{}},{"type":"Feature","geometry":{"type":"LineString","coordinates":[[12.17927,44.40835],[12.17935,44.40824],[12.17943,44.40793],[12.1795,44.4078],[12.17965,44.4076],[12.1805,44.40679],[12.18204,44.40517],[12.18215,44.40511],[12.18225,44.40512]]},"properties":{}},{"type":"Feature","geometry":{"type":"LineString","coordinates":[[12.18785,44.40584],[12.18778,44.40606],[12.18766,44.40618],[12.18531,44.40762]]},"properties":{}},{"type":"Feature","geometry":{"type":"LineString","coordinates":[[12.18239,44.40504],[12.18232,44.40494],[12.18237,44.40485],[12.18408,44.40316],[12.1843,44.40296],[12.18437,44.40294],[12.18448,44.40294],[12.18462,44.40298],[12.1856,44.40375],[12.18565,44.40386],[12.1859,44.40402],[12.18602,44.40405],[12.18651,44.40442],[12.18736,44.40519],[12.18773,44.40561],[12.18785,44.40584],[12.18801,44.40592],[12.1884,44.40634],[12.19048,44.40881],[12.19049,44.40887],[12.19092,44.4093],[12.19156,44.41001],[12.19233,44.41095],[12.19231,44.41102],[12.19227,44.41105]]},"properties":{}},{"type":"Feature","geometry":{"type":"LineString","coordinates":[[12.19991,44.40792],[12.19896,44.40661],[12.19891,44.40659]]},"properties":{}},{"type":"Feature","geometry":{"type":"LineString","coordinates":[[12.19045,44.40801],[12.19056,44.40802],[12.19073,44.40799],[12.19134,44.40773],[12.19193,44.40755],[12.19367,44.4072]]},"properties":{}},{"type":"Feature","geometry":{"type":"LineString","coordinates":[[12.17915,44.40779],[12.17889,44.40776],[12.17868,44.40762]]},"properties":{}},{"type":"Feature","geometry":{"type":"LineString","coordinates":[[12.18687,44.40901],[12.18565,44.40797],[12.18814,44.40643],[12.18825,44.40639],[12.18847,44.40642]]},"properties":{}},{"type":"Feature","geometry":{"type":"LineString","coordinates":[[12.19166,44.40778],[12.19158,44.40765]]},"properties":{}},{"type":"Feature","geometry":{"type":"LineString","coordinates":[[12.18362,44.40787],[12.18504,44.40772],[12.18519,44.4077],[12.18531,44.40762]]},"properties":{}},{"type":"Feature","geometry":{"type":"LineString","coordinates":[[12.18048,44.40796],[12.17945,44.4079]]},"properties":{}},{"type":"Feature","geometry":{"type":"LineString","coordinates":[[12.20003,44.40793],[12.19948,44.40814]]},"properties":{}},{"type":"Feature","geometry":{"type":"LineString","coordinates":[[12.17879,44.40843],[12.17858,44.40831],[12.17852,44.40813],[12.17853,44.408],[12.17863,44.40783],[12.17859,44.40765]]},"properties":{}},{"type":"Feature","geometry":{"type":"LineString","coordinates":[[12.18325,44.40878],[12.18337,44.40867],[12.18355,44.40842],[12.18363,44.40815],[12.18362,44.40787],[12.1835,44.40757],[12.18326,44.40731],[12.18294,44.4071],[12.18275,44.40702],[12.18254,44.40697],[12.18211,44.40691],[12.18167,44.40695],[12.18146,44.407],[12.18108,44.40715],[12.18092,44.40726],[12.18066,44.40751],[12.18051,44.40781],[12.18049,44.40816],[12.18054,44.40836],[12.18064,44.40855],[12.18079,44.40872],[12.18098,44.40887],[12.18145,44.40909],[12.182,44.40917],[12.18256,44.40912],[12.18282,44.40904],[12.18325,44.40878]]},"properties":{}},{"type":"Feature","geometry":{"type":"LineString","coordinates":[[12.1836,44.40829],[12.18409,44.40838],[12.18444,44.40868],[12.18457,44.40868],[12.18549,44.40814],[12.18566,44.40799]]},"properties":{}},{"type":"Feature","geometry":{"type":"LineString","coordinates":[[12.20003,44.40793],[12.20099,44.40879]]},"properties":{}},{"type":"Feature","geometry":{"type":"LineString","coordinates":[[12.20155,44.40926],[12.2017,44.40929],[12.20202,44.40924],[12.2028,44.40873],[12.20336,44.40847],[12.20489,44.40809],[12.20545,44.40799]]},"properties":{}},{"type":"Feature","geometry":{"type":"LineString","coordinates":[[12.18687,44.40901],[12.18748,44.40864],[12.18758,44.4086],[12.18773,44.40861]]},"properties":{}},{"type":"Feature","geometry":{"type":"LineString","coordinates":[[12.1903,44.4086],[12.19011,44.40869],[12.18853,44.40919],[12.18844,44.40916],[12.1878,44.40861],[12.18773,44.40861]]},"properties":{}},{"type":"Feature","geometry":{"type":"LineString","coordinates":[[12.24446,44.39847],[12.24882,44.39854],[12.24944,44.39845],[12.25,44.39821]]},"properties":{}},{"type":"Feature","geometry":{"type":"LineString","coordinates":[[12.24901,44.40556],[12.25,44.40563]]},"properties":{}},{"type":"Feature","geometry":{"type":"LineString","coordinates":[[12.18325,44.40878],[12.18357,44.40905]]},"properties":{}},{"type":"Feature","geometry":{"type":"LineString","coordinates":[[12.17752,44.40964],[12.17868,44.40848],[12.17888,44.40841],[12.17902,44.40843]]},"properties":{}},{"type":"Feature","geometry":{"type":"LineString","coordinates":[[12.20099,44.40879],[12.2018,44.40947],[12.20199,44.41006]]},"properties":{}},{"type":"Feature","geometry":{"type":"LineString","coordinates":[[12.19116,44.40959],[12.19118,44.40958]]},"properties":{}},{"type":"Feature","geometry":{"type":"LineString","coordinates":[[12.1808,44.41063],[12.18344,44.40894]]},"properties":{}},{"type":"Feature","geometry":{"type":"LineString","coordinates":[[12.18357,44.40905],[12.1848,44.41015],[12.1852,44.41058]]},"properties":{}},{"type":"Feature","geometry":{"type":"LineString","coordinates":[[12.20079,44.4115],[12.20076,44.41139],[12.20062,44.41115],[12.20058,44.411],[12.20055,44.41058],[12.20059,44.41018],[12.20039,44.40959],[12.20025,44.40927],[12.20004,44.40888],[12.19956,44.40818]]},"properties":{}},{"type":"Feature","geometry":{"type":"LineString","coordinates":[[12.20199,44.41006],[12.20202,44.41022]]},"properties":{}},{"type":"Feature","geometry":{"type":"LineString","coordinates":[[12.19886,44.41023],[12.20002,44.41011]]},"properties":{}},{"type":"Feature","geometry":{"type":"LineString","coordinates":[[12.20202,44.41022],[12.20202,44.41025]]},"properties":{}},{"type":"Feature","geometry":{"type":"LineString","coordinates":[[12.17556,44.4121],[12.17572,44.41202],[12.17568,44.41162],[12.17582,44.41134],[12.17752,44.40964],[12.17741,44.40958],[12.17738,44.40952],[12.17706,44.40939]]},"properties":{}},{"type":"Feature","geometry":{"type":"LineString","coordinates":[[12.20202,44.41025],[12.202,44.41071],[12.20186,44.41124]]},"properties":{}},{"type":"Feature","geometry":{"type":"LineString","coordinates":[[12.19237,44.41115],[12.19248,44.41111],[12.19285,44.41145]]},"properties":{}},{"type":"Feature","geometry":{"type":"LineString","coordinates":[[12.18606,44.41159],[12.18557,44.41111],[12.18563,44.41108],[12.18555,44.41099]]},"properties":{}},{"type":"Feature","geometry":{"type":"LineString","coordinates":[[12.20186,44.41124],[12.20186,44.41143],[12.20189,44.41156]]},"properties":{}},{"type":"Feature","geometry":{"type":"LineString","coordinates":[[12.20044,44.41149],[12.20067,44.41154],[12.20071,44.41157],[12.2007,44.41162]]},"properties":{}},{"type":"Feature","geometry":{"type":"LineString","coordinates":[[12.20079,44.41162],[12.20079,44.4115]]},"properties":{}},{"type":"Feature","geometry":{"type":"LineString","coordinates":[[12.20156,44.41169],[12.20165,44.41178]]},"properties":{}},{"type":"Feature","geometry":{"type":"LineString","coordinates":[[12.19294,44.41154],[12.19337,44.41198]]},"properties":{}},{"type":"Feature","geometry":{"type":"LineString","coordinates":[[12.2064,44.41174],[12.20627,44.41172],[12.20458,44.41182]]},"properties":{}},{"type":"Feature","geometry":{"type":"LineString","coordinates":[[12.20449,44.41183],[12.20458,44.41182]]},"properties":{}},{"type":"Feature","geometry":{"type":"LineString","coordinates":[[12.20449,44.41183],[12.20399,44.41185]]},"properties":{}},{"type":"Feature","geometry":{"type":"LineString","coordinates":[[12.19571,44.41265],[12.19573,44.41262],[12.19942,44.41221],[12.19971,44.41214],[12.2001,44.41201],[12.19993,44.41177],[12.20037,44.41149],[12.20044,44.41149]]},"properties":{}},{"type":"Feature","geometry":{"type":"LineString","coordinates":[[12.2039,44.41229],[12.20391,44.41188]]},"properties":{}},{"type":"Feature","geometry":{"type":"LineString","coordinates":[[12.19345,44.41206],[12.19397,44.41259]]},"properties":{}},{"type":"Feature","geometry":{"type":"LineString","coordinates":[[12.17981,44.41248],[12.17893,44.41248],[12.17889,44.41243]]},"properties":{}},{"type":"Feature","geometry":{"type":"LineString","coordinates":[[12.19553,44.41267],[12.19467,44.41253]]},"properties":{}},{"type":"Feature","geometry":{"type":"LineString","coordinates":[[12.19553,44.41267],[12.19571,44.41265]]},"properties":{}},{"type":"Feature","geometry":{"type":"LineString","coordinates":[[12.19075,44.41201],[12.1921,44.41339]]},"properties":{}},{"type":"Feature","geometry":{"type":"LineString","coordinates":[[12.19571,44.41265],[12.19711,44.41356]]},"properties":{}},{"type":"Feature","geometry":{"type":"LineString","coordinates":[[12.19697,44.41365],[12.19693,44.41365],[12.19676,44.41346],[12.19658,44.41333],[12.19553,44.41267]]},"properties":{}},{"type":"Feature","geometry":{"type":"LineString","coordinates":[[12.19221,44.41348],[12.1921,44.41339]]},"properties":{}},{"type":"Feature","geometry":{"type":"LineString","coordinates":[[12.19711,44.41356],[12.19731,44.41368]]},"properties":{}},{"type":"Feature","geometry":{"type":"LineString","coordinates":[[12.18601,44.41362],[12.18624,44.41373],[12.1865,44.41398]]},"properties":{}},{"type":"Feature","geometry":{"type":"LineString","coordinates":[[12.19348,44.41472],[12.19347,44.41462],[12.1931,44.41426],[12.19305,44.41426],[12.19221,44.41348]]},"properties":{}},{"type":"Feature","geometry":{"type":"LineString","coordinates":[[12.18912,44.41379],[12.18817,44.41429],[12.18809,44.41449]]},"properties":{}},{"type":"Feature","geometry":{"type":"LineString","coordinates":[[12.18659,44.41408],[12.18713,44.4144]]},"properties":{}},{"type":"Feature","geometry":{"type":"LineString","coordinates":[[12.18723,44.41446],[12.18743,44.41458],[12.18755,44.41461],[12.18764,44.4146]]},"properties":{}},{"type":"Feature","geometry":{"type":"LineString","coordinates":[[12.18764,44.4146],[12.18796,44.41449],[12.18809,44.41449],[12.18874,44.41493],[12.18911,44.41499],[12.18926,44.41497],[12.18995,44.4146]]},"properties":{}},{"type":"Feature","geometry":{"type":"LineString","coordinates":[[12.1935,44.41482],[12.19346,44.41477],[12.19348,44.41472]]},"properties":{}},{"type":"Feature","geometry":{"type":"LineString","coordinates":[[12.07035,44.36292],[12.07039,44.36287],[12.07412,44.36188],[12.07464,44.3617],[12.07498,44.36154],[12.07583,44.36108],[12.07581,44.36078],[12.07595,44.36076]]},"properties":{}},{"type":"Feature","geometry":{"type":"LineString","coordinates":[[12.08621,44.39687],[12.08156,44.3948],[12.0811,44.39465],[12.08017,44.39451],[12.07967,44.39437],[12.07814,44.39355],[12.07722,44.39321],[12.07671,44.39304],[12.07546,44.39283],[12.07462,44.39263],[12.07442,44.39256],[12.07312,44.39183],[12.0726,44.39165],[12.06987,44.3911]]},"properties":{}},{"type":"Feature","geometry":{"type":"LineString","coordinates":[[12.08412,44.39594],[12.08412,44.39609],[12.08432,44.39622],[12.08448,44.39617],[12.08469,44.3962]]},"properties":{}},{"type":"Feature","geometry":{"type":"LineString","coordinates":[[12.08432,44.39622],[12.08362,44.39651],[12.08258,44.39792],[12.08253,44.39805],[12.08254,44.39816],[12.08261,44.39822],[12.08251,44.39842],[12.08237,44.39845],[12.08206,44.3986],[12.0815,44.3991],[12.08148,44.39926],[12.08153,44.39938],[12.08203,44.39986]]},"properties":{}},{"type":"Feature","geometry":{"type":"LineString","coordinates":[[12.1119,44.40359],[12.11225,44.40324]]},"properties":{}},{"type":"Feature","geometry":{"type":"LineString","coordinates":[[12.11107,44.40399],[12.11172,44.40376]]},"properties":{}},{"type":"Feature","geometry":{"type":"LineString","coordinates":[[12.08857,44.41922],[12.08916,44.41888]]},"properties":{}},{"type":"Feature","geometry":{"type":"LineString","coordinates":[[12.08309,44.46938],[12.08308,44.46933],[12.08214,44.4688],[12.0822,44.46872],[12.08245,44.46855]]},"properties":{}},{"type":"Feature","geometry":{"type":"LineString","coordinates":[[12.08254,44.46986],[12.08309,44.46938]]},"properties":{}},{"type":"Feature","geometry":{"type":"LineString","coordinates":[[12.0826,44.46995],[12.0832,44.46941]]},"properties":{}},{"type":"Feature","geometry":{"type":"LineString","coordinates":[[12.194,44.4152],[12.19348,44.41472]]},"properties":{}},{"type":"Feature","geometry":{"type":"LineString","coordinates":[[12.19347,44.41474],[12.19394,44.41519],[12.19404,44.41522]]},"properties":{}},{"type":"Feature","geometry":{"type":"LineString","coordinates":[[12.19403,44.41531],[12.1935,44.41482]]},"properties":{}},{"type":"Feature","geometry":{"type":"LineString","coordinates":[[12.1847,44.41612],[12.18412,44.41421]]},"properties":{}},{"type":"Feature","geometry":{"type":"LineString","coordinates":[[12.19412,44.41527],[12.194,44.4152]]},"properties":{}},{"type":"Feature","geometry":{"type":"LineString","coordinates":[[12.20009,44.41541],[12.20004,44.41546],[12.19996,44.41548],[12.19963,44.41542],[12.19956,44.41535],[12.19956,44.41526],[12.19962,44.41519],[12.1997,44.41517],[12.20007,44.41523],[12.20012,44.41531],[12.20009,44.41541]]},"properties":{}},{"type":"Feature","geometry":{"type":"LineString","coordinates":[[12.19612,44.41553],[12.19428,44.41536],[12.19412,44.41527]]},"properties":{}},{"type":"Feature","geometry":{"type":"LineString","coordinates":[[12.19612,44.41553],[12.19644,44.41563]]},"properties":{}},{"type":"Feature","geometry":{"type":"LineString","coordinates":[[12.19911,44.41556],[12.19833,44.41598]]},"properties":{}},{"type":"Feature","geometry":{"type":"LineString","coordinates":[[12.17522,44.41476],[12.17536,44.41485],[12.17547,44.41616],[12.17552,44.41708],[12.17538,44.41715],[12.17537,44.41729]]},"properties":{}},{"type":"Feature","geometry":{"type":"LineString","coordinates":[[12.19833,44.41598],[12.19761,44.4164]]},"properties":{}},{"type":"Feature","geometry":{"type":"LineString","coordinates":[[12.2083,44.41652],[12.20456,44.41595]]},"properties":{}},{"type":"Feature","geometry":{"type":"LineString","coordinates":[[12.19761,44.4164],[12.19758,44.41643]]},"properties":{}},{"type":"Feature","geometry":{"type":"LineString","coordinates":[[12.1849,44.41688],[12.18472,44.41625]]},"properties":{}},{"type":"Feature","geometry":{"type":"LineString","coordinates":[[12.19758,44.41643],[12.19684,44.4168]]},"properties":{}},{"type":"Feature","geometry":{"type":"LineString","coordinates":[[12.17762,44.41716],[12.17762,44.41722],[12.17576,44.41729],[12.17571,44.4174]]},"properties":{}},{"type":"Feature","geometry":{"type":"LineString","coordinates":[[12.17537,44.41729],[12.17479,44.41732],[12.17474,44.41738],[12.17457,44.41738],[12.17455,44.41733],[12.17392,44.41735],[12.17389,44.41741],[12.17376,44.41741],[12.17374,44.41736],[12.17363,44.41736]]},"properties":{}},{"type":"Feature","geometry":{"type":"LineString","coordinates":[[12.17571,44.4174],[12.17556,44.41741]]},"properties":{}},{"type":"Feature","geometry":{"type":"LineString","coordinates":[[12.18215,44.41799],[12.18496,44.41689]]},"properties":{}},{"type":"Feature","geometry":{"type":"LineString","coordinates":[[12.17522,44.41476],[12.17513,44.41474],[12.17515,44.41464],[12.17528,44.41461],[12.17533,44.41455],[12.17525,44.41371],[12.17527,44.41347],[12.17537,44.41321],[12.17565,44.41272],[12.17571,44.41242],[12.17564,44.4122],[12.17551,44.41207],[12.17529,44.41204],[12.17499,44.41207],[12.17432,44.41247],[12.174,44.4126],[12.17341,44.41277],[12.17308,44.41295],[12.173,44.41303],[12.17279,44.41325],[12.17261,44.41352],[12.17255,44.4137],[12.17253,44.41399],[12.17273,44.41514],[12.17294,44.41688],[12.17302,44.41695],[12.17321,44.41703],[12.17343,44.41722],[12.17362,44.41724],[12.17363,44.41736],[12.17338,44.41743],[12.17313,44.41767],[12.17307,44.41779],[12.17345,44.42039],[12.17369,44.42286],[12.17373,44.42297],[12.17388,44.42308],[12.17404,44.42315],[12.17417,44.42316],[12.18399,44.42203],[12.18534,44.42177],[12.18876,44.42103]]},"properties":{}},{"type":"Feature","geometry":{"type":"LineString","coordinates":[[12.1854,44.41832],[12.18502,44.41699]]},"properties":{}},{"type":"Feature","geometry":{"type":"LineString","coordinates":[[12.19684,44.4168],[12.19338,44.41869]]},"properties":{}},{"type":"Feature","geometry":{"type":"LineString","coordinates":[[12.17537,44.41729],[12.17546,44.41732],[12.17556,44.41741],[12.17564,44.4183],[12.17567,44.41833],[12.17583,44.41836]]},"properties":{}},{"type":"Feature","geometry":{"type":"LineString","coordinates":[[12.20381,44.41763],[12.20355,44.41833]]},"properties":{}},{"type":"Feature","geometry":{"type":"LineString","coordinates":[[12.17312,44.41819],[12.17277,44.41817],[12.17238,44.41805],[12.1722,44.41804],[12.17151,44.4181]]},"properties":{}},{"type":"Feature","geometry":{"type":"LineString","coordinates":[[12.17468,44.41839],[12.17468,44.41828]]},"properties":{}},{"type":"Feature","geometry":{"type":"LineString","coordinates":[[12.18405,44.41942],[12.18375,44.41945],[12.18369,44.4194],[12.18334,44.41764]]},"properties":{}},{"type":"Feature","geometry":{"type":"LineString","coordinates":[[12.19356,44.41901],[12.19357,44.41894],[12.19333,44.41871],[12.19338,44.41869]]},"properties":{}},{"type":"Feature","geometry":{"type":"LineString","coordinates":[[12.20549,44.41881],[12.20518,44.4193]]},"properties":{}},{"type":"Feature","geometry":{"type":"LineString","coordinates":[[12.20521,44.41925],[12.20484,44.41921]]},"properties":{}},{"type":"Feature","geometry":{"type":"LineString","coordinates":[[12.14501,44.41739],[12.14578,44.4175]]},"properties":{}},{"type":"Feature","geometry":{"type":"LineString","coordinates":[[12.14712,44.41963],[12.14481,44.41918]]},"properties":{}},{"type":"Feature","geometry":{"type":"LineString","coordinates":[[12.14757,44.41957],[12.1489,44.41981],[12.15005,44.41995]]},"properties":{}},{"type":"Feature","geometry":{"type":"LineString","coordinates":[[12.15005,44.41995],[12.15025,44.41998]]},"properties":{}},{"type":"Feature","geometry":{"type":"LineString","coordinates":[[12.15432,44.41995],[12.15415,44.42033],[12.1538,44.42028],[12.15358,44.42035]]},"properties":{}},{"type":"Feature","geometry":{"type":"LineString","coordinates":[[12.15025,44.41998],[12.1526,44.4205]]},"properties":{}},{"type":"Feature","geometry":{"type":"LineString","coordinates":[[12.1526,44.4205],[12.15304,44.42049],[12.15316,44.42046],[12.1533,44.42036],[12.15358,44.42035],[12.15373,44.42048],[12.1537,44.42055],[12.15374,44.4206],[12.15409,44.42072],[12.15423,44.42081]]},"properties":{}},{"type":"Feature","geometry":{"type":"LineString","coordinates":[[12.15423,44.42081],[12.15458,44.42094],[12.15764,44.4216],[12.15799,44.42171],[12.15845,44.42172],[12.15935,44.42154],[12.16226,44.42219],[12.16236,44.42223],[12.16261,44.42244],[12.16301,44.42255],[12.16316,44.42268],[12.16325,44.42286],[12.16338,44.42293],[12.16712,44.4238]]},"properties":{}},{"type":"Feature","geometry":{"type":"LineString","coordinates":[[12.16857,44.42331],[12.16871,44.4231]]},"properties":{}},{"type":"Feature","geometry":{"type":"LineString","coordinates":[[12.16871,44.4231],[12.16954,44.4234]]},"properties":{}},{"type":"Feature","geometry":{"type":"LineString","coordinates":[[12.17345,44.42039],[12.17401,44.4205],[12.17409,44.4203],[12.17402,44.41917],[12.17447,44.41847],[12.17468,44.41839],[12.17567,44.41833]]},"properties":{}},{"type":"Feature","geometry":{"type":"LineString","coordinates":[[12.20518,44.4193],[12.20525,44.41975],[12.20552,44.42056]]},"properties":{}},{"type":"Feature","geometry":{"type":"LineString","coordinates":[[12.17401,44.4205],[12.17406,44.42051]]},"properties":{}},{"type":"Feature","geometry":{"type":"LineString","coordinates":[[12.1853,44.42178],[12.18485,44.42041],[12.18419,44.42047],[12.184,44.41952]]},"properties":{}},{"type":"Feature","geometry":{"type":"LineString","coordinates":[[12.20675,44.42074],[12.20552,44.42056]]},"properties":{}},{"type":"Feature","geometry":{"type":"LineString","coordinates":[[12.20552,44.42056],[12.20537,44.42096]]},"properties":{}},{"type":"Feature","geometry":{"type":"LineString","coordinates":[[12.18703,44.42161],[12.18702,44.42156],[12.1871,44.42152]]},"properties":{}},{"type":"Feature","geometry":{"type":"LineString","coordinates":[[12.18641,44.42167],[12.18684,44.42159],[12.18703,44.42161]]},"properties":{}},{"type":"Feature","geometry":{"type":"LineString","coordinates":[[12.18879,44.42216],[12.1888,44.4217],[12.18871,44.42142]]},"properties":{}},{"type":"Feature","geometry":{"type":"LineString","coordinates":[[12.20108,44.42348],[12.20095,44.42346],[12.20095,44.42334],[12.20092,44.42334],[12.19991,44.42331],[12.19854,44.42333],[12.19575,44.42356],[12.19549,44.42354],[12.1952,44.42345],[12.19491,44.42326],[12.19469,44.42306],[12.19456,44.4229],[12.19389,44.42109],[12.19367,44.42057],[12.19345,44.4202]]},"properties":{}},{"type":"Feature","geometry":{"type":"LineString","coordinates":[[12.20871,44.41177],[12.2089,44.41121],[12.21024,44.40873],[12.21038,44.40869],[12.21058,44.40829],[12.21062,44.40804]]},"properties":{}},{"type":"Feature","geometry":{"type":"LineString","coordinates":[[12.2246,44.40983],[12.22458,44.4099],[12.22469,44.41013],[12.22478,44.41016]]},"properties":{}},{"type":"Feature","geometry":{"type":"LineString","coordinates":[[12.21981,44.41089],[12.21968,44.41084],[12.21963,44.41075],[12.21964,44.41068],[12.21948,44.41058],[12.21884,44.41023],[12.21869,44.41019],[12.21865,44.41013],[12.21747,44.40946],[12.2169,44.40924],[12.21635,44.40914]]},"properties":{}},{"type":"Feature","geometry":{"type":"LineString","coordinates":[[12.22369,44.4101],[12.22441,44.41018]]},"properties":{}},{"type":"Feature","geometry":{"type":"LineString","coordinates":[[12.22192,44.41036],[12.22233,44.40994]]},"properties":{}},{"type":"Feature","geometry":{"type":"LineString","coordinates":[[12.22441,44.41018],[12.22462,44.41021],[12.22469,44.41013]]},"properties":{}},{"type":"Feature","geometry":{"type":"LineString","coordinates":[[12.22441,44.41018],[12.22414,44.41094],[12.22403,44.41099],[12.2239,44.41099],[12.22337,44.4109],[12.22314,44.41082]]},"properties":{}},{"type":"Feature","geometry":{"type":"LineString","coordinates":[[12.21964,44.41068],[12.21968,44.41067]]},"properties":{}},{"type":"Feature","geometry":{"type":"LineString","coordinates":[[12.21664,44.41206],[12.21711,44.41144],[12.21743,44.41152],[12.21749,44.41151]]},"properties":{}},{"type":"Feature","geometry":{"type":"LineString","coordinates":[[12.20858,44.41175],[12.20856,44.41179]]},"properties":{}},{"type":"Feature","geometry":{"type":"LineString","coordinates":[[12.24071,44.40568],[12.24061,44.40565],[12.23671,44.40719],[12.23091,44.40983],[12.23093,44.40989]]},"properties":{}},{"type":"Feature","geometry":{"type":"LineString","coordinates":[[12.24071,44.40568],[12.24072,44.40574],[12.23675,44.40729],[12.23215,44.40937],[12.23089,44.40998],[12.23085,44.40993]]},"properties":{}},{"type":"Feature","geometry":{"type":"LineString","coordinates":[[12.22478,44.41016],[12.22527,44.41035],[12.22608,44.41091],[12.22672,44.41123],[12.2271,44.41163],[12.22643,44.41194],[12.22603,44.41233]]},"properties":{}},{"type":"Feature","geometry":{"type":"LineString","coordinates":[[12.22584,44.41188],[12.22598,44.41139]]},"properties":{}},{"type":"Feature","geometry":{"type":"LineString","coordinates":[[12.22582,44.41193],[12.22584,44.41188],[12.22643,44.41194]]},"properties":{}},{"type":"Feature","geometry":{"type":"LineString","coordinates":[[12.22634,44.41203],[12.22633,44.41196],[12.22629,44.41194]]},"properties":{}},{"type":"Feature","geometry":{"type":"LineString","coordinates":[[12.22629,44.41207],[12.22537,44.41194],[12.2252,44.4121],[12.2258,44.41238],[12.22592,44.41238],[12.22603,44.41233]]},"properties":{}},{"type":"Feature","geometry":{"type":"LineString","coordinates":[[12.22565,44.4125],[12.2258,44.41238]]},"properties":{}},{"type":"Feature","geometry":{"type":"LineString","coordinates":[[12.22786,44.41806],[12.22818,44.41817]]},"properties":{}},{"type":"Feature","geometry":{"type":"LineString","coordinates":[[12.23085,44.41908],[12.23089,44.41904],[12.23094,44.41903]]},"properties":{}},{"type":"Feature","geometry":{"type":"LineString","coordinates":[[12.20899,44.41186],[12.20873,44.41182],[12.20871,44.41177]]},"properties":{}},{"type":"Feature","geometry":{"type":"LineString","coordinates":[[12.22561,44.41273],[12.22567,44.4126],[12.22559,44.41239],[12.2244,44.41182],[12.22306,44.41167],[12.22297,44.41172],[12.22278,44.41173],[12.22263,44.41167],[12.22258,44.4116],[12.22089,44.41134],[12.22045,44.41114],[12.22004,44.4109],[12.21981,44.41089]]},"properties":{}},{"type":"Feature","geometry":{"type":"LineString","coordinates":[[12.20885,44.41205],[12.20668,44.41177]]},"properties":{}},{"type":"Feature","geometry":{"type":"LineString","coordinates":[[12.20894,44.41206],[12.20885,44.41205]]},"properties":{}},{"type":"Feature","geometry":{"type":"LineString","coordinates":[[12.20962,44.41214],[12.20894,44.41206]]},"properties":{}},{"type":"Feature","geometry":{"type":"LineString","coordinates":[[12.21121,44.41241],[12.21114,44.41236],[12.21105,44.41236],[12.21099,44.41228],[12.21089,44.41224],[12.20962,44.41214]]},"properties":{}},{"type":"Feature","geometry":{"type":"LineString","coordinates":[[12.21854,44.41248],[12.21872,44.41244]]},"properties":{}},{"type":"Feature","geometry":{"type":"LineString","coordinates":[[12.20885,44.41205],[12.20857,44.41302]]},"properties":{}},{"type":"Feature","geometry":{"type":"LineString","coordinates":[[12.21121,44.41241],[12.21295,44.41234],[12.21506,44.41231],[12.21651,44.41236],[12.21669,44.41237],[12.2168,44.4124],[12.21681,44.41245],[12.21697,44.41248],[12.21701,44.41242],[12.21712,44.4124],[12.21765,44.4125],[12.21811,44.41265],[12.21883,44.41303],[12.22043,44.41444],[12.22195,44.41545]]},"properties":{}},{"type":"Feature","geometry":{"type":"LineString","coordinates":[[12.21061,44.41221],[12.2104,44.4127],[12.2101,44.41266],[12.20981,44.41369],[12.21,44.41412],[12.21034,44.41463],[12.2103,44.41486],[12.21021,44.41491],[12.21004,44.41557]]},"properties":{}},{"type":"Feature","geometry":{"type":"LineString","coordinates":[[12.20617,44.41261],[12.20855,44.41315],[12.20894,44.41333],[12.20915,44.41355],[12.20927,44.41381],[12.20926,44.41406],[12.20838,44.41638]]},"properties":{}},{"type":"Feature","geometry":{"type":"LineString","coordinates":[[12.21106,44.41668],[12.21117,44.41615],[12.21117,44.41601],[12.21097,44.41588],[12.21066,44.41585],[12.21059,44.41582],[12.21055,44.41577],[12.21087,44.41438],[12.21109,44.41271],[12.21113,44.4125],[12.21121,44.41241]]},"properties":{}},{"type":"Feature","geometry":{"type":"LineString","coordinates":[[12.2271,44.41722],[12.22516,44.41676],[12.22357,44.4162],[12.22258,44.41578],[12.22162,44.41519],[12.22057,44.41443],[12.2202,44.41415],[12.21886,44.41296],[12.21823,44.41264],[12.21766,44.41244],[12.21693,44.41234],[12.21506,44.41229],[12.21293,44.4123],[12.21138,44.41236]]},"properties":{}},{"type":"Feature","geometry":{"type":"LineString","coordinates":[[12.21151,44.41678],[12.2149,44.41595],[12.21522,44.41601],[12.21604,44.41625]]},"properties":{}},{"type":"Feature","geometry":{"type":"LineString","coordinates":[[12.20838,44.41638],[12.20857,44.41641]]},"properties":{}},{"type":"Feature","geometry":{"type":"LineString","coordinates":[[12.20857,44.41641],[12.20855,44.41646]]},"properties":{}},{"type":"Feature","geometry":{"type":"LineString","coordinates":[[12.2083,44.41652],[12.20838,44.41638]]},"properties":{}},{"type":"Feature","geometry":{"type":"LineString","coordinates":[[12.20855,44.41646],[12.21017,44.41671],[12.2103,44.41628],[12.21051,44.41631],[12.21066,44.41637],[12.21073,44.41643],[12.21079,44.4166],[12.21084,44.41664],[12.21106,44.41668]]},"properties":{}},{"type":"Feature","geometry":{"type":"LineString","coordinates":[[12.2085,44.4166],[12.20855,44.41646]]},"properties":{}},{"type":"Feature","geometry":{"type":"LineString","coordinates":[[12.21063,44.41687],[12.21045,44.41672],[12.21035,44.4164]]},"properties":{}},{"type":"Feature","geometry":{"type":"LineString","coordinates":[[12.2085,44.4166],[12.20955,44.41674],[12.20959,44.41677],[12.20958,44.41682]]},"properties":{}},{"type":"Feature","geometry":{"type":"LineString","coordinates":[[12.22195,44.41545],[12.22203,44.41562],[12.22416,44.41657],[12.22752,44.41777],[12.22794,44.41779],[12.22797,44.41784],[12.22786,44.41806]]},"properties":{}},{"type":"Feature","geometry":{"type":"LineString","coordinates":[[12.21125,44.41682],[12.21113,44.41685],[12.21107,44.41683],[12.21106,44.41668]]},"properties":{}},{"type":"Feature","geometry":{"type":"LineString","coordinates":[[12.21099,44.41671],[12.21091,44.41682],[12.21074,44.41689]]},"properties":{}},{"type":"Feature","geometry":{"type":"LineString","coordinates":[[12.21151,44.41678],[12.21125,44.41682]]},"properties":{}},{"type":"Feature","geometry":{"type":"LineString","coordinates":[[12.21153,44.41709],[12.21157,44.41697],[12.21153,44.41696],[12.21155,44.41685],[12.21151,44.41678]]},"properties":{}},{"type":"Feature","geometry":{"type":"LineString","coordinates":[[12.21022,44.41709],[12.20989,44.41708]]},"properties":{}},{"type":"Feature","geometry":{"type":"LineString","coordinates":[[12.20772,44.41808],[12.2083,44.41652]]},"properties":{}},{"type":"Feature","geometry":{"type":"LineString","coordinates":[[12.21067,44.41802],[12.20997,44.41793]]},"properties":{}},{"type":"Feature","geometry":{"type":"LineString","coordinates":[[12.21074,44.41779],[12.21252,44.41872]]},"properties":{}},{"type":"Feature","geometry":{"type":"LineString","coordinates":[[12.2099,44.41821],[12.2106,44.41831]]},"properties":{}},{"type":"Feature","geometry":{"type":"LineString","coordinates":[[12.22231,44.41889],[12.22161,44.41921],[12.22134,44.41957]]},"properties":{}},{"type":"Feature","geometry":{"type":"LineString","coordinates":[[12.21156,44.41699],[12.21269,44.41722],[12.214,44.41767],[12.22397,44.422]]},"properties":{}},{"type":"Feature","geometry":{"type":"LineString","coordinates":[[12.22394,44.42215],[12.22101,44.42087],[12.21927,44.42015],[12.21489,44.41817],[12.21316,44.4175],[12.21219,44.41723],[12.21101,44.417],[12.21088,44.41701],[12.21088,44.41695],[12.21034,44.41688],[12.21026,44.41695],[12.21022,44.41709]]},"properties":{}},{"type":"Feature","geometry":{"type":"LineString","coordinates":[[12.20989,44.41708],[12.20971,44.41714],[12.20962,44.41722],[12.20949,44.41749],[12.20858,44.42096],[12.20858,44.42111],[12.20864,44.42128],[12.20879,44.4215],[12.20885,44.42154],[12.20978,44.42194],[12.21059,44.42209],[12.21074,44.42209],[12.21082,44.42211],[12.21094,44.42221],[12.2117,44.42245],[12.21206,44.42251],[12.21214,44.4226],[12.21281,44.4228]]},"properties":{}},{"type":"Feature","geometry":{"type":"LineString","coordinates":[[12.22134,44.41957],[12.22124,44.41955],[12.2212,44.41961],[12.22127,44.41965],[12.22071,44.42035]]},"properties":{}},{"type":"Feature","geometry":{"type":"LineString","coordinates":[[12.20856,44.42071],[12.20852,44.42111],[12.20867,44.42141],[12.20885,44.42159]]},"properties":{}},{"type":"Feature","geometry":{"type":"LineString","coordinates":[[12.20809,44.4219],[12.20816,44.42165],[12.20856,44.42071]]},"properties":{}},{"type":"Feature","geometry":{"type":"LineString","coordinates":[[12.20809,44.4219],[12.20822,44.42165],[12.20831,44.42157],[12.2085,44.42153],[12.20885,44.42159]]},"properties":{}},{"type":"Feature","geometry":{"type":"LineString","coordinates":[[12.22439,44.42221],[12.22397,44.422],[12.22387,44.42212]]},"properties":{}},{"type":"Feature","geometry":{"type":"LineString","coordinates":[[12.22569,44.42029],[12.22593,44.42039],[12.22606,44.42039],[12.22666,44.41975],[12.22703,44.41929],[12.22744,44.41873],[12.22786,44.41806]]},"properties":{}},{"type":"Feature","geometry":{"type":"LineString","coordinates":[[12.22818,44.41817],[12.22829,44.41801],[12.22842,44.41798],[12.23061,44.41872],[12.23103,44.41911],[12.23124,44.41922],[12.23128,44.41923],[12.23154,44.41909],[12.23173,44.41909],[12.23192,44.41913],[12.23418,44.42009],[12.23427,44.42019],[12.23436,44.42053],[12.23442,44.42059]]},"properties":{}},{"type":"Feature","geometry":{"type":"LineString","coordinates":[[12.22624,44.4202],[12.2265,44.42031]]},"properties":{}},{"type":"Feature","geometry":{"type":"LineString","coordinates":[[12.2265,44.42031],[12.22674,44.42041]]},"properties":{}},{"type":"Feature","geometry":{"type":"LineString","coordinates":[[12.23081,44.41956],[12.22967,44.42115],[12.22947,44.4215]]},"properties":{}},{"type":"Feature","geometry":{"type":"LineString","coordinates":[[12.23442,44.42059],[12.23471,44.42065]]},"properties":{}},{"type":"Feature","geometry":{"type":"LineString","coordinates":[[12.23247,44.42156],[12.22993,44.42053]]},"properties":{}},{"type":"Feature","geometry":{"type":"LineString","coordinates":[[12.23415,44.42124],[12.23422,44.42115],[12.23414,44.42106],[12.23229,44.42033],[12.23221,44.42033],[12.23213,44.42039],[12.23206,44.42036],[12.232,44.42034],[12.23208,44.42024],[12.23148,44.42],[12.22981,44.42213]]},"properties":{}},{"type":"Feature","geometry":{"type":"LineString","coordinates":[[12.23415,44.42124],[12.23431,44.42129]]},"properties":{}},{"type":"Feature","geometry":{"type":"LineString","coordinates":[[12.23084,44.41896],[12.23086,44.41921],[12.2302,44.42019],[12.22873,44.42216],[12.22802,44.42317],[12.22785,44.42337],[12.22763,44.42356],[12.22725,44.42368],[12.22703,44.42369],[12.22659,44.42362],[12.22625,44.42343],[12.22555,44.42291],[12.22548,44.42284],[12.22552,44.42274],[12.22541,44.42266],[12.22493,44.42239],[12.22484,44.4224],[12.22461,44.42231]]},"properties":{}},{"type":"Feature","geometry":{"type":"LineString","coordinates":[[12.22916,44.42181],[12.22935,44.42167],[12.22947,44.4215]]},"properties":{}},{"type":"Feature","geometry":{"type":"LineString","coordinates":[[12.22947,44.4215],[12.22943,44.42174],[12.22946,44.42188]]},"properties":{}},{"type":"Feature","geometry":{"type":"LineString","coordinates":[[12.23471,44.42065],[12.23459,44.42078],[12.2344,44.42116],[12.23285,44.42316],[12.23268,44.42311],[12.23257,44.4232],[12.23249,44.42319],[12.23148,44.4228],[12.23143,44.42273],[12.23137,44.4227],[12.23127,44.42272],[12.2306,44.42245],[12.23057,44.4224],[12.2305,44.42236],[12.23034,44.42234],[12.2297,44.42208]]},"properties":{}},{"type":"Feature","geometry":{"type":"LineString","coordinates":[[12.2288,44.42243],[12.22901,44.42218],[12.22905,44.42207],[12.22903,44.422]]},"properties":{}},{"type":"Feature","geometry":{"type":"LineString","coordinates":[[12.2293,44.42213],[12.2288,44.42243]]},"properties":{}},{"type":"Feature","geometry":{"type":"LineString","coordinates":[[12.24064,44.42255],[12.24071,44.42244]]},"properties":{}},{"type":"Feature","geometry":{"type":"LineString","coordinates":[[12.22981,44.42219],[12.23198,44.42307]]},"properties":{}},{"type":"Feature","geometry":{"type":"LineString","coordinates":[[12.2288,44.42243],[12.22864,44.42258],[12.22831,44.42303]]},"properties":{}},{"type":"Feature","geometry":{"type":"LineString","coordinates":[[12.23471,44.42065],[12.23512,44.42052],[12.23535,44.42054],[12.23688,44.42116],[12.24276,44.42336],[12.24683,44.42529],[12.24698,44.42563],[12.24703,44.42569],[12.24713,44.42569]]},"properties":{}},{"type":"Feature","geometry":{"type":"LineString","coordinates":[[12.22785,44.42337],[12.22866,44.42368]]},"properties":{}},{"type":"Feature","geometry":{"type":"LineString","coordinates":[[12.22461,44.42231],[12.22439,44.42221]]},"properties":{}},{"type":"Feature","geometry":{"type":"LineString","coordinates":[[12.20823,44.4241],[12.20827,44.42398],[12.20779,44.42391],[12.2077,44.42376],[12.2081,44.42209],[12.20823,44.42171],[12.2083,44.42162],[12.20824,44.42157],[12.20845,44.42112],[12.20858,44.42111]]},"properties":{}},{"type":"Feature","geometry":{"type":"LineString","coordinates":[[12.20985,44.42436],[12.21042,44.42206]]},"properties":{}},{"type":"Feature","geometry":{"type":"LineString","coordinates":[[12.20776,44.42396],[12.20766,44.42386],[12.20762,44.42374]]},"properties":{}},{"type":"Feature","geometry":{"type":"LineString","coordinates":[[12.20662,44.42386],[12.20736,44.42396]]},"properties":{}},{"type":"Feature","geometry":{"type":"LineString","coordinates":[[12.20901,44.42417],[12.20776,44.42396]]},"properties":{}},{"type":"Feature","geometry":{"type":"LineString","coordinates":[[12.20736,44.42396],[12.20971,44.42437]]},"properties":{}},{"type":"Feature","geometry":{"type":"LineString","coordinates":[[12.20971,44.42437],[12.21122,44.42444],[12.21132,44.42449],[12.21129,44.42474],[12.21081,44.42635],[12.21031,44.42781]]},"properties":{}},{"type":"Feature","geometry":{"type":"LineString","coordinates":[[12.21301,44.42664],[12.21298,44.42653],[12.21307,44.426],[12.21311,44.42591],[12.21319,44.42585]]},"properties":{}},{"type":"Feature","geometry":{"type":"LineString","coordinates":[[12.21284,44.42662],[12.2102,44.42619]]},"properties":{}},{"type":"Feature","geometry":{"type":"LineString","coordinates":[[12.20884,44.42864],[12.20982,44.42535],[12.20998,44.42508],[12.21021,44.42454],[12.21017,44.42444],[12.20971,44.42437]]},"properties":{}},{"type":"Feature","geometry":{"type":"LineString","coordinates":[[12.21301,44.42664],[12.21284,44.42662]]},"properties":{}},{"type":"Feature","geometry":{"type":"LineString","coordinates":[[12.21477,44.42653],[12.21511,44.42674]]},"properties":{}},{"type":"Feature","geometry":{"type":"LineString","coordinates":[[12.21511,44.42674],[12.21523,44.42676],[12.21543,44.42673],[12.21573,44.42675]]},"properties":{}},{"type":"Feature","geometry":{"type":"LineString","coordinates":[[12.21426,44.42696],[12.21328,44.42678],[12.21301,44.42664]]},"properties":{}},{"type":"Feature","geometry":{"type":"LineString","coordinates":[[12.21515,44.42716],[12.21484,44.42679]]},"properties":{}},{"type":"Feature","geometry":{"type":"LineString","coordinates":[[12.21616,44.42739],[12.21599,44.42735],[12.21574,44.42738]]},"properties":{}},{"type":"Feature","geometry":{"type":"LineString","coordinates":[[12.21537,44.42792],[12.21535,44.42758],[12.21526,44.4274]]},"properties":{}},{"type":"Feature","geometry":{"type":"LineString","coordinates":[[12.2156,44.42745],[12.2155,44.42757],[12.21537,44.42792]]},"properties":{}},{"type":"Feature","geometry":{"type":"LineString","coordinates":[[12.21281,44.4228],[12.21387,44.42311],[12.21424,44.42328],[12.21613,44.42429],[12.21619,44.42436],[12.21619,44.42464],[12.2164,44.42531],[12.21642,44.42561],[12.21631,44.42596],[12.21587,44.4265],[12.21573,44.42675],[12.21574,44.4269],[12.21578,44.427],[12.21591,44.42717],[12.21599,44.42722],[12.22288,44.43109],[12.22323,44.43118],[12.22353,44.43115],[12.22374,44.43109],[12.22391,44.43124],[12.22398,44.43126],[12.22397,44.43152],[12.22402,44.43164],[12.22418,44.43182],[12.22678,44.43327],[12.2274,44.43348],[12.22847,44.43368],[12.23025,44.43387],[12.23028,44.43395]]},"properties":{}},{"type":"Feature","geometry":{"type":"LineString","coordinates":[[12.20188,44.42215],[12.20199,44.42188]]},"properties":{}},{"type":"Feature","geometry":{"type":"LineString","coordinates":[[12.20216,44.42192],[12.20223,44.42214]]},"properties":{}},{"type":"Feature","geometry":{"type":"LineString","coordinates":[[12.18282,44.42233],[12.18309,44.42235],[12.18334,44.42232],[12.18361,44.42222],[12.18592,44.42178]]},"properties":{}},{"type":"Feature","geometry":{"type":"LineString","coordinates":[[12.20197,44.42222],[12.2022,44.42205]]},"properties":{}},{"type":"Feature","geometry":{"type":"LineString","coordinates":[[12.202,44.42239],[12.202,44.4222]]},"properties":{}},{"type":"Feature","geometry":{"type":"LineString","coordinates":[[12.18338,44.4223],[12.18286,44.42232]]},"properties":{}},{"type":"Feature","geometry":{"type":"LineString","coordinates":[[12.20179,44.42267],[12.20185,44.42251],[12.20188,44.42215]]},"properties":{}},{"type":"Feature","geometry":{"type":"LineString","coordinates":[[12.20014,44.42251],[12.19927,44.42253],[12.19909,44.42262],[12.1988,44.42267]]},"properties":{}},{"type":"Feature","geometry":{"type":"LineString","coordinates":[[12.20251,44.42246],[12.20327,44.42273]]},"properties":{}},{"type":"Feature","geometry":{"type":"LineString","coordinates":[[12.18865,44.42314],[12.18878,44.42222]]},"properties":{}},{"type":"Feature","geometry":{"type":"LineString","coordinates":[[12.17284,44.4233],[12.1732,44.42318],[12.1734,44.42304],[12.1735,44.42287],[12.1734,44.42239],[12.17328,44.42232],[12.17299,44.42234],[12.17299,44.4223]]},"properties":{}},{"type":"Feature","geometry":{"type":"LineString","coordinates":[[12.19357,44.42188],[12.19291,44.42375]]},"properties":{}},{"type":"Feature","geometry":{"type":"LineString","coordinates":[[12.19233,44.42389],[12.1924,44.42361],[12.19301,44.42179]]},"properties":{}},{"type":"Feature","geometry":{"type":"LineString","coordinates":[[12.19844,44.42326],[12.19837,44.42265]]},"properties":{}},{"type":"Feature","geometry":{"type":"LineString","coordinates":[[12.17345,44.42296],[12.17371,44.42295]]},"properties":{}},{"type":"Feature","geometry":{"type":"LineString","coordinates":[[12.20134,44.42329],[12.20179,44.42267]]},"properties":{}},{"type":"Feature","geometry":{"type":"LineString","coordinates":[[12.18117,44.42249],[12.17425,44.42328],[12.17414,44.4233],[12.17384,44.4235],[12.17375,44.42353],[12.17356,44.42354],[12.17319,44.4234],[12.17284,44.42345]]},"properties":{}},{"type":"Feature","geometry":{"type":"LineString","coordinates":[[12.18865,44.42314],[12.19029,44.42325]]},"properties":{}},{"type":"Feature","geometry":{"type":"LineString","coordinates":[[12.19027,44.42335],[12.18864,44.42324]]},"properties":{}},{"type":"Feature","geometry":{"type":"LineString","coordinates":[[12.17319,44.4234],[12.17319,44.42329],[12.17312,44.42322]]},"properties":{}},{"type":"Feature","geometry":{"type":"LineString","coordinates":[[12.18703,44.42161],[12.18705,44.42186],[12.18701,44.42227],[12.1866,44.42394],[12.18682,44.42481],[12.18681,44.42522]]},"properties":{}},{"type":"Feature","geometry":{"type":"LineString","coordinates":[[12.18856,44.42378],[12.18864,44.42324]]},"properties":{}},{"type":"Feature","geometry":{"type":"LineString","coordinates":[[12.18135,44.42463],[12.18134,44.42465],[12.18216,44.42476],[12.18224,44.42476],[12.1823,44.42469],[12.18222,44.42438],[12.18206,44.42435],[12.18204,44.42432],[12.18198,44.42401],[12.18207,44.42374],[12.1819,44.42309],[12.18154,44.42259],[12.18141,44.42252],[12.18117,44.42249]]},"properties":{}},{"type":"Feature","geometry":{"type":"LineString","coordinates":[[12.2044,44.42382],[12.2046,44.42374],[12.20506,44.42368],[12.20564,44.42371],[12.20662,44.42386]]},"properties":{}},{"type":"Feature","geometry":{"type":"LineString","coordinates":[[12.19822,44.42401],[12.19812,44.42399],[12.19809,44.42395]]},"properties":{}},{"type":"Feature","geometry":{"type":"LineString","coordinates":[[12.19853,44.42444],[12.19855,44.42406]]},"properties":{}},{"type":"Feature","geometry":{"type":"LineString","coordinates":[[12.18854,44.42389],[12.18842,44.42482]]},"properties":{}},{"type":"Feature","geometry":{"type":"LineString","coordinates":[[12.19775,44.42529],[12.19778,44.42482],[12.19782,44.42472],[12.19799,44.42461],[12.19803,44.42437],[12.19812,44.42414],[12.19822,44.42401],[12.19914,44.42412],[12.19962,44.42441],[12.20011,44.42438]]},"properties":{}},{"type":"Feature","geometry":{"type":"LineString","coordinates":[[12.1983,44.42629],[12.19987,44.42631],[12.19999,44.42629],[12.20097,44.4239],[12.20101,44.42374],[12.20095,44.42346]]},"properties":{}},{"type":"Feature","geometry":{"type":"LineString","coordinates":[[12.19849,44.42531],[12.19775,44.42529]]},"properties":{}},{"type":"Feature","geometry":{"type":"LineString","coordinates":[[12.19737,44.42532],[12.19709,44.42531],[12.1971,44.42529],[12.19705,44.42529]]},"properties":{}},{"type":"Feature","geometry":{"type":"LineString","coordinates":[[12.19775,44.42529],[12.19742,44.42529],[12.19737,44.42532]]},"properties":{}},{"type":"Feature","geometry":{"type":"LineString","coordinates":[[12.19319,44.42558],[12.1937,44.42565],[12.19373,44.42569]]},"properties":{}},{"type":"Feature","geometry":{"type":"LineString","coordinates":[[12.19384,44.42551],[12.19511,44.4257],[12.19557,44.42586]]},"properties":{}},{"type":"Feature","geometry":{"type":"LineString","coordinates":[[12.19384,44.42571],[12.19391,44.42568],[12.19517,44.42587]]},"properties":{}},{"type":"Feature","geometry":{"type":"LineString","coordinates":[[12.19517,44.42587],[12.19681,44.4264],[12.19987,44.42643]]},"properties":{}},{"type":"Feature","geometry":{"type":"LineString","coordinates":[[12.1866,44.42543],[12.18639,44.42614],[12.1862,44.42664],[12.18592,44.42703]]},"properties":{}},{"type":"Feature","geometry":{"type":"LineString","coordinates":[[12.19517,44.42587],[12.19487,44.42741]]},"properties":{}},{"type":"Feature","geometry":{"type":"LineString","coordinates":[[12.19335,44.42738],[12.19556,44.4275],[12.19656,44.42768],[12.19668,44.42772],[12.19686,44.42785]]},"properties":{}},{"type":"Feature","geometry":{"type":"LineString","coordinates":[[12.19425,44.42859],[12.1946,44.42745]]},"properties":{}},{"type":"Feature","geometry":{"type":"LineString","coordinates":[[12.195,44.43172],[12.19563,44.43177],[12.19561,44.43141],[12.19566,44.4314]]},"properties":{}},{"type":"Feature","geometry":{"type":"LineString","coordinates":[[12.19504,44.43209],[12.195,44.43172]]},"properties":{}},{"type":"Feature","geometry":{"type":"LineString","coordinates":[[12.1951,44.43244],[12.19504,44.43209]]},"properties":{}},{"type":"Feature","geometry":{"type":"LineString","coordinates":[[12.19512,44.4326],[12.1951,44.43244]]},"properties":{}},{"type":"Feature","geometry":{"type":"LineString","coordinates":[[12.19576,44.4329],[12.19518,44.43295],[12.19512,44.4326]]},"properties":{}},{"type":"Feature","geometry":{"type":"LineString","coordinates":[[12.17659,44.43574],[12.17654,44.43569],[12.18134,44.43267],[12.18151,44.43253],[12.18177,44.43222],[12.18204,44.43155],[12.18203,44.43141],[12.18211,44.4314]]},"properties":{}},{"type":"Feature","geometry":{"type":"LineString","coordinates":[[12.2044,44.43488],[12.20489,44.43389],[12.20493,44.43375],[12.20505,44.43368],[12.20549,44.43287],[12.20587,44.43241]]},"properties":{}},{"type":"Feature","geometry":{"type":"LineString","coordinates":[[12.20479,44.4349],[12.20369,44.43483],[12.20359,44.43477]]},"properties":{}},{"type":"Feature","geometry":{"type":"LineString","coordinates":[[12.19902,44.43694],[12.19971,44.43686]]},"properties":{}},{"type":"Feature","geometry":{"type":"LineString","coordinates":[[12.20075,44.4372],[12.20091,44.43716]]},"properties":{}},{"type":"Feature","geometry":{"type":"LineString","coordinates":[[12.21246,44.43512],[12.21275,44.43505],[12.21308,44.43469]]},"properties":{}},{"type":"Feature","geometry":{"type":"LineString","coordinates":[[12.21308,44.43469],[12.21282,44.43522],[12.21281,44.43531]]},"properties":{}},{"type":"Feature","geometry":{"type":"LineString","coordinates":[[12.20757,44.43505],[12.20663,44.43499]]},"properties":{}},{"type":"Feature","geometry":{"type":"LineString","coordinates":[[12.20867,44.43511],[12.20789,44.43507]]},"properties":{}},{"type":"Feature","geometry":{"type":"LineString","coordinates":[[12.20911,44.43513],[12.20867,44.43511]]},"properties":{}},{"type":"Feature","geometry":{"type":"LineString","coordinates":[[12.20938,44.43518],[12.20959,44.43525],[12.21169,44.43539],[12.21199,44.43535]]},"properties":{}},{"type":"Feature","geometry":{"type":"LineString","coordinates":[[12.20864,44.43537],[12.20573,44.4352]]},"properties":{}},{"type":"Feature","geometry":{"type":"LineString","coordinates":[[12.20864,44.43537],[12.20905,44.43541],[12.20912,44.43544],[12.20913,44.43549],[12.20918,44.4355]]},"properties":{}},{"type":"Feature","geometry":{"type":"LineString","coordinates":[[12.20918,44.4355],[12.2093,44.43551],[12.20956,44.43541]]},"properties":{}},{"type":"Feature","geometry":{"type":"LineString","coordinates":[[12.20956,44.43541],[12.2115,44.43556],[12.21152,44.43547]]},"properties":{}},{"type":"Feature","geometry":{"type":"LineString","coordinates":[[12.21211,44.43582],[12.21198,44.43571],[12.21194,44.43556],[12.21199,44.43535],[12.2121,44.43521],[12.21231,44.43513],[12.21246,44.43512],[12.21264,44.43517],[12.21277,44.43525],[12.21284,44.43537],[12.21284,44.43545],[12.21273,44.43574],[12.21267,44.4358],[12.21261,44.43584],[12.21236,44.43588],[12.21211,44.43582]]},"properties":{}},{"type":"Feature","geometry":{"type":"LineString","coordinates":[[12.21195,44.43564],[12.21183,44.43556],[12.21166,44.43549]]},"properties":{}},{"type":"Feature","geometry":{"type":"LineString","coordinates":[[12.21284,44.43545],[12.21304,44.43561],[12.2134,44.4358]]},"properties":{}},{"type":"Feature","geometry":{"type":"LineString","coordinates":[[12.2134,44.4358],[12.21307,44.43569],[12.21282,44.43571],[12.21273,44.43574]]},"properties":{}},{"type":"Feature","geometry":{"type":"LineString","coordinates":[[12.21551,44.43615],[12.215,44.4362],[12.21427,44.43615],[12.21372,44.43597],[12.2134,44.4358]]},"properties":{}},{"type":"Feature","geometry":{"type":"LineString","coordinates":[[12.21261,44.43584],[12.2125,44.43604],[12.21243,44.43651]]},"properties":{}},{"type":"Feature","geometry":{"type":"LineString","coordinates":[[12.21243,44.43651],[12.21237,44.43605],[12.2123,44.43594],[12.2122,44.43586]]},"properties":{}},{"type":"Feature","geometry":{"type":"LineString","coordinates":[[12.21115,44.44094],[12.21155,44.43941],[12.21234,44.43693],[12.21242,44.43667],[12.21243,44.43651]]},"properties":{}},{"type":"Feature","geometry":{"type":"LineString","coordinates":[[12.21114,44.44161],[12.2111,44.44119],[12.21115,44.44094]]},"properties":{}},{"type":"Feature","geometry":{"type":"LineString","coordinates":[[12.21121,44.44198],[12.21114,44.44161]]},"properties":{}},{"type":"Feature","geometry":{"type":"LineString","coordinates":[[12.20062,44.43722],[12.20075,44.4372]]},"properties":{}},{"type":"Feature","geometry":{"type":"LineString","coordinates":[[12.19964,44.43759],[12.19968,44.4376],[12.20008,44.43741],[12.20012,44.43731],[12.20011,44.43724],[12.19981,44.43693],[12.19971,44.43686]]},"properties":{}},{"type":"Feature","geometry":{"type":"LineString","coordinates":[[12.20091,44.43716],[12.20108,44.4373],[12.20138,44.43733]]},"properties":{}},{"type":"Feature","geometry":{"type":"LineString","coordinates":[[12.20039,44.43727],[12.20062,44.43722]]},"properties":{}},{"type":"Feature","geometry":{"type":"LineString","coordinates":[[12.19964,44.43759],[12.19902,44.43694]]},"properties":{}},{"type":"Feature","geometry":{"type":"LineString","coordinates":[[12.20025,44.43729],[12.20039,44.43727]]},"properties":{}},{"type":"Feature","geometry":{"type":"LineString","coordinates":[[12.20012,44.43731],[12.20025,44.43729]]},"properties":{}},{"type":"Feature","geometry":{"type":"LineString","coordinates":[[12.19945,44.43832],[12.19964,44.43759]]},"properties":{}},{"type":"Feature","geometry":{"type":"LineString","coordinates":[[12.19909,44.43847],[12.19945,44.43832]]},"properties":{}},{"type":"Feature","geometry":{"type":"LineString","coordinates":[[12.19123,44.44956],[12.1915,44.44967],[12.19172,44.44971]]},"properties":{}},{"type":"Feature","geometry":{"type":"LineString","coordinates":[[12.21121,44.44198],[12.21137,44.44222]]},"properties":{}},{"type":"Feature","geometry":{"type":"LineString","coordinates":[[12.21099,44.44229],[12.21115,44.44211],[12.21121,44.44198]]},"properties":{}},{"type":"Feature","geometry":{"type":"LineString","coordinates":[[12.21167,44.44242],[12.2117,44.44255],[12.21164,44.44268],[12.2115,44.44278],[12.2113,44.44282],[12.21109,44.44281],[12.21095,44.44273],[12.21086,44.44261],[12.21085,44.44248],[12.2109,44.44238],[12.21099,44.44229],[12.21115,44.44223],[12.21137,44.44222],[12.21157,44.44231],[12.21167,44.44242]]},"properties":{}},{"type":"Feature","geometry":{"type":"LineString","coordinates":[[12.2121,44.44258],[12.2143,44.44278]]},"properties":{}},{"type":"Feature","geometry":{"type":"LineString","coordinates":[[12.21097,44.44306],[12.21099,44.4429],[12.21095,44.44273]]},"properties":{}},{"type":"Feature","geometry":{"type":"LineString","coordinates":[[12.2113,44.44282],[12.21097,44.44306]]},"properties":{}},{"type":"Feature","geometry":{"type":"LineString","coordinates":[[12.21045,44.4456],[12.21065,44.44388],[12.2107,44.44367],[12.21097,44.44306]]},"properties":{}},{"type":"Feature","geometry":{"type":"LineString","coordinates":[[12.21042,44.44576],[12.21045,44.4456]]},"properties":{}},{"type":"Feature","geometry":{"type":"LineString","coordinates":[[12.21039,44.44601],[12.21042,44.44576]]},"properties":{}},{"type":"Feature","geometry":{"type":"LineString","coordinates":[[12.20956,44.44741],[12.20958,44.44712],[12.20966,44.44696],[12.21024,44.44635],[12.21033,44.44621],[12.21039,44.44601]]},"properties":{}},{"type":"Feature","geometry":{"type":"LineString","coordinates":[[12.21039,44.44601],[12.21022,44.44755]]},"properties":{}},{"type":"Feature","geometry":{"type":"LineString","coordinates":[[12.20956,44.44741],[12.20962,44.44719],[12.20967,44.44712],[12.20983,44.44705],[12.20996,44.44706],[12.21008,44.44709],[12.21021,44.44725],[12.21022,44.44755]]},"properties":{}},{"type":"Feature","geometry":{"type":"LineString","coordinates":[[12.21022,44.44755],[12.21022,44.44762]]},"properties":{}},{"type":"Feature","geometry":{"type":"LineString","coordinates":[[12.21022,44.44762],[12.21021,44.44832],[12.21029,44.44851],[12.21049,44.44863],[12.21085,44.44868]]},"properties":{}},{"type":"Feature","geometry":{"type":"LineString","coordinates":[[12.20938,44.44889],[12.20956,44.44741]]},"properties":{}},{"type":"Feature","geometry":{"type":"LineString","coordinates":[[12.21022,44.44762],[12.20997,44.44915],[12.20987,44.44951]]},"properties":{}},{"type":"Feature","geometry":{"type":"LineString","coordinates":[[12.20942,44.44927],[12.20938,44.44889]]},"properties":{}},{"type":"Feature","geometry":{"type":"LineString","coordinates":[[12.21085,44.44868],[12.21045,44.44871],[12.21025,44.44877],[12.21013,44.4489],[12.20987,44.44951]]},"properties":{}},{"type":"Feature","geometry":{"type":"LineString","coordinates":[[12.20949,44.44977],[12.20942,44.44927]]},"properties":{}},{"type":"Feature","geometry":{"type":"LineString","coordinates":[[12.20987,44.44951],[12.20974,44.44995],[12.20974,44.4501],[12.20983,44.45029]]},"properties":{}},{"type":"Feature","geometry":{"type":"LineString","coordinates":[[12.2303,44.42633],[12.23026,44.42637],[12.23016,44.4264],[12.23004,44.42636],[12.22805,44.42481],[12.22791,44.42464],[12.22786,44.42451],[12.22799,44.42433],[12.22815,44.42429],[12.22974,44.42222]]},"properties":{}},{"type":"Feature","geometry":{"type":"LineString","coordinates":[[12.22704,44.42597],[12.2271,44.42581],[12.22731,44.42544],[12.22765,44.42509],[12.22773,44.42503]]},"properties":{}},{"type":"Feature","geometry":{"type":"LineString","coordinates":[[12.22796,44.42529],[12.22762,44.42544],[12.22739,44.42558],[12.22719,44.42577],[12.22704,44.42597]]},"properties":{}},{"type":"Feature","geometry":{"type":"LineString","coordinates":[[12.22692,44.42674],[12.22706,44.42612],[12.22718,44.42586],[12.22749,44.42555],[12.22769,44.42544],[12.22808,44.42534],[12.22846,44.42537],[12.22864,44.42546],[12.22903,44.42579]]},"properties":{}},{"type":"Feature","geometry":{"type":"LineString","coordinates":[[12.22704,44.42597],[12.22663,44.42763],[12.22641,44.42805],[12.2262,44.4283],[12.2259,44.42859]]},"properties":{}},{"type":"Feature","geometry":{"type":"LineString","coordinates":[[12.22672,44.42757],[12.22686,44.42703]]},"properties":{}},{"type":"Feature","geometry":{"type":"LineString","coordinates":[[12.22587,44.42871],[12.22599,44.42869],[12.22602,44.42857],[12.22644,44.4281],[12.22668,44.4277]]},"properties":{}},{"type":"Feature","geometry":{"type":"LineString","coordinates":[[12.22573,44.42865],[12.22573,44.4286]]},"properties":{}},{"type":"Feature","geometry":{"type":"LineString","coordinates":[[12.22514,44.42937],[12.22587,44.42871]]},"properties":{}},{"type":"Feature","geometry":{"type":"LineString","coordinates":[[12.23069,44.43399],[12.23068,44.4341],[12.2307,44.43426],[12.23096,44.43441],[12.23115,44.43456],[12.23108,44.43481],[12.23092,44.43501],[12.2307,44.43517],[12.23041,44.43519],[12.23017,44.43527],[12.2299,44.43561],[12.22959,44.43623]]},"properties":{}},{"type":"Feature","geometry":{"type":"LineString","coordinates":[[12.2147,44.42853],[12.21467,44.42859]]},"properties":{}},{"type":"Feature","geometry":{"type":"LineString","coordinates":[[12.22505,44.42929],[12.22573,44.42865]]},"properties":{}},{"type":"Feature","geometry":{"type":"LineString","coordinates":[[12.22505,44.42929],[12.22496,44.42931]]},"properties":{}},{"type":"Feature","geometry":{"type":"LineString","coordinates":[[12.20842,44.43008],[12.20884,44.42864]]},"properties":{}},{"type":"Feature","geometry":{"type":"LineString","coordinates":[[12.22497,44.42944],[12.22477,44.42967]]},"properties":{}},{"type":"Feature","geometry":{"type":"LineString","coordinates":[[12.22398,44.43126],[12.22406,44.43109],[12.22433,44.43077],[12.22447,44.43053],[12.22481,44.4297],[12.22494,44.42956],[12.22513,44.42948],[12.22514,44.42937]]},"properties":{}},{"type":"Feature","geometry":{"type":"LineString","coordinates":[[12.22477,44.42967],[12.22434,44.43064],[12.22406,44.431]]},"properties":{}},{"type":"Feature","geometry":{"type":"LineString","coordinates":[[12.20769,44.4306],[12.2084,44.43014],[12.20842,44.43008]]},"properties":{}},{"type":"Feature","geometry":{"type":"LineString","coordinates":[[12.21004,44.42993],[12.20996,44.42993],[12.20992,44.42997],[12.20984,44.43069],[12.20986,44.43073],[12.21152,44.43113]]},"properties":{}},{"type":"Feature","geometry":{"type":"LineString","coordinates":[[12.20769,44.4306],[12.20801,44.43074],[12.20968,44.4309]]},"properties":{}},{"type":"Feature","geometry":{"type":"LineString","coordinates":[[12.2115,44.43119],[12.21181,44.43037]]},"properties":{}},{"type":"Feature","geometry":{"type":"LineString","coordinates":[[12.2098,44.4309],[12.20996,44.43088]]},"properties":{}},{"type":"Feature","geometry":{"type":"LineString","coordinates":[[12.22406,44.431],[12.22398,44.43113]]},"properties":{}},{"type":"Feature","geometry":{"type":"LineString","coordinates":[[12.22398,44.43113],[12.22391,44.43124],[12.22387,44.43146]]},"properties":{}},{"type":"Feature","geometry":{"type":"LineString","coordinates":[[12.21364,44.4317],[12.21383,44.4317],[12.21396,44.43165],[12.21406,44.43158],[12.21413,44.43146],[12.21421,44.43139]]},"properties":{}},{"type":"Feature","geometry":{"type":"LineString","coordinates":[[12.21383,44.4317],[12.21399,44.4317],[12.21408,44.43176]]},"properties":{}},{"type":"Feature","geometry":{"type":"LineString","coordinates":[[12.21408,44.43176],[12.21395,44.43179],[12.21385,44.43178]]},"properties":{}},{"type":"Feature","geometry":{"type":"LineString","coordinates":[[12.2139,44.43225],[12.21388,44.43216],[12.21393,44.43195],[12.21391,44.43184],[12.21385,44.43178],[12.21364,44.4317]]},"properties":{}},{"type":"Feature","geometry":{"type":"LineString","coordinates":[[12.225,44.43368],[12.22521,44.43345],[12.22549,44.43288],[12.22555,44.43283]]},"properties":{}},{"type":"Feature","geometry":{"type":"LineString","coordinates":[[12.21308,44.43469],[12.21318,44.43446]]},"properties":{}},{"type":"Feature","geometry":{"type":"LineString","coordinates":[[12.21954,44.45643],[12.21984,44.45655],[12.21996,44.45666],[12.22002,44.4568],[12.22003,44.45689],[12.21996,44.45707],[12.21974,44.45725],[12.21941,44.45732],[12.21916,44.45728],[12.2189,44.45714],[12.2188,44.45701],[12.21877,44.45687],[12.21884,44.45666],[12.21897,44.45654],[12.2191,44.45647],[12.21924,44.45643],[12.21954,44.45643]]},"properties":{}},{"type":"Feature","geometry":{"type":"LineString","coordinates":[[12.20954,44.45599],[12.21495,44.45795],[12.21507,44.458],[12.21544,44.45826]]},"properties":{}},{"type":"Feature","geometry":{"type":"LineString","coordinates":[[12.21733,44.45761],[12.21861,44.45712],[12.2187,44.45704],[12.21877,44.45687]]},"properties":{}},{"type":"Feature","geometry":{"type":"LineString","coordinates":[[12.21996,44.45707],[12.21993,44.45735],[12.22004,44.45759]]},"properties":{}},{"type":"Feature","geometry":{"type":"LineString","coordinates":[[12.21904,44.45724],[12.21889,44.45722],[12.2186,44.45725],[12.21746,44.45767]]},"properties":{}},{"type":"Feature","geometry":{"type":"LineString","coordinates":[[12.22004,44.45759],[12.21971,44.45738],[12.21941,44.45732]]},"properties":{}},{"type":"Feature","geometry":{"type":"LineString","coordinates":[[12.20865,44.45678],[12.2089,44.45676],[12.20915,44.45678],[12.20938,44.45684],[12.20959,44.45693],[12.20977,44.45706],[12.20991,44.45725],[12.20998,44.45756],[12.20989,44.45783],[12.20971,44.45803],[12.20939,44.45821],[12.2092,44.45826],[12.2088,44.45828],[12.20841,44.4582],[12.20824,44.45812],[12.20798,44.4579],[12.20789,44.45776],[12.20784,44.45752],[12.20785,44.45741],[12.20795,44.45718],[12.20818,44.45696],[12.20835,44.45687],[12.20865,44.45678]]},"properties":{}},{"type":"Feature","geometry":{"type":"LineString","coordinates":[[12.21021,44.45782],[12.20983,44.45791]]},"properties":{}},{"type":"Feature","geometry":{"type":"LineString","coordinates":[[12.21563,44.45825],[12.21733,44.45761]]},"properties":{}},{"type":"Feature","geometry":{"type":"LineString","coordinates":[[12.21746,44.45767],[12.2158,44.45831]]},"properties":{}},{"type":"Feature","geometry":{"type":"LineString","coordinates":[[12.22953,44.43618],[12.23472,44.44062],[12.23484,44.44069],[12.23491,44.44077],[12.23493,44.44083],[12.23488,44.44097],[12.23472,44.44109],[12.23449,44.44114],[12.23411,44.44107],[12.23385,44.44112],[12.23372,44.44126],[12.23374,44.44138],[12.234,44.44214],[12.23419,44.44256],[12.23369,44.44266]]},"properties":{}},{"type":"Feature","geometry":{"type":"LineString","coordinates":[[12.23673,44.46616],[12.22483,44.46167]]},"properties":{}},{"type":"Feature","geometry":{"type":"LineString","coordinates":[[12.2108,44.47912],[12.2109,44.47972]]},"properties":{}},{"type":"Feature","geometry":{"type":"LineString","coordinates":[[12.21064,44.47969],[12.2109,44.47972]]},"properties":{}},{"type":"Feature","geometry":{"type":"LineString","coordinates":[[12.2109,44.47972],[12.2109,44.47974]]},"properties":{}},{"type":"Feature","geometry":{"type":"LineString","coordinates":[[12.2104,44.47979],[12.21064,44.47969]]},"properties":{}},{"type":"Feature","geometry":{"type":"LineString","coordinates":[[12.2109,44.47974],[12.2107,44.47982]]},"properties":{}},{"type":"Feature","geometry":{"type":"LineString","coordinates":[[12.2107,44.47982],[12.2104,44.47979]]},"properties":{}},{"type":"Feature","geometry":{"type":"LineString","coordinates":[[12.2109,44.47974],[12.21098,44.4801]]},"properties":{}},{"type":"Feature","geometry":{"type":"LineString","coordinates":[[12.21098,44.4801],[12.21084,44.47991],[12.2107,44.47982]]},"properties":{}},{"type":"Feature","geometry":{"type":"LineString","coordinates":[[12.21098,44.4801],[12.21157,44.48228],[12.21226,44.4843]]},"properties":{}},{"type":"Feature","geometry":{"type":"LineString","coordinates":[[12.21237,44.48462],[12.21355,44.48827],[12.21387,44.48909],[12.21597,44.49422],[12.21779,44.49845],[12.21857,44.5]]},"properties":{}},{"type":"Feature","geometry":{"type":"LineString","coordinates":[[12.0,44.40756],[12.00277,44.40651]]},"properties":{}},{"type":"Feature","geometry":{"type":"LineString","coordinates":[[12.00185,44.43294],[12.00183,44.43295]]},"properties":{}},{"type":"Feature","geometry":{"type":"LineString","coordinates":[[12.00183,44.43295],[12.0017,44.43301]]},"properties":{}},{"type":"Feature","geometry":{"type":"LineString","coordinates":[[12.0017,44.43301],[12.0016,44.43306]]},"properties":{}},{"type":"Feature","geometry":{"type":"LineString","coordinates":[[12.00291,44.43376],[12.00284,44.43379]]},"properties":{}},{"type":"Feature","geometry":{"type":"LineString","coordinates":[[12.00284,44.43379],[12.00274,44.43383]]},"properties":{}},{"type":"Feature","geometry":{"type":"LineString","coordinates":[[12.00274,44.43383],[12.00263,44.43388]]},"properties":{}},{"type":"Feature","geometry":{"type":"LineString","coordinates":[[12.00398,44.43589],[12.0039,44.43591]]},"properties":{}},{"type":"Feature","geometry":{"type":"LineString","coordinates":[[12.0039,44.43591],[12.00382,44.43592]]},"properties":{}},{"type":"Feature","geometry":{"type":"LineString","coordinates":[[12.00382,44.43592],[12.00369,44.43595]]},"properties":{}},{"type":"Feature","geometry":{"type":"LineString","coordinates":[[12.00449,44.43717],[12.00442,44.43717]]},"properties":{}},{"type":"Feature","geometry":{"type":"LineString","coordinates":[[12.00442,44.43717],[12.00434,44.43718]]},"properties":{}},{"type":"Feature","geometry":{"type":"LineString","coordinates":[[12.00434,44.43718],[12.00424,44.4372]]},"properties":{}},{"type":"Feature","geometry":{"type":"LineString","coordinates":[[12.034,44.37903],[12.03386,44.37868],[12.03375,44.37861],[12.03365,44.3786]]},"properties":{}},{"type":"Feature","geometry":{"type":"LineString","coordinates":[[12.03499,44.38121],[12.03492,44.38123],[12.03449,44.38021],[12.03431,44.38013],[12.03404,44.38017],[12.03401,44.38006],[12.03423,44.37991],[12.0343,44.37979],[12.034,44.37903]]},"properties":{}},{"type":"Feature","geometry":{"type":"LineString","coordinates":[[12.06974,44.39106],[12.06941,44.39096],[12.0669,44.38998],[12.06645,44.38987],[12.066,44.38982],[12.0652,44.38986],[12.06518,44.38981]]},"properties":{}},{"type":"Feature","geometry":{"type":"LineString","coordinates":[[12.06974,44.39106],[12.06987,44.3911]]},"properties":{}},{"type":"Feature","geometry":{"type":"LineString","coordinates":[[12.05372,44.44684],[12.05393,44.44615]]},"properties":{}},{"type":"Feature","geometry":{"type":"LineString","coordinates":[[12.06357,44.45503],[12.06259,44.45458],[12.06212,44.4543],[12.06181,44.45401],[12.06084,44.45295],[12.06018,44.45216],[12.05968,44.45145],[12.05943,44.45117],[12.05909,44.45084],[12.05752,44.44961],[12.0571,44.44934],[12.05657,44.44905],[12.05519,44.44849],[12.05502,44.44846],[12.05449,44.44853],[12.05441,44.44861],[12.0543,44.44862],[12.05419,44.44856],[12.05416,44.44849],[12.05396,44.4484],[12.054,44.44835],[12.05344,44.44803],[12.05265,44.44747],[12.05214,44.44686],[12.05181,44.44679],[12.05191,44.4466],[12.05125,44.44562],[12.0483,44.44214],[12.04729,44.44104],[12.04706,44.44082],[12.04622,44.44028],[12.04496,44.43962],[12.04459,44.43946],[12.04441,44.43934],[12.0441,44.43911],[12.04386,44.43881],[12.0439,44.4388]]},"properties":{}},{"type":"Feature","geometry":{"type":"LineString","coordinates":[[12.02303,44.46446],[12.02288,44.4646],[12.02278,44.46489]]},"properties":{}},{"type":"Feature","geometry":{"type":"LineString","coordinates":[[12.07294,44.46944],[12.07259,44.46913],[12.07211,44.46878],[12.07095,44.46935],[12.07025,44.46974],[12.0693,44.4702],[12.06874,44.47043],[12.06676,44.47218]]},"properties":{}},{"type":"Feature","geometry":{"type":"LineString","coordinates":[[12.0,44.43107],[12.00185,44.43294],[12.00259,44.43347],[12.00291,44.43376],[12.00316,44.43407],[12.00398,44.43589],[12.00449,44.43717],[12.00511,44.43829],[12.00513,44.43844],[12.00509,44.43907],[12.00521,44.43966],[12.00594,44.44145],[12.00723,44.44356],[12.00748,44.44434],[12.0082,44.44521],[12.00844,44.44526],[12.00874,44.44528],[12.00901,44.44544],[12.00935,44.44592],[12.00967,44.44618],[12.01118,44.448],[12.01215,44.4493],[12.01537,44.45419],[12.01545,44.45437]]},"properties":{}},{"type":"Feature","geometry":{"type":"LineString","coordinates":[[12.00935,44.44592],[12.00913,44.44595],[12.00908,44.44599]]},"properties":{}},{"type":"Feature","geometry":{"type":"LineString","coordinates":[[12.00908,44.44599],[12.00902,44.44605]]},"properties":{}},{"type":"Feature","geometry":{"type":"LineString","coordinates":[[12.00902,44.44605],[12.00889,44.44617]]},"properties":{}},{"type":"Feature","geometry":{"type":"LineString","coordinates":[[12.01131,44.44818],[12.01123,44.44828],[12.01106,44.44834]]},"properties":{}},{"type":"Feature","geometry":{"type":"LineString","coordinates":[[12.01545,44.45437],[12.01555,44.45443],[12.01581,44.4544],[12.01595,44.45445]]},"properties":{}},{"type":"Feature","geometry":{"type":"LineString","coordinates":[[12.01595,44.45445],[12.01598,44.4545]]},"properties":{}},{"type":"Feature","geometry":{"type":"LineString","coordinates":[[12.01545,44.45437],[12.01556,44.45461]]},"properties":{}},{"type":"Feature","geometry":{"type":"LineString","coordinates":[[12.01598,44.4545],[12.01607,44.45459]]},"properties":{}},{"type":"Feature","geometry":{"type":"LineString","coordinates":[[12.20933,44.45022],[12.20947,44.44996],[12.20949,44.44977]]},"properties":{}},{"type":"Feature","geometry":{"type":"LineString","coordinates":[[12.20933,44.45022],[12.20954,44.45018],[12.20965,44.45019],[12.20983,44.45029]]},"properties":{}},{"type":"Feature","geometry":{"type":"LineString","coordinates":[[12.20928,44.45061],[12.2092,44.45052],[12.20918,44.4504],[12.20925,44.45028],[12.20933,44.45022]]},"properties":{}},{"type":"Feature","geometry":{"type":"LineString","coordinates":[[12.20983,44.45029],[12.20987,44.45036],[12.20986,44.45051],[12.20974,44.45063]]},"properties":{}},{"type":"Feature","geometry":{"type":"LineString","coordinates":[[12.20974,44.45063],[12.20945,44.45067],[12.20928,44.45061]]},"properties":{}},{"type":"Feature","geometry":{"type":"LineString","coordinates":[[12.20947,44.45112],[12.2094,44.45083],[12.20928,44.45061]]},"properties":{}},{"type":"Feature","geometry":{"type":"LineString","coordinates":[[12.20974,44.45063],[12.20957,44.45084],[12.20947,44.45112]]},"properties":{}},{"type":"Feature","geometry":{"type":"LineString","coordinates":[[12.20956,44.45335],[12.20966,44.45249],[12.20946,44.45131],[12.20947,44.45112]]},"properties":{}},{"type":"Feature","geometry":{"type":"LineString","coordinates":[[12.20956,44.45335],[12.20969,44.45351],[12.21007,44.45365]]},"properties":{}},{"type":"Feature","geometry":{"type":"LineString","coordinates":[[12.2095,44.45387],[12.20956,44.45335]]},"properties":{}},{"type":"Feature","geometry":{"type":"LineString","coordinates":[[12.19183,44.44969],[12.19206,44.4496]]},"properties":{}},{"type":"Feature","geometry":{"type":"LineString","coordinates":[[12.19206,44.4496],[12.19206,44.44976]]},"properties":{}},{"type":"Feature","geometry":{"type":"LineString","coordinates":[[12.19154,44.44991],[12.19143,44.44971],[12.19123,44.44956]]},"properties":{}},{"type":"Feature","geometry":{"type":"LineString","coordinates":[[12.19177,44.4497],[12.19199,44.44972],[12.19211,44.44981],[12.19213,44.44994],[12.19204,44.45006],[12.1918,44.45011],[12.19159,44.45002],[12.19154,44.44991],[12.19155,44.44985],[12.19164,44.44974],[12.19177,44.4497]]},"properties":{}},{"type":"Feature","geometry":{"type":"LineString","coordinates":[[12.19211,44.44981],[12.19222,44.44992],[12.19255,44.45004]]},"properties":{}},{"type":"Feature","geometry":{"type":"LineString","coordinates":[[12.19255,44.45004],[12.19218,44.45004],[12.19196,44.4501]]},"properties":{}},{"type":"Feature","geometry":{"type":"LineString","coordinates":[[12.19153,44.45038],[12.19162,44.45015],[12.19159,44.45002]]},"properties":{}},{"type":"Feature","geometry":{"type":"LineString","coordinates":[[12.19184,44.45011],[12.19167,44.45021],[12.19153,44.45038]]},"properties":{}},{"type":"Feature","geometry":{"type":"LineString","coordinates":[[12.19255,44.45004],[12.19348,44.45026],[12.19591,44.45113]]},"properties":{}},{"type":"Feature","geometry":{"type":"LineString","coordinates":[[12.19591,44.45113],[12.2023,44.45341],[12.20331,44.45389],[12.20423,44.45447]]},"properties":{}},{"type":"Feature","geometry":{"type":"LineString","coordinates":[[12.21007,44.45365],[12.20982,44.45369],[12.2095,44.45387]]},"properties":{}},{"type":"Feature","geometry":{"type":"LineString","coordinates":[[12.20938,44.45495],[12.2095,44.45387]]},"properties":{}},{"type":"Feature","geometry":{"type":"LineString","coordinates":[[12.20927,44.45589],[12.20938,44.45495]]},"properties":{}},{"type":"Feature","geometry":{"type":"LineString","coordinates":[[12.20463,44.45472],[12.20626,44.45552],[12.20809,44.4567],[12.20821,44.45675],[12.20855,44.4568]]},"properties":{}},{"type":"Feature","geometry":{"type":"LineString","coordinates":[[12.2186,44.4562],[12.21882,44.45632],[12.21924,44.45643]]},"properties":{}},{"type":"Feature","geometry":{"type":"LineString","coordinates":[[12.20865,44.45678],[12.2089,44.45663],[12.20909,44.45646],[12.20919,44.45622],[12.20927,44.45589]]},"properties":{}},{"type":"Feature","geometry":{"type":"LineString","coordinates":[[12.21968,44.45646],[12.22002,44.45643],[12.22031,44.45634]]},"properties":{}},{"type":"Feature","geometry":{"type":"LineString","coordinates":[[12.21884,44.45666],[12.21881,44.45651],[12.21875,44.45638],[12.2186,44.4562]]},"properties":{}},{"type":"Feature","geometry":{"type":"LineString","coordinates":[[12.20927,44.45589],[12.20927,44.45623],[12.20933,44.45647],[12.2095,44.45677],[12.20977,44.45706]]},"properties":{}},{"type":"Feature","geometry":{"type":"LineString","coordinates":[[12.22031,44.45634],[12.22011,44.45653],[12.22002,44.4568]]},"properties":{}},{"type":"Feature","geometry":{"type":"LineString","coordinates":[[12.20998,44.45746],[12.21011,44.4576],[12.21027,44.45768],[12.21237,44.45843],[12.2132,44.45865],[12.21365,44.45869],[12.21412,44.45869],[12.21486,44.45853],[12.21563,44.45825]]},"properties":{}},{"type":"Feature","geometry":{"type":"LineString","coordinates":[[12.2158,44.45831],[12.21506,44.45858],[12.21447,44.45873],[12.21405,44.45878],[12.21359,44.45879],[12.21304,44.45874],[12.21266,44.45864],[12.21054,44.45789],[12.21021,44.45782]]},"properties":{}},{"type":"Feature","geometry":{"type":"LineString","coordinates":[[12.21544,44.45826],[12.21588,44.45841]]},"properties":{}},{"type":"Feature","geometry":{"type":"LineString","coordinates":[[12.21588,44.45841],[12.2163,44.45844],[12.21643,44.45848]]},"properties":{}},{"type":"Feature","geometry":{"type":"LineString","coordinates":[[12.21643,44.45848],[12.21746,44.45883]]},"properties":{}},{"type":"Feature","geometry":{"type":"LineString","coordinates":[[12.20956,44.45813],[12.20923,44.45853],[12.20911,44.45878],[12.20908,44.46025],[12.2089,44.46182],[12.20885,44.46203]]},"properties":{}},{"type":"Feature","geometry":{"type":"LineString","coordinates":[[12.20884,44.46227],[12.20878,44.46191],[12.20877,44.46118],[12.20864,44.46042],[12.20863,44.45971],[12.20859,44.45928],[12.20848,44.45891],[12.20804,44.45808],[12.20798,44.4579]]},"properties":{}},{"type":"Feature","geometry":{"type":"LineString","coordinates":[[12.20885,44.46203],[12.20884,44.46227]]},"properties":{}},{"type":"Feature","geometry":{"type":"LineString","coordinates":[[12.20884,44.46227],[12.20881,44.46441]]},"properties":{}},{"type":"Feature","geometry":{"type":"LineString","coordinates":[[12.21064,44.47969],[12.21074,44.47959],[12.2108,44.47941],[12.2108,44.47912]]},"properties":{}},{"type":"Feature","geometry":{"type":"LineString","coordinates":[[12.16954,44.4234],[12.16957,44.42337]]},"properties":{}},{"type":"Feature","geometry":{"type":"LineString","coordinates":[[12.16851,44.4238],[12.16849,44.42343],[12.16857,44.42331]]},"properties":{}},{"type":"Feature","geometry":{"type":"LineString","coordinates":[[12.16712,44.4238],[12.16753,44.42385]]},"properties":{}},{"type":"Feature","geometry":{"type":"LineString","coordinates":[[12.16753,44.42385],[12.16785,44.42386],[12.16851,44.4238]]},"properties":{}},{"type":"Feature","geometry":{"type":"LineString","coordinates":[[12.20789,44.45776],[12.20777,44.45762],[12.20729,44.4569],[12.20683,44.45644],[12.20562,44.45556],[12.20499,44.45504],[12.20434,44.45459],[12.20423,44.45447]]},"properties":{}},{"type":"Feature","geometry":{"type":"LineString","coordinates":[[12.08247,44.46986],[12.08254,44.46986]]},"properties":{}},{"type":"Feature","geometry":{"type":"LineString","coordinates":[[12.06899,44.4871],[12.06894,44.48707],[12.06919,44.48324],[12.06932,44.48207],[12.06965,44.47927],[12.06972,44.47903],[12.0699,44.47874],[12.07033,44.47831],[12.07155,44.47743],[12.07253,44.4769],[12.07255,44.47682],[12.07275,44.4769],[12.07403,44.47662],[12.07445,44.47648],[12.07473,44.47635],[12.07686,44.47489],[12.07723,44.47457],[12.07868,44.47312],[12.07916,44.47234],[12.07967,44.4717]]},"properties":{}}]}