{"type":"FeatureCollection","features":[{"type":"Feature","geometry":{"type":"LineString","coordinates":[[12.04861,45.75592],[12.04846,45.75636]]},"properties":{}},{"type":"Feature","geometry":{"type":"LineString","coordinates":[[12.11162,45.75146],[12.11273,45.75194],[12.11424,45.75268],[12.11508,45.75319],[12.11521,45.7533],[12.11523,45.75347],[12.11515,45.75355],[12.11525,45.75369],[12.11592,45.75373],[12.11703,45.75438],[12.11898,45.75564],[12.1196,45.75616],[12.12002,45.75657],[12.12025,45.75687],[12.12072,45.7576],[12.12071,45.7577],[12.12054,45.75785],[12.12059,45.75788]]},"properties":{}},{"type":"Feature","geometry":{"type":"LineString","coordinates":[[12.0794,45.756],[12.07958,45.75587],[12.07981,45.75576]]},"properties":{}},{"type":"Feature","geometry":{"type":"LineString","coordinates":[[12.07908,45.75623],[12.0794,45.756]]},"properties":{}},{"type":"Feature","geometry":{"type":"LineString","coordinates":[[12.2084,45.76002],[12.20834,45.75998],[12.20757,45.76069],[12.20741,45.76065],[12.20739,45.76067]]},"properties":{}},{"type":"Feature","geometry":{"type":"LineString","coordinates":[[12.20698,45.76132],[12.20742,45.76082],[12.20674,45.76051],[12.20636,45.75998],[12.20605,45.75966],[12.20611,45.75962]]},"properties":{}},{"type":"Feature","geometry":{"type":"LineString","coordinates":[[12.20734,45.76073],[12.20732,45.76075]]},"properties":{}},{"type":"Feature","geometry":{"type":"LineString","coordinates":[[12.20668,45.76117],[12.20647,45.76101],[12.20644,45.76088],[12.20646,45.76083],[12.20676,45.76052]]},"properties":{}},{"type":"Feature","geometry":{"type":"LineString","coordinates":[[12.20692,45.76138],[12.20698,45.76132]]},"properties":{}},{"type":"Feature","geometry":{"type":"LineString","coordinates":[[12.20635,45.76177],[12.20692,45.76138]]},"properties":{}},{"type":"Feature","geometry":{"type":"LineString","coordinates":[[12.13053,45.76513],[12.13058,45.76514],[12.13054,45.76533],[12.13061,45.76553],[12.13058,45.76563],[12.13059,45.76572]]},"properties":{}},{"type":"Feature","geometry":{"type":"LineString","coordinates":[[12.12741,45.77308],[12.12782,45.77307]]},"properties":{}},{"type":"Feature","geometry":{"type":"LineString","coordinates":[[12.12782,45.77307],[12.12777,45.77311]]},"properties":{}},{"type":"Feature","geometry":{"type":"LineString","coordinates":[[12.12777,45.77311],[12.12768,45.77322]]},"properties":{}},{"type":"Feature","geometry":{"type":"LineString","coordinates":[[12.12768,45.77322],[12.12769,45.77335]]},"properties":{}},{"type":"Feature","geometry":{"type":"LineString","coordinates":[[12.12743,45.77835],[12.1273,45.77827]]},"properties":{}},{"type":"Feature","geometry":{"type":"LineString","coordinates":[[12.12962,45.77968],[12.12953,45.77962]]},"properties":{}},{"type":"Feature","geometry":{"type":"LineString","coordinates":[[12.13019,45.78002],[12.13011,45.77997]]},"properties":{}},{"type":"Feature","geometry":{"type":"LineString","coordinates":[[12.20306,45.75165],[12.20225,45.75]]},"properties":{}},{"type":"Feature","geometry":{"type":"LineString","coordinates":[[12.20551,45.75547],[12.2053,45.75534],[12.20492,45.75504],[12.20469,45.75482],[12.20457,45.75466],[12.20422,45.75401],[12.20306,45.75165]]},"properties":{}},{"type":"Feature","geometry":{"type":"LineString","coordinates":[[12.20734,45.75667],[12.20551,45.75547]]},"properties":{}},{"type":"Feature","geometry":{"type":"LineString","coordinates":[[12.20628,45.76182],[12.20635,45.76177]]},"properties":{}},{"type":"Feature","geometry":{"type":"LineString","coordinates":[[12.20499,45.76168],[12.20507,45.76168],[12.2057,45.76222]]},"properties":{}},{"type":"Feature","geometry":{"type":"LineString","coordinates":[[12.20569,45.76221],[12.20628,45.76182]]},"properties":{}},{"type":"Feature","geometry":{"type":"LineString","coordinates":[[12.20581,45.76231],[12.206,45.76251],[12.20595,45.76255]]},"properties":{}},{"type":"Feature","geometry":{"type":"LineString","coordinates":[[12.20589,45.76258],[12.20587,45.76261],[12.20618,45.76288],[12.20629,45.76303],[12.20627,45.76326],[12.20619,45.76339],[12.20632,45.76349]]},"properties":{}},{"type":"Feature","geometry":{"type":"LineString","coordinates":[[12.19628,45.76402],[12.19965,45.76258],[12.20142,45.76212]]},"properties":{}},{"type":"Feature","geometry":{"type":"LineString","coordinates":[[12.19554,45.76455],[12.19581,45.76429],[12.19628,45.76402]]},"properties":{}},{"type":"Feature","geometry":{"type":"LineString","coordinates":[[12.07887,45.75644],[12.07892,45.75635],[12.07908,45.75623]]},"properties":{}},{"type":"Feature","geometry":{"type":"LineString","coordinates":[[12.09048,45.76073],[12.09068,45.76064],[12.09117,45.76002]]},"properties":{}},{"type":"Feature","geometry":{"type":"LineString","coordinates":[[12.09117,45.76002],[12.09076,45.76068],[12.09078,45.76083]]},"properties":{}},{"type":"Feature","geometry":{"type":"LineString","coordinates":[[12.09048,45.76073],[12.0907,45.76078]]},"properties":{}},{"type":"Feature","geometry":{"type":"LineString","coordinates":[[12.0907,45.76078],[12.09078,45.76083]]},"properties":{}},{"type":"Feature","geometry":{"type":"LineString","coordinates":[[12.09009,45.76109],[12.09007,45.76102],[12.09013,45.76088],[12.09028,45.76077],[12.09048,45.76073]]},"properties":{}},{"type":"Feature","geometry":{"type":"LineString","coordinates":[[12.09078,45.76083],[12.09088,45.76097],[12.09089,45.76105],[12.09079,45.76121],[12.09055,45.7613],[12.09029,45.76127]]},"properties":{}},{"type":"Feature","geometry":{"type":"LineString","coordinates":[[12.09029,45.76127],[12.0902,45.76122],[12.09009,45.76109]]},"properties":{}},{"type":"Feature","geometry":{"type":"LineString","coordinates":[[12.08935,45.76157],[12.08994,45.76125],[12.09005,45.76117],[12.09009,45.76109]]},"properties":{}},{"type":"Feature","geometry":{"type":"LineString","coordinates":[[12.09029,45.76127],[12.09012,45.76126],[12.08998,45.76129],[12.08935,45.76157]]},"properties":{}},{"type":"Feature","geometry":{"type":"LineString","coordinates":[[12.19555,45.7651],[12.19557,45.76503],[12.19546,45.76487],[12.1955,45.76478],[12.19585,45.76435],[12.19619,45.76412],[12.19628,45.76402]]},"properties":{}},{"type":"Feature","geometry":{"type":"LineString","coordinates":[[12.19551,45.76518],[12.19555,45.7651]]},"properties":{}},{"type":"Feature","geometry":{"type":"LineString","coordinates":[[12.1954,45.76548],[12.19551,45.76518]]},"properties":{}},{"type":"Feature","geometry":{"type":"LineString","coordinates":[[12.19537,45.76551],[12.1954,45.76548]]},"properties":{}},{"type":"Feature","geometry":{"type":"LineString","coordinates":[[12.19522,45.76589],[12.19537,45.76551]]},"properties":{}},{"type":"Feature","geometry":{"type":"LineString","coordinates":[[12.19521,45.76594],[12.19522,45.76589]]},"properties":{}},{"type":"Feature","geometry":{"type":"LineString","coordinates":[[12.19463,45.76634],[12.19471,45.76606],[12.19469,45.76593]]},"properties":{}},{"type":"Feature","geometry":{"type":"LineString","coordinates":[[12.19493,45.76596],[12.1948,45.7661],[12.19463,45.76634]]},"properties":{}},{"type":"Feature","geometry":{"type":"LineString","coordinates":[[12.19406,45.76757],[12.19412,45.76758],[12.19439,45.76698],[12.19453,45.76683],[12.19486,45.76619],[12.19493,45.76611],[12.19515,45.76602],[12.19521,45.76594]]},"properties":{}},{"type":"Feature","geometry":{"type":"LineString","coordinates":[[12.1923,45.771],[12.19243,45.77098],[12.19259,45.77091],[12.19283,45.77089],[12.19299,45.7708],[12.19305,45.77072],[12.1936,45.76889]]},"properties":{}},{"type":"Feature","geometry":{"type":"LineString","coordinates":[[12.0749,45.76956],[12.0748,45.7698],[12.07473,45.76986]]},"properties":{}},{"type":"Feature","geometry":{"type":"LineString","coordinates":[[12.09481,45.77626],[12.0947,45.77624],[12.09454,45.77662],[12.09477,45.77663]]},"properties":{}},{"type":"Feature","geometry":{"type":"LineString","coordinates":[[12.09488,45.77663],[12.09498,45.77665]]},"properties":{}},{"type":"Feature","geometry":{"type":"LineString","coordinates":[[12.09498,45.77668],[12.09499,45.77676],[12.09512,45.77682],[12.09612,45.77686],[12.09827,45.77677],[12.09922,45.77682],[12.10169,45.77701],[12.10186,45.77695],[12.10197,45.77682]]},"properties":{}},{"type":"Feature","geometry":{"type":"LineString","coordinates":[[12.09454,45.77662],[12.09447,45.77678],[12.09429,45.77686],[12.09425,45.77695],[12.0942,45.77699],[12.09354,45.77701],[12.09245,45.77711]]},"properties":{}},{"type":"Feature","geometry":{"type":"LineString","coordinates":[[12.10215,45.77681],[12.1023,45.777],[12.10254,45.77711],[12.10501,45.77727],[12.10524,45.77726],[12.10538,45.77721],[12.10552,45.7771],[12.10559,45.77699]]},"properties":{}},{"type":"Feature","geometry":{"type":"LineString","coordinates":[[12.10583,45.77694],[12.106,45.77707],[12.10613,45.77727],[12.10638,45.77735],[12.10776,45.77741]]},"properties":{}},{"type":"Feature","geometry":{"type":"LineString","coordinates":[[12.11788,45.77733],[12.11746,45.77727]]},"properties":{}},{"type":"Feature","geometry":{"type":"LineString","coordinates":[[12.11768,45.77733],[12.11773,45.77735]]},"properties":{}},{"type":"Feature","geometry":{"type":"LineString","coordinates":[[12.11511,45.7774],[12.11689,45.77731],[12.11767,45.77735]]},"properties":{}},{"type":"Feature","geometry":{"type":"LineString","coordinates":[[12.19279,45.77097],[12.19305,45.77086],[12.19314,45.77075]]},"properties":{}},{"type":"Feature","geometry":{"type":"LineString","coordinates":[[12.19314,45.77075],[12.19312,45.77084],[12.1929,45.77109]]},"properties":{}},{"type":"Feature","geometry":{"type":"LineString","coordinates":[[12.19254,45.77138],[12.19256,45.77138]]},"properties":{}},{"type":"Feature","geometry":{"type":"LineString","coordinates":[[12.19273,45.77139],[12.19293,45.77141]]},"properties":{}},{"type":"Feature","geometry":{"type":"LineString","coordinates":[[12.1928,45.77123],[12.19273,45.77132],[12.19267,45.77147],[12.19267,45.77177]]},"properties":{}},{"type":"Feature","geometry":{"type":"LineString","coordinates":[[12.19267,45.77177],[12.1926,45.77152],[12.19261,45.77134],[12.19258,45.77124]]},"properties":{}},{"type":"Feature","geometry":{"type":"LineString","coordinates":[[12.19199,45.77462],[12.19207,45.77422],[12.19264,45.7721],[12.19264,45.77197],[12.19254,45.77159],[12.19254,45.77131],[12.19228,45.77109]]},"properties":{}},{"type":"Feature","geometry":{"type":"LineString","coordinates":[[12.19198,45.77467],[12.19199,45.77462]]},"properties":{}},{"type":"Feature","geometry":{"type":"LineString","coordinates":[[12.19198,45.77473],[12.19198,45.77467]]},"properties":{}},{"type":"Feature","geometry":{"type":"LineString","coordinates":[[12.18877,45.77976],[12.18895,45.77978],[12.18954,45.77935],[12.19072,45.77861],[12.19104,45.77834],[12.19117,45.77814],[12.19127,45.77787],[12.19167,45.77636],[12.1919,45.77516]]},"properties":{}},{"type":"Feature","geometry":{"type":"LineString","coordinates":[[12.11773,45.77735],[12.11783,45.77737]]},"properties":{}},{"type":"Feature","geometry":{"type":"LineString","coordinates":[[12.11503,45.77741],[12.11511,45.7774]]},"properties":{}},{"type":"Feature","geometry":{"type":"LineString","coordinates":[[12.10776,45.77741],[12.10812,45.77743]]},"properties":{}},{"type":"Feature","geometry":{"type":"LineString","coordinates":[[12.11456,45.77742],[12.11503,45.77741]]},"properties":{}},{"type":"Feature","geometry":{"type":"LineString","coordinates":[[12.10935,45.77743],[12.10945,45.77748],[12.10963,45.77751],[12.11064,45.77753],[12.11456,45.77735]]},"properties":{}},{"type":"Feature","geometry":{"type":"LineString","coordinates":[[12.10812,45.77743],[12.10885,45.77747],[12.10917,45.77743]]},"properties":{}},{"type":"Feature","geometry":{"type":"LineString","coordinates":[[12.11783,45.77737],[12.11827,45.77747],[12.11869,45.77761]]},"properties":{}},{"type":"Feature","geometry":{"type":"LineString","coordinates":[[12.11121,45.77752],[12.11121,45.77751]]},"properties":{}},{"type":"Feature","geometry":{"type":"LineString","coordinates":[[12.11869,45.77761],[12.11879,45.77765]]},"properties":{}},{"type":"Feature","geometry":{"type":"LineString","coordinates":[[12.11879,45.77765],[12.11914,45.77779]]},"properties":{}},{"type":"Feature","geometry":{"type":"LineString","coordinates":[[12.11914,45.77779],[12.11923,45.77782]]},"properties":{}},{"type":"Feature","geometry":{"type":"LineString","coordinates":[[12.16208,45.7839],[12.15869,45.78285],[12.15325,45.7811],[12.14386,45.77824],[12.1396,45.77686],[12.12557,45.7725],[12.12475,45.77234],[12.12469,45.77229],[12.12417,45.77216],[12.1241,45.77211],[12.1232,45.77197],[12.12136,45.77183],[12.12059,45.77182],[12.11253,45.77193],[12.10485,45.77196],[12.09508,45.7721],[12.09121,45.7721],[12.07148,45.77236],[12.06278,45.77265]]},"properties":{}},{"type":"Feature","geometry":{"type":"LineString","coordinates":[[12.11923,45.77782],[12.11948,45.77792]]},"properties":{}},{"type":"Feature","geometry":{"type":"LineString","coordinates":[[12.11948,45.77792],[12.11957,45.77795]]},"properties":{}},{"type":"Feature","geometry":{"type":"LineString","coordinates":[[12.11962,45.77797],[12.11963,45.77795]]},"properties":{}},{"type":"Feature","geometry":{"type":"LineString","coordinates":[[12.11957,45.77795],[12.11992,45.77811],[12.12007,45.77814]]},"properties":{}},{"type":"Feature","geometry":{"type":"LineString","coordinates":[[12.12007,45.77814],[12.12015,45.77817]]},"properties":{}},{"type":"Feature","geometry":{"type":"LineString","coordinates":[[12.12026,45.77821],[12.12027,45.77819]]},"properties":{}},{"type":"Feature","geometry":{"type":"LineString","coordinates":[[12.12015,45.77817],[12.12045,45.77828]]},"properties":{}},{"type":"Feature","geometry":{"type":"LineString","coordinates":[[12.12045,45.77828],[12.1205,45.7783]]},"properties":{}},{"type":"Feature","geometry":{"type":"LineString","coordinates":[[12.19207,45.77452],[12.19142,45.77488],[12.1912,45.77497],[12.19079,45.77504],[12.19064,45.77513],[12.19047,45.77532],[12.19026,45.77566],[12.19007,45.77585],[12.18976,45.77602],[12.18935,45.77616],[12.18877,45.7765],[12.1885,45.77669],[12.18806,45.77712],[12.18689,45.77775],[12.18635,45.77818],[12.1855,45.77876],[12.1851,45.77898],[12.18456,45.77922],[12.18243,45.77999],[12.18084,45.78064],[12.18046,45.78096],[12.1793,45.7815],[12.17904,45.78169],[12.17845,45.78203],[12.17812,45.78229],[12.17773,45.78266],[12.17714,45.78302]]},"properties":{}},{"type":"Feature","geometry":{"type":"LineString","coordinates":[[12.18898,45.77975],[12.18899,45.77976]]},"properties":{}},{"type":"Feature","geometry":{"type":"LineString","coordinates":[[12.18506,45.78305],[12.1853,45.78293]]},"properties":{}},{"type":"Feature","geometry":{"type":"LineString","coordinates":[[12.1853,45.78293],[12.1852,45.78313]]},"properties":{}},{"type":"Feature","geometry":{"type":"LineString","coordinates":[[12.18457,45.78341],[12.18479,45.78319]]},"properties":{}},{"type":"Feature","geometry":{"type":"LineString","coordinates":[[12.18522,45.78324],[12.18535,45.78344]]},"properties":{}},{"type":"Feature","geometry":{"type":"LineString","coordinates":[[12.18488,45.78332],[12.18457,45.78341]]},"properties":{}},{"type":"Feature","geometry":{"type":"LineString","coordinates":[[12.18535,45.78344],[12.18506,45.78334]]},"properties":{}},{"type":"Feature","geometry":{"type":"LineString","coordinates":[[12.17454,45.78838],[12.17453,45.78833]]},"properties":{}},{"type":"Feature","geometry":{"type":"LineString","coordinates":[[12.17449,45.7884],[12.17454,45.78838]]},"properties":{}},{"type":"Feature","geometry":{"type":"LineString","coordinates":[[12.13664,45.78377],[12.13637,45.78369]]},"properties":{}},{"type":"Feature","geometry":{"type":"LineString","coordinates":[[12.1623,45.78397],[12.16208,45.7839]]},"properties":{}},{"type":"Feature","geometry":{"type":"LineString","coordinates":[[12.13919,45.78457],[12.13682,45.78378],[12.13664,45.78377]]},"properties":{}},{"type":"Feature","geometry":{"type":"LineString","coordinates":[[12.1394,45.78464],[12.13919,45.78457]]},"properties":{}},{"type":"Feature","geometry":{"type":"LineString","coordinates":[[12.1404,45.78497],[12.1394,45.78464]]},"properties":{}},{"type":"Feature","geometry":{"type":"LineString","coordinates":[[12.14059,45.78504],[12.1404,45.78497]]},"properties":{}},{"type":"Feature","geometry":{"type":"LineString","coordinates":[[12.14096,45.78514],[12.14095,45.78516]]},"properties":{}},{"type":"Feature","geometry":{"type":"LineString","coordinates":[[12.14149,45.78533],[12.14059,45.78504]]},"properties":{}},{"type":"Feature","geometry":{"type":"LineString","coordinates":[[12.14244,45.78565],[12.14159,45.78536]]},"properties":{}},{"type":"Feature","geometry":{"type":"LineString","coordinates":[[12.14255,45.78569],[12.14244,45.78565]]},"properties":{}},{"type":"Feature","geometry":{"type":"LineString","coordinates":[[12.24771,45.75807],[12.24831,45.75814],[12.24979,45.75809]]},"properties":{}},{"type":"Feature","geometry":{"type":"LineString","coordinates":[[12.22759,45.782],[12.22699,45.78206],[12.22685,45.78203]]},"properties":{}},{"type":"Feature","geometry":{"type":"LineString","coordinates":[[12.20632,45.76349],[12.20681,45.76351],[12.20691,45.76357],[12.20723,45.76389]]},"properties":{}},{"type":"Feature","geometry":{"type":"LineString","coordinates":[[12.20723,45.76389],[12.20718,45.76382],[12.20722,45.76386]]},"properties":{}},{"type":"Feature","geometry":{"type":"LineString","coordinates":[[12.20722,45.76386],[12.20724,45.76387]]},"properties":{}},{"type":"Feature","geometry":{"type":"LineString","coordinates":[[12.20812,45.76468],[12.20808,45.76453]]},"properties":{}},{"type":"Feature","geometry":{"type":"LineString","coordinates":[[12.20838,45.76496],[12.20812,45.76468]]},"properties":{}},{"type":"Feature","geometry":{"type":"LineString","coordinates":[[12.20859,45.76509],[12.20838,45.76496]]},"properties":{}},{"type":"Feature","geometry":{"type":"LineString","coordinates":[[12.2261,45.78219],[12.22559,45.78224],[12.22508,45.78234],[12.22421,45.78262],[12.22407,45.78264],[12.2236,45.78278]]},"properties":{}},{"type":"Feature","geometry":{"type":"LineString","coordinates":[[12.21934,45.7832],[12.2203,45.78302]]},"properties":{}},{"type":"Feature","geometry":{"type":"LineString","coordinates":[[12.2203,45.78302],[12.22041,45.78307],[12.2205,45.78335]]},"properties":{}},{"type":"Feature","geometry":{"type":"LineString","coordinates":[[12.21882,45.78329],[12.21934,45.7832]]},"properties":{}},{"type":"Feature","geometry":{"type":"LineString","coordinates":[[12.25,45.78117],[12.24014,45.78245],[12.24012,45.78248]]},"properties":{}},{"type":"Feature","geometry":{"type":"LineString","coordinates":[[12.24267,45.78212],[12.24267,45.78218]]},"properties":{}},{"type":"Feature","geometry":{"type":"LineString","coordinates":[[12.24267,45.78222],[12.24266,45.78225]]},"properties":{}},{"type":"Feature","geometry":{"type":"LineString","coordinates":[[12.24263,45.7823],[12.24262,45.78231]]},"properties":{}},{"type":"Feature","geometry":{"type":"LineString","coordinates":[[12.22762,45.78209],[12.22755,45.7821]]},"properties":{}},{"type":"Feature","geometry":{"type":"LineString","coordinates":[[12.22755,45.7821],[12.22748,45.78207],[12.22629,45.78218]]},"properties":{}},{"type":"Feature","geometry":{"type":"LineString","coordinates":[[12.22764,45.78219],[12.22768,45.78217],[12.22762,45.78209]]},"properties":{}},{"type":"Feature","geometry":{"type":"LineString","coordinates":[[12.22629,45.78218],[12.2261,45.78219]]},"properties":{}},{"type":"Feature","geometry":{"type":"LineString","coordinates":[[12.24014,45.78256],[12.24221,45.7823],[12.24253,45.78229],[12.24269,45.78234],[12.24305,45.78253],[12.24314,45.78262],[12.24318,45.78272],[12.24318,45.78291],[12.24313,45.78297],[12.24303,45.783],[12.24303,45.78303]]},"properties":{}},{"type":"Feature","geometry":{"type":"LineString","coordinates":[[12.23519,45.78336],[12.23527,45.78324],[12.23535,45.78319],[12.24014,45.78254]]},"properties":{}},{"type":"Feature","geometry":{"type":"LineString","coordinates":[[12.23464,45.78327],[12.23465,45.78329]]},"properties":{}},{"type":"Feature","geometry":{"type":"LineString","coordinates":[[12.23178,45.78366],[12.23497,45.78325],[12.23504,45.78327],[12.23507,45.78334]]},"properties":{}},{"type":"Feature","geometry":{"type":"LineString","coordinates":[[12.23168,45.78367],[12.23178,45.78366]]},"properties":{}},{"type":"Feature","geometry":{"type":"LineString","coordinates":[[12.23133,45.78369],[12.23134,45.78371]]},"properties":{}},{"type":"Feature","geometry":{"type":"LineString","coordinates":[[12.21882,45.78329],[12.2182,45.78343]]},"properties":{}},{"type":"Feature","geometry":{"type":"LineString","coordinates":[[12.22009,45.7846],[12.21979,45.78438],[12.21967,45.78414],[12.21934,45.7832]]},"properties":{}},{"type":"Feature","geometry":{"type":"LineString","coordinates":[[12.2239,45.7845],[12.22407,45.78455],[12.22575,45.78434]]},"properties":{}},{"type":"Feature","geometry":{"type":"LineString","coordinates":[[12.22095,45.78501],[12.22116,45.78601]]},"properties":{}},{"type":"Feature","geometry":{"type":"LineString","coordinates":[[12.22156,45.78493],[12.22184,45.78626]]},"properties":{}},{"type":"Feature","geometry":{"type":"LineString","coordinates":[[12.22116,45.78601],[12.22051,45.78601],[12.22037,45.78598],[12.22022,45.78583],[12.21978,45.78526]]},"properties":{}},{"type":"Feature","geometry":{"type":"LineString","coordinates":[[12.21443,45.78602],[12.21475,45.78588],[12.21509,45.78584],[12.21543,45.78587],[12.21659,45.78606],[12.21696,45.78608],[12.21726,45.78605],[12.21747,45.78599],[12.21778,45.78566],[12.21791,45.78557],[12.21795,45.78549]]},"properties":{}},{"type":"Feature","geometry":{"type":"LineString","coordinates":[[12.2116,45.78675],[12.21254,45.78616],[12.21307,45.78588],[12.21367,45.7857],[12.21424,45.78563]]},"properties":{}},{"type":"Feature","geometry":{"type":"LineString","coordinates":[[12.21922,45.78587],[12.21928,45.78609],[12.21929,45.78631],[12.21921,45.78658],[12.21911,45.78674]]},"properties":{}},{"type":"Feature","geometry":{"type":"LineString","coordinates":[[12.21921,45.78658],[12.21923,45.78659]]},"properties":{}},{"type":"Feature","geometry":{"type":"LineString","coordinates":[[12.23071,45.7838],[12.23168,45.78367]]},"properties":{}},{"type":"Feature","geometry":{"type":"LineString","coordinates":[[12.23062,45.78381],[12.23071,45.7838]]},"properties":{}},{"type":"Feature","geometry":{"type":"LineString","coordinates":[[12.22834,45.7841],[12.23062,45.78381]]},"properties":{}},{"type":"Feature","geometry":{"type":"LineString","coordinates":[[12.22863,45.78405],[12.22864,45.78407]]},"properties":{}},{"type":"Feature","geometry":{"type":"LineString","coordinates":[[12.22825,45.78412],[12.22834,45.7841]]},"properties":{}},{"type":"Feature","geometry":{"type":"LineString","coordinates":[[12.22676,45.78439],[12.22695,45.78427],[12.22825,45.78412]]},"properties":{}},{"type":"Feature","geometry":{"type":"LineString","coordinates":[[12.22683,45.78425],[12.22661,45.78472],[12.22651,45.78512],[12.22613,45.78557],[12.22558,45.78666],[12.22536,45.78744]]},"properties":{}},{"type":"Feature","geometry":{"type":"LineString","coordinates":[[12.2385,45.81025],[12.23852,45.81027]]},"properties":{}},{"type":"Feature","geometry":{"type":"LineString","coordinates":[[12.2358,45.81117],[12.23576,45.81112],[12.23602,45.81101],[12.2366,45.81083],[12.237,45.81075],[12.23775,45.81066],[12.23884,45.81005],[12.23896,45.81005]]},"properties":{}},{"type":"Feature","geometry":{"type":"LineString","coordinates":[[12.23783,45.81063],[12.23785,45.81068]]},"properties":{}},{"type":"Feature","geometry":{"type":"LineString","coordinates":[[12.21911,45.78674],[12.21903,45.78687]]},"properties":{}},{"type":"Feature","geometry":{"type":"LineString","coordinates":[[12.21928,45.78656],[12.21945,45.78655],[12.21989,45.7868],[12.22132,45.78717],[12.22243,45.78727],[12.22251,45.78725]]},"properties":{}},{"type":"Feature","geometry":{"type":"LineString","coordinates":[[12.21903,45.78687],[12.21885,45.78714]]},"properties":{}},{"type":"Feature","geometry":{"type":"LineString","coordinates":[[12.21885,45.78714],[12.2188,45.78721]]},"properties":{}},{"type":"Feature","geometry":{"type":"LineString","coordinates":[[12.2188,45.78721],[12.21879,45.78723]]},"properties":{}},{"type":"Feature","geometry":{"type":"LineString","coordinates":[[12.22507,45.78742],[12.2231,45.78737],[12.22257,45.7873],[12.22251,45.78725]]},"properties":{}},{"type":"Feature","geometry":{"type":"LineString","coordinates":[[12.22533,45.7876],[12.22525,45.78749],[12.22507,45.78742]]},"properties":{}},{"type":"Feature","geometry":{"type":"LineString","coordinates":[[12.22536,45.78744],[12.22533,45.7876]]},"properties":{}},{"type":"Feature","geometry":{"type":"LineString","coordinates":[[12.22063,45.81606],[12.22032,45.81618]]},"properties":{}},{"type":"Feature","geometry":{"type":"LineString","coordinates":[[12.22032,45.81618],[12.21919,45.81653],[12.21787,45.81688],[12.21734,45.817],[12.21587,45.81721],[12.21504,45.8173],[12.21425,45.81734],[12.21188,45.8173],[12.21062,45.8172],[12.2094,45.81702],[12.20846,45.81685],[12.2072,45.8165],[12.20536,45.81587],[12.20434,45.81542]]},"properties":{}},{"type":"Feature","geometry":{"type":"LineString","coordinates":[[12.24282,45.81269],[12.24292,45.81274]]},"properties":{}},{"type":"Feature","geometry":{"type":"LineString","coordinates":[[12.23865,45.8109],[12.23866,45.81095]]},"properties":{}},{"type":"Feature","geometry":{"type":"LineString","coordinates":[[12.23798,45.811],[12.238,45.81101]]},"properties":{}},{"type":"Feature","geometry":{"type":"LineString","coordinates":[[12.23963,45.81117],[12.23905,45.81098],[12.23883,45.81094],[12.23861,45.81096],[12.23815,45.81109],[12.23811,45.81106]]},"properties":{}},{"type":"Feature","geometry":{"type":"LineString","coordinates":[[12.2372,45.81148],[12.23796,45.81103],[12.23798,45.81098],[12.23796,45.81092],[12.23782,45.81083]]},"properties":{}},{"type":"Feature","geometry":{"type":"LineString","coordinates":[[12.23969,45.81119],[12.24027,45.81146]]},"properties":{}},{"type":"Feature","geometry":{"type":"LineString","coordinates":[[12.23693,45.81167],[12.23708,45.81155]]},"properties":{}},{"type":"Feature","geometry":{"type":"LineString","coordinates":[[12.24072,45.81167],[12.24107,45.81188],[12.24108,45.81195],[12.24102,45.81204],[12.24107,45.81209]]},"properties":{}},{"type":"Feature","geometry":{"type":"LineString","coordinates":[[12.24113,45.81212],[12.24136,45.81204],[12.2415,45.81206],[12.24267,45.81262]]},"properties":{}},{"type":"Feature","geometry":{"type":"LineString","coordinates":[[12.23318,45.80988],[12.22357,45.81469],[12.22125,45.81581],[12.22063,45.81606]]},"properties":{}},{"type":"Feature","geometry":{"type":"LineString","coordinates":[[12.22529,45.81633],[12.22581,45.81676],[12.22589,45.81676],[12.22968,45.81456],[12.23174,45.8134],[12.23183,45.81339],[12.23441,45.81191],[12.235,45.81155],[12.23502,45.81152],[12.23499,45.81144]]},"properties":{}},{"type":"Feature","geometry":{"type":"LineString","coordinates":[[12.24299,45.81277],[12.24324,45.81296],[12.24327,45.81302],[12.24341,45.81311]]},"properties":{}},{"type":"Feature","geometry":{"type":"LineString","coordinates":[[12.24631,45.8138],[12.24794,45.81241],[12.24819,45.81225]]},"properties":{}},{"type":"Feature","geometry":{"type":"LineString","coordinates":[[12.24878,45.81268],[12.24828,45.81426]]},"properties":{}},{"type":"Feature","geometry":{"type":"LineString","coordinates":[[12.24829,45.81454],[12.24838,45.81485],[12.24865,45.81517]]},"properties":{}},{"type":"Feature","geometry":{"type":"LineString","coordinates":[[12.24855,45.81522],[12.24841,45.81509]]},"properties":{}},{"type":"Feature","geometry":{"type":"LineString","coordinates":[[12.24865,45.81517],[12.25,45.81665]]},"properties":{}},{"type":"Feature","geometry":{"type":"LineString","coordinates":[[12.25,45.8168],[12.24855,45.81522]]},"properties":{}},{"type":"Feature","geometry":{"type":"LineString","coordinates":[[12.14324,45.78591],[12.14255,45.78569]]},"properties":{}},{"type":"Feature","geometry":{"type":"LineString","coordinates":[[12.17299,45.78881],[12.17276,45.78864],[12.17106,45.78759],[12.16807,45.78616],[12.16577,45.78514],[12.1634,45.78432],[12.1623,45.78397]]},"properties":{}},{"type":"Feature","geometry":{"type":"LineString","coordinates":[[12.16772,45.79115],[12.16775,45.79111],[12.16752,45.79103],[12.16805,45.7907],[12.16902,45.79021],[12.17022,45.78978],[12.17027,45.78972]]},"properties":{}},{"type":"Feature","geometry":{"type":"LineString","coordinates":[[12.1648,45.79275],[12.16463,45.79264],[12.16461,45.79256],[12.16465,45.79246],[12.1653,45.79184],[12.16551,45.79168],[12.16576,45.79158],[12.16696,45.79125],[12.16702,45.79126],[12.16708,45.7915]]},"properties":{}},{"type":"Feature","geometry":{"type":"LineString","coordinates":[[12.16944,45.79256],[12.17008,45.79235],[12.17027,45.79251]]},"properties":{}},{"type":"Feature","geometry":{"type":"LineString","coordinates":[[12.16476,45.79283],[12.16477,45.79281]]},"properties":{}},{"type":"Feature","geometry":{"type":"LineString","coordinates":[[12.16913,45.79247],[12.16925,45.79262],[12.16944,45.79256],[12.16979,45.79286],[12.17017,45.79304],[12.17031,45.79316],[12.1704,45.79331]]},"properties":{}},{"type":"Feature","geometry":{"type":"LineString","coordinates":[[12.16609,45.79327],[12.16622,45.79323],[12.16625,45.79318],[12.16448,45.79277]]},"properties":{}},{"type":"Feature","geometry":{"type":"LineString","coordinates":[[12.16412,45.79269],[12.16412,45.79281],[12.16357,45.79338]]},"properties":{}},{"type":"Feature","geometry":{"type":"LineString","coordinates":[[12.1712,45.79235],[12.17027,45.79251],[12.17036,45.79273],[12.17066,45.79316],[12.17007,45.79349],[12.16989,45.7937],[12.16969,45.79385]]},"properties":{}},{"type":"Feature","geometry":{"type":"LineString","coordinates":[[12.18403,45.78934],[12.18421,45.7893],[12.18497,45.78892],[12.18526,45.78881],[12.18778,45.78807]]},"properties":{}},{"type":"Feature","geometry":{"type":"LineString","coordinates":[[12.17164,45.78933],[12.17449,45.7884]]},"properties":{}},{"type":"Feature","geometry":{"type":"LineString","coordinates":[[12.17495,45.79011],[12.17371,45.78922],[12.17355,45.78916],[12.17306,45.78887]]},"properties":{}},{"type":"Feature","geometry":{"type":"LineString","coordinates":[[12.17502,45.79015],[12.17495,45.79011]]},"properties":{}},{"type":"Feature","geometry":{"type":"LineString","coordinates":[[12.18115,45.79134],[12.18132,45.79134],[12.18386,45.78948],[12.18391,45.78941]]},"properties":{}},{"type":"Feature","geometry":{"type":"LineString","coordinates":[[12.17107,45.79082],[12.1711,45.79082]]},"properties":{}},{"type":"Feature","geometry":{"type":"LineString","coordinates":[[12.1711,45.79082],[12.17112,45.79082]]},"properties":{}},{"type":"Feature","geometry":{"type":"LineString","coordinates":[[12.17867,45.7932],[12.17857,45.79314],[12.17735,45.79205],[12.17618,45.79106],[12.17502,45.79015]]},"properties":{}},{"type":"Feature","geometry":{"type":"LineString","coordinates":[[12.17117,45.78963],[12.17112,45.79051],[12.17112,45.79166],[12.17128,45.79232],[12.17193,45.79435]]},"properties":{}},{"type":"Feature","geometry":{"type":"LineString","coordinates":[[12.17129,45.79234],[12.17128,45.79234]]},"properties":{}},{"type":"Feature","geometry":{"type":"LineString","coordinates":[[12.17128,45.79234],[12.1712,45.79235]]},"properties":{}},{"type":"Feature","geometry":{"type":"LineString","coordinates":[[12.17783,45.79364],[12.17789,45.79358],[12.17786,45.7935],[12.17836,45.79336],[12.17947,45.79268],[12.18103,45.79155],[12.18107,45.79139]]},"properties":{}},{"type":"Feature","geometry":{"type":"LineString","coordinates":[[12.17139,45.79271],[12.1714,45.79271]]},"properties":{}},{"type":"Feature","geometry":{"type":"LineString","coordinates":[[12.17124,45.79273],[12.17139,45.79271]]},"properties":{}},{"type":"Feature","geometry":{"type":"LineString","coordinates":[[12.17146,45.79295],[12.17148,45.79295]]},"properties":{}},{"type":"Feature","geometry":{"type":"LineString","coordinates":[[12.1713,45.79298],[12.17146,45.79295]]},"properties":{}},{"type":"Feature","geometry":{"type":"LineString","coordinates":[[12.17156,45.79327],[12.17158,45.79327]]},"properties":{}},{"type":"Feature","geometry":{"type":"LineString","coordinates":[[12.1714,45.79326],[12.17142,45.7933],[12.17156,45.79327]]},"properties":{}},{"type":"Feature","geometry":{"type":"LineString","coordinates":[[12.17786,45.7935],[12.17778,45.79352]]},"properties":{}},{"type":"Feature","geometry":{"type":"LineString","coordinates":[[12.17778,45.79352],[12.17763,45.79352]]},"properties":{}},{"type":"Feature","geometry":{"type":"LineString","coordinates":[[12.16609,45.79332],[12.16609,45.79327]]},"properties":{}},{"type":"Feature","geometry":{"type":"LineString","coordinates":[[12.16609,45.79335],[12.16609,45.79332]]},"properties":{}},{"type":"Feature","geometry":{"type":"LineString","coordinates":[[12.16359,45.79336],[12.1636,45.79337]]},"properties":{}},{"type":"Feature","geometry":{"type":"LineString","coordinates":[[12.16583,45.79337],[12.16571,45.79337]]},"properties":{}},{"type":"Feature","geometry":{"type":"LineString","coordinates":[[12.16614,45.7934],[12.16609,45.79335],[12.16583,45.79337]]},"properties":{}},{"type":"Feature","geometry":{"type":"LineString","coordinates":[[12.16369,45.79341],[12.16374,45.79342]]},"properties":{}},{"type":"Feature","geometry":{"type":"LineString","coordinates":[[12.1662,45.79346],[12.16614,45.7934]]},"properties":{}},{"type":"Feature","geometry":{"type":"LineString","coordinates":[[12.16357,45.79338],[12.16347,45.79348]]},"properties":{}},{"type":"Feature","geometry":{"type":"LineString","coordinates":[[12.16644,45.79351],[12.16648,45.79347],[12.16647,45.79341],[12.1665,45.79336],[12.16662,45.79329],[12.1667,45.79328],[12.16797,45.79357],[12.16805,45.79364],[12.16805,45.79374]]},"properties":{}},{"type":"Feature","geometry":{"type":"LineString","coordinates":[[12.16634,45.79356],[12.16644,45.79351]]},"properties":{}},{"type":"Feature","geometry":{"type":"LineString","coordinates":[[12.16571,45.79337],[12.16564,45.79339],[12.16549,45.79369],[12.16556,45.79372]]},"properties":{}},{"type":"Feature","geometry":{"type":"LineString","coordinates":[[12.16622,45.79362],[12.16634,45.79356]]},"properties":{}},{"type":"Feature","geometry":{"type":"LineString","coordinates":[[12.16853,45.7937],[12.16854,45.79368]]},"properties":{}},{"type":"Feature","geometry":{"type":"LineString","coordinates":[[12.16811,45.79382],[12.16826,45.79374]]},"properties":{}},{"type":"Feature","geometry":{"type":"LineString","coordinates":[[12.16811,45.7938],[12.16812,45.79381]]},"properties":{}},{"type":"Feature","geometry":{"type":"LineString","coordinates":[[12.16937,45.79394],[12.16935,45.79389],[12.16842,45.79367],[12.16826,45.79374]]},"properties":{}},{"type":"Feature","geometry":{"type":"LineString","coordinates":[[12.16805,45.79385],[12.16811,45.79382]]},"properties":{}},{"type":"Feature","geometry":{"type":"LineString","coordinates":[[12.16705,45.79427],[12.1662,45.79346]]},"properties":{}},{"type":"Feature","geometry":{"type":"LineString","coordinates":[[12.16975,45.79387],[12.16974,45.79388]]},"properties":{}},{"type":"Feature","geometry":{"type":"LineString","coordinates":[[12.16321,45.79391],[12.16318,45.7939]]},"properties":{}},{"type":"Feature","geometry":{"type":"LineString","coordinates":[[12.16971,45.79395],[12.1697,45.79397]]},"properties":{}},{"type":"Feature","geometry":{"type":"LineString","coordinates":[[12.16753,45.79411],[12.16805,45.79385]]},"properties":{}},{"type":"Feature","geometry":{"type":"LineString","coordinates":[[12.17005,45.79399],[12.17002,45.79404]]},"properties":{}},{"type":"Feature","geometry":{"type":"LineString","coordinates":[[12.17168,45.79431],[12.16961,45.79383]]},"properties":{}},{"type":"Feature","geometry":{"type":"LineString","coordinates":[[12.17002,45.79404],[12.16998,45.79411]]},"properties":{}},{"type":"Feature","geometry":{"type":"LineString","coordinates":[[12.16748,45.79414],[12.16753,45.79411]]},"properties":{}},{"type":"Feature","geometry":{"type":"LineString","coordinates":[[12.17153,45.79436],[12.16955,45.79393],[12.16948,45.79397]]},"properties":{}},{"type":"Feature","geometry":{"type":"LineString","coordinates":[[12.16722,45.79428],[12.16748,45.79414]]},"properties":{}},{"type":"Feature","geometry":{"type":"LineString","coordinates":[[12.16712,45.79433],[12.16705,45.79427]]},"properties":{}},{"type":"Feature","geometry":{"type":"LineString","coordinates":[[12.1671,45.79434],[12.16722,45.79428]]},"properties":{}},{"type":"Feature","geometry":{"type":"LineString","coordinates":[[12.17763,45.79352],[12.17688,45.79372]]},"properties":{}},{"type":"Feature","geometry":{"type":"LineString","coordinates":[[12.1777,45.79383],[12.17773,45.79369]]},"properties":{}},{"type":"Feature","geometry":{"type":"LineString","coordinates":[[12.17671,45.79377],[12.17667,45.79382],[12.17634,45.79391]]},"properties":{}},{"type":"Feature","geometry":{"type":"LineString","coordinates":[[12.17634,45.79391],[12.17612,45.79397]]},"properties":{}},{"type":"Feature","geometry":{"type":"LineString","coordinates":[[12.17156,45.79428],[12.17156,45.7943]]},"properties":{}},{"type":"Feature","geometry":{"type":"LineString","coordinates":[[12.1719,45.79435],[12.17168,45.79431]]},"properties":{}},{"type":"Feature","geometry":{"type":"LineString","coordinates":[[12.17612,45.79397],[12.17303,45.79481],[12.17289,45.79479],[12.17235,45.7945],[12.1719,45.79435]]},"properties":{}},{"type":"Feature","geometry":{"type":"LineString","coordinates":[[12.17264,45.79464],[12.17262,45.79466]]},"properties":{}},{"type":"Feature","geometry":{"type":"LineString","coordinates":[[12.18277,45.79687],[12.18181,45.79596],[12.17873,45.79325]]},"properties":{}},{"type":"Feature","geometry":{"type":"LineString","coordinates":[[12.17286,45.79492],[12.17474,45.79612]]},"properties":{}},{"type":"Feature","geometry":{"type":"LineString","coordinates":[[12.17437,45.7958],[12.17464,45.79565]]},"properties":{}},{"type":"Feature","geometry":{"type":"LineString","coordinates":[[12.1747,45.79564],[12.17444,45.79585]]},"properties":{}},{"type":"Feature","geometry":{"type":"LineString","coordinates":[[12.18822,45.80445],[12.18838,45.80431]]},"properties":{}},{"type":"Feature","geometry":{"type":"LineString","coordinates":[[12.18778,45.80434],[12.1881,45.80447]]},"properties":{}},{"type":"Feature","geometry":{"type":"LineString","coordinates":[[12.18838,45.80431],[12.18843,45.80455]]},"properties":{}},{"type":"Feature","geometry":{"type":"LineString","coordinates":[[12.18797,45.80459],[12.18778,45.80434]]},"properties":{}},{"type":"Feature","geometry":{"type":"LineString","coordinates":[[12.18797,45.80459],[12.1881,45.80447]]},"properties":{}},{"type":"Feature","geometry":{"type":"LineString","coordinates":[[12.1881,45.80447],[12.18822,45.80445],[12.18834,45.80448],[12.18843,45.80455],[12.18845,45.80461]]},"properties":{}},{"type":"Feature","geometry":{"type":"LineString","coordinates":[[12.18845,45.80461],[12.18838,45.80474]]},"properties":{}},{"type":"Feature","geometry":{"type":"LineString","coordinates":[[12.18833,45.80477],[12.1882,45.80479],[12.18807,45.80476],[12.18799,45.80469],[12.18797,45.80459]]},"properties":{}},{"type":"Feature","geometry":{"type":"LineString","coordinates":[[12.18845,45.80461],[12.18873,45.80484]]},"properties":{}},{"type":"Feature","geometry":{"type":"LineString","coordinates":[[12.18838,45.80474],[12.18833,45.80477]]},"properties":{}},{"type":"Feature","geometry":{"type":"LineString","coordinates":[[12.18873,45.80484],[12.18864,45.80479],[12.18838,45.80474]]},"properties":{}},{"type":"Feature","geometry":{"type":"LineString","coordinates":[[12.20259,45.81438],[12.20188,45.81386],[12.20106,45.81319],[12.19749,45.80997],[12.19343,45.8064],[12.18277,45.79687]]},"properties":{}},{"type":"Feature","geometry":{"type":"LineString","coordinates":[[12.18895,45.80499],[12.189,45.80512],[12.18921,45.80526],[12.19256,45.80738],[12.19259,45.80741],[12.19255,45.8075]]},"properties":{}},{"type":"Feature","geometry":{"type":"LineString","coordinates":[[12.18885,45.80491],[12.1892,45.80518],[12.19704,45.81014]]},"properties":{}},{"type":"Feature","geometry":{"type":"LineString","coordinates":[[12.19264,45.80754],[12.19277,45.8075],[12.19718,45.81029],[12.19788,45.81078],[12.19829,45.81119],[12.19863,45.81164],[12.19888,45.81212],[12.19931,45.81319]]},"properties":{}},{"type":"Feature","geometry":{"type":"LineString","coordinates":[[12.19931,45.81319],[12.19934,45.81327]]},"properties":{}},{"type":"Feature","geometry":{"type":"LineString","coordinates":[[12.19934,45.81327],[12.19938,45.81351],[12.19954,45.8139]]},"properties":{}},{"type":"Feature","geometry":{"type":"LineString","coordinates":[[12.19971,45.81417],[12.19972,45.81417]]},"properties":{}},{"type":"Feature","geometry":{"type":"LineString","coordinates":[[12.1205,45.7783],[12.12141,45.77864],[12.12176,45.77874]]},"properties":{}},{"type":"Feature","geometry":{"type":"LineString","coordinates":[[12.06705,45.82468],[12.06852,45.82502],[12.07125,45.82596],[12.07187,45.82613],[12.07326,45.8264],[12.07372,45.82652],[12.07454,45.82661],[12.07491,45.82671],[12.07574,45.82703],[12.07617,45.82725],[12.07801,45.82784],[12.07877,45.82823],[12.07909,45.82833],[12.08065,45.82854],[12.08185,45.82876],[12.08395,45.82928],[12.08406,45.82933]]},"properties":{}},{"type":"Feature","geometry":{"type":"LineString","coordinates":[[12.08511,45.82949],[12.08571,45.8296]]},"properties":{}},{"type":"Feature","geometry":{"type":"LineString","coordinates":[[12.0857,45.82976],[12.08579,45.82983],[12.08591,45.82986],[12.08703,45.83011],[12.08994,45.83051],[12.09043,45.83061]]},"properties":{}},{"type":"Feature","geometry":{"type":"LineString","coordinates":[[12.10568,45.83389],[12.10531,45.83381],[12.10322,45.83359],[12.10279,45.83361],[12.10215,45.83349],[12.10167,45.83355],[12.10146,45.83353],[12.10107,45.83344],[12.09992,45.83294],[12.09904,45.83267],[12.09847,45.83234],[12.09749,45.83198],[12.09043,45.83061]]},"properties":{}},{"type":"Feature","geometry":{"type":"LineString","coordinates":[[12.07703,45.86092],[12.07668,45.86078],[12.07636,45.86077]]},"properties":{}},{"type":"Feature","geometry":{"type":"LineString","coordinates":[[12.06699,45.85959],[12.0672,45.85963],[12.06777,45.85951],[12.06801,45.85949],[12.06825,45.85951],[12.071,45.86015],[12.07128,45.86037],[12.0714,45.86041],[12.0715,45.86043],[12.07204,45.86035],[12.07493,45.8607],[12.07573,45.86074],[12.07593,45.86079],[12.07601,45.86085],[12.07614,45.86106],[12.07626,45.86106],[12.07629,45.86098],[12.07641,45.86084],[12.07652,45.86081],[12.07674,45.86083],[12.07715,45.86108],[12.0776,45.86126],[12.08279,45.86272]]},"properties":{}},{"type":"Feature","geometry":{"type":"LineString","coordinates":[[12.07543,45.8637],[12.07578,45.863],[12.07574,45.86294]]},"properties":{}},{"type":"Feature","geometry":{"type":"LineString","coordinates":[[12.07473,45.86414],[12.07499,45.86403],[12.0752,45.86372],[12.07529,45.86366],[12.07324,45.8632],[12.07174,45.86279],[12.07166,45.86282]]},"properties":{}},{"type":"Feature","geometry":{"type":"LineString","coordinates":[[12.12493,45.86312],[12.12479,45.86383],[12.1247,45.86397]]},"properties":{}},{"type":"Feature","geometry":{"type":"LineString","coordinates":[[12.16612,45.79431],[12.1658,45.79447]]},"properties":{}},{"type":"Feature","geometry":{"type":"LineString","coordinates":[[12.16612,45.79489],[12.16656,45.79461],[12.1671,45.79434]]},"properties":{}},{"type":"Feature","geometry":{"type":"LineString","coordinates":[[12.16347,45.79348],[12.1633,45.79371],[12.16308,45.79407],[12.16233,45.79558],[12.16231,45.79589],[12.16246,45.79677],[12.16244,45.79681],[12.16236,45.79684]]},"properties":{}},{"type":"Feature","geometry":{"type":"LineString","coordinates":[[12.16233,45.79689],[12.16246,45.79694],[12.1625,45.79698],[12.16258,45.7975],[12.16254,45.79774],[12.16221,45.79893]]},"properties":{}},{"type":"Feature","geometry":{"type":"LineString","coordinates":[[12.16465,45.86044],[12.16417,45.86046],[12.16329,45.86058],[12.15193,45.86291],[12.15138,45.86302],[12.15089,45.86319],[12.15032,45.86352]]},"properties":{}},{"type":"Feature","geometry":{"type":"LineString","coordinates":[[12.16452,45.86045],[12.16451,45.86042],[12.16401,45.86044],[12.16308,45.86056],[12.15154,45.86294],[12.15118,45.86303],[12.15069,45.86323],[12.14943,45.86408]]},"properties":{}},{"type":"Feature","geometry":{"type":"LineString","coordinates":[[12.14552,45.86378],[12.14559,45.86365]]},"properties":{}},{"type":"Feature","geometry":{"type":"LineString","coordinates":[[12.15032,45.86352],[12.14963,45.86404]]},"properties":{}},{"type":"Feature","geometry":{"type":"LineString","coordinates":[[12.14547,45.8638],[12.14552,45.86378]]},"properties":{}},{"type":"Feature","geometry":{"type":"LineString","coordinates":[[12.1454,45.86379],[12.14547,45.8638]]},"properties":{}},{"type":"Feature","geometry":{"type":"LineString","coordinates":[[12.19959,45.814],[12.19968,45.81411],[12.19984,45.81451]]},"properties":{}},{"type":"Feature","geometry":{"type":"LineString","coordinates":[[12.20434,45.81542],[12.20259,45.81438]]},"properties":{}},{"type":"Feature","geometry":{"type":"LineString","coordinates":[[12.18754,45.87246],[12.18803,45.87309],[12.18826,45.87349],[12.18862,45.87386],[12.1887,45.87402],[12.18852,45.87419],[12.18829,45.87433],[12.18816,45.87445]]},"properties":{}},{"type":"Feature","geometry":{"type":"LineString","coordinates":[[12.18816,45.87445],[12.18813,45.8748],[12.18835,45.87524],[12.1883,45.87542],[12.18807,45.87555]]},"properties":{}},{"type":"Feature","geometry":{"type":"LineString","coordinates":[[12.17321,45.88153],[12.17333,45.88149],[12.17454,45.87931],[12.17472,45.87897],[12.17472,45.8789],[12.17465,45.87883],[12.17468,45.87879]]},"properties":{}},{"type":"Feature","geometry":{"type":"LineString","coordinates":[[12.18556,45.88019],[12.18616,45.88025]]},"properties":{}},{"type":"Feature","geometry":{"type":"LineString","coordinates":[[12.16882,45.88006],[12.17334,45.88157]]},"properties":{}},{"type":"Feature","geometry":{"type":"LineString","coordinates":[[12.16882,45.88012],[12.17327,45.88163]]},"properties":{}},{"type":"Feature","geometry":{"type":"LineString","coordinates":[[12.17224,45.88365],[12.17332,45.88165]]},"properties":{}},{"type":"Feature","geometry":{"type":"LineString","coordinates":[[12.17205,45.88399],[12.17224,45.88365],[12.17219,45.88363]]},"properties":{}},{"type":"Feature","geometry":{"type":"LineString","coordinates":[[12.07529,45.86366],[12.07532,45.86368]]},"properties":{}},{"type":"Feature","geometry":{"type":"LineString","coordinates":[[12.07541,45.8637],[12.07529,45.86409],[12.0753,45.86419],[12.0754,45.86428],[12.07583,45.86437],[12.07581,45.86441]]},"properties":{}},{"type":"Feature","geometry":{"type":"LineString","coordinates":[[12.1247,45.86397],[12.12467,45.86415]]},"properties":{}},{"type":"Feature","geometry":{"type":"LineString","coordinates":[[12.08279,45.86272],[12.08263,45.86276],[12.08258,45.86282],[12.08196,45.86414],[12.08184,45.86444],[12.08182,45.86468],[12.08184,45.86558]]},"properties":{}},{"type":"Feature","geometry":{"type":"LineString","coordinates":[[12.07469,45.86427],[12.07473,45.86414]]},"properties":{}},{"type":"Feature","geometry":{"type":"LineString","coordinates":[[12.07564,45.86434],[12.07564,45.86433]]},"properties":{}},{"type":"Feature","geometry":{"type":"LineString","coordinates":[[12.09604,45.86424],[12.09618,45.86417],[12.09611,45.86399],[12.09615,45.86393],[12.09624,45.86387],[12.09762,45.86389],[12.10261,45.86442],[12.10626,45.86488]]},"properties":{}},{"type":"Feature","geometry":{"type":"LineString","coordinates":[[12.1225,45.86439],[12.12305,45.86437]]},"properties":{}},{"type":"Feature","geometry":{"type":"LineString","coordinates":[[12.12348,45.86423],[12.12294,45.86429],[12.1228,45.86427],[12.12266,45.86432],[12.11993,45.86447],[12.11925,45.86458],[12.11919,45.86453]]},"properties":{}},{"type":"Feature","geometry":{"type":"LineString","coordinates":[[12.07561,45.86442],[12.07561,45.86441]]},"properties":{}},{"type":"Feature","geometry":{"type":"LineString","coordinates":[[12.08279,45.86272],[12.08827,45.86405],[12.08904,45.86417],[12.09128,45.86431],[12.09182,45.86432],[12.09541,45.86391],[12.09561,45.86398],[12.09589,45.86413],[12.09867,45.86625]]},"properties":{}},{"type":"Feature","geometry":{"type":"LineString","coordinates":[[12.11916,45.86465],[12.12016,45.8645],[12.1225,45.86439]]},"properties":{}},{"type":"Feature","geometry":{"type":"LineString","coordinates":[[12.12467,45.86415],[12.12456,45.86482],[12.12404,45.86501],[12.12393,45.86512]]},"properties":{}},{"type":"Feature","geometry":{"type":"LineString","coordinates":[[12.07468,45.86524],[12.07466,45.86522],[12.07474,45.86478],[12.07483,45.86448],[12.07479,45.86437],[12.07469,45.86427]]},"properties":{}},{"type":"Feature","geometry":{"type":"LineString","coordinates":[[12.12364,45.86441],[12.12354,45.86464],[12.12357,45.86477],[12.12404,45.86514]]},"properties":{}},{"type":"Feature","geometry":{"type":"LineString","coordinates":[[12.124,45.86517],[12.12335,45.8647]]},"properties":{}},{"type":"Feature","geometry":{"type":"LineString","coordinates":[[12.11909,45.86455],[12.11895,45.86463],[12.11499,45.86541],[12.11473,45.86544],[12.11459,45.86542],[12.11452,45.86536],[12.11451,45.86527],[12.11448,45.86527]]},"properties":{}},{"type":"Feature","geometry":{"type":"LineString","coordinates":[[12.10626,45.86488],[12.10639,45.86496],[12.10641,45.86526],[12.10651,45.86527]]},"properties":{}},{"type":"Feature","geometry":{"type":"LineString","coordinates":[[12.10651,45.86527],[12.10657,45.86528],[12.10666,45.86511],[12.10673,45.86505],[12.10699,45.86497]]},"properties":{}},{"type":"Feature","geometry":{"type":"LineString","coordinates":[[12.12404,45.86514],[12.12412,45.8652]]},"properties":{}},{"type":"Feature","geometry":{"type":"LineString","coordinates":[[12.12411,45.86524],[12.124,45.86517]]},"properties":{}},{"type":"Feature","geometry":{"type":"LineString","coordinates":[[12.07481,45.86526],[12.07479,45.86526]]},"properties":{}},{"type":"Feature","geometry":{"type":"LineString","coordinates":[[12.11437,45.86525],[12.11427,45.86531],[12.11394,45.86535],[12.11394,45.86537]]},"properties":{}},{"type":"Feature","geometry":{"type":"LineString","coordinates":[[12.10699,45.86497],[12.11268,45.8656],[12.11346,45.86563],[12.11356,45.86556],[12.11388,45.86551],[12.11394,45.86553],[12.11398,45.86559],[12.11389,45.86568]]},"properties":{}},{"type":"Feature","geometry":{"type":"LineString","coordinates":[[12.11394,45.86541],[12.11394,45.86544]]},"properties":{}},{"type":"Feature","geometry":{"type":"LineString","coordinates":[[12.11392,45.8655],[12.11392,45.86551]]},"properties":{}},{"type":"Feature","geometry":{"type":"LineString","coordinates":[[12.11341,45.86578],[12.11342,45.86579]]},"properties":{}},{"type":"Feature","geometry":{"type":"LineString","coordinates":[[12.08184,45.86558],[12.08184,45.86613]]},"properties":{}},{"type":"Feature","geometry":{"type":"LineString","coordinates":[[12.11346,45.86563],[12.11345,45.86577],[12.11054,45.86639]]},"properties":{}},{"type":"Feature","geometry":{"type":"LineString","coordinates":[[12.07554,45.86851],[12.07462,45.8673],[12.07452,45.86708],[12.07445,45.86676],[12.07444,45.86665],[12.07469,45.8656],[12.07491,45.86495],[12.075,45.86486],[12.07514,45.86448],[12.07525,45.8644],[12.07541,45.86438],[12.07736,45.86475],[12.0775,45.86482],[12.07795,45.86529],[12.07819,45.86538],[12.08155,45.86602],[12.08168,45.86608],[12.08172,45.86615],[12.08173,45.86648]]},"properties":{}},{"type":"Feature","geometry":{"type":"LineString","coordinates":[[12.14559,45.86365],[12.14604,45.86369],[12.14799,45.86408],[12.14882,45.8642]]},"properties":{}},{"type":"Feature","geometry":{"type":"LineString","coordinates":[[12.14882,45.8642],[12.14943,45.86408],[12.14959,45.86417],[12.14969,45.86441],[12.14962,45.86453],[12.14907,45.86459],[12.14882,45.86469],[12.1487,45.86461],[12.14876,45.86451],[12.14882,45.8642]]},"properties":{}},{"type":"Feature","geometry":{"type":"LineString","coordinates":[[12.14876,45.86446],[12.14869,45.86436],[12.14846,45.86428],[12.14842,45.86421]]},"properties":{}},{"type":"Feature","geometry":{"type":"LineString","coordinates":[[12.14896,45.86437],[12.14902,45.86424],[12.14914,45.86419],[12.14935,45.86422],[12.14944,45.86432],[12.14941,45.86443],[12.14924,45.86452],[12.14904,45.86448],[12.14896,45.86437]]},"properties":{}},{"type":"Feature","geometry":{"type":"LineString","coordinates":[[12.14119,45.86503],[12.14143,45.865],[12.14161,45.86489],[12.14237,45.86408],[12.14256,45.86395],[12.14461,45.86381],[12.1454,45.86379]]},"properties":{}},{"type":"Feature","geometry":{"type":"LineString","coordinates":[[12.12412,45.8652],[12.12684,45.8672],[12.12709,45.86746],[12.12863,45.86942]]},"properties":{}},{"type":"Feature","geometry":{"type":"LineString","coordinates":[[12.12855,45.86944],[12.12702,45.86745],[12.12685,45.86728],[12.12411,45.86524]]},"properties":{}},{"type":"Feature","geometry":{"type":"LineString","coordinates":[[12.12863,45.86942],[12.12869,45.8695]]},"properties":{}},{"type":"Feature","geometry":{"type":"LineString","coordinates":[[12.12862,45.86953],[12.12855,45.86944]]},"properties":{}},{"type":"Feature","geometry":{"type":"LineString","coordinates":[[12.13382,45.87067],[12.13382,45.87033],[12.13388,45.87016],[12.134,45.87002],[12.13402,45.86994]]},"properties":{}},{"type":"Feature","geometry":{"type":"LineString","coordinates":[[12.13381,45.87037],[12.13379,45.87038]]},"properties":{}},{"type":"Feature","geometry":{"type":"LineString","coordinates":[[12.13016,45.87127],[12.12956,45.8707],[12.12862,45.86953]]},"properties":{}},{"type":"Feature","geometry":{"type":"LineString","coordinates":[[12.13379,45.87038],[12.13367,45.87042]]},"properties":{}},{"type":"Feature","geometry":{"type":"LineString","coordinates":[[12.12869,45.8695],[12.12965,45.87072],[12.13033,45.87134],[12.13028,45.87137]]},"properties":{}},{"type":"Feature","geometry":{"type":"LineString","coordinates":[[12.13367,45.87042],[12.1333,45.87066],[12.13305,45.87072],[12.1327,45.87095],[12.13245,45.87097],[12.13221,45.87089]]},"properties":{}},{"type":"Feature","geometry":{"type":"LineString","coordinates":[[12.13382,45.87078],[12.13382,45.87067]]},"properties":{}},{"type":"Feature","geometry":{"type":"LineString","coordinates":[[12.13293,45.87087],[12.13289,45.87082]]},"properties":{}},{"type":"Feature","geometry":{"type":"LineString","coordinates":[[12.13298,45.87093],[12.13293,45.87087]]},"properties":{}},{"type":"Feature","geometry":{"type":"LineString","coordinates":[[12.13385,45.87106],[12.13382,45.87078]]},"properties":{}},{"type":"Feature","geometry":{"type":"LineString","coordinates":[[12.13331,45.87129],[12.13298,45.87093]]},"properties":{}},{"type":"Feature","geometry":{"type":"LineString","coordinates":[[12.13179,45.87256],[12.13153,45.87231]]},"properties":{}},{"type":"Feature","geometry":{"type":"LineString","coordinates":[[12.13179,45.8727],[12.13191,45.87269]]},"properties":{}},{"type":"Feature","geometry":{"type":"LineString","coordinates":[[12.13191,45.87269],[12.13196,45.87276]]},"properties":{}},{"type":"Feature","geometry":{"type":"LineString","coordinates":[[12.1318,45.87281],[12.13175,45.87276],[12.13179,45.8727]]},"properties":{}},{"type":"Feature","geometry":{"type":"LineString","coordinates":[[12.13196,45.87276],[12.13192,45.87282],[12.1318,45.87281]]},"properties":{}},{"type":"Feature","geometry":{"type":"LineString","coordinates":[[12.13196,45.87276],[12.13201,45.87282],[12.13227,45.87302],[12.13341,45.87451],[12.13356,45.87465]]},"properties":{}},{"type":"Feature","geometry":{"type":"LineString","coordinates":[[12.13212,45.87517],[12.13213,45.87504],[12.1318,45.87281]]},"properties":{}},{"type":"Feature","geometry":{"type":"LineString","coordinates":[[12.13356,45.87465],[12.1333,45.87473],[12.13285,45.87481],[12.13259,45.87491],[12.13212,45.87517]]},"properties":{}},{"type":"Feature","geometry":{"type":"LineString","coordinates":[[12.16583,45.87572],[12.16704,45.87593],[12.16757,45.8761]]},"properties":{}},{"type":"Feature","geometry":{"type":"LineString","coordinates":[[12.16538,45.87654],[12.16556,45.87632],[12.16583,45.87572]]},"properties":{}},{"type":"Feature","geometry":{"type":"LineString","coordinates":[[12.16742,45.8765],[12.16739,45.8765],[12.16745,45.87634],[12.16743,45.87621],[12.16737,45.87612],[12.16726,45.87604],[12.16611,45.87582],[12.16581,45.87579]]},"properties":{}},{"type":"Feature","geometry":{"type":"LineString","coordinates":[[12.16754,45.87652],[12.16751,45.87652]]},"properties":{}},{"type":"Feature","geometry":{"type":"LineString","coordinates":[[12.16758,45.87624],[12.16677,45.87846]]},"properties":{}},{"type":"Feature","geometry":{"type":"LineString","coordinates":[[12.16687,45.87849],[12.16758,45.87645],[12.16771,45.87638],[12.1679,45.8764],[12.16804,45.87661],[12.16839,45.87685]]},"properties":{}},{"type":"Feature","geometry":{"type":"LineString","coordinates":[[12.16498,45.87939],[12.16499,45.87934],[12.16494,45.87929],[12.16445,45.87907],[12.16435,45.87898],[12.16385,45.87737],[12.16388,45.8773],[12.16419,45.87706],[12.1642,45.8769],[12.16416,45.87688]]},"properties":{}},{"type":"Feature","geometry":{"type":"LineString","coordinates":[[12.16687,45.87939],[12.16684,45.87941]]},"properties":{}},{"type":"Feature","geometry":{"type":"LineString","coordinates":[[12.16497,45.87948],[12.16497,45.87945]]},"properties":{}},{"type":"Feature","geometry":{"type":"LineString","coordinates":[[12.1668,45.87944],[12.16625,45.87942],[12.16574,45.87954],[12.16533,45.87958]]},"properties":{}},{"type":"Feature","geometry":{"type":"LineString","coordinates":[[12.16378,45.87958],[12.16374,45.87953]]},"properties":{}},{"type":"Feature","geometry":{"type":"LineString","coordinates":[[12.16497,45.8796],[12.16497,45.87953]]},"properties":{}},{"type":"Feature","geometry":{"type":"LineString","coordinates":[[12.1638,45.87973],[12.16378,45.87964]]},"properties":{}},{"type":"Feature","geometry":{"type":"LineString","coordinates":[[12.16462,45.87982],[12.16473,45.8798]]},"properties":{}},{"type":"Feature","geometry":{"type":"LineString","coordinates":[[12.16449,45.87985],[12.16455,45.87984]]},"properties":{}},{"type":"Feature","geometry":{"type":"LineString","coordinates":[[12.16427,45.87991],[12.16442,45.87987]]},"properties":{}},{"type":"Feature","geometry":{"type":"LineString","coordinates":[[12.16514,45.87959],[12.16492,45.87961],[12.16482,45.87964],[12.16475,45.87972],[12.16474,45.87984],[12.16532,45.88058],[12.16595,45.88117]]},"properties":{}},{"type":"Feature","geometry":{"type":"LineString","coordinates":[[12.16502,45.88089],[12.16494,45.88092],[12.16493,45.88099]]},"properties":{}},{"type":"Feature","geometry":{"type":"LineString","coordinates":[[12.16305,45.88054],[12.16314,45.8805],[12.1634,45.8799],[12.16345,45.87985],[12.16376,45.87973],[12.16398,45.87974],[12.16414,45.8798],[12.16431,45.87995],[12.1651,45.88098],[12.166,45.88171],[12.1672,45.88237],[12.16989,45.88344],[12.17075,45.88374],[12.17041,45.88447]]},"properties":{}},{"type":"Feature","geometry":{"type":"LineString","coordinates":[[12.16918,45.88343],[12.16904,45.8834],[12.16776,45.88292],[12.16689,45.88254],[12.16605,45.88207],[12.16593,45.88204],[12.16377,45.88247]]},"properties":{}},{"type":"Feature","geometry":{"type":"LineString","coordinates":[[12.16926,45.88331],[12.16935,45.88323]]},"properties":{}},{"type":"Feature","geometry":{"type":"LineString","coordinates":[[12.16918,45.88343],[12.16918,45.88335],[12.16926,45.88331]]},"properties":{}},{"type":"Feature","geometry":{"type":"LineString","coordinates":[[12.16967,45.88299],[12.17211,45.88389]]},"properties":{}},{"type":"Feature","geometry":{"type":"LineString","coordinates":[[12.24334,45.82496],[12.24339,45.82495]]},"properties":{}},{"type":"Feature","geometry":{"type":"LineString","coordinates":[[12.2432,45.82632],[12.24314,45.82622],[12.24284,45.82505],[12.24334,45.82496],[12.24326,45.82462],[12.24317,45.82455],[12.24305,45.82451]]},"properties":{}},{"type":"Feature","geometry":{"type":"LineString","coordinates":[[12.24796,45.84802],[12.24788,45.848],[12.24524,45.84677],[12.24498,45.8466],[12.2447,45.84632],[12.24452,45.84594],[12.24325,45.84149],[12.24308,45.84123],[12.2429,45.84106],[12.24183,45.84025]]},"properties":{}},{"type":"Feature","geometry":{"type":"LineString","coordinates":[[12.24796,45.84802],[12.24798,45.84796]]},"properties":{}},{"type":"Feature","geometry":{"type":"LineString","coordinates":[[12.2481,45.84814],[12.24788,45.84787]]},"properties":{}},{"type":"Feature","geometry":{"type":"LineString","coordinates":[[12.24779,45.84841],[12.24777,45.84836],[12.24792,45.84818],[12.24796,45.84802]]},"properties":{}},{"type":"Feature","geometry":{"type":"LineString","coordinates":[[12.24786,45.84841],[12.2481,45.84817]]},"properties":{}},{"type":"Feature","geometry":{"type":"LineString","coordinates":[[12.24824,45.84838],[12.24804,45.84837],[12.24786,45.84841]]},"properties":{}},{"type":"Feature","geometry":{"type":"LineString","coordinates":[[12.24855,45.84879],[12.24842,45.84854],[12.24832,45.84842]]},"properties":{}},{"type":"Feature","geometry":{"type":"LineString","coordinates":[[12.24897,45.84941],[12.24847,45.84899],[12.24811,45.84853],[12.24787,45.84846]]},"properties":{}},{"type":"Feature","geometry":{"type":"LineString","coordinates":[[12.24855,45.84879],[12.2487,45.84905],[12.24885,45.84922],[12.24908,45.84939]]},"properties":{}},{"type":"Feature","geometry":{"type":"LineString","coordinates":[[12.24604,45.85019],[12.24505,45.84995]]},"properties":{}},{"type":"Feature","geometry":{"type":"LineString","coordinates":[[12.24655,45.85006],[12.24671,45.85013]]},"properties":{}},{"type":"Feature","geometry":{"type":"LineString","coordinates":[[12.24637,45.85014],[12.24646,45.85007],[12.24655,45.85006]]},"properties":{}},{"type":"Feature","geometry":{"type":"LineString","coordinates":[[12.24604,45.85019],[12.24637,45.85014]]},"properties":{}},{"type":"Feature","geometry":{"type":"LineString","coordinates":[[12.24671,45.85013],[12.24672,45.85025]]},"properties":{}},{"type":"Feature","geometry":{"type":"LineString","coordinates":[[12.24672,45.85025],[12.24684,45.85041]]},"properties":{}},{"type":"Feature","geometry":{"type":"LineString","coordinates":[[12.24811,45.85081],[12.24691,45.85038],[12.24677,45.85027],[12.24675,45.85009],[12.24654,45.85002],[12.24627,45.85011],[12.24608,45.85013],[12.24507,45.84989]]},"properties":{}},{"type":"Feature","geometry":{"type":"LineString","coordinates":[[12.24809,45.85084],[12.24684,45.85041]]},"properties":{}},{"type":"Feature","geometry":{"type":"LineString","coordinates":[[12.23888,45.82779],[12.23831,45.828]]},"properties":{}},{"type":"Feature","geometry":{"type":"LineString","coordinates":[[12.2342,45.83721],[12.22922,45.83504],[12.2286,45.83485],[12.22734,45.83465],[12.22697,45.83457],[12.22656,45.83444],[12.22626,45.83424],[12.22535,45.83338]]},"properties":{}},{"type":"Feature","geometry":{"type":"LineString","coordinates":[[12.23407,45.8372],[12.22947,45.83518],[12.22879,45.83495]]},"properties":{}},{"type":"Feature","geometry":{"type":"LineString","coordinates":[[12.24176,45.8402],[12.24158,45.84007],[12.24122,45.8399],[12.23639,45.8382],[12.23421,45.83727]]},"properties":{}},{"type":"Feature","geometry":{"type":"LineString","coordinates":[[12.24183,45.84025],[12.24176,45.8402]]},"properties":{}},{"type":"Feature","geometry":{"type":"LineString","coordinates":[[12.24788,45.84787],[12.24528,45.84667],[12.24499,45.84649],[12.24481,45.84629],[12.2446,45.84587],[12.2433,45.8414],[12.24309,45.84112],[12.24282,45.84088],[12.2417,45.84007],[12.24135,45.8399],[12.23664,45.83823],[12.2342,45.83721]]},"properties":{}},{"type":"Feature","geometry":{"type":"LineString","coordinates":[[12.24127,45.87361],[12.24174,45.87316],[12.24172,45.87308],[12.24148,45.87294]]},"properties":{}},{"type":"Feature","geometry":{"type":"LineString","coordinates":[[12.2411,45.87375],[12.24127,45.87361]]},"properties":{}},{"type":"Feature","geometry":{"type":"LineString","coordinates":[[12.24221,45.87323],[12.24207,45.87322],[12.24193,45.87325],[12.24131,45.87378],[12.24061,45.87417]]},"properties":{}},{"type":"Feature","geometry":{"type":"LineString","coordinates":[[12.2401,45.87428],[12.2411,45.87375]]},"properties":{}},{"type":"Feature","geometry":{"type":"LineString","coordinates":[[12.25,45.85379],[12.24934,45.85392],[12.2491,45.85391],[12.24896,45.8541]]},"properties":{}},{"type":"Feature","geometry":{"type":"LineString","coordinates":[[12.24732,45.87013],[12.24732,45.87023],[12.24729,45.87028],[12.24684,45.87039],[12.24613,45.87065]]},"properties":{}},{"type":"Feature","geometry":{"type":"LineString","coordinates":[[12.06554,45.75844],[12.06552,45.75841],[12.06554,45.75838],[12.06588,45.75823],[12.06603,45.7582],[12.06629,45.75823],[12.06728,45.7585],[12.06741,45.75851],[12.06753,45.75848],[12.06934,45.75661],[12.06963,45.75623],[12.06981,45.7559]]},"properties":{}},{"type":"Feature","geometry":{"type":"LineString","coordinates":[[12.04631,45.76409],[12.04905,45.7585],[12.04989,45.75672],[12.04998,45.75631],[12.05001,45.75599],[12.04995,45.75319],[12.04988,45.75205]]},"properties":{}},{"type":"Feature","geometry":{"type":"LineString","coordinates":[[12.06557,45.75847],[12.06554,45.75844]]},"properties":{}},{"type":"Feature","geometry":{"type":"LineString","coordinates":[[12.06499,45.75877],[12.06557,45.75847]]},"properties":{}},{"type":"Feature","geometry":{"type":"LineString","coordinates":[[12.06193,45.76137],[12.06317,45.75987],[12.06357,45.75949],[12.06402,45.75916],[12.06487,45.7587]]},"properties":{}},{"type":"Feature","geometry":{"type":"LineString","coordinates":[[12.0472,45.76226],[12.04722,45.76226]]},"properties":{}},{"type":"Feature","geometry":{"type":"LineString","coordinates":[[12.05919,45.76479],[12.05919,45.76475],[12.06179,45.76155]]},"properties":{}},{"type":"Feature","geometry":{"type":"LineString","coordinates":[[12.04627,45.76417],[12.04631,45.76409]]},"properties":{}},{"type":"Feature","geometry":{"type":"LineString","coordinates":[[12.04603,45.76468],[12.04605,45.76468]]},"properties":{}},{"type":"Feature","geometry":{"type":"LineString","coordinates":[[12.05926,45.76482],[12.05919,45.76479]]},"properties":{}},{"type":"Feature","geometry":{"type":"LineString","coordinates":[[12.01408,45.75],[12.01489,45.75145],[12.01536,45.75225],[12.01556,45.75252],[12.01802,45.75526],[12.01924,45.75654],[12.0235,45.76011],[12.02385,45.76049],[12.02413,45.76096],[12.02543,45.76411],[12.02564,45.76451]]},"properties":{}},{"type":"Feature","geometry":{"type":"LineString","coordinates":[[12.07936,45.76424],[12.07945,45.76424],[12.08054,45.763],[12.0805,45.76295]]},"properties":{}},{"type":"Feature","geometry":{"type":"LineString","coordinates":[[12.07783,45.76374],[12.07798,45.76386],[12.07886,45.76429],[12.07919,45.76442],[12.07924,45.7645]]},"properties":{}},{"type":"Feature","geometry":{"type":"LineString","coordinates":[[12.07929,45.76433],[12.07936,45.76424]]},"properties":{}},{"type":"Feature","geometry":{"type":"LineString","coordinates":[[12.07921,45.76431],[12.07938,45.76435]]},"properties":{}},{"type":"Feature","geometry":{"type":"LineString","coordinates":[[12.07935,45.76453],[12.07942,45.76443]]},"properties":{}},{"type":"Feature","geometry":{"type":"LineString","coordinates":[[12.07924,45.7645],[12.07903,45.76462]]},"properties":{}},{"type":"Feature","geometry":{"type":"LineString","coordinates":[[12.08194,45.76529],[12.08098,45.76496],[12.07937,45.7645]]},"properties":{}},{"type":"Feature","geometry":{"type":"LineString","coordinates":[[12.07741,45.76664],[12.07389,45.76562]]},"properties":{}},{"type":"Feature","geometry":{"type":"LineString","coordinates":[[12.07741,45.76664],[12.07731,45.76676]]},"properties":{}},{"type":"Feature","geometry":{"type":"LineString","coordinates":[[12.07726,45.76674],[12.07738,45.76679]]},"properties":{}},{"type":"Feature","geometry":{"type":"LineString","coordinates":[[12.04524,45.76596],[12.04586,45.765],[12.04627,45.76417]]},"properties":{}},{"type":"Feature","geometry":{"type":"LineString","coordinates":[[12.02717,45.76643],[12.02785,45.76634],[12.02789,45.76624],[12.02783,45.76619],[12.02772,45.76617],[12.02749,45.76621],[12.02724,45.76638],[12.02714,45.76638],[12.0271,45.76632],[12.02714,45.76627],[12.02781,45.76607],[12.02988,45.76574],[12.03008,45.76561],[12.03014,45.76551],[12.03021,45.76517],[12.03019,45.76503],[12.03012,45.76495],[12.02998,45.76488],[12.0298,45.7649],[12.02973,45.76497],[12.02972,45.76508],[12.02976,45.7652],[12.02998,45.76538],[12.03002,45.76546],[12.02999,45.76561],[12.02988,45.76569],[12.02778,45.76604],[12.02715,45.76618],[12.02704,45.76622],[12.02699,45.76631],[12.02705,45.7664],[12.02717,45.76643]]},"properties":{}},{"type":"Feature","geometry":{"type":"LineString","coordinates":[[12.02571,45.76463],[12.02759,45.7673]]},"properties":{}},{"type":"Feature","geometry":{"type":"LineString","coordinates":[[12.05811,45.76712],[12.05827,45.76709],[12.0583,45.76703],[12.05806,45.7668],[12.05797,45.76668],[12.05793,45.76659],[12.05794,45.76648],[12.05925,45.76488],[12.05926,45.76482]]},"properties":{}},{"type":"Feature","geometry":{"type":"LineString","coordinates":[[12.04519,45.76603],[12.04522,45.76604]]},"properties":{}},{"type":"Feature","geometry":{"type":"LineString","coordinates":[[12.04941,45.76612],[12.04999,45.76635]]},"properties":{}},{"type":"Feature","geometry":{"type":"LineString","coordinates":[[12.04524,45.76596],[12.04473,45.76674]]},"properties":{}},{"type":"Feature","geometry":{"type":"LineString","coordinates":[[12.05596,45.76654],[12.05639,45.76664]]},"properties":{}},{"type":"Feature","geometry":{"type":"LineString","coordinates":[[12.04477,45.76672],[12.04474,45.76671]]},"properties":{}},{"type":"Feature","geometry":{"type":"LineString","coordinates":[[12.04977,45.76664],[12.05043,45.76685]]},"properties":{}},{"type":"Feature","geometry":{"type":"LineString","coordinates":[[12.04473,45.76674],[12.04468,45.7668]]},"properties":{}},{"type":"Feature","geometry":{"type":"LineString","coordinates":[[12.04944,45.76707],[12.04977,45.76664]]},"properties":{}},{"type":"Feature","geometry":{"type":"LineString","coordinates":[[12.05092,45.76761],[12.04885,45.76689],[12.04941,45.76612]]},"properties":{}},{"type":"Feature","geometry":{"type":"LineString","coordinates":[[12.0521,45.76741],[12.0524,45.76724],[12.05257,45.76709],[12.05323,45.76672],[12.05371,45.76652],[12.05406,45.76645],[12.05442,45.76644],[12.0569,45.7666],[12.05711,45.76679],[12.05752,45.76695],[12.05789,45.76714]]},"properties":{}},{"type":"Feature","geometry":{"type":"LineString","coordinates":[[12.04468,45.7668],[12.0444,45.76724]]},"properties":{}},{"type":"Feature","geometry":{"type":"LineString","coordinates":[[12.0583,45.76705],[12.05844,45.76714]]},"properties":{}},{"type":"Feature","geometry":{"type":"LineString","coordinates":[[12.05801,45.76719],[12.05811,45.76712]]},"properties":{}},{"type":"Feature","geometry":{"type":"LineString","coordinates":[[12.05789,45.76714],[12.05801,45.76719]]},"properties":{}},{"type":"Feature","geometry":{"type":"LineString","coordinates":[[12.05797,45.76719],[12.05789,45.76718]]},"properties":{}},{"type":"Feature","geometry":{"type":"LineString","coordinates":[[12.0502,45.76722],[12.04992,45.76725]]},"properties":{}},{"type":"Feature","geometry":{"type":"LineString","coordinates":[[12.0749,45.76956],[12.07497,45.76957],[12.07556,45.76864],[12.0758,45.76832],[12.07654,45.76773],[12.07704,45.76721],[12.07909,45.76466],[12.07903,45.76462]]},"properties":{}},{"type":"Feature","geometry":{"type":"LineString","coordinates":[[12.07425,45.76839],[12.07363,45.76821]]},"properties":{}},{"type":"Feature","geometry":{"type":"LineString","coordinates":[[12.07461,45.76845],[12.07425,45.76839]]},"properties":{}},{"type":"Feature","geometry":{"type":"LineString","coordinates":[[12.07461,45.76845],[12.07455,45.76849],[12.07427,45.76844],[12.07425,45.76839]]},"properties":{}},{"type":"Feature","geometry":{"type":"LineString","coordinates":[[12.075,45.76852],[12.07461,45.76845]]},"properties":{}},{"type":"Feature","geometry":{"type":"LineString","coordinates":[[12.07525,45.76856],[12.075,45.76852]]},"properties":{}},{"type":"Feature","geometry":{"type":"LineString","coordinates":[[12.07525,45.76856],[12.07517,45.76859],[12.07504,45.76857],[12.075,45.76852]]},"properties":{}},{"type":"Feature","geometry":{"type":"LineString","coordinates":[[12.0755,45.76861],[12.07525,45.76856]]},"properties":{}},{"type":"Feature","geometry":{"type":"LineString","coordinates":[[12.0755,45.76861],[12.07544,45.7687]]},"properties":{}},{"type":"Feature","geometry":{"type":"LineString","coordinates":[[12.07536,45.76868],[12.07551,45.76872]]},"properties":{}},{"type":"Feature","geometry":{"type":"LineString","coordinates":[[12.0444,45.76724],[12.04435,45.76731]]},"properties":{}},{"type":"Feature","geometry":{"type":"LineString","coordinates":[[12.0508,45.76746],[12.05016,45.76721]]},"properties":{}},{"type":"Feature","geometry":{"type":"LineString","coordinates":[[12.07075,45.76775],[12.07136,45.76782]]},"properties":{}},{"type":"Feature","geometry":{"type":"LineString","coordinates":[[12.07219,45.76793],[12.07136,45.76782]]},"properties":{}},{"type":"Feature","geometry":{"type":"LineString","coordinates":[[12.04435,45.76731],[12.04417,45.76767],[12.04389,45.76878],[12.04373,45.76888]]},"properties":{}},{"type":"Feature","geometry":{"type":"LineString","coordinates":[[12.07363,45.76821],[12.07353,45.76822],[12.07312,45.7681],[12.07242,45.76797]]},"properties":{}},{"type":"Feature","geometry":{"type":"LineString","coordinates":[[12.02764,45.76738],[12.0278,45.76783],[12.02813,45.7691]]},"properties":{}},{"type":"Feature","geometry":{"type":"LineString","coordinates":[[12.06174,45.76968],[12.05871,45.76751],[12.05822,45.76711]]},"properties":{}},{"type":"Feature","geometry":{"type":"LineString","coordinates":[[12.05417,45.76777],[12.05315,45.76914]]},"properties":{}},{"type":"Feature","geometry":{"type":"LineString","coordinates":[[12.04366,45.76893],[12.04361,45.76901],[12.0436,45.7691]]},"properties":{}},{"type":"Feature","geometry":{"type":"LineString","coordinates":[[12.02822,45.76911],[12.02822,45.76914]]},"properties":{}},{"type":"Feature","geometry":{"type":"LineString","coordinates":[[12.04363,45.76917],[12.04374,45.76938],[12.04364,45.7698]]},"properties":{}},{"type":"Feature","geometry":{"type":"LineString","coordinates":[[12.02374,45.76989],[12.02563,45.76965],[12.02567,45.76964],[12.0257,45.76959],[12.02733,45.76935],[12.02731,45.76926],[12.02769,45.76922],[12.02807,45.7691],[12.02822,45.76911]]},"properties":{}},{"type":"Feature","geometry":{"type":"LineString","coordinates":[[12.02822,45.76914],[12.03007,45.76917],[12.03138,45.76901],[12.03256,45.76899],[12.03348,45.76913],[12.03466,45.76916],[12.03473,45.76923],[12.03463,45.77012],[12.03458,45.77104]]},"properties":{}},{"type":"Feature","geometry":{"type":"LineString","coordinates":[[12.05823,45.77006],[12.05832,45.77016]]},"properties":{}},{"type":"Feature","geometry":{"type":"LineString","coordinates":[[12.05127,45.77125],[12.05193,45.77041],[12.05203,45.77044],[12.05207,45.77041],[12.05306,45.76911]]},"properties":{}},{"type":"Feature","geometry":{"type":"LineString","coordinates":[[12.04358,45.77004],[12.04335,45.77036],[12.04324,45.77043],[12.04296,45.77046],[12.04261,45.7704]]},"properties":{}},{"type":"Feature","geometry":{"type":"LineString","coordinates":[[12.0634,45.77088],[12.0626,45.77033],[12.06174,45.76968]]},"properties":{}},{"type":"Feature","geometry":{"type":"LineString","coordinates":[[12.04261,45.7704],[12.04249,45.77036]]},"properties":{}},{"type":"Feature","geometry":{"type":"LineString","coordinates":[[12.04353,45.77039],[12.04361,45.77039]]},"properties":{}},{"type":"Feature","geometry":{"type":"LineString","coordinates":[[12.04078,45.7704],[12.04066,45.77039]]},"properties":{}},{"type":"Feature","geometry":{"type":"LineString","coordinates":[[12.04066,45.77039],[12.04044,45.77042]]},"properties":{}},{"type":"Feature","geometry":{"type":"LineString","coordinates":[[12.04249,45.77036],[12.04234,45.77037],[12.04203,45.77046],[12.04078,45.7704]]},"properties":{}},{"type":"Feature","geometry":{"type":"LineString","coordinates":[[12.04349,45.77054],[12.04359,45.77055]]},"properties":{}},{"type":"Feature","geometry":{"type":"LineString","coordinates":[[12.04352,45.77078],[12.04344,45.77077]]},"properties":{}},{"type":"Feature","geometry":{"type":"LineString","coordinates":[[12.0592,45.77087],[12.05941,45.77096],[12.05964,45.7709]]},"properties":{}},{"type":"Feature","geometry":{"type":"LineString","coordinates":[[12.06348,45.77094],[12.0634,45.77088]]},"properties":{}},{"type":"Feature","geometry":{"type":"LineString","coordinates":[[12.0597,45.77095],[12.05962,45.77105],[12.05958,45.77116],[12.05952,45.77122],[12.05923,45.77126],[12.05912,45.77131],[12.05907,45.77128]]},"properties":{}},{"type":"Feature","geometry":{"type":"LineString","coordinates":[[12.06407,45.77134],[12.06348,45.77094]]},"properties":{}},{"type":"Feature","geometry":{"type":"LineString","coordinates":[[12.07148,45.77236],[12.06823,45.77236],[12.06753,45.77234],[12.06669,45.77227],[12.06596,45.77212],[12.06525,45.7719],[12.06471,45.77168],[12.06407,45.77134]]},"properties":{}},{"type":"Feature","geometry":{"type":"LineString","coordinates":[[12.06424,45.7726],[12.06433,45.77254],[12.06489,45.77183],[12.06488,45.77175]]},"properties":{}},{"type":"Feature","geometry":{"type":"LineString","coordinates":[[12.04583,45.7721],[12.04683,45.77251]]},"properties":{}},{"type":"Feature","geometry":{"type":"LineString","coordinates":[[12.0321,45.77231],[12.03172,45.77246],[12.03111,45.77253],[12.03103,45.77248]]},"properties":{}},{"type":"Feature","geometry":{"type":"LineString","coordinates":[[12.03078,45.77255],[12.03057,45.7725],[12.02999,45.7726],[12.02871,45.77267]]},"properties":{}},{"type":"Feature","geometry":{"type":"LineString","coordinates":[[12.06278,45.77265],[12.06202,45.7728],[12.06188,45.77285]]},"properties":{}},{"type":"Feature","geometry":{"type":"LineString","coordinates":[[12.04562,45.77377],[12.04591,45.77205]]},"properties":{}},{"type":"Feature","geometry":{"type":"LineString","coordinates":[[12.02292,45.77361],[12.02292,45.77405],[12.02357,45.77406],[12.0241,45.77401]]},"properties":{}},{"type":"Feature","geometry":{"type":"LineString","coordinates":[[12.04313,45.77378],[12.04389,45.77373],[12.04474,45.77373],[12.04652,45.77395]]},"properties":{}},{"type":"Feature","geometry":{"type":"LineString","coordinates":[[12.05191,45.77406],[12.05108,45.77379]]},"properties":{}},{"type":"Feature","geometry":{"type":"LineString","coordinates":[[12.02289,45.77401],[12.02291,45.77401]]},"properties":{}},{"type":"Feature","geometry":{"type":"LineString","coordinates":[[12.05211,45.77413],[12.05191,45.77406]]},"properties":{}},{"type":"Feature","geometry":{"type":"LineString","coordinates":[[12.05332,45.77453],[12.05211,45.77413]]},"properties":{}},{"type":"Feature","geometry":{"type":"LineString","coordinates":[[12.02368,45.77403],[12.02369,45.77486],[12.02373,45.7749]]},"properties":{}},{"type":"Feature","geometry":{"type":"LineString","coordinates":[[12.02262,45.77545],[12.02254,45.77544],[12.02255,45.77405],[12.02275,45.77405],[12.02281,45.77401]]},"properties":{}},{"type":"Feature","geometry":{"type":"LineString","coordinates":[[12.05415,45.77482],[12.05417,45.77481]]},"properties":{}},{"type":"Feature","geometry":{"type":"LineString","coordinates":[[12.05413,45.77511],[12.05421,45.77502],[12.05417,45.77485],[12.0541,45.77478],[12.05389,45.7747]]},"properties":{}},{"type":"Feature","geometry":{"type":"LineString","coordinates":[[12.02373,45.7749],[12.02373,45.77496]]},"properties":{}},{"type":"Feature","geometry":{"type":"LineString","coordinates":[[12.04002,45.77481],[12.04064,45.77485],[12.0422,45.77505],[12.04262,45.77515],[12.04267,45.77519]]},"properties":{}},{"type":"Feature","geometry":{"type":"LineString","coordinates":[[12.05421,45.77506],[12.0542,45.77506]]},"properties":{}},{"type":"Feature","geometry":{"type":"LineString","coordinates":[[12.03606,45.77549],[12.03605,45.77546],[12.03609,45.77544],[12.03803,45.77509],[12.03966,45.77482],[12.04002,45.77481]]},"properties":{}},{"type":"Feature","geometry":{"type":"LineString","coordinates":[[12.02373,45.77496],[12.02369,45.775],[12.02369,45.77545],[12.02346,45.77555],[12.02347,45.77589],[12.02353,45.77592],[12.02352,45.77596]]},"properties":{}},{"type":"Feature","geometry":{"type":"LineString","coordinates":[[12.03586,45.77554],[12.03606,45.77549]]},"properties":{}},{"type":"Feature","geometry":{"type":"LineString","coordinates":[[12.04276,45.77522],[12.04303,45.77528],[12.04414,45.77565],[12.04438,45.77578],[12.04441,45.77587]]},"properties":{}},{"type":"Feature","geometry":{"type":"LineString","coordinates":[[12.04231,45.7762],[12.04235,45.77621],[12.04276,45.77522]]},"properties":{}},{"type":"Feature","geometry":{"type":"LineString","coordinates":[[12.05118,45.77606],[12.05104,45.77607],[12.04994,45.77581]]},"properties":{}},{"type":"Feature","geometry":{"type":"LineString","coordinates":[[12.04468,45.77612],[12.04447,45.77608],[12.04438,45.7761]]},"properties":{}},{"type":"Feature","geometry":{"type":"LineString","coordinates":[[12.04401,45.77693],[12.04438,45.7761]]},"properties":{}},{"type":"Feature","geometry":{"type":"LineString","coordinates":[[12.03376,45.77588],[12.03382,45.77617],[12.0316,45.77682],[12.03131,45.77693],[12.03111,45.77707],[12.03035,45.77778],[12.03025,45.77781]]},"properties":{}},{"type":"Feature","geometry":{"type":"LineString","coordinates":[[12.02222,45.77666],[12.02225,45.77666],[12.02236,45.77733],[12.02245,45.77761],[12.02242,45.77762]]},"properties":{}},{"type":"Feature","geometry":{"type":"LineString","coordinates":[[12.04381,45.77747],[12.04399,45.77699]]},"properties":{}},{"type":"Feature","geometry":{"type":"LineString","coordinates":[[12.01793,45.77442],[12.01758,45.77447],[12.01698,45.77463]]},"properties":{}},{"type":"Feature","geometry":{"type":"LineString","coordinates":[[12.01547,45.77715],[12.01533,45.77699],[12.01531,45.77691],[12.01546,45.77471],[12.01544,45.77469],[12.01346,45.77472]]},"properties":{}},{"type":"Feature","geometry":{"type":"LineString","coordinates":[[12.01562,45.77729],[12.01547,45.77715]]},"properties":{}},{"type":"Feature","geometry":{"type":"LineString","coordinates":[[12.01614,45.77779],[12.01562,45.77729]]},"properties":{}},{"type":"Feature","geometry":{"type":"LineString","coordinates":[[12.03025,45.77781],[12.02964,45.77839]]},"properties":{}},{"type":"Feature","geometry":{"type":"LineString","coordinates":[[12.02964,45.77839],[12.02954,45.77844],[12.02845,45.77858],[12.02842,45.77856],[12.02848,45.77793],[12.02578,45.77782],[12.02573,45.77806],[12.02584,45.77839],[12.02581,45.77842]]},"properties":{}},{"type":"Feature","geometry":{"type":"LineString","coordinates":[[12.02581,45.77842],[12.02573,45.77843],[12.02529,45.77828],[12.02332,45.77831],[12.02325,45.77836],[12.02325,45.77845],[12.02317,45.77851],[12.0226,45.77851],[12.02228,45.77862],[12.02207,45.77862],[12.02132,45.77877],[12.02095,45.77877],[12.02083,45.77881],[12.0202,45.77932]]},"properties":{}},{"type":"Feature","geometry":{"type":"LineString","coordinates":[[12.07131,45.78035],[12.07148,45.77921],[12.07157,45.77895],[12.0717,45.77882],[12.072,45.77861],[12.07227,45.77814],[12.07261,45.77788],[12.07259,45.77786]]},"properties":{}},{"type":"Feature","geometry":{"type":"LineString","coordinates":[[12.06307,45.77965],[12.06334,45.77967],[12.06359,45.77958]]},"properties":{}},{"type":"Feature","geometry":{"type":"LineString","coordinates":[[12.06264,45.77968],[12.06301,45.77974]]},"properties":{}},{"type":"Feature","geometry":{"type":"LineString","coordinates":[[12.06377,45.77963],[12.06381,45.77972],[12.06393,45.77978],[12.06662,45.78016],[12.06746,45.78023],[12.06764,45.78015]]},"properties":{}},{"type":"Feature","geometry":{"type":"LineString","coordinates":[[12.06307,45.78045],[12.06243,45.78033],[12.06262,45.77967]]},"properties":{}},{"type":"Feature","geometry":{"type":"LineString","coordinates":[[12.06764,45.78015],[12.06776,45.78015]]},"properties":{}},{"type":"Feature","geometry":{"type":"LineString","coordinates":[[12.06776,45.78015],[12.06781,45.78018]]},"properties":{}},{"type":"Feature","geometry":{"type":"LineString","coordinates":[[12.0681,45.78037],[12.06821,45.78039]]},"properties":{}},{"type":"Feature","geometry":{"type":"LineString","coordinates":[[12.07131,45.78035],[12.07134,45.78044]]},"properties":{}},{"type":"Feature","geometry":{"type":"LineString","coordinates":[[12.06317,45.78046],[12.06307,45.78045]]},"properties":{}},{"type":"Feature","geometry":{"type":"LineString","coordinates":[[12.06347,45.78046],[12.06338,45.78047]]},"properties":{}},{"type":"Feature","geometry":{"type":"LineString","coordinates":[[12.06329,45.78047],[12.06317,45.78046]]},"properties":{}},{"type":"Feature","geometry":{"type":"LineString","coordinates":[[12.06356,45.78048],[12.06347,45.78046]]},"properties":{}},{"type":"Feature","geometry":{"type":"LineString","coordinates":[[12.06338,45.78047],[12.06329,45.78047]]},"properties":{}},{"type":"Feature","geometry":{"type":"LineString","coordinates":[[12.07134,45.78044],[12.07128,45.78071]]},"properties":{}},{"type":"Feature","geometry":{"type":"LineString","coordinates":[[12.07128,45.78071],[12.07122,45.78109]]},"properties":{}},{"type":"Feature","geometry":{"type":"LineString","coordinates":[[12.07122,45.78109],[12.07114,45.78156]]},"properties":{}},{"type":"Feature","geometry":{"type":"LineString","coordinates":[[12.05911,45.78306],[12.05928,45.78304],[12.05945,45.78307]]},"properties":{}},{"type":"Feature","geometry":{"type":"LineString","coordinates":[[12.05945,45.78307],[12.05964,45.78316],[12.05983,45.7832]]},"properties":{}},{"type":"Feature","geometry":{"type":"LineString","coordinates":[[12.05954,45.7834],[12.05951,45.78325],[12.05943,45.78315],[12.05931,45.78309],[12.05911,45.78306]]},"properties":{}},{"type":"Feature","geometry":{"type":"LineString","coordinates":[[12.05779,45.78344],[12.05788,45.78333],[12.05782,45.78324],[12.05773,45.7832]]},"properties":{}},{"type":"Feature","geometry":{"type":"LineString","coordinates":[[12.05921,45.78365],[12.05932,45.78368],[12.05941,45.78367],[12.0595,45.78359],[12.05954,45.7835]]},"properties":{}},{"type":"Feature","geometry":{"type":"LineString","coordinates":[[12.05696,45.78379],[12.05782,45.78348],[12.05779,45.78344]]},"properties":{}},{"type":"Feature","geometry":{"type":"LineString","coordinates":[[12.05988,45.7837],[12.05945,45.78377],[12.05935,45.78375],[12.05921,45.78365]]},"properties":{}},{"type":"Feature","geometry":{"type":"LineString","coordinates":[[12.0593,45.78399],[12.05928,45.78382],[12.05921,45.78366]]},"properties":{}},{"type":"Feature","geometry":{"type":"LineString","coordinates":[[12.05956,45.78375],[12.0594,45.78386],[12.0593,45.78399]]},"properties":{}},{"type":"Feature","geometry":{"type":"LineString","coordinates":[[12.05652,45.78396],[12.05689,45.78382]]},"properties":{}},{"type":"Feature","geometry":{"type":"LineString","coordinates":[[12.05779,45.78344],[12.05616,45.78403],[12.0552,45.78443]]},"properties":{}},{"type":"Feature","geometry":{"type":"LineString","coordinates":[[12.05622,45.78407],[12.05645,45.78398]]},"properties":{}},{"type":"Feature","geometry":{"type":"LineString","coordinates":[[12.05577,45.78425],[12.05617,45.78408]]},"properties":{}},{"type":"Feature","geometry":{"type":"LineString","coordinates":[[12.05584,45.78422],[12.05583,45.7842]]},"properties":{}},{"type":"Feature","geometry":{"type":"LineString","coordinates":[[12.05533,45.78444],[12.05571,45.78427]]},"properties":{}},{"type":"Feature","geometry":{"type":"LineString","coordinates":[[12.0552,45.78443],[12.05449,45.78476]]},"properties":{}},{"type":"Feature","geometry":{"type":"LineString","coordinates":[[12.05472,45.78469],[12.05474,45.7847]]},"properties":{}},{"type":"Feature","geometry":{"type":"LineString","coordinates":[[12.05364,45.78497],[12.0537,45.78476]]},"properties":{}},{"type":"Feature","geometry":{"type":"LineString","coordinates":[[12.05449,45.78476],[12.05396,45.78503]]},"properties":{}},{"type":"Feature","geometry":{"type":"LineString","coordinates":[[12.05361,45.78533],[12.05422,45.78494],[12.05525,45.78447]]},"properties":{}},{"type":"Feature","geometry":{"type":"LineString","coordinates":[[12.05396,45.78503],[12.05381,45.78508],[12.05372,45.78507],[12.05367,45.78504],[12.05364,45.78497]]},"properties":{}},{"type":"Feature","geometry":{"type":"LineString","coordinates":[[12.05396,45.78503],[12.05355,45.78533]]},"properties":{}},{"type":"Feature","geometry":{"type":"LineString","coordinates":[[12.05355,45.78533],[12.05306,45.78571]]},"properties":{}},{"type":"Feature","geometry":{"type":"LineString","coordinates":[[12.05239,45.78867],[12.05183,45.78791],[12.05173,45.78782],[12.05129,45.78759]]},"properties":{}},{"type":"Feature","geometry":{"type":"LineString","coordinates":[[12.03296,45.78851],[12.03301,45.7885],[12.03303,45.78843],[12.03332,45.78817],[12.03341,45.78818],[12.03365,45.78835],[12.03387,45.78828],[12.03443,45.78794],[12.0344,45.78792]]},"properties":{}},{"type":"Feature","geometry":{"type":"LineString","coordinates":[[12.03365,45.78835],[12.03362,45.78841],[12.03346,45.78851],[12.03346,45.78856],[12.03351,45.78858]]},"properties":{}},{"type":"Feature","geometry":{"type":"LineString","coordinates":[[12.04795,45.78941],[12.04752,45.78969]]},"properties":{}},{"type":"Feature","geometry":{"type":"LineString","coordinates":[[12.04741,45.78977],[12.04661,45.79048]]},"properties":{}},{"type":"Feature","geometry":{"type":"LineString","coordinates":[[12.04655,45.79055],[12.04613,45.79093]]},"properties":{}},{"type":"Feature","geometry":{"type":"LineString","coordinates":[[12.04607,45.79098],[12.04492,45.79204]]},"properties":{}},{"type":"Feature","geometry":{"type":"LineString","coordinates":[[12.0202,45.77932],[12.01765,45.78163],[12.01733,45.78186],[12.017,45.78205],[12.01656,45.78223],[12.01584,45.78244],[12.01464,45.78265],[12.01317,45.78309],[12.01307,45.78319],[12.0129,45.78319],[12.01135,45.78368],[12.00894,45.78459],[12.00781,45.78495],[12.00715,45.78509],[12.00234,45.78566],[12.00107,45.78588],[12.00097,45.78594],[12.00096,45.78639]]},"properties":{}},{"type":"Feature","geometry":{"type":"LineString","coordinates":[[12.00882,45.78463],[12.00902,45.78494],[12.00899,45.78498],[12.00882,45.785],[12.00755,45.78542],[12.00744,45.78541],[12.00726,45.78547],[12.00702,45.78569],[12.00614,45.78602],[12.00547,45.7863]]},"properties":{}},{"type":"Feature","geometry":{"type":"LineString","coordinates":[[12.00282,45.79007],[12.00112,45.7914],[12.00096,45.79143],[12.00089,45.79149],[12.00039,45.79258],[12.00036,45.79284],[12.00038,45.79312],[12.0006,45.79362],[12.00108,45.79429],[12.00116,45.79433],[12.00122,45.79441],[12.00213,45.7963],[12.00234,45.79663],[12.00232,45.7967],[12.00342,45.79824],[12.00348,45.79827]]},"properties":{}},{"type":"Feature","geometry":{"type":"LineString","coordinates":[[12.00348,45.79827],[12.00351,45.79834],[12.00349,45.79836],[12.00475,45.8011],[12.00494,45.80136],[12.00587,45.80223],[12.00713,45.80434],[12.00727,45.8045],[12.00874,45.80569],[12.00872,45.80575]]},"properties":{}},{"type":"Feature","geometry":{"type":"LineString","coordinates":[[12.00797,45.8079],[12.00802,45.80789],[12.00802,45.80749],[12.00809,45.80719],[12.00816,45.80703],[12.00827,45.80698],[12.00837,45.80699],[12.00853,45.80706]]},"properties":{}},{"type":"Feature","geometry":{"type":"LineString","coordinates":[[12.01274,45.81313],[12.0129,45.8133],[12.01306,45.81341]]},"properties":{}},{"type":"Feature","geometry":{"type":"LineString","coordinates":[[12.01276,45.81353],[12.01274,45.81313]]},"properties":{}},{"type":"Feature","geometry":{"type":"LineString","coordinates":[[12.01593,45.81355],[12.01634,45.81329]]},"properties":{}},{"type":"Feature","geometry":{"type":"LineString","coordinates":[[12.01634,45.81329],[12.01626,45.8137]]},"properties":{}},{"type":"Feature","geometry":{"type":"LineString","coordinates":[[12.04492,45.79204],[12.04485,45.7921]]},"properties":{}},{"type":"Feature","geometry":{"type":"LineString","coordinates":[[12.04485,45.7921],[12.04451,45.79241]]},"properties":{}},{"type":"Feature","geometry":{"type":"LineString","coordinates":[[12.04444,45.79247],[12.04341,45.79342],[12.04339,45.79341]]},"properties":{}},{"type":"Feature","geometry":{"type":"LineString","coordinates":[[12.04259,45.79402],[12.04274,45.79389],[12.04287,45.79384]]},"properties":{}},{"type":"Feature","geometry":{"type":"LineString","coordinates":[[12.04259,45.79402],[12.04278,45.79403]]},"properties":{}},{"type":"Feature","geometry":{"type":"LineString","coordinates":[[12.04235,45.79423],[12.04259,45.79402]]},"properties":{}},{"type":"Feature","geometry":{"type":"LineString","coordinates":[[12.04277,45.79408],[12.0425,45.79417]]},"properties":{}},{"type":"Feature","geometry":{"type":"LineString","coordinates":[[12.0425,45.79417],[12.04235,45.79423]]},"properties":{}},{"type":"Feature","geometry":{"type":"LineString","coordinates":[[12.04273,45.7944],[12.0427,45.79425],[12.0425,45.79417]]},"properties":{}},{"type":"Feature","geometry":{"type":"LineString","coordinates":[[12.0382,45.80541],[12.03813,45.80712]]},"properties":{}},{"type":"Feature","geometry":{"type":"LineString","coordinates":[[12.01565,45.8136],[12.01593,45.81355]]},"properties":{}},{"type":"Feature","geometry":{"type":"LineString","coordinates":[[12.01334,45.81352],[12.0135,45.81361],[12.01377,45.81368]]},"properties":{}},{"type":"Feature","geometry":{"type":"LineString","coordinates":[[12.01593,45.81355],[12.01606,45.81358],[12.01626,45.8137]]},"properties":{}},{"type":"Feature","geometry":{"type":"LineString","coordinates":[[12.01478,45.81368],[12.01533,45.81366],[12.01565,45.8136]]},"properties":{}},{"type":"Feature","geometry":{"type":"LineString","coordinates":[[12.01377,45.81368],[12.01335,45.81374]]},"properties":{}},{"type":"Feature","geometry":{"type":"LineString","coordinates":[[12.01626,45.8137],[12.01632,45.81381]]},"properties":{}},{"type":"Feature","geometry":{"type":"LineString","coordinates":[[12.01545,45.8139],[12.01548,45.81373],[12.01565,45.8136]]},"properties":{}},{"type":"Feature","geometry":{"type":"LineString","coordinates":[[12.01545,45.8139],[12.01521,45.81376],[12.01478,45.81368]]},"properties":{}},{"type":"Feature","geometry":{"type":"LineString","coordinates":[[12.01311,45.81387],[12.01291,45.81406]]},"properties":{}},{"type":"Feature","geometry":{"type":"LineString","coordinates":[[12.01632,45.81381],[12.01631,45.81395],[12.01626,45.81403],[12.01605,45.81414],[12.01591,45.81417]]},"properties":{}},{"type":"Feature","geometry":{"type":"LineString","coordinates":[[12.01633,45.81386],[12.01651,45.81405],[12.01664,45.81412]]},"properties":{}},{"type":"Feature","geometry":{"type":"LineString","coordinates":[[12.01591,45.81417],[12.01563,45.81411],[12.01553,45.81404],[12.01545,45.8139]]},"properties":{}},{"type":"Feature","geometry":{"type":"LineString","coordinates":[[12.01664,45.81412],[12.01618,45.81409]]},"properties":{}},{"type":"Feature","geometry":{"type":"LineString","coordinates":[[12.01291,45.81406],[12.01286,45.81416]]},"properties":{}},{"type":"Feature","geometry":{"type":"LineString","coordinates":[[12.01286,45.81416],[12.01281,45.81435]]},"properties":{}},{"type":"Feature","geometry":{"type":"LineString","coordinates":[[12.01542,45.81449],[12.01553,45.81404]]},"properties":{}},{"type":"Feature","geometry":{"type":"LineString","coordinates":[[12.01264,45.81431],[12.01275,45.81431]]},"properties":{}},{"type":"Feature","geometry":{"type":"LineString","coordinates":[[12.01591,45.81417],[12.01556,45.81435],[12.01542,45.81449]]},"properties":{}},{"type":"Feature","geometry":{"type":"LineString","coordinates":[[12.01275,45.81431],[12.01281,45.81435]]},"properties":{}},{"type":"Feature","geometry":{"type":"LineString","coordinates":[[12.01264,45.81445],[12.01258,45.81439],[12.01264,45.81431]]},"properties":{}},{"type":"Feature","geometry":{"type":"LineString","coordinates":[[12.03892,45.81279],[12.03879,45.81278],[12.03806,45.81285],[12.03499,45.81317],[12.03284,45.8131],[12.03269,45.81362],[12.03245,45.814],[12.03217,45.81412],[12.03176,45.81417],[12.03158,45.81424],[12.03098,45.81505],[12.03084,45.81513],[12.03031,45.81527],[12.03019,45.81536],[12.02734,45.81834]]},"properties":{}},{"type":"Feature","geometry":{"type":"LineString","coordinates":[[12.03661,45.82227],[12.03659,45.82196],[12.03644,45.821],[12.03618,45.82005],[12.03616,45.81972],[12.03622,45.81943],[12.03639,45.81897],[12.03729,45.81701],[12.03851,45.81471],[12.03868,45.81407],[12.03892,45.81279]]},"properties":{}},{"type":"Feature","geometry":{"type":"LineString","coordinates":[[12.03573,45.82505],[12.03608,45.82434],[12.03659,45.82314],[12.03667,45.82282],[12.03661,45.82227]]},"properties":{}},{"type":"Feature","geometry":{"type":"LineString","coordinates":[[12.03788,45.82522],[12.03788,45.82521]]},"properties":{}},{"type":"Feature","geometry":{"type":"LineString","coordinates":[[12.05481,45.82531],[12.05481,45.8253]]},"properties":{}},{"type":"Feature","geometry":{"type":"LineString","coordinates":[[12.05124,45.82547],[12.05542,45.82528],[12.05555,45.82523]]},"properties":{}},{"type":"Feature","geometry":{"type":"LineString","coordinates":[[12.05564,45.82523],[12.05577,45.82531],[12.05627,45.82543],[12.05626,45.82547]]},"properties":{}},{"type":"Feature","geometry":{"type":"LineString","coordinates":[[12.03617,45.82507],[12.03618,45.82503],[12.03622,45.82502],[12.04247,45.82572],[12.04449,45.82577]]},"properties":{}},{"type":"Feature","geometry":{"type":"LineString","coordinates":[[12.05244,45.82542],[12.05244,45.82541]]},"properties":{}},{"type":"Feature","geometry":{"type":"LineString","coordinates":[[12.05108,45.82547],[12.05124,45.82547]]},"properties":{}},{"type":"Feature","geometry":{"type":"LineString","coordinates":[[12.01281,45.81435],[12.0128,45.81442]]},"properties":{}},{"type":"Feature","geometry":{"type":"LineString","coordinates":[[12.0128,45.81442],[12.01271,45.81446],[12.01264,45.81445]]},"properties":{}},{"type":"Feature","geometry":{"type":"LineString","coordinates":[[12.0128,45.81442],[12.01278,45.81461]]},"properties":{}},{"type":"Feature","geometry":{"type":"LineString","coordinates":[[12.0113,45.81177],[12.01171,45.81212],[12.01226,45.81268],[12.0127,45.81341],[12.01264,45.81357],[12.01263,45.8137],[12.01274,45.8139],[12.01272,45.81404],[12.01268,45.81418],[12.01263,45.81424],[12.01246,45.8143],[12.01223,45.81429],[12.0122,45.81433],[12.0122,45.8144],[12.01257,45.81448],[12.01265,45.81454],[12.0127,45.81465],[12.01157,45.82309]]},"properties":{}},{"type":"Feature","geometry":{"type":"LineString","coordinates":[[12.01638,45.82232],[12.01643,45.82235],[12.01643,45.82239],[12.01745,45.82277]]},"properties":{}},{"type":"Feature","geometry":{"type":"LineString","coordinates":[[12.01745,45.82277],[12.01794,45.82292]]},"properties":{}},{"type":"Feature","geometry":{"type":"LineString","coordinates":[[12.01157,45.82309],[12.01149,45.82346],[12.01069,45.82596],[12.01074,45.82602]]},"properties":{}},{"type":"Feature","geometry":{"type":"LineString","coordinates":[[12.01,45.82998],[12.01121,45.82872],[12.01262,45.82776],[12.0127,45.82766],[12.01278,45.82732],[12.01285,45.82729]]},"properties":{}},{"type":"Feature","geometry":{"type":"LineString","coordinates":[[12.01107,45.82886],[12.01097,45.82884]]},"properties":{}},{"type":"Feature","geometry":{"type":"LineString","coordinates":[[12.01204,45.83099],[12.01286,45.83134],[12.01285,45.83142],[12.01263,45.83175],[12.01252,45.83176],[12.01238,45.83173],[12.01235,45.83176]]},"properties":{}},{"type":"Feature","geometry":{"type":"LineString","coordinates":[[12.05094,45.82548],[12.05094,45.82549]]},"properties":{}},{"type":"Feature","geometry":{"type":"LineString","coordinates":[[12.04882,45.82558],[12.05108,45.82547]]},"properties":{}},{"type":"Feature","geometry":{"type":"LineString","coordinates":[[12.04868,45.82559],[12.04882,45.82558]]},"properties":{}},{"type":"Feature","geometry":{"type":"LineString","coordinates":[[12.04642,45.82569],[12.04868,45.82559]]},"properties":{}},{"type":"Feature","geometry":{"type":"LineString","coordinates":[[12.04626,45.8257],[12.04642,45.82569]]},"properties":{}},{"type":"Feature","geometry":{"type":"LineString","coordinates":[[12.04468,45.82577],[12.04626,45.8257]]},"properties":{}},{"type":"Feature","geometry":{"type":"LineString","coordinates":[[12.04569,45.82574],[12.04569,45.82573]]},"properties":{}},{"type":"Feature","geometry":{"type":"LineString","coordinates":[[12.04449,45.82577],[12.04468,45.82577]]},"properties":{}},{"type":"Feature","geometry":{"type":"LineString","coordinates":[[12.05663,45.82561],[12.05661,45.82565],[12.05664,45.82567],[12.05818,45.82573],[12.05939,45.82586],[12.05992,45.82597],[12.05995,45.82595]]},"properties":{}},{"type":"Feature","geometry":{"type":"LineString","coordinates":[[12.06098,45.82608],[12.06135,45.82613],[12.06166,45.8261],[12.06319,45.8262],[12.0632,45.82615]]},"properties":{}},{"type":"Feature","geometry":{"type":"LineString","coordinates":[[12.01298,45.83815],[12.01359,45.83897]]},"properties":{}},{"type":"Feature","geometry":{"type":"LineString","coordinates":[[12.01586,45.84209],[12.01619,45.84236]]},"properties":{}},{"type":"Feature","geometry":{"type":"LineString","coordinates":[[12.01587,45.84242],[12.01586,45.84209]]},"properties":{}},{"type":"Feature","geometry":{"type":"LineString","coordinates":[[12.03573,45.82505],[12.03498,45.82654],[12.03448,45.82823],[12.03411,45.82935],[12.03282,45.8316],[12.03261,45.83207],[12.03236,45.83272],[12.03196,45.83391]]},"properties":{}},{"type":"Feature","geometry":{"type":"LineString","coordinates":[[12.03196,45.83391],[12.03193,45.834]]},"properties":{}},{"type":"Feature","geometry":{"type":"LineString","coordinates":[[12.03193,45.834],[12.0317,45.83467],[12.03124,45.83541],[12.02897,45.83796],[12.02833,45.83849]]},"properties":{}},{"type":"Feature","geometry":{"type":"LineString","coordinates":[[12.02833,45.83849],[12.0272,45.83942],[12.02703,45.8396],[12.02691,45.8398],[12.02688,45.83994]]},"properties":{}},{"type":"Feature","geometry":{"type":"LineString","coordinates":[[12.02678,45.84039],[12.02676,45.84062],[12.02692,45.84231],[12.02722,45.84301],[12.02809,45.84476],[12.02819,45.84513],[12.02832,45.84609],[12.02832,45.84635],[12.02824,45.84663],[12.028,45.84706],[12.02621,45.85],[12.02612,45.85025]]},"properties":{}},{"type":"Feature","geometry":{"type":"LineString","coordinates":[[12.02612,45.85025],[12.02519,45.85366]]},"properties":{}},{"type":"Feature","geometry":{"type":"LineString","coordinates":[[12.02443,45.85367],[12.02482,45.85382]]},"properties":{}},{"type":"Feature","geometry":{"type":"LineString","coordinates":[[12.02519,45.85366],[12.0251,45.85394]]},"properties":{}},{"type":"Feature","geometry":{"type":"LineString","coordinates":[[12.02466,45.85399],[12.02443,45.85367]]},"properties":{}},{"type":"Feature","geometry":{"type":"LineString","coordinates":[[12.02508,45.85404],[12.02503,45.85435],[12.02495,45.85454]]},"properties":{}},{"type":"Feature","geometry":{"type":"LineString","coordinates":[[12.01649,45.84266],[12.01667,45.84316]]},"properties":{}},{"type":"Feature","geometry":{"type":"LineString","coordinates":[[12.01667,45.84316],[12.0164,45.84297],[12.01614,45.84288]]},"properties":{}},{"type":"Feature","geometry":{"type":"LineString","coordinates":[[12.00149,45.851],[12.00163,45.85096],[12.00313,45.84946],[12.00316,45.84945]]},"properties":{}},{"type":"Feature","geometry":{"type":"LineString","coordinates":[[12.00158,45.85108],[12.00313,45.84948]]},"properties":{}},{"type":"Feature","geometry":{"type":"LineString","coordinates":[[12.0,45.8505],[12.00072,45.85075],[12.00143,45.85106]]},"properties":{}},{"type":"Feature","geometry":{"type":"LineString","coordinates":[[12.00144,45.85118],[12.00146,45.85112],[12.00144,45.85105]]},"properties":{}},{"type":"Feature","geometry":{"type":"LineString","coordinates":[[12.00114,45.85152],[12.00158,45.85108]]},"properties":{}},{"type":"Feature","geometry":{"type":"LineString","coordinates":[[12.00126,45.85148],[12.00152,45.85122],[12.0015,45.85121]]},"properties":{}},{"type":"Feature","geometry":{"type":"LineString","coordinates":[[12.00113,45.85162],[12.00126,45.85148]]},"properties":{}},{"type":"Feature","geometry":{"type":"LineString","coordinates":[[12.0,45.85276],[12.00113,45.85162]]},"properties":{}},{"type":"Feature","geometry":{"type":"LineString","coordinates":[[12.0,45.85267],[12.00114,45.85152]]},"properties":{}},{"type":"Feature","geometry":{"type":"LineString","coordinates":[[12.02495,45.85454],[12.02492,45.85433],[12.02473,45.85408]]},"properties":{}},{"type":"Feature","geometry":{"type":"LineString","coordinates":[[12.02473,45.85536],[12.02495,45.85454]]},"properties":{}},{"type":"Feature","geometry":{"type":"LineString","coordinates":[[12.02473,45.85536],[12.02476,45.85546]]},"properties":{}},{"type":"Feature","geometry":{"type":"LineString","coordinates":[[12.0247,45.85566],[12.02454,45.85564]]},"properties":{}},{"type":"Feature","geometry":{"type":"LineString","coordinates":[[12.0247,45.85566],[12.0246,45.85585]]},"properties":{}},{"type":"Feature","geometry":{"type":"LineString","coordinates":[[12.04854,45.85785],[12.0486,45.8578],[12.04887,45.8578],[12.04959,45.85784],[12.05218,45.85819]]},"properties":{}},{"type":"Feature","geometry":{"type":"LineString","coordinates":[[12.04485,45.85917],[12.04637,45.85838],[12.04699,45.85813],[12.04782,45.85793],[12.04869,45.85785]]},"properties":{}},{"type":"Feature","geometry":{"type":"LineString","coordinates":[[12.06223,45.85802],[12.06223,45.85806],[12.06623,45.85903],[12.06659,45.85919],[12.06679,45.8594],[12.06697,45.85953],[12.06699,45.85959]]},"properties":{}},{"type":"Feature","geometry":{"type":"LineString","coordinates":[[12.06826,45.85942],[12.06783,45.85943],[12.06748,45.85949]]},"properties":{}},{"type":"Feature","geometry":{"type":"LineString","coordinates":[[12.04213,45.86067],[12.04403,45.85961]]},"properties":{}},{"type":"Feature","geometry":{"type":"LineString","coordinates":[[12.02509,45.86054],[12.02597,45.86049],[12.02637,45.86051],[12.02675,45.86057],[12.02729,45.86075]]},"properties":{}},{"type":"Feature","geometry":{"type":"LineString","coordinates":[[12.047,45.86096],[12.04861,45.86008],[12.04911,45.85999],[12.04997,45.85995],[12.05015,45.86],[12.05032,45.8601],[12.05201,45.86133],[12.05299,45.86192]]},"properties":{}},{"type":"Feature","geometry":{"type":"LineString","coordinates":[[12.04105,45.8612],[12.04135,45.8611],[12.04213,45.86067]]},"properties":{}},{"type":"Feature","geometry":{"type":"LineString","coordinates":[[12.02739,45.86097],[12.02718,45.86102]]},"properties":{}},{"type":"Feature","geometry":{"type":"LineString","coordinates":[[12.05284,45.86182],[12.05281,45.86185],[12.05283,45.8619],[12.0525,45.86207],[12.05091,45.86353],[12.05055,45.86378],[12.05044,45.86377]]},"properties":{}},{"type":"Feature","geometry":{"type":"LineString","coordinates":[[12.05036,45.86383],[12.05035,45.86392],[12.04919,45.86471],[12.04857,45.86541],[12.04718,45.86657],[12.04721,45.86661]]},"properties":{}},{"type":"Feature","geometry":{"type":"LineString","coordinates":[[12.04238,45.86674],[12.03967,45.86438]]},"properties":{}},{"type":"Feature","geometry":{"type":"LineString","coordinates":[[12.04584,45.8669],[12.04582,45.867],[12.0457,45.86716],[12.04514,45.86773],[12.04444,45.86853]]},"properties":{}},{"type":"Feature","geometry":{"type":"LineString","coordinates":[[12.04759,45.87166],[12.04534,45.8694],[12.04444,45.86853]]},"properties":{}},{"type":"Feature","geometry":{"type":"LineString","coordinates":[[12.04587,45.87613],[12.04754,45.87246]]},"properties":{}},{"type":"Feature","geometry":{"type":"LineString","coordinates":[[12.00517,45.87271],[12.0043,45.87352]]},"properties":{}},{"type":"Feature","geometry":{"type":"LineString","coordinates":[[12.0,45.89772],[12.00016,45.89777]]},"properties":{}},{"type":"Feature","geometry":{"type":"LineString","coordinates":[[12.00092,45.90133],[12.00081,45.90007],[12.00088,45.89985],[12.00099,45.8997]]},"properties":{}},{"type":"Feature","geometry":{"type":"LineString","coordinates":[[12.17192,45.88422],[12.17205,45.88399]]},"properties":{}},{"type":"Feature","geometry":{"type":"LineString","coordinates":[[12.17177,45.88445],[12.17192,45.88422]]},"properties":{}},{"type":"Feature","geometry":{"type":"LineString","coordinates":[[12.17162,45.88475],[12.17188,45.88452]]},"properties":{}},{"type":"Feature","geometry":{"type":"LineString","coordinates":[[12.17173,45.88482],[12.17168,45.8848]]},"properties":{}},{"type":"Feature","geometry":{"type":"LineString","coordinates":[[12.17162,45.88477],[12.17111,45.88489]]},"properties":{}},{"type":"Feature","geometry":{"type":"LineString","coordinates":[[12.17109,45.88495],[12.17108,45.88497]]},"properties":{}},{"type":"Feature","geometry":{"type":"LineString","coordinates":[[12.17194,45.88521],[12.17186,45.88503],[12.17183,45.88484],[12.1718,45.88484]]},"properties":{}},{"type":"Feature","geometry":{"type":"LineString","coordinates":[[12.17103,45.885],[12.171,45.88501],[12.1711,45.88516],[12.17114,45.88537],[12.17117,45.88537]]},"properties":{}},{"type":"Feature","geometry":{"type":"LineString","coordinates":[[12.17184,45.88527],[12.17186,45.88525]]},"properties":{}},{"type":"Feature","geometry":{"type":"LineString","coordinates":[[12.17135,45.88543],[12.17161,45.88535],[12.17182,45.88533]]},"properties":{}},{"type":"Feature","geometry":{"type":"LineString","coordinates":[[12.17125,45.88538],[12.17129,45.88539]]},"properties":{}},{"type":"Feature","geometry":{"type":"LineString","coordinates":[[12.18242,45.88303],[12.18192,45.885],[12.18137,45.88734],[12.18134,45.88756],[12.18152,45.88906]]},"properties":{}},{"type":"Feature","geometry":{"type":"LineString","coordinates":[[12.17182,45.88534],[12.17236,45.88546],[12.1731,45.8853],[12.17337,45.88532],[12.17361,45.88541],[12.17622,45.88727],[12.17676,45.88763],[12.17717,45.88785],[12.17801,45.88819],[12.17862,45.8884],[12.17969,45.88868],[12.17983,45.88875]]},"properties":{}},{"type":"Feature","geometry":{"type":"LineString","coordinates":[[12.17532,45.88662],[12.17527,45.88668],[12.17489,45.88745],[12.1748,45.88785],[12.17429,45.88872],[12.1743,45.88878],[12.17461,45.88889],[12.17462,45.88892],[12.17406,45.88981],[12.17364,45.89058],[12.17344,45.89085]]},"properties":{}},{"type":"Feature","geometry":{"type":"LineString","coordinates":[[12.17983,45.88881],[12.18047,45.88919],[12.18053,45.8892],[12.18056,45.88918],[12.18049,45.88909],[12.18037,45.88898],[12.18019,45.88888],[12.18019,45.88885],[12.18043,45.8889]]},"properties":{}},{"type":"Feature","geometry":{"type":"LineString","coordinates":[[12.18043,45.8889],[12.18143,45.88921]]},"properties":{}},{"type":"Feature","geometry":{"type":"LineString","coordinates":[[12.18152,45.88906],[12.18156,45.88928]]},"properties":{}},{"type":"Feature","geometry":{"type":"LineString","coordinates":[[12.18143,45.88921],[12.18229,45.88946],[12.18233,45.8895],[12.1823,45.88953],[12.18157,45.88938]]},"properties":{}},{"type":"Feature","geometry":{"type":"LineString","coordinates":[[12.18156,45.88928],[12.18176,45.8911]]},"properties":{}},{"type":"Feature","geometry":{"type":"LineString","coordinates":[[12.17339,45.89091],[12.17335,45.89096]]},"properties":{}},{"type":"Feature","geometry":{"type":"LineString","coordinates":[[12.17016,45.88354],[12.16997,45.88362]]},"properties":{}},{"type":"Feature","geometry":{"type":"LineString","coordinates":[[12.16305,45.88054],[12.1631,45.88087],[12.16478,45.88484],[12.16513,45.88571],[12.16542,45.88654],[12.16541,45.88673],[12.16477,45.88795]]},"properties":{}},{"type":"Feature","geometry":{"type":"LineString","coordinates":[[12.1716,45.88476],[12.17162,45.88474],[12.17157,45.88471],[12.17058,45.88447],[12.17044,45.88451]]},"properties":{}},{"type":"Feature","geometry":{"type":"LineString","coordinates":[[12.17114,45.88537],[12.17111,45.88554],[12.17035,45.88701],[12.17044,45.88703]]},"properties":{}},{"type":"Feature","geometry":{"type":"LineString","coordinates":[[12.16961,45.88868],[12.16967,45.8887],[12.17102,45.88603],[12.17125,45.88558],[12.17137,45.88544]]},"properties":{}},{"type":"Feature","geometry":{"type":"LineString","coordinates":[[12.1636,45.89174],[12.16363,45.8917],[12.16329,45.89151],[12.16326,45.89139],[12.16376,45.89057],[12.16416,45.89005],[12.16437,45.88961],[12.16451,45.88958],[12.16453,45.88953]]},"properties":{}},{"type":"Feature","geometry":{"type":"LineString","coordinates":[[12.16764,45.89328],[12.16779,45.8933],[12.1679,45.89338],[12.1679,45.89395]]},"properties":{}},{"type":"Feature","geometry":{"type":"LineString","coordinates":[[12.16174,45.89324],[12.16297,45.8943],[12.16348,45.89466],[12.1641,45.89502],[12.16416,45.89513]]},"properties":{}},{"type":"Feature","geometry":{"type":"LineString","coordinates":[[12.16788,45.89446],[12.16781,45.89491],[12.16766,45.89532]]},"properties":{}},{"type":"Feature","geometry":{"type":"LineString","coordinates":[[12.16352,45.89477],[12.16359,45.89488],[12.16584,45.89611]]},"properties":{}},{"type":"Feature","geometry":{"type":"LineString","coordinates":[[12.17232,45.89175],[12.17246,45.89169],[12.17309,45.89093],[12.17318,45.8909],[12.17335,45.89096]]},"properties":{}},{"type":"Feature","geometry":{"type":"LineString","coordinates":[[12.17329,45.89297],[12.17441,45.89146],[12.17437,45.8914],[12.17335,45.89096]]},"properties":{}},{"type":"Feature","geometry":{"type":"LineString","coordinates":[[12.17324,45.89296],[12.17334,45.89302],[12.1733,45.89308],[12.17317,45.89306],[12.17317,45.89299],[12.17324,45.89296]]},"properties":{}},{"type":"Feature","geometry":{"type":"LineString","coordinates":[[12.17494,45.89362],[12.1743,45.89339],[12.17428,45.89342],[12.17333,45.89304]]},"properties":{}},{"type":"Feature","geometry":{"type":"LineString","coordinates":[[12.18176,45.8911],[12.18168,45.89151],[12.17977,45.89585]]},"properties":{}},{"type":"Feature","geometry":{"type":"LineString","coordinates":[[12.17177,45.89487],[12.17209,45.89467],[12.17233,45.89438],[12.17243,45.89442],[12.17314,45.89333],[12.17324,45.89309]]},"properties":{}},{"type":"Feature","geometry":{"type":"LineString","coordinates":[[12.17048,45.89425],[12.17113,45.89454],[12.17177,45.89487],[12.17095,45.89562]]},"properties":{}},{"type":"Feature","geometry":{"type":"LineString","coordinates":[[12.17977,45.89585],[12.17948,45.89648],[12.17935,45.89667]]},"properties":{}},{"type":"Feature","geometry":{"type":"LineString","coordinates":[[12.18206,45.89631],[12.18198,45.89634],[12.18195,45.89661],[12.18187,45.89683],[12.18162,45.89721],[12.18082,45.89714],[12.18073,45.89719],[12.18067,45.89736]]},"properties":{}},{"type":"Feature","geometry":{"type":"LineString","coordinates":[[12.18054,45.89646],[12.18043,45.89679],[12.18055,45.89681],[12.1804,45.8973]]},"properties":{}},{"type":"Feature","geometry":{"type":"LineString","coordinates":[[12.16651,45.8968],[12.16652,45.89682],[12.16606,45.89725]]},"properties":{}},{"type":"Feature","geometry":{"type":"LineString","coordinates":[[12.16606,45.89725],[12.16601,45.8973]]},"properties":{}},{"type":"Feature","geometry":{"type":"LineString","coordinates":[[12.16601,45.8973],[12.16563,45.89767]]},"properties":{}},{"type":"Feature","geometry":{"type":"LineString","coordinates":[[12.16563,45.89767],[12.16551,45.89777]]},"properties":{}},{"type":"Feature","geometry":{"type":"LineString","coordinates":[[12.16612,45.89849],[12.16717,45.89752],[12.16705,45.89745],[12.16756,45.89704]]},"properties":{}},{"type":"Feature","geometry":{"type":"LineString","coordinates":[[12.16551,45.89777],[12.16532,45.89795]]},"properties":{}},{"type":"Feature","geometry":{"type":"LineString","coordinates":[[12.16532,45.89795],[12.16516,45.8981]]},"properties":{}},{"type":"Feature","geometry":{"type":"LineString","coordinates":[[12.16516,45.8981],[12.1647,45.89854],[12.16469,45.89857],[12.16479,45.89863]]},"properties":{}},{"type":"Feature","geometry":{"type":"LineString","coordinates":[[12.16919,45.90293],[12.16827,45.90398],[12.16825,45.90404]]},"properties":{}},{"type":"Feature","geometry":{"type":"LineString","coordinates":[[12.16317,45.90384],[12.16318,45.90413]]},"properties":{}},{"type":"Feature","geometry":{"type":"LineString","coordinates":[[12.18041,45.89729],[12.18057,45.89738],[12.1806,45.89743],[12.18058,45.89753]]},"properties":{}},{"type":"Feature","geometry":{"type":"LineString","coordinates":[[12.18062,45.89746],[12.1806,45.89743],[12.18063,45.89737],[12.18071,45.89736],[12.18077,45.8974],[12.18071,45.89748],[12.18062,45.89746]]},"properties":{}},{"type":"Feature","geometry":{"type":"LineString","coordinates":[[12.17603,45.89931],[12.17685,45.89814],[12.17716,45.89776],[12.17745,45.89759],[12.17839,45.8973],[12.17935,45.89667]]},"properties":{}},{"type":"Feature","geometry":{"type":"LineString","coordinates":[[12.19094,45.90213],[12.19077,45.902],[12.19071,45.90199],[12.18763,45.90236],[12.18684,45.90235],[12.18622,45.90226]]},"properties":{}},{"type":"Feature","geometry":{"type":"LineString","coordinates":[[12.17789,45.90249],[12.17781,45.90251]]},"properties":{}},{"type":"Feature","geometry":{"type":"LineString","coordinates":[[12.17796,45.90213],[12.17788,45.90262],[12.17785,45.9032]]},"properties":{}},{"type":"Feature","geometry":{"type":"LineString","coordinates":[[12.17785,45.9032],[12.17785,45.9033]]},"properties":{}},{"type":"Feature","geometry":{"type":"LineString","coordinates":[[12.17785,45.9033],[12.17786,45.90365]]},"properties":{}},{"type":"Feature","geometry":{"type":"LineString","coordinates":[[12.17612,45.90547],[12.17605,45.90489],[12.17613,45.90478],[12.17607,45.90434],[12.17584,45.90431],[12.17588,45.90394]]},"properties":{}},{"type":"Feature","geometry":{"type":"LineString","coordinates":[[12.17265,45.90456],[12.17375,45.90489]]},"properties":{}},{"type":"Feature","geometry":{"type":"LineString","coordinates":[[12.16883,45.90446],[12.16814,45.90416],[12.16825,45.90404]]},"properties":{}},{"type":"Feature","geometry":{"type":"LineString","coordinates":[[12.146,45.90962],[12.14659,45.90973],[12.14707,45.90977],[12.14738,45.90974],[12.14755,45.90965],[12.14765,45.90938],[12.14753,45.90886],[12.14754,45.90863],[12.14759,45.90836],[12.1477,45.90809],[12.15137,45.90312],[12.15139,45.90298],[12.15131,45.90286],[12.1514,45.90274]]},"properties":{}},{"type":"Feature","geometry":{"type":"LineString","coordinates":[[12.1478,45.90927],[12.14785,45.90924]]},"properties":{}},{"type":"Feature","geometry":{"type":"LineString","coordinates":[[12.14775,45.90929],[12.1478,45.90927]]},"properties":{}},{"type":"Feature","geometry":{"type":"LineString","coordinates":[[12.14768,45.9093],[12.14775,45.90929]]},"properties":{}},{"type":"Feature","geometry":{"type":"LineString","coordinates":[[12.14764,45.9093],[12.14768,45.9093]]},"properties":{}},{"type":"Feature","geometry":{"type":"LineString","coordinates":[[12.14785,45.90924],[12.14816,45.90935],[12.14824,45.90941],[12.14834,45.90954],[12.14849,45.90958],[12.15023,45.9093],[12.15088,45.90932],[12.15149,45.90944]]},"properties":{}},{"type":"Feature","geometry":{"type":"LineString","coordinates":[[12.15137,45.90951],[12.15076,45.90941],[12.15027,45.9094],[12.14993,45.90944],[12.14757,45.90985],[12.14696,45.90987],[12.14619,45.90977]]},"properties":{}},{"type":"Feature","geometry":{"type":"LineString","coordinates":[[12.15166,45.90949],[12.15595,45.91065]]},"properties":{}},{"type":"Feature","geometry":{"type":"LineString","coordinates":[[12.15613,45.91077],[12.15622,45.91076],[12.15626,45.91081],[12.15622,45.91085],[12.15615,45.91085],[12.15611,45.91081],[12.15613,45.91077]]},"properties":{}},{"type":"Feature","geometry":{"type":"LineString","coordinates":[[12.15625,45.91082],[12.15615,45.91133]]},"properties":{}},{"type":"Feature","geometry":{"type":"LineString","coordinates":[[12.15207,45.91171],[12.15242,45.91054]]},"properties":{}},{"type":"Feature","geometry":{"type":"LineString","coordinates":[[12.15449,45.9128],[12.15436,45.9127],[12.15431,45.91263],[12.15436,45.91246],[12.15451,45.91219],[12.15466,45.912],[12.15486,45.91184],[12.15513,45.91165],[12.15567,45.91137],[12.15611,45.91103],[12.15614,45.91096],[12.15613,45.91084]]},"properties":{}},{"type":"Feature","geometry":{"type":"LineString","coordinates":[[12.15615,45.91133],[12.15581,45.91202],[12.15572,45.91251]]},"properties":{}},{"type":"Feature","geometry":{"type":"LineString","coordinates":[[12.15144,45.91316],[12.15159,45.91308],[12.15167,45.91297],[12.15201,45.91193]]},"properties":{}},{"type":"Feature","geometry":{"type":"LineString","coordinates":[[12.15449,45.9128],[12.15415,45.91281]]},"properties":{}},{"type":"Feature","geometry":{"type":"LineString","coordinates":[[12.15572,45.91251],[12.15573,45.91286],[12.15592,45.91315],[12.15591,45.91329]]},"properties":{}},{"type":"Feature","geometry":{"type":"LineString","coordinates":[[12.15615,45.91338],[12.15591,45.91329],[12.15525,45.91318],[12.15449,45.9128]]},"properties":{}},{"type":"Feature","geometry":{"type":"LineString","coordinates":[[12.15301,45.91302],[12.15254,45.91411],[12.15264,45.91429],[12.15269,45.9145],[12.15276,45.91459],[12.15328,45.91477],[12.15422,45.91493],[12.15428,45.91518],[12.15407,45.91557],[12.15391,45.91571],[12.15317,45.91559],[12.153,45.91561],[12.1528,45.91573],[12.1527,45.91593],[12.15234,45.91619],[12.15153,45.91618],[12.15104,45.91611],[12.15017,45.91611],[12.14967,45.91615],[12.1468,45.91587],[12.14516,45.91555],[12.14514,45.91559],[12.14525,45.91601],[12.14538,45.91617],[12.14553,45.91624],[12.14577,45.91627],[12.14597,45.91634],[12.14632,45.91655],[12.14678,45.91661],[12.14703,45.91671],[12.1471,45.91678],[12.14705,45.91684],[12.14689,45.91689]]},"properties":{}},{"type":"Feature","geometry":{"type":"LineString","coordinates":[[12.17247,45.91471],[12.1715,45.91513],[12.17086,45.91512],[12.17003,45.91529],[12.16891,45.91524]]},"properties":{}},{"type":"Feature","geometry":{"type":"LineString","coordinates":[[12.07774,45.89173],[12.07715,45.89161],[12.07677,45.89158],[12.07509,45.89156]]},"properties":{}},{"type":"Feature","geometry":{"type":"LineString","coordinates":[[12.08052,45.89256],[12.07967,45.89251],[12.07917,45.8924],[12.07814,45.89187],[12.07774,45.89173]]},"properties":{}},{"type":"Feature","geometry":{"type":"LineString","coordinates":[[12.08159,45.89266],[12.0812,45.8926],[12.08052,45.89256]]},"properties":{}},{"type":"Feature","geometry":{"type":"LineString","coordinates":[[12.08177,45.89271],[12.08159,45.89266]]},"properties":{}},{"type":"Feature","geometry":{"type":"LineString","coordinates":[[12.08385,45.89351],[12.08313,45.89317],[12.08177,45.89271]]},"properties":{}},{"type":"Feature","geometry":{"type":"LineString","coordinates":[[12.08408,45.89361],[12.08385,45.89351]]},"properties":{}},{"type":"Feature","geometry":{"type":"LineString","coordinates":[[12.08568,45.89428],[12.08523,45.89415],[12.08408,45.89361]]},"properties":{}},{"type":"Feature","geometry":{"type":"LineString","coordinates":[[12.11222,45.90093],[12.10965,45.90043],[12.10888,45.90024],[12.10589,45.89932]]},"properties":{}},{"type":"Feature","geometry":{"type":"LineString","coordinates":[[12.11445,45.90221],[12.1135,45.90175],[12.11268,45.90111],[12.11253,45.90103],[12.11222,45.90093]]},"properties":{}},{"type":"Feature","geometry":{"type":"LineString","coordinates":[[12.09197,45.94005],[12.09185,45.94011],[12.09173,45.94009],[12.09056,45.9394]]},"properties":{}},{"type":"Feature","geometry":{"type":"LineString","coordinates":[[12.16588,45.91573],[12.16612,45.91554],[12.16632,45.91546]]},"properties":{}},{"type":"Feature","geometry":{"type":"LineString","coordinates":[[12.16633,45.91549],[12.16602,45.91565],[12.16591,45.91574]]},"properties":{}},{"type":"Feature","geometry":{"type":"LineString","coordinates":[[12.15389,45.926],[12.15201,45.92818]]},"properties":{}},{"type":"Feature","geometry":{"type":"LineString","coordinates":[[12.15201,45.92818],[12.15191,45.9283]]},"properties":{}},{"type":"Feature","geometry":{"type":"LineString","coordinates":[[12.15191,45.9283],[12.15145,45.92882],[12.15123,45.92899],[12.15106,45.9291],[12.1507,45.92924],[12.15032,45.92933],[12.14444,45.93033]]},"properties":{}},{"type":"Feature","geometry":{"type":"LineString","coordinates":[[12.13524,45.93775],[12.13377,45.9388]]},"properties":{}},{"type":"Feature","geometry":{"type":"LineString","coordinates":[[12.13377,45.9388],[12.13178,45.94021]]},"properties":{}},{"type":"Feature","geometry":{"type":"LineString","coordinates":[[12.14557,45.94095],[12.14604,45.93874],[12.14611,45.93815]]},"properties":{}},{"type":"Feature","geometry":{"type":"LineString","coordinates":[[12.12656,45.95335],[12.1265,45.95252],[12.12645,45.95235],[12.12604,45.95203],[12.12581,45.95179]]},"properties":{}},{"type":"Feature","geometry":{"type":"LineString","coordinates":[[12.12932,45.95502],[12.12948,45.95516],[12.12971,45.95528],[12.13134,45.95586],[12.13158,45.95601],[12.13229,45.95633],[12.13299,45.95695],[12.13345,45.95719],[12.13409,45.95743],[12.13545,45.9577],[12.13577,45.95779],[12.13603,45.95795],[12.1365,45.95808],[12.13814,45.95868],[12.13923,45.9593]]},"properties":{}},{"type":"Feature","geometry":{"type":"LineString","coordinates":[[12.24617,45.87071],[12.24622,45.87081]]},"properties":{}},{"type":"Feature","geometry":{"type":"LineString","coordinates":[[12.24061,45.87417],[12.2405,45.87423]]},"properties":{}},{"type":"Feature","geometry":{"type":"LineString","coordinates":[[12.2405,45.87423],[12.23984,45.87457],[12.23947,45.87469],[12.23942,45.87477]]},"properties":{}},{"type":"Feature","geometry":{"type":"LineString","coordinates":[[12.24028,45.87435],[12.2412,45.87441],[12.24144,45.87451],[12.24208,45.87484],[12.24224,45.87488],[12.24245,45.87486],[12.24313,45.87469],[12.24335,45.87468]]},"properties":{}},{"type":"Feature","geometry":{"type":"LineString","coordinates":[[12.23942,45.87477],[12.23942,45.87483]]},"properties":{}},{"type":"Feature","geometry":{"type":"LineString","coordinates":[[12.23942,45.87483],[12.23923,45.87493],[12.23888,45.87497],[12.23851,45.8751]]},"properties":{}},{"type":"Feature","geometry":{"type":"LineString","coordinates":[[12.23845,45.87504],[12.23843,45.87502]]},"properties":{}},{"type":"Feature","geometry":{"type":"LineString","coordinates":[[12.23487,45.87696],[12.23537,45.87655],[12.23583,45.87624],[12.2386,45.87495],[12.23908,45.87469],[12.23949,45.87454]]},"properties":{}},{"type":"Feature","geometry":{"type":"LineString","coordinates":[[12.23471,45.8771],[12.23487,45.87696]]},"properties":{}},{"type":"Feature","geometry":{"type":"LineString","coordinates":[[12.23353,45.87811],[12.23402,45.87769],[12.2343,45.8774],[12.23471,45.8771]]},"properties":{}},{"type":"Feature","geometry":{"type":"LineString","coordinates":[[12.23345,45.87818],[12.23353,45.87811]]},"properties":{}},{"type":"Feature","geometry":{"type":"LineString","coordinates":[[12.23252,45.87896],[12.23345,45.87818]]},"properties":{}},{"type":"Feature","geometry":{"type":"LineString","coordinates":[[12.23246,45.87902],[12.23252,45.87896]]},"properties":{}},{"type":"Feature","geometry":{"type":"LineString","coordinates":[[12.23212,45.8793],[12.23246,45.87902]]},"properties":{}},{"type":"Feature","geometry":{"type":"LineString","coordinates":[[12.23204,45.87936],[12.23212,45.8793]]},"properties":{}},{"type":"Feature","geometry":{"type":"LineString","coordinates":[[12.23166,45.87973],[12.23204,45.87936]]},"properties":{}},{"type":"Feature","geometry":{"type":"LineString","coordinates":[[12.24157,45.94237],[12.24082,45.94329]]},"properties":{}},{"type":"Feature","geometry":{"type":"LineString","coordinates":[[12.24075,45.94339],[12.24022,45.94426],[12.2398,45.94522],[12.23986,45.94523]]},"properties":{}},{"type":"Feature","geometry":{"type":"LineString","coordinates":[[12.2392,45.94662],[12.23914,45.94661],[12.23882,45.94702],[12.23767,45.94838],[12.23769,45.94839]]},"properties":{}},{"type":"Feature","geometry":{"type":"LineString","coordinates":[[12.23909,45.95092],[12.23922,45.9509]]},"properties":{}},{"type":"Feature","geometry":{"type":"LineString","coordinates":[[12.23887,45.951],[12.23909,45.95092]]},"properties":{}},{"type":"Feature","geometry":{"type":"LineString","coordinates":[[12.24257,45.87266],[12.24291,45.87248],[12.24377,45.87174],[12.24436,45.87139],[12.24479,45.87124],[12.24649,45.87073]]},"properties":{}},{"type":"Feature","geometry":{"type":"LineString","coordinates":[[12.24239,45.87274],[12.24225,45.87289],[12.24217,45.87302]]},"properties":{}},{"type":"Feature","geometry":{"type":"LineString","coordinates":[[12.24254,45.8726],[12.24257,45.87266],[12.24224,45.873],[12.24223,45.87308],[12.24229,45.87317]]},"properties":{}},{"type":"Feature","geometry":{"type":"LineString","coordinates":[[12.24367,45.87479],[12.24357,45.87471],[12.24335,45.87468]]},"properties":{}},{"type":"Feature","geometry":{"type":"LineString","coordinates":[[12.24427,45.8751],[12.24379,45.87489],[12.24367,45.87479]]},"properties":{}},{"type":"Feature","geometry":{"type":"LineString","coordinates":[[12.24547,45.9381],[12.24536,45.93808],[12.24468,45.93887]]},"properties":{}},{"type":"Feature","geometry":{"type":"LineString","coordinates":[[12.24442,45.93915],[12.24368,45.93997],[12.24375,45.94]]},"properties":{}},{"type":"Feature","geometry":{"type":"LineString","coordinates":[[12.24235,45.94125],[12.2424,45.94134],[12.24232,45.9415],[12.24162,45.94231]]},"properties":{}},{"type":"Feature","geometry":{"type":"LineString","coordinates":[[12.21427,45.83587],[12.21442,45.8359],[12.2147,45.83559],[12.21488,45.8355],[12.21537,45.83553]]},"properties":{}},{"type":"Feature","geometry":{"type":"LineString","coordinates":[[12.21092,45.98337],[12.21071,45.98377],[12.21073,45.98387],[12.21083,45.984]]},"properties":{}},{"type":"Feature","geometry":{"type":"LineString","coordinates":[[12.21054,45.98387],[12.20992,45.98357]]},"properties":{}},{"type":"Feature","geometry":{"type":"LineString","coordinates":[[12.23887,45.951],[12.23877,45.95103],[12.23867,45.95112]]},"properties":{}},{"type":"Feature","geometry":{"type":"LineString","coordinates":[[12.23516,45.95403],[12.23461,45.9541],[12.2339,45.95428],[12.23331,45.95453],[12.23239,45.95503],[12.23174,45.95557],[12.23149,45.95572],[12.23124,45.95595],[12.23123,45.95612],[12.23135,45.95646]]},"properties":{}},{"type":"Feature","geometry":{"type":"LineString","coordinates":[[12.23251,45.97087],[12.23263,45.97048],[12.23276,45.97028],[12.23274,45.97021],[12.23268,45.97018],[12.23194,45.97007],[12.23182,45.97006],[12.23178,45.97009]]},"properties":{}},{"type":"Feature","geometry":{"type":"LineString","coordinates":[[12.23258,45.97059],[12.23259,45.97059]]},"properties":{}},{"type":"Feature","geometry":{"type":"LineString","coordinates":[[12.23168,45.97266],[12.23196,45.97239],[12.23218,45.97204],[12.23228,45.97183],[12.2323,45.9714],[12.23249,45.97092]]},"properties":{}},{"type":"Feature","geometry":{"type":"LineString","coordinates":[[12.23129,45.97349],[12.23134,45.97316],[12.23159,45.97278]]},"properties":{}},{"type":"Feature","geometry":{"type":"LineString","coordinates":[[12.23052,45.9743],[12.23043,45.97434],[12.23034,45.97445],[12.23025,45.97461],[12.2302,45.97481],[12.23016,45.97512],[12.22993,45.97565],[12.22985,45.97613],[12.22972,45.97653]]},"properties":{}},{"type":"Feature","geometry":{"type":"LineString","coordinates":[[12.09054,45.93942],[12.09188,45.94024]]},"properties":{}},{"type":"Feature","geometry":{"type":"LineString","coordinates":[[12.09207,45.9401],[12.09201,45.94018],[12.09203,45.94028],[12.09337,45.94105],[12.09432,45.94176]]},"properties":{}},{"type":"Feature","geometry":{"type":"LineString","coordinates":[[12.09188,45.94024],[12.09301,45.94085],[12.09335,45.94106],[12.09467,45.94206],[12.09575,45.94276],[12.09737,45.94347],[12.09966,45.94441],[12.10055,45.9449]]},"properties":{}},{"type":"Feature","geometry":{"type":"LineString","coordinates":[[12.09432,45.94176],[12.09566,45.94267],[12.09742,45.94342]]},"properties":{}},{"type":"Feature","geometry":{"type":"LineString","coordinates":[[12.09742,45.94342],[12.09993,45.94445],[12.10061,45.94486]]},"properties":{}},{"type":"Feature","geometry":{"type":"LineString","coordinates":[[12.10061,45.94486],[12.10072,45.94494]]},"properties":{}},{"type":"Feature","geometry":{"type":"LineString","coordinates":[[12.10055,45.9449],[12.10068,45.94497]]},"properties":{}},{"type":"Feature","geometry":{"type":"LineString","coordinates":[[12.10068,45.94497],[12.10334,45.94659]]},"properties":{}},{"type":"Feature","geometry":{"type":"LineString","coordinates":[[12.10072,45.94494],[12.10357,45.9467]]},"properties":{}},{"type":"Feature","geometry":{"type":"LineString","coordinates":[[12.10334,45.94659],[12.10351,45.94669],[12.1036,45.94684]]},"properties":{}},{"type":"Feature","geometry":{"type":"LineString","coordinates":[[12.1036,45.94693],[12.1026,45.94664]]},"properties":{}},{"type":"Feature","geometry":{"type":"LineString","coordinates":[[12.12232,45.94827],[12.12335,45.94693],[12.12391,45.94626]]},"properties":{}},{"type":"Feature","geometry":{"type":"LineString","coordinates":[[12.1085,45.94996],[12.10658,45.94833],[12.10446,45.94724],[12.1036,45.94693]]},"properties":{}},{"type":"Feature","geometry":{"type":"LineString","coordinates":[[12.12201,45.94874],[12.12194,45.94872],[12.12232,45.94827]]},"properties":{}},{"type":"Feature","geometry":{"type":"LineString","coordinates":[[12.1228,45.94985],[12.12267,45.949],[12.12201,45.94874]]},"properties":{}},{"type":"Feature","geometry":{"type":"LineString","coordinates":[[12.12101,45.95001],[12.12179,45.94903]]},"properties":{}},{"type":"Feature","geometry":{"type":"LineString","coordinates":[[12.12285,45.94992],[12.1228,45.94985]]},"properties":{}},{"type":"Feature","geometry":{"type":"LineString","coordinates":[[12.1086,45.95005],[12.1085,45.94996]]},"properties":{}},{"type":"Feature","geometry":{"type":"LineString","coordinates":[[12.10865,45.95009],[12.1086,45.95005]]},"properties":{}},{"type":"Feature","geometry":{"type":"LineString","coordinates":[[12.12293,45.95037],[12.12285,45.94992]]},"properties":{}},{"type":"Feature","geometry":{"type":"LineString","coordinates":[[12.12299,45.95055],[12.12296,45.95056],[12.12295,45.95047]]},"properties":{}},{"type":"Feature","geometry":{"type":"LineString","coordinates":[[12.12311,45.95059],[12.12307,45.95055]]},"properties":{}},{"type":"Feature","geometry":{"type":"LineString","coordinates":[[12.12296,45.95056],[12.12301,45.95087]]},"properties":{}},{"type":"Feature","geometry":{"type":"LineString","coordinates":[[12.11175,45.95161],[12.11131,45.95151],[12.10962,45.95077],[12.10904,45.95044],[12.10865,45.95009]]},"properties":{}},{"type":"Feature","geometry":{"type":"LineString","coordinates":[[12.12302,45.95097],[12.12322,45.95221],[12.12319,45.95229],[12.12324,45.95264]]},"properties":{}},{"type":"Feature","geometry":{"type":"LineString","coordinates":[[12.12318,45.95184],[12.12316,45.95184]]},"properties":{}},{"type":"Feature","geometry":{"type":"LineString","coordinates":[[12.11612,45.95215],[12.11574,45.95199],[12.11488,45.95182],[12.11175,45.95161]]},"properties":{}},{"type":"Feature","geometry":{"type":"LineString","coordinates":[[12.12327,45.95276],[12.12332,45.95324]]},"properties":{}},{"type":"Feature","geometry":{"type":"LineString","coordinates":[[12.12335,45.95316],[12.12332,45.95316]]},"properties":{}},{"type":"Feature","geometry":{"type":"LineString","coordinates":[[12.12588,45.95961],[12.12475,45.95918],[12.12417,45.95882],[12.12368,45.95839],[12.12344,45.95812]]},"properties":{}},{"type":"Feature","geometry":{"type":"LineString","coordinates":[[12.12599,45.9599],[12.12585,45.95973],[12.12588,45.95961]]},"properties":{}},{"type":"Feature","geometry":{"type":"LineString","coordinates":[[12.13531,45.96043],[12.13527,45.96045],[12.13526,45.96052],[12.13513,45.96052],[12.13515,45.95996]]},"properties":{}},{"type":"Feature","geometry":{"type":"LineString","coordinates":[[12.13296,45.96386],[12.13281,45.96381],[12.13217,45.96336],[12.13097,45.96246],[12.13063,45.96216],[12.13058,45.96215]]},"properties":{}},{"type":"Feature","geometry":{"type":"LineString","coordinates":[[12.12761,45.96654],[12.12763,45.96613],[12.1276,45.96592],[12.12599,45.9599]]},"properties":{}},{"type":"Feature","geometry":{"type":"LineString","coordinates":[[12.13761,45.96556],[12.13764,45.96555]]},"properties":{}},{"type":"Feature","geometry":{"type":"LineString","coordinates":[[12.13758,45.96541],[12.13766,45.96558],[12.13774,45.96565],[12.13786,45.96569],[12.13824,45.96575]]},"properties":{}},{"type":"Feature","geometry":{"type":"LineString","coordinates":[[12.13492,45.96562],[12.13513,45.96555]]},"properties":{}},{"type":"Feature","geometry":{"type":"LineString","coordinates":[[12.13545,45.96565],[12.13513,45.96555]]},"properties":{}},{"type":"Feature","geometry":{"type":"LineString","coordinates":[[12.13513,45.96555],[12.13511,45.96562],[12.13503,45.96566]]},"properties":{}},{"type":"Feature","geometry":{"type":"LineString","coordinates":[[12.13545,45.96565],[12.13503,45.96566]]},"properties":{}},{"type":"Feature","geometry":{"type":"LineString","coordinates":[[12.13688,45.96578],[12.13725,45.96573],[12.13734,45.96567],[12.1374,45.96557],[12.13743,45.96557]]},"properties":{}},{"type":"Feature","geometry":{"type":"LineString","coordinates":[[12.13791,45.9657],[12.13791,45.96572]]},"properties":{}},{"type":"Feature","geometry":{"type":"LineString","coordinates":[[12.13454,45.96581],[12.13492,45.96562]]},"properties":{}},{"type":"Feature","geometry":{"type":"LineString","coordinates":[[12.13627,45.9658],[12.13545,45.96565]]},"properties":{}},{"type":"Feature","geometry":{"type":"LineString","coordinates":[[12.13503,45.96566],[12.13454,45.96581]]},"properties":{}},{"type":"Feature","geometry":{"type":"LineString","coordinates":[[12.13718,45.96575],[12.13719,45.96577]]},"properties":{}},{"type":"Feature","geometry":{"type":"LineString","coordinates":[[12.13792,45.96585],[12.13793,45.96587],[12.13803,45.96585],[12.13812,45.96579]]},"properties":{}},{"type":"Feature","geometry":{"type":"LineString","coordinates":[[12.13793,45.96587],[12.13779,45.96594],[12.13772,45.96603]]},"properties":{}},{"type":"Feature","geometry":{"type":"LineString","coordinates":[[12.13721,45.96591],[12.13715,45.96605]]},"properties":{}},{"type":"Feature","geometry":{"type":"LineString","coordinates":[[12.13755,45.96607],[12.1375,45.9661]]},"properties":{}},{"type":"Feature","geometry":{"type":"LineString","coordinates":[[12.17478,45.90561],[12.17456,45.90625],[12.17276,45.91001],[12.1721,45.91128],[12.17183,45.9119],[12.1716,45.91233],[12.17112,45.91298],[12.17025,45.91387]]},"properties":{}},{"type":"Feature","geometry":{"type":"LineString","coordinates":[[12.17244,45.91467],[12.17239,45.91449],[12.17248,45.91431],[12.17344,45.91343],[12.17429,45.91176],[12.17508,45.911],[12.17552,45.91031],[12.17585,45.90972],[12.17705,45.90822],[12.17783,45.90767],[12.17864,45.90682]]},"properties":{}},{"type":"Feature","geometry":{"type":"LineString","coordinates":[[12.18764,45.9114],[12.18738,45.91016],[12.1873,45.91015]]},"properties":{}},{"type":"Feature","geometry":{"type":"LineString","coordinates":[[12.20102,45.91305],[12.201,45.91308],[12.2008,45.91313],[12.20075,45.91316],[12.20072,45.91324],[12.20081,45.91505],[12.2009,45.91548],[12.20098,45.91572],[12.20116,45.91605],[12.20138,45.91634],[12.20222,45.91727],[12.20233,45.91747],[12.20245,45.91783],[12.20259,45.91844],[12.20258,45.91857],[12.2027,45.91902],[12.20265,45.91908]]},"properties":{}},{"type":"Feature","geometry":{"type":"LineString","coordinates":[[12.18287,45.97478],[12.18288,45.9749]]},"properties":{}},{"type":"Feature","geometry":{"type":"LineString","coordinates":[[12.19029,45.97694],[12.18918,45.97658],[12.18644,45.97544],[12.18585,45.97524],[12.18531,45.97511],[12.18279,45.97474]]},"properties":{}},{"type":"Feature","geometry":{"type":"LineString","coordinates":[[12.19458,45.97813],[12.19442,45.97812],[12.19395,45.97799],[12.19351,45.97786],[12.1934,45.97778],[12.19306,45.97772],[12.18958,45.97667],[12.18894,45.97644],[12.18741,45.97578],[12.18599,45.97522],[12.18535,45.97507],[12.18291,45.97471],[12.18288,45.97473]]},"properties":{}},{"type":"Feature","geometry":{"type":"LineString","coordinates":[[12.19289,45.97772],[12.19029,45.97694]]},"properties":{}},{"type":"Feature","geometry":{"type":"LineString","coordinates":[[12.19455,45.97821],[12.19289,45.97772]]},"properties":{}},{"type":"Feature","geometry":{"type":"LineString","coordinates":[[12.1375,45.9661],[12.13776,45.96626]]},"properties":{}},{"type":"Feature","geometry":{"type":"LineString","coordinates":[[12.13784,45.96628],[12.13796,45.96625],[12.13798,45.96621]]},"properties":{}},{"type":"Feature","geometry":{"type":"LineString","coordinates":[[12.1375,45.9661],[12.13734,45.9661],[12.13533,45.96569],[12.13507,45.96568],[12.13441,45.9659],[12.1304,45.96751]]},"properties":{}},{"type":"Feature","geometry":{"type":"LineString","coordinates":[[12.13454,45.96581],[12.13034,45.96748]]},"properties":{}}]}