{"type":"FeatureCollection","features":[{"type":"Feature","geometry":{"type":"LineString","coordinates":[[12.8717,41.40612],[12.87211,41.40603]]},"properties":{}},{"type":"Feature","geometry":{"type":"LineString","coordinates":[[12.87211,41.40603],[12.87175,41.40624]]},"properties":{}},{"type":"Feature","geometry":{"type":"LineString","coordinates":[[12.87082,41.40641],[12.87088,41.4065]]},"properties":{}},{"type":"Feature","geometry":{"type":"LineString","coordinates":[[12.80258,41.43192],[12.80266,41.43173]]},"properties":{}},{"type":"Feature","geometry":{"type":"LineString","coordinates":[[12.80266,41.43173],[12.8027,41.43192]]},"properties":{}},{"type":"Feature","geometry":{"type":"LineString","coordinates":[[12.80274,41.43194],[12.80307,41.43194]]},"properties":{}},{"type":"Feature","geometry":{"type":"LineString","coordinates":[[12.80307,41.43194],[12.80275,41.43203]]},"properties":{}},{"type":"Feature","geometry":{"type":"LineString","coordinates":[[12.80252,41.43198],[12.80258,41.43192],[12.80267,41.43191],[12.80274,41.43194],[12.80276,41.43201],[12.8027,41.43207],[12.80262,41.43208],[12.80255,41.43205],[12.80252,41.43198]]},"properties":{}},{"type":"Feature","geometry":{"type":"LineString","coordinates":[[12.80215,41.43204],[12.80254,41.43195]]},"properties":{}},{"type":"Feature","geometry":{"type":"LineString","coordinates":[[12.80255,41.43205],[12.80215,41.43204]]},"properties":{}},{"type":"Feature","geometry":{"type":"LineString","coordinates":[[12.80258,41.4322],[12.80257,41.43207]]},"properties":{}},{"type":"Feature","geometry":{"type":"LineString","coordinates":[[12.91711,41.38501],[12.91725,41.38501]]},"properties":{}},{"type":"Feature","geometry":{"type":"LineString","coordinates":[[12.90078,41.4043],[12.90084,41.40421],[12.9044,41.40168],[12.90697,41.40053],[12.90732,41.40042],[12.90753,41.40042],[12.90941,41.40081],[12.90958,41.4008],[12.90976,41.40076],[12.91038,41.40055],[12.9105,41.40049],[12.91069,41.40029],[12.91299,41.39731],[12.91331,41.39696],[12.9143,41.3964],[12.91444,41.39633],[12.9146,41.3963],[12.91476,41.39629],[12.91489,41.39633],[12.91499,41.3964],[12.91525,41.39673]]},"properties":{}},{"type":"Feature","geometry":{"type":"LineString","coordinates":[[12.90164,41.41049],[12.90061,41.40716],[12.90052,41.407],[12.90017,41.40599],[12.90007,41.40556],[12.90011,41.40534],[12.90078,41.4043]]},"properties":{}},{"type":"Feature","geometry":{"type":"LineString","coordinates":[[12.87545,41.41418],[12.87531,41.41388],[12.87528,41.4137],[12.87532,41.41359],[12.87539,41.4135],[12.87555,41.41344],[12.87819,41.41309],[12.87972,41.41285],[12.88029,41.41265],[12.8825,41.41177],[12.88436,41.411],[12.88574,41.41036],[12.8861,41.41027],[12.8875,41.41008],[12.88885,41.40997],[12.89229,41.40991],[12.89492,41.41054],[12.89531,41.41066]]},"properties":{}},{"type":"Feature","geometry":{"type":"LineString","coordinates":[[12.90533,41.41958],[12.90525,41.41937],[12.90464,41.41891],[12.90411,41.41843],[12.90396,41.41784],[12.90407,41.41664],[12.90372,41.41594],[12.90377,41.41553],[12.90423,41.4149],[12.9049,41.41436],[12.90504,41.41405],[12.90478,41.41286]]},"properties":{}},{"type":"Feature","geometry":{"type":"LineString","coordinates":[[12.90533,41.41958],[12.90533,41.4197]]},"properties":{}},{"type":"Feature","geometry":{"type":"LineString","coordinates":[[12.90533,41.4197],[12.90531,41.41991],[12.90522,41.42012],[12.90458,41.42067]]},"properties":{}},{"type":"Feature","geometry":{"type":"LineString","coordinates":[[12.90458,41.42067],[12.90451,41.42073]]},"properties":{}},{"type":"Feature","geometry":{"type":"LineString","coordinates":[[12.87863,41.42189],[12.87857,41.42175]]},"properties":{}},{"type":"Feature","geometry":{"type":"LineString","coordinates":[[12.87869,41.42201],[12.87876,41.42199]]},"properties":{}},{"type":"Feature","geometry":{"type":"LineString","coordinates":[[12.99177,41.33668],[12.9975,41.3388]]},"properties":{}},{"type":"Feature","geometry":{"type":"LineString","coordinates":[[12.9975,41.3388],[12.99796,41.33885],[13.0,41.33889]]},"properties":{}},{"type":"Feature","geometry":{"type":"LineString","coordinates":[[12.96788,41.36297],[12.96796,41.36309],[12.96882,41.36385],[12.96921,41.36415],[12.97018,41.3647],[12.97114,41.36531]]},"properties":{}},{"type":"Feature","geometry":{"type":"LineString","coordinates":[[12.97437,41.36735],[12.97447,41.36753],[12.97631,41.36876],[12.97653,41.3686]]},"properties":{}},{"type":"Feature","geometry":{"type":"LineString","coordinates":[[12.91881,41.38548],[12.91881,41.38544]]},"properties":{}},{"type":"Feature","geometry":{"type":"LineString","coordinates":[[12.92503,41.3864],[12.92148,41.38638],[12.92076,41.38631],[12.91993,41.3861],[12.91915,41.38571],[12.91881,41.38548]]},"properties":{}},{"type":"Feature","geometry":{"type":"LineString","coordinates":[[12.91725,41.38501],[12.91751,41.38516],[12.91823,41.3858],[12.91856,41.38605],[12.91906,41.38634],[12.91952,41.38653],[12.92023,41.38674],[12.92152,41.38694]]},"properties":{}},{"type":"Feature","geometry":{"type":"LineString","coordinates":[[12.92528,41.38639],[12.92503,41.3864]]},"properties":{}},{"type":"Feature","geometry":{"type":"LineString","coordinates":[[12.93641,41.38699],[12.93159,41.38645],[12.9312,41.38643],[12.92528,41.38639]]},"properties":{}},{"type":"Feature","geometry":{"type":"LineString","coordinates":[[12.92429,41.38697],[12.9247,41.38693]]},"properties":{}},{"type":"Feature","geometry":{"type":"LineString","coordinates":[[12.92152,41.38694],[12.92192,41.38698]]},"properties":{}},{"type":"Feature","geometry":{"type":"LineString","coordinates":[[12.92192,41.38698],[12.92429,41.38697]]},"properties":{}},{"type":"Feature","geometry":{"type":"LineString","coordinates":[[12.9247,41.38693],[12.92539,41.3869],[12.93088,41.38693],[12.93235,41.38707]]},"properties":{}},{"type":"Feature","geometry":{"type":"LineString","coordinates":[[12.93662,41.38701],[12.93641,41.38699]]},"properties":{}},{"type":"Feature","geometry":{"type":"LineString","coordinates":[[12.93235,41.38707],[12.93243,41.38708]]},"properties":{}},{"type":"Feature","geometry":{"type":"LineString","coordinates":[[12.93693,41.38715],[12.9369,41.38707],[12.93684,41.38704],[12.93662,41.38701]]},"properties":{}},{"type":"Feature","geometry":{"type":"LineString","coordinates":[[12.93243,41.38708],[12.93245,41.3871]]},"properties":{}},{"type":"Feature","geometry":{"type":"LineString","coordinates":[[12.93696,41.38709],[12.93692,41.3871]]},"properties":{}},{"type":"Feature","geometry":{"type":"LineString","coordinates":[[12.93245,41.3871],[12.93279,41.38715]]},"properties":{}},{"type":"Feature","geometry":{"type":"LineString","coordinates":[[12.93684,41.38754],[12.93693,41.38715]]},"properties":{}},{"type":"Feature","geometry":{"type":"LineString","coordinates":[[12.93279,41.38715],[12.93282,41.38713],[12.93676,41.38759],[12.93684,41.38754]]},"properties":{}},{"type":"Feature","geometry":{"type":"LineString","coordinates":[[12.93681,41.38757],[12.93686,41.38758]]},"properties":{}},{"type":"Feature","geometry":{"type":"LineString","coordinates":[[12.94856,41.39094],[12.94878,41.39085]]},"properties":{}},{"type":"Feature","geometry":{"type":"LineString","coordinates":[[12.94878,41.39085],[12.94865,41.39097]]},"properties":{}},{"type":"Feature","geometry":{"type":"LineString","coordinates":[[12.94843,41.39101],[12.9485,41.39095],[12.9486,41.39095],[12.94867,41.39099],[12.94868,41.39106]]},"properties":{}},{"type":"Feature","geometry":{"type":"LineString","coordinates":[[12.94848,41.39112],[12.94843,41.39107],[12.94843,41.39101]]},"properties":{}},{"type":"Feature","geometry":{"type":"LineString","coordinates":[[12.94868,41.39106],[12.94863,41.39112]]},"properties":{}},{"type":"Feature","geometry":{"type":"LineString","coordinates":[[12.94863,41.39112],[12.94848,41.39112]]},"properties":{}},{"type":"Feature","geometry":{"type":"LineString","coordinates":[[12.94868,41.39106],[12.94883,41.39122]]},"properties":{}},{"type":"Feature","geometry":{"type":"LineString","coordinates":[[12.94883,41.39122],[12.94863,41.39112]]},"properties":{}},{"type":"Feature","geometry":{"type":"LineString","coordinates":[[12.94746,41.39144],[12.94769,41.39139],[12.94843,41.39101]]},"properties":{}},{"type":"Feature","geometry":{"type":"LineString","coordinates":[[12.94848,41.39112],[12.94825,41.39117],[12.94749,41.39154]]},"properties":{}},{"type":"Feature","geometry":{"type":"LineString","coordinates":[[12.94724,41.39154],[12.94724,41.39148],[12.94728,41.39143],[12.94736,41.3914],[12.94746,41.39144]]},"properties":{}},{"type":"Feature","geometry":{"type":"LineString","coordinates":[[12.94746,41.39144],[12.94749,41.39154]]},"properties":{}},{"type":"Feature","geometry":{"type":"LineString","coordinates":[[12.94749,41.39154],[12.94741,41.3916]]},"properties":{}},{"type":"Feature","geometry":{"type":"LineString","coordinates":[[12.94741,41.3916],[12.94733,41.3916],[12.94724,41.39154]]},"properties":{}},{"type":"Feature","geometry":{"type":"LineString","coordinates":[[12.94741,41.3916],[12.94717,41.3917]]},"properties":{}},{"type":"Feature","geometry":{"type":"LineString","coordinates":[[12.87182,41.40651],[12.87166,41.40655]]},"properties":{}},{"type":"Feature","geometry":{"type":"LineString","coordinates":[[12.8719,41.40674],[12.87182,41.40651]]},"properties":{}},{"type":"Feature","geometry":{"type":"LineString","coordinates":[[12.87175,41.40677],[12.87169,41.40663]]},"properties":{}},{"type":"Feature","geometry":{"type":"LineString","coordinates":[[12.87193,41.4068],[12.8719,41.40674]]},"properties":{}},{"type":"Feature","geometry":{"type":"LineString","coordinates":[[12.87177,41.40683],[12.87175,41.40677]]},"properties":{}},{"type":"Feature","geometry":{"type":"LineString","coordinates":[[12.86998,41.4068],[12.87001,41.40686]]},"properties":{}},{"type":"Feature","geometry":{"type":"LineString","coordinates":[[12.86928,41.40705],[12.86931,41.4071]]},"properties":{}},{"type":"Feature","geometry":{"type":"LineString","coordinates":[[12.87169,41.40663],[12.8716,41.4064],[12.87155,41.40636],[12.87145,41.40636],[12.87106,41.40644],[12.86941,41.40708],[12.86717,41.40789]]},"properties":{}},{"type":"Feature","geometry":{"type":"LineString","coordinates":[[12.87231,41.4077],[12.87193,41.4068]]},"properties":{}},{"type":"Feature","geometry":{"type":"LineString","coordinates":[[12.87219,41.40773],[12.87177,41.40683]]},"properties":{}},{"type":"Feature","geometry":{"type":"LineString","coordinates":[[12.87235,41.40778],[12.87231,41.4077]]},"properties":{}},{"type":"Feature","geometry":{"type":"LineString","coordinates":[[12.87223,41.40782],[12.87219,41.40773]]},"properties":{}},{"type":"Feature","geometry":{"type":"LineString","coordinates":[[12.87278,41.40868],[12.87235,41.40778]]},"properties":{}},{"type":"Feature","geometry":{"type":"LineString","coordinates":[[12.87281,41.40876],[12.87278,41.40868]]},"properties":{}},{"type":"Feature","geometry":{"type":"LineString","coordinates":[[12.87517,41.41426],[12.87223,41.40782]]},"properties":{}},{"type":"Feature","geometry":{"type":"LineString","coordinates":[[12.8753,41.41423],[12.87281,41.40876]]},"properties":{}},{"type":"Feature","geometry":{"type":"LineString","coordinates":[[12.87534,41.41433],[12.8753,41.41423]]},"properties":{}},{"type":"Feature","geometry":{"type":"LineString","coordinates":[[12.87522,41.41437],[12.87517,41.41426]]},"properties":{}},{"type":"Feature","geometry":{"type":"LineString","coordinates":[[12.87538,41.41441],[12.87534,41.41433]]},"properties":{}},{"type":"Feature","geometry":{"type":"LineString","coordinates":[[12.87525,41.41443],[12.87522,41.41437]]},"properties":{}},{"type":"Feature","geometry":{"type":"LineString","coordinates":[[12.87542,41.41451],[12.87538,41.41441]]},"properties":{}},{"type":"Feature","geometry":{"type":"LineString","coordinates":[[12.87529,41.41453],[12.87525,41.41443]]},"properties":{}},{"type":"Feature","geometry":{"type":"LineString","coordinates":[[12.87544,41.41456],[12.87542,41.41451]]},"properties":{}},{"type":"Feature","geometry":{"type":"LineString","coordinates":[[12.87548,41.41464],[12.87544,41.41456]]},"properties":{}},{"type":"Feature","geometry":{"type":"LineString","coordinates":[[12.87552,41.41473],[12.87548,41.41464]]},"properties":{}},{"type":"Feature","geometry":{"type":"LineString","coordinates":[[12.85067,41.41312],[12.85065,41.41309],[12.85051,41.41311],[12.85037,41.41317],[12.84987,41.41327],[12.84869,41.4136],[12.8457,41.4143],[12.8406,41.41524],[12.83572,41.41589],[12.8336,41.41606],[12.83006,41.41617],[12.82801,41.41613],[12.82253,41.41584],[12.82236,41.41588],[12.82203,41.41618],[12.82187,41.41624],[12.82191,41.41634],[12.82186,41.41635],[12.82178,41.41649],[12.82155,41.41653]]},"properties":{}},{"type":"Feature","geometry":{"type":"LineString","coordinates":[[12.87555,41.4148],[12.87538,41.41484]]},"properties":{}},{"type":"Feature","geometry":{"type":"LineString","coordinates":[[12.87582,41.41569],[12.87572,41.41547],[12.87566,41.41545],[12.87563,41.41527],[12.87549,41.41496],[12.87541,41.4149],[12.87529,41.41453]]},"properties":{}},{"type":"Feature","geometry":{"type":"LineString","coordinates":[[12.87586,41.41577],[12.87582,41.41569]]},"properties":{}},{"type":"Feature","geometry":{"type":"LineString","coordinates":[[12.87668,41.41731],[12.87552,41.41473]]},"properties":{}},{"type":"Feature","geometry":{"type":"LineString","coordinates":[[12.87657,41.41734],[12.87586,41.41577]]},"properties":{}},{"type":"Feature","geometry":{"type":"LineString","coordinates":[[12.83675,41.41679],[12.83707,41.41675],[12.83729,41.41695]]},"properties":{}},{"type":"Feature","geometry":{"type":"LineString","coordinates":[[12.83741,41.41693],[12.83756,41.41684]]},"properties":{}},{"type":"Feature","geometry":{"type":"LineString","coordinates":[[12.83728,41.41696],[12.83726,41.41703],[12.83732,41.4171],[12.83742,41.41711],[12.8375,41.41704],[12.83749,41.41697],[12.83745,41.41694],[12.83736,41.41693],[12.83728,41.41696]]},"properties":{}},{"type":"Feature","geometry":{"type":"LineString","coordinates":[[12.83742,41.41711],[12.83747,41.41753]]},"properties":{}},{"type":"Feature","geometry":{"type":"LineString","coordinates":[[12.87672,41.41738],[12.87668,41.41731]]},"properties":{}},{"type":"Feature","geometry":{"type":"LineString","coordinates":[[12.8766,41.4174],[12.87657,41.41734]]},"properties":{}},{"type":"Feature","geometry":{"type":"LineString","coordinates":[[12.83688,41.41741],[12.83746,41.41734]]},"properties":{}},{"type":"Feature","geometry":{"type":"LineString","coordinates":[[12.87673,41.4174],[12.87662,41.41743]]},"properties":{}},{"type":"Feature","geometry":{"type":"LineString","coordinates":[[12.83747,41.41753],[12.8375,41.41786]]},"properties":{}},{"type":"Feature","geometry":{"type":"LineString","coordinates":[[12.8375,41.41786],[12.83751,41.4179]]},"properties":{}},{"type":"Feature","geometry":{"type":"LineString","coordinates":[[12.83748,41.41796],[12.8375,41.41801],[12.8376,41.41806],[12.83768,41.41804],[12.83774,41.41795],[12.8377,41.41789],[12.83762,41.41787],[12.83754,41.41788],[12.83748,41.41796]]},"properties":{}},{"type":"Feature","geometry":{"type":"LineString","coordinates":[[12.87726,41.41858],[12.87672,41.41738]]},"properties":{}},{"type":"Feature","geometry":{"type":"LineString","coordinates":[[12.8376,41.41806],[12.83761,41.41814]]},"properties":{}},{"type":"Feature","geometry":{"type":"LineString","coordinates":[[12.83761,41.41814],[12.83774,41.41812],[12.83797,41.41802],[12.83805,41.41805],[12.83822,41.41867],[12.83817,41.41873],[12.83774,41.41877]]},"properties":{}},{"type":"Feature","geometry":{"type":"LineString","coordinates":[[12.83774,41.41877],[12.83746,41.4188],[12.83739,41.41876],[12.83722,41.41806],[12.83728,41.41804],[12.83749,41.41813],[12.83761,41.41814]]},"properties":{}},{"type":"Feature","geometry":{"type":"LineString","coordinates":[[12.83761,41.41814],[12.83774,41.41877]]},"properties":{}},{"type":"Feature","geometry":{"type":"LineString","coordinates":[[12.83758,41.41857],[12.83781,41.41855]]},"properties":{}},{"type":"Feature","geometry":{"type":"LineString","coordinates":[[12.8773,41.41866],[12.87726,41.41858]]},"properties":{}},{"type":"Feature","geometry":{"type":"LineString","coordinates":[[12.87732,41.4187],[12.8772,41.41873]]},"properties":{}},{"type":"Feature","geometry":{"type":"LineString","coordinates":[[12.8777,41.42018],[12.87775,41.42003],[12.87767,41.41979],[12.8766,41.4174]]},"properties":{}},{"type":"Feature","geometry":{"type":"LineString","coordinates":[[12.87785,41.41984],[12.8773,41.41866]]},"properties":{}},{"type":"Feature","geometry":{"type":"LineString","coordinates":[[12.87767,41.41979],[12.87781,41.41975]]},"properties":{}},{"type":"Feature","geometry":{"type":"LineString","coordinates":[[12.87805,41.42009],[12.87858,41.42008]]},"properties":{}},{"type":"Feature","geometry":{"type":"LineString","coordinates":[[12.87858,41.42008],[12.87814,41.42025]]},"properties":{}},{"type":"Feature","geometry":{"type":"LineString","coordinates":[[12.87814,41.42025],[12.87805,41.42033],[12.87793,41.42034],[12.87783,41.42028],[12.8778,41.4202],[12.87788,41.4201],[12.878,41.42008],[12.87813,41.42014],[12.87814,41.42025]]},"properties":{}},{"type":"Feature","geometry":{"type":"LineString","coordinates":[[12.87778,41.42036],[12.8777,41.42018]]},"properties":{}},{"type":"Feature","geometry":{"type":"LineString","coordinates":[[12.87857,41.42175],[12.87801,41.42051],[12.87791,41.42039],[12.87778,41.42036]]},"properties":{}},{"type":"Feature","geometry":{"type":"LineString","coordinates":[[12.82138,41.42952],[12.82144,41.42947]]},"properties":{}},{"type":"Feature","geometry":{"type":"LineString","coordinates":[[12.82144,41.42947],[12.82152,41.42945],[12.82163,41.42949],[12.82167,41.42955],[12.82164,41.42962]]},"properties":{}},{"type":"Feature","geometry":{"type":"LineString","coordinates":[[12.87905,41.42288],[12.87894,41.42259],[12.87888,41.42253],[12.87882,41.4224],[12.87883,41.42232],[12.87863,41.42189]]},"properties":{}},{"type":"Feature","geometry":{"type":"LineString","coordinates":[[12.87909,41.42297],[12.87905,41.42288]]},"properties":{}},{"type":"Feature","geometry":{"type":"LineString","coordinates":[[12.87934,41.42367],[12.87909,41.42297]]},"properties":{}},{"type":"Feature","geometry":{"type":"LineString","coordinates":[[12.90451,41.42073],[12.90398,41.4212],[12.9034,41.42241],[12.9031,41.42271],[12.90072,41.42415],[12.90052,41.42444],[12.90033,41.42513],[12.9002,41.42533],[12.89881,41.42589],[12.89825,41.42644]]},"properties":{}},{"type":"Feature","geometry":{"type":"LineString","coordinates":[[12.87937,41.42375],[12.87934,41.42367]]},"properties":{}},{"type":"Feature","geometry":{"type":"LineString","coordinates":[[12.8794,41.42383],[12.87937,41.42375]]},"properties":{}},{"type":"Feature","geometry":{"type":"LineString","coordinates":[[12.88018,41.42666],[12.87972,41.42481],[12.8794,41.42383]]},"properties":{}},{"type":"Feature","geometry":{"type":"LineString","coordinates":[[12.89825,41.42644],[12.89816,41.42654]]},"properties":{}},{"type":"Feature","geometry":{"type":"LineString","coordinates":[[12.8802,41.42676],[12.88018,41.42666]]},"properties":{}},{"type":"Feature","geometry":{"type":"LineString","coordinates":[[12.88889,41.42639],[12.88997,41.42762],[12.89002,41.42765],[12.89042,41.42763]]},"properties":{}},{"type":"Feature","geometry":{"type":"LineString","coordinates":[[12.88026,41.42741],[12.88029,41.42724],[12.88023,41.4271],[12.88025,41.42698],[12.8802,41.42676]]},"properties":{}},{"type":"Feature","geometry":{"type":"LineString","coordinates":[[12.89293,41.42773],[12.89298,41.42755],[12.89339,41.42715],[12.89367,41.427],[12.89394,41.42692],[12.89624,41.42697],[12.89664,41.42693],[12.89796,41.42662],[12.89816,41.42654]]},"properties":{}},{"type":"Feature","geometry":{"type":"LineString","coordinates":[[12.8955,41.42765],[12.89544,41.42747],[12.89538,41.42694]]},"properties":{}},{"type":"Feature","geometry":{"type":"LineString","coordinates":[[12.88027,41.42757],[12.88024,41.42748],[12.88026,41.42741]]},"properties":{}},{"type":"Feature","geometry":{"type":"LineString","coordinates":[[12.88042,41.42751],[12.88011,41.42757]]},"properties":{}},{"type":"Feature","geometry":{"type":"LineString","coordinates":[[12.89042,41.42763],[12.89051,41.42763]]},"properties":{}},{"type":"Feature","geometry":{"type":"LineString","coordinates":[[12.89525,41.42768],[12.8955,41.42765]]},"properties":{}},{"type":"Feature","geometry":{"type":"LineString","coordinates":[[12.89263,41.42766],[12.89283,41.42771]]},"properties":{}},{"type":"Feature","geometry":{"type":"LineString","coordinates":[[12.89428,41.42785],[12.8948,41.42773],[12.89525,41.42768]]},"properties":{}},{"type":"Feature","geometry":{"type":"LineString","coordinates":[[12.89051,41.42763],[12.89157,41.42762],[12.89187,41.42764],[12.89195,41.42768],[12.89197,41.42777],[12.89228,41.42793],[12.89242,41.42789],[12.89251,41.42781],[12.89255,41.4277],[12.89263,41.42766]]},"properties":{}},{"type":"Feature","geometry":{"type":"LineString","coordinates":[[12.89283,41.42771],[12.89314,41.42777],[12.89428,41.42785],[12.89445,41.42814]]},"properties":{}},{"type":"Feature","geometry":{"type":"LineString","coordinates":[[12.88471,41.43277],[12.88588,41.43153],[12.88616,41.4313],[12.88649,41.43117],[12.88801,41.43073],[12.88883,41.43053],[12.88915,41.43053],[12.8896,41.43026],[12.89032,41.43006],[12.89053,41.42994],[12.89081,41.42971],[12.89112,41.42934],[12.89126,41.42924],[12.89151,41.42919],[12.89228,41.42923],[12.89245,41.42921],[12.89261,41.42913],[12.89275,41.42901],[12.89288,41.42884],[12.89291,41.42868],[12.89287,41.42786],[12.89293,41.42773]]},"properties":{}},{"type":"Feature","geometry":{"type":"LineString","coordinates":[[12.88191,41.43485],[12.8816,41.43394],[12.88139,41.43312],[12.8806,41.42884],[12.88057,41.42872],[12.88051,41.42864],[12.88049,41.42851],[12.88051,41.42843],[12.88038,41.42768],[12.88027,41.42757]]},"properties":{}},{"type":"Feature","geometry":{"type":"LineString","coordinates":[[12.88451,41.433],[12.88471,41.43277]]},"properties":{}},{"type":"Feature","geometry":{"type":"LineString","coordinates":[[12.88283,41.43626],[12.88267,41.43606],[12.88248,41.43553],[12.88353,41.43504],[12.88364,41.43491],[12.88369,41.43478],[12.88363,41.43463],[12.88349,41.43447],[12.88343,41.43431],[12.88345,41.43413],[12.88451,41.433]]},"properties":{}},{"type":"Feature","geometry":{"type":"LineString","coordinates":[[12.88195,41.43497],[12.88191,41.43485]]},"properties":{}},{"type":"Feature","geometry":{"type":"LineString","coordinates":[[12.88254,41.43632],[12.88237,41.43597],[12.88229,41.4359],[12.88223,41.43579],[12.88222,41.43563],[12.88195,41.43497]]},"properties":{}},{"type":"Feature","geometry":{"type":"LineString","coordinates":[[12.88259,41.43643],[12.88254,41.43632]]},"properties":{}},{"type":"Feature","geometry":{"type":"LineString","coordinates":[[12.88415,41.43949],[12.8842,41.43924],[12.88414,41.43908],[12.88327,41.43768],[12.88259,41.43643]]},"properties":{}},{"type":"Feature","geometry":{"type":"LineString","coordinates":[[12.88421,41.43911],[12.88446,41.43933]]},"properties":{}},{"type":"Feature","geometry":{"type":"LineString","coordinates":[[12.82161,41.42964],[12.82152,41.42966],[12.82144,41.42965],[12.82138,41.42959],[12.82138,41.42952]]},"properties":{}},{"type":"Feature","geometry":{"type":"LineString","coordinates":[[12.82164,41.42962],[12.82161,41.42964]]},"properties":{}},{"type":"Feature","geometry":{"type":"LineString","coordinates":[[12.8819,41.43481],[12.88181,41.4349],[12.87946,41.43573],[12.87116,41.43856],[12.87057,41.43866],[12.86845,41.43873],[12.86797,41.4388],[12.8676,41.43892],[12.86759,41.43895]]},"properties":{}},{"type":"Feature","geometry":{"type":"LineString","coordinates":[[12.86759,41.43895],[12.86762,41.43915]]},"properties":{}},{"type":"Feature","geometry":{"type":"LineString","coordinates":[[12.86762,41.43915],[12.86779,41.44037],[12.86791,41.44052],[12.86861,41.4411]]},"properties":{}},{"type":"Feature","geometry":{"type":"LineString","coordinates":[[12.86861,41.4411],[12.86868,41.44116]]},"properties":{}},{"type":"Feature","geometry":{"type":"LineString","coordinates":[[12.86868,41.44116],[12.87048,41.44271],[12.87209,41.44357],[12.87226,41.44374],[12.87243,41.444]]},"properties":{}},{"type":"Feature","geometry":{"type":"LineString","coordinates":[[12.87243,41.444],[12.87247,41.44404]]},"properties":{}},{"type":"Feature","geometry":{"type":"LineString","coordinates":[[12.87247,41.44404],[12.87262,41.4443],[12.87264,41.44444],[12.87254,41.44611],[12.87266,41.44621],[12.87353,41.44638],[12.87362,41.44643],[12.87416,41.44712]]},"properties":{}},{"type":"Feature","geometry":{"type":"LineString","coordinates":[[12.87788,41.44723],[12.87796,41.44717],[12.8781,41.44718]]},"properties":{}},{"type":"Feature","geometry":{"type":"LineString","coordinates":[[12.88427,41.43941],[12.88421,41.43911]]},"properties":{}},{"type":"Feature","geometry":{"type":"LineString","coordinates":[[12.88452,41.43934],[12.88482,41.43929]]},"properties":{}},{"type":"Feature","geometry":{"type":"LineString","coordinates":[[12.88427,41.43941],[12.88435,41.43935],[12.88446,41.43933]]},"properties":{}},{"type":"Feature","geometry":{"type":"LineString","coordinates":[[12.88482,41.43929],[12.88462,41.43946]]},"properties":{}},{"type":"Feature","geometry":{"type":"LineString","coordinates":[[12.90965,41.44033],[12.91241,41.43957],[12.91533,41.43881],[12.91703,41.43847]]},"properties":{}},{"type":"Feature","geometry":{"type":"LineString","coordinates":[[12.88446,41.43933],[12.88459,41.43939],[12.88462,41.4395]]},"properties":{}},{"type":"Feature","geometry":{"type":"LineString","coordinates":[[12.88441,41.4396],[12.88429,41.43955],[12.88426,41.4395],[12.88427,41.43941]]},"properties":{}},{"type":"Feature","geometry":{"type":"LineString","coordinates":[[12.91703,41.43847],[12.91545,41.43899],[12.91081,41.44023],[12.90951,41.44061]]},"properties":{}},{"type":"Feature","geometry":{"type":"LineString","coordinates":[[12.88423,41.43962],[12.88415,41.43949]]},"properties":{}},{"type":"Feature","geometry":{"type":"LineString","coordinates":[[12.88462,41.4395],[12.88452,41.43959],[12.88441,41.4396]]},"properties":{}},{"type":"Feature","geometry":{"type":"LineString","coordinates":[[12.88462,41.4395],[12.88463,41.43965],[12.88471,41.43993]]},"properties":{}},{"type":"Feature","geometry":{"type":"LineString","coordinates":[[12.88471,41.43993],[12.88441,41.4396]]},"properties":{}},{"type":"Feature","geometry":{"type":"LineString","coordinates":[[12.90893,41.4405],[12.90911,41.44022],[12.90923,41.43996]]},"properties":{}},{"type":"Feature","geometry":{"type":"LineString","coordinates":[[12.90934,41.44045],[12.90965,41.44033]]},"properties":{}},{"type":"Feature","geometry":{"type":"LineString","coordinates":[[12.90893,41.4405],[12.9091,41.44042],[12.90928,41.44041]]},"properties":{}},{"type":"Feature","geometry":{"type":"LineString","coordinates":[[12.90858,41.44064],[12.90904,41.44034]]},"properties":{}},{"type":"Feature","geometry":{"type":"LineString","coordinates":[[12.90888,41.44054],[12.90893,41.4405]]},"properties":{}},{"type":"Feature","geometry":{"type":"LineString","coordinates":[[12.90928,41.44041],[12.90937,41.44048],[12.9094,41.44058],[12.90932,41.44069],[12.90916,41.44079]]},"properties":{}},{"type":"Feature","geometry":{"type":"LineString","coordinates":[[12.90894,41.44083],[12.90886,41.44081],[12.90882,41.44076],[12.90882,41.44065],[12.90888,41.44054]]},"properties":{}},{"type":"Feature","geometry":{"type":"LineString","coordinates":[[12.90916,41.44079],[12.90894,41.44083]]},"properties":{}},{"type":"Feature","geometry":{"type":"LineString","coordinates":[[12.88589,41.44204],[12.88489,41.44038],[12.8848,41.44031],[12.88475,41.44022],[12.88474,41.44013],[12.88451,41.43975],[12.88438,41.43964],[12.88423,41.43962]]},"properties":{}},{"type":"Feature","geometry":{"type":"LineString","coordinates":[[12.90951,41.44061],[12.90929,41.4408],[12.90906,41.44107]]},"properties":{}},{"type":"Feature","geometry":{"type":"LineString","coordinates":[[12.90889,41.44082],[12.90867,41.44089]]},"properties":{}},{"type":"Feature","geometry":{"type":"LineString","coordinates":[[12.90916,41.44079],[12.90906,41.44107]]},"properties":{}},{"type":"Feature","geometry":{"type":"LineString","coordinates":[[12.90897,41.44106],[12.909,41.44091],[12.90894,41.44083]]},"properties":{}},{"type":"Feature","geometry":{"type":"LineString","coordinates":[[12.90897,41.44106],[12.9089,41.44091],[12.90881,41.44088],[12.90867,41.44089]]},"properties":{}},{"type":"Feature","geometry":{"type":"LineString","coordinates":[[12.9089,41.44138],[12.90897,41.44106]]},"properties":{}},{"type":"Feature","geometry":{"type":"LineString","coordinates":[[12.90906,41.44107],[12.9089,41.44138]]},"properties":{}},{"type":"Feature","geometry":{"type":"LineString","coordinates":[[12.88599,41.4422],[12.88589,41.44204]]},"properties":{}},{"type":"Feature","geometry":{"type":"LineString","coordinates":[[12.8861,41.44238],[12.88599,41.4422]]},"properties":{}},{"type":"Feature","geometry":{"type":"LineString","coordinates":[[12.8862,41.44256],[12.8861,41.44238]]},"properties":{}},{"type":"Feature","geometry":{"type":"LineString","coordinates":[[12.88673,41.44344],[12.8862,41.44256]]},"properties":{}},{"type":"Feature","geometry":{"type":"LineString","coordinates":[[12.88686,41.44367],[12.88673,41.44344]]},"properties":{}},{"type":"Feature","geometry":{"type":"LineString","coordinates":[[12.90867,41.44089],[12.90018,41.44373],[12.89467,41.44563],[12.89249,41.44643]]},"properties":{}},{"type":"Feature","geometry":{"type":"LineString","coordinates":[[12.88949,41.44711],[12.89638,41.44485],[12.90487,41.44189],[12.90888,41.44054]]},"properties":{}},{"type":"Feature","geometry":{"type":"LineString","coordinates":[[12.88757,41.44484],[12.88686,41.44367]]},"properties":{}},{"type":"Feature","geometry":{"type":"LineString","coordinates":[[12.88764,41.44496],[12.88757,41.44484]]},"properties":{}},{"type":"Feature","geometry":{"type":"LineString","coordinates":[[12.88772,41.44495],[12.88765,41.44497]]},"properties":{}},{"type":"Feature","geometry":{"type":"LineString","coordinates":[[12.88783,41.44529],[12.88764,41.44496]]},"properties":{}},{"type":"Feature","geometry":{"type":"LineString","coordinates":[[12.8879,41.44541],[12.88783,41.44529]]},"properties":{}},{"type":"Feature","geometry":{"type":"LineString","coordinates":[[12.88824,41.44596],[12.88804,41.44565],[12.88797,41.44561],[12.88791,41.44551],[12.8879,41.44541]]},"properties":{}},{"type":"Feature","geometry":{"type":"LineString","coordinates":[[12.88085,41.44595],[12.88093,41.44588],[12.88105,41.44589]]},"properties":{}},{"type":"Feature","geometry":{"type":"LineString","coordinates":[[12.88105,41.44589],[12.8811,41.44594]]},"properties":{}},{"type":"Feature","geometry":{"type":"LineString","coordinates":[[12.88824,41.44596],[12.88842,41.4459]]},"properties":{}},{"type":"Feature","geometry":{"type":"LineString","coordinates":[[12.8811,41.44594],[12.8811,41.44601]]},"properties":{}},{"type":"Feature","geometry":{"type":"LineString","coordinates":[[12.8809,41.44606],[12.88085,41.446],[12.88085,41.44595]]},"properties":{}},{"type":"Feature","geometry":{"type":"LineString","coordinates":[[12.8811,41.44601],[12.88101,41.44607],[12.8809,41.44606]]},"properties":{}},{"type":"Feature","geometry":{"type":"LineString","coordinates":[[12.88801,41.44625],[12.88822,41.44613],[12.88824,41.44596]]},"properties":{}},{"type":"Feature","geometry":{"type":"LineString","coordinates":[[12.87788,41.44723],[12.87769,41.44682],[12.87761,41.44655],[12.87761,41.44631],[12.87769,41.446],[12.87784,41.44574],[12.87807,41.4455],[12.87861,41.44521],[12.87896,41.44512],[12.8794,41.44507],[12.87984,41.44512],[12.88004,41.44517],[12.88024,41.44524],[12.88059,41.44544],[12.88105,41.44589]]},"properties":{}},{"type":"Feature","geometry":{"type":"LineString","coordinates":[[12.88085,41.44595],[12.88069,41.44575],[12.88042,41.44553],[12.88028,41.44544],[12.87988,41.44529],[12.87927,41.44523],[12.87891,41.44528],[12.87856,41.44539],[12.87825,41.44557],[12.87801,41.44579],[12.87793,41.44592],[12.8778,41.44621],[12.87778,41.44638],[12.87782,41.4467],[12.87794,41.447],[12.8781,41.44718]]},"properties":{}},{"type":"Feature","geometry":{"type":"LineString","coordinates":[[12.88806,41.44634],[12.88801,41.44625]]},"properties":{}},{"type":"Feature","geometry":{"type":"LineString","coordinates":[[12.88857,41.44653],[12.88846,41.44637],[12.88839,41.44634],[12.88824,41.44631],[12.88806,41.44634]]},"properties":{}},{"type":"Feature","geometry":{"type":"LineString","coordinates":[[12.88852,41.44645],[12.88866,41.4464]]},"properties":{}},{"type":"Feature","geometry":{"type":"LineString","coordinates":[[12.88842,41.4459],[12.88855,41.44611],[12.8886,41.44629],[12.88896,41.44693],[12.88907,41.44703],[12.88921,41.44708],[12.88923,41.44715]]},"properties":{}},{"type":"Feature","geometry":{"type":"LineString","coordinates":[[12.88863,41.44662],[12.88857,41.44653]]},"properties":{}},{"type":"Feature","geometry":{"type":"LineString","coordinates":[[12.88873,41.44679],[12.88863,41.44662]]},"properties":{}},{"type":"Feature","geometry":{"type":"LineString","coordinates":[[12.88878,41.44688],[12.88873,41.44679]]},"properties":{}},{"type":"Feature","geometry":{"type":"LineString","coordinates":[[12.89249,41.44643],[12.89082,41.44704],[12.8898,41.44746],[12.88951,41.44754]]},"properties":{}},{"type":"Feature","geometry":{"type":"LineString","coordinates":[[12.88887,41.44726],[12.88883,41.44697],[12.88878,41.44688]]},"properties":{}},{"type":"Feature","geometry":{"type":"LineString","coordinates":[[12.88861,41.44739],[12.88886,41.44735]]},"properties":{}},{"type":"Feature","geometry":{"type":"LineString","coordinates":[[12.8027,41.43207],[12.80258,41.4322]]},"properties":{}},{"type":"Feature","geometry":{"type":"LineString","coordinates":[[12.76547,41.43561],[12.7655,41.43573],[12.76562,41.43581]]},"properties":{}},{"type":"Feature","geometry":{"type":"LineString","coordinates":[[12.76562,41.43581],[12.76547,41.43577],[12.76543,41.43565]]},"properties":{}},{"type":"Feature","geometry":{"type":"LineString","coordinates":[[12.76524,41.43587],[12.76562,41.43581]]},"properties":{}},{"type":"Feature","geometry":{"type":"LineString","coordinates":[[12.76562,41.43581],[12.76514,41.43597]]},"properties":{}},{"type":"Feature","geometry":{"type":"LineString","coordinates":[[12.80788,41.46266],[12.80793,41.46249]]},"properties":{}},{"type":"Feature","geometry":{"type":"LineString","coordinates":[[12.80793,41.46249],[12.80805,41.46268]]},"properties":{}},{"type":"Feature","geometry":{"type":"LineString","coordinates":[[12.80785,41.46269],[12.80788,41.46266],[12.808,41.46266],[12.80813,41.46274]]},"properties":{}},{"type":"Feature","geometry":{"type":"LineString","coordinates":[[12.80753,41.46274],[12.80785,41.46269]]},"properties":{}},{"type":"Feature","geometry":{"type":"LineString","coordinates":[[12.80787,41.46279],[12.80785,41.46269]]},"properties":{}},{"type":"Feature","geometry":{"type":"LineString","coordinates":[[12.8811,41.44601],[12.88074,41.44737],[12.8818,41.44807],[12.88298,41.4488]]},"properties":{}},{"type":"Feature","geometry":{"type":"LineString","coordinates":[[12.88947,41.44724],[12.88957,41.44737],[12.88957,41.44751],[12.88951,41.44762],[12.8894,41.4477],[12.88924,41.44774],[12.88901,41.44772],[12.88887,41.44764],[12.88879,41.44753],[12.88878,41.4474],[12.88883,41.4473],[12.889,41.44718],[12.88923,41.44715],[12.88936,41.44717],[12.88947,41.44724]]},"properties":{}},{"type":"Feature","geometry":{"type":"LineString","coordinates":[[12.88289,41.44888],[12.88066,41.44753],[12.8806,41.44747],[12.88061,41.4473],[12.88093,41.44614],[12.8809,41.44606]]},"properties":{}},{"type":"Feature","geometry":{"type":"LineString","coordinates":[[12.88951,41.44762],[12.88951,41.44769],[12.88961,41.44773]]},"properties":{}},{"type":"Feature","geometry":{"type":"LineString","coordinates":[[12.88973,41.44756],[12.88962,41.44768],[12.88964,41.44792]]},"properties":{}},{"type":"Feature","geometry":{"type":"LineString","coordinates":[[12.88926,41.44784],[12.88915,41.44775]]},"properties":{}},{"type":"Feature","geometry":{"type":"LineString","coordinates":[[12.88939,41.44799],[12.88926,41.44784]]},"properties":{}},{"type":"Feature","geometry":{"type":"LineString","coordinates":[[12.88939,41.44799],[12.88964,41.44792]]},"properties":{}},{"type":"Feature","geometry":{"type":"LineString","coordinates":[[12.88538,41.44867],[12.88674,41.44808],[12.88861,41.44739]]},"properties":{}},{"type":"Feature","geometry":{"type":"LineString","coordinates":[[12.88964,41.44792],[12.88989,41.4484]]},"properties":{}},{"type":"Feature","geometry":{"type":"LineString","coordinates":[[12.87787,41.44725],[12.87788,41.44723]]},"properties":{}},{"type":"Feature","geometry":{"type":"LineString","coordinates":[[12.8781,41.44718],[12.87817,41.44723],[12.87817,41.44731],[12.87807,41.44739],[12.87797,41.44739]]},"properties":{}},{"type":"Feature","geometry":{"type":"LineString","coordinates":[[12.87797,41.44739],[12.87788,41.44732],[12.87787,41.44725]]},"properties":{}},{"type":"Feature","geometry":{"type":"LineString","coordinates":[[12.87416,41.44712],[12.87376,41.44728],[12.87368,41.44735],[12.87366,41.44744],[12.87378,41.44762]]},"properties":{}},{"type":"Feature","geometry":{"type":"LineString","coordinates":[[12.87726,41.44764],[12.87732,41.44758],[12.8778,41.44738],[12.87787,41.44725]]},"properties":{}},{"type":"Feature","geometry":{"type":"LineString","coordinates":[[12.87797,41.44739],[12.87791,41.44744],[12.87726,41.44764]]},"properties":{}},{"type":"Feature","geometry":{"type":"LineString","coordinates":[[12.87378,41.44762],[12.87405,41.44762],[12.87445,41.44788]]},"properties":{}},{"type":"Feature","geometry":{"type":"LineString","coordinates":[[12.87378,41.44762],[12.87404,41.44793],[12.87408,41.44813],[12.87412,41.44818],[12.87427,41.44818]]},"properties":{}},{"type":"Feature","geometry":{"type":"LineString","coordinates":[[12.87427,41.44818],[12.8744,41.44807]]},"properties":{}},{"type":"Feature","geometry":{"type":"LineString","coordinates":[[12.87441,41.44824],[12.87427,41.44818]]},"properties":{}},{"type":"Feature","geometry":{"type":"LineString","coordinates":[[12.88907,41.4477],[12.88692,41.44839],[12.88567,41.44886],[12.88528,41.44904]]},"properties":{}},{"type":"Feature","geometry":{"type":"LineString","coordinates":[[12.88989,41.4484],[12.88993,41.44848]]},"properties":{}},{"type":"Feature","geometry":{"type":"LineString","coordinates":[[12.88993,41.44848],[12.89008,41.44876]]},"properties":{}},{"type":"Feature","geometry":{"type":"LineString","coordinates":[[12.89022,41.44947],[12.88939,41.44799]]},"properties":{}},{"type":"Feature","geometry":{"type":"LineString","coordinates":[[12.89008,41.44876],[12.89013,41.44885]]},"properties":{}},{"type":"Feature","geometry":{"type":"LineString","coordinates":[[12.88289,41.44888],[12.88298,41.4488]]},"properties":{}},{"type":"Feature","geometry":{"type":"LineString","coordinates":[[12.88298,41.4488],[12.88314,41.44883],[12.88318,41.44891]]},"properties":{}},{"type":"Feature","geometry":{"type":"LineString","coordinates":[[12.88318,41.44891],[12.88314,41.44898]]},"properties":{}},{"type":"Feature","geometry":{"type":"LineString","coordinates":[[12.88314,41.44898],[12.88308,41.44901],[12.88296,41.449],[12.8829,41.44895],[12.88289,41.44888]]},"properties":{}},{"type":"Feature","geometry":{"type":"LineString","coordinates":[[12.88329,41.44894],[12.88361,41.44896],[12.88397,41.44914],[12.88411,41.44915],[12.88491,41.44887]]},"properties":{}},{"type":"Feature","geometry":{"type":"LineString","coordinates":[[12.87672,41.44831],[12.87658,41.44825]]},"properties":{}},{"type":"Feature","geometry":{"type":"LineString","coordinates":[[12.87609,41.44833],[12.87643,41.44843]]},"properties":{}},{"type":"Feature","geometry":{"type":"LineString","coordinates":[[12.87445,41.44788],[12.87457,41.44791],[12.87539,41.44842],[12.87545,41.44848],[12.87546,41.44855],[12.87541,41.44873],[12.87544,41.44882],[12.87556,41.44891],[12.87568,41.44893],[12.87588,41.44889],[12.87609,41.44833]]},"properties":{}},{"type":"Feature","geometry":{"type":"LineString","coordinates":[[12.87445,41.44788],[12.87439,41.448],[12.87442,41.44834],[12.87454,41.44852],[12.8744,41.4487],[12.87427,41.44878],[12.8739,41.4489],[12.8738,41.449],[12.87386,41.44911],[12.8741,41.44925],[12.87429,41.44941]]},"properties":{}},{"type":"Feature","geometry":{"type":"LineString","coordinates":[[12.87643,41.44843],[12.87653,41.4488],[12.8766,41.4489],[12.87695,41.44914],[12.87735,41.44927]]},"properties":{}},{"type":"Feature","geometry":{"type":"LineString","coordinates":[[12.87749,41.44921],[12.87752,41.44933],[12.87836,41.44958],[12.87848,41.44959],[12.87868,41.44955],[12.8788,41.44949],[12.87897,41.44933],[12.87898,41.44926],[12.87895,41.44918],[12.87862,41.44898],[12.878,41.44879],[12.87762,41.44843],[12.8774,41.44829],[12.87697,41.44818],[12.87677,41.44821],[12.87672,41.44831],[12.87673,41.44841],[12.87679,41.44853],[12.87688,41.44863],[12.87713,41.44877],[12.87731,41.44897],[12.87743,41.44903],[12.8775,41.44915],[12.87749,41.44921]]},"properties":{}},{"type":"Feature","geometry":{"type":"LineString","coordinates":[[12.87556,41.44891],[12.87565,41.44901],[12.87594,41.44902]]},"properties":{}},{"type":"Feature","geometry":{"type":"LineString","coordinates":[[12.87567,41.4494],[12.87589,41.44924],[12.87608,41.44892]]},"properties":{}},{"type":"Feature","geometry":{"type":"LineString","coordinates":[[12.87608,41.44892],[12.87614,41.4495]]},"properties":{}},{"type":"Feature","geometry":{"type":"LineString","coordinates":[[12.87749,41.44921],[12.87735,41.44927]]},"properties":{}},{"type":"Feature","geometry":{"type":"LineString","coordinates":[[12.88318,41.44891],[12.88341,41.44899],[12.88396,41.4493]]},"properties":{}},{"type":"Feature","geometry":{"type":"LineString","coordinates":[[12.89013,41.44885],[12.8904,41.44937]]},"properties":{}},{"type":"Feature","geometry":{"type":"LineString","coordinates":[[12.8836,41.4496],[12.88391,41.44951],[12.88491,41.44887],[12.88538,41.44867]]},"properties":{}},{"type":"Feature","geometry":{"type":"LineString","coordinates":[[12.8839,41.44935],[12.88341,41.44906],[12.88314,41.44898]]},"properties":{}},{"type":"Feature","geometry":{"type":"LineString","coordinates":[[12.88345,41.44987],[12.8846,41.44912],[12.88538,41.44867]]},"properties":{}},{"type":"Feature","geometry":{"type":"LineString","coordinates":[[12.8836,41.4496],[12.88363,41.44945],[12.88356,41.44933],[12.88308,41.44901]]},"properties":{}},{"type":"Feature","geometry":{"type":"LineString","coordinates":[[12.88528,41.44904],[12.88512,41.44924],[12.88512,41.44939],[12.88522,41.44975]]},"properties":{}},{"type":"Feature","geometry":{"type":"LineString","coordinates":[[12.8902,41.44943],[12.8904,41.44937]]},"properties":{}},{"type":"Feature","geometry":{"type":"LineString","coordinates":[[12.8904,41.44937],[12.89045,41.44945]]},"properties":{}},{"type":"Feature","geometry":{"type":"LineString","coordinates":[[12.88396,41.4493],[12.88451,41.44963]]},"properties":{}},{"type":"Feature","geometry":{"type":"LineString","coordinates":[[12.88445,41.44968],[12.8839,41.44935]]},"properties":{}},{"type":"Feature","geometry":{"type":"LineString","coordinates":[[12.8903,41.44962],[12.89022,41.44947]]},"properties":{}},{"type":"Feature","geometry":{"type":"LineString","coordinates":[[12.88447,41.44954],[12.88466,41.44948],[12.88492,41.44952],[12.88503,41.44956],[12.88522,41.44975]]},"properties":{}},{"type":"Feature","geometry":{"type":"LineString","coordinates":[[12.89045,41.44945],[12.89075,41.44997]]},"properties":{}},{"type":"Feature","geometry":{"type":"LineString","coordinates":[[12.88345,41.44987],[12.88353,41.44976],[12.8836,41.4496]]},"properties":{}},{"type":"Feature","geometry":{"type":"LineString","coordinates":[[12.87853,41.44959],[12.8786,41.44974],[12.87859,41.44988]]},"properties":{}},{"type":"Feature","geometry":{"type":"LineString","coordinates":[[12.88528,41.44904],[12.88414,41.44966],[12.8829,41.45043]]},"properties":{}},{"type":"Feature","geometry":{"type":"LineString","coordinates":[[12.89048,41.44993],[12.8903,41.44962]]},"properties":{}},{"type":"Feature","geometry":{"type":"LineString","coordinates":[[12.88424,41.45004],[12.88412,41.44996],[12.8841,41.44991],[12.88413,41.44985],[12.88447,41.44954]]},"properties":{}},{"type":"Feature","geometry":{"type":"LineString","coordinates":[[12.88451,41.44963],[12.88556,41.45026]]},"properties":{}},{"type":"Feature","geometry":{"type":"LineString","coordinates":[[12.87735,41.44927],[12.87752,41.44933]]},"properties":{}},{"type":"Feature","geometry":{"type":"LineString","coordinates":[[12.87567,41.4494],[12.87593,41.44939],[12.87614,41.4495]]},"properties":{}},{"type":"Feature","geometry":{"type":"LineString","coordinates":[[12.87429,41.44941],[12.8742,41.44948],[12.87399,41.44953]]},"properties":{}},{"type":"Feature","geometry":{"type":"LineString","coordinates":[[12.87614,41.4495],[12.8762,41.44959],[12.87622,41.44969],[12.8762,41.44979]]},"properties":{}},{"type":"Feature","geometry":{"type":"LineString","coordinates":[[12.87551,41.4499],[12.87544,41.44981],[12.8754,41.44972],[12.87542,41.44962],[12.87547,41.44952],[12.87567,41.4494]]},"properties":{}},{"type":"Feature","geometry":{"type":"LineString","coordinates":[[12.8762,41.44979],[12.87613,41.44988]]},"properties":{}},{"type":"Feature","geometry":{"type":"LineString","coordinates":[[12.87429,41.44941],[12.87438,41.44949],[12.87456,41.44979],[12.87484,41.45014],[12.87494,41.45038]]},"properties":{}},{"type":"Feature","geometry":{"type":"LineString","coordinates":[[12.87613,41.44988],[12.87601,41.44996]]},"properties":{}},{"type":"Feature","geometry":{"type":"LineString","coordinates":[[12.87601,41.44996],[12.87575,41.44999],[12.87551,41.4499]]},"properties":{}},{"type":"Feature","geometry":{"type":"LineString","coordinates":[[12.87715,41.45001],[12.87752,41.44994]]},"properties":{}},{"type":"Feature","geometry":{"type":"LineString","coordinates":[[12.8854,41.45029],[12.88445,41.44968]]},"properties":{}},{"type":"Feature","geometry":{"type":"LineString","coordinates":[[12.89056,41.45007],[12.89048,41.44993]]},"properties":{}},{"type":"Feature","geometry":{"type":"LineString","coordinates":[[12.88522,41.44975],[12.88532,41.45003],[12.88556,41.45026]]},"properties":{}},{"type":"Feature","geometry":{"type":"LineString","coordinates":[[12.88398,41.44964],[12.8829,41.45043]]},"properties":{}},{"type":"Feature","geometry":{"type":"LineString","coordinates":[[12.89075,41.44997],[12.89084,41.45013]]},"properties":{}},{"type":"Feature","geometry":{"type":"LineString","coordinates":[[12.88068,41.45064],[12.87981,41.45029],[12.87751,41.44952],[12.87725,41.44947],[12.8769,41.44948],[12.87655,41.44958],[12.8763,41.44975],[12.8762,41.44979]]},"properties":{}},{"type":"Feature","geometry":{"type":"LineString","coordinates":[[12.88268,41.45051],[12.88309,41.4502],[12.88398,41.44964]]},"properties":{}},{"type":"Feature","geometry":{"type":"LineString","coordinates":[[12.8854,41.45029],[12.88493,41.45012],[12.88424,41.45004]]},"properties":{}},{"type":"Feature","geometry":{"type":"LineString","coordinates":[[12.88178,41.45076],[12.8821,41.45069],[12.88234,41.45057],[12.8836,41.4496]]},"properties":{}},{"type":"Feature","geometry":{"type":"LineString","coordinates":[[12.89069,41.45029],[12.89056,41.45007]]},"properties":{}},{"type":"Feature","geometry":{"type":"LineString","coordinates":[[12.8768,41.45008],[12.87687,41.45007]]},"properties":{}},{"type":"Feature","geometry":{"type":"LineString","coordinates":[[12.87797,41.44967],[12.87764,41.45009],[12.87735,41.4504],[12.87732,41.45055]]},"properties":{}},{"type":"Feature","geometry":{"type":"LineString","coordinates":[[12.87687,41.45007],[12.87715,41.45001],[12.87722,41.45022],[12.87693,41.45027],[12.87687,41.45007]]},"properties":{}},{"type":"Feature","geometry":{"type":"LineString","coordinates":[[12.8768,41.45008],[12.87626,41.45018],[12.87659,41.45038]]},"properties":{}},{"type":"Feature","geometry":{"type":"LineString","coordinates":[[12.87735,41.4504],[12.87702,41.45026]]},"properties":{}},{"type":"Feature","geometry":{"type":"LineString","coordinates":[[12.87562,41.45079],[12.87563,41.45021],[12.87562,41.45012],[12.87551,41.4499]]},"properties":{}},{"type":"Feature","geometry":{"type":"LineString","coordinates":[[12.87601,41.44996],[12.8758,41.45026],[12.87562,41.45079]]},"properties":{}},{"type":"Feature","geometry":{"type":"LineString","coordinates":[[12.87728,41.45037],[12.87687,41.45042]]},"properties":{}},{"type":"Feature","geometry":{"type":"LineString","coordinates":[[12.87489,41.45043],[12.87494,41.45038]]},"properties":{}},{"type":"Feature","geometry":{"type":"LineString","coordinates":[[12.8768,41.45008],[12.87641,41.45064],[12.87698,41.45084]]},"properties":{}},{"type":"Feature","geometry":{"type":"LineString","coordinates":[[12.88268,41.45051],[12.88345,41.44987]]},"properties":{}},{"type":"Feature","geometry":{"type":"LineString","coordinates":[[12.88178,41.45076],[12.88259,41.45084],[12.88288,41.45082],[12.88402,41.44985],[12.88447,41.44954]]},"properties":{}},{"type":"Feature","geometry":{"type":"LineString","coordinates":[[12.89078,41.45045],[12.89069,41.45029]]},"properties":{}},{"type":"Feature","geometry":{"type":"LineString","coordinates":[[12.88424,41.45004],[12.88397,41.4501],[12.88369,41.45023],[12.88296,41.45085]]},"properties":{}},{"type":"Feature","geometry":{"type":"LineString","coordinates":[[12.89084,41.45013],[12.89142,41.45112],[12.89151,41.45119]]},"properties":{}},{"type":"Feature","geometry":{"type":"LineString","coordinates":[[12.88129,41.45075],[12.88068,41.45064]]},"properties":{}},{"type":"Feature","geometry":{"type":"LineString","coordinates":[[12.8829,41.45043],[12.88213,41.45109]]},"properties":{}},{"type":"Feature","geometry":{"type":"LineString","coordinates":[[12.88164,41.45078],[12.88178,41.45076]]},"properties":{}},{"type":"Feature","geometry":{"type":"LineString","coordinates":[[12.88206,41.45105],[12.88268,41.45051]]},"properties":{}},{"type":"Feature","geometry":{"type":"LineString","coordinates":[[12.89119,41.4512],[12.89078,41.45045]]},"properties":{}},{"type":"Feature","geometry":{"type":"LineString","coordinates":[[12.87735,41.4504],[12.87798,41.45068]]},"properties":{}},{"type":"Feature","geometry":{"type":"LineString","coordinates":[[12.87649,41.45022],[12.87668,41.45026],[12.87679,41.45033],[12.87687,41.45042],[12.87693,41.45059],[12.87682,41.45078],[12.87664,41.45088],[12.87652,41.45087],[12.87641,41.45083],[12.87623,41.45063],[12.87626,41.45044],[12.87632,41.45035],[12.87639,41.45026],[12.87649,41.45022]]},"properties":{}},{"type":"Feature","geometry":{"type":"LineString","coordinates":[[12.87776,41.45059],[12.8778,41.45054],[12.8779,41.45052]]},"properties":{}},{"type":"Feature","geometry":{"type":"LineString","coordinates":[[12.8779,41.45079],[12.87805,41.45059],[12.87771,41.45044]]},"properties":{}},{"type":"Feature","geometry":{"type":"LineString","coordinates":[[12.8749,41.45076],[12.87486,41.45073],[12.8749,41.45059]]},"properties":{}},{"type":"Feature","geometry":{"type":"LineString","coordinates":[[12.87494,41.45038],[12.8751,41.45048],[12.87527,41.45068],[12.87533,41.451]]},"properties":{}},{"type":"Feature","geometry":{"type":"LineString","coordinates":[[12.87505,41.45079],[12.8749,41.45076]]},"properties":{}},{"type":"Feature","geometry":{"type":"LineString","coordinates":[[12.87533,41.451],[12.87505,41.45079]]},"properties":{}},{"type":"Feature","geometry":{"type":"LineString","coordinates":[[12.87482,41.45149],[12.8755,41.4508]]},"properties":{}},{"type":"Feature","geometry":{"type":"LineString","coordinates":[[12.87636,41.4514],[12.87651,41.45131]]},"properties":{}},{"type":"Feature","geometry":{"type":"LineString","coordinates":[[12.88296,41.45085],[12.8827,41.4509],[12.88198,41.45084],[12.88164,41.45078]]},"properties":{}},{"type":"Feature","geometry":{"type":"LineString","coordinates":[[12.88138,41.45111],[12.88125,41.45098],[12.88068,41.45064]]},"properties":{}},{"type":"Feature","geometry":{"type":"LineString","coordinates":[[12.88138,41.45111],[12.88129,41.45075]]},"properties":{}},{"type":"Feature","geometry":{"type":"LineString","coordinates":[[12.89117,41.45112],[12.89138,41.45105]]},"properties":{}},{"type":"Feature","geometry":{"type":"LineString","coordinates":[[12.89151,41.45119],[12.89159,41.45133]]},"properties":{}},{"type":"Feature","geometry":{"type":"LineString","coordinates":[[12.89131,41.4514],[12.89119,41.4512]]},"properties":{}},{"type":"Feature","geometry":{"type":"LineString","coordinates":[[12.88795,41.45164],[12.88774,41.45149],[12.88669,41.45099]]},"properties":{}},{"type":"Feature","geometry":{"type":"LineString","coordinates":[[12.89159,41.45133],[12.89162,41.45138]]},"properties":{}},{"type":"Feature","geometry":{"type":"LineString","coordinates":[[12.88136,41.45168],[12.88206,41.45105]]},"properties":{}},{"type":"Feature","geometry":{"type":"LineString","coordinates":[[12.89162,41.45138],[12.89164,41.45142]]},"properties":{}},{"type":"Feature","geometry":{"type":"LineString","coordinates":[[12.87533,41.451],[12.87529,41.45116],[12.87507,41.45159],[12.87502,41.45167],[12.87482,41.45183],[12.87495,41.45176]]},"properties":{}},{"type":"Feature","geometry":{"type":"LineString","coordinates":[[12.87613,41.44988],[12.87602,41.45035],[12.87604,41.45057],[12.8761,41.45076],[12.87623,41.45099],[12.87643,41.45123],[12.87684,41.45163],[12.87742,41.45204],[12.87841,41.45258],[12.87939,41.45302],[12.87974,41.45302]]},"properties":{}},{"type":"Feature","geometry":{"type":"LineString","coordinates":[[12.87555,41.45196],[12.87563,41.45142],[12.87577,41.45117],[12.87587,41.45111],[12.87604,41.45111],[12.87636,41.4514]]},"properties":{}},{"type":"Feature","geometry":{"type":"LineString","coordinates":[[12.87467,41.45159],[12.87482,41.45149]]},"properties":{}},{"type":"Feature","geometry":{"type":"LineString","coordinates":[[12.87467,41.45159],[12.87439,41.4516]]},"properties":{}},{"type":"Feature","geometry":{"type":"LineString","coordinates":[[12.87443,41.45168],[12.8744,41.45154],[12.87448,41.45144],[12.87455,41.45142],[12.8747,41.45142],[12.87477,41.45144],[12.87485,41.45154],[12.87484,41.45165],[12.87475,41.45173],[12.8746,41.45176],[12.87453,41.45181],[12.87439,41.4518]]},"properties":{}},{"type":"Feature","geometry":{"type":"LineString","coordinates":[[12.87484,41.45172],[12.87467,41.45159]]},"properties":{}},{"type":"Feature","geometry":{"type":"LineString","coordinates":[[12.87636,41.4514],[12.8764,41.45145],[12.87636,41.45157],[12.87592,41.45181],[12.87555,41.45196]]},"properties":{}},{"type":"Feature","geometry":{"type":"LineString","coordinates":[[12.87495,41.45176],[12.87515,41.45193]]},"properties":{}},{"type":"Feature","geometry":{"type":"LineString","coordinates":[[12.87456,41.45179],[12.87476,41.45196]]},"properties":{}},{"type":"Feature","geometry":{"type":"LineString","coordinates":[[13.0,41.39731],[12.99874,41.39816]]},"properties":{}},{"type":"Feature","geometry":{"type":"LineString","coordinates":[[12.99748,41.39889],[13.0,41.39721]]},"properties":{}},{"type":"Feature","geometry":{"type":"LineString","coordinates":[[12.99874,41.39816],[12.9987,41.3983],[12.99875,41.39848]]},"properties":{}},{"type":"Feature","geometry":{"type":"LineString","coordinates":[[12.99874,41.39816],[12.99825,41.39849]]},"properties":{}},{"type":"Feature","geometry":{"type":"LineString","coordinates":[[12.99875,41.39848],[12.99855,41.39844],[12.99825,41.39849]]},"properties":{}},{"type":"Feature","geometry":{"type":"LineString","coordinates":[[12.99741,41.39858],[12.99764,41.39862],[12.99805,41.39851]]},"properties":{}},{"type":"Feature","geometry":{"type":"LineString","coordinates":[[12.99748,41.39889],[12.99748,41.39873],[12.99741,41.39858]]},"properties":{}},{"type":"Feature","geometry":{"type":"LineString","coordinates":[[12.99825,41.39849],[12.99598,41.4],[12.99454,41.40105],[12.9921,41.40263],[12.9914,41.40314],[12.99132,41.40323],[12.99127,41.40335]]},"properties":{}},{"type":"Feature","geometry":{"type":"LineString","coordinates":[[12.99102,41.40317],[12.99129,41.40307],[12.99176,41.40276],[12.993,41.40192],[12.99472,41.40068],[12.99748,41.39889]]},"properties":{}},{"type":"Feature","geometry":{"type":"LineString","coordinates":[[12.99126,41.40331],[12.99126,41.40341],[12.99123,41.40347],[12.99102,41.40354],[12.99087,41.40351],[12.99082,41.40347],[12.99077,41.40335],[12.99084,41.40322],[12.99096,41.40317],[12.99115,41.40319],[12.99126,41.40331]]},"properties":{}},{"type":"Feature","geometry":{"type":"LineString","coordinates":[[12.99126,41.40341],[12.99148,41.40367]]},"properties":{}},{"type":"Feature","geometry":{"type":"LineString","coordinates":[[12.99148,41.40367],[12.9911,41.40353]]},"properties":{}},{"type":"Feature","geometry":{"type":"LineString","coordinates":[[12.98873,41.40482],[12.99058,41.40357],[12.99077,41.40335]]},"properties":{}},{"type":"Feature","geometry":{"type":"LineString","coordinates":[[12.99102,41.40354],[12.99079,41.4036],[12.99035,41.40381],[12.98856,41.40499]]},"properties":{}},{"type":"Feature","geometry":{"type":"LineString","coordinates":[[12.98879,41.40439],[12.98892,41.40443],[12.9891,41.40442],[12.98958,41.40424]]},"properties":{}},{"type":"Feature","geometry":{"type":"LineString","coordinates":[[12.98873,41.40482],[12.98884,41.40459],[12.98879,41.40439]]},"properties":{}},{"type":"Feature","geometry":{"type":"LineString","coordinates":[[12.98853,41.40495],[12.98873,41.40482]]},"properties":{}},{"type":"Feature","geometry":{"type":"LineString","coordinates":[[12.98813,41.40521],[12.98853,41.40495]]},"properties":{}},{"type":"Feature","geometry":{"type":"LineString","coordinates":[[12.98856,41.40499],[12.98817,41.40525]]},"properties":{}},{"type":"Feature","geometry":{"type":"LineString","coordinates":[[12.98817,41.40525],[12.9879,41.40543]]},"properties":{}},{"type":"Feature","geometry":{"type":"LineString","coordinates":[[12.9879,41.40543],[12.98784,41.40561],[12.98792,41.40581]]},"properties":{}},{"type":"Feature","geometry":{"type":"LineString","coordinates":[[12.98792,41.40581],[12.98775,41.40577],[12.98763,41.40578],[12.98707,41.40598]]},"properties":{}},{"type":"Feature","geometry":{"type":"LineString","coordinates":[[12.98474,41.40747],[12.98813,41.40521]]},"properties":{}},{"type":"Feature","geometry":{"type":"LineString","coordinates":[[12.98477,41.40709],[12.9849,41.40712],[12.98501,41.40712],[12.98545,41.40698]]},"properties":{}},{"type":"Feature","geometry":{"type":"LineString","coordinates":[[12.98474,41.40747],[12.98483,41.40728],[12.98477,41.40709]]},"properties":{}},{"type":"Feature","geometry":{"type":"LineString","coordinates":[[12.9879,41.40543],[12.97835,41.4118],[12.97821,41.41192],[12.9781,41.41207]]},"properties":{}},{"type":"Feature","geometry":{"type":"LineString","coordinates":[[12.97793,41.4119],[12.97823,41.41177],[12.97882,41.41142],[12.98474,41.40747]]},"properties":{}},{"type":"Feature","geometry":{"type":"LineString","coordinates":[[12.97739,41.4118],[12.97759,41.41187],[12.97778,41.4119]]},"properties":{}},{"type":"Feature","geometry":{"type":"LineString","coordinates":[[12.97762,41.41204],[12.97739,41.4118]]},"properties":{}},{"type":"Feature","geometry":{"type":"LineString","coordinates":[[12.97762,41.41204],[12.97767,41.41195],[12.97778,41.4119]]},"properties":{}},{"type":"Feature","geometry":{"type":"LineString","coordinates":[[12.97762,41.41211],[12.97762,41.41204]]},"properties":{}},{"type":"Feature","geometry":{"type":"LineString","coordinates":[[12.97778,41.4119],[12.97797,41.41191],[12.97806,41.41196],[12.9781,41.41205],[12.97809,41.41213],[12.97803,41.41221],[12.97783,41.41226]]},"properties":{}},{"type":"Feature","geometry":{"type":"LineString","coordinates":[[12.97783,41.41226],[12.97769,41.41221],[12.97762,41.41211]]},"properties":{}},{"type":"Feature","geometry":{"type":"LineString","coordinates":[[12.97809,41.41213],[12.97824,41.41239]]},"properties":{}},{"type":"Feature","geometry":{"type":"LineString","coordinates":[[12.97824,41.41239],[12.97793,41.41225]]},"properties":{}},{"type":"Feature","geometry":{"type":"LineString","coordinates":[[12.9653,41.41991],[12.97731,41.41239],[12.97751,41.41224],[12.97762,41.41211]]},"properties":{}},{"type":"Feature","geometry":{"type":"LineString","coordinates":[[12.97783,41.41226],[12.9775,41.41237],[12.97707,41.41263],[12.9649,41.42025],[12.96371,41.42107],[12.96243,41.42187],[12.96124,41.42256],[12.951,41.42898],[12.95043,41.42932],[12.94967,41.4297],[12.94953,41.42986]]},"properties":{}},{"type":"Feature","geometry":{"type":"LineString","coordinates":[[12.94932,41.42964],[12.94957,41.42961],[12.94988,41.4295],[12.95053,41.42917],[12.96131,41.42242],[12.96248,41.42161],[12.96369,41.42083],[12.9653,41.41991]]},"properties":{}},{"type":"Feature","geometry":{"type":"LineString","coordinates":[[12.94879,41.42956],[12.94909,41.42965]]},"properties":{}},{"type":"Feature","geometry":{"type":"LineString","coordinates":[[12.94893,41.42979],[12.94879,41.42956]]},"properties":{}},{"type":"Feature","geometry":{"type":"LineString","coordinates":[[12.94892,41.42986],[12.94893,41.42979],[12.94902,41.42968],[12.94916,41.42963],[12.94932,41.42964]]},"properties":{}},{"type":"Feature","geometry":{"type":"LineString","coordinates":[[12.94932,41.42964],[12.94947,41.42972],[12.94953,41.42986]]},"properties":{}},{"type":"Feature","geometry":{"type":"LineString","coordinates":[[12.94904,41.43004],[12.94898,41.42999],[12.94892,41.42986]]},"properties":{}},{"type":"Feature","geometry":{"type":"LineString","coordinates":[[12.94953,41.42986],[12.94948,41.42998],[12.94932,41.43007],[12.94917,41.43008],[12.94904,41.43004]]},"properties":{}},{"type":"Feature","geometry":{"type":"LineString","coordinates":[[12.94952,41.42991],[12.94962,41.43005],[12.94976,41.43017]]},"properties":{}},{"type":"Feature","geometry":{"type":"LineString","coordinates":[[12.94976,41.43017],[12.94932,41.43007]]},"properties":{}},{"type":"Feature","geometry":{"type":"LineString","coordinates":[[12.94904,41.43004],[12.94643,41.43077],[12.93984,41.4325]]},"properties":{}},{"type":"Feature","geometry":{"type":"LineString","coordinates":[[12.93131,41.43464],[12.9318,41.43457],[12.9464,41.4307],[12.94833,41.43016],[12.94867,41.43002],[12.94892,41.42986]]},"properties":{}},{"type":"Feature","geometry":{"type":"LineString","coordinates":[[12.93984,41.4325],[12.9397,41.43263],[12.93969,41.43281]]},"properties":{}},{"type":"Feature","geometry":{"type":"LineString","coordinates":[[12.93969,41.43281],[12.93955,41.43272],[12.93941,41.43269],[12.93888,41.43276]]},"properties":{}},{"type":"Feature","geometry":{"type":"LineString","coordinates":[[12.93984,41.4325],[12.93191,41.4346],[12.93138,41.4348]]},"properties":{}},{"type":"Feature","geometry":{"type":"LineString","coordinates":[[12.93104,41.43439],[12.93125,41.43462]]},"properties":{}},{"type":"Feature","geometry":{"type":"LineString","coordinates":[[12.93102,41.43469],[12.93104,41.43439]]},"properties":{}},{"type":"Feature","geometry":{"type":"LineString","coordinates":[[12.93101,41.43471],[12.93113,41.43462],[12.93131,41.43464]]},"properties":{}},{"type":"Feature","geometry":{"type":"LineString","coordinates":[[12.93131,41.43464],[12.93138,41.43471],[12.93138,41.4348]]},"properties":{}},{"type":"Feature","geometry":{"type":"LineString","coordinates":[[12.93108,41.43488],[12.93101,41.4348],[12.93101,41.43471]]},"properties":{}},{"type":"Feature","geometry":{"type":"LineString","coordinates":[[12.93138,41.4348],[12.93125,41.4349],[12.93108,41.43488]]},"properties":{}},{"type":"Feature","geometry":{"type":"LineString","coordinates":[[12.93135,41.43485],[12.93135,41.43515]]},"properties":{}},{"type":"Feature","geometry":{"type":"LineString","coordinates":[[12.93135,41.43515],[12.93113,41.4349]]},"properties":{}},{"type":"Feature","geometry":{"type":"LineString","coordinates":[[12.91813,41.4382],[12.91846,41.43809],[12.92497,41.43637],[12.92762,41.43559],[12.93055,41.43489],[12.93101,41.43471]]},"properties":{}},{"type":"Feature","geometry":{"type":"LineString","coordinates":[[12.93108,41.43488],[12.93051,41.43497],[12.92729,41.43588],[12.92533,41.43634],[12.91877,41.43807]]},"properties":{}},{"type":"Feature","geometry":{"type":"LineString","coordinates":[[12.91877,41.43807],[12.91813,41.4382]]},"properties":{}},{"type":"Feature","geometry":{"type":"LineString","coordinates":[[12.92302,41.45942],[12.92335,41.45922]]},"properties":{}},{"type":"Feature","geometry":{"type":"LineString","coordinates":[[12.92368,41.45927],[12.92359,41.45939]]},"properties":{}},{"type":"Feature","geometry":{"type":"LineString","coordinates":[[12.92368,41.45927],[12.92395,41.45945]]},"properties":{}},{"type":"Feature","geometry":{"type":"LineString","coordinates":[[12.92359,41.45939],[12.92343,41.45938]]},"properties":{}},{"type":"Feature","geometry":{"type":"LineString","coordinates":[[12.92343,41.45938],[12.92319,41.45938],[12.92302,41.45942]]},"properties":{}},{"type":"Feature","geometry":{"type":"LineString","coordinates":[[12.92353,41.45957],[12.92344,41.45939]]},"properties":{}},{"type":"Feature","geometry":{"type":"LineString","coordinates":[[12.92353,41.45957],[12.92334,41.45945],[12.92302,41.45942]]},"properties":{}},{"type":"Feature","geometry":{"type":"LineString","coordinates":[[12.92359,41.45939],[12.92357,41.45968]]},"properties":{}},{"type":"Feature","geometry":{"type":"LineString","coordinates":[[12.92357,41.45968],[12.92353,41.45957]]},"properties":{}},{"type":"Feature","geometry":{"type":"LineString","coordinates":[[12.92067,41.4602],[12.92099,41.46024]]},"properties":{}},{"type":"Feature","geometry":{"type":"LineString","coordinates":[[12.92158,41.47211],[12.9216,41.4722]]},"properties":{}},{"type":"Feature","geometry":{"type":"LineString","coordinates":[[12.91891,41.47244],[12.91883,41.47235],[12.91862,41.47221]]},"properties":{}},{"type":"Feature","geometry":{"type":"LineString","coordinates":[[12.9216,41.4722],[12.92166,41.47249],[12.9215,41.47258]]},"properties":{}},{"type":"Feature","geometry":{"type":"LineString","coordinates":[[12.91862,41.47221],[12.91845,41.47233],[12.91823,41.47234],[12.91788,41.47245],[12.91786,41.47252],[12.91796,41.47273]]},"properties":{}},{"type":"Feature","geometry":{"type":"LineString","coordinates":[[12.88803,41.45147],[12.88815,41.45147]]},"properties":{}},{"type":"Feature","geometry":{"type":"LineString","coordinates":[[12.88815,41.45147],[12.88866,41.45149]]},"properties":{}},{"type":"Feature","geometry":{"type":"LineString","coordinates":[[12.88094,41.45191],[12.88138,41.45143],[12.88141,41.45134],[12.88138,41.45111]]},"properties":{}},{"type":"Feature","geometry":{"type":"LineString","coordinates":[[12.88815,41.45147],[12.88823,41.45152],[12.88824,41.45162]]},"properties":{}},{"type":"Feature","geometry":{"type":"LineString","coordinates":[[12.88866,41.45149],[12.88836,41.45155],[12.88824,41.45162]]},"properties":{}},{"type":"Feature","geometry":{"type":"LineString","coordinates":[[12.88795,41.45164],[12.88794,41.45153],[12.88803,41.45147]]},"properties":{}},{"type":"Feature","geometry":{"type":"LineString","coordinates":[[12.89148,41.45165],[12.8917,41.45158]]},"properties":{}},{"type":"Feature","geometry":{"type":"LineString","coordinates":[[12.88824,41.45162],[12.88812,41.4517],[12.88802,41.45169],[12.88795,41.45164]]},"properties":{}},{"type":"Feature","geometry":{"type":"LineString","coordinates":[[12.89176,41.45216],[12.89138,41.45145],[12.89131,41.4514]]},"properties":{}},{"type":"Feature","geometry":{"type":"LineString","coordinates":[[12.88094,41.45191],[12.88136,41.45168]]},"properties":{}},{"type":"Feature","geometry":{"type":"LineString","coordinates":[[12.88145,41.45168],[12.88115,41.4521],[12.88106,41.4523]]},"properties":{}},{"type":"Feature","geometry":{"type":"LineString","coordinates":[[12.88213,41.45109],[12.8811,41.45201],[12.88024,41.45292]]},"properties":{}},{"type":"Feature","geometry":{"type":"LineString","coordinates":[[12.89164,41.45142],[12.89168,41.45155],[12.89232,41.45267]]},"properties":{}},{"type":"Feature","geometry":{"type":"LineString","coordinates":[[12.8918,41.45223],[12.89176,41.45216]]},"properties":{}},{"type":"Feature","geometry":{"type":"LineString","coordinates":[[12.89182,41.45228],[12.8918,41.45223]]},"properties":{}},{"type":"Feature","geometry":{"type":"LineString","coordinates":[[12.88018,41.4529],[12.88136,41.45168]]},"properties":{}},{"type":"Feature","geometry":{"type":"LineString","coordinates":[[12.88458,41.45305],[12.88256,41.45175],[12.88224,41.45162],[12.88193,41.4516],[12.88167,41.4517],[12.88138,41.45195],[12.88106,41.4523]]},"properties":{}},{"type":"Feature","geometry":{"type":"LineString","coordinates":[[12.89192,41.45243],[12.89182,41.45228]]},"properties":{}},{"type":"Feature","geometry":{"type":"LineString","coordinates":[[12.89193,41.45246],[12.89216,41.45238]]},"properties":{}},{"type":"Feature","geometry":{"type":"LineString","coordinates":[[12.87989,41.45296],[12.88012,41.45281],[12.88094,41.45191]]},"properties":{}},{"type":"Feature","geometry":{"type":"LineString","coordinates":[[12.87449,41.45195],[12.87435,41.452]]},"properties":{}},{"type":"Feature","geometry":{"type":"LineString","coordinates":[[12.87428,41.4519],[12.8742,41.45201],[12.87427,41.45216]]},"properties":{}},{"type":"Feature","geometry":{"type":"LineString","coordinates":[[12.87577,41.45204],[12.87559,41.45204],[12.87541,41.45209]]},"properties":{}},{"type":"Feature","geometry":{"type":"LineString","coordinates":[[12.87515,41.45193],[12.87528,41.45185],[12.8753,41.4519],[12.87496,41.45214],[12.87443,41.45236]]},"properties":{}},{"type":"Feature","geometry":{"type":"LineString","coordinates":[[12.87373,41.45231],[12.87374,41.4522],[12.87384,41.45214],[12.874,41.45209],[12.87422,41.45207]]},"properties":{}},{"type":"Feature","geometry":{"type":"LineString","coordinates":[[12.87459,41.45245],[12.87521,41.4522],[12.87541,41.45209],[12.87555,41.45196]]},"properties":{}},{"type":"Feature","geometry":{"type":"LineString","coordinates":[[12.8743,41.45215],[12.8744,41.45229]]},"properties":{}},{"type":"Feature","geometry":{"type":"LineString","coordinates":[[12.87203,41.45224],[12.87232,41.45224],[12.87268,41.45228],[12.87295,41.45236],[12.87327,41.45251]]},"properties":{}},{"type":"Feature","geometry":{"type":"LineString","coordinates":[[12.87438,41.4523],[12.87445,41.45245],[12.87456,41.45246]]},"properties":{}},{"type":"Feature","geometry":{"type":"LineString","coordinates":[[12.87452,41.45247],[12.87442,41.45254]]},"properties":{}},{"type":"Feature","geometry":{"type":"LineString","coordinates":[[12.88654,41.45249],[12.88668,41.4525]]},"properties":{}},{"type":"Feature","geometry":{"type":"LineString","coordinates":[[12.89215,41.45283],[12.89192,41.45243]]},"properties":{}},{"type":"Feature","geometry":{"type":"LineString","coordinates":[[12.89232,41.45267],[12.89237,41.45276]]},"properties":{}},{"type":"Feature","geometry":{"type":"LineString","coordinates":[[12.89215,41.45283],[12.89237,41.45276]]},"properties":{}},{"type":"Feature","geometry":{"type":"LineString","coordinates":[[12.89221,41.45292],[12.89215,41.45283]]},"properties":{}},{"type":"Feature","geometry":{"type":"LineString","coordinates":[[12.8856,41.45289],[12.88563,41.45292]]},"properties":{}},{"type":"Feature","geometry":{"type":"LineString","coordinates":[[12.87974,41.45302],[12.87989,41.45296]]},"properties":{}},{"type":"Feature","geometry":{"type":"LineString","coordinates":[[12.89237,41.45276],[12.89268,41.45328]]},"properties":{}},{"type":"Feature","geometry":{"type":"LineString","coordinates":[[12.87989,41.45296],[12.8801,41.45298],[12.88026,41.45309],[12.88031,41.45317]]},"properties":{}},{"type":"Feature","geometry":{"type":"LineString","coordinates":[[12.87954,41.45308],[12.87948,41.45314]]},"properties":{}},{"type":"Feature","geometry":{"type":"LineString","coordinates":[[12.88583,41.45378],[12.88585,41.45373],[12.88529,41.45338],[12.88528,41.45327],[12.88566,41.45282],[12.88654,41.45249]]},"properties":{}},{"type":"Feature","geometry":{"type":"LineString","coordinates":[[12.87967,41.4535],[12.88018,41.4529]]},"properties":{}},{"type":"Feature","geometry":{"type":"LineString","coordinates":[[12.88031,41.45317],[12.88031,41.45324]]},"properties":{}},{"type":"Feature","geometry":{"type":"LineString","coordinates":[[12.87926,41.45303],[12.87948,41.45314],[12.87951,41.45321],[12.87951,41.45331],[12.87947,41.45339],[12.87949,41.45341]]},"properties":{}},{"type":"Feature","geometry":{"type":"LineString","coordinates":[[12.88024,41.45292],[12.87972,41.45353]]},"properties":{}},{"type":"Feature","geometry":{"type":"LineString","coordinates":[[12.88018,41.45344],[12.87993,41.45349],[12.87969,41.4534],[12.87961,41.45328],[12.8796,41.45321],[12.87966,41.45308],[12.87974,41.45302]]},"properties":{}},{"type":"Feature","geometry":{"type":"LineString","coordinates":[[12.8926,41.45359],[12.89221,41.45292]]},"properties":{}},{"type":"Feature","geometry":{"type":"LineString","coordinates":[[12.89265,41.45324],[12.89243,41.4533]]},"properties":{}},{"type":"Feature","geometry":{"type":"LineString","coordinates":[[12.89268,41.45328],[12.89272,41.45337]]},"properties":{}},{"type":"Feature","geometry":{"type":"LineString","coordinates":[[12.88031,41.45324],[12.8803,41.45331],[12.88018,41.45344]]},"properties":{}},{"type":"Feature","geometry":{"type":"LineString","coordinates":[[12.87327,41.45251],[12.87334,41.45253]]},"properties":{}},{"type":"Feature","geometry":{"type":"LineString","coordinates":[[12.87334,41.45253],[12.87336,41.45263]]},"properties":{}},{"type":"Feature","geometry":{"type":"LineString","coordinates":[[12.87336,41.45263],[12.8731,41.45275],[12.87298,41.45272],[12.87295,41.45265]]},"properties":{}},{"type":"Feature","geometry":{"type":"LineString","coordinates":[[12.87317,41.45295],[12.87358,41.4528],[12.87378,41.45269]]},"properties":{}},{"type":"Feature","geometry":{"type":"LineString","coordinates":[[12.87477,41.45318],[12.87455,41.45324]]},"properties":{}},{"type":"Feature","geometry":{"type":"LineString","coordinates":[[12.87055,41.45425],[12.87039,41.45395],[12.87036,41.45361],[12.87042,41.45327],[12.87062,41.4529],[12.87082,41.45269],[12.87114,41.45248],[12.87156,41.45233],[12.87203,41.45224]]},"properties":{}},{"type":"Feature","geometry":{"type":"LineString","coordinates":[[12.87295,41.45265],[12.87272,41.45247],[12.87241,41.4524],[12.87203,41.45239],[12.87154,41.4525],[12.87116,41.45266],[12.87087,41.45289],[12.87068,41.45313],[12.87057,41.45344],[12.87056,41.45375],[12.87063,41.45401],[12.87082,41.45429],[12.87112,41.45454],[12.8715,41.45472],[12.87193,41.45482],[12.87224,41.45483],[12.87264,41.45474]]},"properties":{}},{"type":"Feature","geometry":{"type":"LineString","coordinates":[[12.87337,41.45546],[12.87351,41.45539],[12.87393,41.4553],[12.87472,41.45507],[12.87538,41.45479],[12.87551,41.45465],[12.87556,41.45451],[12.87528,41.45366],[12.87497,41.45343],[12.87477,41.45318],[12.87488,41.45301]]},"properties":{}},{"type":"Feature","geometry":{"type":"LineString","coordinates":[[12.8726,41.45495],[12.87198,41.45497],[12.87147,41.45487],[12.87113,41.45473],[12.87091,41.45461],[12.87072,41.45445],[12.87055,41.45425]]},"properties":{}},{"type":"Feature","geometry":{"type":"LineString","coordinates":[[12.87264,41.45474],[12.87279,41.45475],[12.87286,41.45486]]},"properties":{}},{"type":"Feature","geometry":{"type":"LineString","coordinates":[[12.88031,41.45324],[12.88046,41.4534],[12.88066,41.45352]]},"properties":{}},{"type":"Feature","geometry":{"type":"LineString","coordinates":[[12.88033,41.45346],[12.88044,41.45335]]},"properties":{}},{"type":"Feature","geometry":{"type":"LineString","coordinates":[[12.87949,41.45341],[12.87956,41.45344]]},"properties":{}},{"type":"Feature","geometry":{"type":"LineString","coordinates":[[12.88032,41.45349],[12.88033,41.45346]]},"properties":{}},{"type":"Feature","geometry":{"type":"LineString","coordinates":[[12.88066,41.45352],[12.88034,41.45344],[12.88018,41.45344]]},"properties":{}},{"type":"Feature","geometry":{"type":"LineString","coordinates":[[12.87981,41.45356],[12.87988,41.4536]]},"properties":{}},{"type":"Feature","geometry":{"type":"LineString","coordinates":[[12.87988,41.4536],[12.88032,41.45349],[12.881,41.45372],[12.88101,41.45371]]},"properties":{}},{"type":"Feature","geometry":{"type":"LineString","coordinates":[[12.89266,41.45369],[12.8926,41.45359]]},"properties":{}},{"type":"Feature","geometry":{"type":"LineString","coordinates":[[12.88578,41.45383],[12.88583,41.45378]]},"properties":{}},{"type":"Feature","geometry":{"type":"LineString","coordinates":[[12.88002,41.45349],[12.87985,41.4536],[12.87938,41.45418],[12.879,41.45452]]},"properties":{}},{"type":"Feature","geometry":{"type":"LineString","coordinates":[[12.90043,41.45415],[12.90058,41.45402],[12.90069,41.45399]]},"properties":{}},{"type":"Feature","geometry":{"type":"LineString","coordinates":[[12.90069,41.45399],[12.9006,41.4541],[12.90061,41.45419]]},"properties":{}},{"type":"Feature","geometry":{"type":"LineString","coordinates":[[12.89272,41.45337],[12.89376,41.4552]]},"properties":{}},{"type":"Feature","geometry":{"type":"LineString","coordinates":[[12.89339,41.45498],[12.89266,41.45369]]},"properties":{}},{"type":"Feature","geometry":{"type":"LineString","coordinates":[[12.9001,41.45442],[12.90003,41.45431]]},"properties":{}},{"type":"Feature","geometry":{"type":"LineString","coordinates":[[12.8996,41.4545],[12.89972,41.45443],[12.90026,41.45424]]},"properties":{}},{"type":"Feature","geometry":{"type":"LineString","coordinates":[[12.90059,41.45455],[12.90036,41.45457],[12.90013,41.45448],[12.89964,41.45456]]},"properties":{}},{"type":"Feature","geometry":{"type":"LineString","coordinates":[[12.89964,41.45456],[12.8996,41.4545]]},"properties":{}},{"type":"Feature","geometry":{"type":"LineString","coordinates":[[12.89318,41.45462],[12.89339,41.45455]]},"properties":{}},{"type":"Feature","geometry":{"type":"LineString","coordinates":[[12.90085,41.45472],[12.901,41.45464]]},"properties":{}},{"type":"Feature","geometry":{"type":"LineString","coordinates":[[12.87791,41.45631],[12.87797,41.45603],[12.87812,41.45559],[12.87847,41.45493],[12.87882,41.45437],[12.87961,41.45328]]},"properties":{}},{"type":"Feature","geometry":{"type":"LineString","coordinates":[[12.89342,41.45504],[12.89339,41.45498]]},"properties":{}},{"type":"Feature","geometry":{"type":"LineString","coordinates":[[12.89353,41.45522],[12.89342,41.45504]]},"properties":{}},{"type":"Feature","geometry":{"type":"LineString","coordinates":[[12.89357,41.45529],[12.89353,41.45522]]},"properties":{}},{"type":"Feature","geometry":{"type":"LineString","coordinates":[[12.89376,41.4552],[12.89384,41.45533]]},"properties":{}},{"type":"Feature","geometry":{"type":"LineString","coordinates":[[12.8877,41.4551],[12.88783,41.45519],[12.88837,41.45575],[12.88864,41.45584]]},"properties":{}},{"type":"Feature","geometry":{"type":"LineString","coordinates":[[12.89384,41.45533],[12.89402,41.45566]]},"properties":{}},{"type":"Feature","geometry":{"type":"LineString","coordinates":[[12.89382,41.45573],[12.89357,41.45529]]},"properties":{}},{"type":"Feature","geometry":{"type":"LineString","coordinates":[[12.90191,41.4565],[12.9021,41.45634],[12.90207,41.45626],[12.90178,41.45598],[12.90181,41.45578],[12.90179,41.45571],[12.90077,41.45464],[12.90059,41.45455]]},"properties":{}},{"type":"Feature","geometry":{"type":"LineString","coordinates":[[12.88829,41.45602],[12.88828,41.45592],[12.8882,41.45574],[12.8877,41.4551]]},"properties":{}},{"type":"Feature","geometry":{"type":"LineString","coordinates":[[12.90173,41.45565],[12.90187,41.45558]]},"properties":{}},{"type":"Feature","geometry":{"type":"LineString","coordinates":[[12.89382,41.45573],[12.89402,41.45566]]},"properties":{}},{"type":"Feature","geometry":{"type":"LineString","coordinates":[[12.88864,41.45584],[12.88876,41.45586]]},"properties":{}},{"type":"Feature","geometry":{"type":"LineString","coordinates":[[12.88829,41.45602],[12.88842,41.45589],[12.88864,41.45584]]},"properties":{}},{"type":"Feature","geometry":{"type":"LineString","coordinates":[[12.8941,41.45619],[12.89382,41.45573]]},"properties":{}},{"type":"Feature","geometry":{"type":"LineString","coordinates":[[12.88876,41.45586],[12.8889,41.45594],[12.88898,41.45606]]},"properties":{}},{"type":"Feature","geometry":{"type":"LineString","coordinates":[[12.88898,41.45606],[12.88897,41.45619]]},"properties":{}},{"type":"Feature","geometry":{"type":"LineString","coordinates":[[12.88857,41.45637],[12.88835,41.45627],[12.88827,41.45613],[12.88829,41.45602]]},"properties":{}},{"type":"Feature","geometry":{"type":"LineString","coordinates":[[12.89413,41.45624],[12.8941,41.45619]]},"properties":{}},{"type":"Feature","geometry":{"type":"LineString","coordinates":[[12.88897,41.45619],[12.88886,41.45631],[12.88877,41.45635],[12.88857,41.45637]]},"properties":{}},{"type":"Feature","geometry":{"type":"LineString","coordinates":[[12.8847,41.45588],[12.88538,41.45657],[12.88554,41.45671],[12.88582,41.45684]]},"properties":{}},{"type":"Feature","geometry":{"type":"LineString","coordinates":[[12.8854,41.45697],[12.88539,41.45679],[12.88531,41.45666],[12.8849,41.45616],[12.8847,41.45588]]},"properties":{}},{"type":"Feature","geometry":{"type":"LineString","coordinates":[[12.91574,41.45751],[12.91561,41.45741],[12.91511,41.45736],[12.91486,41.45726],[12.91379,41.4562],[12.91368,41.45605],[12.91366,41.45591],[12.91376,41.45538],[12.9138,41.45533],[12.9139,41.45527],[12.91403,41.45525],[12.91522,41.45541],[12.91678,41.45699],[12.91689,41.45717],[12.91688,41.45731],[12.91681,41.45746],[12.91659,41.45759],[12.916,41.45771],[12.91586,41.45763],[12.91574,41.45751]]},"properties":{}},{"type":"Feature","geometry":{"type":"LineString","coordinates":[[12.88603,41.45692],[12.88624,41.4569],[12.88827,41.45613]]},"properties":{}},{"type":"Feature","geometry":{"type":"LineString","coordinates":[[12.9027,41.4566],[12.90281,41.45652]]},"properties":{}},{"type":"Feature","geometry":{"type":"LineString","coordinates":[[12.90206,41.45664],[12.90191,41.4565]]},"properties":{}},{"type":"Feature","geometry":{"type":"LineString","coordinates":[[12.89446,41.45654],[12.89468,41.45668],[12.895,41.45667]]},"properties":{}},{"type":"Feature","geometry":{"type":"LineString","coordinates":[[12.89432,41.45665],[12.89451,41.45658]]},"properties":{}},{"type":"Feature","geometry":{"type":"LineString","coordinates":[[12.89401,41.45706],[12.89424,41.45692],[12.89432,41.45681],[12.8943,41.45656],[12.89413,41.45624]]},"properties":{}},{"type":"Feature","geometry":{"type":"LineString","coordinates":[[12.88842,41.45632],[12.88822,41.4563],[12.88799,41.45634],[12.88627,41.45699],[12.88617,41.45709]]},"properties":{}},{"type":"Feature","geometry":{"type":"LineString","coordinates":[[12.89464,41.45673],[12.8948,41.45673],[12.895,41.45667]]},"properties":{}},{"type":"Feature","geometry":{"type":"LineString","coordinates":[[12.89446,41.45682],[12.89453,41.45673],[12.8946,41.45672]]},"properties":{}},{"type":"Feature","geometry":{"type":"LineString","coordinates":[[12.895,41.45667],[12.89484,41.45679],[12.89475,41.45693]]},"properties":{}},{"type":"Feature","geometry":{"type":"LineString","coordinates":[[12.8946,41.45672],[12.89471,41.4568],[12.89475,41.45693]]},"properties":{}},{"type":"Feature","geometry":{"type":"LineString","coordinates":[[12.89445,41.45685],[12.89446,41.45682]]},"properties":{}},{"type":"Feature","geometry":{"type":"LineString","coordinates":[[12.89475,41.45693],[12.89475,41.45697]]},"properties":{}},{"type":"Feature","geometry":{"type":"LineString","coordinates":[[12.89463,41.45712],[12.89458,41.45712],[12.89451,41.45706],[12.89446,41.45699],[12.89445,41.45685]]},"properties":{}},{"type":"Feature","geometry":{"type":"LineString","coordinates":[[12.90295,41.45759],[12.9032,41.45746],[12.90335,41.45734],[12.90336,41.45722],[12.9033,41.45711],[12.90249,41.45646],[12.90238,41.45647],[12.90206,41.45664]]},"properties":{}},{"type":"Feature","geometry":{"type":"LineString","coordinates":[[12.89475,41.45697],[12.89471,41.45708],[12.89463,41.45712]]},"properties":{}},{"type":"Feature","geometry":{"type":"LineString","coordinates":[[12.89475,41.45697],[12.89481,41.45704],[12.89492,41.45734]]},"properties":{}},{"type":"Feature","geometry":{"type":"LineString","coordinates":[[12.8726,41.45495],[12.87254,41.45485],[12.87256,41.4548],[12.87264,41.45474]]},"properties":{}},{"type":"Feature","geometry":{"type":"LineString","coordinates":[[12.87286,41.45486],[12.87281,41.45495],[12.87269,41.45498]]},"properties":{}},{"type":"Feature","geometry":{"type":"LineString","coordinates":[[12.87269,41.45498],[12.8726,41.45495]]},"properties":{}},{"type":"Feature","geometry":{"type":"LineString","coordinates":[[12.87409,41.4571],[12.87269,41.45498]]},"properties":{}},{"type":"Feature","geometry":{"type":"LineString","coordinates":[[12.87286,41.45486],[12.87445,41.45732]]},"properties":{}},{"type":"Feature","geometry":{"type":"LineString","coordinates":[[12.87429,41.4574],[12.87409,41.4571]]},"properties":{}},{"type":"Feature","geometry":{"type":"LineString","coordinates":[[12.87526,41.46167],[12.87818,41.45576],[12.8785,41.45518],[12.87904,41.45434],[12.87967,41.4535]]},"properties":{}},{"type":"Feature","geometry":{"type":"LineString","coordinates":[[12.87972,41.45353],[12.87911,41.45436],[12.87824,41.45576],[12.87561,41.46112],[12.87526,41.46167]]},"properties":{}},{"type":"Feature","geometry":{"type":"LineString","coordinates":[[12.87445,41.45732],[12.87476,41.45767],[12.87531,41.45804]]},"properties":{}},{"type":"Feature","geometry":{"type":"LineString","coordinates":[[12.87531,41.45804],[12.87475,41.4578],[12.87451,41.45762],[12.87429,41.4574]]},"properties":{}},{"type":"Feature","geometry":{"type":"LineString","coordinates":[[12.8857,41.45684],[12.88582,41.45684],[12.88603,41.45692],[12.88612,41.457],[12.88617,41.45709],[12.88617,41.45721],[12.88613,41.45731],[12.88594,41.45745],[12.88567,41.45747],[12.88554,41.45744],[12.88543,41.45737],[12.88535,41.45728],[12.88532,41.45718],[12.88534,41.45707],[12.8854,41.45697],[12.88558,41.45686],[12.8857,41.45684]]},"properties":{}},{"type":"Feature","geometry":{"type":"LineString","coordinates":[[12.89418,41.45728],[12.89401,41.45706]]},"properties":{}},{"type":"Feature","geometry":{"type":"LineString","coordinates":[[12.89483,41.45743],[12.89469,41.45728],[12.89454,41.45723],[12.8944,41.45723],[12.89418,41.45728]]},"properties":{}},{"type":"Feature","geometry":{"type":"LineString","coordinates":[[12.89483,41.45743],[12.89501,41.45738]]},"properties":{}},{"type":"Feature","geometry":{"type":"LineString","coordinates":[[12.89501,41.45738],[12.89507,41.45741],[12.8952,41.45764]]},"properties":{}},{"type":"Feature","geometry":{"type":"LineString","coordinates":[[12.89327,41.45752],[12.89306,41.45768],[12.89296,41.45779]]},"properties":{}},{"type":"Feature","geometry":{"type":"LineString","coordinates":[[12.89282,41.45768],[12.89284,41.45768]]},"properties":{}},{"type":"Feature","geometry":{"type":"LineString","coordinates":[[12.8952,41.45764],[12.89526,41.45775]]},"properties":{}},{"type":"Feature","geometry":{"type":"LineString","coordinates":[[12.89262,41.45774],[12.89282,41.45768]]},"properties":{}},{"type":"Feature","geometry":{"type":"LineString","coordinates":[[12.88617,41.45721],[12.88622,41.45752],[12.88657,41.45837]]},"properties":{}},{"type":"Feature","geometry":{"type":"LineString","coordinates":[[12.90203,41.45821],[12.9021,41.45811],[12.90342,41.45738]]},"properties":{}},{"type":"Feature","geometry":{"type":"LineString","coordinates":[[12.89284,41.45768],[12.89295,41.45776],[12.89294,41.45787],[12.89286,41.45793],[12.89272,41.45794]]},"properties":{}},{"type":"Feature","geometry":{"type":"LineString","coordinates":[[12.89267,41.45792],[12.89261,41.45786],[12.89262,41.45774]]},"properties":{}},{"type":"Feature","geometry":{"type":"LineString","coordinates":[[12.89526,41.45775],[12.89539,41.45798]]},"properties":{}},{"type":"Feature","geometry":{"type":"LineString","coordinates":[[12.89247,41.45799],[12.89243,41.45782]]},"properties":{}},{"type":"Feature","geometry":{"type":"LineString","coordinates":[[12.88657,41.45837],[12.88605,41.45763],[12.88594,41.45752],[12.88581,41.45748]]},"properties":{}},{"type":"Feature","geometry":{"type":"LineString","coordinates":[[12.89272,41.45794],[12.89267,41.45792]]},"properties":{}},{"type":"Feature","geometry":{"type":"LineString","coordinates":[[12.89521,41.45806],[12.89539,41.45798]]},"properties":{}},{"type":"Feature","geometry":{"type":"LineString","coordinates":[[12.91524,41.45809],[12.9157,41.45799]]},"properties":{}},{"type":"Feature","geometry":{"type":"LineString","coordinates":[[12.91534,41.45806],[12.91524,41.45814]]},"properties":{}},{"type":"Feature","geometry":{"type":"LineString","coordinates":[[12.91524,41.45814],[12.91519,41.45818]]},"properties":{}},{"type":"Feature","geometry":{"type":"LineString","coordinates":[[12.89539,41.45798],[12.89559,41.45834],[12.89566,41.45838]]},"properties":{}},{"type":"Feature","geometry":{"type":"LineString","coordinates":[[12.89535,41.45834],[12.89521,41.45806]]},"properties":{}},{"type":"Feature","geometry":{"type":"LineString","coordinates":[[12.90852,41.45815],[12.90862,41.45813],[12.91041,41.45833],[12.91046,41.45829]]},"properties":{}},{"type":"Feature","geometry":{"type":"LineString","coordinates":[[12.91275,41.45837],[12.91342,41.45837],[12.91402,41.45832],[12.91524,41.45809]]},"properties":{}},{"type":"Feature","geometry":{"type":"LineString","coordinates":[[12.90822,41.45835],[12.90829,41.45834],[12.90852,41.45815]]},"properties":{}},{"type":"Feature","geometry":{"type":"LineString","coordinates":[[12.90836,41.45828],[12.90842,41.45832]]},"properties":{}},{"type":"Feature","geometry":{"type":"LineString","coordinates":[[12.89535,41.45834],[12.89555,41.45827]]},"properties":{}},{"type":"Feature","geometry":{"type":"LineString","coordinates":[[12.91529,41.45816],[12.91379,41.45842],[12.91317,41.45846],[12.91238,41.45843]]},"properties":{}},{"type":"Feature","geometry":{"type":"LineString","coordinates":[[12.90914,41.45827],[12.90921,41.45826],[12.90929,41.4583],[12.90938,41.45846]]},"properties":{}},{"type":"Feature","geometry":{"type":"LineString","coordinates":[[12.90938,41.45846],[12.90955,41.45834],[12.90965,41.45832],[12.91003,41.45846]]},"properties":{}},{"type":"Feature","geometry":{"type":"LineString","coordinates":[[12.89542,41.45845],[12.89535,41.45834]]},"properties":{}},{"type":"Feature","geometry":{"type":"LineString","coordinates":[[12.90914,41.45827],[12.90886,41.45857]]},"properties":{}},{"type":"Feature","geometry":{"type":"LineString","coordinates":[[12.88642,41.45874],[12.88613,41.4582],[12.88588,41.45784],[12.88572,41.45777],[12.88563,41.45776],[12.88549,41.45784],[12.88547,41.45796],[12.88585,41.4586],[12.88587,41.45869],[12.88623,41.45917]]},"properties":{}},{"type":"Feature","geometry":{"type":"LineString","coordinates":[[12.88585,41.4586],[12.88599,41.45857],[12.88618,41.45846],[12.88626,41.45845]]},"properties":{}},{"type":"Feature","geometry":{"type":"LineString","coordinates":[[12.89566,41.45838],[12.89583,41.45867]]},"properties":{}},{"type":"Feature","geometry":{"type":"LineString","coordinates":[[12.89557,41.45867],[12.89542,41.45845]]},"properties":{}},{"type":"Feature","geometry":{"type":"LineString","coordinates":[[12.90946,41.4586],[12.90912,41.45858],[12.9089,41.45853]]},"properties":{}},{"type":"Feature","geometry":{"type":"LineString","coordinates":[[12.90938,41.45846],[12.90946,41.4586],[12.90958,41.45868],[12.9098,41.45871],[12.90997,41.45865]]},"properties":{}},{"type":"Feature","geometry":{"type":"LineString","coordinates":[[12.90938,41.45846],[12.90912,41.45872]]},"properties":{}},{"type":"Feature","geometry":{"type":"LineString","coordinates":[[12.91035,41.45854],[12.91017,41.45857],[12.90997,41.45865]]},"properties":{}},{"type":"Feature","geometry":{"type":"LineString","coordinates":[[12.88658,41.45868],[12.88667,41.45866]]},"properties":{}},{"type":"Feature","geometry":{"type":"LineString","coordinates":[[12.90842,41.45832],[12.90974,41.45908]]},"properties":{}},{"type":"Feature","geometry":{"type":"LineString","coordinates":[[12.88642,41.45874],[12.88658,41.45868]]},"properties":{}},{"type":"Feature","geometry":{"type":"LineString","coordinates":[[12.90815,41.45871],[12.90827,41.45872]]},"properties":{}},{"type":"Feature","geometry":{"type":"LineString","coordinates":[[12.91005,41.45876],[12.90993,41.45869]]},"properties":{}},{"type":"Feature","geometry":{"type":"LineString","coordinates":[[12.89564,41.45879],[12.89557,41.45867]]},"properties":{}},{"type":"Feature","geometry":{"type":"LineString","coordinates":[[12.9101,41.45879],[12.91005,41.45876]]},"properties":{}},{"type":"Feature","geometry":{"type":"LineString","coordinates":[[12.90946,41.4586],[12.90964,41.45858],[12.91003,41.45846],[12.9102,41.45849],[12.9104,41.45856],[12.91053,41.45869],[12.91051,41.45894],[12.91059,41.45912]]},"properties":{}},{"type":"Feature","geometry":{"type":"LineString","coordinates":[[12.89567,41.45885],[12.89584,41.45879]]},"properties":{}},{"type":"Feature","geometry":{"type":"LineString","coordinates":[[12.9157,41.45799],[12.91668,41.45781],[12.91707,41.45778],[12.91762,41.45785],[12.91815,41.45801],[12.91844,41.45817],[12.91876,41.4584],[12.92067,41.4602]]},"properties":{}},{"type":"Feature","geometry":{"type":"LineString","coordinates":[[12.9233,41.45895],[12.92348,41.45906],[12.92376,41.45908]]},"properties":{}},{"type":"Feature","geometry":{"type":"LineString","coordinates":[[12.92327,41.45889],[12.92336,41.45906],[12.92346,41.45915]]},"properties":{}},{"type":"Feature","geometry":{"type":"LineString","coordinates":[[12.92056,41.46023],[12.92012,41.45978],[12.91867,41.45847],[12.91834,41.45823],[12.91796,41.45804],[12.91746,41.4579],[12.91694,41.45785],[12.91529,41.45816]]},"properties":{}},{"type":"Feature","geometry":{"type":"LineString","coordinates":[[12.92336,41.45921],[12.9233,41.45902]]},"properties":{}},{"type":"Feature","geometry":{"type":"LineString","coordinates":[[12.92302,41.45942],[12.92326,41.45916],[12.9233,41.45902],[12.92327,41.45889]]},"properties":{}},{"type":"Feature","geometry":{"type":"LineString","coordinates":[[12.92335,41.45922],[12.92341,41.45917],[12.92352,41.45914]]},"properties":{}},{"type":"Feature","geometry":{"type":"LineString","coordinates":[[12.92352,41.45914],[12.92361,41.45917],[12.92368,41.45924]]},"properties":{}},{"type":"Feature","geometry":{"type":"LineString","coordinates":[[12.92368,41.45924],[12.92368,41.45927]]},"properties":{}},{"type":"Feature","geometry":{"type":"LineString","coordinates":[[12.92343,41.45938],[12.92335,41.45932],[12.92335,41.45922]]},"properties":{}},{"type":"Feature","geometry":{"type":"LineString","coordinates":[[12.90997,41.45865],[12.90963,41.45902]]},"properties":{}},{"type":"Feature","geometry":{"type":"LineString","coordinates":[[12.91024,41.4589],[12.91012,41.45892],[12.91006,41.45883],[12.91012,41.45878],[12.91022,41.45879],[12.91026,41.45883],[12.91024,41.4589]]},"properties":{}},{"type":"Feature","geometry":{"type":"LineString","coordinates":[[12.91001,41.45895],[12.91009,41.4589]]},"properties":{}},{"type":"Feature","geometry":{"type":"LineString","coordinates":[[12.88623,41.45917],[12.88642,41.45874]]},"properties":{}},{"type":"Feature","geometry":{"type":"LineString","coordinates":[[12.89922,41.45974],[12.9016,41.45842],[12.90176,41.45837]]},"properties":{}},{"type":"Feature","geometry":{"type":"LineString","coordinates":[[12.90974,41.45908],[12.91001,41.45895],[12.91058,41.45921]]},"properties":{}},{"type":"Feature","geometry":{"type":"LineString","coordinates":[[12.90176,41.45837],[12.90167,41.45848],[12.90092,41.45891],[12.89925,41.45982]]},"properties":{}},{"type":"Feature","geometry":{"type":"LineString","coordinates":[[12.91059,41.45914],[12.91068,41.45911]]},"properties":{}},{"type":"Feature","geometry":{"type":"LineString","coordinates":[[12.89583,41.45867],[12.89584,41.45879],[12.8963,41.45959]]},"properties":{}},{"type":"Feature","geometry":{"type":"LineString","coordinates":[[12.90974,41.45908],[12.9096,41.45919]]},"properties":{}},{"type":"Feature","geometry":{"type":"LineString","coordinates":[[12.89578,41.45951],[12.89587,41.45939],[12.8959,41.45927],[12.89564,41.45879]]},"properties":{}},{"type":"Feature","geometry":{"type":"LineString","coordinates":[[12.91058,41.45921],[12.91059,41.45912]]},"properties":{}},{"type":"Feature","geometry":{"type":"LineString","coordinates":[[12.88925,41.45917],[12.88963,41.4592]]},"properties":{}},{"type":"Feature","geometry":{"type":"LineString","coordinates":[[12.90822,41.45872],[12.90809,41.45946],[12.9081,41.45951],[12.90817,41.45955],[12.90861,41.4596],[12.90878,41.45955],[12.90893,41.45956],[12.909,41.45962],[12.90897,41.45978]]},"properties":{}},{"type":"Feature","geometry":{"type":"LineString","coordinates":[[12.88963,41.4592],[12.88925,41.45934]]},"properties":{}},{"type":"Feature","geometry":{"type":"LineString","coordinates":[[12.91058,41.45921],[12.91065,41.45938]]},"properties":{}},{"type":"Feature","geometry":{"type":"LineString","coordinates":[[12.89247,41.45799],[12.89265,41.458],[12.89281,41.45808],[12.89295,41.45824],[12.89303,41.45844],[12.89299,41.4587],[12.89273,41.45941],[12.89269,41.45945],[12.89265,41.461]]},"properties":{}},{"type":"Feature","geometry":{"type":"LineString","coordinates":[[12.91055,41.45975],[12.91048,41.4596],[12.91025,41.45945],[12.91023,41.45937],[12.91027,41.45931],[12.91034,41.45928],[12.91065,41.45938]]},"properties":{}},{"type":"Feature","geometry":{"type":"LineString","coordinates":[[12.90934,41.45944],[12.90928,41.45953],[12.90932,41.45958],[12.90926,41.45964]]},"properties":{}},{"type":"Feature","geometry":{"type":"LineString","coordinates":[[12.89269,41.45955],[12.89297,41.45956]]},"properties":{}},{"type":"Feature","geometry":{"type":"LineString","coordinates":[[12.91076,41.45984],[12.91067,41.45974],[12.91065,41.45938]]},"properties":{}},{"type":"Feature","geometry":{"type":"LineString","coordinates":[[12.9096,41.45919],[12.90877,41.45998],[12.90875,41.46004]]},"properties":{}},{"type":"Feature","geometry":{"type":"LineString","coordinates":[[12.89578,41.45951],[12.89524,41.45973]]},"properties":{}},{"type":"Feature","geometry":{"type":"LineString","coordinates":[[12.89594,41.45973],[12.89578,41.45951]]},"properties":{}},{"type":"Feature","geometry":{"type":"LineString","coordinates":[[12.89524,41.45973],[12.89519,41.45975]]},"properties":{}},{"type":"Feature","geometry":{"type":"LineString","coordinates":[[12.91055,41.45975],[12.91067,41.45974]]},"properties":{}},{"type":"Feature","geometry":{"type":"LineString","coordinates":[[12.8963,41.45959],[12.89647,41.45992]]},"properties":{}},{"type":"Feature","geometry":{"type":"LineString","coordinates":[[12.89911,41.4598],[12.89922,41.45974]]},"properties":{}},{"type":"Feature","geometry":{"type":"LineString","coordinates":[[12.89925,41.45982],[12.89922,41.45974]]},"properties":{}},{"type":"Feature","geometry":{"type":"LineString","coordinates":[[12.89519,41.45975],[12.8949,41.45985]]},"properties":{}},{"type":"Feature","geometry":{"type":"LineString","coordinates":[[12.88601,41.46043],[12.88616,41.46032],[12.8863,41.46002],[12.88632,41.45981],[12.88623,41.45917]]},"properties":{}},{"type":"Feature","geometry":{"type":"LineString","coordinates":[[12.89925,41.45982],[12.89911,41.4598]]},"properties":{}},{"type":"Feature","geometry":{"type":"LineString","coordinates":[[12.89891,41.4599],[12.89911,41.4598]]},"properties":{}},{"type":"Feature","geometry":{"type":"LineString","coordinates":[[12.8949,41.45985],[12.89483,41.45987]]},"properties":{}},{"type":"Feature","geometry":{"type":"LineString","coordinates":[[12.89418,41.46011],[12.89343,41.46026],[12.89326,41.46027],[12.89312,41.46022],[12.89303,41.46016],[12.89295,41.46002],[12.89297,41.45956]]},"properties":{}},{"type":"Feature","geometry":{"type":"LineString","coordinates":[[12.89482,41.45999],[12.89477,41.4599]]},"properties":{}},{"type":"Feature","geometry":{"type":"LineString","coordinates":[[12.90897,41.45978],[12.90898,41.45992],[12.9091,41.46],[12.91034,41.46015],[12.91048,41.46012],[12.91056,41.46004],[12.91055,41.45975]]},"properties":{}},{"type":"Feature","geometry":{"type":"LineString","coordinates":[[12.89483,41.45987],[12.89426,41.46008]]},"properties":{}},{"type":"Feature","geometry":{"type":"LineString","coordinates":[[12.89647,41.45992],[12.89656,41.46004]]},"properties":{}},{"type":"Feature","geometry":{"type":"LineString","coordinates":[[12.91049,41.46025],[12.91064,41.46004],[12.91068,41.45978]]},"properties":{}},{"type":"Feature","geometry":{"type":"LineString","coordinates":[[12.89656,41.46004],[12.89661,41.46012]]},"properties":{}},{"type":"Feature","geometry":{"type":"LineString","coordinates":[[12.89426,41.46008],[12.89418,41.46011]]},"properties":{}},{"type":"Feature","geometry":{"type":"LineString","coordinates":[[12.89925,41.45982],[12.8981,41.46044]]},"properties":{}},{"type":"Feature","geometry":{"type":"LineString","coordinates":[[12.89803,41.46037],[12.89891,41.4599]]},"properties":{}},{"type":"Feature","geometry":{"type":"LineString","coordinates":[[12.89674,41.46073],[12.89624,41.4599],[12.89611,41.45978],[12.89594,41.45973]]},"properties":{}},{"type":"Feature","geometry":{"type":"LineString","coordinates":[[12.89343,41.46026],[12.89349,41.46044]]},"properties":{}},{"type":"Feature","geometry":{"type":"LineString","coordinates":[[12.89795,41.46042],[12.89803,41.46037]]},"properties":{}},{"type":"Feature","geometry":{"type":"LineString","coordinates":[[12.89803,41.46037],[12.8981,41.46044]]},"properties":{}},{"type":"Feature","geometry":{"type":"LineString","coordinates":[[12.88568,41.46081],[12.88614,41.46058],[12.8857,41.46007],[12.88528,41.46027]]},"properties":{}},{"type":"Feature","geometry":{"type":"LineString","coordinates":[[12.89801,41.46049],[12.89795,41.46042]]},"properties":{}},{"type":"Feature","geometry":{"type":"LineString","coordinates":[[12.8981,41.46044],[12.89801,41.46049]]},"properties":{}},{"type":"Feature","geometry":{"type":"LineString","coordinates":[[12.89661,41.46012],[12.89704,41.46089],[12.89713,41.46093]]},"properties":{}},{"type":"Feature","geometry":{"type":"LineString","coordinates":[[12.89688,41.4606],[12.8967,41.46067]]},"properties":{}},{"type":"Feature","geometry":{"type":"LineString","coordinates":[[12.88645,41.46074],[12.88642,41.4607]]},"properties":{}},{"type":"Feature","geometry":{"type":"LineString","coordinates":[[12.88662,41.46074],[12.88667,41.46071]]},"properties":{}},{"type":"Feature","geometry":{"type":"LineString","coordinates":[[12.89709,41.4611],[12.89719,41.46096],[12.89795,41.46042]]},"properties":{}},{"type":"Feature","geometry":{"type":"LineString","coordinates":[[12.89679,41.46081],[12.89674,41.46073]]},"properties":{}},{"type":"Feature","geometry":{"type":"LineString","coordinates":[[12.89801,41.46049],[12.89727,41.46102],[12.89709,41.4611]]},"properties":{}},{"type":"Feature","geometry":{"type":"LineString","coordinates":[[12.88566,41.46082],[12.88568,41.46081]]},"properties":{}},{"type":"Feature","geometry":{"type":"LineString","coordinates":[[12.88563,41.46083],[12.88566,41.46082]]},"properties":{}},{"type":"Feature","geometry":{"type":"LineString","coordinates":[[12.88662,41.46074],[12.8865,41.46071],[12.88587,41.46101]]},"properties":{}},{"type":"Feature","geometry":{"type":"LineString","coordinates":[[12.89694,41.46108],[12.89679,41.46081]]},"properties":{}},{"type":"Feature","geometry":{"type":"LineString","coordinates":[[12.89713,41.46093],[12.89722,41.46098]]},"properties":{}},{"type":"Feature","geometry":{"type":"LineString","coordinates":[[12.88587,41.46101],[12.88581,41.46094]]},"properties":{}},{"type":"Feature","geometry":{"type":"LineString","coordinates":[[12.89722,41.46098],[12.89725,41.461]]},"properties":{}},{"type":"Feature","geometry":{"type":"LineString","coordinates":[[12.89725,41.461],[12.8973,41.46107]]},"properties":{}},{"type":"Feature","geometry":{"type":"LineString","coordinates":[[12.89265,41.461],[12.89265,41.46109]]},"properties":{}},{"type":"Feature","geometry":{"type":"LineString","coordinates":[[12.88587,41.46101],[12.88573,41.46108]]},"properties":{}},{"type":"Feature","geometry":{"type":"LineString","coordinates":[[12.88569,41.46104],[12.88573,41.46108]]},"properties":{}},{"type":"Feature","geometry":{"type":"LineString","coordinates":[[12.89698,41.46116],[12.89694,41.46108]]},"properties":{}},{"type":"Feature","geometry":{"type":"LineString","coordinates":[[12.89429,41.46166],[12.89469,41.46151],[12.89592,41.4612],[12.89687,41.46072]]},"properties":{}},{"type":"Feature","geometry":{"type":"LineString","coordinates":[[12.89705,41.46125],[12.89698,41.46116]]},"properties":{}},{"type":"Feature","geometry":{"type":"LineString","coordinates":[[12.89712,41.46132],[12.89705,41.46125]]},"properties":{}},{"type":"Feature","geometry":{"type":"LineString","coordinates":[[12.89718,41.46137],[12.89731,41.46127]]},"properties":{}},{"type":"Feature","geometry":{"type":"LineString","coordinates":[[12.8973,41.46107],[12.89727,41.46123],[12.89751,41.46147],[12.89782,41.46172]]},"properties":{}},{"type":"Feature","geometry":{"type":"LineString","coordinates":[[12.89709,41.4611],[12.89607,41.46124],[12.89474,41.46157],[12.8943,41.46173]]},"properties":{}},{"type":"Feature","geometry":{"type":"LineString","coordinates":[[12.88573,41.46108],[12.88384,41.46196],[12.88385,41.462],[12.88381,41.46202]]},"properties":{}},{"type":"Feature","geometry":{"type":"LineString","coordinates":[[12.89768,41.46184],[12.89712,41.46132]]},"properties":{}},{"type":"Feature","geometry":{"type":"LineString","coordinates":[[12.89782,41.46172],[12.89792,41.46179]]},"properties":{}},{"type":"Feature","geometry":{"type":"LineString","coordinates":[[12.89265,41.46109],[12.8926,41.46227],[12.89256,41.46235],[12.89236,41.4625]]},"properties":{}},{"type":"Feature","geometry":{"type":"LineString","coordinates":[[12.89777,41.4619],[12.89768,41.46184]]},"properties":{}},{"type":"Feature","geometry":{"type":"LineString","coordinates":[[12.89298,41.46214],[12.8932,41.46216],[12.89346,41.4621],[12.89429,41.46166]]},"properties":{}},{"type":"Feature","geometry":{"type":"LineString","coordinates":[[12.88381,41.46202],[12.88375,41.46196]]},"properties":{}},{"type":"Feature","geometry":{"type":"LineString","coordinates":[[12.89792,41.46179],[12.89855,41.46221],[12.89857,41.46219]]},"properties":{}},{"type":"Feature","geometry":{"type":"LineString","coordinates":[[12.8943,41.46173],[12.89331,41.46224],[12.89298,41.46233]]},"properties":{}},{"type":"Feature","geometry":{"type":"LineString","coordinates":[[12.88381,41.46202],[12.88366,41.46209]]},"properties":{}},{"type":"Feature","geometry":{"type":"LineString","coordinates":[[12.88358,41.46209],[12.88355,41.46205]]},"properties":{}},{"type":"Feature","geometry":{"type":"LineString","coordinates":[[12.88374,41.46209],[12.88371,41.46206]]},"properties":{}},{"type":"Feature","geometry":{"type":"LineString","coordinates":[[12.89839,41.46235],[12.89843,41.46232],[12.89777,41.4619]]},"properties":{}},{"type":"Feature","geometry":{"type":"LineString","coordinates":[[12.89266,41.46224],[12.89267,41.46219]]},"properties":{}},{"type":"Feature","geometry":{"type":"LineString","coordinates":[[12.88366,41.46209],[12.8836,41.46208],[12.88296,41.46238]]},"properties":{}},{"type":"Feature","geometry":{"type":"LineString","coordinates":[[12.89857,41.46219],[12.89873,41.46229]]},"properties":{}},{"type":"Feature","geometry":{"type":"LineString","coordinates":[[12.8984,41.46231],[12.89853,41.4622]]},"properties":{}},{"type":"Feature","geometry":{"type":"LineString","coordinates":[[12.88296,41.46238],[12.88291,41.46241]]},"properties":{}},{"type":"Feature","geometry":{"type":"LineString","coordinates":[[12.89852,41.46244],[12.89839,41.46235]]},"properties":{}},{"type":"Feature","geometry":{"type":"LineString","coordinates":[[12.89875,41.46235],[12.89863,41.46245]]},"properties":{}},{"type":"Feature","geometry":{"type":"LineString","coordinates":[[12.89362,41.46254],[12.89341,41.46228]]},"properties":{}},{"type":"Feature","geometry":{"type":"LineString","coordinates":[[12.89199,41.46274],[12.8924,41.46253],[12.8926,41.46235],[12.89266,41.46224]]},"properties":{}},{"type":"Feature","geometry":{"type":"LineString","coordinates":[[12.8929,41.46237],[12.89248,41.46261],[12.89199,41.46274]]},"properties":{}},{"type":"Feature","geometry":{"type":"LineString","coordinates":[[12.89876,41.46258],[12.89867,41.46253]]},"properties":{}},{"type":"Feature","geometry":{"type":"LineString","coordinates":[[12.89236,41.4625],[12.89253,41.46266]]},"properties":{}},{"type":"Feature","geometry":{"type":"LineString","coordinates":[[12.89272,41.46281],[12.89328,41.46256],[12.89329,41.4625],[12.89318,41.46237]]},"properties":{}},{"type":"Feature","geometry":{"type":"LineString","coordinates":[[12.89379,41.46258],[12.89374,41.46254],[12.89366,41.46252],[12.89358,41.46256],[12.89356,41.46262],[12.89361,41.46268],[12.8937,41.4627],[12.89378,41.46265],[12.89379,41.46258]]},"properties":{}},{"type":"Feature","geometry":{"type":"LineString","coordinates":[[12.89275,41.46284],[12.89336,41.46256],[12.89357,41.46258]]},"properties":{}},{"type":"Feature","geometry":{"type":"LineString","coordinates":[[12.89914,41.46284],[12.89876,41.46258]]},"properties":{}},{"type":"Feature","geometry":{"type":"LineString","coordinates":[[12.89253,41.46266],[12.89262,41.46279]]},"properties":{}},{"type":"Feature","geometry":{"type":"LineString","coordinates":[[12.8926,41.4629],[12.89266,41.46286],[12.89262,41.46279]]},"properties":{}},{"type":"Feature","geometry":{"type":"LineString","coordinates":[[12.89261,41.46291],[12.89271,41.4629],[12.89274,41.46282],[12.89267,41.46279],[12.8926,41.4628],[12.89257,41.46286],[12.89261,41.46291]]},"properties":{}},{"type":"Feature","geometry":{"type":"LineString","coordinates":[[12.89921,41.4629],[12.89914,41.46284]]},"properties":{}},{"type":"Feature","geometry":{"type":"LineString","coordinates":[[12.89061,41.46305],[12.89101,41.46302],[12.89157,41.46288]]},"properties":{}},{"type":"Feature","geometry":{"type":"LineString","coordinates":[[12.89951,41.4631],[12.89921,41.4629]]},"properties":{}},{"type":"Feature","geometry":{"type":"LineString","coordinates":[[12.89271,41.4629],[12.89285,41.46305],[12.89325,41.4631]]},"properties":{}},{"type":"Feature","geometry":{"type":"LineString","coordinates":[[12.89043,41.46299],[12.89061,41.46305]]},"properties":{}},{"type":"Feature","geometry":{"type":"LineString","coordinates":[[12.89007,41.46309],[12.89023,41.463],[12.89043,41.46299]]},"properties":{}},{"type":"Feature","geometry":{"type":"LineString","coordinates":[[12.89157,41.46288],[12.89098,41.46311],[12.89082,41.46322],[12.89075,41.46331]]},"properties":{}},{"type":"Feature","geometry":{"type":"LineString","coordinates":[[12.89962,41.46317],[12.89951,41.4631]]},"properties":{}},{"type":"Feature","geometry":{"type":"LineString","coordinates":[[12.88998,41.46325],[12.89007,41.46309]]},"properties":{}},{"type":"Feature","geometry":{"type":"LineString","coordinates":[[12.89061,41.46305],[12.89071,41.46314],[12.89075,41.46325],[12.89072,41.46338],[12.89063,41.46348]]},"properties":{}},{"type":"Feature","geometry":{"type":"LineString","coordinates":[[12.891,41.46367],[12.8911,41.46345],[12.89119,41.46333],[12.89147,41.46314],[12.89187,41.46302],[12.89218,41.46303],[12.89258,41.46288]]},"properties":{}},{"type":"Feature","geometry":{"type":"LineString","coordinates":[[12.90024,41.4636],[12.89962,41.46317]]},"properties":{}},{"type":"Feature","geometry":{"type":"LineString","coordinates":[[12.89017,41.46352],[12.89001,41.46339],[12.88998,41.46325]]},"properties":{}},{"type":"Feature","geometry":{"type":"LineString","coordinates":[[12.89063,41.46348],[12.89049,41.46355],[12.89024,41.46355]]},"properties":{}},{"type":"Feature","geometry":{"type":"LineString","coordinates":[[12.89024,41.46355],[12.89017,41.46352]]},"properties":{}},{"type":"Feature","geometry":{"type":"LineString","coordinates":[[12.90024,41.4636],[12.90034,41.46364]]},"properties":{}},{"type":"Feature","geometry":{"type":"LineString","coordinates":[[12.90041,41.46369],[12.90034,41.46364]]},"properties":{}},{"type":"Feature","geometry":{"type":"LineString","coordinates":[[12.9005,41.46375],[12.90041,41.46369]]},"properties":{}},{"type":"Feature","geometry":{"type":"LineString","coordinates":[[12.8926,41.4629],[12.89157,41.46336],[12.89152,41.46341],[12.89154,41.46348],[12.89235,41.46456]]},"properties":{}},{"type":"Feature","geometry":{"type":"LineString","coordinates":[[12.89098,41.46379],[12.89107,41.46375],[12.89103,41.46368],[12.89096,41.46367],[12.89091,41.46371],[12.89092,41.46377],[12.89098,41.46379]]},"properties":{}},{"type":"Feature","geometry":{"type":"LineString","coordinates":[[12.90047,41.46393],[12.9006,41.46383],[12.9005,41.46375]]},"properties":{}},{"type":"Feature","geometry":{"type":"LineString","coordinates":[[12.90039,41.464],[12.90047,41.46393]]},"properties":{}},{"type":"Feature","geometry":{"type":"LineString","coordinates":[[12.9003,41.46407],[12.90039,41.464]]},"properties":{}},{"type":"Feature","geometry":{"type":"LineString","coordinates":[[12.90025,41.46411],[12.9003,41.46407]]},"properties":{}},{"type":"Feature","geometry":{"type":"LineString","coordinates":[[12.90011,41.46423],[12.90025,41.46411]]},"properties":{}},{"type":"Feature","geometry":{"type":"LineString","coordinates":[[12.89098,41.46379],[12.89105,41.46408],[12.89123,41.46429],[12.89142,41.46442],[12.89175,41.46454]]},"properties":{}},{"type":"Feature","geometry":{"type":"LineString","coordinates":[[12.90972,41.4636],[12.90974,41.4637],[12.90911,41.46484]]},"properties":{}},{"type":"Feature","geometry":{"type":"LineString","coordinates":[[12.90836,41.46426],[12.90834,41.46423]]},"properties":{}},{"type":"Feature","geometry":{"type":"LineString","coordinates":[[12.90002,41.46428],[12.90011,41.46423]]},"properties":{}},{"type":"Feature","geometry":{"type":"LineString","coordinates":[[12.89131,41.46448],[12.89142,41.46442]]},"properties":{}},{"type":"Feature","geometry":{"type":"LineString","coordinates":[[12.89321,41.46447],[12.89328,41.46448]]},"properties":{}},{"type":"Feature","geometry":{"type":"LineString","coordinates":[[12.89328,41.46448],[12.89346,41.46449]]},"properties":{}},{"type":"Feature","geometry":{"type":"LineString","coordinates":[[12.89346,41.46449],[12.89352,41.4645]]},"properties":{}},{"type":"Feature","geometry":{"type":"LineString","coordinates":[[12.89352,41.4645],[12.89366,41.46452]]},"properties":{}},{"type":"Feature","geometry":{"type":"LineString","coordinates":[[12.90974,41.4637],[12.90982,41.46375],[12.91084,41.46522],[12.91085,41.4653],[12.91082,41.46533]]},"properties":{}},{"type":"Feature","geometry":{"type":"LineString","coordinates":[[12.90259,41.4652],[12.90178,41.46465],[12.90193,41.46452],[12.90093,41.46384]]},"properties":{}},{"type":"Feature","geometry":{"type":"LineString","coordinates":[[12.89366,41.46452],[12.8938,41.46453]]},"properties":{}},{"type":"Feature","geometry":{"type":"LineString","coordinates":[[12.8938,41.46453],[12.89392,41.46454]]},"properties":{}},{"type":"Feature","geometry":{"type":"LineString","coordinates":[[12.89392,41.46454],[12.89399,41.46455]]},"properties":{}},{"type":"Feature","geometry":{"type":"LineString","coordinates":[[12.89399,41.46455],[12.8941,41.46456]]},"properties":{}},{"type":"Feature","geometry":{"type":"LineString","coordinates":[[12.90836,41.46426],[12.90879,41.46486]]},"properties":{}},{"type":"Feature","geometry":{"type":"LineString","coordinates":[[12.8941,41.46456],[12.89417,41.46457]]},"properties":{}},{"type":"Feature","geometry":{"type":"LineString","coordinates":[[12.89239,41.4647],[12.89292,41.46445],[12.89321,41.46447]]},"properties":{}},{"type":"Feature","geometry":{"type":"LineString","coordinates":[[12.89417,41.46457],[12.89422,41.46458]]},"properties":{}},{"type":"Feature","geometry":{"type":"LineString","coordinates":[[12.89242,41.46453],[12.89221,41.46462]]},"properties":{}},{"type":"Feature","geometry":{"type":"LineString","coordinates":[[12.89145,41.46464],[12.89167,41.46452]]},"properties":{}},{"type":"Feature","geometry":{"type":"LineString","coordinates":[[12.89422,41.46458],[12.89431,41.46459]]},"properties":{}},{"type":"Feature","geometry":{"type":"LineString","coordinates":[[12.91112,41.46422],[12.90928,41.46495]]},"properties":{}},{"type":"Feature","geometry":{"type":"LineString","coordinates":[[12.89431,41.46459],[12.89437,41.46459]]},"properties":{}},{"type":"Feature","geometry":{"type":"LineString","coordinates":[[12.89437,41.46459],[12.8945,41.46461]]},"properties":{}},{"type":"Feature","geometry":{"type":"LineString","coordinates":[[12.89235,41.46456],[12.89244,41.46467]]},"properties":{}},{"type":"Feature","geometry":{"type":"LineString","coordinates":[[12.8945,41.46461],[12.89469,41.46463]]},"properties":{}},{"type":"Feature","geometry":{"type":"LineString","coordinates":[[12.89918,41.46497],[12.90002,41.46428]]},"properties":{}},{"type":"Feature","geometry":{"type":"LineString","coordinates":[[12.89469,41.46463],[12.89478,41.46464]]},"properties":{}},{"type":"Feature","geometry":{"type":"LineString","coordinates":[[12.89478,41.46464],[12.89506,41.46467]]},"properties":{}},{"type":"Feature","geometry":{"type":"LineString","coordinates":[[12.89221,41.46462],[12.89212,41.46453],[12.89202,41.46449],[12.89184,41.46451],[12.89175,41.46454],[12.8917,41.4646],[12.89167,41.46469],[12.89175,41.46485]]},"properties":{}},{"type":"Feature","geometry":{"type":"LineString","coordinates":[[12.89221,41.46462],[12.89232,41.46473]]},"properties":{}},{"type":"Feature","geometry":{"type":"LineString","coordinates":[[12.89506,41.46467],[12.89519,41.46468]]},"properties":{}},{"type":"Feature","geometry":{"type":"LineString","coordinates":[[12.89519,41.46468],[12.89543,41.46471]]},"properties":{}},{"type":"Feature","geometry":{"type":"LineString","coordinates":[[12.89234,41.46472],[12.89239,41.4647]]},"properties":{}},{"type":"Feature","geometry":{"type":"LineString","coordinates":[[12.89543,41.46471],[12.89551,41.46472]]},"properties":{}},{"type":"Feature","geometry":{"type":"LineString","coordinates":[[12.89232,41.46473],[12.89234,41.46472]]},"properties":{}},{"type":"Feature","geometry":{"type":"LineString","coordinates":[[12.89551,41.46472],[12.89592,41.46476]]},"properties":{}},{"type":"Feature","geometry":{"type":"LineString","coordinates":[[12.90941,41.4643],[12.91007,41.46524]]},"properties":{}},{"type":"Feature","geometry":{"type":"LineString","coordinates":[[12.89592,41.46476],[12.8961,41.46478]]},"properties":{}},{"type":"Feature","geometry":{"type":"LineString","coordinates":[[12.90911,41.46484],[12.90909,41.46488]]},"properties":{}},{"type":"Feature","geometry":{"type":"LineString","coordinates":[[12.90882,41.4649],[12.90879,41.46486]]},"properties":{}},{"type":"Feature","geometry":{"type":"LineString","coordinates":[[12.90707,41.46492],[12.90714,41.46493]]},"properties":{}},{"type":"Feature","geometry":{"type":"LineString","coordinates":[[12.90928,41.46495],[12.90923,41.46497]]},"properties":{}},{"type":"Feature","geometry":{"type":"LineString","coordinates":[[12.90714,41.46493],[12.90861,41.46508]]},"properties":{}},{"type":"Feature","geometry":{"type":"LineString","coordinates":[[12.89906,41.46507],[12.89918,41.46497]]},"properties":{}},{"type":"Feature","geometry":{"type":"LineString","coordinates":[[12.8961,41.46478],[12.89601,41.46521],[12.89681,41.4653]]},"properties":{}},{"type":"Feature","geometry":{"type":"LineString","coordinates":[[12.90868,41.46509],[12.90861,41.46508]]},"properties":{}},{"type":"Feature","geometry":{"type":"LineString","coordinates":[[12.90871,41.46498],[12.90868,41.46505],[12.90869,41.46515],[12.90875,41.46524],[12.90884,41.46529],[12.90896,41.46531],[12.90911,41.46529],[12.90922,41.46522],[12.90926,41.46514],[12.90925,41.465],[12.90909,41.46488],[12.90886,41.46488],[12.90871,41.46498]]},"properties":{}},{"type":"Feature","geometry":{"type":"LineString","coordinates":[[12.90926,41.46514],[12.90932,41.46515]]},"properties":{}},{"type":"Feature","geometry":{"type":"LineString","coordinates":[[12.89877,41.46529],[12.89906,41.46507]]},"properties":{}},{"type":"Feature","geometry":{"type":"LineString","coordinates":[[12.90866,41.46521],[12.90871,41.46519]]},"properties":{}},{"type":"Feature","geometry":{"type":"LineString","coordinates":[[12.90248,41.4653],[12.90259,41.4652]]},"properties":{}},{"type":"Feature","geometry":{"type":"LineString","coordinates":[[12.90932,41.46515],[12.91082,41.46533],[12.91093,41.46541]]},"properties":{}},{"type":"Feature","geometry":{"type":"LineString","coordinates":[[12.89681,41.4653],[12.89691,41.4653]]},"properties":{}},{"type":"Feature","geometry":{"type":"LineString","coordinates":[[12.89878,41.46531],[12.89877,41.46529]]},"properties":{}},{"type":"Feature","geometry":{"type":"LineString","coordinates":[[12.90884,41.46529],[12.90882,41.46533]]},"properties":{}},{"type":"Feature","geometry":{"type":"LineString","coordinates":[[12.89691,41.4653],[12.89727,41.46533]]},"properties":{}},{"type":"Feature","geometry":{"type":"LineString","coordinates":[[12.90254,41.46534],[12.90248,41.4653]]},"properties":{}},{"type":"Feature","geometry":{"type":"LineString","coordinates":[[12.89882,41.46536],[12.89878,41.46531]]},"properties":{}},{"type":"Feature","geometry":{"type":"LineString","coordinates":[[12.89727,41.46533],[12.89736,41.46534]]},"properties":{}},{"type":"Feature","geometry":{"type":"LineString","coordinates":[[12.89783,41.46539],[12.89829,41.46543],[12.89851,41.46532],[12.89877,41.46529]]},"properties":{}},{"type":"Feature","geometry":{"type":"LineString","coordinates":[[12.89736,41.46534],[12.89775,41.46538]]},"properties":{}},{"type":"Feature","geometry":{"type":"LineString","coordinates":[[12.90262,41.46539],[12.90254,41.46534]]},"properties":{}},{"type":"Feature","geometry":{"type":"LineString","coordinates":[[12.89884,41.46539],[12.89882,41.46536]]},"properties":{}},{"type":"Feature","geometry":{"type":"LineString","coordinates":[[12.90866,41.46521],[12.90783,41.46555]]},"properties":{}},{"type":"Feature","geometry":{"type":"LineString","coordinates":[[12.89775,41.46538],[12.89783,41.46539]]},"properties":{}},{"type":"Feature","geometry":{"type":"LineString","coordinates":[[12.90265,41.46542],[12.9027,41.46538]]},"properties":{}},{"type":"Feature","geometry":{"type":"LineString","coordinates":[[12.8989,41.46545],[12.89884,41.46539]]},"properties":{}},{"type":"Feature","geometry":{"type":"LineString","coordinates":[[12.89823,41.4654],[12.8982,41.46556]]},"properties":{}},{"type":"Feature","geometry":{"type":"LineString","coordinates":[[12.90301,41.46565],[12.90262,41.46539]]},"properties":{}},{"type":"Feature","geometry":{"type":"LineString","coordinates":[[12.90953,41.46586],[12.90911,41.46529]]},"properties":{}},{"type":"Feature","geometry":{"type":"LineString","coordinates":[[12.90307,41.46569],[12.90301,41.46565]]},"properties":{}},{"type":"Feature","geometry":{"type":"LineString","coordinates":[[12.90312,41.46573],[12.90307,41.46569]]},"properties":{}},{"type":"Feature","geometry":{"type":"LineString","coordinates":[[12.89221,41.46579],[12.89229,41.46569],[12.89239,41.46567]]},"properties":{}},{"type":"Feature","geometry":{"type":"LineString","coordinates":[[12.90317,41.4658],[12.90312,41.46573]]},"properties":{}},{"type":"Feature","geometry":{"type":"LineString","coordinates":[[12.89239,41.46567],[12.89247,41.4657],[12.89254,41.46576],[12.89253,41.46585],[12.89248,41.4659],[12.89239,41.46593],[12.89229,41.46591],[12.89222,41.46585],[12.89221,41.46579]]},"properties":{}},{"type":"Feature","geometry":{"type":"LineString","coordinates":[[12.90822,41.46638],[12.90882,41.46533]]},"properties":{}},{"type":"Feature","geometry":{"type":"LineString","coordinates":[[12.8989,41.46545],[12.89886,41.46549],[12.89871,41.46632]]},"properties":{}},{"type":"Feature","geometry":{"type":"LineString","coordinates":[[12.90953,41.46586],[12.90959,41.46595]]},"properties":{}},{"type":"Feature","geometry":{"type":"LineString","coordinates":[[12.90238,41.46645],[12.90317,41.4658]]},"properties":{}},{"type":"Feature","geometry":{"type":"LineString","coordinates":[[12.89871,41.46632],[12.89954,41.46641]]},"properties":{}},{"type":"Feature","geometry":{"type":"LineString","coordinates":[[12.89202,41.46692],[12.89222,41.46585]]},"properties":{}},{"type":"Feature","geometry":{"type":"LineString","coordinates":[[12.89244,41.46592],[12.89226,41.46611],[12.89222,41.46623],[12.89214,41.46666],[12.89217,41.46691]]},"properties":{}},{"type":"Feature","geometry":{"type":"LineString","coordinates":[[12.90822,41.46638],[12.90821,41.46645]]},"properties":{}},{"type":"Feature","geometry":{"type":"LineString","coordinates":[[12.89954,41.46641],[12.89958,41.46645]]},"properties":{}},{"type":"Feature","geometry":{"type":"LineString","coordinates":[[12.90227,41.46654],[12.90238,41.46645]]},"properties":{}},{"type":"Feature","geometry":{"type":"LineString","coordinates":[[12.92067,41.4602],[12.92079,41.46032]]},"properties":{}},{"type":"Feature","geometry":{"type":"LineString","coordinates":[[12.92069,41.46036],[12.92056,41.46023]]},"properties":{}},{"type":"Feature","geometry":{"type":"LineString","coordinates":[[12.92044,41.46047],[12.92054,41.46034],[12.92056,41.46023]]},"properties":{}},{"type":"Feature","geometry":{"type":"LineString","coordinates":[[12.91933,41.4692],[12.9196,41.46947]]},"properties":{}},{"type":"Feature","geometry":{"type":"LineString","coordinates":[[12.9196,41.46947],[12.91999,41.46985]]},"properties":{}},{"type":"Feature","geometry":{"type":"LineString","coordinates":[[12.91999,41.46985],[12.92041,41.47033],[12.92074,41.47076],[12.9211,41.47129]]},"properties":{}},{"type":"Feature","geometry":{"type":"LineString","coordinates":[[12.9211,41.47129],[12.92114,41.47136]]},"properties":{}},{"type":"Feature","geometry":{"type":"LineString","coordinates":[[12.92114,41.47136],[12.92153,41.47194],[12.92158,41.47211]]},"properties":{}},{"type":"Feature","geometry":{"type":"LineString","coordinates":[[12.91862,41.47221],[12.91822,41.47193],[12.91821,41.47186],[12.91891,41.47166]]},"properties":{}},{"type":"Feature","geometry":{"type":"LineString","coordinates":[[12.91891,41.47166],[12.91901,41.47169],[12.91907,41.47186],[12.91862,41.47221]]},"properties":{}},{"type":"Feature","geometry":{"type":"LineString","coordinates":[[12.90221,41.46651],[12.90227,41.46654]]},"properties":{}},{"type":"Feature","geometry":{"type":"LineString","coordinates":[[12.89958,41.46645],[12.89955,41.46667]]},"properties":{}},{"type":"Feature","geometry":{"type":"LineString","coordinates":[[12.89955,41.46667],[12.89953,41.46674]]},"properties":{}},{"type":"Feature","geometry":{"type":"LineString","coordinates":[[12.90138,41.467],[12.90148,41.46688],[12.9016,41.46682],[12.90193,41.4668],[12.90206,41.46664],[12.90221,41.46651]]},"properties":{}},{"type":"Feature","geometry":{"type":"LineString","coordinates":[[12.89953,41.46674],[12.89951,41.46684]]},"properties":{}},{"type":"Feature","geometry":{"type":"LineString","coordinates":[[12.9047,41.46687],[12.90486,41.46681]]},"properties":{}},{"type":"Feature","geometry":{"type":"LineString","coordinates":[[12.89951,41.46684],[12.90111,41.46702]]},"properties":{}},{"type":"Feature","geometry":{"type":"LineString","coordinates":[[12.89214,41.46689],[12.89221,41.46695],[12.8922,41.46702],[12.8921,41.46706],[12.89201,41.46703],[12.89199,41.46698],[12.89202,41.46692],[12.89214,41.46689]]},"properties":{}},{"type":"Feature","geometry":{"type":"LineString","coordinates":[[12.9012,41.46698],[12.90112,41.46697]]},"properties":{}},{"type":"Feature","geometry":{"type":"LineString","coordinates":[[12.9012,41.46698],[12.90138,41.467]]},"properties":{}},{"type":"Feature","geometry":{"type":"LineString","coordinates":[[12.90486,41.46681],[12.90536,41.46661],[12.90542,41.46661],[12.9058,41.46716],[12.90583,41.46729],[12.90581,41.46743]]},"properties":{}},{"type":"Feature","geometry":{"type":"LineString","coordinates":[[12.90113,41.46693],[12.90109,41.46711]]},"properties":{}},{"type":"Feature","geometry":{"type":"LineString","coordinates":[[12.90136,41.4671],[12.90138,41.467]]},"properties":{}},{"type":"Feature","geometry":{"type":"LineString","coordinates":[[12.90119,41.46708],[12.9011,41.46707]]},"properties":{}},{"type":"Feature","geometry":{"type":"LineString","coordinates":[[12.90136,41.4671],[12.90119,41.46708]]},"properties":{}},{"type":"Feature","geometry":{"type":"LineString","coordinates":[[12.891,41.46744],[12.89117,41.46741],[12.89144,41.46732],[12.89176,41.46713],[12.89199,41.46695]]},"properties":{}},{"type":"Feature","geometry":{"type":"LineString","coordinates":[[12.90415,41.46756],[12.90425,41.46705],[12.9047,41.46687]]},"properties":{}},{"type":"Feature","geometry":{"type":"LineString","coordinates":[[12.8921,41.46706],[12.89149,41.4674],[12.89124,41.46765]]},"properties":{}},{"type":"Feature","geometry":{"type":"LineString","coordinates":[[12.90199,41.46775],[12.90175,41.4674],[12.90148,41.4673],[12.9014,41.46722],[12.90136,41.4671]]},"properties":{}},{"type":"Feature","geometry":{"type":"LineString","coordinates":[[12.8905,41.46761],[12.89061,41.46748],[12.8908,41.46742]]},"properties":{}},{"type":"Feature","geometry":{"type":"LineString","coordinates":[[12.90581,41.46743],[12.90578,41.4676]]},"properties":{}},{"type":"Feature","geometry":{"type":"LineString","coordinates":[[12.8908,41.46742],[12.89094,41.46742],[12.89111,41.46749],[12.89119,41.46756],[12.89125,41.46774]]},"properties":{}},{"type":"Feature","geometry":{"type":"LineString","coordinates":[[12.90418,41.46769],[12.90412,41.46755],[12.90365,41.4675],[12.90362,41.46751],[12.90358,41.46768]]},"properties":{}},{"type":"Feature","geometry":{"type":"LineString","coordinates":[[12.90206,41.46785],[12.90199,41.46775]]},"properties":{}},{"type":"Feature","geometry":{"type":"LineString","coordinates":[[12.89078,41.468],[12.89069,41.46799],[12.89051,41.46784],[12.89047,41.46774],[12.8905,41.46761]]},"properties":{}},{"type":"Feature","geometry":{"type":"LineString","coordinates":[[12.90438,41.46797],[12.90418,41.46769]]},"properties":{}},{"type":"Feature","geometry":{"type":"LineString","coordinates":[[12.90213,41.46782],[12.90206,41.46785]]},"properties":{}},{"type":"Feature","geometry":{"type":"LineString","coordinates":[[12.89125,41.46774],[12.89123,41.46782],[12.89109,41.46795],[12.89091,41.468],[12.89078,41.468]]},"properties":{}},{"type":"Feature","geometry":{"type":"LineString","coordinates":[[12.90358,41.46768],[12.90347,41.46833],[12.90343,41.46836],[12.90242,41.46825],[12.90213,41.46782]]},"properties":{}},{"type":"Feature","geometry":{"type":"LineString","coordinates":[[12.90444,41.46807],[12.90438,41.46797]]},"properties":{}},{"type":"Feature","geometry":{"type":"LineString","coordinates":[[12.87628,41.45928],[12.87654,41.45912]]},"properties":{}},{"type":"Feature","geometry":{"type":"LineString","coordinates":[[12.87663,41.45906],[12.87673,41.45919],[12.87673,41.45931],[12.87658,41.45957],[12.87652,41.45958]]},"properties":{}},{"type":"Feature","geometry":{"type":"LineString","coordinates":[[12.87421,41.47745],[12.87429,41.47735],[12.87439,41.47729],[12.87465,41.47724],[12.87489,41.47732],[12.87502,41.47745]]},"properties":{}},{"type":"Feature","geometry":{"type":"LineString","coordinates":[[12.87502,41.47745],[12.87505,41.47753]]},"properties":{}},{"type":"Feature","geometry":{"type":"LineString","coordinates":[[12.87502,41.47745],[12.87536,41.47759],[12.87568,41.47756]]},"properties":{}},{"type":"Feature","geometry":{"type":"LineString","coordinates":[[12.87568,41.47756],[12.87522,41.47775]]},"properties":{}},{"type":"Feature","geometry":{"type":"LineString","coordinates":[[12.87476,41.47788],[12.87448,41.47788],[12.87436,41.47783],[12.87426,41.47776],[12.8742,41.47766],[12.87418,41.47756],[12.87421,41.47745]]},"properties":{}},{"type":"Feature","geometry":{"type":"LineString","coordinates":[[12.87505,41.47753],[12.87502,41.4777],[12.87487,41.47784]]},"properties":{}},{"type":"Feature","geometry":{"type":"LineString","coordinates":[[12.87522,41.47775],[12.87487,41.47784]]},"properties":{}},{"type":"Feature","geometry":{"type":"LineString","coordinates":[[12.87487,41.47784],[12.87476,41.47788]]},"properties":{}},{"type":"Feature","geometry":{"type":"LineString","coordinates":[[12.90578,41.4676],[12.90568,41.46811],[12.90474,41.46845],[12.90469,41.46845],[12.90444,41.46807]]},"properties":{}},{"type":"Feature","geometry":{"type":"LineString","coordinates":[[12.90442,41.4681],[12.90449,41.46808]]},"properties":{}},{"type":"Feature","geometry":{"type":"LineString","coordinates":[[12.90235,41.46816],[12.90231,41.46818]]},"properties":{}},{"type":"Feature","geometry":{"type":"LineString","coordinates":[[12.90347,41.46833],[12.90354,41.46833]]},"properties":{}},{"type":"Feature","geometry":{"type":"LineString","coordinates":[[12.9034,41.46836],[12.90339,41.46838]]},"properties":{}},{"type":"Feature","geometry":{"type":"LineString","coordinates":[[12.90461,41.46839],[12.90468,41.46837]]},"properties":{}},{"type":"Feature","geometry":{"type":"LineString","coordinates":[[12.90473,41.46843],[12.90477,41.46849]]},"properties":{}},{"type":"Feature","geometry":{"type":"LineString","coordinates":[[12.91597,41.46993],[12.91611,41.47017],[12.91611,41.47074],[12.91574,41.47108],[12.91577,41.47116],[12.91592,41.47136]]},"properties":{}},{"type":"Feature","geometry":{"type":"LineString","coordinates":[[12.88156,41.47214],[12.88476,41.47099],[12.88564,41.47061]]},"properties":{}},{"type":"Feature","geometry":{"type":"LineString","coordinates":[[12.88576,41.47069],[12.88481,41.47109],[12.88166,41.47225]]},"properties":{}},{"type":"Feature","geometry":{"type":"LineString","coordinates":[[12.87032,41.47953],[12.87075,41.47932],[12.87223,41.47876],[12.87299,41.47839],[12.8737,41.47794],[12.87421,41.47745]]},"properties":{}},{"type":"Feature","geometry":{"type":"LineString","coordinates":[[12.87476,41.47788],[12.87464,41.47797],[12.87373,41.47832],[12.87158,41.47911],[12.87032,41.47953]]},"properties":{}},{"type":"Feature","geometry":{"type":"LineString","coordinates":[[12.86335,41.48087],[12.8638,41.48142],[12.86409,41.48165]]},"properties":{}},{"type":"Feature","geometry":{"type":"LineString","coordinates":[[12.86417,41.48167],[12.86467,41.48161]]},"properties":{}},{"type":"Feature","geometry":{"type":"LineString","coordinates":[[12.86375,41.48172],[12.86395,41.48165],[12.86417,41.48167]]},"properties":{}},{"type":"Feature","geometry":{"type":"LineString","coordinates":[[12.86467,41.48161],[12.86444,41.48169],[12.86429,41.48179]]},"properties":{}},{"type":"Feature","geometry":{"type":"LineString","coordinates":[[12.86417,41.48167],[12.86427,41.48172],[12.86429,41.48179]]},"properties":{}},{"type":"Feature","geometry":{"type":"LineString","coordinates":[[12.86366,41.48177],[12.86375,41.48172]]},"properties":{}},{"type":"Feature","geometry":{"type":"LineString","coordinates":[[12.86341,41.48174],[12.86366,41.48177]]},"properties":{}},{"type":"Feature","geometry":{"type":"LineString","coordinates":[[12.86467,41.48161],[12.86441,41.48181],[12.86438,41.48189],[12.86439,41.48199]]},"properties":{}},{"type":"Feature","geometry":{"type":"LineString","coordinates":[[12.86362,41.48187],[12.86341,41.48174]]},"properties":{}},{"type":"Feature","geometry":{"type":"LineString","coordinates":[[12.86362,41.48187],[12.86366,41.48177]]},"properties":{}},{"type":"Feature","geometry":{"type":"LineString","coordinates":[[12.86429,41.48179],[12.86422,41.4819],[12.86407,41.48198]]},"properties":{}},{"type":"Feature","geometry":{"type":"LineString","coordinates":[[12.86364,41.48191],[12.86362,41.48187]]},"properties":{}},{"type":"Feature","geometry":{"type":"LineString","coordinates":[[12.86428,41.48183],[12.86439,41.48199]]},"properties":{}},{"type":"Feature","geometry":{"type":"LineString","coordinates":[[12.86372,41.48198],[12.86364,41.48191]]},"properties":{}},{"type":"Feature","geometry":{"type":"LineString","coordinates":[[12.86344,41.48202],[12.86364,41.48191]]},"properties":{}},{"type":"Feature","geometry":{"type":"LineString","coordinates":[[12.86407,41.48198],[12.86399,41.482]]},"properties":{}},{"type":"Feature","geometry":{"type":"LineString","coordinates":[[12.86376,41.48199],[12.86372,41.48198]]},"properties":{}},{"type":"Feature","geometry":{"type":"LineString","coordinates":[[12.86399,41.482],[12.86376,41.48199]]},"properties":{}},{"type":"Feature","geometry":{"type":"LineString","coordinates":[[12.91617,41.47165],[12.91592,41.47136]]},"properties":{}},{"type":"Feature","geometry":{"type":"LineString","coordinates":[[12.88094,41.47238],[12.8817,41.47195],[12.88288,41.47137],[12.88312,41.47133],[12.88322,41.47136],[12.88336,41.47145],[12.88343,41.47155],[12.88346,41.47166],[12.88344,41.47185],[12.88339,41.47193],[12.88329,41.47198],[12.88071,41.47261]]},"properties":{}},{"type":"Feature","geometry":{"type":"LineString","coordinates":[[12.91667,41.47247],[12.91617,41.47165]]},"properties":{}},{"type":"Feature","geometry":{"type":"LineString","coordinates":[[12.87953,41.47303],[12.87905,41.47334],[12.87901,41.47341],[12.879,41.47363]]},"properties":{}},{"type":"Feature","geometry":{"type":"LineString","coordinates":[[12.879,41.47363],[12.87885,41.47353],[12.87861,41.47347],[12.87792,41.47361]]},"properties":{}},{"type":"Feature","geometry":{"type":"LineString","coordinates":[[12.86372,41.48198],[12.86344,41.48202]]},"properties":{}},{"type":"Feature","geometry":{"type":"LineString","coordinates":[[12.86451,41.48213],[12.86431,41.48203],[12.86407,41.48198]]},"properties":{}},{"type":"Feature","geometry":{"type":"LineString","coordinates":[[12.86439,41.48199],[12.86451,41.48213]]},"properties":{}},{"type":"Feature","geometry":{"type":"LineString","coordinates":[[12.86379,41.48218],[12.86376,41.48199]]},"properties":{}},{"type":"Feature","geometry":{"type":"LineString","coordinates":[[12.86399,41.482],[12.86386,41.48207],[12.86379,41.48218]]},"properties":{}},{"type":"Feature","geometry":{"type":"LineString","coordinates":[[12.86749,41.48542],[12.86714,41.48548]]},"properties":{}},{"type":"Feature","geometry":{"type":"LineString","coordinates":[[12.86752,41.48583],[12.86778,41.48565]]},"properties":{}},{"type":"Feature","geometry":{"type":"LineString","coordinates":[[12.86848,41.48621],[12.86734,41.4853]]},"properties":{}},{"type":"Feature","geometry":{"type":"LineString","coordinates":[[12.80787,41.46279],[12.80753,41.46274]]},"properties":{}},{"type":"Feature","geometry":{"type":"LineString","coordinates":[[12.80813,41.46274],[12.80837,41.46281]]},"properties":{}},{"type":"Feature","geometry":{"type":"LineString","coordinates":[[12.80813,41.46274],[12.80813,41.46284]]},"properties":{}},{"type":"Feature","geometry":{"type":"LineString","coordinates":[[12.80837,41.46281],[12.80822,41.46281],[12.80813,41.46284]]},"properties":{}},{"type":"Feature","geometry":{"type":"LineString","coordinates":[[12.80813,41.46284],[12.80798,41.46286],[12.80787,41.46279]]},"properties":{}},{"type":"Feature","geometry":{"type":"LineString","coordinates":[[12.80805,41.46305],[12.80792,41.46283]]},"properties":{}},{"type":"Feature","geometry":{"type":"LineString","coordinates":[[12.80809,41.46287],[12.80806,41.46293],[12.80805,41.46305]]},"properties":{}}]}