{"type":"FeatureCollection","features":[{"type":"Feature","geometry":{"type":"LineString","coordinates":[[13.33468,45.79922],[13.33467,45.79927],[13.33623,45.79942],[13.3405,45.80032],[13.34209,45.80043],[13.34285,45.80042],[13.34337,45.80037],[13.34365,45.80047]]},"properties":{}},{"type":"Feature","geometry":{"type":"LineString","coordinates":[[13.34016,45.81448],[13.34244,45.81052]]},"properties":{}},{"type":"Feature","geometry":{"type":"LineString","coordinates":[[13.34376,45.80646],[13.34385,45.80648],[13.34309,45.80893],[13.34306,45.80933],[13.34321,45.80953],[13.34321,45.80962],[13.34317,45.80972],[13.34291,45.80989],[13.34284,45.80998],[13.33931,45.8161],[13.33832,45.81774],[13.33816,45.81793],[13.33772,45.81836],[13.33672,45.81903],[13.3367,45.81909],[13.33672,45.81922],[13.33658,45.81936],[13.3364,45.8193],[13.33617,45.81941],[13.33613,45.81937]]},"properties":{}},{"type":"Feature","geometry":{"type":"LineString","coordinates":[[13.32413,45.81672],[13.3239,45.8167],[13.32347,45.81678],[13.32308,45.81674],[13.31902,45.81544],[13.31875,45.81534],[13.31791,45.8149],[13.31706,45.81435],[13.31679,45.81413],[13.31648,45.81359],[13.3149,45.8117],[13.31473,45.81154],[13.31424,45.81134],[13.31395,45.8113]]},"properties":{}},{"type":"Feature","geometry":{"type":"LineString","coordinates":[[13.33922,45.81608],[13.34299,45.81716]]},"properties":{}},{"type":"Feature","geometry":{"type":"LineString","coordinates":[[13.33668,45.81899],[13.33766,45.8183],[13.338,45.81799],[13.33824,45.81771],[13.34016,45.81448]]},"properties":{}},{"type":"Feature","geometry":{"type":"LineString","coordinates":[[13.32449,45.81668],[13.32436,45.81677],[13.3242,45.81695]]},"properties":{}},{"type":"Feature","geometry":{"type":"LineString","coordinates":[[13.32357,45.81727],[13.32362,45.81718],[13.32367,45.81699]]},"properties":{}},{"type":"Feature","geometry":{"type":"LineString","coordinates":[[13.28059,45.81832],[13.28088,45.81813],[13.28718,45.81807],[13.2872,45.81824]]},"properties":{}},{"type":"Feature","geometry":{"type":"LineString","coordinates":[[13.26386,45.82027],[13.26437,45.82092],[13.26463,45.82111],[13.26746,45.82137],[13.26745,45.82146],[13.27115,45.8218],[13.27105,45.82201]]},"properties":{}},{"type":"Feature","geometry":{"type":"LineString","coordinates":[[13.27549,45.82222],[13.27541,45.82218],[13.2754,45.8221],[13.27548,45.82205],[13.27559,45.82207],[13.27563,45.82212],[13.27562,45.82218],[13.27549,45.82222]]},"properties":{}},{"type":"Feature","geometry":{"type":"LineString","coordinates":[[13.27559,45.82472],[13.27558,45.82463],[13.27275,45.82471],[13.27275,45.82486],[13.27189,45.82488],[13.27172,45.82484],[13.27166,45.82479],[13.27159,45.82469],[13.27147,45.82437],[13.27125,45.82417],[13.27107,45.82409],[13.27086,45.82406],[13.27065,45.82408],[13.27049,45.82412],[13.27037,45.82419],[13.27018,45.82439],[13.26985,45.82431],[13.26983,45.82424],[13.27105,45.82201]]},"properties":{}},{"type":"Feature","geometry":{"type":"LineString","coordinates":[[13.27734,45.82335],[13.27738,45.82398]]},"properties":{}},{"type":"Feature","geometry":{"type":"LineString","coordinates":[[13.27736,45.82409],[13.27733,45.82399]]},"properties":{}},{"type":"Feature","geometry":{"type":"LineString","coordinates":[[13.2756,45.82425],[13.27778,45.82393]]},"properties":{}},{"type":"Feature","geometry":{"type":"LineString","coordinates":[[13.27608,45.82428],[13.27605,45.82418]]},"properties":{}},{"type":"Feature","geometry":{"type":"LineString","coordinates":[[13.27545,45.82401],[13.27561,45.82459],[13.27558,45.82463]]},"properties":{}},{"type":"Feature","geometry":{"type":"LineString","coordinates":[[13.32394,45.81712],[13.32377,45.81717],[13.32357,45.81727]]},"properties":{}},{"type":"Feature","geometry":{"type":"LineString","coordinates":[[13.32888,45.81939],[13.3289,45.81936],[13.32803,45.81915],[13.3276,45.81897],[13.3248,45.81742],[13.32438,45.81713],[13.32431,45.81704],[13.32431,45.81685]]},"properties":{}},{"type":"Feature","geometry":{"type":"LineString","coordinates":[[13.33668,45.81899],[13.33665,45.81917]]},"properties":{}},{"type":"Feature","geometry":{"type":"LineString","coordinates":[[13.33646,45.81925],[13.3363,45.81927]]},"properties":{}},{"type":"Feature","geometry":{"type":"LineString","coordinates":[[13.33613,45.81937],[13.3363,45.81927]]},"properties":{}},{"type":"Feature","geometry":{"type":"LineString","coordinates":[[13.3372,45.81872],[13.33737,45.81887],[13.33739,45.81893],[13.33737,45.81933],[13.3375,45.81983],[13.33746,45.82025],[13.3375,45.82041],[13.33764,45.82061]]},"properties":{}},{"type":"Feature","geometry":{"type":"LineString","coordinates":[[13.34194,45.82057],[13.33964,45.81995],[13.33931,45.81989],[13.3392,45.8199],[13.33652,45.82113],[13.33629,45.82119],[13.33605,45.82117],[13.33555,45.82101],[13.33439,45.82057]]},"properties":{}},{"type":"Feature","geometry":{"type":"LineString","coordinates":[[13.32844,45.82096],[13.32709,45.82093],[13.32701,45.82085],[13.32704,45.82066]]},"properties":{}},{"type":"Feature","geometry":{"type":"LineString","coordinates":[[13.32852,45.82073],[13.32844,45.82096]]},"properties":{}},{"type":"Feature","geometry":{"type":"LineString","coordinates":[[13.33321,45.82129],[13.33321,45.8214]]},"properties":{}},{"type":"Feature","geometry":{"type":"LineString","coordinates":[[13.47675,45.75231],[13.47669,45.75233],[13.47676,45.75246],[13.47674,45.75255]]},"properties":{}},{"type":"Feature","geometry":{"type":"LineString","coordinates":[[13.47647,45.75261],[13.47642,45.75257],[13.47601,45.75185],[13.47596,45.75184],[13.47085,45.75296],[13.47028,45.7532]]},"properties":{}},{"type":"Feature","geometry":{"type":"LineString","coordinates":[[13.47674,45.75255],[13.47647,45.75261]]},"properties":{}},{"type":"Feature","geometry":{"type":"LineString","coordinates":[[13.37736,45.75415],[13.37939,45.75]]},"properties":{}},{"type":"Feature","geometry":{"type":"LineString","coordinates":[[13.37734,45.7542],[13.37736,45.75415]]},"properties":{}},{"type":"Feature","geometry":{"type":"LineString","coordinates":[[13.37511,45.75805],[13.37644,45.7558],[13.37734,45.7542]]},"properties":{}},{"type":"Feature","geometry":{"type":"LineString","coordinates":[[13.37506,45.75812],[13.37511,45.75805]]},"properties":{}},{"type":"Feature","geometry":{"type":"LineString","coordinates":[[13.37469,45.75803],[13.37409,45.75904]]},"properties":{}},{"type":"Feature","geometry":{"type":"LineString","coordinates":[[13.36702,45.76261],[13.3692,45.75822]]},"properties":{}},{"type":"Feature","geometry":{"type":"LineString","coordinates":[[13.37221,45.76324],[13.37289,45.76179],[13.37506,45.75812]]},"properties":{}},{"type":"Feature","geometry":{"type":"LineString","coordinates":[[13.42129,45.76206],[13.42138,45.76207],[13.42138,45.76211]]},"properties":{}},{"type":"Feature","geometry":{"type":"LineString","coordinates":[[13.42125,45.76211],[13.42132,45.76211]]},"properties":{}},{"type":"Feature","geometry":{"type":"LineString","coordinates":[[13.42138,45.76211],[13.42132,45.76211]]},"properties":{}},{"type":"Feature","geometry":{"type":"LineString","coordinates":[[13.46586,45.75407],[13.46589,45.75413]]},"properties":{}},{"type":"Feature","geometry":{"type":"LineString","coordinates":[[13.46574,45.7541],[13.46578,45.75416]]},"properties":{}},{"type":"Feature","geometry":{"type":"LineString","coordinates":[[13.46589,45.75413],[13.46615,45.75459]]},"properties":{}},{"type":"Feature","geometry":{"type":"LineString","coordinates":[[13.46578,45.75416],[13.46601,45.75461],[13.46607,45.75459]]},"properties":{}},{"type":"Feature","geometry":{"type":"LineString","coordinates":[[13.46615,45.75459],[13.4662,45.75469],[13.46635,45.75474]]},"properties":{}},{"type":"Feature","geometry":{"type":"LineString","coordinates":[[13.49488,45.7693],[13.49579,45.76943],[13.49734,45.7694],[13.49778,45.76934],[13.49811,45.76924],[13.49849,45.76903],[13.49872,45.76884],[13.4989,45.76859],[13.499,45.76835],[13.49903,45.76817],[13.49906,45.76658],[13.49914,45.76648],[13.49929,45.7664],[13.5,45.76616]]},"properties":{}},{"type":"Feature","geometry":{"type":"LineString","coordinates":[[13.4835,45.76488],[13.48348,45.76495],[13.48329,45.76502],[13.4821,45.76536],[13.48168,45.76543],[13.4739,45.76699],[13.47346,45.76714],[13.47244,45.76732]]},"properties":{}},{"type":"Feature","geometry":{"type":"LineString","coordinates":[[13.48566,45.76829],[13.48622,45.76839],[13.48705,45.7688]]},"properties":{}},{"type":"Feature","geometry":{"type":"LineString","coordinates":[[13.37221,45.76324],[13.37232,45.76326]]},"properties":{}},{"type":"Feature","geometry":{"type":"LineString","coordinates":[[13.37232,45.76326],[13.37242,45.76328]]},"properties":{}},{"type":"Feature","geometry":{"type":"LineString","coordinates":[[13.37242,45.76328],[13.37248,45.7633]]},"properties":{}},{"type":"Feature","geometry":{"type":"LineString","coordinates":[[13.37248,45.7633],[13.37256,45.76332]]},"properties":{}},{"type":"Feature","geometry":{"type":"LineString","coordinates":[[13.37237,45.76337],[13.37229,45.76335]]},"properties":{}},{"type":"Feature","geometry":{"type":"LineString","coordinates":[[13.37764,45.76446],[13.37237,45.76337]]},"properties":{}},{"type":"Feature","geometry":{"type":"LineString","coordinates":[[13.37151,45.76467],[13.37221,45.76324]]},"properties":{}},{"type":"Feature","geometry":{"type":"LineString","coordinates":[[13.37256,45.76332],[13.37746,45.76435],[13.37771,45.76437],[13.38246,45.76529],[13.38287,45.7654]]},"properties":{}},{"type":"Feature","geometry":{"type":"LineString","coordinates":[[13.36529,45.76602],[13.36534,45.76598],[13.36675,45.76311],[13.36697,45.76271]]},"properties":{}},{"type":"Feature","geometry":{"type":"LineString","coordinates":[[13.37773,45.76448],[13.37764,45.76446]]},"properties":{}},{"type":"Feature","geometry":{"type":"LineString","coordinates":[[13.36825,45.76529],[13.36603,45.76457]]},"properties":{}},{"type":"Feature","geometry":{"type":"LineString","coordinates":[[13.38286,45.76553],[13.37773,45.76448]]},"properties":{}},{"type":"Feature","geometry":{"type":"LineString","coordinates":[[13.36675,45.7656],[13.36721,45.76496]]},"properties":{}},{"type":"Feature","geometry":{"type":"LineString","coordinates":[[13.38287,45.7654],[13.38296,45.76542]]},"properties":{}},{"type":"Feature","geometry":{"type":"LineString","coordinates":[[13.38293,45.76554],[13.38286,45.76553]]},"properties":{}},{"type":"Feature","geometry":{"type":"LineString","coordinates":[[13.38296,45.76542],[13.39264,45.76742]]},"properties":{}},{"type":"Feature","geometry":{"type":"LineString","coordinates":[[13.3927,45.76751],[13.38293,45.76554]]},"properties":{}},{"type":"Feature","geometry":{"type":"LineString","coordinates":[[13.37272,45.76883],[13.37251,45.76834],[13.37181,45.76764],[13.37142,45.76731],[13.37113,45.76697],[13.37096,45.76664],[13.3709,45.76635],[13.37092,45.76595],[13.37151,45.76467]]},"properties":{}},{"type":"Feature","geometry":{"type":"LineString","coordinates":[[13.40835,45.77157],[13.40868,45.77146],[13.4088,45.77137],[13.4089,45.77118],[13.40904,45.7706],[13.40913,45.77047],[13.4101,45.77023],[13.41026,45.77014],[13.41053,45.76971],[13.41061,45.76963],[13.41104,45.76938],[13.41446,45.76682],[13.41493,45.76653],[13.41718,45.76537],[13.41989,45.76385],[13.42023,45.76362],[13.42095,45.76305],[13.4211,45.76287],[13.42126,45.76253],[13.42125,45.76211]]},"properties":{}},{"type":"Feature","geometry":{"type":"LineString","coordinates":[[13.36905,45.76818],[13.36776,45.76776],[13.36719,45.7674],[13.3663,45.76699],[13.36583,45.76664],[13.36511,45.76627]]},"properties":{}},{"type":"Feature","geometry":{"type":"LineString","coordinates":[[13.36428,45.76781],[13.36477,45.76767],[13.36497,45.76756],[13.36608,45.76684]]},"properties":{}},{"type":"Feature","geometry":{"type":"LineString","coordinates":[[13.39264,45.76742],[13.3927,45.76743]]},"properties":{}},{"type":"Feature","geometry":{"type":"LineString","coordinates":[[13.3927,45.76743],[13.39576,45.76784]]},"properties":{}},{"type":"Feature","geometry":{"type":"LineString","coordinates":[[13.39576,45.76784],[13.39591,45.76792]]},"properties":{}},{"type":"Feature","geometry":{"type":"LineString","coordinates":[[13.39825,45.76827],[13.3927,45.76751]]},"properties":{}},{"type":"Feature","geometry":{"type":"LineString","coordinates":[[13.39593,45.76792],[13.39592,45.76795]]},"properties":{}},{"type":"Feature","geometry":{"type":"LineString","coordinates":[[13.39839,45.76829],[13.39825,45.76827]]},"properties":{}},{"type":"Feature","geometry":{"type":"LineString","coordinates":[[13.39591,45.76792],[13.39606,45.76786],[13.39622,45.76786],[13.39832,45.76816],[13.39873,45.76826],[13.40124,45.7686],[13.40278,45.76887],[13.40324,45.76898],[13.4035,45.76898]]},"properties":{}},{"type":"Feature","geometry":{"type":"LineString","coordinates":[[13.40347,45.76908],[13.40212,45.7688],[13.39839,45.76829]]},"properties":{}},{"type":"Feature","geometry":{"type":"LineString","coordinates":[[13.37274,45.76893],[13.37272,45.76883]]},"properties":{}},{"type":"Feature","geometry":{"type":"LineString","coordinates":[[13.36601,45.76954],[13.36529,45.76903],[13.36495,45.76868],[13.3648,45.76856],[13.36473,45.76856],[13.36457,45.76865]]},"properties":{}},{"type":"Feature","geometry":{"type":"LineString","coordinates":[[13.40392,45.7692],[13.40397,45.76917],[13.40406,45.7692]]},"properties":{}},{"type":"Feature","geometry":{"type":"LineString","coordinates":[[13.40406,45.7692],[13.40418,45.76921]]},"properties":{}},{"type":"Feature","geometry":{"type":"LineString","coordinates":[[13.41091,45.76945],[13.41103,45.76947]]},"properties":{}},{"type":"Feature","geometry":{"type":"LineString","coordinates":[[13.36578,45.76978],[13.36573,45.76983],[13.36565,45.76982]]},"properties":{}},{"type":"Feature","geometry":{"type":"LineString","coordinates":[[13.37143,45.77072],[13.37205,45.77036],[13.37246,45.76996],[13.3726,45.76975],[13.3727,45.7695],[13.37276,45.76918],[13.37274,45.76893]]},"properties":{}},{"type":"Feature","geometry":{"type":"LineString","coordinates":[[13.40786,45.7716],[13.40632,45.77124],[13.40598,45.77108],[13.40467,45.76971],[13.40426,45.76938],[13.40392,45.7692]]},"properties":{}},{"type":"Feature","geometry":{"type":"LineString","coordinates":[[13.40418,45.76921],[13.40464,45.76949],[13.40471,45.76964],[13.40591,45.77088],[13.40593,45.77098],[13.40615,45.77114],[13.40633,45.77122],[13.40774,45.77154],[13.40786,45.7716]]},"properties":{}},{"type":"Feature","geometry":{"type":"LineString","coordinates":[[13.37128,45.77079],[13.37143,45.77072]]},"properties":{}},{"type":"Feature","geometry":{"type":"LineString","coordinates":[[13.37115,45.77086],[13.37128,45.77079]]},"properties":{}},{"type":"Feature","geometry":{"type":"LineString","coordinates":[[13.36722,45.77287],[13.36776,45.77254],[13.36901,45.77197],[13.37031,45.77132],[13.37115,45.77086]]},"properties":{}},{"type":"Feature","geometry":{"type":"LineString","coordinates":[[13.40864,45.77251],[13.40898,45.77252]]},"properties":{}},{"type":"Feature","geometry":{"type":"LineString","coordinates":[[13.40882,45.77279],[13.40864,45.77251]]},"properties":{}},{"type":"Feature","geometry":{"type":"LineString","coordinates":[[13.36626,45.77452],[13.36673,45.77352],[13.36698,45.77312],[13.36722,45.77287]]},"properties":{}},{"type":"Feature","geometry":{"type":"LineString","coordinates":[[13.36976,45.77579],[13.37073,45.77616]]},"properties":{}},{"type":"Feature","geometry":{"type":"LineString","coordinates":[[13.37071,45.77619],[13.36979,45.77587]]},"properties":{}},{"type":"Feature","geometry":{"type":"LineString","coordinates":[[13.40845,45.77612],[13.40845,45.77607]]},"properties":{}},{"type":"Feature","geometry":{"type":"LineString","coordinates":[[13.40845,45.77619],[13.40845,45.77612]]},"properties":{}},{"type":"Feature","geometry":{"type":"LineString","coordinates":[[13.40852,45.77621],[13.40852,45.77614]]},"properties":{}},{"type":"Feature","geometry":{"type":"LineString","coordinates":[[13.36223,45.78041],[13.36388,45.77742],[13.36406,45.77714],[13.36452,45.77658],[13.36547,45.7756],[13.36598,45.77493],[13.36626,45.77452]]},"properties":{}},{"type":"Feature","geometry":{"type":"LineString","coordinates":[[13.48705,45.7688],[13.48743,45.76901]]},"properties":{}},{"type":"Feature","geometry":{"type":"LineString","coordinates":[[13.48743,45.76901],[13.48794,45.76914],[13.48836,45.76916],[13.4888,45.76911],[13.48987,45.76885],[13.49179,45.76879],[13.49215,45.76882],[13.49346,45.76906]]},"properties":{}},{"type":"Feature","geometry":{"type":"LineString","coordinates":[[13.49346,45.76906],[13.49356,45.76905],[13.49488,45.7693]]},"properties":{}},{"type":"Feature","geometry":{"type":"LineString","coordinates":[[13.48566,45.76829],[13.4841,45.7687],[13.47665,45.77029],[13.47586,45.77041],[13.4742,45.77076]]},"properties":{}},{"type":"Feature","geometry":{"type":"LineString","coordinates":[[13.4742,45.77076],[13.47409,45.77075],[13.4733,45.77087],[13.47316,45.77083],[13.47294,45.77088]]},"properties":{}},{"type":"Feature","geometry":{"type":"LineString","coordinates":[[13.4742,45.77076],[13.47336,45.77095],[13.47309,45.77106]]},"properties":{}},{"type":"Feature","geometry":{"type":"LineString","coordinates":[[13.47356,45.78315],[13.47394,45.78334]]},"properties":{}},{"type":"Feature","geometry":{"type":"LineString","coordinates":[[13.47413,45.78336],[13.47434,45.78332],[13.47453,45.78322]]},"properties":{}},{"type":"Feature","geometry":{"type":"LineString","coordinates":[[13.47365,45.78348],[13.47356,45.78315]]},"properties":{}},{"type":"Feature","geometry":{"type":"LineString","coordinates":[[13.47453,45.78322],[13.47445,45.78336],[13.4744,45.78359]]},"properties":{}},{"type":"Feature","geometry":{"type":"LineString","coordinates":[[13.40954,45.77902],[13.40923,45.77856],[13.40858,45.77693],[13.40851,45.77664],[13.40852,45.77621]]},"properties":{}},{"type":"Feature","geometry":{"type":"LineString","coordinates":[[13.40982,45.7795],[13.40975,45.77946],[13.40918,45.77859],[13.40853,45.77694],[13.40845,45.77668],[13.40845,45.77619]]},"properties":{}},{"type":"Feature","geometry":{"type":"LineString","coordinates":[[13.36355,45.7778],[13.36295,45.77887]]},"properties":{}},{"type":"Feature","geometry":{"type":"LineString","coordinates":[[13.36295,45.77887],[13.36264,45.77941]]},"properties":{}},{"type":"Feature","geometry":{"type":"LineString","coordinates":[[13.36264,45.77941],[13.36212,45.78036]]},"properties":{}},{"type":"Feature","geometry":{"type":"LineString","coordinates":[[13.36212,45.78036],[13.36208,45.78043]]},"properties":{}},{"type":"Feature","geometry":{"type":"LineString","coordinates":[[13.3622,45.78048],[13.36223,45.78041]]},"properties":{}},{"type":"Feature","geometry":{"type":"LineString","coordinates":[[13.41166,45.78334],[13.41191,45.7825],[13.41232,45.78162],[13.41233,45.78123],[13.41222,45.78123]]},"properties":{}},{"type":"Feature","geometry":{"type":"LineString","coordinates":[[13.41169,45.78307],[13.41187,45.78247],[13.41224,45.78168]]},"properties":{}},{"type":"Feature","geometry":{"type":"LineString","coordinates":[[13.3582,45.78758],[13.35889,45.78631],[13.3622,45.78048]]},"properties":{}},{"type":"Feature","geometry":{"type":"LineString","coordinates":[[13.47365,45.78348],[13.47373,45.78341],[13.47394,45.78334]]},"properties":{}},{"type":"Feature","geometry":{"type":"LineString","coordinates":[[13.47394,45.78334],[13.47413,45.78336],[13.47431,45.78345],[13.4744,45.78359],[13.47438,45.7837]]},"properties":{}},{"type":"Feature","geometry":{"type":"LineString","coordinates":[[13.47335,45.78361],[13.4735,45.7836],[13.47361,45.78354]]},"properties":{}},{"type":"Feature","geometry":{"type":"LineString","coordinates":[[13.47365,45.78377],[13.47361,45.78361],[13.47365,45.78348]]},"properties":{}},{"type":"Feature","geometry":{"type":"LineString","coordinates":[[13.47363,45.78373],[13.47335,45.78361]]},"properties":{}},{"type":"Feature","geometry":{"type":"LineString","coordinates":[[13.47438,45.7837],[13.47425,45.78384],[13.474,45.78391]]},"properties":{}},{"type":"Feature","geometry":{"type":"LineString","coordinates":[[13.47394,45.78391],[13.47378,45.78386],[13.47365,45.78377]]},"properties":{}},{"type":"Feature","geometry":{"type":"LineString","coordinates":[[13.47438,45.7837],[13.47444,45.7841]]},"properties":{}},{"type":"Feature","geometry":{"type":"LineString","coordinates":[[13.474,45.78391],[13.47394,45.78391]]},"properties":{}},{"type":"Feature","geometry":{"type":"LineString","coordinates":[[13.47353,45.78413],[13.47365,45.78377]]},"properties":{}},{"type":"Feature","geometry":{"type":"LineString","coordinates":[[13.41082,45.78628],[13.41083,45.78624],[13.41078,45.78616],[13.41089,45.78549],[13.41099,45.78509],[13.41143,45.78427],[13.41166,45.78334]]},"properties":{}},{"type":"Feature","geometry":{"type":"LineString","coordinates":[[13.40809,45.79065],[13.41063,45.78643],[13.41069,45.78627],[13.41088,45.78511],[13.41138,45.78416],[13.41169,45.78307]]},"properties":{}},{"type":"Feature","geometry":{"type":"LineString","coordinates":[[13.40968,45.78851],[13.40974,45.78843],[13.40966,45.7884],[13.40959,45.78832],[13.40961,45.78826],[13.41082,45.78628]]},"properties":{}},{"type":"Feature","geometry":{"type":"LineString","coordinates":[[13.35814,45.78769],[13.3582,45.78758]]},"properties":{}},{"type":"Feature","geometry":{"type":"LineString","coordinates":[[13.3581,45.78778],[13.35814,45.78769]]},"properties":{}},{"type":"Feature","geometry":{"type":"LineString","coordinates":[[13.40946,45.78835],[13.40955,45.78837],[13.40962,45.78844]]},"properties":{}},{"type":"Feature","geometry":{"type":"LineString","coordinates":[[13.40962,45.78844],[13.40942,45.78842]]},"properties":{}},{"type":"Feature","geometry":{"type":"LineString","coordinates":[[13.35617,45.7912],[13.3581,45.78778]]},"properties":{}},{"type":"Feature","geometry":{"type":"LineString","coordinates":[[13.40805,45.79071],[13.40815,45.79067],[13.40944,45.78854],[13.40951,45.7885],[13.40968,45.78851]]},"properties":{}},{"type":"Feature","geometry":{"type":"LineString","coordinates":[[13.40774,45.79124],[13.40789,45.79104]]},"properties":{}},{"type":"Feature","geometry":{"type":"LineString","coordinates":[[13.47444,45.7841],[13.474,45.78391]]},"properties":{}},{"type":"Feature","geometry":{"type":"LineString","coordinates":[[13.47394,45.78391],[13.47369,45.784],[13.47353,45.78413]]},"properties":{}},{"type":"Feature","geometry":{"type":"LineString","coordinates":[[13.47442,45.78462],[13.47434,45.78462]]},"properties":{}},{"type":"Feature","geometry":{"type":"LineString","coordinates":[[13.4748,45.78466],[13.47442,45.78462]]},"properties":{}},{"type":"Feature","geometry":{"type":"LineString","coordinates":[[13.47497,45.78467],[13.4748,45.78466]]},"properties":{}},{"type":"Feature","geometry":{"type":"LineString","coordinates":[[13.47448,45.78413],[13.4739,45.78588],[13.47375,45.78596]]},"properties":{}},{"type":"Feature","geometry":{"type":"LineString","coordinates":[[13.40789,45.79104],[13.40784,45.79126]]},"properties":{}},{"type":"Feature","geometry":{"type":"LineString","coordinates":[[13.35612,45.79128],[13.35617,45.7912]]},"properties":{}},{"type":"Feature","geometry":{"type":"LineString","coordinates":[[13.40768,45.79131],[13.4077,45.79126],[13.40777,45.79124],[13.40784,45.79126],[13.40787,45.79131],[13.40778,45.79137],[13.40771,45.79136],[13.40768,45.79131]]},"properties":{}},{"type":"Feature","geometry":{"type":"LineString","coordinates":[[13.40787,45.79129],[13.40809,45.79134]]},"properties":{}},{"type":"Feature","geometry":{"type":"LineString","coordinates":[[13.40809,45.79134],[13.40784,45.79136]]},"properties":{}},{"type":"Feature","geometry":{"type":"LineString","coordinates":[[13.4076,45.79143],[13.40768,45.79131]]},"properties":{}},{"type":"Feature","geometry":{"type":"LineString","coordinates":[[13.40775,45.79137],[13.4076,45.79143]]},"properties":{}},{"type":"Feature","geometry":{"type":"LineString","coordinates":[[13.35508,45.79313],[13.35612,45.79128]]},"properties":{}},{"type":"Feature","geometry":{"type":"LineString","coordinates":[[13.41556,45.79323],[13.41589,45.79308],[13.4167,45.79285],[13.41703,45.7928],[13.41726,45.79279],[13.41764,45.79284],[13.41774,45.79282],[13.4178,45.79279],[13.41796,45.79252],[13.41811,45.7925]]},"properties":{}},{"type":"Feature","geometry":{"type":"LineString","coordinates":[[13.4156,45.79328],[13.41591,45.79314],[13.41688,45.79285],[13.41709,45.79283],[13.41744,45.79286]]},"properties":{}},{"type":"Feature","geometry":{"type":"LineString","coordinates":[[13.48865,45.79357],[13.48882,45.79347],[13.48904,45.79347],[13.48923,45.79356],[13.48928,45.79363]]},"properties":{}},{"type":"Feature","geometry":{"type":"LineString","coordinates":[[13.48814,45.7936],[13.48865,45.79357]]},"properties":{}},{"type":"Feature","geometry":{"type":"LineString","coordinates":[[13.48861,45.79379],[13.48861,45.79364],[13.48865,45.79357]]},"properties":{}},{"type":"Feature","geometry":{"type":"LineString","coordinates":[[13.48861,45.79379],[13.48814,45.7936]]},"properties":{}},{"type":"Feature","geometry":{"type":"LineString","coordinates":[[13.48928,45.79363],[13.48949,45.79372],[13.48977,45.79379]]},"properties":{}},{"type":"Feature","geometry":{"type":"LineString","coordinates":[[13.48928,45.79363],[13.48929,45.79371],[13.48922,45.79385]]},"properties":{}},{"type":"Feature","geometry":{"type":"LineString","coordinates":[[13.48977,45.79379],[13.48922,45.79385]]},"properties":{}},{"type":"Feature","geometry":{"type":"LineString","coordinates":[[13.48922,45.79385],[13.4891,45.79392],[13.48892,45.79394],[13.48873,45.7939],[13.48861,45.79379]]},"properties":{}},{"type":"Feature","geometry":{"type":"LineString","coordinates":[[13.48884,45.79423],[13.48873,45.7939]]},"properties":{}},{"type":"Feature","geometry":{"type":"LineString","coordinates":[[13.4891,45.79392],[13.48894,45.79407],[13.48884,45.79423]]},"properties":{}},{"type":"Feature","geometry":{"type":"LineString","coordinates":[[13.46638,45.79491],[13.46848,45.79539]]},"properties":{}},{"type":"Feature","geometry":{"type":"LineString","coordinates":[[13.46848,45.79539],[13.46865,45.79543]]},"properties":{}},{"type":"Feature","geometry":{"type":"LineString","coordinates":[[13.46549,45.79635],[13.46638,45.79491]]},"properties":{}},{"type":"Feature","geometry":{"type":"LineString","coordinates":[[13.46865,45.79543],[13.46992,45.79582]]},"properties":{}},{"type":"Feature","geometry":{"type":"LineString","coordinates":[[13.47109,45.79571],[13.47141,45.79639]]},"properties":{}},{"type":"Feature","geometry":{"type":"LineString","coordinates":[[13.47022,45.79621],[13.47096,45.79659]]},"properties":{}},{"type":"Feature","geometry":{"type":"LineString","coordinates":[[13.35506,45.79316],[13.35508,45.79313]]},"properties":{}},{"type":"Feature","geometry":{"type":"LineString","coordinates":[[13.35503,45.79322],[13.35506,45.79316]]},"properties":{}},{"type":"Feature","geometry":{"type":"LineString","coordinates":[[13.35298,45.79681],[13.35503,45.79322]]},"properties":{}},{"type":"Feature","geometry":{"type":"LineString","coordinates":[[13.4038,45.79873],[13.40392,45.7977],[13.40429,45.79525],[13.40441,45.79504],[13.40602,45.79309]]},"properties":{}},{"type":"Feature","geometry":{"type":"LineString","coordinates":[[13.35298,45.79681],[13.35284,45.7969],[13.35263,45.79726]]},"properties":{}},{"type":"Feature","geometry":{"type":"LineString","coordinates":[[13.35246,45.79726],[13.35232,45.79721]]},"properties":{}},{"type":"Feature","geometry":{"type":"LineString","coordinates":[[13.35258,45.79729],[13.35246,45.79726]]},"properties":{}},{"type":"Feature","geometry":{"type":"LineString","coordinates":[[13.35263,45.79726],[13.35258,45.79729]]},"properties":{}},{"type":"Feature","geometry":{"type":"LineString","coordinates":[[13.35232,45.79721],[13.35213,45.79715],[13.35206,45.79718],[13.35185,45.79762],[13.35161,45.79793],[13.35147,45.79806]]},"properties":{}},{"type":"Feature","geometry":{"type":"LineString","coordinates":[[13.35147,45.79806],[13.35112,45.79828],[13.35075,45.79867],[13.35072,45.79877]]},"properties":{}},{"type":"Feature","geometry":{"type":"LineString","coordinates":[[13.47141,45.79659],[13.47162,45.79647]]},"properties":{}},{"type":"Feature","geometry":{"type":"LineString","coordinates":[[13.47072,45.79688],[13.47073,45.7968],[13.47096,45.79659],[13.47133,45.7964],[13.47167,45.79634],[13.47218,45.79636]]},"properties":{}},{"type":"Feature","geometry":{"type":"LineString","coordinates":[[13.47117,45.79685],[13.47116,45.79699],[13.47118,45.79708],[13.47128,45.79714],[13.47144,45.79714],[13.47158,45.79712],[13.47176,45.79701],[13.47183,45.79694],[13.47185,45.79677],[13.47181,45.79667],[13.47164,45.79656],[13.47146,45.7965],[13.4713,45.79651],[13.47104,45.79663],[13.47072,45.79688],[13.47066,45.79698]]},"properties":{}},{"type":"Feature","geometry":{"type":"LineString","coordinates":[[13.47235,45.79676],[13.47316,45.79684],[13.47326,45.79691]]},"properties":{}},{"type":"Feature","geometry":{"type":"LineString","coordinates":[[13.47133,45.79708],[13.47137,45.79698]]},"properties":{}},{"type":"Feature","geometry":{"type":"LineString","coordinates":[[13.47137,45.79698],[13.47117,45.79685],[13.47128,45.79673],[13.47136,45.79669],[13.47152,45.79671],[13.4716,45.79681],[13.47159,45.79688],[13.47137,45.79698]]},"properties":{}},{"type":"Feature","geometry":{"type":"LineString","coordinates":[[13.46989,45.79671],[13.46996,45.79674],[13.46997,45.7968],[13.47028,45.79691],[13.47056,45.79707]]},"properties":{}},{"type":"Feature","geometry":{"type":"LineString","coordinates":[[13.47162,45.79647],[13.47176,45.79643],[13.47193,45.79643],[13.47216,45.79648],[13.47226,45.79663],[13.47228,45.79673],[13.47223,45.7969],[13.47215,45.79697],[13.47185,45.7971],[13.4716,45.79735],[13.4705,45.79755],[13.4704,45.79751]]},"properties":{}},{"type":"Feature","geometry":{"type":"LineString","coordinates":[[13.47134,45.79723],[13.47133,45.79708]]},"properties":{}},{"type":"Feature","geometry":{"type":"LineString","coordinates":[[13.47215,45.79697],[13.4731,45.7974]]},"properties":{}},{"type":"Feature","geometry":{"type":"LineString","coordinates":[[13.45233,45.79772],[13.45263,45.79682],[13.45263,45.79673]]},"properties":{}},{"type":"Feature","geometry":{"type":"LineString","coordinates":[[13.47147,45.79737],[13.47137,45.79731],[13.47134,45.79723]]},"properties":{}},{"type":"Feature","geometry":{"type":"LineString","coordinates":[[13.4722,45.79624],[13.47218,45.79636],[13.47238,45.79652],[13.47238,45.79661],[13.47235,45.79678],[13.47225,45.79701],[13.47216,45.79713],[13.47189,45.79732],[13.4717,45.7974],[13.47138,45.7975],[13.47089,45.79755],[13.4704,45.79767],[13.47032,45.7981],[13.47006,45.79846]]},"properties":{}},{"type":"Feature","geometry":{"type":"LineString","coordinates":[[13.46958,45.79819],[13.46985,45.79795],[13.47012,45.79778],[13.4704,45.79767],[13.4704,45.79751],[13.47044,45.79725],[13.47051,45.79711],[13.47066,45.79698],[13.47141,45.79659]]},"properties":{}},{"type":"Feature","geometry":{"type":"LineString","coordinates":[[13.46915,45.79794],[13.46908,45.79773],[13.46909,45.79763],[13.46921,45.79744],[13.4693,45.79739],[13.46967,45.79728],[13.47009,45.79726],[13.47037,45.79718],[13.47051,45.79711]]},"properties":{}},{"type":"Feature","geometry":{"type":"LineString","coordinates":[[13.47175,45.79738],[13.47213,45.79791]]},"properties":{}},{"type":"Feature","geometry":{"type":"LineString","coordinates":[[13.45233,45.79772],[13.4524,45.79773]]},"properties":{}},{"type":"Feature","geometry":{"type":"LineString","coordinates":[[13.4524,45.79773],[13.45257,45.79775]]},"properties":{}},{"type":"Feature","geometry":{"type":"LineString","coordinates":[[13.45257,45.79775],[13.45266,45.79776]]},"properties":{}},{"type":"Feature","geometry":{"type":"LineString","coordinates":[[13.45262,45.7966],[13.452,45.79694],[13.45171,45.79714],[13.45148,45.79735],[13.45022,45.79893]]},"properties":{}},{"type":"Feature","geometry":{"type":"LineString","coordinates":[[13.47126,45.79751],[13.47159,45.79812]]},"properties":{}},{"type":"Feature","geometry":{"type":"LineString","coordinates":[[13.35039,45.79875],[13.35044,45.79876]]},"properties":{}},{"type":"Feature","geometry":{"type":"LineString","coordinates":[[13.35044,45.79876],[13.35072,45.79877]]},"properties":{}},{"type":"Feature","geometry":{"type":"LineString","coordinates":[[13.35098,45.79879],[13.3512,45.7988],[13.35147,45.79876]]},"properties":{}},{"type":"Feature","geometry":{"type":"LineString","coordinates":[[13.35037,45.79881],[13.35039,45.79875]]},"properties":{}},{"type":"Feature","geometry":{"type":"LineString","coordinates":[[13.35072,45.79877],[13.35072,45.79883]]},"properties":{}},{"type":"Feature","geometry":{"type":"LineString","coordinates":[[13.40381,45.79889],[13.4038,45.79873]]},"properties":{}},{"type":"Feature","geometry":{"type":"LineString","coordinates":[[13.35042,45.79881],[13.35037,45.79881]]},"properties":{}},{"type":"Feature","geometry":{"type":"LineString","coordinates":[[13.35072,45.79883],[13.35042,45.79881]]},"properties":{}},{"type":"Feature","geometry":{"type":"LineString","coordinates":[[13.3512,45.7988],[13.35132,45.79888]]},"properties":{}},{"type":"Feature","geometry":{"type":"LineString","coordinates":[[13.35128,45.79892],[13.35113,45.79886]]},"properties":{}},{"type":"Feature","geometry":{"type":"LineString","coordinates":[[13.45157,45.79948],[13.4516,45.79894],[13.45149,45.79859],[13.4515,45.79848],[13.45233,45.79772]]},"properties":{}},{"type":"Feature","geometry":{"type":"LineString","coordinates":[[13.47055,45.79973],[13.4719,45.80044]]},"properties":{}},{"type":"Feature","geometry":{"type":"LineString","coordinates":[[13.45082,45.80215],[13.45081,45.80211],[13.45111,45.80085],[13.45151,45.80005],[13.45157,45.79976],[13.45157,45.79948]]},"properties":{}},{"type":"Feature","geometry":{"type":"LineString","coordinates":[[13.5,45.80111],[13.4988,45.80131]]},"properties":{}},{"type":"Feature","geometry":{"type":"LineString","coordinates":[[13.4988,45.80132],[13.49866,45.80138],[13.49782,45.80152],[13.49768,45.80149],[13.49741,45.80154],[13.49709,45.80146],[13.49696,45.80151]]},"properties":{}},{"type":"Feature","geometry":{"type":"LineString","coordinates":[[13.4719,45.80044],[13.47244,45.80073],[13.47291,45.80091],[13.47409,45.80108],[13.47608,45.80143],[13.48244,45.80256]]},"properties":{}},{"type":"Feature","geometry":{"type":"LineString","coordinates":[[13.45087,45.80224],[13.45082,45.80215]]},"properties":{}},{"type":"Feature","geometry":{"type":"LineString","coordinates":[[13.4509,45.80231],[13.45087,45.80224]]},"properties":{}},{"type":"Feature","geometry":{"type":"LineString","coordinates":[[13.45083,45.80233],[13.45074,45.80278]]},"properties":{}},{"type":"Feature","geometry":{"type":"LineString","coordinates":[[13.492,45.80426],[13.49481,45.80473],[13.49784,45.80334]]},"properties":{}},{"type":"Feature","geometry":{"type":"LineString","coordinates":[[13.35116,45.79902],[13.35115,45.7989],[13.35098,45.79879]]},"properties":{}},{"type":"Feature","geometry":{"type":"LineString","coordinates":[[13.35037,45.79881],[13.35003,45.79972]]},"properties":{}},{"type":"Feature","geometry":{"type":"LineString","coordinates":[[13.34529,45.80368],[13.34732,45.80202],[13.3474,45.80194],[13.34745,45.80185],[13.34769,45.80164],[13.34793,45.80152],[13.34975,45.80003],[13.34993,45.79987],[13.35003,45.79972]]},"properties":{}},{"type":"Feature","geometry":{"type":"LineString","coordinates":[[13.41384,45.80214],[13.41413,45.80225]]},"properties":{}},{"type":"Feature","geometry":{"type":"LineString","coordinates":[[13.41387,45.80186],[13.41394,45.80193],[13.41394,45.80212],[13.414,45.80218],[13.41411,45.8022],[13.41545,45.80224],[13.41585,45.80232],[13.41665,45.80261],[13.41713,45.80272],[13.41766,45.80279],[13.41853,45.8028],[13.41853,45.80287]]},"properties":{}},{"type":"Feature","geometry":{"type":"LineString","coordinates":[[13.41574,45.80237],[13.41573,45.80316],[13.4144,45.80326],[13.41427,45.80325],[13.41427,45.8029],[13.41437,45.80227]]},"properties":{}},{"type":"Feature","geometry":{"type":"LineString","coordinates":[[13.34523,45.80376],[13.34529,45.80368]]},"properties":{}},{"type":"Feature","geometry":{"type":"LineString","coordinates":[[13.4151,45.80368],[13.41498,45.80372],[13.41481,45.80388]]},"properties":{}},{"type":"Feature","geometry":{"type":"LineString","coordinates":[[13.34775,45.8018],[13.3457,45.80349],[13.34542,45.80374],[13.34488,45.8043],[13.34444,45.80489],[13.34405,45.8056],[13.34376,45.80646]]},"properties":{}},{"type":"Feature","geometry":{"type":"LineString","coordinates":[[13.34523,45.80376],[13.34495,45.80404],[13.34446,45.80464],[13.34421,45.80504],[13.34402,45.80542]]},"properties":{}},{"type":"Feature","geometry":{"type":"LineString","coordinates":[[13.48548,45.80357],[13.48692,45.80482],[13.48716,45.80498]]},"properties":{}},{"type":"Feature","geometry":{"type":"LineString","coordinates":[[13.45074,45.80278],[13.45067,45.80299],[13.45004,45.80376],[13.44989,45.80411],[13.44944,45.8048],[13.44823,45.80534],[13.44746,45.8056],[13.44705,45.80599],[13.44693,45.80602],[13.44643,45.80593],[13.44626,45.80593]]},"properties":{}},{"type":"Feature","geometry":{"type":"LineString","coordinates":[[13.48805,45.80475],[13.48822,45.80475]]},"properties":{}},{"type":"Feature","geometry":{"type":"LineString","coordinates":[[13.48805,45.80475],[13.48794,45.80477],[13.4879,45.80481],[13.48788,45.805],[13.48728,45.80498]]},"properties":{}},{"type":"Feature","geometry":{"type":"LineString","coordinates":[[13.48716,45.80498],[13.48725,45.80498]]},"properties":{}},{"type":"Feature","geometry":{"type":"LineString","coordinates":[[13.48725,45.80498],[13.48728,45.80498]]},"properties":{}},{"type":"Feature","geometry":{"type":"LineString","coordinates":[[13.48822,45.80475],[13.48833,45.80478],[13.48839,45.80511],[13.48859,45.80531],[13.48861,45.80543]]},"properties":{}},{"type":"Feature","geometry":{"type":"LineString","coordinates":[[13.48861,45.80543],[13.48859,45.80553]]},"properties":{}},{"type":"Feature","geometry":{"type":"LineString","coordinates":[[13.48857,45.80558],[13.48876,45.8056]]},"properties":{}},{"type":"Feature","geometry":{"type":"LineString","coordinates":[[13.48876,45.8056],[13.48888,45.80562]]},"properties":{}},{"type":"Feature","geometry":{"type":"LineString","coordinates":[[13.40028,45.8057],[13.4004,45.80532],[13.40044,45.80511],[13.4005,45.80398],[13.40054,45.80376],[13.40066,45.80348]]},"properties":{}},{"type":"Feature","geometry":{"type":"LineString","coordinates":[[13.40057,45.80345],[13.40051,45.80347],[13.40043,45.80395],[13.40035,45.80526],[13.4002,45.80571],[13.4,45.80597],[13.39987,45.80605],[13.39976,45.80607],[13.39976,45.80613]]},"properties":{}},{"type":"Feature","geometry":{"type":"LineString","coordinates":[[13.41345,45.80538],[13.41673,45.80523]]},"properties":{}},{"type":"Feature","geometry":{"type":"LineString","coordinates":[[13.34402,45.80542],[13.34398,45.80548]]},"properties":{}},{"type":"Feature","geometry":{"type":"LineString","coordinates":[[13.40028,45.8057],[13.40027,45.80589],[13.40033,45.80607]]},"properties":{}},{"type":"Feature","geometry":{"type":"LineString","coordinates":[[13.40006,45.80607],[13.40021,45.8059],[13.40028,45.8057]]},"properties":{}},{"type":"Feature","geometry":{"type":"LineString","coordinates":[[13.34398,45.80548],[13.34386,45.80557],[13.34373,45.80599],[13.34364,45.8064],[13.3437,45.80645]]},"properties":{}},{"type":"Feature","geometry":{"type":"LineString","coordinates":[[13.40006,45.80607],[13.40019,45.80604],[13.40033,45.80607]]},"properties":{}},{"type":"Feature","geometry":{"type":"LineString","coordinates":[[13.40038,45.80609],[13.40105,45.80608]]},"properties":{}},{"type":"Feature","geometry":{"type":"LineString","coordinates":[[13.39286,45.80602],[13.393,45.80617],[13.39322,45.8063]]},"properties":{}},{"type":"Feature","geometry":{"type":"LineString","coordinates":[[13.39997,45.80627],[13.39997,45.80616],[13.40006,45.80607]]},"properties":{}},{"type":"Feature","geometry":{"type":"LineString","coordinates":[[13.40033,45.80607],[13.40043,45.80616],[13.40043,45.80628]]},"properties":{}},{"type":"Feature","geometry":{"type":"LineString","coordinates":[[13.40105,45.80608],[13.40068,45.80617],[13.40043,45.80628]]},"properties":{}},{"type":"Feature","geometry":{"type":"LineString","coordinates":[[13.39294,45.80636],[13.39294,45.80623],[13.39286,45.80602]]},"properties":{}},{"type":"Feature","geometry":{"type":"LineString","coordinates":[[13.39999,45.8063],[13.39997,45.80627]]},"properties":{}},{"type":"Feature","geometry":{"type":"LineString","coordinates":[[13.39945,45.80615],[13.39394,45.80644]]},"properties":{}},{"type":"Feature","geometry":{"type":"LineString","coordinates":[[13.40043,45.80628],[13.40035,45.80635],[13.40024,45.80638]]},"properties":{}},{"type":"Feature","geometry":{"type":"LineString","coordinates":[[13.39291,45.80638],[13.39302,45.80631],[13.39313,45.8063],[13.39333,45.80636]]},"properties":{}},{"type":"Feature","geometry":{"type":"LineString","coordinates":[[13.40024,45.80638],[13.40011,45.80637],[13.39999,45.8063]]},"properties":{}},{"type":"Feature","geometry":{"type":"LineString","coordinates":[[13.39333,45.80636],[13.39347,45.8064],[13.39394,45.80644]]},"properties":{}},{"type":"Feature","geometry":{"type":"LineString","coordinates":[[13.39227,45.80652],[13.39259,45.80648],[13.39291,45.80638]]},"properties":{}},{"type":"Feature","geometry":{"type":"LineString","coordinates":[[13.39988,45.80664],[13.39999,45.8063]]},"properties":{}},{"type":"Feature","geometry":{"type":"LineString","coordinates":[[13.39291,45.80658],[13.39287,45.80648],[13.39291,45.80638]]},"properties":{}},{"type":"Feature","geometry":{"type":"LineString","coordinates":[[13.39999,45.80652],[13.39978,45.80648]]},"properties":{}},{"type":"Feature","geometry":{"type":"LineString","coordinates":[[13.39394,45.80644],[13.39337,45.80656]]},"properties":{}},{"type":"Feature","geometry":{"type":"LineString","coordinates":[[13.40024,45.80638],[13.40002,45.80648],[13.39988,45.80664]]},"properties":{}},{"type":"Feature","geometry":{"type":"LineString","coordinates":[[13.39291,45.80658],[13.39262,45.80653],[13.39227,45.80652]]},"properties":{}},{"type":"Feature","geometry":{"type":"LineString","coordinates":[[13.39975,45.80631],[13.39955,45.80622],[13.39942,45.80622],[13.39442,45.80651],[13.39344,45.80673],[13.39348,45.80687],[13.39334,45.80693]]},"properties":{}},{"type":"Feature","geometry":{"type":"LineString","coordinates":[[13.39334,45.80693],[13.39311,45.8067],[13.39301,45.80664]]},"properties":{}},{"type":"Feature","geometry":{"type":"LineString","coordinates":[[13.39976,45.80613],[13.39975,45.80631],[13.39977,45.80635],[13.39981,45.80698],[13.40008,45.80792],[13.40004,45.80804],[13.40011,45.80828],[13.4,45.80889]]},"properties":{}},{"type":"Feature","geometry":{"type":"LineString","coordinates":[[13.48888,45.80562],[13.48952,45.80569]]},"properties":{}},{"type":"Feature","geometry":{"type":"LineString","coordinates":[[13.48954,45.80561],[13.49252,45.8059]]},"properties":{}},{"type":"Feature","geometry":{"type":"LineString","coordinates":[[13.43395,45.80703],[13.43392,45.80697],[13.43401,45.80683],[13.43419,45.8067],[13.43504,45.80637]]},"properties":{}},{"type":"Feature","geometry":{"type":"LineString","coordinates":[[13.49531,45.80708],[13.49546,45.8079]]},"properties":{}},{"type":"Feature","geometry":{"type":"LineString","coordinates":[[13.48859,45.80553],[13.48825,45.80715],[13.48719,45.81049],[13.48678,45.81189],[13.48675,45.81203],[13.48676,45.81268]]},"properties":{}},{"type":"Feature","geometry":{"type":"LineString","coordinates":[[13.44643,45.80978],[13.44857,45.81076]]},"properties":{}},{"type":"Feature","geometry":{"type":"LineString","coordinates":[[13.44599,45.81198],[13.4459,45.81207],[13.44656,45.81223]]},"properties":{}},{"type":"Feature","geometry":{"type":"LineString","coordinates":[[13.48638,45.81238],[13.48631,45.81236]]},"properties":{}},{"type":"Feature","geometry":{"type":"LineString","coordinates":[[13.48644,45.81239],[13.48638,45.81238]]},"properties":{}},{"type":"Feature","geometry":{"type":"LineString","coordinates":[[13.48676,45.81237],[13.48651,45.81239]]},"properties":{}},{"type":"Feature","geometry":{"type":"LineString","coordinates":[[13.4,45.80889],[13.39995,45.80901]]},"properties":{}},{"type":"Feature","geometry":{"type":"LineString","coordinates":[[13.3588,45.80884],[13.35906,45.80908]]},"properties":{}},{"type":"Feature","geometry":{"type":"LineString","coordinates":[[13.35883,45.80911],[13.3588,45.80884]]},"properties":{}},{"type":"Feature","geometry":{"type":"LineString","coordinates":[[13.3591,45.8091],[13.35953,45.80898]]},"properties":{}},{"type":"Feature","geometry":{"type":"LineString","coordinates":[[13.35953,45.80898],[13.35915,45.80919]]},"properties":{}},{"type":"Feature","geometry":{"type":"LineString","coordinates":[[13.34272,45.80942],[13.34286,45.8093],[13.34298,45.80907]]},"properties":{}},{"type":"Feature","geometry":{"type":"LineString","coordinates":[[13.35845,45.8094],[13.35881,45.80914]]},"properties":{}},{"type":"Feature","geometry":{"type":"LineString","coordinates":[[13.34298,45.80907],[13.34295,45.8093],[13.34302,45.80948]]},"properties":{}},{"type":"Feature","geometry":{"type":"LineString","coordinates":[[13.35889,45.8093],[13.35845,45.8094]]},"properties":{}},{"type":"Feature","geometry":{"type":"LineString","coordinates":[[13.35914,45.80922],[13.35921,45.80953]]},"properties":{}},{"type":"Feature","geometry":{"type":"LineString","coordinates":[[13.35921,45.80953],[13.35894,45.80931]]},"properties":{}},{"type":"Feature","geometry":{"type":"LineString","coordinates":[[13.34272,45.80942],[13.34288,45.80942],[13.34302,45.80948]]},"properties":{}},{"type":"Feature","geometry":{"type":"LineString","coordinates":[[13.34203,45.80943],[13.34262,45.80947]]},"properties":{}},{"type":"Feature","geometry":{"type":"LineString","coordinates":[[13.34256,45.80965],[13.34238,45.80954],[13.34203,45.80943]]},"properties":{}},{"type":"Feature","geometry":{"type":"LineString","coordinates":[[13.3992,45.81247],[13.39928,45.81209],[13.39937,45.81077],[13.40023,45.80848],[13.40022,45.8082],[13.40018,45.808],[13.3999,45.80709],[13.39986,45.80677],[13.39988,45.80664]]},"properties":{}},{"type":"Feature","geometry":{"type":"LineString","coordinates":[[13.34259,45.8097],[13.34255,45.80956],[13.34262,45.80947],[13.34272,45.80942]]},"properties":{}},{"type":"Feature","geometry":{"type":"LineString","coordinates":[[13.34302,45.80948],[13.34306,45.80953],[13.34307,45.80964],[13.34299,45.80974],[13.34288,45.80978]]},"properties":{}},{"type":"Feature","geometry":{"type":"LineString","coordinates":[[13.35719,45.81001],[13.35747,45.80985],[13.35845,45.8094]]},"properties":{}},{"type":"Feature","geometry":{"type":"LineString","coordinates":[[13.34263,45.80974],[13.34259,45.8097]]},"properties":{}},{"type":"Feature","geometry":{"type":"LineString","coordinates":[[13.34288,45.80978],[13.34277,45.80978],[13.34263,45.80974]]},"properties":{}},{"type":"Feature","geometry":{"type":"LineString","coordinates":[[13.39995,45.80901],[13.39941,45.81049],[13.39931,45.81058]]},"properties":{}},{"type":"Feature","geometry":{"type":"LineString","coordinates":[[13.35448,45.81106],[13.35509,45.81082],[13.35821,45.80945],[13.3587,45.80917],[13.35877,45.80901],[13.35872,45.80886],[13.3588,45.80884]]},"properties":{}},{"type":"Feature","geometry":{"type":"LineString","coordinates":[[13.34258,45.81029],[13.34266,45.81011]]},"properties":{}},{"type":"Feature","geometry":{"type":"LineString","coordinates":[[13.34244,45.81052],[13.34258,45.81029]]},"properties":{}},{"type":"Feature","geometry":{"type":"LineString","coordinates":[[13.34258,45.81029],[13.34264,45.81066]]},"properties":{}},{"type":"Feature","geometry":{"type":"LineString","coordinates":[[13.35719,45.81001],[13.35691,45.81007],[13.35451,45.81112]]},"properties":{}},{"type":"Feature","geometry":{"type":"LineString","coordinates":[[13.39931,45.81058],[13.3993,45.81068]]},"properties":{}},{"type":"Feature","geometry":{"type":"LineString","coordinates":[[13.35441,45.81109],[13.35448,45.81106]]},"properties":{}},{"type":"Feature","geometry":{"type":"LineString","coordinates":[[13.35434,45.81112],[13.35441,45.81109]]},"properties":{}},{"type":"Feature","geometry":{"type":"LineString","coordinates":[[13.35425,45.81113],[13.35434,45.81112]]},"properties":{}},{"type":"Feature","geometry":{"type":"LineString","coordinates":[[13.48651,45.81239],[13.48644,45.81239]]},"properties":{}},{"type":"Feature","geometry":{"type":"LineString","coordinates":[[13.48631,45.81236],[13.48612,45.81238],[13.48589,45.8125],[13.4858,45.81252],[13.48451,45.81246],[13.4844,45.81249],[13.48438,45.81253]]},"properties":{}},{"type":"Feature","geometry":{"type":"LineString","coordinates":[[13.4466,45.81215],[13.44667,45.81213],[13.44866,45.81269],[13.44966,45.81293],[13.44972,45.81299],[13.44967,45.81322]]},"properties":{}},{"type":"Feature","geometry":{"type":"LineString","coordinates":[[13.48676,45.81268],[13.48676,45.81272]]},"properties":{}},{"type":"Feature","geometry":{"type":"LineString","coordinates":[[13.48676,45.81272],[13.48676,45.81277]]},"properties":{}},{"type":"Feature","geometry":{"type":"LineString","coordinates":[[13.48676,45.81277],[13.48676,45.81305],[13.48684,45.81382]]},"properties":{}},{"type":"Feature","geometry":{"type":"LineString","coordinates":[[13.48684,45.81382],[13.48707,45.81423],[13.48706,45.81429],[13.48702,45.81431]]},"properties":{}},{"type":"Feature","geometry":{"type":"LineString","coordinates":[[13.48688,45.81434],[13.48675,45.81432],[13.48658,45.81402]]},"properties":{}},{"type":"Feature","geometry":{"type":"LineString","coordinates":[[13.44954,45.81366],[13.4494,45.81418],[13.44889,45.81495]]},"properties":{}},{"type":"Feature","geometry":{"type":"LineString","coordinates":[[13.35451,45.81112],[13.35443,45.81116]]},"properties":{}},{"type":"Feature","geometry":{"type":"LineString","coordinates":[[13.35419,45.81115],[13.35425,45.81113]]},"properties":{}},{"type":"Feature","geometry":{"type":"LineString","coordinates":[[13.35263,45.81194],[13.35262,45.81189],[13.35397,45.8113],[13.35419,45.81115]]},"properties":{}},{"type":"Feature","geometry":{"type":"LineString","coordinates":[[13.3993,45.81068],[13.39922,45.81208],[13.39912,45.81246]]},"properties":{}},{"type":"Feature","geometry":{"type":"LineString","coordinates":[[13.39912,45.81246],[13.39909,45.81264]]},"properties":{}},{"type":"Feature","geometry":{"type":"LineString","coordinates":[[13.39915,45.81264],[13.3992,45.81247]]},"properties":{}},{"type":"Feature","geometry":{"type":"LineString","coordinates":[[13.39767,45.81529],[13.39773,45.81509],[13.39794,45.81468],[13.39891,45.81317],[13.39908,45.81284],[13.39915,45.81264]]},"properties":{}},{"type":"Feature","geometry":{"type":"LineString","coordinates":[[13.39909,45.81264],[13.39875,45.8133],[13.39774,45.81491],[13.39764,45.81499],[13.39743,45.81506],[13.39757,45.81556],[13.39759,45.81591],[13.39753,45.81622]]},"properties":{}},{"type":"Feature","geometry":{"type":"LineString","coordinates":[[13.35758,45.81487],[13.3577,45.81508],[13.3579,45.81527]]},"properties":{}},{"type":"Feature","geometry":{"type":"LineString","coordinates":[[13.35758,45.81537],[13.35762,45.81522],[13.35758,45.81487]]},"properties":{}},{"type":"Feature","geometry":{"type":"LineString","coordinates":[[13.48702,45.81431],[13.48688,45.81434]]},"properties":{}},{"type":"Feature","geometry":{"type":"LineString","coordinates":[[13.48675,45.81432],[13.48669,45.81434]]},"properties":{}},{"type":"Feature","geometry":{"type":"LineString","coordinates":[[13.46243,45.81482],[13.45982,45.81468],[13.45744,45.81459],[13.45644,45.8144],[13.45547,45.81398],[13.45476,45.8146]]},"properties":{}},{"type":"Feature","geometry":{"type":"LineString","coordinates":[[13.44493,45.81397],[13.44498,45.81394],[13.44831,45.8149],[13.45235,45.81517],[13.45242,45.81518],[13.45239,45.81522]]},"properties":{}},{"type":"Feature","geometry":{"type":"LineString","coordinates":[[13.46243,45.81482],[13.46345,45.81485]]},"properties":{}},{"type":"Feature","geometry":{"type":"LineString","coordinates":[[13.46243,45.81482],[13.46242,45.81493]]},"properties":{}},{"type":"Feature","geometry":{"type":"LineString","coordinates":[[13.48965,45.8175],[13.48842,45.81606],[13.4884,45.81592],[13.48758,45.81491],[13.48712,45.81408],[13.48708,45.81392],[13.48704,45.8139],[13.4869,45.81393]]},"properties":{}},{"type":"Feature","geometry":{"type":"LineString","coordinates":[[13.4865,45.81404],[13.48701,45.81481],[13.48872,45.81677],[13.48872,45.81682],[13.48822,45.81728],[13.48774,45.81719],[13.48765,45.8174],[13.48748,45.8174]]},"properties":{}},{"type":"Feature","geometry":{"type":"LineString","coordinates":[[13.35811,45.81539],[13.35814,45.81547],[13.35813,45.81555],[13.35807,45.81562],[13.35794,45.81568],[13.3577,45.81567],[13.35759,45.8156],[13.35755,45.81553],[13.35756,45.81539],[13.35772,45.81529],[13.35795,45.81529],[13.35811,45.81539]]},"properties":{}},{"type":"Feature","geometry":{"type":"LineString","coordinates":[[13.35661,45.81567],[13.35698,45.81567]]},"properties":{}},{"type":"Feature","geometry":{"type":"LineString","coordinates":[[13.35658,45.81588],[13.35648,45.8159],[13.35636,45.81587],[13.3563,45.81581],[13.3563,45.81572],[13.35644,45.81564],[13.35661,45.81567],[13.35667,45.81578],[13.35658,45.81588]]},"properties":{}},{"type":"Feature","geometry":{"type":"LineString","coordinates":[[13.35807,45.81562],[13.35806,45.81589],[13.3581,45.81606]]},"properties":{}},{"type":"Feature","geometry":{"type":"LineString","coordinates":[[13.3581,45.81606],[13.35792,45.8158],[13.35778,45.81569]]},"properties":{}},{"type":"Feature","geometry":{"type":"LineString","coordinates":[[13.39746,45.81658],[13.39764,45.81613],[13.39767,45.81591],[13.39767,45.81529]]},"properties":{}},{"type":"Feature","geometry":{"type":"LineString","coordinates":[[13.39751,45.81626],[13.39753,45.81622]]},"properties":{}},{"type":"Feature","geometry":{"type":"LineString","coordinates":[[13.39751,45.81626],[13.39699,45.81637]]},"properties":{}},{"type":"Feature","geometry":{"type":"LineString","coordinates":[[13.39563,45.81659],[13.39592,45.81675],[13.39589,45.81677],[13.39597,45.81681],[13.39597,45.81684],[13.39624,45.81704]]},"properties":{}},{"type":"Feature","geometry":{"type":"LineString","coordinates":[[13.34957,45.82146],[13.3494,45.8214],[13.34931,45.82131],[13.34899,45.82128],[13.34874,45.82134],[13.34873,45.82143],[13.34869,45.82147],[13.34861,45.82149],[13.34432,45.82156],[13.34416,45.82151],[13.34262,45.82073],[13.34256,45.82064],[13.34253,45.82049],[13.34257,45.82038],[13.34266,45.82029],[13.34269,45.82021],[13.34448,45.81844],[13.34452,45.81837],[13.34889,45.81401],[13.34926,45.81369],[13.34981,45.8133],[13.3502,45.81309],[13.3524,45.81209]]},"properties":{}},{"type":"Feature","geometry":{"type":"LineString","coordinates":[[13.4898,45.81768],[13.48965,45.8175]]},"properties":{}},{"type":"Feature","geometry":{"type":"LineString","coordinates":[[13.48565,45.81762],[13.48498,45.81771]]},"properties":{}},{"type":"Feature","geometry":{"type":"LineString","coordinates":[[13.35719,45.8171],[13.35709,45.81712],[13.35697,45.81709],[13.35691,45.81704],[13.35691,45.81695],[13.35704,45.81687],[13.3572,45.8169],[13.35726,45.81699],[13.35725,45.81705],[13.35719,45.8171]]},"properties":{}},{"type":"Feature","geometry":{"type":"LineString","coordinates":[[13.34892,45.81389],[13.34858,45.81419],[13.34252,45.82031]]},"properties":{}},{"type":"Feature","geometry":{"type":"LineString","coordinates":[[13.39571,45.81767],[13.39624,45.81716],[13.39616,45.81711],[13.39624,45.81704]]},"properties":{}},{"type":"Feature","geometry":{"type":"LineString","coordinates":[[13.34299,45.81716],[13.34478,45.81802]]},"properties":{}},{"type":"Feature","geometry":{"type":"LineString","coordinates":[[13.34512,45.81768],[13.34518,45.81771]]},"properties":{}},{"type":"Feature","geometry":{"type":"LineString","coordinates":[[13.3904,45.81827],[13.39175,45.81786],[13.3918,45.81794],[13.39185,45.81793],[13.39415,45.81724],[13.39466,45.81723],[13.39467,45.81717]]},"properties":{}},{"type":"Feature","geometry":{"type":"LineString","coordinates":[[13.39646,45.81819],[13.39637,45.81818],[13.39595,45.8188]]},"properties":{}},{"type":"Feature","geometry":{"type":"LineString","coordinates":[[13.38148,45.81882],[13.38578,45.8186],[13.38588,45.81864],[13.38787,45.81854],[13.38804,45.81849],[13.38848,45.81847],[13.38869,45.8185],[13.38943,45.81845],[13.38998,45.81836],[13.39036,45.81825],[13.3904,45.81827]]},"properties":{}},{"type":"Feature","geometry":{"type":"LineString","coordinates":[[13.35045,45.81925],[13.35053,45.81944],[13.35083,45.81981],[13.35091,45.81995],[13.35086,45.82009],[13.35058,45.82023],[13.34947,45.82025],[13.34938,45.82031],[13.34937,45.82057]]},"properties":{}},{"type":"Feature","geometry":{"type":"LineString","coordinates":[[13.34228,45.82048],[13.34252,45.82031]]},"properties":{}},{"type":"Feature","geometry":{"type":"LineString","coordinates":[[13.43889,45.81911],[13.43885,45.81887],[13.43859,45.81847],[13.43851,45.8183],[13.43904,45.81699],[13.43928,45.81627],[13.43926,45.81623]]},"properties":{}},{"type":"Feature","geometry":{"type":"LineString","coordinates":[[13.48482,45.81774],[13.48498,45.81771]]},"properties":{}},{"type":"Feature","geometry":{"type":"LineString","coordinates":[[13.44454,45.81954],[13.44425,45.81943],[13.444,45.81926],[13.44369,45.81848],[13.4437,45.81823],[13.44385,45.81757],[13.44402,45.8172],[13.44392,45.81717],[13.44454,45.81595]]},"properties":{}},{"type":"Feature","geometry":{"type":"LineString","coordinates":[[13.44238,45.8197],[13.44253,45.81971],[13.44256,45.81963],[13.44245,45.81959],[13.44242,45.81951],[13.44247,45.81933],[13.44268,45.81887],[13.4429,45.81848],[13.44317,45.81822],[13.44361,45.81797],[13.44368,45.81798],[13.44366,45.81806],[13.44373,45.81807]]},"properties":{}},{"type":"Feature","geometry":{"type":"LineString","coordinates":[[13.49436,45.82029],[13.49416,45.82029],[13.49391,45.82023],[13.49314,45.81988],[13.49278,45.81969],[13.49252,45.81944],[13.49122,45.8188],[13.49045,45.81831],[13.4898,45.81768]]},"properties":{}},{"type":"Feature","geometry":{"type":"LineString","coordinates":[[13.48336,45.8203],[13.4836,45.82028],[13.48416,45.81993],[13.48466,45.81791],[13.48469,45.81783],[13.48482,45.81774]]},"properties":{}},{"type":"Feature","geometry":{"type":"LineString","coordinates":[[13.43858,45.8191],[13.43759,45.81909],[13.4375,45.81905],[13.4375,45.81901],[13.43747,45.81899],[13.43738,45.81899],[13.43736,45.819],[13.43736,45.81909],[13.43723,45.8191],[13.43723,45.81913]]},"properties":{}},{"type":"Feature","geometry":{"type":"LineString","coordinates":[[13.4388,45.81911],[13.43858,45.8191]]},"properties":{}},{"type":"Feature","geometry":{"type":"LineString","coordinates":[[13.48565,45.81762],[13.48607,45.81766],[13.48623,45.81771],[13.48646,45.81789],[13.48695,45.81813],[13.4871,45.81828],[13.48713,45.81842],[13.48711,45.81853],[13.48678,45.81987],[13.4868,45.81995],[13.48696,45.82012],[13.48684,45.82064],[13.48684,45.82076],[13.48687,45.82083]]},"properties":{}},{"type":"Feature","geometry":{"type":"LineString","coordinates":[[13.47133,45.81892],[13.47107,45.81936],[13.47097,45.81944],[13.47094,45.81957]]},"properties":{}},{"type":"Feature","geometry":{"type":"LineString","coordinates":[[13.4423,45.81988],[13.44217,45.81986],[13.44219,45.81971],[13.44207,45.81962],[13.4419,45.81958],[13.44194,45.81951],[13.44157,45.81941],[13.43976,45.81913],[13.43945,45.8191],[13.43936,45.81913],[13.4388,45.81911]]},"properties":{}},{"type":"Feature","geometry":{"type":"LineString","coordinates":[[13.46541,45.82069],[13.46699,45.82048],[13.46727,45.8204],[13.46911,45.81955],[13.47011,45.81898]]},"properties":{}},{"type":"Feature","geometry":{"type":"LineString","coordinates":[[13.44208,45.82048],[13.44233,45.81975],[13.44238,45.8197]]},"properties":{}},{"type":"Feature","geometry":{"type":"LineString","coordinates":[[13.45384,45.81941],[13.45386,45.81947],[13.45523,45.81928],[13.45544,45.81927],[13.45585,45.81933],[13.45803,45.81979],[13.45819,45.81985],[13.45947,45.82009],[13.46036,45.82032],[13.46194,45.8209],[13.46299,45.82123]]},"properties":{}},{"type":"Feature","geometry":{"type":"LineString","coordinates":[[13.46036,45.82032],[13.46041,45.82023]]},"properties":{}},{"type":"Feature","geometry":{"type":"LineString","coordinates":[[13.4829,45.8203],[13.48336,45.8203]]},"properties":{}},{"type":"Feature","geometry":{"type":"LineString","coordinates":[[13.4829,45.8203],[13.48288,45.82035]]},"properties":{}},{"type":"Feature","geometry":{"type":"LineString","coordinates":[[13.47115,45.81956],[13.46904,45.81965],[13.46868,45.81981],[13.46861,45.81974],[13.46736,45.8203],[13.46718,45.82032],[13.46718,45.82037],[13.46715,45.82039],[13.46564,45.82062],[13.46552,45.82062],[13.46547,45.82056],[13.46532,45.82054],[13.46531,45.8206],[13.46522,45.8207],[13.46496,45.82078],[13.465,45.82085],[13.4638,45.8212]]},"properties":{}},{"type":"Feature","geometry":{"type":"LineString","coordinates":[[13.45993,45.8201],[13.46041,45.82023],[13.46192,45.8208],[13.46273,45.82106],[13.46326,45.8212],[13.46344,45.82121],[13.46377,45.82116],[13.46541,45.82069]]},"properties":{}},{"type":"Feature","geometry":{"type":"LineString","coordinates":[[13.44498,45.82109],[13.44544,45.82064]]},"properties":{}},{"type":"Feature","geometry":{"type":"LineString","coordinates":[[13.44288,45.82127],[13.44287,45.82124],[13.44235,45.82129],[13.44224,45.82127],[13.44208,45.82092],[13.44205,45.82076],[13.44208,45.82048]]},"properties":{}},{"type":"Feature","geometry":{"type":"LineString","coordinates":[[13.46299,45.82123],[13.46297,45.82114]]},"properties":{}},{"type":"Feature","geometry":{"type":"LineString","coordinates":[[13.46299,45.82123],[13.46344,45.82128],[13.4638,45.8212],[13.46377,45.82116]]},"properties":{}},{"type":"Feature","geometry":{"type":"LineString","coordinates":[[13.34252,45.82031],[13.34245,45.82044],[13.34243,45.82057]]},"properties":{}},{"type":"Feature","geometry":{"type":"LineString","coordinates":[[13.39595,45.8188],[13.39362,45.82222],[13.39368,45.82224]]},"properties":{}},{"type":"Feature","geometry":{"type":"LineString","coordinates":[[13.34214,45.8206],[13.34194,45.82057]]},"properties":{}},{"type":"Feature","geometry":{"type":"LineString","coordinates":[[13.34243,45.82059],[13.3426,45.8208]]},"properties":{}},{"type":"Feature","geometry":{"type":"LineString","coordinates":[[13.3426,45.8208],[13.34233,45.82068]]},"properties":{}},{"type":"Feature","geometry":{"type":"LineString","coordinates":[[13.34937,45.82057],[13.34936,45.82099],[13.34931,45.82117]]},"properties":{}},{"type":"Feature","geometry":{"type":"LineString","coordinates":[[13.34911,45.82128],[13.34919,45.8212],[13.34929,45.82099],[13.34932,45.82058],[13.34937,45.82057]]},"properties":{}},{"type":"Feature","geometry":{"type":"LineString","coordinates":[[13.39432,45.82382],[13.39399,45.82331],[13.39386,45.82294],[13.39383,45.82243],[13.39394,45.82194],[13.39402,45.82176],[13.39469,45.82074],[13.3965,45.81811]]},"properties":{}},{"type":"Feature","geometry":{"type":"LineString","coordinates":[[13.3426,45.8208],[13.34401,45.82152],[13.34432,45.82162],[13.34816,45.82158]]},"properties":{}},{"type":"Feature","geometry":{"type":"LineString","coordinates":[[13.34877,45.8215],[13.3489,45.8214],[13.3491,45.82138],[13.34927,45.8214],[13.34939,45.82149]]},"properties":{}},{"type":"Feature","geometry":{"type":"LineString","coordinates":[[13.3568,45.82377],[13.35747,45.82363],[13.35764,45.82356],[13.35772,45.82346]]},"properties":{}},{"type":"Feature","geometry":{"type":"LineString","coordinates":[[13.34249,45.82365],[13.34206,45.82371]]},"properties":{}},{"type":"Feature","geometry":{"type":"LineString","coordinates":[[13.39368,45.82224],[13.39376,45.82232],[13.39375,45.82252],[13.3938,45.82296],[13.3939,45.82327],[13.39415,45.82372],[13.39438,45.82398],[13.39493,45.82439],[13.397,45.82549]]},"properties":{}},{"type":"Feature","geometry":{"type":"LineString","coordinates":[[13.39692,45.82541],[13.39496,45.82436],[13.39451,45.82401],[13.39432,45.82382]]},"properties":{}},{"type":"Feature","geometry":{"type":"LineString","coordinates":[[13.39962,45.82643],[13.39692,45.82541]]},"properties":{}},{"type":"Feature","geometry":{"type":"LineString","coordinates":[[13.39956,45.82646],[13.397,45.82549]]},"properties":{}},{"type":"Feature","geometry":{"type":"LineString","coordinates":[[13.34415,45.82629],[13.34408,45.82628],[13.34409,45.82624],[13.344,45.82623],[13.34401,45.8262]]},"properties":{}},{"type":"Feature","geometry":{"type":"LineString","coordinates":[[13.39977,45.82648],[13.39962,45.82643]]},"properties":{}},{"type":"Feature","geometry":{"type":"LineString","coordinates":[[13.39968,45.82651],[13.39956,45.82646]]},"properties":{}},{"type":"Feature","geometry":{"type":"LineString","coordinates":[[13.40024,45.82688],[13.40008,45.82672],[13.39968,45.82651]]},"properties":{}},{"type":"Feature","geometry":{"type":"LineString","coordinates":[[13.44288,45.82127],[13.44289,45.82133],[13.44302,45.82132],[13.4431,45.82147],[13.44339,45.82187],[13.44353,45.82197]]},"properties":{}},{"type":"Feature","geometry":{"type":"LineString","coordinates":[[13.4568,45.82348],[13.45666,45.82135],[13.45681,45.82027],[13.45693,45.82021],[13.45709,45.8202],[13.45786,45.82024],[13.45794,45.82021],[13.4581,45.81982]]},"properties":{}},{"type":"Feature","geometry":{"type":"LineString","coordinates":[[13.44353,45.82197],[13.4437,45.82209]]},"properties":{}},{"type":"Feature","geometry":{"type":"LineString","coordinates":[[13.4437,45.82209],[13.4437,45.82209]]},"properties":{}},{"type":"Feature","geometry":{"type":"LineString","coordinates":[[13.44313,45.82568],[13.4435,45.82774],[13.4437,45.82937],[13.44371,45.82968],[13.44367,45.82982],[13.44271,45.83199],[13.44259,45.83196],[13.44226,45.83277],[13.44218,45.83279],[13.44188,45.83265],[13.44169,45.83269],[13.44221,45.83345]]},"properties":{}},{"type":"Feature","geometry":{"type":"LineString","coordinates":[[13.44221,45.83345],[13.44225,45.8335]]},"properties":{}},{"type":"Feature","geometry":{"type":"LineString","coordinates":[[13.44225,45.8335],[13.44252,45.83386],[13.44272,45.83421],[13.4429,45.83437]]},"properties":{}},{"type":"Feature","geometry":{"type":"LineString","coordinates":[[13.4019,45.83231],[13.40198,45.83203],[13.402,45.83179],[13.4017,45.82916],[13.40157,45.82872],[13.40026,45.8268],[13.40008,45.82664],[13.39977,45.82648]]},"properties":{}},{"type":"Feature","geometry":{"type":"LineString","coordinates":[[13.40097,45.83701],[13.40128,45.83689],[13.40176,45.83636],[13.40191,45.83609],[13.40188,45.83581],[13.4016,45.83487],[13.40143,45.83408],[13.40141,45.83385],[13.40146,45.83329],[13.40186,45.83223],[13.40193,45.83184],[13.40158,45.82896],[13.40151,45.82873],[13.40139,45.82852],[13.40024,45.82688]]},"properties":{}},{"type":"Feature","geometry":{"type":"LineString","coordinates":[[13.40123,45.83712],[13.40127,45.83702],[13.40185,45.83633],[13.40194,45.83618],[13.40197,45.83605],[13.40197,45.83591],[13.40183,45.83535],[13.40158,45.83448],[13.40147,45.83382],[13.4015,45.83346],[13.40154,45.83329],[13.4019,45.83231]]},"properties":{}},{"type":"Feature","geometry":{"type":"LineString","coordinates":[[13.37507,45.83797],[13.37491,45.83767],[13.37458,45.83738]]},"properties":{}},{"type":"Feature","geometry":{"type":"LineString","coordinates":[[13.37498,45.83776],[13.37502,45.83769],[13.37516,45.83761]]},"properties":{}},{"type":"Feature","geometry":{"type":"LineString","coordinates":[[13.37544,45.83769],[13.37519,45.83775],[13.37513,45.8378]]},"properties":{}},{"type":"Feature","geometry":{"type":"LineString","coordinates":[[13.37516,45.83761],[13.37516,45.83772],[13.37507,45.83797]]},"properties":{}},{"type":"Feature","geometry":{"type":"LineString","coordinates":[[13.39793,45.842],[13.39809,45.84191]]},"properties":{}},{"type":"Feature","geometry":{"type":"LineString","coordinates":[[13.39809,45.84191],[13.39802,45.84205]]},"properties":{}},{"type":"Feature","geometry":{"type":"LineString","coordinates":[[13.39743,45.84205],[13.39762,45.84205]]},"properties":{}},{"type":"Feature","geometry":{"type":"LineString","coordinates":[[13.49373,45.83863],[13.49401,45.83866]]},"properties":{}},{"type":"Feature","geometry":{"type":"LineString","coordinates":[[13.49401,45.83866],[13.49412,45.83865]]},"properties":{}},{"type":"Feature","geometry":{"type":"LineString","coordinates":[[13.49412,45.83865],[13.4942,45.83867],[13.49426,45.83873]]},"properties":{}},{"type":"Feature","geometry":{"type":"LineString","coordinates":[[13.49393,45.83876],[13.49373,45.83863]]},"properties":{}},{"type":"Feature","geometry":{"type":"LineString","coordinates":[[13.49393,45.83876],[13.49401,45.83866]]},"properties":{}},{"type":"Feature","geometry":{"type":"LineString","coordinates":[[13.49426,45.83873],[13.49425,45.83881],[13.49417,45.83886]]},"properties":{}},{"type":"Feature","geometry":{"type":"LineString","coordinates":[[13.49397,45.83883],[13.49393,45.83876]]},"properties":{}},{"type":"Feature","geometry":{"type":"LineString","coordinates":[[13.49417,45.83886],[13.49406,45.83887],[13.49397,45.83883]]},"properties":{}},{"type":"Feature","geometry":{"type":"LineString","coordinates":[[13.49396,45.83911],[13.49397,45.83883]]},"properties":{}},{"type":"Feature","geometry":{"type":"LineString","coordinates":[[13.49417,45.83886],[13.49396,45.83911]]},"properties":{}},{"type":"Feature","geometry":{"type":"LineString","coordinates":[[13.33311,45.82134],[13.33321,45.8214]]},"properties":{}},{"type":"Feature","geometry":{"type":"LineString","coordinates":[[13.33297,45.82142],[13.33321,45.8214]]},"properties":{}},{"type":"Feature","geometry":{"type":"LineString","coordinates":[[13.33555,45.82101],[13.33491,45.82181]]},"properties":{}},{"type":"Feature","geometry":{"type":"LineString","coordinates":[[13.33287,45.82149],[13.33297,45.82142]]},"properties":{}},{"type":"Feature","geometry":{"type":"LineString","coordinates":[[13.33321,45.8214],[13.33365,45.82153]]},"properties":{}},{"type":"Feature","geometry":{"type":"LineString","coordinates":[[13.33365,45.82153],[13.33391,45.82155]]},"properties":{}},{"type":"Feature","geometry":{"type":"LineString","coordinates":[[13.3326,45.82165],[13.33287,45.82149]]},"properties":{}},{"type":"Feature","geometry":{"type":"LineString","coordinates":[[13.33365,45.82153],[13.33375,45.82164]]},"properties":{}},{"type":"Feature","geometry":{"type":"LineString","coordinates":[[13.33391,45.82155],[13.33375,45.82164]]},"properties":{}},{"type":"Feature","geometry":{"type":"LineString","coordinates":[[13.33375,45.82164],[13.33374,45.82168]]},"properties":{}},{"type":"Feature","geometry":{"type":"LineString","coordinates":[[13.34982,45.8215],[13.34957,45.82146]]},"properties":{}},{"type":"Feature","geometry":{"type":"LineString","coordinates":[[13.34939,45.82149],[13.34973,45.82153]]},"properties":{}},{"type":"Feature","geometry":{"type":"LineString","coordinates":[[13.34979,45.82154],[13.34989,45.82153]]},"properties":{}},{"type":"Feature","geometry":{"type":"LineString","coordinates":[[13.34973,45.82153],[13.34979,45.82154]]},"properties":{}},{"type":"Feature","geometry":{"type":"LineString","coordinates":[[13.3483,45.82158],[13.34877,45.8215]]},"properties":{}},{"type":"Feature","geometry":{"type":"LineString","coordinates":[[13.34939,45.82149],[13.34937,45.82161]]},"properties":{}},{"type":"Feature","geometry":{"type":"LineString","coordinates":[[13.34973,45.82153],[13.34937,45.82161]]},"properties":{}},{"type":"Feature","geometry":{"type":"LineString","coordinates":[[13.3488,45.82165],[13.34877,45.8215]]},"properties":{}},{"type":"Feature","geometry":{"type":"LineString","coordinates":[[13.34816,45.82158],[13.3483,45.82158]]},"properties":{}},{"type":"Feature","geometry":{"type":"LineString","coordinates":[[13.3488,45.82165],[13.3483,45.82158]]},"properties":{}},{"type":"Feature","geometry":{"type":"LineString","coordinates":[[13.33227,45.82194],[13.33233,45.82184],[13.3326,45.82165]]},"properties":{}},{"type":"Feature","geometry":{"type":"LineString","coordinates":[[13.33374,45.82168],[13.33346,45.82208]]},"properties":{}},{"type":"Feature","geometry":{"type":"LineString","coordinates":[[13.32025,45.82211],[13.32043,45.82178]]},"properties":{}},{"type":"Feature","geometry":{"type":"LineString","coordinates":[[13.32043,45.82178],[13.32043,45.82213]]},"properties":{}},{"type":"Feature","geometry":{"type":"LineString","coordinates":[[13.33227,45.82207],[13.33227,45.82194]]},"properties":{}},{"type":"Feature","geometry":{"type":"LineString","coordinates":[[13.32844,45.82096],[13.33035,45.82101],[13.33055,45.82104],[13.3311,45.82121],[13.33161,45.8216],[13.33168,45.82192],[13.33167,45.8223],[13.33203,45.82264],[13.33216,45.82286],[13.33223,45.82314],[13.33223,45.82331]]},"properties":{}},{"type":"Feature","geometry":{"type":"LineString","coordinates":[[13.33346,45.82208],[13.33336,45.82228]]},"properties":{}},{"type":"Feature","geometry":{"type":"LineString","coordinates":[[13.34064,45.82359],[13.34066,45.82355],[13.34072,45.82354],[13.34208,45.82098],[13.34216,45.82094]]},"properties":{}},{"type":"Feature","geometry":{"type":"LineString","coordinates":[[13.33304,45.82248],[13.33234,45.82213],[13.33227,45.82207]]},"properties":{}},{"type":"Feature","geometry":{"type":"LineString","coordinates":[[13.32057,45.82233],[13.32047,45.82246],[13.32025,45.8225],[13.32007,45.82244],[13.32,45.8223],[13.32003,45.82222],[13.32009,45.82216],[13.32031,45.82211],[13.32051,45.82218],[13.32056,45.82226],[13.32057,45.82233]]},"properties":{}},{"type":"Feature","geometry":{"type":"LineString","coordinates":[[13.32056,45.82226],[13.32109,45.82239]]},"properties":{}},{"type":"Feature","geometry":{"type":"LineString","coordinates":[[13.33336,45.82228],[13.3332,45.82248],[13.3331,45.82251]]},"properties":{}},{"type":"Feature","geometry":{"type":"LineString","coordinates":[[13.32109,45.82239],[13.32053,45.82241]]},"properties":{}},{"type":"Feature","geometry":{"type":"LineString","coordinates":[[13.3331,45.82251],[13.33304,45.82248]]},"properties":{}},{"type":"Feature","geometry":{"type":"LineString","coordinates":[[13.33336,45.82228],[13.33335,45.82274]]},"properties":{}},{"type":"Feature","geometry":{"type":"LineString","coordinates":[[13.33335,45.82274],[13.3331,45.82251]]},"properties":{}},{"type":"Feature","geometry":{"type":"LineString","coordinates":[[13.32026,45.82281],[13.32023,45.82261],[13.32014,45.82248]]},"properties":{}},{"type":"Feature","geometry":{"type":"LineString","coordinates":[[13.32042,45.82248],[13.32035,45.82256],[13.32026,45.82281]]},"properties":{}},{"type":"Feature","geometry":{"type":"LineString","coordinates":[[13.33335,45.82274],[13.33429,45.82295]]},"properties":{}},{"type":"Feature","geometry":{"type":"LineString","coordinates":[[13.3386,45.8229],[13.33879,45.82287]]},"properties":{}},{"type":"Feature","geometry":{"type":"LineString","coordinates":[[13.34937,45.82161],[13.34932,45.82167],[13.34919,45.82171],[13.34899,45.82171],[13.3488,45.82165]]},"properties":{}},{"type":"Feature","geometry":{"type":"LineString","coordinates":[[13.34982,45.8215],[13.35031,45.82151],[13.35063,45.82157],[13.35106,45.82171],[13.35134,45.8219]]},"properties":{}},{"type":"Feature","geometry":{"type":"LineString","coordinates":[[13.34989,45.82153],[13.35061,45.82161],[13.35096,45.82173],[13.35128,45.82192]]},"properties":{}},{"type":"Feature","geometry":{"type":"LineString","coordinates":[[13.35134,45.8219],[13.35161,45.82209]]},"properties":{}},{"type":"Feature","geometry":{"type":"LineString","coordinates":[[13.35128,45.82192],[13.35158,45.82213]]},"properties":{}},{"type":"Feature","geometry":{"type":"LineString","coordinates":[[13.35161,45.82209],[13.35185,45.82223],[13.35208,45.8223],[13.35303,45.82241]]},"properties":{}},{"type":"Feature","geometry":{"type":"LineString","coordinates":[[13.35158,45.82213],[13.35187,45.82228],[13.35215,45.82236],[13.35301,45.82245]]},"properties":{}},{"type":"Feature","geometry":{"type":"LineString","coordinates":[[13.35303,45.82241],[13.35498,45.82259]]},"properties":{}},{"type":"Feature","geometry":{"type":"LineString","coordinates":[[13.35301,45.82245],[13.35488,45.82262]]},"properties":{}},{"type":"Feature","geometry":{"type":"LineString","coordinates":[[13.34206,45.82371],[13.34232,45.82357],[13.34269,45.82349],[13.34308,45.82341],[13.34319,45.82346],[13.34316,45.8235],[13.34249,45.82365]]},"properties":{}},{"type":"Feature","geometry":{"type":"LineString","coordinates":[[13.33464,45.82352],[13.33453,45.82342],[13.33429,45.82295],[13.33442,45.82269],[13.33452,45.82258],[13.33467,45.82255],[13.33549,45.82274],[13.33564,45.82281],[13.33567,45.8229],[13.33566,45.823],[13.33562,45.82309],[13.33548,45.82322],[13.33492,45.82357],[13.33473,45.82356],[13.33464,45.82352]]},"properties":{}},{"type":"Feature","geometry":{"type":"LineString","coordinates":[[13.33442,45.8232],[13.33354,45.82337]]},"properties":{}},{"type":"Feature","geometry":{"type":"LineString","coordinates":[[13.33223,45.82336],[13.33223,45.82331]]},"properties":{}},{"type":"Feature","geometry":{"type":"LineString","coordinates":[[13.33481,45.82391],[13.33408,45.82399]]},"properties":{}},{"type":"Feature","geometry":{"type":"LineString","coordinates":[[13.33408,45.82399],[13.33389,45.824]]},"properties":{}},{"type":"Feature","geometry":{"type":"LineString","coordinates":[[13.33408,45.82399],[13.33392,45.82407]]},"properties":{}},{"type":"Feature","geometry":{"type":"LineString","coordinates":[[13.30557,45.82573],[13.30601,45.82566]]},"properties":{}},{"type":"Feature","geometry":{"type":"LineString","coordinates":[[13.30559,45.82579],[13.30596,45.82571],[13.30601,45.82566]]},"properties":{}},{"type":"Feature","geometry":{"type":"LineString","coordinates":[[13.30507,45.82585],[13.30557,45.82573]]},"properties":{}},{"type":"Feature","geometry":{"type":"LineString","coordinates":[[13.30461,45.82583],[13.30503,45.82586]]},"properties":{}},{"type":"Feature","geometry":{"type":"LineString","coordinates":[[13.28019,45.82517],[13.28044,45.82529]]},"properties":{}},{"type":"Feature","geometry":{"type":"LineString","coordinates":[[13.28024,45.82532],[13.28019,45.82517]]},"properties":{}},{"type":"Feature","geometry":{"type":"LineString","coordinates":[[13.27592,45.82579],[13.27585,45.82579],[13.27567,45.82478],[13.2756,45.82477],[13.27559,45.82472]]},"properties":{}},{"type":"Feature","geometry":{"type":"LineString","coordinates":[[13.28024,45.82532],[13.27998,45.82527]]},"properties":{}},{"type":"Feature","geometry":{"type":"LineString","coordinates":[[13.28043,45.8255],[13.28037,45.82541],[13.28024,45.82532]]},"properties":{}},{"type":"Feature","geometry":{"type":"LineString","coordinates":[[13.28043,45.82634],[13.28029,45.82624],[13.28007,45.82618]]},"properties":{}},{"type":"Feature","geometry":{"type":"LineString","coordinates":[[13.28074,45.82619],[13.28054,45.82634]]},"properties":{}},{"type":"Feature","geometry":{"type":"LineString","coordinates":[[13.28047,45.8262],[13.28054,45.82634]]},"properties":{}},{"type":"Feature","geometry":{"type":"LineString","coordinates":[[13.28043,45.82634],[13.28047,45.8262]]},"properties":{}},{"type":"Feature","geometry":{"type":"LineString","coordinates":[[13.30509,45.8259],[13.30559,45.82579]]},"properties":{}},{"type":"Feature","geometry":{"type":"LineString","coordinates":[[13.30503,45.82586],[13.30507,45.82585]]},"properties":{}},{"type":"Feature","geometry":{"type":"LineString","coordinates":[[13.30246,45.826],[13.30351,45.82601],[13.30361,45.82598],[13.30373,45.82599],[13.30409,45.82586],[13.30429,45.82574],[13.30442,45.82571],[13.30489,45.8258],[13.3049,45.82587],[13.30499,45.82596]]},"properties":{}},{"type":"Feature","geometry":{"type":"LineString","coordinates":[[13.30503,45.82586],[13.30468,45.826]]},"properties":{}},{"type":"Feature","geometry":{"type":"LineString","coordinates":[[13.30499,45.82596],[13.30509,45.8259]]},"properties":{}},{"type":"Feature","geometry":{"type":"LineString","coordinates":[[13.30227,45.82594],[13.30281,45.82595]]},"properties":{}},{"type":"Feature","geometry":{"type":"LineString","coordinates":[[13.30373,45.82607],[13.30424,45.82587]]},"properties":{}},{"type":"Feature","geometry":{"type":"LineString","coordinates":[[13.30227,45.82594],[13.30246,45.826]]},"properties":{}},{"type":"Feature","geometry":{"type":"LineString","coordinates":[[13.32511,45.82583],[13.32519,45.82606],[13.32525,45.82611]]},"properties":{}},{"type":"Feature","geometry":{"type":"LineString","coordinates":[[13.30281,45.82595],[13.30357,45.82599]]},"properties":{}},{"type":"Feature","geometry":{"type":"LineString","coordinates":[[13.32499,45.82613],[13.32511,45.82583]]},"properties":{}},{"type":"Feature","geometry":{"type":"LineString","coordinates":[[13.30239,45.82603],[13.30217,45.82595],[13.30197,45.82593]]},"properties":{}},{"type":"Feature","geometry":{"type":"LineString","coordinates":[[13.30246,45.826],[13.30239,45.82603]]},"properties":{}},{"type":"Feature","geometry":{"type":"LineString","coordinates":[[13.30357,45.82599],[13.30373,45.82607]]},"properties":{}},{"type":"Feature","geometry":{"type":"LineString","coordinates":[[13.30244,45.82606],[13.30239,45.82603]]},"properties":{}},{"type":"Feature","geometry":{"type":"LineString","coordinates":[[13.30424,45.82604],[13.30373,45.82607]]},"properties":{}},{"type":"Feature","geometry":{"type":"LineString","coordinates":[[13.32435,45.82611],[13.32493,45.82616]]},"properties":{}},{"type":"Feature","geometry":{"type":"LineString","coordinates":[[13.30466,45.82603],[13.30468,45.82611],[13.3048,45.82625]]},"properties":{}},{"type":"Feature","geometry":{"type":"LineString","coordinates":[[13.30287,45.82624],[13.30272,45.82619],[13.30244,45.82606]]},"properties":{}},{"type":"Feature","geometry":{"type":"LineString","coordinates":[[13.32493,45.82616],[13.32506,45.82611],[13.32519,45.8261],[13.32531,45.82614],[13.32538,45.82621]]},"properties":{}},{"type":"Feature","geometry":{"type":"LineString","coordinates":[[13.3048,45.82625],[13.3046,45.82616],[13.30443,45.82612]]},"properties":{}},{"type":"Feature","geometry":{"type":"LineString","coordinates":[[13.30234,45.82634],[13.30247,45.82618],[13.30244,45.82606]]},"properties":{}},{"type":"Feature","geometry":{"type":"LineString","coordinates":[[13.32487,45.82633],[13.32471,45.82624],[13.32435,45.82611]]},"properties":{}},{"type":"Feature","geometry":{"type":"LineString","coordinates":[[13.32538,45.82621],[13.32569,45.82628]]},"properties":{}},{"type":"Feature","geometry":{"type":"LineString","coordinates":[[13.32487,45.82633],[13.32487,45.82624],[13.32493,45.82616]]},"properties":{}},{"type":"Feature","geometry":{"type":"LineString","coordinates":[[13.32569,45.82628],[13.3257,45.82625]]},"properties":{}},{"type":"Feature","geometry":{"type":"LineString","coordinates":[[13.32538,45.82621],[13.32541,45.8263],[13.32536,45.8264]]},"properties":{}},{"type":"Feature","geometry":{"type":"LineString","coordinates":[[13.32569,45.82628],[13.32566,45.82637]]},"properties":{}},{"type":"Feature","geometry":{"type":"LineString","coordinates":[[13.34074,45.82643],[13.34053,45.82626]]},"properties":{}},{"type":"Feature","geometry":{"type":"LineString","coordinates":[[13.32566,45.82637],[13.32545,45.82637],[13.32536,45.8264]]},"properties":{}},{"type":"Feature","geometry":{"type":"LineString","coordinates":[[13.3053,45.82684],[13.30526,45.82684],[13.30503,45.82651],[13.30514,45.82647],[13.30518,45.82642],[13.30496,45.82603],[13.30499,45.82596]]},"properties":{}},{"type":"Feature","geometry":{"type":"LineString","coordinates":[[13.32536,45.8264],[13.32523,45.82647],[13.32508,45.82648],[13.32493,45.82641],[13.32487,45.82633]]},"properties":{}},{"type":"Feature","geometry":{"type":"LineString","coordinates":[[13.32566,45.82637],[13.32563,45.82645]]},"properties":{}},{"type":"Feature","geometry":{"type":"LineString","coordinates":[[13.34111,45.82638],[13.34114,45.8265],[13.34102,45.82659],[13.34084,45.82658],[13.34074,45.82648],[13.34076,45.82639],[13.34088,45.82632],[13.34101,45.82632],[13.34111,45.82638]]},"properties":{}},{"type":"Feature","geometry":{"type":"LineString","coordinates":[[13.32479,45.8266],[13.3249,45.82638]]},"properties":{}},{"type":"Feature","geometry":{"type":"LineString","coordinates":[[13.32508,45.82648],[13.32479,45.8266]]},"properties":{}},{"type":"Feature","geometry":{"type":"LineString","coordinates":[[13.34114,45.82649],[13.34133,45.82667]]},"properties":{}},{"type":"Feature","geometry":{"type":"LineString","coordinates":[[13.34133,45.82667],[13.34101,45.82659]]},"properties":{}},{"type":"Feature","geometry":{"type":"LineString","coordinates":[[13.34058,45.82685],[13.34077,45.82654]]},"properties":{}},{"type":"Feature","geometry":{"type":"LineString","coordinates":[[13.3409,45.8266],[13.34058,45.82685]]},"properties":{}},{"type":"Feature","geometry":{"type":"LineString","coordinates":[[13.28054,45.82634],[13.28052,45.82653]]},"properties":{}},{"type":"Feature","geometry":{"type":"LineString","coordinates":[[13.28052,45.82653],[13.28043,45.82634]]},"properties":{}},{"type":"Feature","geometry":{"type":"LineString","coordinates":[[13.28042,45.82709],[13.28052,45.82695]]},"properties":{}},{"type":"Feature","geometry":{"type":"LineString","coordinates":[[13.27984,45.82717],[13.28004,45.82721],[13.28024,45.8272],[13.28042,45.82709]]},"properties":{}},{"type":"Feature","geometry":{"type":"LineString","coordinates":[[13.28015,45.8275],[13.28042,45.82709]]},"properties":{}},{"type":"Feature","geometry":{"type":"LineString","coordinates":[[13.28054,45.82726],[13.28043,45.8274],[13.28015,45.8275]]},"properties":{}},{"type":"Feature","geometry":{"type":"LineString","coordinates":[[13.28054,45.82726],[13.28057,45.82802]]},"properties":{}},{"type":"Feature","geometry":{"type":"LineString","coordinates":[[13.32569,45.82628],[13.32633,45.82638],[13.32669,45.82654],[13.32682,45.82666],[13.32697,45.82696],[13.32713,45.8277]]},"properties":{}},{"type":"Feature","geometry":{"type":"LineString","coordinates":[[13.32685,45.82774],[13.32687,45.82756],[13.32676,45.82701],[13.32669,45.82681],[13.32662,45.82671],[13.32642,45.82655],[13.3262,45.82646],[13.32566,45.82637]]},"properties":{}},{"type":"Feature","geometry":{"type":"LineString","coordinates":[[13.32811,45.8285],[13.32767,45.82839],[13.32691,45.82832],[13.3268,45.82829],[13.32666,45.8282],[13.32642,45.82796],[13.32638,45.82784],[13.3263,45.82695],[13.32626,45.82681],[13.32619,45.8267],[13.32603,45.82655],[13.32563,45.82645]]},"properties":{}},{"type":"Feature","geometry":{"type":"LineString","coordinates":[[13.32712,45.82807],[13.32696,45.82807],[13.32682,45.82799],[13.32677,45.82788],[13.32681,45.82777],[13.32691,45.82771],[13.32705,45.82769],[13.32718,45.82771],[13.32727,45.82777],[13.32732,45.82785],[13.3273,45.82796],[13.32723,45.82803],[13.32712,45.82807]]},"properties":{}},{"type":"Feature","geometry":{"type":"LineString","coordinates":[[13.32732,45.82787],[13.32755,45.82804],[13.32819,45.82839]]},"properties":{}},{"type":"Feature","geometry":{"type":"LineString","coordinates":[[13.3285,45.82852],[13.32799,45.82842],[13.32712,45.82807]]},"properties":{}},{"type":"Feature","geometry":{"type":"LineString","coordinates":[[13.32822,45.82835],[13.32811,45.8285]]},"properties":{}},{"type":"Feature","geometry":{"type":"LineString","coordinates":[[13.32857,45.82855],[13.32849,45.82847],[13.32822,45.82835]]},"properties":{}},{"type":"Feature","geometry":{"type":"LineString","coordinates":[[13.32819,45.82839],[13.3285,45.82852]]},"properties":{}},{"type":"Feature","geometry":{"type":"LineString","coordinates":[[13.3285,45.82852],[13.32857,45.82855]]},"properties":{}},{"type":"Feature","geometry":{"type":"LineString","coordinates":[[13.25138,45.82782],[13.25201,45.82776]]},"properties":{}},{"type":"Feature","geometry":{"type":"LineString","coordinates":[[13.25201,45.82776],[13.25188,45.82779],[13.25173,45.82788]]},"properties":{}},{"type":"Feature","geometry":{"type":"LineString","coordinates":[[13.28029,45.82766],[13.28046,45.82782],[13.28057,45.82802]]},"properties":{}},{"type":"Feature","geometry":{"type":"LineString","coordinates":[[13.25,45.82791],[13.25207,45.82776]]},"properties":{}},{"type":"Feature","geometry":{"type":"LineString","coordinates":[[13.25,45.82794],[13.25138,45.82782]]},"properties":{}},{"type":"Feature","geometry":{"type":"LineString","coordinates":[[13.25136,45.82815],[13.25122,45.82805],[13.25121,45.82798],[13.25128,45.82787],[13.25138,45.82782]]},"properties":{}},{"type":"Feature","geometry":{"type":"LineString","coordinates":[[13.2806,45.82835],[13.2804,45.82784],[13.28029,45.82766]]},"properties":{}},{"type":"Feature","geometry":{"type":"LineString","coordinates":[[13.25173,45.82788],[13.25136,45.82815]]},"properties":{}},{"type":"Feature","geometry":{"type":"LineString","coordinates":[[13.25173,45.82788],[13.25171,45.82793],[13.25173,45.82802],[13.25178,45.82811],[13.25193,45.82818]]},"properties":{}},{"type":"Feature","geometry":{"type":"LineString","coordinates":[[13.26616,45.82911],[13.26679,45.82906]]},"properties":{}},{"type":"Feature","geometry":{"type":"LineString","coordinates":[[13.26745,45.82909],[13.26762,45.82917],[13.26801,45.82925]]},"properties":{}},{"type":"Feature","geometry":{"type":"LineString","coordinates":[[13.26715,45.82943],[13.26693,45.8294],[13.26678,45.82928],[13.26675,45.82913],[13.26686,45.829],[13.267,45.82894],[13.26718,45.82893],[13.26732,45.82897],[13.26744,45.82907],[13.26748,45.82919],[13.26744,45.82929],[13.26732,45.82939],[13.26715,45.82943]]},"properties":{}},{"type":"Feature","geometry":{"type":"LineString","coordinates":[[13.26678,45.8293],[13.26649,45.82918],[13.26616,45.82911]]},"properties":{}},{"type":"Feature","geometry":{"type":"LineString","coordinates":[[13.26801,45.82925],[13.26742,45.82932]]},"properties":{}},{"type":"Feature","geometry":{"type":"LineString","coordinates":[[13.28065,45.8292],[13.28073,45.82943]]},"properties":{}},{"type":"Feature","geometry":{"type":"LineString","coordinates":[[13.28054,45.82943],[13.28063,45.82928],[13.28065,45.8292]]},"properties":{}},{"type":"Feature","geometry":{"type":"LineString","coordinates":[[13.33324,45.82936],[13.33329,45.82907]]},"properties":{}},{"type":"Feature","geometry":{"type":"LineString","coordinates":[[13.33285,45.82962],[13.33297,45.82962],[13.3331,45.82957],[13.33322,45.82944],[13.33324,45.82936]]},"properties":{}},{"type":"Feature","geometry":{"type":"LineString","coordinates":[[13.33308,45.82964],[13.33321,45.82953],[13.33331,45.82935]]},"properties":{}},{"type":"Feature","geometry":{"type":"LineString","coordinates":[[13.33331,45.82935],[13.33339,45.8297]]},"properties":{}},{"type":"Feature","geometry":{"type":"LineString","coordinates":[[13.33216,45.8295],[13.33284,45.82965]]},"properties":{}},{"type":"Feature","geometry":{"type":"LineString","coordinates":[[13.33279,45.82973],[13.33216,45.8295]]},"properties":{}},{"type":"Feature","geometry":{"type":"LineString","coordinates":[[13.33284,45.82965],[13.33285,45.82962]]},"properties":{}},{"type":"Feature","geometry":{"type":"LineString","coordinates":[[13.33283,45.82967],[13.33284,45.82965]]},"properties":{}},{"type":"Feature","geometry":{"type":"LineString","coordinates":[[13.33281,45.82971],[13.33283,45.82967]]},"properties":{}},{"type":"Feature","geometry":{"type":"LineString","coordinates":[[13.33279,45.82973],[13.33281,45.82971]]},"properties":{}},{"type":"Feature","geometry":{"type":"LineString","coordinates":[[13.28021,45.82947],[13.28043,45.82947]]},"properties":{}},{"type":"Feature","geometry":{"type":"LineString","coordinates":[[13.26685,45.82965],[13.26689,45.82953],[13.26685,45.82936]]},"properties":{}},{"type":"Feature","geometry":{"type":"LineString","coordinates":[[13.28032,45.82958],[13.28021,45.82947]]},"properties":{}},{"type":"Feature","geometry":{"type":"LineString","coordinates":[[13.26715,45.82943],[13.26685,45.82965]]},"properties":{}},{"type":"Feature","geometry":{"type":"LineString","coordinates":[[13.28093,45.82954],[13.28125,45.82957]]},"properties":{}},{"type":"Feature","geometry":{"type":"LineString","coordinates":[[13.28125,45.82957],[13.28096,45.82971]]},"properties":{}},{"type":"Feature","geometry":{"type":"LineString","coordinates":[[13.27609,45.82972],[13.27611,45.82958]]},"properties":{}},{"type":"Feature","geometry":{"type":"LineString","coordinates":[[13.28085,45.82947],[13.28093,45.82954],[13.28097,45.82962],[13.28093,45.82976],[13.28085,45.82983],[13.28074,45.82987],[13.28055,45.82987],[13.28043,45.82983],[13.28032,45.82972],[13.28032,45.82958],[13.28038,45.8295],[13.28048,45.82945],[13.28067,45.82942],[13.28085,45.82947]]},"properties":{}},{"type":"Feature","geometry":{"type":"LineString","coordinates":[[13.27611,45.82958],[13.27616,45.82972]]},"properties":{}},{"type":"Feature","geometry":{"type":"LineString","coordinates":[[13.28011,45.82987],[13.28031,45.82963]]},"properties":{}},{"type":"Feature","geometry":{"type":"LineString","coordinates":[[13.33276,45.82977],[13.33279,45.82973]]},"properties":{}},{"type":"Feature","geometry":{"type":"LineString","coordinates":[[13.33291,45.8298],[13.33279,45.82973]]},"properties":{}},{"type":"Feature","geometry":{"type":"LineString","coordinates":[[13.33344,45.82978],[13.33369,45.8299],[13.33418,45.83],[13.33458,45.83003],[13.33529,45.83001]]},"properties":{}},{"type":"Feature","geometry":{"type":"LineString","coordinates":[[13.33291,45.82996],[13.33279,45.83]]},"properties":{}},{"type":"Feature","geometry":{"type":"LineString","coordinates":[[13.33493,45.83008],[13.3343,45.83007],[13.33358,45.82995],[13.33336,45.82996]]},"properties":{}},{"type":"Feature","geometry":{"type":"LineString","coordinates":[[13.33529,45.83001],[13.33493,45.83008]]},"properties":{}},{"type":"Feature","geometry":{"type":"LineString","coordinates":[[13.33332,45.82998],[13.33321,45.8301],[13.33313,45.83035]]},"properties":{}},{"type":"Feature","geometry":{"type":"LineString","coordinates":[[13.33313,45.83035],[13.33305,45.82999]]},"properties":{}},{"type":"Feature","geometry":{"type":"LineString","coordinates":[[13.33293,45.83135],[13.33305,45.83034],[13.33301,45.83012],[13.33276,45.82977]]},"properties":{}},{"type":"Feature","geometry":{"type":"LineString","coordinates":[[13.33297,45.83138],[13.33313,45.83035]]},"properties":{}},{"type":"Feature","geometry":{"type":"LineString","coordinates":[[13.31854,45.83086],[13.3187,45.83116]]},"properties":{}},{"type":"Feature","geometry":{"type":"LineString","coordinates":[[13.31843,45.83117],[13.3185,45.83105],[13.31854,45.83086]]},"properties":{}},{"type":"Feature","geometry":{"type":"LineString","coordinates":[[13.31827,45.83127],[13.31843,45.83117]]},"properties":{}},{"type":"Feature","geometry":{"type":"LineString","coordinates":[[13.31843,45.83117],[13.3187,45.83116],[13.3188,45.83119],[13.31891,45.83132]]},"properties":{}},{"type":"Feature","geometry":{"type":"LineString","coordinates":[[13.31826,45.83146],[13.31824,45.83135],[13.31827,45.83127]]},"properties":{}},{"type":"Feature","geometry":{"type":"LineString","coordinates":[[13.33302,45.8314],[13.33293,45.83135]]},"properties":{}},{"type":"Feature","geometry":{"type":"LineString","coordinates":[[13.31891,45.83132],[13.3189,45.83146],[13.31873,45.83159],[13.31844,45.8316],[13.31835,45.83156],[13.31826,45.83146]]},"properties":{}},{"type":"Feature","geometry":{"type":"LineString","coordinates":[[13.31873,45.83159],[13.31861,45.83196]]},"properties":{}},{"type":"Feature","geometry":{"type":"LineString","coordinates":[[13.31861,45.83196],[13.31853,45.83171],[13.31844,45.8316]]},"properties":{}},{"type":"Feature","geometry":{"type":"LineString","coordinates":[[13.32892,45.83827],[13.33069,45.8351],[13.33233,45.8326],[13.33285,45.83174],[13.33297,45.83138]]},"properties":{}},{"type":"Feature","geometry":{"type":"LineString","coordinates":[[13.3286,45.83863],[13.32892,45.83827]]},"properties":{}},{"type":"Feature","geometry":{"type":"LineString","coordinates":[[13.32892,45.83827],[13.32877,45.83867]]},"properties":{}},{"type":"Feature","geometry":{"type":"LineString","coordinates":[[13.32885,45.83879],[13.32909,45.83899]]},"properties":{}},{"type":"Feature","geometry":{"type":"LineString","coordinates":[[13.32909,45.83899],[13.32876,45.83893]]},"properties":{}},{"type":"Feature","geometry":{"type":"LineString","coordinates":[[13.32838,45.83924],[13.32844,45.83892]]},"properties":{}},{"type":"Feature","geometry":{"type":"LineString","coordinates":[[13.32863,45.83897],[13.32838,45.83924]]},"properties":{}},{"type":"Feature","geometry":{"type":"LineString","coordinates":[[13.32116,45.85278],[13.32119,45.85273],[13.3211,45.85245],[13.32112,45.85226],[13.3225,45.84997],[13.32397,45.84728],[13.32414,45.84723],[13.3242,45.84714],[13.32413,45.84703],[13.32467,45.84601],[13.32514,45.8452],[13.32527,45.84507],[13.32851,45.83924],[13.3286,45.8391],[13.32879,45.839],[13.32891,45.83899],[13.32912,45.83905],[13.32919,45.83897],[13.32897,45.83882],[13.3289,45.83868],[13.32891,45.83855],[13.33,45.83656],[13.33,45.83645],[13.33049,45.83558],[13.33054,45.83556],[13.33067,45.83544],[13.3307,45.83523],[13.33187,45.83342],[13.33235,45.83274],[13.33238,45.83261],[13.33289,45.83181],[13.33302,45.8314]]},"properties":{}},{"type":"Feature","geometry":{"type":"LineString","coordinates":[[13.32103,45.85233],[13.32243,45.84996],[13.32477,45.84568],[13.32838,45.83924]]},"properties":{}},{"type":"Feature","geometry":{"type":"LineString","coordinates":[[13.31804,45.85837],[13.31799,45.8583],[13.318,45.85823],[13.31811,45.85815],[13.31827,45.85815],[13.31836,45.85819],[13.3184,45.85826],[13.31838,45.85833],[13.31827,45.85841],[13.31817,45.85842],[13.31804,45.85837]]},"properties":{}},{"type":"Feature","geometry":{"type":"LineString","coordinates":[[13.31544,45.86919],[13.31566,45.86907]]},"properties":{}},{"type":"Feature","geometry":{"type":"LineString","coordinates":[[13.28043,45.82983],[13.28011,45.82987]]},"properties":{}},{"type":"Feature","geometry":{"type":"LineString","coordinates":[[13.2808,45.82985],[13.28069,45.83004]]},"properties":{}},{"type":"Feature","geometry":{"type":"LineString","coordinates":[[13.28069,45.83004],[13.28055,45.82987]]},"properties":{}},{"type":"Feature","geometry":{"type":"LineString","coordinates":[[13.28268,45.8662],[13.28253,45.86309]]},"properties":{}},{"type":"Feature","geometry":{"type":"LineString","coordinates":[[13.28475,45.8835],[13.28488,45.88352]]},"properties":{}},{"type":"Feature","geometry":{"type":"LineString","coordinates":[[13.28488,45.88352],[13.28548,45.88366]]},"properties":{}},{"type":"Feature","geometry":{"type":"LineString","coordinates":[[13.28548,45.88366],[13.28487,45.88366]]},"properties":{}},{"type":"Feature","geometry":{"type":"LineString","coordinates":[[13.28487,45.88366],[13.28479,45.88366]]},"properties":{}},{"type":"Feature","geometry":{"type":"LineString","coordinates":[[13.28479,45.88366],[13.28473,45.88366]]},"properties":{}},{"type":"Feature","geometry":{"type":"LineString","coordinates":[[13.28473,45.88366],[13.28453,45.88368]]},"properties":{}},{"type":"Feature","geometry":{"type":"LineString","coordinates":[[13.31493,45.86911],[13.31518,45.86921]]},"properties":{}},{"type":"Feature","geometry":{"type":"LineString","coordinates":[[13.31566,45.86907],[13.31563,45.86931]]},"properties":{}},{"type":"Feature","geometry":{"type":"LineString","coordinates":[[13.31502,45.86935],[13.31493,45.86911]]},"properties":{}},{"type":"Feature","geometry":{"type":"LineString","coordinates":[[13.31555,45.86924],[13.31563,45.86931],[13.31567,45.86944],[13.31559,45.86956],[13.31549,45.86962],[13.3153,45.86964],[13.31518,45.86962],[13.31508,45.86956],[13.31502,45.86948],[13.31502,45.86935],[13.31513,45.86923],[13.31531,45.86918],[13.31555,45.86924]]},"properties":{}},{"type":"Feature","geometry":{"type":"LineString","coordinates":[[13.31517,45.86983],[13.31513,45.86959]]},"properties":{}},{"type":"Feature","geometry":{"type":"LineString","coordinates":[[13.31537,45.86964],[13.31517,45.86983]]},"properties":{}},{"type":"Feature","geometry":{"type":"LineString","coordinates":[[13.30892,45.88625],[13.30878,45.88388]]},"properties":{}},{"type":"Feature","geometry":{"type":"LineString","coordinates":[[13.32197,45.88495],[13.32195,45.88524],[13.32188,45.88534]]},"properties":{}},{"type":"Feature","geometry":{"type":"LineString","coordinates":[[13.33824,45.88562],[13.33849,45.88561],[13.3387,45.88553]]},"properties":{}},{"type":"Feature","geometry":{"type":"LineString","coordinates":[[13.3387,45.88553],[13.33859,45.8857],[13.33857,45.88578]]},"properties":{}},{"type":"Feature","geometry":{"type":"LineString","coordinates":[[13.2817,45.88563],[13.28173,45.8857]]},"properties":{}},{"type":"Feature","geometry":{"type":"LineString","coordinates":[[13.28173,45.8857],[13.28175,45.88574]]},"properties":{}},{"type":"Feature","geometry":{"type":"LineString","coordinates":[[13.28052,45.88583],[13.2817,45.88563]]},"properties":{}},{"type":"Feature","geometry":{"type":"LineString","coordinates":[[13.28043,45.88585],[13.28052,45.88583]]},"properties":{}},{"type":"Feature","geometry":{"type":"LineString","coordinates":[[13.28175,45.88574],[13.28039,45.88599],[13.28002,45.88607],[13.27943,45.88628],[13.27941,45.88625]]},"properties":{}},{"type":"Feature","geometry":{"type":"LineString","coordinates":[[13.27937,45.8862],[13.28043,45.88585]]},"properties":{}},{"type":"Feature","geometry":{"type":"LineString","coordinates":[[13.29227,45.88633],[13.29242,45.88606],[13.29237,45.88604]]},"properties":{}},{"type":"Feature","geometry":{"type":"LineString","coordinates":[[13.27941,45.88625],[13.27937,45.8862]]},"properties":{}},{"type":"Feature","geometry":{"type":"LineString","coordinates":[[13.29227,45.88633],[13.29351,45.88635]]},"properties":{}},{"type":"Feature","geometry":{"type":"LineString","coordinates":[[13.29227,45.88633],[13.29226,45.88635]]},"properties":{}},{"type":"Feature","geometry":{"type":"LineString","coordinates":[[13.33747,45.8858],[13.33777,45.8858],[13.33798,45.88571]]},"properties":{}},{"type":"Feature","geometry":{"type":"LineString","coordinates":[[13.3382,45.88609],[13.33797,45.88599],[13.33791,45.88587],[13.33794,45.88578],[13.33802,45.88568],[13.33816,45.88563],[13.33835,45.88563],[13.3385,45.8857],[13.33859,45.88582],[13.33857,45.88594],[13.33844,45.88605],[13.3382,45.88609]]},"properties":{}},{"type":"Feature","geometry":{"type":"LineString","coordinates":[[13.33794,45.88595],[13.3378,45.88588],[13.33747,45.8858]]},"properties":{}},{"type":"Feature","geometry":{"type":"LineString","coordinates":[[13.30892,45.88625],[13.30901,45.88636],[13.30915,45.88641]]},"properties":{}},{"type":"Feature","geometry":{"type":"LineString","coordinates":[[13.30896,45.88645],[13.30892,45.88625]]},"properties":{}},{"type":"Feature","geometry":{"type":"LineString","coordinates":[[13.30896,45.88645],[13.30915,45.88641]]},"properties":{}},{"type":"Feature","geometry":{"type":"LineString","coordinates":[[13.30927,45.88646],[13.30948,45.88645]]},"properties":{}},{"type":"Feature","geometry":{"type":"LineString","coordinates":[[13.30948,45.88645],[13.30933,45.88654]]},"properties":{}},{"type":"Feature","geometry":{"type":"LineString","coordinates":[[13.30915,45.88641],[13.30929,45.88648],[13.30933,45.88658],[13.30926,45.88668],[13.30914,45.88673]]},"properties":{}},{"type":"Feature","geometry":{"type":"LineString","coordinates":[[13.30898,45.8867],[13.30888,45.88658],[13.3089,45.88651],[13.30896,45.88645]]},"properties":{}},{"type":"Feature","geometry":{"type":"LineString","coordinates":[[13.2935,45.88637],[13.29351,45.88635]]},"properties":{}},{"type":"Feature","geometry":{"type":"LineString","coordinates":[[13.27638,45.88737],[13.27625,45.88733],[13.27571,45.88766],[13.27462,45.88851],[13.27402,45.88914]]},"properties":{}},{"type":"Feature","geometry":{"type":"LineString","coordinates":[[13.27407,45.8892],[13.27472,45.88853],[13.27506,45.88825],[13.27571,45.88775],[13.27638,45.88737]]},"properties":{}},{"type":"Feature","geometry":{"type":"LineString","coordinates":[[13.27402,45.88914],[13.27325,45.88983]]},"properties":{}},{"type":"Feature","geometry":{"type":"LineString","coordinates":[[13.25749,45.88961],[13.25745,45.88947],[13.25738,45.8894]]},"properties":{}},{"type":"Feature","geometry":{"type":"LineString","coordinates":[[13.27334,45.88987],[13.27407,45.8892]]},"properties":{}},{"type":"Feature","geometry":{"type":"LineString","coordinates":[[13.25749,45.88961],[13.25768,45.88954]]},"properties":{}},{"type":"Feature","geometry":{"type":"LineString","coordinates":[[13.25768,45.88954],[13.25769,45.88959],[13.25762,45.88971]]},"properties":{}},{"type":"Feature","geometry":{"type":"LineString","coordinates":[[13.2574,45.88978],[13.25749,45.88961]]},"properties":{}},{"type":"Feature","geometry":{"type":"LineString","coordinates":[[13.25804,45.88968],[13.25762,45.88971]]},"properties":{}},{"type":"Feature","geometry":{"type":"LineString","coordinates":[[13.30914,45.88673],[13.30898,45.8867]]},"properties":{}},{"type":"Feature","geometry":{"type":"LineString","coordinates":[[13.30914,45.88673],[13.30907,45.88677],[13.30898,45.88696]]},"properties":{}},{"type":"Feature","geometry":{"type":"LineString","coordinates":[[13.31177,45.88965],[13.31204,45.88954]]},"properties":{}},{"type":"Feature","geometry":{"type":"LineString","coordinates":[[13.31204,45.88954],[13.31196,45.8897]]},"properties":{}},{"type":"Feature","geometry":{"type":"LineString","coordinates":[[13.31188,45.88965],[13.31196,45.8897],[13.31201,45.88976],[13.31202,45.88983],[13.31198,45.88989],[13.31178,45.88995],[13.31161,45.88987],[13.31158,45.88978],[13.31164,45.8897],[13.31177,45.88965],[13.31188,45.88965]]},"properties":{}},{"type":"Feature","geometry":{"type":"LineString","coordinates":[[13.31201,45.88976],[13.31238,45.88988]]},"properties":{}},{"type":"Feature","geometry":{"type":"LineString","coordinates":[[13.31117,45.8899],[13.31159,45.88975]]},"properties":{}},{"type":"Feature","geometry":{"type":"LineString","coordinates":[[13.31238,45.88988],[13.31198,45.88989]]},"properties":{}},{"type":"Feature","geometry":{"type":"LineString","coordinates":[[13.31164,45.8899],[13.31117,45.8899]]},"properties":{}},{"type":"Feature","geometry":{"type":"LineString","coordinates":[[13.30911,45.88968],[13.30924,45.89008],[13.30932,45.89015],[13.30954,45.89017]]},"properties":{}},{"type":"Feature","geometry":{"type":"LineString","coordinates":[[13.30913,45.89001],[13.30922,45.89023]]},"properties":{}},{"type":"Feature","geometry":{"type":"LineString","coordinates":[[13.30902,45.89026],[13.30913,45.89001]]},"properties":{}},{"type":"Feature","geometry":{"type":"LineString","coordinates":[[13.30929,45.89025],[13.30957,45.89024],[13.3101,45.89014]]},"properties":{}},{"type":"Feature","geometry":{"type":"LineString","coordinates":[[13.30922,45.89023],[13.30929,45.89025]]},"properties":{}},{"type":"Feature","geometry":{"type":"LineString","coordinates":[[13.30891,45.89034],[13.30906,45.89025],[13.30922,45.89023]]},"properties":{}},{"type":"Feature","geometry":{"type":"LineString","coordinates":[[13.3101,45.89014],[13.30962,45.89035],[13.30946,45.89045]]},"properties":{}},{"type":"Feature","geometry":{"type":"LineString","coordinates":[[13.30929,45.89025],[13.30942,45.89032],[13.30946,45.89045]]},"properties":{}},{"type":"Feature","geometry":{"type":"LineString","coordinates":[[13.30896,45.89058],[13.30888,45.89045],[13.30891,45.89034]]},"properties":{}},{"type":"Feature","geometry":{"type":"LineString","coordinates":[[13.3091,45.88953],[13.30918,45.88954],[13.30922,45.88997],[13.30933,45.8901],[13.30954,45.89017],[13.30965,45.8904],[13.3095,45.89059],[13.30934,45.89068],[13.3093,45.89074],[13.30928,45.89137],[13.30919,45.89151]]},"properties":{}},{"type":"Feature","geometry":{"type":"LineString","coordinates":[[13.30946,45.89045],[13.30941,45.89055],[13.30928,45.89063]]},"properties":{}},{"type":"Feature","geometry":{"type":"LineString","coordinates":[[13.35844,45.89065],[13.35788,45.8906]]},"properties":{}},{"type":"Feature","geometry":{"type":"LineString","coordinates":[[13.35788,45.8906],[13.35776,45.89067]]},"properties":{}},{"type":"Feature","geometry":{"type":"LineString","coordinates":[[13.35674,45.8907],[13.35788,45.8906]]},"properties":{}},{"type":"Feature","geometry":{"type":"LineString","coordinates":[[13.35844,45.89065],[13.35674,45.8907]]},"properties":{}},{"type":"Feature","geometry":{"type":"LineString","coordinates":[[13.35228,45.89086],[13.35674,45.8907]]},"properties":{}},{"type":"Feature","geometry":{"type":"LineString","coordinates":[[13.36083,45.89116],[13.35883,45.8907],[13.35844,45.89065]]},"properties":{}},{"type":"Feature","geometry":{"type":"LineString","coordinates":[[13.35928,45.89072],[13.35958,45.89082],[13.36076,45.89109],[13.36083,45.89116]]},"properties":{}},{"type":"Feature","geometry":{"type":"LineString","coordinates":[[13.35893,45.89064],[13.36268,45.8915]]},"properties":{}},{"type":"Feature","geometry":{"type":"LineString","coordinates":[[13.36083,45.89116],[13.361,45.89114],[13.36161,45.89124]]},"properties":{}},{"type":"Feature","geometry":{"type":"LineString","coordinates":[[13.34597,45.89165],[13.34597,45.89093]]},"properties":{}},{"type":"Feature","geometry":{"type":"LineString","coordinates":[[13.25762,45.88971],[13.2574,45.88978]]},"properties":{}},{"type":"Feature","geometry":{"type":"LineString","coordinates":[[13.2621,45.89084],[13.26235,45.89063]]},"properties":{}},{"type":"Feature","geometry":{"type":"LineString","coordinates":[[13.26235,45.89063],[13.26232,45.89094]]},"properties":{}},{"type":"Feature","geometry":{"type":"LineString","coordinates":[[13.27053,45.89203],[13.27176,45.8911],[13.27207,45.8908],[13.27334,45.88987]]},"properties":{}},{"type":"Feature","geometry":{"type":"LineString","coordinates":[[13.27325,45.88983],[13.27264,45.89032],[13.2717,45.89098],[13.27143,45.89123],[13.27035,45.89208]]},"properties":{}},{"type":"Feature","geometry":{"type":"LineString","coordinates":[[13.27045,45.89211],[13.27053,45.89203]]},"properties":{}},{"type":"Feature","geometry":{"type":"LineString","coordinates":[[13.2755,45.89672],[13.27561,45.89649]]},"properties":{}},{"type":"Feature","geometry":{"type":"LineString","coordinates":[[13.30928,45.89063],[13.30912,45.89064],[13.30896,45.89058]]},"properties":{}},{"type":"Feature","geometry":{"type":"LineString","coordinates":[[13.30919,45.89151],[13.30896,45.89058]]},"properties":{}},{"type":"Feature","geometry":{"type":"LineString","coordinates":[[13.30928,45.89063],[13.30922,45.8908],[13.30924,45.89118],[13.30919,45.89151]]},"properties":{}},{"type":"Feature","geometry":{"type":"LineString","coordinates":[[13.31009,45.89612],[13.31013,45.89606],[13.30995,45.89375],[13.30987,45.8925],[13.30989,45.89245],[13.31004,45.89236],[13.31259,45.89176],[13.31268,45.89176],[13.31295,45.89188]]},"properties":{}},{"type":"Feature","geometry":{"type":"LineString","coordinates":[[13.34279,45.89292],[13.34279,45.89298],[13.32811,45.89753],[13.32804,45.8975]]},"properties":{}},{"type":"Feature","geometry":{"type":"LineString","coordinates":[[13.32828,45.89742],[13.33811,45.89438]]},"properties":{}},{"type":"Feature","geometry":{"type":"LineString","coordinates":[[13.31016,45.89718],[13.31008,45.89691],[13.31005,45.89618],[13.31009,45.89612]]},"properties":{}},{"type":"Feature","geometry":{"type":"LineString","coordinates":[[13.30965,45.89862],[13.30972,45.89818],[13.30972,45.89795],[13.31014,45.8978],[13.31021,45.89771],[13.31016,45.89718]]},"properties":{}},{"type":"Feature","geometry":{"type":"LineString","coordinates":[[13.30934,45.89882],[13.30956,45.89852]]},"properties":{}},{"type":"Feature","geometry":{"type":"LineString","coordinates":[[13.30984,45.89891],[13.30977,45.89875],[13.30965,45.89862]]},"properties":{}},{"type":"Feature","geometry":{"type":"LineString","coordinates":[[13.27561,45.89649],[13.27573,45.89674]]},"properties":{}},{"type":"Feature","geometry":{"type":"LineString","coordinates":[[13.27591,45.89695],[13.27583,45.89711],[13.27569,45.89718],[13.27558,45.89719],[13.27533,45.89712],[13.27524,45.89702],[13.27523,45.89694],[13.27525,45.89687],[13.27539,45.89675],[13.27562,45.89672],[13.27581,45.89679],[13.27589,45.89686],[13.27591,45.89695]]},"properties":{}},{"type":"Feature","geometry":{"type":"LineString","coordinates":[[13.27581,45.89679],[13.27603,45.89684],[13.27711,45.89683],[13.2778,45.89687],[13.27828,45.89697],[13.27882,45.89721]]},"properties":{}},{"type":"Feature","geometry":{"type":"LineString","coordinates":[[13.27882,45.89721],[13.27802,45.897],[13.27698,45.89687],[13.27632,45.89688],[13.27617,45.8969],[13.27591,45.897]]},"properties":{}},{"type":"Feature","geometry":{"type":"LineString","coordinates":[[13.2747,45.89713],[13.27523,45.89694]]},"properties":{}},{"type":"Feature","geometry":{"type":"LineString","coordinates":[[13.27529,45.89709],[13.2747,45.89713]]},"properties":{}},{"type":"Feature","geometry":{"type":"LineString","coordinates":[[13.27551,45.89752],[13.27543,45.89725],[13.27537,45.89715]]},"properties":{}},{"type":"Feature","geometry":{"type":"LineString","coordinates":[[13.30808,45.89883],[13.30862,45.89896],[13.30893,45.89896],[13.30918,45.89891]]},"properties":{}},{"type":"Feature","geometry":{"type":"LineString","coordinates":[[13.30919,45.8991],[13.30861,45.89902],[13.30838,45.89897],[13.30808,45.89883]]},"properties":{}},{"type":"Feature","geometry":{"type":"LineString","coordinates":[[13.30986,45.89903],[13.30984,45.89891]]},"properties":{}},{"type":"Feature","geometry":{"type":"LineString","coordinates":[[13.30944,45.89943],[13.30939,45.89927],[13.30929,45.89916]]},"properties":{}},{"type":"Feature","geometry":{"type":"LineString","coordinates":[[13.30953,45.89917],[13.30944,45.89943]]},"properties":{}},{"type":"Feature","geometry":{"type":"LineString","coordinates":[[13.31097,45.89983],[13.31098,45.89979],[13.31096,45.89976],[13.31055,45.89973],[13.3099,45.89935],[13.30972,45.89917],[13.30987,45.89905],[13.30986,45.89903]]},"properties":{}},{"type":"Feature","geometry":{"type":"LineString","coordinates":[[13.29543,45.89999],[13.29507,45.89964]]},"properties":{}},{"type":"Feature","geometry":{"type":"LineString","coordinates":[[13.29535,45.89966],[13.29543,45.89999]]},"properties":{}},{"type":"Feature","geometry":{"type":"LineString","coordinates":[[13.31063,45.90001],[13.31097,45.89983]]},"properties":{}},{"type":"Feature","geometry":{"type":"LineString","coordinates":[[13.30953,45.90043],[13.30982,45.90032],[13.31014,45.9003],[13.31021,45.90017],[13.31048,45.90009],[13.31063,45.90001]]},"properties":{}},{"type":"Feature","geometry":{"type":"LineString","coordinates":[[13.27569,45.89718],[13.27561,45.89726],[13.27551,45.89752]]},"properties":{}},{"type":"Feature","geometry":{"type":"LineString","coordinates":[[13.25274,45.90279],[13.25293,45.90291],[13.25328,45.90292]]},"properties":{}},{"type":"Feature","geometry":{"type":"LineString","coordinates":[[13.25254,45.90313],[13.25276,45.90294],[13.25274,45.90279]]},"properties":{}},{"type":"Feature","geometry":{"type":"LineString","coordinates":[[13.25293,45.90291],[13.25293,45.90302]]},"properties":{}},{"type":"Feature","geometry":{"type":"LineString","coordinates":[[13.25293,45.90302],[13.25276,45.90294]]},"properties":{}},{"type":"Feature","geometry":{"type":"LineString","coordinates":[[13.30982,45.90396],[13.30975,45.90321]]},"properties":{}},{"type":"Feature","geometry":{"type":"LineString","coordinates":[[13.31268,45.9041],[13.31169,45.90455]]},"properties":{}},{"type":"Feature","geometry":{"type":"LineString","coordinates":[[13.30826,45.9061],[13.30788,45.90567],[13.30804,45.90468]]},"properties":{}},{"type":"Feature","geometry":{"type":"LineString","coordinates":[[13.29847,45.90691],[13.2984,45.90687],[13.30034,45.90531],[13.30049,45.9051],[13.30057,45.90492],[13.30064,45.90485]]},"properties":{}},{"type":"Feature","geometry":{"type":"LineString","coordinates":[[13.29786,45.90713],[13.29702,45.90704],[13.2969,45.90698],[13.29689,45.90692],[13.29694,45.90683],[13.29708,45.90683],[13.29786,45.90713]]},"properties":{}},{"type":"Feature","geometry":{"type":"LineString","coordinates":[[13.31623,45.9075],[13.31633,45.90749],[13.31705,45.90701],[13.31733,45.90686]]},"properties":{}},{"type":"Feature","geometry":{"type":"LineString","coordinates":[[13.31733,45.90686],[13.31757,45.90682],[13.31771,45.90686],[13.31843,45.90763]]},"properties":{}},{"type":"Feature","geometry":{"type":"LineString","coordinates":[[13.31579,45.90735],[13.31623,45.9075]]},"properties":{}},{"type":"Feature","geometry":{"type":"LineString","coordinates":[[13.29817,45.90714],[13.30193,45.90814]]},"properties":{}},{"type":"Feature","geometry":{"type":"LineString","coordinates":[[13.30416,45.90792],[13.30475,45.90768]]},"properties":{}},{"type":"Feature","geometry":{"type":"LineString","coordinates":[[13.30397,45.90797],[13.30416,45.90792]]},"properties":{}},{"type":"Feature","geometry":{"type":"LineString","coordinates":[[13.30193,45.90814],[13.30203,45.90817]]},"properties":{}},{"type":"Feature","geometry":{"type":"LineString","coordinates":[[13.30203,45.90817],[13.30286,45.90838],[13.30284,45.90845]]},"properties":{}},{"type":"Feature","geometry":{"type":"LineString","coordinates":[[13.31843,45.90763],[13.318,45.90779],[13.31792,45.90787],[13.318,45.90796],[13.31827,45.90804],[13.31836,45.90825],[13.32203,45.90954]]},"properties":{}},{"type":"Feature","geometry":{"type":"LineString","coordinates":[[13.3022,45.90887],[13.30236,45.90924]]},"properties":{}},{"type":"Feature","geometry":{"type":"LineString","coordinates":[[13.32203,45.90954],[13.32255,45.9097],[13.32288,45.90974],[13.32307,45.90974],[13.32337,45.90966],[13.32403,45.90939],[13.32474,45.9092],[13.32686,45.90881],[13.32797,45.90862],[13.32811,45.90863],[13.32852,45.90867],[13.32882,45.90874],[13.33094,45.90978],[13.33128,45.90991],[13.33155,45.90997],[13.33175,45.90997],[13.33223,45.91008],[13.33329,45.91019],[13.33337,45.91017],[13.33348,45.91009],[13.33364,45.91007]]},"properties":{}},{"type":"Feature","geometry":{"type":"LineString","coordinates":[[13.32203,45.90954],[13.322,45.90959]]},"properties":{}},{"type":"Feature","geometry":{"type":"LineString","coordinates":[[13.29675,45.91146],[13.29671,45.91142],[13.29776,45.91093],[13.2991,45.91037],[13.30115,45.90941],[13.3013,45.90927],[13.30184,45.90843],[13.30193,45.90828],[13.30187,45.90824],[13.30193,45.90814]]},"properties":{}},{"type":"Feature","geometry":{"type":"LineString","coordinates":[[13.33264,45.91012],[13.33265,45.91029]]},"properties":{}},{"type":"Feature","geometry":{"type":"LineString","coordinates":[[13.33265,45.91029],[13.33979,45.91075],[13.34154,45.91103],[13.34211,45.91118],[13.34333,45.91161]]},"properties":{}},{"type":"Feature","geometry":{"type":"LineString","coordinates":[[13.29593,45.91201],[13.29585,45.91197],[13.29562,45.91198]]},"properties":{}},{"type":"Feature","geometry":{"type":"LineString","coordinates":[[13.29486,45.91239],[13.29498,45.91233],[13.29506,45.91223]]},"properties":{}},{"type":"Feature","geometry":{"type":"LineString","coordinates":[[13.30195,45.9124],[13.30192,45.91234],[13.30198,45.91227]]},"properties":{}},{"type":"Feature","geometry":{"type":"LineString","coordinates":[[13.29506,45.91223],[13.29501,45.91247]]},"properties":{}},{"type":"Feature","geometry":{"type":"LineString","coordinates":[[13.29429,45.91259],[13.29452,45.91253],[13.29467,45.91246]]},"properties":{}},{"type":"Feature","geometry":{"type":"LineString","coordinates":[[13.29493,45.91264],[13.29482,45.91266],[13.29471,45.91263],[13.29464,45.91255],[13.29465,45.91248],[13.29478,45.9124],[13.29495,45.91242],[13.29501,45.91247],[13.29502,45.91255],[13.29493,45.91264]]},"properties":{}},{"type":"Feature","geometry":{"type":"LineString","coordinates":[[13.29553,45.91245],[13.29553,45.9126],[13.2956,45.91279]]},"properties":{}},{"type":"Feature","geometry":{"type":"LineString","coordinates":[[13.2954,45.91282],[13.29547,45.91271],[13.29553,45.91245]]},"properties":{}},{"type":"Feature","geometry":{"type":"LineString","coordinates":[[13.29528,45.91329],[13.29534,45.91311],[13.29533,45.91297]]},"properties":{}},{"type":"Feature","geometry":{"type":"LineString","coordinates":[[13.29552,45.91308],[13.29528,45.91329]]},"properties":{}},{"type":"Feature","geometry":{"type":"LineString","coordinates":[[13.29315,45.92795],[13.29322,45.92797]]},"properties":{}},{"type":"Feature","geometry":{"type":"LineString","coordinates":[[13.2927,45.92936],[13.29261,45.92992],[13.29257,45.92997],[13.29239,45.93003]]},"properties":{}},{"type":"Feature","geometry":{"type":"LineString","coordinates":[[13.25049,45.93171],[13.25036,45.93167],[13.25035,45.93161],[13.25039,45.93156],[13.2505,45.93153],[13.25059,45.93158],[13.25059,45.93167],[13.25049,45.93171]]},"properties":{}},{"type":"Feature","geometry":{"type":"LineString","coordinates":[[13.25061,45.93161],[13.25074,45.93178]]},"properties":{}},{"type":"Feature","geometry":{"type":"LineString","coordinates":[[13.25074,45.93178],[13.25053,45.93171]]},"properties":{}},{"type":"Feature","geometry":{"type":"LineString","coordinates":[[13.29516,45.91391],[13.29511,45.9139]]},"properties":{}},{"type":"Feature","geometry":{"type":"LineString","coordinates":[[13.29804,45.91394],[13.2985,45.91409],[13.29846,45.9145],[13.29906,45.91465]]},"properties":{}},{"type":"Feature","geometry":{"type":"LineString","coordinates":[[13.29444,45.91928],[13.29434,45.91846],[13.29436,45.91766],[13.29441,45.91716],[13.29474,45.91556],[13.29523,45.9134],[13.29528,45.91329]]},"properties":{}},{"type":"Feature","geometry":{"type":"LineString","coordinates":[[13.29421,45.92043],[13.29467,45.92036],[13.29444,45.91879],[13.2944,45.918],[13.29442,45.91775],[13.2945,45.91706],[13.29516,45.91391],[13.2965,45.91426],[13.29662,45.91419],[13.297,45.91362],[13.29804,45.91394],[13.29806,45.9139]]},"properties":{}},{"type":"Feature","geometry":{"type":"LineString","coordinates":[[13.29455,45.92038],[13.29444,45.91928]]},"properties":{}},{"type":"Feature","geometry":{"type":"LineString","coordinates":[[13.29474,45.92483],[13.29381,45.92398],[13.29357,45.92361],[13.29339,45.92326],[13.29335,45.92293],[13.29337,45.92268]]},"properties":{}},{"type":"Feature","geometry":{"type":"LineString","coordinates":[[13.29482,45.92482],[13.29474,45.92483]]},"properties":{}},{"type":"Feature","geometry":{"type":"LineString","coordinates":[[13.29474,45.92483],[13.29448,45.9254],[13.29388,45.92616],[13.29366,45.92694],[13.29345,45.92742],[13.2929,45.9284],[13.29279,45.92865],[13.2927,45.92936]]},"properties":{}},{"type":"Feature","geometry":{"type":"LineString","coordinates":[[13.29267,45.93005],[13.29288,45.92859],[13.29357,45.92734],[13.29381,45.92676],[13.29396,45.92618],[13.29419,45.92585],[13.29461,45.92534],[13.29482,45.92482]]},"properties":{}},{"type":"Feature","geometry":{"type":"LineString","coordinates":[[13.33617,45.93582],[13.33605,45.93578],[13.33575,45.93547],[13.33571,45.9355]]},"properties":{}},{"type":"Feature","geometry":{"type":"LineString","coordinates":[[13.33634,45.93588],[13.33617,45.93582]]},"properties":{}},{"type":"Feature","geometry":{"type":"LineString","coordinates":[[13.33781,45.93742],[13.3376,45.93712],[13.33659,45.93623],[13.33642,45.93593],[13.33634,45.93588]]},"properties":{}},{"type":"Feature","geometry":{"type":"LineString","coordinates":[[13.31108,45.95066],[13.31157,45.95098],[13.31233,45.9514]]},"properties":{}},{"type":"Feature","geometry":{"type":"LineString","coordinates":[[13.31108,45.95066],[13.31112,45.95063],[13.3116,45.95095],[13.31236,45.95138],[13.314,45.95219],[13.31426,45.95228],[13.31464,45.95232],[13.31636,45.95219],[13.31694,45.95223]]},"properties":{}},{"type":"Feature","geometry":{"type":"LineString","coordinates":[[13.31233,45.9514],[13.31336,45.95191]]},"properties":{}},{"type":"Feature","geometry":{"type":"LineString","coordinates":[[13.31336,45.95191],[13.31398,45.95222],[13.31413,45.95226]]},"properties":{}},{"type":"Feature","geometry":{"type":"LineString","coordinates":[[13.31413,45.95226],[13.31464,45.95234]]},"properties":{}},{"type":"Feature","geometry":{"type":"LineString","coordinates":[[13.31464,45.95234],[13.31636,45.95222],[13.31704,45.95228],[13.31784,45.95247]]},"properties":{}},{"type":"Feature","geometry":{"type":"LineString","coordinates":[[13.31784,45.95247],[13.31855,45.95264]]},"properties":{}},{"type":"Feature","geometry":{"type":"LineString","coordinates":[[13.31855,45.95264],[13.31885,45.95272]]},"properties":{}},{"type":"Feature","geometry":{"type":"LineString","coordinates":[[13.28831,45.93679],[13.28759,45.93684],[13.28722,45.93692],[13.28644,45.93692],[13.286,45.93687]]},"properties":{}},{"type":"Feature","geometry":{"type":"LineString","coordinates":[[13.25165,45.93756],[13.2519,45.93721]]},"properties":{}},{"type":"Feature","geometry":{"type":"LineString","coordinates":[[13.28272,45.95272],[13.28369,45.94897],[13.28375,45.94898]]},"properties":{}},{"type":"Feature","geometry":{"type":"LineString","coordinates":[[13.2827,45.95336],[13.28273,45.95297],[13.28375,45.94898]]},"properties":{}},{"type":"Feature","geometry":{"type":"LineString","coordinates":[[13.31885,45.95272],[13.32011,45.95304]]},"properties":{}},{"type":"Feature","geometry":{"type":"LineString","coordinates":[[13.33586,45.95709],[13.33589,45.95705],[13.33615,45.95714],[13.33624,45.95713],[13.33637,45.95704],[13.34044,45.95115],[13.34149,45.95008],[13.34206,45.94956],[13.34217,45.94937],[13.34193,45.94909],[13.34192,45.94904],[13.34198,45.94899]]},"properties":{}},{"type":"Feature","geometry":{"type":"LineString","coordinates":[[13.32197,45.95433],[13.32196,45.95438],[13.32191,45.95441],[13.32185,45.9544],[13.32181,45.95437],[13.32186,45.9543],[13.32197,45.95433]]},"properties":{}},{"type":"Feature","geometry":{"type":"LineString","coordinates":[[13.29719,45.96745],[13.29746,45.96711],[13.29786,45.9668],[13.29865,45.96582]]},"properties":{}},{"type":"Feature","geometry":{"type":"LineString","coordinates":[[13.3209,45.97474],[13.32108,45.97469]]},"properties":{}},{"type":"Feature","geometry":{"type":"LineString","coordinates":[[13.32108,45.97469],[13.32101,45.9748]]},"properties":{}},{"type":"Feature","geometry":{"type":"LineString","coordinates":[[13.32064,45.97474],[13.32083,45.97476]]},"properties":{}},{"type":"Feature","geometry":{"type":"LineString","coordinates":[[13.32077,45.97483],[13.32064,45.97474]]},"properties":{}},{"type":"Feature","geometry":{"type":"LineString","coordinates":[[13.32091,45.97492],[13.32078,45.97486],[13.3208,45.97477],[13.32094,45.97475],[13.32101,45.9748],[13.321,45.97488],[13.32091,45.97492]]},"properties":{}},{"type":"Feature","geometry":{"type":"LineString","coordinates":[[13.32084,45.97504],[13.3208,45.97489]]},"properties":{}},{"type":"Feature","geometry":{"type":"LineString","coordinates":[[13.28262,45.95306],[13.28272,45.95272]]},"properties":{}},{"type":"Feature","geometry":{"type":"LineString","coordinates":[[13.28286,45.95448],[13.28278,45.95438],[13.28264,45.9536],[13.28262,45.9533],[13.28256,45.95322],[13.28263,45.95316],[13.28259,45.95313],[13.28262,45.95306]]},"properties":{}},{"type":"Feature","geometry":{"type":"LineString","coordinates":[[13.26726,45.95501],[13.26752,45.95506]]},"properties":{}},{"type":"Feature","geometry":{"type":"LineString","coordinates":[[13.27575,45.96906],[13.27556,45.96901],[13.27573,45.96876],[13.27573,45.9687],[13.27558,45.96807],[13.27564,45.96804]]},"properties":{}},{"type":"Feature","geometry":{"type":"LineString","coordinates":[[13.27641,45.97039],[13.27667,45.96979],[13.27672,45.96954],[13.27668,45.96946],[13.27631,45.96904],[13.27613,45.96893],[13.27595,45.96893],[13.27581,45.96899],[13.27563,45.96925]]},"properties":{}},{"type":"Feature","geometry":{"type":"LineString","coordinates":[[13.25,45.97159],[13.25024,45.9717]]},"properties":{}},{"type":"Feature","geometry":{"type":"LineString","coordinates":[[13.25012,45.97179],[13.25,45.97161]]},"properties":{}},{"type":"Feature","geometry":{"type":"LineString","coordinates":[[13.25021,45.97193],[13.25012,45.97184],[13.25012,45.97179],[13.25018,45.97172],[13.25034,45.9717],[13.25046,45.97176],[13.25048,45.97184],[13.25044,45.9719],[13.25032,45.97195],[13.25021,45.97193]]},"properties":{}},{"type":"Feature","geometry":{"type":"LineString","coordinates":[[13.25048,45.97184],[13.25065,45.97206]]},"properties":{}},{"type":"Feature","geometry":{"type":"LineString","coordinates":[[13.25065,45.97206],[13.25041,45.97192]]},"properties":{}},{"type":"Feature","geometry":{"type":"LineString","coordinates":[[13.25392,45.97275],[13.25411,45.97272],[13.25429,45.9726]]},"properties":{}},{"type":"Feature","geometry":{"type":"LineString","coordinates":[[13.28454,45.97469],[13.28506,45.97472]]},"properties":{}},{"type":"Feature","geometry":{"type":"LineString","coordinates":[[13.28493,45.9748],[13.28473,45.97479],[13.28454,45.97469]]},"properties":{}},{"type":"Feature","geometry":{"type":"LineString","coordinates":[[13.28486,45.97471],[13.28493,45.9748]]},"properties":{}},{"type":"Feature","geometry":{"type":"LineString","coordinates":[[13.28484,45.97493],[13.2848,45.97481]]},"properties":{}},{"type":"Feature","geometry":{"type":"LineString","coordinates":[[13.26285,45.97667],[13.26298,45.97665],[13.26427,45.97708],[13.26823,45.97851],[13.27079,45.97905],[13.27185,45.97922],[13.27227,45.97923],[13.27261,45.97918],[13.27545,45.97861],[13.27555,45.97862]]},"properties":{}},{"type":"Feature","geometry":{"type":"LineString","coordinates":[[13.28139,45.97814],[13.28135,45.97819],[13.28126,45.97821],[13.28121,45.97818],[13.28118,45.97812],[13.28123,45.97807],[13.28129,45.97806],[13.28137,45.9781],[13.28139,45.97814]]},"properties":{}},{"type":"Feature","geometry":{"type":"LineString","coordinates":[[13.27657,45.97809],[13.27665,45.9783],[13.27671,45.97836]]},"properties":{}},{"type":"Feature","geometry":{"type":"LineString","coordinates":[[13.2764,45.97837],[13.27657,45.97809]]},"properties":{}},{"type":"Feature","geometry":{"type":"LineString","coordinates":[[13.27687,45.97846],[13.27721,45.9785]]},"properties":{}},{"type":"Feature","geometry":{"type":"LineString","coordinates":[[13.27608,45.97856],[13.27627,45.97849]]},"properties":{}},{"type":"Feature","geometry":{"type":"LineString","coordinates":[[13.27721,45.9785],[13.2769,45.97862]]},"properties":{}},{"type":"Feature","geometry":{"type":"LineString","coordinates":[[13.27632,45.9787],[13.27625,45.97856],[13.27627,45.97849],[13.2764,45.97837],[13.27661,45.97834],[13.27671,45.97836],[13.27687,45.97846],[13.2769,45.97853],[13.27687,45.97867],[13.27671,45.97877],[13.2765,45.97878],[13.27632,45.9787]]},"properties":{}},{"type":"Feature","geometry":{"type":"LineString","coordinates":[[13.27627,45.97864],[13.27608,45.97856]]},"properties":{}},{"type":"Feature","geometry":{"type":"LineString","coordinates":[[13.27676,45.97875],[13.27669,45.97883],[13.2766,45.97908]]},"properties":{}},{"type":"Feature","geometry":{"type":"LineString","coordinates":[[13.2766,45.97908],[13.27653,45.97886],[13.2764,45.97875]]},"properties":{}},{"type":"Feature","geometry":{"type":"LineString","coordinates":[[13.2815,45.97828],[13.28241,45.97848],[13.28235,45.97876],[13.28281,45.97897],[13.28243,45.97939],[13.28243,45.97944],[13.28398,45.97994],[13.28406,45.98001],[13.28396,45.98038],[13.28295,45.98191],[13.28297,45.98192]]},"properties":{}},{"type":"Feature","geometry":{"type":"LineString","coordinates":[[13.28294,45.98199],[13.28264,45.98246],[13.28257,45.98249],[13.28258,45.98256],[13.28366,45.98305],[13.2839,45.98308]]},"properties":{}},{"type":"Feature","geometry":{"type":"LineString","coordinates":[[13.2839,45.98308],[13.284,45.98311]]},"properties":{}},{"type":"Feature","geometry":{"type":"LineString","coordinates":[[13.284,45.98311],[13.28431,45.98324],[13.2845,45.98321]]},"properties":{}},{"type":"Feature","geometry":{"type":"LineString","coordinates":[[13.28457,45.98323],[13.28467,45.98333],[13.2851,45.98352]]},"properties":{}},{"type":"Feature","geometry":{"type":"LineString","coordinates":[[13.28519,45.98356],[13.28566,45.98384],[13.28582,45.98399],[13.28595,45.98414],[13.28651,45.98503]]},"properties":{}},{"type":"Feature","geometry":{"type":"LineString","coordinates":[[13.28651,45.98503],[13.28657,45.98505]]},"properties":{}},{"type":"Feature","geometry":{"type":"LineString","coordinates":[[13.27622,45.98767],[13.27647,45.98734]]},"properties":{}},{"type":"Feature","geometry":{"type":"LineString","coordinates":[[13.27647,45.98734],[13.27656,45.9877]]},"properties":{}},{"type":"Feature","geometry":{"type":"LineString","coordinates":[[13.28657,45.98505],[13.28747,45.98645],[13.28769,45.9867],[13.28765,45.98676],[13.28767,45.98682],[13.28937,45.98946],[13.28962,45.98972],[13.28984,45.9899],[13.29008,45.99003]]},"properties":{}},{"type":"Feature","geometry":{"type":"LineString","coordinates":[[13.27539,45.98783],[13.27574,45.98783],[13.27599,45.98779]]},"properties":{}},{"type":"Feature","geometry":{"type":"LineString","coordinates":[[13.27662,45.98816],[13.27639,45.98823],[13.27617,45.98821],[13.27608,45.98817],[13.27595,45.98805],[13.27592,45.98796],[13.27594,45.98787],[13.27605,45.98774],[13.27622,45.98767],[13.27633,45.98766],[13.27656,45.9877],[13.27672,45.98783],[13.27675,45.98792],[13.27674,45.98801],[13.27662,45.98816]]},"properties":{}},{"type":"Feature","geometry":{"type":"LineString","coordinates":[[13.27595,45.98805],[13.27568,45.98795],[13.27536,45.9879]]},"properties":{}},{"type":"Feature","geometry":{"type":"LineString","coordinates":[[13.27614,45.98854],[13.27608,45.98817]]},"properties":{}},{"type":"Feature","geometry":{"type":"LineString","coordinates":[[13.27639,45.98823],[13.27614,45.98854]]},"properties":{}},{"type":"Feature","geometry":{"type":"LineString","coordinates":[[13.27186,45.9904],[13.27183,45.99017],[13.27169,45.9898],[13.27171,45.98957],[13.27177,45.98937],[13.27187,45.98913],[13.27227,45.98856],[13.27264,45.98814],[13.2728,45.98803],[13.27334,45.9878],[13.27373,45.98773],[13.27414,45.98772],[13.27539,45.98783]]},"properties":{}},{"type":"Feature","geometry":{"type":"LineString","coordinates":[[13.27536,45.9879],[13.27415,45.98782],[13.27371,45.98783],[13.27321,45.98795],[13.2729,45.9881],[13.27276,45.9882],[13.2724,45.98861],[13.27205,45.98908],[13.27187,45.9895],[13.27184,45.98973],[13.27187,45.99001],[13.27198,45.99022],[13.27218,45.99037]]},"properties":{}},{"type":"Feature","geometry":{"type":"LineString","coordinates":[[13.29008,45.99003],[13.29015,45.99007]]},"properties":{}},{"type":"Feature","geometry":{"type":"LineString","coordinates":[[13.272,45.99082],[13.27188,45.99079],[13.27176,45.9907],[13.27172,45.99057],[13.27176,45.99048],[13.27186,45.9904],[13.27205,45.99035],[13.27218,45.99037],[13.27233,45.99044],[13.2724,45.99058],[13.27234,45.99072],[13.2722,45.9908],[13.272,45.99082]]},"properties":{}},{"type":"Feature","geometry":{"type":"LineString","coordinates":[[13.29015,45.99007],[13.29074,45.99027],[13.29449,45.99125],[13.2953,45.9915],[13.29529,45.99152]]},"properties":{}},{"type":"Feature","geometry":{"type":"LineString","coordinates":[[13.27503,45.9921],[13.27528,45.9924],[13.27552,45.9925]]},"properties":{}},{"type":"Feature","geometry":{"type":"LineString","coordinates":[[13.27528,45.9924],[13.27497,45.99244]]},"properties":{}},{"type":"Feature","geometry":{"type":"LineString","coordinates":[[13.2752,45.99252],[13.27504,45.9925],[13.27497,45.99245]]},"properties":{}},{"type":"Feature","geometry":{"type":"LineString","coordinates":[[13.27552,45.9925],[13.27515,45.99254],[13.27493,45.99277]]},"properties":{}},{"type":"Feature","geometry":{"type":"LineString","coordinates":[[13.32095,45.97491],[13.32084,45.97504]]},"properties":{}},{"type":"Feature","geometry":{"type":"LineString","coordinates":[[13.29527,45.99157],[13.29526,45.99159],[13.29584,45.99178],[13.29667,45.99201]]},"properties":{}},{"type":"Feature","geometry":{"type":"LineString","coordinates":[[13.3047,45.99712],[13.30496,45.99649],[13.30507,45.99581]]},"properties":{}},{"type":"Feature","geometry":{"type":"LineString","coordinates":[[13.27136,45.99377],[13.2716,45.99375],[13.27179,45.99358]]},"properties":{}},{"type":"Feature","geometry":{"type":"LineString","coordinates":[[13.27231,45.99075],[13.27224,45.99087],[13.27224,45.99095],[13.27228,45.99138],[13.27147,45.99667],[13.27148,45.9968],[13.2716,45.99702]]},"properties":{}},{"type":"Feature","geometry":{"type":"LineString","coordinates":[[13.27112,45.99697],[13.27122,45.99686],[13.27131,45.99665],[13.27214,45.99127],[13.27212,45.99103],[13.27208,45.99094],[13.27193,45.99081]]},"properties":{}},{"type":"Feature","geometry":{"type":"LineString","coordinates":[[13.27173,45.99404],[13.27169,45.99392],[13.27163,45.99386],[13.27136,45.99377]]},"properties":{}},{"type":"Feature","geometry":{"type":"LineString","coordinates":[[13.27035,45.9972],[13.27089,45.99711]]},"properties":{}},{"type":"Feature","geometry":{"type":"LineString","coordinates":[[13.27127,45.99761],[13.27103,45.99755],[13.27089,45.99745],[13.27083,45.99734],[13.27085,45.99716],[13.27099,45.99703],[13.2712,45.99695],[13.27145,45.99696],[13.2716,45.99702],[13.27176,45.99718],[13.27176,45.99737],[13.27161,45.99753],[13.27145,45.99759],[13.27127,45.99761]]},"properties":{}},{"type":"Feature","geometry":{"type":"LineString","coordinates":[[13.27085,45.99739],[13.27067,45.9973],[13.27035,45.9972]]},"properties":{}},{"type":"Feature","geometry":{"type":"LineString","coordinates":[[13.27084,46.0],[13.27114,45.99791],[13.2711,45.99773],[13.27103,45.99755]]},"properties":{}},{"type":"Feature","geometry":{"type":"LineString","coordinates":[[13.27145,45.99759],[13.27126,45.99793],[13.27092,46.0]]},"properties":{}},{"type":"Feature","geometry":{"type":"LineString","coordinates":[[13.26883,46.0],[13.2691,45.9988],[13.26879,45.99875],[13.26669,45.99859],[13.26672,45.99833]]},"properties":{}},{"type":"Feature","geometry":{"type":"LineString","coordinates":[[13.49139,45.84121],[13.49177,45.8416],[13.49187,45.84168]]},"properties":{}},{"type":"Feature","geometry":{"type":"LineString","coordinates":[[13.49158,45.84138],[13.49184,45.84156],[13.49194,45.84159],[13.49206,45.84157],[13.4922,45.84151]]},"properties":{}},{"type":"Feature","geometry":{"type":"LineString","coordinates":[[13.49168,45.84177],[13.49155,45.84145],[13.49139,45.84121]]},"properties":{}},{"type":"Feature","geometry":{"type":"LineString","coordinates":[[13.49191,45.84168],[13.49201,45.84165],[13.4922,45.84151]]},"properties":{}},{"type":"Feature","geometry":{"type":"LineString","coordinates":[[13.4922,45.84151],[13.49204,45.84178]]},"properties":{}},{"type":"Feature","geometry":{"type":"LineString","coordinates":[[13.49191,45.84168],[13.49202,45.84174],[13.49204,45.84178]]},"properties":{}},{"type":"Feature","geometry":{"type":"LineString","coordinates":[[13.4917,45.84187],[13.49168,45.84182],[13.49171,45.84172],[13.49191,45.84168]]},"properties":{}},{"type":"Feature","geometry":{"type":"LineString","coordinates":[[13.49204,45.84178],[13.49201,45.84188],[13.49189,45.84193]]},"properties":{}},{"type":"Feature","geometry":{"type":"LineString","coordinates":[[13.49189,45.84193],[13.4917,45.84187]]},"properties":{}},{"type":"Feature","geometry":{"type":"LineString","coordinates":[[13.49159,45.84231],[13.4917,45.84198],[13.4917,45.84187]]},"properties":{}},{"type":"Feature","geometry":{"type":"LineString","coordinates":[[13.39757,45.84212],[13.39743,45.84205]]},"properties":{}},{"type":"Feature","geometry":{"type":"LineString","coordinates":[[13.39805,45.84209],[13.39807,45.84217],[13.39805,45.84224],[13.39793,45.84233],[13.3977,45.84233],[13.39762,45.84228],[13.39757,45.8422],[13.39759,45.84209],[13.39771,45.842],[13.39787,45.84199],[13.39805,45.84209]]},"properties":{}},{"type":"Feature","geometry":{"type":"LineString","coordinates":[[13.39807,45.84217],[13.39821,45.84224]]},"properties":{}},{"type":"Feature","geometry":{"type":"LineString","coordinates":[[13.39821,45.84224],[13.39805,45.84224]]},"properties":{}},{"type":"Feature","geometry":{"type":"LineString","coordinates":[[13.39755,45.8424],[13.39762,45.84228]]},"properties":{}},{"type":"Feature","geometry":{"type":"LineString","coordinates":[[13.3977,45.84233],[13.39755,45.8424]]},"properties":{}},{"type":"Feature","geometry":{"type":"LineString","coordinates":[[13.41086,45.84652],[13.41193,45.84315],[13.41197,45.84312]]},"properties":{}},{"type":"Feature","geometry":{"type":"LineString","coordinates":[[13.41072,45.84689],[13.41073,45.84676],[13.41068,45.8466],[13.41041,45.84637]]},"properties":{}},{"type":"Feature","geometry":{"type":"LineString","coordinates":[[13.41073,45.84676],[13.41076,45.8466],[13.41086,45.84652]]},"properties":{}},{"type":"Feature","geometry":{"type":"LineString","coordinates":[[13.41086,45.84652],[13.41089,45.84668],[13.41081,45.84679]]},"properties":{}},{"type":"Feature","geometry":{"type":"LineString","coordinates":[[13.49189,45.84193],[13.49159,45.84231]]},"properties":{}},{"type":"Feature","geometry":{"type":"LineString","coordinates":[[13.46067,45.84568],[13.45946,45.84533]]},"properties":{}},{"type":"Feature","geometry":{"type":"LineString","coordinates":[[13.46191,45.84537],[13.4609,45.84578]]},"properties":{}},{"type":"Feature","geometry":{"type":"LineString","coordinates":[[13.46067,45.84568],[13.46086,45.84571],[13.4609,45.84578]]},"properties":{}},{"type":"Feature","geometry":{"type":"LineString","coordinates":[[13.46078,45.84582],[13.46067,45.84568]]},"properties":{}},{"type":"Feature","geometry":{"type":"LineString","coordinates":[[13.4609,45.84578],[13.46066,45.84587]]},"properties":{}},{"type":"Feature","geometry":{"type":"LineString","coordinates":[[13.4371,45.85937],[13.43719,45.85936],[13.43728,45.85938]]},"properties":{}},{"type":"Feature","geometry":{"type":"LineString","coordinates":[[13.43731,45.85941],[13.43733,45.85948],[13.43724,45.85956]]},"properties":{}},{"type":"Feature","geometry":{"type":"LineString","coordinates":[[13.43716,45.85956],[13.43707,45.85952],[13.43704,45.85942]]},"properties":{}},{"type":"Feature","geometry":{"type":"LineString","coordinates":[[13.43731,45.85941],[13.43756,45.85958]]},"properties":{}},{"type":"Feature","geometry":{"type":"LineString","coordinates":[[13.41146,45.84673],[13.41116,45.84669],[13.41102,45.84671],[13.41081,45.84679],[13.41072,45.84689]]},"properties":{}},{"type":"Feature","geometry":{"type":"LineString","coordinates":[[13.36612,45.84637],[13.36625,45.84638],[13.36701,45.84731],[13.36711,45.84737],[13.37166,45.84893],[13.37201,45.8491],[13.37198,45.84916]]},"properties":{}},{"type":"Feature","geometry":{"type":"LineString","coordinates":[[13.36283,45.84635],[13.3626,45.84656],[13.3623,45.84662],[13.36213,45.84659],[13.361,45.8462],[13.35967,45.84589],[13.35946,45.84594],[13.3594,45.84603],[13.35939,45.84617],[13.35949,45.84673],[13.35948,45.84737],[13.35943,45.84761],[13.35927,45.84803],[13.35897,45.84877],[13.35883,45.84899],[13.35802,45.84997],[13.3579,45.84992]]},"properties":{}},{"type":"Feature","geometry":{"type":"LineString","coordinates":[[13.41614,45.84878],[13.41622,45.84865],[13.41623,45.84853]]},"properties":{}},{"type":"Feature","geometry":{"type":"LineString","coordinates":[[13.41623,45.84853],[13.41645,45.84904]]},"properties":{}},{"type":"Feature","geometry":{"type":"LineString","coordinates":[[13.3928,45.84688],[13.39285,45.8469],[13.39255,45.8471],[13.38537,45.85133],[13.38521,45.85144],[13.38513,45.85166],[13.38508,45.85234]]},"properties":{}},{"type":"Feature","geometry":{"type":"LineString","coordinates":[[13.3849,45.85215],[13.38495,45.85188],[13.38493,45.85168],[13.38488,45.85162],[13.38474,45.85156],[13.38447,45.85149],[13.38449,45.85143]]},"properties":{}},{"type":"Feature","geometry":{"type":"LineString","coordinates":[[13.35683,45.85123],[13.35695,45.8513],[13.35551,45.85305],[13.35532,45.85321],[13.35497,45.85337],[13.35322,45.85372],[13.35312,45.8537],[13.35307,45.85365]]},"properties":{}},{"type":"Feature","geometry":{"type":"LineString","coordinates":[[13.3851,45.85215],[13.3849,45.85215],[13.38484,45.85257],[13.38477,45.85284],[13.38447,45.85342],[13.38435,45.85494],[13.38431,45.85599]]},"properties":{}},{"type":"Feature","geometry":{"type":"LineString","coordinates":[[13.38431,45.85599],[13.38431,45.85605]]},"properties":{}},{"type":"Feature","geometry":{"type":"LineString","coordinates":[[13.43875,45.8602],[13.43906,45.86034]]},"properties":{}},{"type":"Feature","geometry":{"type":"LineString","coordinates":[[13.43237,45.86026],[13.43278,45.86035],[13.433,45.86031],[13.43314,45.86026]]},"properties":{}},{"type":"Feature","geometry":{"type":"LineString","coordinates":[[13.43906,45.86034],[13.43913,45.86036]]},"properties":{}},{"type":"Feature","geometry":{"type":"LineString","coordinates":[[13.43895,45.86042],[13.43896,45.86037],[13.43906,45.86034]]},"properties":{}},{"type":"Feature","geometry":{"type":"LineString","coordinates":[[13.43913,45.86036],[13.43916,45.86043]]},"properties":{}},{"type":"Feature","geometry":{"type":"LineString","coordinates":[[13.43314,45.86026],[13.4331,45.86038],[13.43303,45.86045],[13.43282,45.86055]]},"properties":{}},{"type":"Feature","geometry":{"type":"LineString","coordinates":[[13.43282,45.86055],[13.4329,45.86038],[13.433,45.86031]]},"properties":{}},{"type":"Feature","geometry":{"type":"LineString","coordinates":[[13.43916,45.86043],[13.43912,45.86047]]},"properties":{}},{"type":"Feature","geometry":{"type":"LineString","coordinates":[[13.43912,45.86047],[13.43899,45.86047]]},"properties":{}},{"type":"Feature","geometry":{"type":"LineString","coordinates":[[13.43912,45.86047],[13.43907,45.86055]]},"properties":{}},{"type":"Feature","geometry":{"type":"LineString","coordinates":[[13.38431,45.85605],[13.38412,45.85928],[13.38402,45.86169],[13.38402,45.86203],[13.38395,45.86221],[13.3838,45.86228],[13.38369,45.86241],[13.3837,45.86248],[13.38315,45.86308],[13.38285,45.86337],[13.38142,45.86436],[13.38096,45.86459],[13.37946,45.8651],[13.37774,45.86623],[13.37704,45.8668],[13.3761,45.86745],[13.3754,45.86776],[13.37504,45.86785]]},"properties":{}},{"type":"Feature","geometry":{"type":"LineString","coordinates":[[13.42802,45.86235],[13.42925,45.86189]]},"properties":{}},{"type":"Feature","geometry":{"type":"LineString","coordinates":[[13.42931,45.86197],[13.42807,45.86242]]},"properties":{}},{"type":"Feature","geometry":{"type":"LineString","coordinates":[[13.42789,45.86258],[13.42776,45.86257],[13.42768,45.86251],[13.42765,45.86241],[13.42771,45.86234],[13.42781,45.8623],[13.42791,45.8623],[13.42805,45.86238],[13.42804,45.86251],[13.42789,45.86258]]},"properties":{}},{"type":"Feature","geometry":{"type":"LineString","coordinates":[[13.42611,45.86366],[13.42626,45.86363],[13.42633,45.86358],[13.42698,45.86275],[13.42708,45.86267],[13.42765,45.86244]]},"properties":{}},{"type":"Feature","geometry":{"type":"LineString","coordinates":[[13.42771,45.86254],[13.42711,45.86276],[13.42702,45.86283],[13.42644,45.8636],[13.42641,45.86366],[13.42643,45.86375]]},"properties":{}},{"type":"Feature","geometry":{"type":"LineString","coordinates":[[13.42624,45.86366],[13.42635,45.86369],[13.42646,45.86379],[13.42647,45.86387],[13.42641,45.86399],[13.42625,45.86406],[13.42613,45.86406],[13.42592,45.86397],[13.42588,45.86384],[13.42592,45.86376],[13.42605,45.86367],[13.42624,45.86366]]},"properties":{}},{"type":"Feature","geometry":{"type":"LineString","coordinates":[[13.42641,45.86399],[13.42643,45.86412],[13.42811,45.86634],[13.42823,45.86642]]},"properties":{}},{"type":"Feature","geometry":{"type":"LineString","coordinates":[[13.42811,45.86651],[13.42631,45.86413],[13.42613,45.86406]]},"properties":{}},{"type":"Feature","geometry":{"type":"LineString","coordinates":[[13.4281,45.8666],[13.42814,45.86648],[13.42829,45.86641],[13.42846,45.86645],[13.42853,45.86655],[13.4285,45.86665],[13.42834,45.86672],[13.42822,45.8667],[13.4281,45.8666]]},"properties":{}},{"type":"Feature","geometry":{"type":"LineString","coordinates":[[13.4331,45.86038],[13.43309,45.86058],[13.43318,45.86078]]},"properties":{}},{"type":"Feature","geometry":{"type":"LineString","coordinates":[[13.42957,45.86199],[13.42943,45.86201],[13.42931,45.86197],[13.42925,45.86189],[13.42926,45.8618],[13.42942,45.86171],[13.42961,45.86174],[13.42967,45.86182],[13.42968,45.8619],[13.42957,45.86199]]},"properties":{}},{"type":"Feature","geometry":{"type":"LineString","coordinates":[[13.42964,45.86194],[13.42999,45.86233],[13.43021,45.86271]]},"properties":{}},{"type":"Feature","geometry":{"type":"LineString","coordinates":[[13.43002,45.86272],[13.43004,45.86259],[13.42981,45.86224],[13.42957,45.86199]]},"properties":{}},{"type":"Feature","geometry":{"type":"LineString","coordinates":[[13.48221,45.8627],[13.48239,45.8627],[13.48255,45.86278]]},"properties":{}},{"type":"Feature","geometry":{"type":"LineString","coordinates":[[13.43028,45.86291],[13.43018,45.86296],[13.43002,45.86294],[13.42995,45.86288],[13.42994,45.86279],[13.43002,45.86272],[13.43021,45.86271],[13.4303,45.86279],[13.43028,45.86291]]},"properties":{}},{"type":"Feature","geometry":{"type":"LineString","coordinates":[[13.48496,45.86336],[13.4856,45.86239],[13.48645,45.86266]]},"properties":{}},{"type":"Feature","geometry":{"type":"LineString","coordinates":[[13.4825,45.86301],[13.48241,45.86304],[13.48225,45.86305]]},"properties":{}},{"type":"Feature","geometry":{"type":"LineString","coordinates":[[13.4303,45.86287],[13.43033,45.86296],[13.43057,45.8633],[13.43073,45.86346],[13.43113,45.86381],[13.43131,45.86388]]},"properties":{}},{"type":"Feature","geometry":{"type":"LineString","coordinates":[[13.43118,45.86398],[13.43071,45.86357],[13.43026,45.86301],[13.43012,45.86296]]},"properties":{}},{"type":"Feature","geometry":{"type":"LineString","coordinates":[[13.43128,45.86414],[13.43118,45.86403],[13.43121,45.86393],[13.43137,45.86388],[13.43153,45.86393]]},"properties":{}},{"type":"Feature","geometry":{"type":"LineString","coordinates":[[13.43153,45.86393],[13.43156,45.86401],[13.43152,45.8641],[13.43142,45.86414],[13.43128,45.86414]]},"properties":{}},{"type":"Feature","geometry":{"type":"LineString","coordinates":[[13.44149,45.8641],[13.44161,45.86407],[13.44176,45.86414],[13.44177,45.86422],[13.44169,45.8643]]},"properties":{}},{"type":"Feature","geometry":{"type":"LineString","coordinates":[[13.44169,45.8643],[13.44161,45.86431],[13.44149,45.86428],[13.44144,45.86419],[13.44149,45.8641]]},"properties":{}},{"type":"Feature","geometry":{"type":"LineString","coordinates":[[13.44021,45.86492],[13.44047,45.86491],[13.44077,45.86474]]},"properties":{}},{"type":"Feature","geometry":{"type":"LineString","coordinates":[[13.43942,45.86481],[13.43976,45.86493],[13.44001,45.86493]]},"properties":{}},{"type":"Feature","geometry":{"type":"LineString","coordinates":[[13.44077,45.86474],[13.4404,45.86509]]},"properties":{}},{"type":"Feature","geometry":{"type":"LineString","coordinates":[[13.43984,45.86515],[13.43972,45.86502],[13.43942,45.86481]]},"properties":{}},{"type":"Feature","geometry":{"type":"LineString","coordinates":[[13.43999,45.86529],[13.43991,45.86524],[13.43984,45.86515],[13.43984,45.86507],[13.43992,45.86497],[13.44001,45.86493],[13.44016,45.86492],[13.44028,45.86495],[13.44038,45.86504],[13.44039,45.86515],[13.44028,45.86527],[13.44016,45.8653],[13.43999,45.86529]]},"properties":{}},{"type":"Feature","geometry":{"type":"LineString","coordinates":[[13.44039,45.86515],[13.44064,45.86559]]},"properties":{}},{"type":"Feature","geometry":{"type":"LineString","coordinates":[[13.44064,45.86559],[13.44016,45.8653]]},"properties":{}},{"type":"Feature","geometry":{"type":"LineString","coordinates":[[13.43153,45.86393],[13.43207,45.86405],[13.43244,45.86419],[13.43358,45.86449],[13.43397,45.86467],[13.4344,45.86494],[13.43478,45.86521],[13.43486,45.86531],[13.43493,45.86547],[13.43492,45.86564],[13.43484,45.8658],[13.43428,45.86644],[13.43375,45.86687],[13.43365,45.86711]]},"properties":{}},{"type":"Feature","geometry":{"type":"LineString","coordinates":[[13.43924,45.86591],[13.43958,45.86561],[13.43977,45.86537],[13.43985,45.86518]]},"properties":{}},{"type":"Feature","geometry":{"type":"LineString","coordinates":[[13.44009,45.86531],[13.43986,45.86543],[13.43936,45.86598]]},"properties":{}},{"type":"Feature","geometry":{"type":"LineString","coordinates":[[13.48199,45.86567],[13.48183,45.86579],[13.48164,45.86584]]},"properties":{}},{"type":"Feature","geometry":{"type":"LineString","coordinates":[[13.43863,45.86645],[13.43924,45.86591]]},"properties":{}},{"type":"Feature","geometry":{"type":"LineString","coordinates":[[13.43936,45.86598],[13.43873,45.86653]]},"properties":{}},{"type":"Feature","geometry":{"type":"LineString","coordinates":[[13.43341,45.86692],[13.43361,45.86685],[13.43415,45.86643],[13.43455,45.86596]]},"properties":{}},{"type":"Feature","geometry":{"type":"LineString","coordinates":[[13.42853,45.86653],[13.43061,45.86653]]},"properties":{}},{"type":"Feature","geometry":{"type":"LineString","coordinates":[[13.43062,45.86662],[13.43064,45.86648],[13.43081,45.86641],[13.43096,45.86644],[13.43103,45.8665],[13.43105,45.86656],[13.431,45.86667],[13.43087,45.86672],[13.43071,45.8667],[13.43062,45.86662]]},"properties":{}},{"type":"Feature","geometry":{"type":"LineString","coordinates":[[13.43062,45.86662],[13.42853,45.86661]]},"properties":{}},{"type":"Feature","geometry":{"type":"LineString","coordinates":[[13.43794,45.86702],[13.43863,45.86645]]},"properties":{}},{"type":"Feature","geometry":{"type":"LineString","coordinates":[[13.43105,45.86653],[13.43161,45.86659],[13.43214,45.86677],[13.43271,45.86701],[13.43284,45.86702]]},"properties":{}},{"type":"Feature","geometry":{"type":"LineString","coordinates":[[13.43873,45.86653],[13.43806,45.86709]]},"properties":{}},{"type":"Feature","geometry":{"type":"LineString","coordinates":[[13.43276,45.8672],[13.4326,45.8671],[13.43204,45.86685],[13.43141,45.86667],[13.43103,45.86665]]},"properties":{}},{"type":"Feature","geometry":{"type":"LineString","coordinates":[[13.43341,45.86692],[13.43351,45.86696],[13.43365,45.86711]]},"properties":{}},{"type":"Feature","geometry":{"type":"LineString","coordinates":[[13.43365,45.86711],[13.43367,45.8672],[13.43365,45.86729]]},"properties":{}},{"type":"Feature","geometry":{"type":"LineString","coordinates":[[13.43341,45.86749],[13.43324,45.86752],[13.433,45.86749],[13.43285,45.86739],[13.43279,45.86733],[13.43276,45.8672],[13.43278,45.86711],[13.43284,45.86702],[13.43301,45.86692],[13.43322,45.86689],[13.43341,45.86692]]},"properties":{}},{"type":"Feature","geometry":{"type":"LineString","coordinates":[[13.43365,45.86729],[13.43352,45.86744],[13.43341,45.86749]]},"properties":{}},{"type":"Feature","geometry":{"type":"LineString","coordinates":[[13.43705,45.86783],[13.43794,45.86702]]},"properties":{}},{"type":"Feature","geometry":{"type":"LineString","coordinates":[[13.48141,45.86739],[13.48137,45.86759]]},"properties":{}},{"type":"Feature","geometry":{"type":"LineString","coordinates":[[13.43806,45.86709],[13.43708,45.86792]]},"properties":{}},{"type":"Feature","geometry":{"type":"LineString","coordinates":[[13.48122,45.86749],[13.48131,45.86751],[13.48137,45.86759]]},"properties":{}},{"type":"Feature","geometry":{"type":"LineString","coordinates":[[13.48115,45.86772],[13.48104,45.86765],[13.48103,45.86759],[13.48111,45.8675],[13.48122,45.86749]]},"properties":{}},{"type":"Feature","geometry":{"type":"LineString","coordinates":[[13.43365,45.86729],[13.43377,45.86746],[13.43457,45.86795]]},"properties":{}},{"type":"Feature","geometry":{"type":"LineString","coordinates":[[13.48137,45.86759],[13.48131,45.86769]]},"properties":{}},{"type":"Feature","geometry":{"type":"LineString","coordinates":[[13.48131,45.86769],[13.48115,45.86772]]},"properties":{}},{"type":"Feature","geometry":{"type":"LineString","coordinates":[[13.48131,45.86769],[13.48116,45.86791]]},"properties":{}},{"type":"Feature","geometry":{"type":"LineString","coordinates":[[13.48116,45.86791],[13.48119,45.86783],[13.48115,45.86772]]},"properties":{}},{"type":"Feature","geometry":{"type":"LineString","coordinates":[[13.43385,45.86751],[13.43465,45.86787],[13.43555,45.86835],[13.43586,45.86839]]},"properties":{}},{"type":"Feature","geometry":{"type":"LineString","coordinates":[[13.43623,45.86839],[13.43646,45.8683],[13.43705,45.86783]]},"properties":{}},{"type":"Feature","geometry":{"type":"LineString","coordinates":[[13.43554,45.86867],[13.43537,45.86848],[13.43445,45.868],[13.43377,45.86755]]},"properties":{}},{"type":"Feature","geometry":{"type":"LineString","coordinates":[[13.43708,45.86792],[13.43659,45.86837],[13.43651,45.86856]]},"properties":{}},{"type":"Feature","geometry":{"type":"LineString","coordinates":[[13.4447,45.86843],[13.44471,45.86829],[13.44457,45.86814]]},"properties":{}},{"type":"Feature","geometry":{"type":"LineString","coordinates":[[13.44492,45.86832],[13.44481,45.86848]]},"properties":{}},{"type":"Feature","geometry":{"type":"LineString","coordinates":[[13.44452,45.86864],[13.4447,45.86843],[13.44492,45.86832]]},"properties":{}},{"type":"Feature","geometry":{"type":"LineString","coordinates":[[13.44526,45.86845],[13.44503,45.86844],[13.44481,45.86848],[13.44452,45.86864]]},"properties":{}},{"type":"Feature","geometry":{"type":"LineString","coordinates":[[13.4477,45.8686],[13.4479,45.86878]]},"properties":{}},{"type":"Feature","geometry":{"type":"LineString","coordinates":[[13.44764,45.86882],[13.4477,45.8686]]},"properties":{}},{"type":"Feature","geometry":{"type":"LineString","coordinates":[[13.43578,45.86904],[13.43565,45.86896],[13.43554,45.86877],[13.43554,45.86867],[13.4356,45.86855],[13.43571,45.86846],[13.43586,45.86839],[13.43611,45.86837],[13.43632,45.86842],[13.43651,45.86856],[13.43657,45.86877],[13.43655,45.86884],[13.43644,45.86897],[13.43627,45.86906],[13.43611,45.86909],[13.43578,45.86904]]},"properties":{}},{"type":"Feature","geometry":{"type":"LineString","coordinates":[[13.44764,45.86882],[13.44776,45.86878],[13.4479,45.86878]]},"properties":{}},{"type":"Feature","geometry":{"type":"LineString","coordinates":[[13.44758,45.86888],[13.44764,45.86882]]},"properties":{}},{"type":"Feature","geometry":{"type":"LineString","coordinates":[[13.4479,45.86878],[13.44804,45.86885],[13.44809,45.86897]]},"properties":{}},{"type":"Feature","geometry":{"type":"LineString","coordinates":[[13.44714,45.8689],[13.44758,45.86888]]},"properties":{}},{"type":"Feature","geometry":{"type":"LineString","coordinates":[[13.44373,45.86899],[13.44399,45.86896],[13.44419,45.86889]]},"properties":{}},{"type":"Feature","geometry":{"type":"LineString","coordinates":[[13.44756,45.86901],[13.44758,45.86888]]},"properties":{}},{"type":"Feature","geometry":{"type":"LineString","coordinates":[[13.44756,45.86901],[13.44714,45.8689]]},"properties":{}},{"type":"Feature","geometry":{"type":"LineString","coordinates":[[13.43657,45.86877],[13.43664,45.8689],[13.43672,45.86896],[13.43722,45.86918]]},"properties":{}},{"type":"Feature","geometry":{"type":"LineString","coordinates":[[13.44809,45.86897],[13.44807,45.86904],[13.44799,45.86911]]},"properties":{}},{"type":"Feature","geometry":{"type":"LineString","coordinates":[[13.44419,45.86889],[13.44405,45.86908],[13.44405,45.86923]]},"properties":{}},{"type":"Feature","geometry":{"type":"LineString","coordinates":[[13.44809,45.86897],[13.44826,45.86913],[13.44838,45.86919]]},"properties":{}},{"type":"Feature","geometry":{"type":"LineString","coordinates":[[13.44799,45.86911],[13.44787,45.86915],[13.44773,45.86914],[13.44763,45.86909],[13.44756,45.86901]]},"properties":{}},{"type":"Feature","geometry":{"type":"LineString","coordinates":[[13.44373,45.86899],[13.44389,45.86907],[13.44405,45.86923]]},"properties":{}},{"type":"Feature","geometry":{"type":"LineString","coordinates":[[13.44838,45.86919],[13.44799,45.86911]]},"properties":{}},{"type":"Feature","geometry":{"type":"LineString","coordinates":[[13.43552,45.86936],[13.43565,45.86905],[13.43565,45.86896]]},"properties":{}},{"type":"Feature","geometry":{"type":"LineString","coordinates":[[13.43701,45.86935],[13.43644,45.8691],[13.43627,45.86906]]},"properties":{}},{"type":"Feature","geometry":{"type":"LineString","coordinates":[[13.44272,45.86948],[13.44271,45.86937],[13.44276,45.86923],[13.44286,45.86912],[13.443,45.86903],[13.44313,45.86897],[13.4434,45.86893],[13.44373,45.86899]]},"properties":{}},{"type":"Feature","geometry":{"type":"LineString","coordinates":[[13.43594,45.86908],[13.43574,45.86918],[13.43552,45.86936]]},"properties":{}},{"type":"Feature","geometry":{"type":"LineString","coordinates":[[13.43722,45.86918],[13.43938,45.86976]]},"properties":{}},{"type":"Feature","geometry":{"type":"LineString","coordinates":[[13.44405,45.86923],[13.44409,45.86932],[13.4441,45.86947],[13.444,45.86967],[13.44381,45.86982],[13.44348,45.8699]]},"properties":{}},{"type":"Feature","geometry":{"type":"LineString","coordinates":[[13.43932,45.86985],[13.43767,45.86955],[13.43701,45.86935]]},"properties":{}},{"type":"Feature","geometry":{"type":"LineString","coordinates":[[13.44294,45.86978],[13.44281,45.86967],[13.44272,45.86948]]},"properties":{}},{"type":"Feature","geometry":{"type":"LineString","coordinates":[[13.4431,45.86985],[13.44294,45.86978]]},"properties":{}},{"type":"Feature","geometry":{"type":"LineString","coordinates":[[13.44348,45.8699],[13.4431,45.86985]]},"properties":{}},{"type":"Feature","geometry":{"type":"LineString","coordinates":[[13.48159,45.87081],[13.48181,45.87086],[13.48208,45.87086],[13.48227,45.87095]]},"properties":{}},{"type":"Feature","geometry":{"type":"LineString","coordinates":[[13.48179,45.87098],[13.48191,45.87087]]},"properties":{}},{"type":"Feature","geometry":{"type":"LineString","coordinates":[[13.45116,45.87093],[13.45141,45.87101],[13.45161,45.87101],[13.45197,45.87084]]},"properties":{}},{"type":"Feature","geometry":{"type":"LineString","coordinates":[[13.48227,45.87095],[13.48215,45.87092],[13.48179,45.87098]]},"properties":{}},{"type":"Feature","geometry":{"type":"LineString","coordinates":[[13.48199,45.87095],[13.48194,45.87105],[13.48196,45.87116]]},"properties":{}},{"type":"Feature","geometry":{"type":"LineString","coordinates":[[13.45182,45.87106],[13.45167,45.87115],[13.45152,45.87117],[13.45158,45.87105],[13.45167,45.87099]]},"properties":{}},{"type":"Feature","geometry":{"type":"LineString","coordinates":[[13.45197,45.87084],[13.45186,45.87098],[13.4518,45.87116],[13.45182,45.87128],[13.45198,45.87149]]},"properties":{}},{"type":"Feature","geometry":{"type":"LineString","coordinates":[[13.48377,45.87315],[13.4844,45.87378],[13.48448,45.87386],[13.48463,45.87391]]},"properties":{}},{"type":"Feature","geometry":{"type":"LineString","coordinates":[[13.45545,45.87389],[13.45556,45.87388],[13.45586,45.8741],[13.45621,45.87414]]},"properties":{}},{"type":"Feature","geometry":{"type":"LineString","coordinates":[[13.48478,45.87439],[13.48478,45.87424],[13.48463,45.87391]]},"properties":{}},{"type":"Feature","geometry":{"type":"LineString","coordinates":[[13.45621,45.87414],[13.45624,45.8742]]},"properties":{}},{"type":"Feature","geometry":{"type":"LineString","coordinates":[[13.45603,45.87429],[13.45608,45.8742],[13.45621,45.87414]]},"properties":{}},{"type":"Feature","geometry":{"type":"LineString","coordinates":[[13.45621,45.87414],[13.45618,45.87423],[13.45603,45.87429]]},"properties":{}},{"type":"Feature","geometry":{"type":"LineString","coordinates":[[13.4563,45.8741],[13.45625,45.87423],[13.45638,45.87446],[13.45638,45.87453]]},"properties":{}},{"type":"Feature","geometry":{"type":"LineString","coordinates":[[13.48463,45.87391],[13.485,45.874],[13.48514,45.87411],[13.48701,45.87624]]},"properties":{}},{"type":"Feature","geometry":{"type":"LineString","coordinates":[[13.43591,45.87535],[13.4362,45.87549]]},"properties":{}},{"type":"Feature","geometry":{"type":"LineString","coordinates":[[13.4362,45.87549],[13.43636,45.87549]]},"properties":{}},{"type":"Feature","geometry":{"type":"LineString","coordinates":[[13.43597,45.87557],[13.4362,45.87549]]},"properties":{}},{"type":"Feature","geometry":{"type":"LineString","coordinates":[[13.43636,45.87549],[13.43615,45.87558]]},"properties":{}},{"type":"Feature","geometry":{"type":"LineString","coordinates":[[13.48701,45.87624],[13.48724,45.8765],[13.48737,45.87669],[13.48741,45.87685],[13.48743,45.87724],[13.48746,45.87731]]},"properties":{}},{"type":"Feature","geometry":{"type":"LineString","coordinates":[[13.48331,45.87709],[13.48319,45.87727],[13.484,45.8774]]},"properties":{}},{"type":"Feature","geometry":{"type":"LineString","coordinates":[[13.48746,45.87731],[13.48757,45.87743]]},"properties":{}},{"type":"Feature","geometry":{"type":"LineString","coordinates":[[13.48756,45.87747],[13.48748,45.87758]]},"properties":{}},{"type":"Feature","geometry":{"type":"LineString","coordinates":[[13.48431,45.87989],[13.48428,45.88005]]},"properties":{}},{"type":"Feature","geometry":{"type":"LineString","coordinates":[[13.48401,45.88015],[13.48431,45.87989]]},"properties":{}},{"type":"Feature","geometry":{"type":"LineString","coordinates":[[13.48428,45.88005],[13.48425,45.8802]]},"properties":{}},{"type":"Feature","geometry":{"type":"LineString","coordinates":[[13.37504,45.86785],[13.37374,45.86808],[13.37356,45.86814],[13.37357,45.8682]]},"properties":{}},{"type":"Feature","geometry":{"type":"LineString","coordinates":[[13.37356,45.86814],[13.37336,45.8682],[13.37297,45.86816]]},"properties":{}},{"type":"Feature","geometry":{"type":"LineString","coordinates":[[13.36314,45.8703],[13.36253,45.87118]]},"properties":{}},{"type":"Feature","geometry":{"type":"LineString","coordinates":[[13.3575,45.87495],[13.35757,45.87489],[13.35828,45.87452],[13.3595,45.87379],[13.36038,45.87305]]},"properties":{}},{"type":"Feature","geometry":{"type":"LineString","coordinates":[[13.34864,45.87607],[13.34875,45.87598],[13.34874,45.87591],[13.34881,45.87587],[13.34889,45.87591],[13.34961,45.87565],[13.35045,45.87559],[13.35185,45.87557],[13.35191,45.87562],[13.3555,45.875],[13.35598,45.87495],[13.35711,45.87506]]},"properties":{}},{"type":"Feature","geometry":{"type":"LineString","coordinates":[[13.42315,45.88553],[13.42254,45.88521]]},"properties":{}},{"type":"Feature","geometry":{"type":"LineString","coordinates":[[13.35746,45.89031],[13.35893,45.89064]]},"properties":{}},{"type":"Feature","geometry":{"type":"LineString","coordinates":[[13.35787,45.89039],[13.35794,45.89049],[13.35794,45.89056],[13.35788,45.8906]]},"properties":{}},{"type":"Feature","geometry":{"type":"LineString","coordinates":[[13.35755,45.89063],[13.35766,45.89057],[13.35769,45.89043]]},"properties":{}},{"type":"Feature","geometry":{"type":"LineString","coordinates":[[13.35788,45.8906],[13.35844,45.89058],[13.35893,45.89064]]},"properties":{}},{"type":"Feature","geometry":{"type":"LineString","coordinates":[[13.48401,45.88015],[13.48414,45.88015],[13.48425,45.8802]]},"properties":{}},{"type":"Feature","geometry":{"type":"LineString","coordinates":[[13.48384,45.88027],[13.48391,45.88019],[13.48401,45.88015]]},"properties":{}},{"type":"Feature","geometry":{"type":"LineString","coordinates":[[13.48425,45.8802],[13.4843,45.88026],[13.48431,45.88035]]},"properties":{}},{"type":"Feature","geometry":{"type":"LineString","coordinates":[[13.48391,45.88044],[13.48385,45.88037],[13.48384,45.88027]]},"properties":{}},{"type":"Feature","geometry":{"type":"LineString","coordinates":[[13.48225,45.88052],[13.48384,45.88027]]},"properties":{}},{"type":"Feature","geometry":{"type":"LineString","coordinates":[[13.48431,45.88035],[13.48422,45.88045],[13.4841,45.88048]]},"properties":{}},{"type":"Feature","geometry":{"type":"LineString","coordinates":[[13.48391,45.88044],[13.48357,45.8804]]},"properties":{}},{"type":"Feature","geometry":{"type":"LineString","coordinates":[[13.4841,45.88048],[13.48391,45.88044]]},"properties":{}},{"type":"Feature","geometry":{"type":"LineString","coordinates":[[13.48205,45.88054],[13.48225,45.88052]]},"properties":{}},{"type":"Feature","geometry":{"type":"LineString","coordinates":[[13.48357,45.8804],[13.48289,45.88051],[13.48242,45.88069]]},"properties":{}},{"type":"Feature","geometry":{"type":"LineString","coordinates":[[13.48152,45.88063],[13.48205,45.88054]]},"properties":{}},{"type":"Feature","geometry":{"type":"LineString","coordinates":[[13.48225,45.88052],[13.48238,45.88058],[13.48242,45.88069]]},"properties":{}},{"type":"Feature","geometry":{"type":"LineString","coordinates":[[13.48196,45.88071],[13.48197,45.88062],[13.48205,45.88054]]},"properties":{}},{"type":"Feature","geometry":{"type":"LineString","coordinates":[[13.48196,45.88071],[13.4818,45.88065],[13.48152,45.88063]]},"properties":{}},{"type":"Feature","geometry":{"type":"LineString","coordinates":[[13.48503,45.88091],[13.48448,45.88068],[13.4841,45.88048]]},"properties":{}},{"type":"Feature","geometry":{"type":"LineString","coordinates":[[13.48242,45.88069],[13.48232,45.88081]]},"properties":{}},{"type":"Feature","geometry":{"type":"LineString","coordinates":[[13.48208,45.88082],[13.48196,45.88071]]},"properties":{}},{"type":"Feature","geometry":{"type":"LineString","coordinates":[[13.48232,45.88081],[13.4822,45.88084],[13.48208,45.88082]]},"properties":{}},{"type":"Feature","geometry":{"type":"LineString","coordinates":[[13.48503,45.88091],[13.48509,45.88085],[13.48526,45.88083],[13.48682,45.88099]]},"properties":{}},{"type":"Feature","geometry":{"type":"LineString","coordinates":[[13.48232,45.88081],[13.48221,45.8809],[13.48207,45.8811]]},"properties":{}},{"type":"Feature","geometry":{"type":"LineString","coordinates":[[13.48207,45.8811],[13.4821,45.88095],[13.48208,45.88082]]},"properties":{}},{"type":"Feature","geometry":{"type":"LineString","coordinates":[[13.46915,45.88128],[13.46901,45.88115],[13.46882,45.88103]]},"properties":{}},{"type":"Feature","geometry":{"type":"LineString","coordinates":[[13.46929,45.88109],[13.46934,45.88128]]},"properties":{}},{"type":"Feature","geometry":{"type":"LineString","coordinates":[[13.4697,45.88114],[13.46946,45.8812],[13.46934,45.88128]]},"properties":{}},{"type":"Feature","geometry":{"type":"LineString","coordinates":[[13.43555,45.8814],[13.43573,45.88125],[13.43583,45.88105]]},"properties":{}},{"type":"Feature","geometry":{"type":"LineString","coordinates":[[13.43583,45.88105],[13.43583,45.88132],[13.43586,45.88144]]},"properties":{}},{"type":"Feature","geometry":{"type":"LineString","coordinates":[[13.48682,45.88099],[13.48801,45.88115],[13.48948,45.88113],[13.49,45.88118],[13.49226,45.88156]]},"properties":{}},{"type":"Feature","geometry":{"type":"LineString","coordinates":[[13.46924,45.88154],[13.46915,45.88125],[13.46929,45.88109]]},"properties":{}},{"type":"Feature","geometry":{"type":"LineString","coordinates":[[13.46934,45.88128],[13.46924,45.88154]]},"properties":{}},{"type":"Feature","geometry":{"type":"LineString","coordinates":[[13.43572,45.88139],[13.43579,45.88141],[13.43591,45.88149],[13.43593,45.8816],[13.4359,45.88165],[13.43573,45.88174],[13.43549,45.8817],[13.43541,45.8816],[13.43544,45.88148],[13.43555,45.8814],[13.43572,45.88139]]},"properties":{}},{"type":"Feature","geometry":{"type":"LineString","coordinates":[[13.43591,45.88149],[13.43627,45.88169]]},"properties":{}},{"type":"Feature","geometry":{"type":"LineString","coordinates":[[13.43627,45.88169],[13.43579,45.88172]]},"properties":{}},{"type":"Feature","geometry":{"type":"LineString","coordinates":[[13.47471,45.88187],[13.47471,45.88164]]},"properties":{}},{"type":"Feature","geometry":{"type":"LineString","coordinates":[[13.47471,45.88164],[13.47482,45.88175],[13.47491,45.88194]]},"properties":{}},{"type":"Feature","geometry":{"type":"LineString","coordinates":[[13.47513,45.88159],[13.47495,45.88184],[13.47488,45.88208]]},"properties":{}},{"type":"Feature","geometry":{"type":"LineString","coordinates":[[13.43554,45.882],[13.43549,45.8817]]},"properties":{}},{"type":"Feature","geometry":{"type":"LineString","coordinates":[[13.43573,45.88174],[13.43554,45.882]]},"properties":{}},{"type":"Feature","geometry":{"type":"LineString","coordinates":[[13.47488,45.88208],[13.4748,45.88195],[13.47465,45.88182],[13.47424,45.88167]]},"properties":{}},{"type":"Feature","geometry":{"type":"LineString","coordinates":[[13.49622,45.8833],[13.49528,45.88341],[13.49504,45.88348],[13.49401,45.88407]]},"properties":{}},{"type":"Feature","geometry":{"type":"LineString","coordinates":[[13.49993,45.88558],[13.49645,45.88338],[13.49622,45.8833]]},"properties":{}},{"type":"Feature","geometry":{"type":"LineString","coordinates":[[13.46661,45.88612],[13.46759,45.88568],[13.46805,45.88537],[13.46829,45.88512],[13.46844,45.88485],[13.46858,45.88437],[13.46852,45.88432]]},"properties":{}},{"type":"Feature","geometry":{"type":"LineString","coordinates":[[13.5,45.88563],[13.49993,45.88558]]},"properties":{}},{"type":"Feature","geometry":{"type":"LineString","coordinates":[[13.46598,45.88638],[13.46661,45.88612]]},"properties":{}},{"type":"Feature","geometry":{"type":"LineString","coordinates":[[13.46292,45.88663],[13.46384,45.88678],[13.46451,45.8868],[13.46527,45.88666],[13.46598,45.88638]]},"properties":{}},{"type":"Feature","geometry":{"type":"LineString","coordinates":[[13.46293,45.88658],[13.46292,45.88663]]},"properties":{}},{"type":"Feature","geometry":{"type":"LineString","coordinates":[[13.43993,45.88829],[13.43985,45.88826],[13.44042,45.88733],[13.44111,45.88524],[13.44117,45.88525]]},"properties":{}},{"type":"Feature","geometry":{"type":"LineString","coordinates":[[13.44042,45.88733],[13.44049,45.88735]]},"properties":{}},{"type":"Feature","geometry":{"type":"LineString","coordinates":[[13.49975,45.88885],[13.49954,45.88854],[13.49937,45.88839]]},"properties":{}},{"type":"Feature","geometry":{"type":"LineString","coordinates":[[13.49975,45.88885],[13.49968,45.88899]]},"properties":{}},{"type":"Feature","geometry":{"type":"LineString","coordinates":[[13.5,45.88892],[13.49975,45.88885]]},"properties":{}},{"type":"Feature","geometry":{"type":"LineString","coordinates":[[13.49968,45.88899],[13.49962,45.88935]]},"properties":{}},{"type":"Feature","geometry":{"type":"LineString","coordinates":[[13.46925,45.88916],[13.46878,45.88937]]},"properties":{}},{"type":"Feature","geometry":{"type":"LineString","coordinates":[[13.49962,45.88935],[13.49988,45.88966],[13.5,45.88974]]},"properties":{}},{"type":"Feature","geometry":{"type":"LineString","coordinates":[[13.49959,45.88986],[13.5,45.88984]]},"properties":{}},{"type":"Feature","geometry":{"type":"LineString","coordinates":[[13.43804,45.89053],[13.43789,45.89049]]},"properties":{}},{"type":"Feature","geometry":{"type":"LineString","coordinates":[[13.4493,45.89028],[13.44928,45.89035],[13.45154,45.89081],[13.45157,45.89076]]},"properties":{}},{"type":"Feature","geometry":{"type":"LineString","coordinates":[[13.43743,45.89085],[13.43776,45.89068],[13.43801,45.89031]]},"properties":{}},{"type":"Feature","geometry":{"type":"LineString","coordinates":[[13.43891,45.89072],[13.43835,45.89056],[13.43825,45.89058],[13.43816,45.89056]]},"properties":{}},{"type":"Feature","geometry":{"type":"LineString","coordinates":[[13.43745,45.89084],[13.43732,45.89074],[13.43614,45.89048],[13.43579,45.89058]]},"properties":{}},{"type":"Feature","geometry":{"type":"LineString","coordinates":[[13.43825,45.89058],[13.43818,45.89073],[13.43795,45.891]]},"properties":{}},{"type":"Feature","geometry":{"type":"LineString","coordinates":[[13.43753,45.8908],[13.43759,45.89085]]},"properties":{}},{"type":"Feature","geometry":{"type":"LineString","coordinates":[[13.43783,45.89099],[13.43765,45.89091]]},"properties":{}},{"type":"Feature","geometry":{"type":"LineString","coordinates":[[13.43891,45.89072],[13.43887,45.89076],[13.43999,45.89124]]},"properties":{}},{"type":"Feature","geometry":{"type":"LineString","coordinates":[[13.43795,45.891],[13.43783,45.89099]]},"properties":{}},{"type":"Feature","geometry":{"type":"LineString","coordinates":[[13.4522,45.89089],[13.45219,45.89093],[13.4529,45.89109],[13.45608,45.89176],[13.45609,45.89173]]},"properties":{}},{"type":"Feature","geometry":{"type":"LineString","coordinates":[[13.36268,45.8915],[13.36083,45.89116]]},"properties":{}},{"type":"Feature","geometry":{"type":"LineString","coordinates":[[13.35121,45.89094],[13.35786,45.8907],[13.35853,45.89072],[13.35873,45.89074],[13.35894,45.89083],[13.36028,45.89111],[13.36062,45.8913],[13.36081,45.89134],[13.36181,45.8914],[13.36256,45.89152],[13.36548,45.89216],[13.36553,45.89218],[13.36554,45.89223],[13.36599,45.89232],[13.36604,45.89229],[13.36763,45.89256],[13.36861,45.89262]]},"properties":{}},{"type":"Feature","geometry":{"type":"LineString","coordinates":[[13.38352,45.89196],[13.38384,45.89159]]},"properties":{}},{"type":"Feature","geometry":{"type":"LineString","coordinates":[[13.38384,45.89159],[13.38386,45.89176],[13.38372,45.89199]]},"properties":{}},{"type":"Feature","geometry":{"type":"LineString","coordinates":[[13.38386,45.89176],[13.38398,45.89193],[13.38413,45.89204]]},"properties":{}},{"type":"Feature","geometry":{"type":"LineString","coordinates":[[13.36268,45.8915],[13.36616,45.89225],[13.3676,45.89248],[13.36855,45.89255]]},"properties":{}},{"type":"Feature","geometry":{"type":"LineString","coordinates":[[13.39772,45.89213],[13.39812,45.89209],[13.39865,45.89194]]},"properties":{}},{"type":"Feature","geometry":{"type":"LineString","coordinates":[[13.38343,45.89218],[13.38309,45.89194]]},"properties":{}},{"type":"Feature","geometry":{"type":"LineString","coordinates":[[13.39865,45.89194],[13.39858,45.89201],[13.39858,45.89215],[13.39876,45.89228]]},"properties":{}},{"type":"Feature","geometry":{"type":"LineString","coordinates":[[13.38346,45.89245],[13.38344,45.89212],[13.38352,45.89196]]},"properties":{}},{"type":"Feature","geometry":{"type":"LineString","coordinates":[[13.43824,45.89175],[13.43838,45.89181]]},"properties":{}},{"type":"Feature","geometry":{"type":"LineString","coordinates":[[13.47698,45.89176],[13.47698,45.89184],[13.47687,45.89194]]},"properties":{}},{"type":"Feature","geometry":{"type":"LineString","coordinates":[[13.47636,45.89228],[13.4763,45.89222],[13.47632,45.89214],[13.47665,45.89187],[13.47676,45.89174],[13.47687,45.89171],[13.47698,45.89176]]},"properties":{}},{"type":"Feature","geometry":{"type":"LineString","coordinates":[[13.47687,45.89194],[13.4767,45.89208]]},"properties":{}},{"type":"Feature","geometry":{"type":"LineString","coordinates":[[13.4767,45.89208],[13.47651,45.89227],[13.47636,45.89228]]},"properties":{}},{"type":"Feature","geometry":{"type":"LineString","coordinates":[[13.49973,45.89251],[13.5,45.8924]]},"properties":{}},{"type":"Feature","geometry":{"type":"LineString","coordinates":[[13.5,45.8925],[13.5,45.89242]]},"properties":{}},{"type":"Feature","geometry":{"type":"LineString","coordinates":[[13.5,45.89251],[13.49973,45.89251]]},"properties":{}},{"type":"Feature","geometry":{"type":"LineString","coordinates":[[13.38372,45.89199],[13.38346,45.89245]]},"properties":{}},{"type":"Feature","geometry":{"type":"LineString","coordinates":[[13.39808,45.89246],[13.39789,45.89232],[13.39767,45.8922],[13.39712,45.89211]]},"properties":{}},{"type":"Feature","geometry":{"type":"LineString","coordinates":[[13.39835,45.89221],[13.39813,45.8923],[13.39808,45.89237],[13.39808,45.89246]]},"properties":{}},{"type":"Feature","geometry":{"type":"LineString","coordinates":[[13.40073,45.89245],[13.40066,45.89227]]},"properties":{}},{"type":"Feature","geometry":{"type":"LineString","coordinates":[[13.36893,45.89255],[13.369,45.89246]]},"properties":{}},{"type":"Feature","geometry":{"type":"LineString","coordinates":[[13.36876,45.89271],[13.36879,45.89255]]},"properties":{}},{"type":"Feature","geometry":{"type":"LineString","coordinates":[[13.36887,45.89255],[13.36888,45.89288]]},"properties":{}},{"type":"Feature","geometry":{"type":"LineString","coordinates":[[13.42904,45.89407],[13.429,45.89431],[13.42903,45.8945],[13.42899,45.89462]]},"properties":{}},{"type":"Feature","geometry":{"type":"LineString","coordinates":[[13.429,45.89431],[13.4291,45.89441],[13.42918,45.89444],[13.42943,45.89443]]},"properties":{}},{"type":"Feature","geometry":{"type":"LineString","coordinates":[[13.42899,45.89462],[13.42985,45.89425]]},"properties":{}},{"type":"Feature","geometry":{"type":"LineString","coordinates":[[13.44293,45.89238],[13.44302,45.89266],[13.44301,45.89272],[13.44295,45.89276],[13.443,45.89286],[13.44311,45.89289],[13.44344,45.89346],[13.44337,45.89356],[13.44337,45.89365],[13.44344,45.89374],[13.4433,45.89415]]},"properties":{}},{"type":"Feature","geometry":{"type":"LineString","coordinates":[[13.49455,45.89393],[13.49467,45.89397],[13.4947,45.89406],[13.49439,45.89429]]},"properties":{}},{"type":"Feature","geometry":{"type":"LineString","coordinates":[[13.43028,45.89407],[13.43005,45.89422]]},"properties":{}},{"type":"Feature","geometry":{"type":"LineString","coordinates":[[13.43005,45.89422],[13.42991,45.8943]]},"properties":{}},{"type":"Feature","geometry":{"type":"LineString","coordinates":[[13.49704,45.89495],[13.49614,45.89465]]},"properties":{}},{"type":"Feature","geometry":{"type":"LineString","coordinates":[[13.49772,45.89507],[13.49711,45.89487]]},"properties":{}},{"type":"Feature","geometry":{"type":"LineString","coordinates":[[13.49832,45.89531],[13.49783,45.89511]]},"properties":{}},{"type":"Feature","geometry":{"type":"LineString","coordinates":[[13.46601,45.89724],[13.46604,45.89712]]},"properties":{}},{"type":"Feature","geometry":{"type":"LineString","coordinates":[[13.46601,45.89724],[13.46597,45.89747],[13.46602,45.89816]]},"properties":{}},{"type":"Feature","geometry":{"type":"LineString","coordinates":[[13.48964,45.89747],[13.48673,45.89939]]},"properties":{}},{"type":"Feature","geometry":{"type":"LineString","coordinates":[[13.47122,45.89945],[13.47172,45.8993],[13.4718,45.89923]]},"properties":{}},{"type":"Feature","geometry":{"type":"LineString","coordinates":[[13.47187,45.89946],[13.47167,45.89943],[13.47122,45.89945]]},"properties":{}},{"type":"Feature","geometry":{"type":"LineString","coordinates":[[13.46602,45.89816],[13.46648,45.90174]]},"properties":{}},{"type":"Feature","geometry":{"type":"LineString","coordinates":[[13.49665,45.9013],[13.49707,45.9007]]},"properties":{}},{"type":"Feature","geometry":{"type":"LineString","coordinates":[[13.49972,45.90175],[13.49921,45.90141],[13.49761,45.90066]]},"properties":{}},{"type":"Feature","geometry":{"type":"LineString","coordinates":[[13.42806,45.89503],[13.42858,45.89464],[13.42879,45.89442],[13.42904,45.89407]]},"properties":{}},{"type":"Feature","geometry":{"type":"LineString","coordinates":[[13.42806,45.89503],[13.42899,45.89462]]},"properties":{}},{"type":"Feature","geometry":{"type":"LineString","coordinates":[[13.42991,45.8943],[13.42923,45.89468],[13.42891,45.89475],[13.42536,45.89631],[13.42433,45.89674],[13.4242,45.89671]]},"properties":{}},{"type":"Feature","geometry":{"type":"LineString","coordinates":[[13.42544,45.8962],[13.42806,45.89503]]},"properties":{}},{"type":"Feature","geometry":{"type":"LineString","coordinates":[[13.38242,45.89492],[13.38237,45.89492],[13.38229,45.8951],[13.38093,45.89833],[13.38077,45.8983]]},"properties":{}},{"type":"Feature","geometry":{"type":"LineString","coordinates":[[13.42177,45.89818],[13.42263,45.89746]]},"properties":{}},{"type":"Feature","geometry":{"type":"LineString","coordinates":[[13.38072,45.89836],[13.38077,45.8983]]},"properties":{}},{"type":"Feature","geometry":{"type":"LineString","coordinates":[[13.38072,45.89836],[13.38085,45.89841],[13.38087,45.89847],[13.3807,45.89889],[13.38052,45.89948],[13.38037,45.90036],[13.38035,45.9005],[13.3804,45.90051]]},"properties":{}},{"type":"Feature","geometry":{"type":"LineString","coordinates":[[13.4286,45.90565],[13.42869,45.90583],[13.4289,45.90608],[13.42916,45.90678],[13.42914,45.90697],[13.42901,45.90718],[13.42891,45.90745],[13.42893,45.90805],[13.42888,45.90822],[13.42844,45.90868],[13.42801,45.9094],[13.42739,45.91017],[13.42711,45.91039],[13.4256,45.91228],[13.42422,45.9139],[13.4236,45.91406]]},"properties":{}},{"type":"Feature","geometry":{"type":"LineString","coordinates":[[13.34606,45.91193],[13.34608,45.91197],[13.34605,45.91201],[13.34596,45.91202],[13.34591,45.91199],[13.34594,45.91192],[13.34606,45.91193]]},"properties":{}},{"type":"Feature","geometry":{"type":"LineString","coordinates":[[13.43628,45.90702],[13.43659,45.9074],[13.43673,45.90745],[13.4376,45.90762]]},"properties":{}},{"type":"Feature","geometry":{"type":"LineString","coordinates":[[13.4286,45.90565],[13.42881,45.90544],[13.42903,45.90506],[13.42916,45.90505],[13.43107,45.9054],[13.43161,45.90554],[13.43384,45.90705],[13.43443,45.90739],[13.43527,45.90815],[13.43549,45.90847],[13.43577,45.90921],[13.43591,45.90941],[13.43586,45.90948],[13.43571,45.90946],[13.43519,45.9093],[13.43501,45.9093],[13.43485,45.90936],[13.43455,45.90963],[13.43381,45.91077]]},"properties":{}},{"type":"Feature","geometry":{"type":"LineString","coordinates":[[13.45469,45.91993],[13.45406,45.91964],[13.45325,45.91934],[13.4525,45.9192],[13.45093,45.91904],[13.44801,45.91889],[13.44732,45.91881],[13.44671,45.91864],[13.44614,45.91841],[13.44559,45.91813],[13.44531,45.91793],[13.44515,45.91776],[13.44478,45.91707],[13.44453,45.91654],[13.44431,45.91587],[13.44428,45.91561],[13.44417,45.91514],[13.44389,45.91443],[13.44338,45.91349],[13.44292,45.91288],[13.44198,45.91224],[13.44142,45.91181],[13.44044,45.91122],[13.43903,45.90993],[13.43892,45.90979],[13.43895,45.90967]]},"properties":{}},{"type":"Feature","geometry":{"type":"LineString","coordinates":[[13.46863,45.91874],[13.46882,45.91912],[13.46892,45.91919]]},"properties":{}},{"type":"Feature","geometry":{"type":"LineString","coordinates":[[13.46849,45.91922],[13.46858,45.91913],[13.46862,45.91903],[13.46863,45.91874]]},"properties":{}},{"type":"Feature","geometry":{"type":"LineString","coordinates":[[13.46778,45.91927],[13.46813,45.91929],[13.46842,45.91927]]},"properties":{}},{"type":"Feature","geometry":{"type":"LineString","coordinates":[[13.46833,45.91949],[13.46811,45.91937],[13.46778,45.91927]]},"properties":{}},{"type":"Feature","geometry":{"type":"LineString","coordinates":[[13.46859,45.91918],[13.46881,45.91917],[13.46892,45.91919],[13.46907,45.91928],[13.46915,45.91941],[13.46912,45.91957],[13.46894,45.9197],[13.46882,45.91973],[13.46869,45.91974],[13.46846,45.91966],[13.46835,45.91954],[13.46833,45.91941],[13.46842,45.91927],[13.46859,45.91918]]},"properties":{}},{"type":"Feature","geometry":{"type":"LineString","coordinates":[[13.46915,45.91941],[13.46937,45.91956],[13.46969,45.91966]]},"properties":{}},{"type":"Feature","geometry":{"type":"LineString","coordinates":[[13.46969,45.91966],[13.46933,45.91963],[13.46905,45.91965]]},"properties":{}},{"type":"Feature","geometry":{"type":"LineString","coordinates":[[13.34605,45.91201],[13.34602,45.91227]]},"properties":{}},{"type":"Feature","geometry":{"type":"LineString","coordinates":[[13.34602,45.91227],[13.34596,45.91202]]},"properties":{}},{"type":"Feature","geometry":{"type":"LineString","coordinates":[[13.42216,45.91348],[13.42182,45.91357],[13.4216,45.91359],[13.42075,45.91351],[13.42046,45.91356],[13.42013,45.91367],[13.41877,45.9143],[13.41819,45.91443],[13.41794,45.91455],[13.41716,45.91518],[13.41695,45.91538],[13.4168,45.91558],[13.41678,45.91567],[13.41685,45.91591],[13.41715,45.91617],[13.41718,45.91624],[13.41716,45.91625]]},"properties":{}},{"type":"Feature","geometry":{"type":"LineString","coordinates":[[13.42392,45.91666],[13.42365,45.91725],[13.42326,45.91717],[13.42352,45.91657]]},"properties":{}},{"type":"Feature","geometry":{"type":"LineString","coordinates":[[13.42377,45.91699],[13.42338,45.91689]]},"properties":{}},{"type":"Feature","geometry":{"type":"LineString","coordinates":[[13.37128,45.92079],[13.37126,45.92082],[13.37121,45.92082],[13.37092,45.92072],[13.37077,45.92063],[13.36967,45.92022],[13.36744,45.91941],[13.36692,45.91924],[13.3661,45.91904],[13.36598,45.91905],[13.36575,45.919],[13.36541,45.91887],[13.36489,45.9188],[13.36475,45.91885],[13.36462,45.91894],[13.36448,45.91916],[13.36438,45.91914]]},"properties":{}},{"type":"Feature","geometry":{"type":"LineString","coordinates":[[13.37326,45.92136],[13.37353,45.92113]]},"properties":{}},{"type":"Feature","geometry":{"type":"LineString","coordinates":[[13.37353,45.92113],[13.37343,45.92142]]},"properties":{}},{"type":"Feature","geometry":{"type":"LineString","coordinates":[[13.37269,45.92128],[13.37314,45.92138]]},"properties":{}},{"type":"Feature","geometry":{"type":"LineString","coordinates":[[13.373,45.92152],[13.37269,45.92128]]},"properties":{}},{"type":"Feature","geometry":{"type":"LineString","coordinates":[[13.37347,45.9216],[13.37331,45.9217],[13.37316,45.92169],[13.37304,45.92163],[13.373,45.92152],[13.37302,45.92146],[13.37314,45.92138],[13.37332,45.92137],[13.37347,45.92146],[13.37349,45.92155],[13.37347,45.9216]]},"properties":{}},{"type":"Feature","geometry":{"type":"LineString","coordinates":[[13.3729,45.92187],[13.37301,45.92159]]},"properties":{}},{"type":"Feature","geometry":{"type":"LineString","coordinates":[[13.37323,45.9217],[13.3729,45.92187]]},"properties":{}},{"type":"Feature","geometry":{"type":"LineString","coordinates":[[13.37372,45.92193],[13.37331,45.9217]]},"properties":{}},{"type":"Feature","geometry":{"type":"LineString","coordinates":[[13.37128,45.92079],[13.37142,45.92061],[13.37149,45.9206],[13.37289,45.92117],[13.3731,45.9212],[13.37328,45.92115],[13.37355,45.92126],[13.37352,45.92136],[13.37359,45.9215],[13.37359,45.92164],[13.37383,45.92192],[13.37547,45.92304]]},"properties":{}},{"type":"Feature","geometry":{"type":"LineString","coordinates":[[13.40217,45.92441],[13.40245,45.92422]]},"properties":{}},{"type":"Feature","geometry":{"type":"LineString","coordinates":[[13.38175,45.92713],[13.37547,45.92304]]},"properties":{}},{"type":"Feature","geometry":{"type":"LineString","coordinates":[[13.39005,45.92547],[13.38998,45.92548]]},"properties":{}},{"type":"Feature","geometry":{"type":"LineString","coordinates":[[13.38987,45.92559],[13.38998,45.92548]]},"properties":{}},{"type":"Feature","geometry":{"type":"LineString","coordinates":[[13.3878,45.92626],[13.38909,45.92595],[13.38987,45.92559]]},"properties":{}},{"type":"Feature","geometry":{"type":"LineString","coordinates":[[13.4682,45.91999],[13.46832,45.91979],[13.46838,45.91959]]},"properties":{}},{"type":"Feature","geometry":{"type":"LineString","coordinates":[[13.46869,45.91974],[13.46844,45.91982],[13.4682,45.91999]]},"properties":{}},{"type":"Feature","geometry":{"type":"LineString","coordinates":[[13.46917,45.9247],[13.4687,45.92489],[13.46862,45.9249],[13.46755,45.92489],[13.46698,45.92485],[13.46522,45.92438],[13.46387,45.92391],[13.4633,45.92375],[13.46136,45.92341],[13.46019,45.92303],[13.45978,45.92284],[13.45922,45.92252],[13.45812,45.92175],[13.45678,45.92109],[13.45633,45.92091]]},"properties":{}},{"type":"Feature","geometry":{"type":"LineString","coordinates":[[13.46948,45.92462],[13.46965,45.92456]]},"properties":{}},{"type":"Feature","geometry":{"type":"LineString","coordinates":[[13.46934,45.92466],[13.46948,45.92462]]},"properties":{}},{"type":"Feature","geometry":{"type":"LineString","coordinates":[[13.46917,45.9247],[13.46934,45.92466]]},"properties":{}},{"type":"Feature","geometry":{"type":"LineString","coordinates":[[13.48199,45.9275],[13.48195,45.92754],[13.48203,45.92788],[13.48203,45.92809],[13.48191,45.92823],[13.48166,45.92823],[13.48063,45.92809],[13.47981,45.92777],[13.47865,45.92697],[13.47746,45.92639],[13.47616,45.92553],[13.4753,45.92524],[13.47405,45.92498],[13.47289,45.92481],[13.47103,45.92445],[13.47048,45.92443],[13.46999,45.92455],[13.46965,45.92456]]},"properties":{}},{"type":"Feature","geometry":{"type":"LineString","coordinates":[[13.48946,45.93364],[13.48878,45.93385],[13.4885,45.93389],[13.48159,45.93442]]},"properties":{}},{"type":"Feature","geometry":{"type":"LineString","coordinates":[[13.45022,45.93445],[13.45037,45.93439],[13.45067,45.93411]]},"properties":{}},{"type":"Feature","geometry":{"type":"LineString","coordinates":[[13.45067,45.93411],[13.45051,45.93452]]},"properties":{}},{"type":"Feature","geometry":{"type":"LineString","coordinates":[[13.39745,45.92653],[13.3967,45.92632],[13.39554,45.92593],[13.39494,45.92587],[13.39417,45.92591],[13.39397,45.9259],[13.39123,45.92537],[13.39081,45.92537],[13.39005,45.92547]]},"properties":{}},{"type":"Feature","geometry":{"type":"LineString","coordinates":[[13.38597,45.92721],[13.38631,45.92681],[13.38654,45.92666],[13.3878,45.92626]]},"properties":{}},{"type":"Feature","geometry":{"type":"LineString","coordinates":[[13.38301,45.92782],[13.38295,45.92783],[13.3826,45.92768],[13.38175,45.92713]]},"properties":{}},{"type":"Feature","geometry":{"type":"LineString","coordinates":[[13.38338,45.92777],[13.38356,45.92766],[13.38365,45.92753],[13.38371,45.9275]]},"properties":{}},{"type":"Feature","geometry":{"type":"LineString","coordinates":[[13.40385,45.92753],[13.40358,45.92788],[13.40357,45.92796]]},"properties":{}},{"type":"Feature","geometry":{"type":"LineString","coordinates":[[13.38301,45.92782],[13.38338,45.92777],[13.38353,45.9279],[13.3836,45.92812],[13.38338,45.92839]]},"properties":{}},{"type":"Feature","geometry":{"type":"LineString","coordinates":[[13.3834,45.92802],[13.38371,45.92828]]},"properties":{}},{"type":"Feature","geometry":{"type":"LineString","coordinates":[[13.38371,45.92828],[13.38344,45.92819],[13.38321,45.9282]]},"properties":{}},{"type":"Feature","geometry":{"type":"LineString","coordinates":[[13.39679,45.94154],[13.39699,45.94163]]},"properties":{}},{"type":"Feature","geometry":{"type":"LineString","coordinates":[[13.39699,45.94163],[13.39676,45.94162]]},"properties":{}},{"type":"Feature","geometry":{"type":"LineString","coordinates":[[13.45022,45.93445],[13.45034,45.93445],[13.45051,45.93452]]},"properties":{}},{"type":"Feature","geometry":{"type":"LineString","coordinates":[[13.44996,45.93452],[13.45022,45.93445]]},"properties":{}},{"type":"Feature","geometry":{"type":"LineString","coordinates":[[13.48159,45.93442],[13.47838,45.93464]]},"properties":{}},{"type":"Feature","geometry":{"type":"LineString","coordinates":[[13.44983,45.93468],[13.44996,45.93452]]},"properties":{}},{"type":"Feature","geometry":{"type":"LineString","coordinates":[[13.45051,45.93452],[13.45063,45.93464],[13.45064,45.93478]]},"properties":{}},{"type":"Feature","geometry":{"type":"LineString","coordinates":[[13.44991,45.93491],[13.44982,45.93477],[13.44983,45.93468]]},"properties":{}},{"type":"Feature","geometry":{"type":"LineString","coordinates":[[13.45064,45.93478],[13.45052,45.93494]]},"properties":{}},{"type":"Feature","geometry":{"type":"LineString","coordinates":[[13.45064,45.93478],[13.45139,45.93514]]},"properties":{}},{"type":"Feature","geometry":{"type":"LineString","coordinates":[[13.45019,45.93502],[13.45002,45.93498],[13.44991,45.93491]]},"properties":{}},{"type":"Feature","geometry":{"type":"LineString","coordinates":[[13.45052,45.93494],[13.45033,45.93501],[13.45019,45.93502]]},"properties":{}},{"type":"Feature","geometry":{"type":"LineString","coordinates":[[13.45139,45.93514],[13.45086,45.93499],[13.45052,45.93494]]},"properties":{}},{"type":"Feature","geometry":{"type":"LineString","coordinates":[[13.45663,45.93688],[13.45691,45.93702],[13.45728,45.93725]]},"properties":{}},{"type":"Feature","geometry":{"type":"LineString","coordinates":[[13.46136,45.94501],[13.46146,45.94491],[13.46179,45.94486]]},"properties":{}},{"type":"Feature","geometry":{"type":"LineString","coordinates":[[13.46171,45.94497],[13.46148,45.94502],[13.46136,45.94501]]},"properties":{}},{"type":"Feature","geometry":{"type":"LineString","coordinates":[[13.46202,45.94484],[13.46171,45.94497],[13.46164,45.94503],[13.46156,45.94516],[13.46154,45.94532]]},"properties":{}},{"type":"Feature","geometry":{"type":"LineString","coordinates":[[13.46222,45.94732],[13.46232,45.94718],[13.46237,45.94703],[13.46237,45.94689],[13.46202,45.94631],[13.46204,45.94618]]},"properties":{}},{"type":"Feature","geometry":{"type":"LineString","coordinates":[[13.48143,45.94715],[13.48126,45.94717],[13.48109,45.94722],[13.4792,45.94824],[13.4793,45.94834],[13.47939,45.9483]]},"properties":{}},{"type":"Feature","geometry":{"type":"LineString","coordinates":[[13.46807,45.95253],[13.46908,45.95139],[13.46921,45.9512]]},"properties":{}},{"type":"Feature","geometry":{"type":"LineString","coordinates":[[13.43391,45.95201],[13.43407,45.95211],[13.43413,45.95218]]},"properties":{}},{"type":"Feature","geometry":{"type":"LineString","coordinates":[[13.43333,45.95239],[13.4333,45.95229],[13.43332,45.95219],[13.43339,45.9521],[13.43349,45.95203],[13.43362,45.95199],[13.43391,45.95201]]},"properties":{}},{"type":"Feature","geometry":{"type":"LineString","coordinates":[[13.39662,45.94174],[13.39664,45.9416]]},"properties":{}},{"type":"Feature","geometry":{"type":"LineString","coordinates":[[13.39672,45.94163],[13.39662,45.94174]]},"properties":{}},{"type":"Feature","geometry":{"type":"LineString","coordinates":[[13.39795,45.94247],[13.39828,45.94219],[13.39858,45.94182]]},"properties":{}},{"type":"Feature","geometry":{"type":"LineString","coordinates":[[13.39503,45.9556],[13.39514,45.9556]]},"properties":{}},{"type":"Feature","geometry":{"type":"LineString","coordinates":[[13.39632,45.95951],[13.3964,45.95951]]},"properties":{}},{"type":"Feature","geometry":{"type":"LineString","coordinates":[[13.39838,45.96586],[13.3983,45.96586],[13.39825,45.96547],[13.39811,45.96484],[13.39752,45.96355],[13.39724,45.96287],[13.39632,45.95951],[13.39551,45.95785],[13.39535,45.95744],[13.39507,45.95648],[13.39503,45.9556],[13.39474,45.9547]]},"properties":{}},{"type":"Feature","geometry":{"type":"LineString","coordinates":[[13.39659,45.96051],[13.39665,45.96051]]},"properties":{}},{"type":"Feature","geometry":{"type":"LineString","coordinates":[[13.39766,45.96986],[13.39781,45.96974],[13.39791,45.96957]]},"properties":{}},{"type":"Feature","geometry":{"type":"LineString","coordinates":[[13.39791,45.96957],[13.39789,45.96972],[13.39778,45.96993]]},"properties":{}},{"type":"Feature","geometry":{"type":"LineString","coordinates":[[13.3978,45.97006],[13.39775,45.97033]]},"properties":{}},{"type":"Feature","geometry":{"type":"LineString","coordinates":[[13.43413,45.95218],[13.43415,45.95227],[13.43413,45.95237],[13.43401,45.9525],[13.43379,45.95258],[13.43351,45.95254]]},"properties":{}},{"type":"Feature","geometry":{"type":"LineString","coordinates":[[13.43351,45.95254],[13.4334,45.95247],[13.43333,45.95239]]},"properties":{}},{"type":"Feature","geometry":{"type":"LineString","coordinates":[[13.46589,45.95478],[13.46628,45.95447],[13.46807,45.95253]]},"properties":{}},{"type":"Feature","geometry":{"type":"LineString","coordinates":[[13.46446,45.95642],[13.46472,45.95628]]},"properties":{}},{"type":"Feature","geometry":{"type":"LineString","coordinates":[[13.47536,45.95635],[13.47555,45.95635],[13.47804,45.95662],[13.47803,45.95669]]},"properties":{}},{"type":"Feature","geometry":{"type":"LineString","coordinates":[[13.47882,45.95683],[13.47538,45.95645]]},"properties":{}},{"type":"Feature","geometry":{"type":"LineString","coordinates":[[13.46224,45.95759],[13.46446,45.95642]]},"properties":{}},{"type":"Feature","geometry":{"type":"LineString","coordinates":[[13.46159,45.95799],[13.46169,45.95789],[13.46224,45.95759]]},"properties":{}},{"type":"Feature","geometry":{"type":"LineString","coordinates":[[13.45882,45.96078],[13.45887,45.96072],[13.45899,45.96076],[13.45918,45.96076],[13.45934,45.96063],[13.45949,45.9604],[13.45956,45.96039]]},"properties":{}},{"type":"Feature","geometry":{"type":"LineString","coordinates":[[13.45831,45.96163],[13.45877,45.96122],[13.45891,45.96101],[13.45891,45.96095],[13.45888,45.9609],[13.45877,45.96082],[13.45882,45.96078]]},"properties":{}},{"type":"Feature","geometry":{"type":"LineString","coordinates":[[13.45778,45.96208],[13.45829,45.96162]]},"properties":{}},{"type":"Feature","geometry":{"type":"LineString","coordinates":[[13.46062,45.96513],[13.45974,45.96479],[13.45892,45.96455]]},"properties":{}},{"type":"Feature","geometry":{"type":"LineString","coordinates":[[13.4593,45.96671],[13.45927,45.9667],[13.45953,45.96639],[13.46062,45.96513],[13.46066,45.9651],[13.46075,45.96515]]},"properties":{}},{"type":"Feature","geometry":{"type":"LineString","coordinates":[[13.4587,45.96844],[13.45885,45.96815],[13.45891,45.96797],[13.45899,45.96759],[13.45902,45.96719],[13.45907,45.96702],[13.45912,45.967]]},"properties":{}},{"type":"Feature","geometry":{"type":"LineString","coordinates":[[13.45839,45.96911],[13.45836,45.96896],[13.45828,45.96883],[13.45787,45.96865]]},"properties":{}},{"type":"Feature","geometry":{"type":"LineString","coordinates":[[13.45473,45.974],[13.45452,45.9741]]},"properties":{}},{"type":"Feature","geometry":{"type":"LineString","coordinates":[[13.45452,45.9741],[13.45035,45.97591]]},"properties":{}},{"type":"Feature","geometry":{"type":"LineString","coordinates":[[13.45035,45.97591],[13.44909,45.97646],[13.4487,45.97668],[13.44854,45.97688],[13.44839,45.9775]]},"properties":{}},{"type":"Feature","geometry":{"type":"LineString","coordinates":[[13.43311,45.97674],[13.43431,45.97725],[13.43504,45.97744],[13.43525,45.97759],[13.43544,45.97778],[13.43608,45.97798],[13.4363,45.97802],[13.43713,45.97783],[13.4378,45.97785],[13.438,45.97789]]},"properties":{}},{"type":"Feature","geometry":{"type":"LineString","coordinates":[[13.44827,45.9782],[13.44812,45.979]]},"properties":{}},{"type":"Feature","geometry":{"type":"LineString","coordinates":[[13.39775,45.97033],[13.39763,45.97018],[13.39757,45.97015]]},"properties":{}},{"type":"Feature","geometry":{"type":"LineString","coordinates":[[13.39764,45.97223],[13.39778,45.97245],[13.39789,45.97255]]},"properties":{}},{"type":"Feature","geometry":{"type":"LineString","coordinates":[[13.39758,45.97259],[13.39763,45.97247],[13.39764,45.97223]]},"properties":{}},{"type":"Feature","geometry":{"type":"LineString","coordinates":[[13.39794,45.97258],[13.3983,45.97252],[13.39868,45.97239]]},"properties":{}},{"type":"Feature","geometry":{"type":"LineString","coordinates":[[13.39868,45.97239],[13.39837,45.97257],[13.39805,45.97268],[13.39796,45.97274]]},"properties":{}},{"type":"Feature","geometry":{"type":"LineString","coordinates":[[13.39756,45.97272],[13.39758,45.97259],[13.39769,45.97253],[13.39783,45.97253],[13.39794,45.97258]]},"properties":{}},{"type":"Feature","geometry":{"type":"LineString","coordinates":[[13.39794,45.97258],[13.39799,45.97266],[13.39796,45.97274]]},"properties":{}},{"type":"Feature","geometry":{"type":"LineString","coordinates":[[13.39778,45.97282],[13.39765,45.9728],[13.39756,45.97272]]},"properties":{}},{"type":"Feature","geometry":{"type":"LineString","coordinates":[[13.39796,45.97274],[13.39778,45.97282]]},"properties":{}},{"type":"Feature","geometry":{"type":"LineString","coordinates":[[13.39718,45.97317],[13.39751,45.97284],[13.39756,45.97272]]},"properties":{}},{"type":"Feature","geometry":{"type":"LineString","coordinates":[[13.39778,45.97282],[13.39763,45.97289],[13.39735,45.97311],[13.39718,45.97317]]},"properties":{}},{"type":"Feature","geometry":{"type":"LineString","coordinates":[[13.39746,45.97326],[13.39747,45.9732],[13.39729,45.97307]]},"properties":{}},{"type":"Feature","geometry":{"type":"LineString","coordinates":[[13.39592,45.97371],[13.39571,45.97352],[13.39554,45.97349]]},"properties":{}},{"type":"Feature","geometry":{"type":"LineString","coordinates":[[13.39716,45.97454],[13.39746,45.97326],[13.39751,45.97327]]},"properties":{}},{"type":"Feature","geometry":{"type":"LineString","coordinates":[[13.39691,45.97498],[13.39707,45.97492],[13.39716,45.97454],[13.39722,45.97454]]},"properties":{}},{"type":"Feature","geometry":{"type":"LineString","coordinates":[[13.39394,45.9748],[13.39426,45.97474]]},"properties":{}},{"type":"Feature","geometry":{"type":"LineString","coordinates":[[13.39426,45.97474],[13.39406,45.97491]]},"properties":{}},{"type":"Feature","geometry":{"type":"LineString","coordinates":[[13.39394,45.9748],[13.39406,45.97491]]},"properties":{}},{"type":"Feature","geometry":{"type":"LineString","coordinates":[[13.39357,45.975],[13.39358,45.97488],[13.39368,45.9748],[13.39381,45.97478],[13.39394,45.9748]]},"properties":{}},{"type":"Feature","geometry":{"type":"LineString","coordinates":[[13.39406,45.97491],[13.39407,45.97498],[13.39401,45.97507],[13.39391,45.97512],[13.39378,45.97513]]},"properties":{}},{"type":"Feature","geometry":{"type":"LineString","coordinates":[[13.39407,45.97498],[13.39423,45.97512]]},"properties":{}},{"type":"Feature","geometry":{"type":"LineString","coordinates":[[13.39378,45.97513],[13.39364,45.97508],[13.39357,45.975]]},"properties":{}},{"type":"Feature","geometry":{"type":"LineString","coordinates":[[13.39423,45.97512],[13.39396,45.9751]]},"properties":{}},{"type":"Feature","geometry":{"type":"LineString","coordinates":[[13.39332,45.97526],[13.39357,45.975]]},"properties":{}},{"type":"Feature","geometry":{"type":"LineString","coordinates":[[13.39378,45.97513],[13.39332,45.97526]]},"properties":{}},{"type":"Feature","geometry":{"type":"LineString","coordinates":[[13.35396,45.97871],[13.35436,45.97842]]},"properties":{}},{"type":"Feature","geometry":{"type":"LineString","coordinates":[[13.35436,45.97842],[13.35427,45.97859],[13.3543,45.97875]]},"properties":{}},{"type":"Feature","geometry":{"type":"LineString","coordinates":[[13.3542,45.97915],[13.35398,45.97916],[13.3538,45.97907],[13.35374,45.97895],[13.35377,45.97882],[13.3539,45.97872],[13.35399,45.9787],[13.35417,45.9787],[13.35432,45.97876],[13.35441,45.97887],[13.3544,45.979],[13.3543,45.97911],[13.3542,45.97915]]},"properties":{}},{"type":"Feature","geometry":{"type":"LineString","coordinates":[[13.35314,45.97908],[13.3536,45.97897],[13.35374,45.97889]]},"properties":{}},{"type":"Feature","geometry":{"type":"LineString","coordinates":[[13.35441,45.97887],[13.35458,45.97901],[13.35483,45.97911]]},"properties":{}},{"type":"Feature","geometry":{"type":"LineString","coordinates":[[13.3538,45.97907],[13.35314,45.97908]]},"properties":{}},{"type":"Feature","geometry":{"type":"LineString","coordinates":[[13.35483,45.97911],[13.3544,45.97908],[13.3543,45.97911]]},"properties":{}},{"type":"Feature","geometry":{"type":"LineString","coordinates":[[13.35619,45.98002],[13.35622,45.97993],[13.35631,45.97984],[13.35649,45.97978]]},"properties":{}},{"type":"Feature","geometry":{"type":"LineString","coordinates":[[13.35649,45.97978],[13.35653,45.97989],[13.35651,45.98002]]},"properties":{}},{"type":"Feature","geometry":{"type":"LineString","coordinates":[[13.35599,45.98056],[13.35614,45.9803],[13.35619,45.98002],[13.35616,45.9799],[13.35595,45.97961],[13.35568,45.97942]]},"properties":{}},{"type":"Feature","geometry":{"type":"LineString","coordinates":[[13.40185,45.9803],[13.40102,45.98223]]},"properties":{}},{"type":"Feature","geometry":{"type":"LineString","coordinates":[[13.37994,45.98116],[13.38018,45.98135],[13.38042,45.98145]]},"properties":{}},{"type":"Feature","geometry":{"type":"LineString","coordinates":[[13.38012,45.98162],[13.3801,45.98141],[13.37994,45.98116]]},"properties":{}},{"type":"Feature","geometry":{"type":"LineString","coordinates":[[13.40097,45.98248],[13.40101,45.98245],[13.40114,45.98206],[13.40184,45.98042],[13.40192,45.98038],[13.40215,45.98034]]},"properties":{}},{"type":"Feature","geometry":{"type":"LineString","coordinates":[[13.38122,45.98154],[13.38154,45.98146],[13.38203,45.98129]]},"properties":{}},{"type":"Feature","geometry":{"type":"LineString","coordinates":[[13.44812,45.979],[13.44806,45.97941],[13.44806,45.97962],[13.44814,45.97981],[13.4487,45.98066],[13.44878,45.98082],[13.44879,45.98095],[13.44868,45.9812]]},"properties":{}},{"type":"Feature","geometry":{"type":"LineString","coordinates":[[13.44255,45.98286],[13.44238,45.98217],[13.4423,45.98202],[13.4423,45.98189],[13.44285,45.98086]]},"properties":{}},{"type":"Feature","geometry":{"type":"LineString","coordinates":[[13.44868,45.9812],[13.44731,45.98361]]},"properties":{}},{"type":"Feature","geometry":{"type":"LineString","coordinates":[[13.44674,45.98462],[13.44576,45.98447],[13.4435,45.98402]]},"properties":{}},{"type":"Feature","geometry":{"type":"LineString","coordinates":[[13.44081,45.98642],[13.44219,45.98379],[13.4425,45.9831],[13.44255,45.98286]]},"properties":{}},{"type":"Feature","geometry":{"type":"LineString","coordinates":[[13.44731,45.98361],[13.44492,45.98783]]},"properties":{}},{"type":"Feature","geometry":{"type":"LineString","coordinates":[[13.43686,45.9861],[13.43686,45.98614],[13.44015,45.98712]]},"properties":{}},{"type":"Feature","geometry":{"type":"LineString","coordinates":[[13.4404,45.98711],[13.44044,45.98704],[13.44049,45.98703]]},"properties":{}},{"type":"Feature","geometry":{"type":"LineString","coordinates":[[13.44015,45.98712],[13.44024,45.98714]]},"properties":{}},{"type":"Feature","geometry":{"type":"LineString","coordinates":[[13.44036,45.98718],[13.4404,45.98711]]},"properties":{}},{"type":"Feature","geometry":{"type":"LineString","coordinates":[[13.38203,45.98129],[13.38165,45.98154],[13.38142,45.98174]]},"properties":{}},{"type":"Feature","geometry":{"type":"LineString","coordinates":[[13.38122,45.98154],[13.38142,45.98174]]},"properties":{}},{"type":"Feature","geometry":{"type":"LineString","coordinates":[[13.38007,45.98215],[13.38,45.98201],[13.37999,45.98188],[13.38003,45.98174],[13.38012,45.98162],[13.38031,45.98149],[13.38058,45.98141],[13.38075,45.9814],[13.38095,45.98143],[13.38122,45.98154]]},"properties":{}},{"type":"Feature","geometry":{"type":"LineString","coordinates":[[13.4011,45.98207],[13.40114,45.98206]]},"properties":{}},{"type":"Feature","geometry":{"type":"LineString","coordinates":[[13.38142,45.98174],[13.38146,45.98189],[13.38144,45.98203],[13.38136,45.98217],[13.38124,45.98228],[13.38112,45.98235],[13.38083,45.98242],[13.38066,45.98242],[13.38033,45.98235]]},"properties":{}},{"type":"Feature","geometry":{"type":"LineString","coordinates":[[13.38033,45.98235],[13.38018,45.98226],[13.38007,45.98215]]},"properties":{}},{"type":"Feature","geometry":{"type":"LineString","coordinates":[[13.37951,45.98263],[13.3799,45.98234],[13.38007,45.98215]]},"properties":{}},{"type":"Feature","geometry":{"type":"LineString","coordinates":[[13.38033,45.98235],[13.37998,45.98243],[13.37951,45.98263]]},"properties":{}},{"type":"Feature","geometry":{"type":"LineString","coordinates":[[13.4006,45.98441],[13.40066,45.98442]]},"properties":{}},{"type":"Feature","geometry":{"type":"LineString","coordinates":[[13.40195,45.98559],[13.402,45.98563]]},"properties":{}},{"type":"Feature","geometry":{"type":"LineString","coordinates":[[13.37188,45.98605],[13.37193,45.986]]},"properties":{}},{"type":"Feature","geometry":{"type":"LineString","coordinates":[[13.37193,45.986],[13.37221,45.98611],[13.37243,45.98604],[13.37268,45.98605]]},"properties":{}},{"type":"Feature","geometry":{"type":"LineString","coordinates":[[13.37268,45.98605],[13.37289,45.98626],[13.37289,45.98629]]},"properties":{}},{"type":"Feature","geometry":{"type":"LineString","coordinates":[[13.37289,45.98629],[13.37287,45.98641],[13.37292,45.98652],[13.373,45.98661],[13.37333,45.98684]]},"properties":{}},{"type":"Feature","geometry":{"type":"LineString","coordinates":[[13.37333,45.98684],[13.37331,45.98686]]},"properties":{}},{"type":"Feature","geometry":{"type":"LineString","coordinates":[[13.37831,45.9893],[13.37879,45.98916],[13.37915,45.98916]]},"properties":{}},{"type":"Feature","geometry":{"type":"LineString","coordinates":[[13.3785,45.98943],[13.37809,45.98923]]},"properties":{}},{"type":"Feature","geometry":{"type":"LineString","coordinates":[[13.37915,45.98916],[13.37908,45.98947],[13.37901,45.98963],[13.3789,45.98972]]},"properties":{}},{"type":"Feature","geometry":{"type":"LineString","coordinates":[[13.38472,45.98998],[13.38427,45.99002],[13.38304,45.99024]]},"properties":{}},{"type":"Feature","geometry":{"type":"LineString","coordinates":[[13.38938,45.99066],[13.38808,45.99026],[13.38768,45.99018],[13.3867,45.99016],[13.3851,45.98997],[13.38472,45.98998]]},"properties":{}},{"type":"Feature","geometry":{"type":"LineString","coordinates":[[13.44024,45.98714],[13.44436,45.98838],[13.44435,45.98845],[13.44349,45.98917]]},"properties":{}},{"type":"Feature","geometry":{"type":"LineString","coordinates":[[13.44492,45.98783],[13.44484,45.98801],[13.44482,45.98822],[13.44488,45.98835],[13.44512,45.98855],[13.44529,45.98861]]},"properties":{}},{"type":"Feature","geometry":{"type":"LineString","coordinates":[[13.44489,45.9879],[13.44496,45.98791],[13.44489,45.98806],[13.44489,45.98822],[13.44495,45.98834],[13.44515,45.9885],[13.44532,45.98855]]},"properties":{}},{"type":"Feature","geometry":{"type":"LineString","coordinates":[[13.43901,45.98898],[13.43945,45.98851],[13.43957,45.98825],[13.43998,45.9875]]},"properties":{}},{"type":"Feature","geometry":{"type":"LineString","coordinates":[[13.44532,45.98855],[13.44525,45.98866]]},"properties":{}},{"type":"Feature","geometry":{"type":"LineString","coordinates":[[13.44529,45.98861],[13.44609,45.98888]]},"properties":{}},{"type":"Feature","geometry":{"type":"LineString","coordinates":[[13.44609,45.98888],[13.44632,45.98901]]},"properties":{}},{"type":"Feature","geometry":{"type":"LineString","coordinates":[[13.44446,45.98837],[13.4444,45.98845],[13.44362,45.98912],[13.44319,45.98958]]},"properties":{}},{"type":"Feature","geometry":{"type":"LineString","coordinates":[[13.44638,45.98941],[13.4465,45.98934],[13.44651,45.98929],[13.4465,45.98923],[13.44632,45.98908],[13.44596,45.98888],[13.44525,45.98866]]},"properties":{}},{"type":"Feature","geometry":{"type":"LineString","coordinates":[[13.44349,45.98917],[13.44304,45.98969]]},"properties":{}},{"type":"Feature","geometry":{"type":"LineString","coordinates":[[13.38304,45.99024],[13.38275,45.99035],[13.38255,45.99051],[13.38236,45.99081],[13.38221,45.99116],[13.38208,45.99129]]},"properties":{}},{"type":"Feature","geometry":{"type":"LineString","coordinates":[[13.39448,45.99146],[13.39442,45.99149]]},"properties":{}},{"type":"Feature","geometry":{"type":"LineString","coordinates":[[13.39442,45.99149],[13.3943,45.99156]]},"properties":{}},{"type":"Feature","geometry":{"type":"LineString","coordinates":[[13.3943,45.99156],[13.39332,45.99209],[13.39297,45.9923],[13.39272,45.99252]]},"properties":{}},{"type":"Feature","geometry":{"type":"LineString","coordinates":[[13.37677,45.9923],[13.37729,45.99198],[13.3776,45.99187],[13.37795,45.99181],[13.37821,45.99179],[13.37863,45.99182],[13.37955,45.99197],[13.37968,45.99196]]},"properties":{}},{"type":"Feature","geometry":{"type":"LineString","coordinates":[[13.39245,45.99231],[13.39281,45.99243]]},"properties":{}},{"type":"Feature","geometry":{"type":"LineString","coordinates":[[13.36832,45.99256],[13.36818,45.99264]]},"properties":{}},{"type":"Feature","geometry":{"type":"LineString","coordinates":[[13.36878,45.99303],[13.36858,45.99311]]},"properties":{}},{"type":"Feature","geometry":{"type":"LineString","coordinates":[[13.36858,45.99311],[13.36837,45.99325],[13.36812,45.99311],[13.3681,45.99303],[13.36813,45.9929],[13.36801,45.99275],[13.36802,45.99266],[13.36815,45.99263],[13.36826,45.99268],[13.36837,45.99279],[13.36858,45.99311]]},"properties":{}},{"type":"Feature","geometry":{"type":"LineString","coordinates":[[13.36837,45.99325],[13.3686,45.99342],[13.3689,45.99359],[13.36971,45.9937]]},"properties":{}},{"type":"Feature","geometry":{"type":"LineString","coordinates":[[13.39692,45.99604],[13.39672,45.99613]]},"properties":{}},{"type":"Feature","geometry":{"type":"LineString","coordinates":[[13.44319,45.98958],[13.44288,45.98994],[13.44273,45.99017]]},"properties":{}},{"type":"Feature","geometry":{"type":"LineString","coordinates":[[13.44304,45.98969],[13.44266,45.99015]]},"properties":{}},{"type":"Feature","geometry":{"type":"LineString","coordinates":[[13.44541,45.99097],[13.44559,45.99093],[13.44655,45.99],[13.44669,45.98982],[13.44671,45.98975],[13.44668,45.98952],[13.44663,45.98949],[13.44642,45.9895]]},"properties":{}},{"type":"Feature","geometry":{"type":"LineString","coordinates":[[13.44678,45.98975],[13.44675,45.98986],[13.44665,45.98996],[13.44411,45.99247]]},"properties":{}},{"type":"Feature","geometry":{"type":"LineString","coordinates":[[13.44536,45.99109],[13.44536,45.99116],[13.44533,45.9912],[13.44424,45.99226]]},"properties":{}},{"type":"Feature","geometry":{"type":"LineString","coordinates":[[13.43824,45.99055],[13.43846,45.99061],[13.43848,45.99065],[13.43821,45.99115],[13.43823,45.99121],[13.43906,45.99165],[13.43944,45.99179],[13.4395,45.99185],[13.44049,45.99238],[13.4405,45.99244],[13.44092,45.99263],[13.44092,45.9927],[13.44085,45.99278],[13.44216,45.9935],[13.44217,45.99353],[13.44189,45.99384],[13.44199,45.99388]]},"properties":{}},{"type":"Feature","geometry":{"type":"LineString","coordinates":[[13.44353,45.99229],[13.44232,45.99348]]},"properties":{}},{"type":"Feature","geometry":{"type":"LineString","coordinates":[[13.44232,45.99348],[13.44226,45.99354]]},"properties":{}},{"type":"Feature","geometry":{"type":"LineString","coordinates":[[13.44226,45.99354],[13.4414,45.99454],[13.44136,45.99508],[13.44198,45.9952]]},"properties":{}},{"type":"Feature","geometry":{"type":"LineString","coordinates":[[13.4445,45.99892],[13.44413,45.99931],[13.44383,45.99957],[13.44382,45.99961],[13.44389,45.99973],[13.44378,46.0]]},"properties":{}},{"type":"Feature","geometry":{"type":"LineString","coordinates":[[13.44314,45.99799],[13.4443,45.99883],[13.44565,45.99934],[13.44568,45.99939],[13.44566,45.99946],[13.44543,45.99987],[13.44541,46.0]]},"properties":{}},{"type":"Feature","geometry":{"type":"LineString","coordinates":[[13.36593,45.99623],[13.36488,45.99672],[13.36462,45.99689],[13.36235,45.99852]]},"properties":{}},{"type":"Feature","geometry":{"type":"LineString","coordinates":[[13.39171,45.99978],[13.39175,46.0]]},"properties":{}}]}