{"type":"FeatureCollection","features":[{"type":"Feature","geometry":{"type":"LineString","coordinates":[[14.25,41.59975],[14.25157,41.60028],[14.25202,41.6004],[14.25307,41.6006],[14.25325,41.60067],[14.2538,41.60099],[14.254,41.60107],[14.25494,41.60127],[14.25636,41.60171],[14.25688,41.60183],[14.25826,41.60193],[14.25855,41.60201],[14.25882,41.60221],[14.25889,41.60233],[14.25894,41.60258],[14.25886,41.6028],[14.25877,41.60293],[14.25847,41.60327]]},"properties":{}},{"type":"Feature","geometry":{"type":"LineString","coordinates":[[14.25839,41.60335],[14.25743,41.60426],[14.2572,41.60452],[14.25715,41.60463],[14.25712,41.60492],[14.25718,41.60507],[14.25738,41.60529],[14.25761,41.60542],[14.25787,41.60548],[14.2606,41.60595],[14.26115,41.6061],[14.26192,41.6063],[14.26307,41.60668],[14.26376,41.60692],[14.26374,41.60696]]},"properties":{}},{"type":"Feature","geometry":{"type":"LineString","coordinates":[[14.47466,41.50123],[14.4755,41.5]]},"properties":{}},{"type":"Feature","geometry":{"type":"LineString","coordinates":[[14.49609,41.50075],[14.49634,41.50066],[14.49666,41.50041],[14.49801,41.50007],[14.49807,41.5]]},"properties":{}},{"type":"Feature","geometry":{"type":"LineString","coordinates":[[14.46111,41.5],[14.46013,41.50047],[14.45949,41.50072],[14.45628,41.50184],[14.455,41.50226],[14.45484,41.50235]]},"properties":{}},{"type":"Feature","geometry":{"type":"LineString","coordinates":[[14.49163,41.50034],[14.4914,41.50026],[14.49119,41.5]]},"properties":{}},{"type":"Feature","geometry":{"type":"LineString","coordinates":[[14.42405,41.50024],[14.42402,41.5]]},"properties":{}},{"type":"Feature","geometry":{"type":"LineString","coordinates":[[14.41099,41.5],[14.41139,41.50017],[14.41195,41.50046],[14.4126,41.50067],[14.41286,41.50069],[14.41352,41.50055],[14.41376,41.50062],[14.41383,41.5006]]},"properties":{}},{"type":"Feature","geometry":{"type":"LineString","coordinates":[[14.49991,41.5],[14.49995,41.50008],[14.49991,41.50023],[14.49984,41.50024],[14.49972,41.5]]},"properties":{}},{"type":"Feature","geometry":{"type":"LineString","coordinates":[[14.47236,41.5],[14.47248,41.50008],[14.47253,41.50017],[14.47268,41.50067],[14.47297,41.50122],[14.47311,41.50166],[14.47316,41.50198],[14.47326,41.50216],[14.47345,41.50226]]},"properties":{}},{"type":"Feature","geometry":{"type":"LineString","coordinates":[[14.46662,41.5],[14.46675,41.50009],[14.46686,41.50012],[14.46734,41.50007],[14.46754,41.5]]},"properties":{}},{"type":"Feature","geometry":{"type":"LineString","coordinates":[[14.48847,41.5],[14.48865,41.50018]]},"properties":{}},{"type":"Feature","geometry":{"type":"LineString","coordinates":[[14.46614,41.50004],[14.46614,41.5]]},"properties":{}},{"type":"Feature","geometry":{"type":"LineString","coordinates":[[14.48915,41.50008],[14.48929,41.5]]},"properties":{}},{"type":"Feature","geometry":{"type":"LineString","coordinates":[[14.48538,41.50009],[14.48551,41.5]]},"properties":{}},{"type":"Feature","geometry":{"type":"LineString","coordinates":[[14.46551,41.5],[14.46558,41.50013]]},"properties":{}},{"type":"Feature","geometry":{"type":"LineString","coordinates":[[14.48538,41.50009],[14.48446,41.50064],[14.48413,41.50033],[14.48468,41.5]]},"properties":{}},{"type":"Feature","geometry":{"type":"LineString","coordinates":[[14.46562,41.50035],[14.46558,41.5003],[14.46554,41.50032],[14.46544,41.50019]]},"properties":{}},{"type":"Feature","geometry":{"type":"LineString","coordinates":[[14.44662,41.50002],[14.44663,41.5]]},"properties":{}},{"type":"Feature","geometry":{"type":"LineString","coordinates":[[14.4453,41.50069],[14.44482,41.5]]},"properties":{}},{"type":"Feature","geometry":{"type":"LineString","coordinates":[[14.45334,41.50098],[14.45309,41.5006],[14.45295,41.50052],[14.45262,41.5]]},"properties":{}},{"type":"Feature","geometry":{"type":"LineString","coordinates":[[14.4139,41.5],[14.41377,41.50048]]},"properties":{}},{"type":"Feature","geometry":{"type":"LineString","coordinates":[[14.44281,41.50079],[14.44282,41.50066],[14.44258,41.50036],[14.44247,41.5004],[14.44212,41.5]]},"properties":{}},{"type":"Feature","geometry":{"type":"LineString","coordinates":[[14.44971,41.5035],[14.44883,41.50247],[14.44692,41.5]]},"properties":{}},{"type":"Feature","geometry":{"type":"LineString","coordinates":[[14.43297,41.50015],[14.43318,41.50065]]},"properties":{}},{"type":"Feature","geometry":{"type":"LineString","coordinates":[[14.41377,41.50048],[14.41378,41.50054],[14.41383,41.5006]]},"properties":{}},{"type":"Feature","geometry":{"type":"LineString","coordinates":[[14.44665,41.50071],[14.44718,41.5006],[14.44734,41.50052]]},"properties":{}},{"type":"Feature","geometry":{"type":"LineString","coordinates":[[14.42699,41.5],[14.42767,41.50074],[14.42777,41.50078],[14.42919,41.50074],[14.42991,41.50088],[14.43022,41.5009],[14.4306,41.50087],[14.43107,41.50091],[14.43191,41.50108],[14.43246,41.50104],[14.43297,41.50084],[14.43312,41.50081],[14.43348,41.5009],[14.43362,41.50101],[14.43368,41.5011],[14.43433,41.50244],[14.4345,41.5025]]},"properties":{}},{"type":"Feature","geometry":{"type":"LineString","coordinates":[[14.46612,41.50059],[14.4659,41.5005],[14.46591,41.50042],[14.46599,41.50038],[14.46591,41.50026]]},"properties":{}},{"type":"Feature","geometry":{"type":"LineString","coordinates":[[14.48871,41.50038],[14.48888,41.50053],[14.48909,41.50065]]},"properties":{}},{"type":"Feature","geometry":{"type":"LineString","coordinates":[[14.4784,41.5],[14.47983,41.50152],[14.4806,41.50222]]},"properties":{}},{"type":"Feature","geometry":{"type":"LineString","coordinates":[[14.49056,41.50055],[14.49029,41.50074]]},"properties":{}},{"type":"Feature","geometry":{"type":"LineString","coordinates":[[14.4642,41.50061],[14.46428,41.5007]]},"properties":{}},{"type":"Feature","geometry":{"type":"LineString","coordinates":[[14.49145,41.50163],[14.49148,41.50152],[14.49145,41.50146],[14.4902,41.50069],[14.48946,41.50002]]},"properties":{}},{"type":"Feature","geometry":{"type":"LineString","coordinates":[[14.49089,41.50089],[14.49075,41.50078],[14.49065,41.50077],[14.49048,41.50086]]},"properties":{}},{"type":"Feature","geometry":{"type":"LineString","coordinates":[[14.47172,41.5],[14.47168,41.50018],[14.47168,41.50045],[14.47139,41.5011],[14.47137,41.50126],[14.47141,41.50143],[14.47137,41.50181],[14.47139,41.50185],[14.47137,41.50192],[14.47125,41.50198]]},"properties":{}},{"type":"Feature","geometry":{"type":"LineString","coordinates":[[14.48903,41.50072],[14.48956,41.50113]]},"properties":{}},{"type":"Feature","geometry":{"type":"LineString","coordinates":[[14.49062,41.50097],[14.49064,41.50096]]},"properties":{}},{"type":"Feature","geometry":{"type":"LineString","coordinates":[[14.48197,41.5],[14.48167,41.50018],[14.48164,41.50024],[14.48165,41.50052],[14.48123,41.5013],[14.48107,41.50141],[14.48102,41.50148],[14.48102,41.50154],[14.48234,41.5027],[14.48258,41.50275],[14.48275,41.50273],[14.48496,41.50141],[14.48503,41.50123],[14.48562,41.50088],[14.48571,41.50078],[14.48576,41.50063],[14.48574,41.50048],[14.48565,41.50036],[14.48528,41.5]]},"properties":{}},{"type":"Feature","geometry":{"type":"LineString","coordinates":[[14.49105,41.50105],[14.49092,41.50113]]},"properties":{}},{"type":"Feature","geometry":{"type":"LineString","coordinates":[[14.48899,41.50124],[14.48912,41.50116]]},"properties":{}},{"type":"Feature","geometry":{"type":"LineString","coordinates":[[14.43318,41.50065],[14.43324,41.50078],[14.4332,41.50082]]},"properties":{}},{"type":"Feature","geometry":{"type":"LineString","coordinates":[[14.41411,41.5],[14.41454,41.50047],[14.41529,41.50103],[14.41564,41.50123],[14.41609,41.50144],[14.41693,41.50177]]},"properties":{}},{"type":"Feature","geometry":{"type":"LineString","coordinates":[[14.44681,41.50088],[14.44688,41.50097],[14.44733,41.50084],[14.44751,41.50075]]},"properties":{}},{"type":"Feature","geometry":{"type":"LineString","coordinates":[[14.46638,41.5],[14.46551,41.50015],[14.46493,41.50045],[14.46198,41.50162],[14.46153,41.50187]]},"properties":{}},{"type":"Feature","geometry":{"type":"LineString","coordinates":[[14.44773,41.50105],[14.44872,41.50082]]},"properties":{}},{"type":"Feature","geometry":{"type":"LineString","coordinates":[[14.464,41.50125],[14.46375,41.50092]]},"properties":{}},{"type":"Feature","geometry":{"type":"LineString","coordinates":[[14.41383,41.5006],[14.41409,41.50074],[14.41533,41.50119],[14.41603,41.50151],[14.41688,41.50185]]},"properties":{}},{"type":"Feature","geometry":{"type":"LineString","coordinates":[[14.4351,41.50076],[14.43558,41.50204],[14.43573,41.50226]]},"properties":{}},{"type":"Feature","geometry":{"type":"LineString","coordinates":[[14.43954,41.50237],[14.4392,41.50178],[14.43885,41.50126],[14.43884,41.5012],[14.43895,41.50102],[14.43891,41.50084]]},"properties":{}},{"type":"Feature","geometry":{"type":"LineString","coordinates":[[14.43369,41.50161],[14.43386,41.50167],[14.43395,41.50166]]},"properties":{}},{"type":"Feature","geometry":{"type":"LineString","coordinates":[[14.48878,41.501],[14.48894,41.50103],[14.48905,41.50108],[14.48936,41.50143]]},"properties":{}},{"type":"Feature","geometry":{"type":"LineString","coordinates":[[14.47163,41.50051],[14.46945,41.50153],[14.46829,41.50194]]},"properties":{}},{"type":"Feature","geometry":{"type":"LineString","coordinates":[[14.48136,41.50107],[14.48183,41.5015],[14.48281,41.50095]]},"properties":{}},{"type":"Feature","geometry":{"type":"LineString","coordinates":[[14.48956,41.50113],[14.48982,41.50149]]},"properties":{}},{"type":"Feature","geometry":{"type":"LineString","coordinates":[[14.46823,41.50122],[14.46657,41.50141]]},"properties":{}},{"type":"Feature","geometry":{"type":"LineString","coordinates":[[14.48859,41.50117],[14.48891,41.50146],[14.48897,41.50143],[14.48906,41.50151]]},"properties":{}},{"type":"Feature","geometry":{"type":"LineString","coordinates":[[14.49126,41.50136],[14.49127,41.50135]]},"properties":{}},{"type":"Feature","geometry":{"type":"LineString","coordinates":[[14.48664,41.50277],[14.48753,41.50194],[14.48869,41.5011],[14.48943,41.50026],[14.48947,41.50008],[14.48944,41.5]]},"properties":{}},{"type":"Feature","geometry":{"type":"LineString","coordinates":[[14.48264,41.50104],[14.48338,41.50178],[14.48352,41.50185],[14.48382,41.50189],[14.48421,41.50185]]},"properties":{}},{"type":"Feature","geometry":{"type":"LineString","coordinates":[[14.48829,41.50167],[14.48836,41.50162],[14.48817,41.50148]]},"properties":{}},{"type":"Feature","geometry":{"type":"LineString","coordinates":[[14.48787,41.50169],[14.48803,41.50189],[14.48819,41.50201]]},"properties":{}},{"type":"Feature","geometry":{"type":"LineString","coordinates":[[14.46757,41.50183],[14.46736,41.50188],[14.46666,41.50187]]},"properties":{}},{"type":"Feature","geometry":{"type":"LineString","coordinates":[[14.48812,41.50195],[14.4882,41.50188]]},"properties":{}},{"type":"Feature","geometry":{"type":"LineString","coordinates":[[14.48579,41.50157],[14.48698,41.50243]]},"properties":{}},{"type":"Feature","geometry":{"type":"LineString","coordinates":[[14.49116,41.50273],[14.49077,41.50233],[14.49075,41.50222],[14.49081,41.50214],[14.49135,41.50179],[14.49145,41.50163]]},"properties":{}},{"type":"Feature","geometry":{"type":"LineString","coordinates":[[14.48509,41.5022],[14.48504,41.50216]]},"properties":{}},{"type":"Feature","geometry":{"type":"LineString","coordinates":[[14.48726,41.50218],[14.48765,41.5024],[14.48773,41.50232]]},"properties":{}},{"type":"Feature","geometry":{"type":"LineString","coordinates":[[14.48758,41.50236],[14.48773,41.50222]]},"properties":{}},{"type":"Feature","geometry":{"type":"LineString","coordinates":[[14.48596,41.50229],[14.48596,41.50233]]},"properties":{}},{"type":"Feature","geometry":{"type":"LineString","coordinates":[[14.48539,41.50189],[14.48664,41.50277]]},"properties":{}},{"type":"Feature","geometry":{"type":"LineString","coordinates":[[14.49675,41.50264],[14.49679,41.50259],[14.497,41.50253],[14.49751,41.50229],[14.49767,41.50217],[14.49767,41.50209]]},"properties":{}},{"type":"Feature","geometry":{"type":"LineString","coordinates":[[14.49638,41.5026],[14.49647,41.50248],[14.4966,41.50243],[14.49666,41.50232],[14.49658,41.50219],[14.49669,41.50214]]},"properties":{}},{"type":"Feature","geometry":{"type":"LineString","coordinates":[[14.4669,41.50247],[14.46692,41.50247]]},"properties":{}},{"type":"Feature","geometry":{"type":"LineString","coordinates":[[14.47466,41.50123],[14.47522,41.50176],[14.47539,41.50183],[14.47629,41.50196],[14.47646,41.50229],[14.47665,41.50251],[14.47713,41.50298],[14.47804,41.50373]]},"properties":{}},{"type":"Feature","geometry":{"type":"LineString","coordinates":[[14.48044,41.50284],[14.48055,41.50277],[14.48078,41.50249]]},"properties":{}},{"type":"Feature","geometry":{"type":"LineString","coordinates":[[14.48078,41.50249],[14.48075,41.50245],[14.48116,41.50222],[14.48147,41.50253],[14.48104,41.50276],[14.48078,41.50249]]},"properties":{}},{"type":"Feature","geometry":{"type":"LineString","coordinates":[[14.487,41.50246],[14.48683,41.50263],[14.48697,41.50271],[14.48714,41.50254],[14.487,41.50246]]},"properties":{}},{"type":"Feature","geometry":{"type":"LineString","coordinates":[[14.48711,41.50285],[14.487,41.50279],[14.48697,41.50272],[14.48717,41.50252],[14.48705,41.50237]]},"properties":{}},{"type":"Feature","geometry":{"type":"LineString","coordinates":[[14.49283,41.50274],[14.49287,41.50269],[14.4929,41.50258],[14.49297,41.50251]]},"properties":{}},{"type":"Feature","geometry":{"type":"LineString","coordinates":[[14.48717,41.50252],[14.48761,41.50276]]},"properties":{}},{"type":"Feature","geometry":{"type":"LineString","coordinates":[[14.49398,41.50261],[14.49381,41.50258],[14.49362,41.50264],[14.49332,41.50287]]},"properties":{}},{"type":"Feature","geometry":{"type":"LineString","coordinates":[[14.49103,41.50308],[14.49101,41.50289],[14.49116,41.50273]]},"properties":{}},{"type":"Feature","geometry":{"type":"LineString","coordinates":[[14.49279,41.50314],[14.49322,41.50277]]},"properties":{}},{"type":"Feature","geometry":{"type":"LineString","coordinates":[[14.48103,41.50283],[14.48063,41.50305],[14.48048,41.50317],[14.48034,41.50318]]},"properties":{}},{"type":"Feature","geometry":{"type":"LineString","coordinates":[[14.48449,41.50261],[14.4858,41.50344]]},"properties":{}},{"type":"Feature","geometry":{"type":"LineString","coordinates":[[14.41688,41.50185],[14.41693,41.50177]]},"properties":{}},{"type":"Feature","geometry":{"type":"LineString","coordinates":[[14.43666,41.50216],[14.43642,41.50199]]},"properties":{}},{"type":"Feature","geometry":{"type":"LineString","coordinates":[[14.43396,41.5022],[14.43414,41.50222],[14.43421,41.5022]]},"properties":{}},{"type":"Feature","geometry":{"type":"LineString","coordinates":[[14.45588,41.50297],[14.45528,41.50314]]},"properties":{}},{"type":"Feature","geometry":{"type":"LineString","coordinates":[[14.45395,41.50316],[14.45424,41.5031]]},"properties":{}},{"type":"Feature","geometry":{"type":"LineString","coordinates":[[14.45376,41.50303],[14.4538,41.50308],[14.45392,41.50313],[14.45399,41.50322],[14.454,41.50333],[14.45388,41.50349],[14.45379,41.50351],[14.45369,41.50347]]},"properties":{}},{"type":"Feature","geometry":{"type":"LineString","coordinates":[[14.43494,41.50406],[14.43539,41.50397],[14.43551,41.50378],[14.43574,41.50363],[14.43577,41.50357],[14.43576,41.50349],[14.43571,41.50342],[14.4345,41.5025]]},"properties":{}},{"type":"Feature","geometry":{"type":"LineString","coordinates":[[14.45584,41.50346],[14.45564,41.50346],[14.45546,41.5035]]},"properties":{}},{"type":"Feature","geometry":{"type":"LineString","coordinates":[[14.44982,41.50362],[14.44971,41.5035]]},"properties":{}},{"type":"Feature","geometry":{"type":"LineString","coordinates":[[14.44988,41.5037],[14.44982,41.50362]]},"properties":{}},{"type":"Feature","geometry":{"type":"LineString","coordinates":[[14.48502,41.50331],[14.48526,41.50309]]},"properties":{}},{"type":"Feature","geometry":{"type":"LineString","coordinates":[[14.46646,41.50669],[14.46629,41.50617],[14.46623,41.50523],[14.46609,41.50485],[14.46609,41.50476],[14.46611,41.50466],[14.46617,41.50456],[14.46688,41.50385],[14.46702,41.50365],[14.46709,41.50344],[14.4671,41.50322],[14.46699,41.5027],[14.46668,41.50197],[14.46654,41.50124],[14.46658,41.50042],[14.46652,41.50004]]},"properties":{}},{"type":"Feature","geometry":{"type":"LineString","coordinates":[[14.4865,41.50348],[14.4867,41.50332]]},"properties":{}},{"type":"Feature","geometry":{"type":"LineString","coordinates":[[14.48666,41.50358],[14.48647,41.50346],[14.48643,41.50349],[14.48612,41.50323]]},"properties":{}},{"type":"Feature","geometry":{"type":"LineString","coordinates":[[14.48516,41.50356],[14.48529,41.50348],[14.48548,41.50363]]},"properties":{}},{"type":"Feature","geometry":{"type":"LineString","coordinates":[[14.48437,41.50388],[14.48367,41.50326]]},"properties":{}},{"type":"Feature","geometry":{"type":"LineString","coordinates":[[14.47354,41.50292],[14.47439,41.50338],[14.47571,41.50403],[14.47595,41.50419],[14.47615,41.50427]]},"properties":{}},{"type":"Feature","geometry":{"type":"LineString","coordinates":[[14.48551,41.50361],[14.48562,41.50372],[14.48585,41.50384],[14.48643,41.50349]]},"properties":{}},{"type":"Feature","geometry":{"type":"LineString","coordinates":[[14.49413,41.50607],[14.49455,41.50562],[14.4945,41.50531],[14.49426,41.50457],[14.49392,41.50399],[14.49364,41.50363],[14.49351,41.50317],[14.49332,41.50287],[14.49294,41.50248],[14.49182,41.50161],[14.49145,41.50146]]},"properties":{}},{"type":"Feature","geometry":{"type":"LineString","coordinates":[[14.48449,41.50375],[14.48461,41.50368],[14.48491,41.50396]]},"properties":{}},{"type":"Feature","geometry":{"type":"LineString","coordinates":[[14.48585,41.50384],[14.48606,41.50399]]},"properties":{}},{"type":"Feature","geometry":{"type":"LineString","coordinates":[[14.49394,41.50404],[14.49436,41.50391],[14.49445,41.50392],[14.4945,41.50407]]},"properties":{}},{"type":"Feature","geometry":{"type":"LineString","coordinates":[[14.47615,41.50427],[14.4768,41.50392],[14.47685,41.50386],[14.47686,41.5038],[14.4768,41.50372]]},"properties":{}},{"type":"Feature","geometry":{"type":"LineString","coordinates":[[14.47615,41.50427],[14.47634,41.50434],[14.47647,41.50433],[14.47804,41.50373]]},"properties":{}},{"type":"Feature","geometry":{"type":"LineString","coordinates":[[14.48582,41.50406],[14.48572,41.50413]]},"properties":{}},{"type":"Feature","geometry":{"type":"LineString","coordinates":[[14.48498,41.5042],[14.4848,41.50402]]},"properties":{}},{"type":"Feature","geometry":{"type":"LineString","coordinates":[[14.46674,41.50399],[14.46686,41.50409],[14.46685,41.50422],[14.46697,41.50437],[14.46712,41.5043]]},"properties":{}},{"type":"Feature","geometry":{"type":"LineString","coordinates":[[14.48523,41.50377],[14.48649,41.5047]]},"properties":{}},{"type":"Feature","geometry":{"type":"LineString","coordinates":[[14.47561,41.50431],[14.47592,41.50417]]},"properties":{}},{"type":"Feature","geometry":{"type":"LineString","coordinates":[[14.49865,41.50437],[14.49746,41.50428]]},"properties":{}},{"type":"Feature","geometry":{"type":"LineString","coordinates":[[14.48084,41.50595],[14.48092,41.50593],[14.48217,41.5051],[14.48317,41.50473],[14.48456,41.50416],[14.48604,41.5033],[14.48664,41.50277]]},"properties":{}},{"type":"Feature","geometry":{"type":"LineString","coordinates":[[14.49406,41.50423],[14.49393,41.5043],[14.49385,41.50454]]},"properties":{}},{"type":"Feature","geometry":{"type":"LineString","coordinates":[[14.48411,41.50434],[14.48413,41.50443],[14.48426,41.50452],[14.48453,41.50439],[14.48464,41.50451],[14.48475,41.50458],[14.48487,41.50448]]},"properties":{}},{"type":"Feature","geometry":{"type":"LineString","coordinates":[[14.48456,41.50416],[14.48523,41.50468],[14.48544,41.50478]]},"properties":{}},{"type":"Feature","geometry":{"type":"LineString","coordinates":[[14.49368,41.50468],[14.49354,41.5046],[14.49393,41.5043]]},"properties":{}},{"type":"Feature","geometry":{"type":"LineString","coordinates":[[14.46654,41.5],[14.46492,41.50222],[14.4645,41.50297],[14.46406,41.50456],[14.46371,41.50554],[14.46361,41.50596],[14.46361,41.50704],[14.46357,41.5078],[14.46364,41.50792],[14.46398,41.50829],[14.46419,41.50871],[14.46481,41.50955],[14.46499,41.50967],[14.4655,41.5099],[14.466,41.50996],[14.46679,41.50993],[14.46697,41.50996],[14.46707,41.51003],[14.46789,41.51096],[14.46807,41.51109]]},"properties":{}},{"type":"Feature","geometry":{"type":"LineString","coordinates":[[14.47558,41.5048],[14.47577,41.50469],[14.4759,41.5045],[14.47632,41.50433]]},"properties":{}},{"type":"Feature","geometry":{"type":"LineString","coordinates":[[14.46665,41.50509],[14.4667,41.50503],[14.46676,41.50482],[14.46715,41.50467],[14.46747,41.5046],[14.46755,41.50454],[14.46882,41.50418],[14.469,41.50421],[14.46931,41.50418],[14.46974,41.50421]]},"properties":{}},{"type":"Feature","geometry":{"type":"LineString","coordinates":[[14.48263,41.50448],[14.48298,41.5048]]},"properties":{}},{"type":"Feature","geometry":{"type":"LineString","coordinates":[[14.48654,41.50469],[14.48649,41.5047]]},"properties":{}},{"type":"Feature","geometry":{"type":"LineString","coordinates":[[14.48607,41.50502],[14.48615,41.50493],[14.48585,41.50472],[14.48544,41.50478]]},"properties":{}},{"type":"Feature","geometry":{"type":"LineString","coordinates":[[14.48544,41.50478],[14.48577,41.50494],[14.48595,41.505],[14.48616,41.50503],[14.48622,41.505],[14.48629,41.50491],[14.48634,41.50479],[14.48649,41.5047]]},"properties":{}},{"type":"Feature","geometry":{"type":"LineString","coordinates":[[14.48177,41.50476],[14.48228,41.50506]]},"properties":{}},{"type":"Feature","geometry":{"type":"LineString","coordinates":[[14.47967,41.50648],[14.4795,41.50654],[14.47834,41.50752],[14.47751,41.50776],[14.4758,41.50841],[14.47564,41.50856],[14.47561,41.50866],[14.47553,41.50875],[14.47539,41.50883],[14.47493,41.50901],[14.47478,41.50897],[14.47447,41.50849],[14.47381,41.50763],[14.47356,41.50684],[14.47283,41.50537],[14.47217,41.50419],[14.47209,41.50411],[14.47207,41.50395],[14.47217,41.50374],[14.47223,41.50369],[14.47258,41.50359],[14.47296,41.50342],[14.47338,41.5031],[14.47354,41.50292],[14.47466,41.50123]]},"properties":{}},{"type":"Feature","geometry":{"type":"LineString","coordinates":[[14.48502,41.50545],[14.48504,41.50532],[14.48509,41.50525],[14.48541,41.50504],[14.48554,41.50483]]},"properties":{}},{"type":"Feature","geometry":{"type":"LineString","coordinates":[[14.48551,41.5052],[14.48532,41.50508]]},"properties":{}},{"type":"Feature","geometry":{"type":"LineString","coordinates":[[14.46622,41.50521],[14.46636,41.5052],[14.46665,41.50509],[14.46692,41.50526],[14.46693,41.50531]]},"properties":{}},{"type":"Feature","geometry":{"type":"LineString","coordinates":[[14.47142,41.50727],[14.47148,41.50702],[14.47145,41.50683],[14.47133,41.50667],[14.47122,41.50614],[14.47138,41.50583],[14.47147,41.50556],[14.47161,41.50534],[14.47179,41.50459],[14.47178,41.50445],[14.47209,41.50411]]},"properties":{}},{"type":"Feature","geometry":{"type":"LineString","coordinates":[[14.48036,41.50546],[14.48084,41.50595]]},"properties":{}},{"type":"Feature","geometry":{"type":"LineString","coordinates":[[14.49134,41.5062],[14.49166,41.50591],[14.49174,41.50587],[14.49188,41.50586]]},"properties":{}},{"type":"Feature","geometry":{"type":"LineString","coordinates":[[14.45706,41.50359],[14.45588,41.50425]]},"properties":{}},{"type":"Feature","geometry":{"type":"LineString","coordinates":[[14.4531,41.50588],[14.4534,41.50461],[14.45362,41.50401],[14.45376,41.50303],[14.45381,41.50286],[14.45394,41.50267]]},"properties":{}},{"type":"Feature","geometry":{"type":"LineString","coordinates":[[14.46435,41.50448],[14.46409,41.50444]]},"properties":{}},{"type":"Feature","geometry":{"type":"LineString","coordinates":[[14.45706,41.50539],[14.45678,41.50551]]},"properties":{}},{"type":"Feature","geometry":{"type":"LineString","coordinates":[[14.44665,41.5058],[14.44669,41.50563],[14.44649,41.50537]]},"properties":{}},{"type":"Feature","geometry":{"type":"LineString","coordinates":[[14.45593,41.50582],[14.45588,41.50574],[14.45675,41.50547]]},"properties":{}},{"type":"Feature","geometry":{"type":"LineString","coordinates":[[14.41693,41.50177],[14.42083,41.50335],[14.42163,41.50358],[14.42408,41.50408],[14.42486,41.50433],[14.42586,41.50477],[14.42807,41.50578],[14.4288,41.50616],[14.43538,41.51005]]},"properties":{}},{"type":"Feature","geometry":{"type":"LineString","coordinates":[[14.45693,41.50662],[14.45689,41.50655],[14.45745,41.50635]]},"properties":{}},{"type":"Feature","geometry":{"type":"LineString","coordinates":[[14.44135,41.5073],[14.44154,41.50756]]},"properties":{}},{"type":"Feature","geometry":{"type":"LineString","coordinates":[[14.45922,41.50838],[14.45897,41.50849]]},"properties":{}},{"type":"Feature","geometry":{"type":"LineString","coordinates":[[14.47234,41.5085],[14.47175,41.5082],[14.47135,41.50808],[14.47108,41.5081],[14.47014,41.50799],[14.46942,41.50795],[14.46901,41.50778],[14.46896,41.50759],[14.46918,41.50732],[14.46941,41.50723],[14.46984,41.50664],[14.46991,41.5064],[14.47004,41.50531],[14.47014,41.50488],[14.47015,41.50465],[14.47021,41.50446],[14.47034,41.50429],[14.47056,41.50409],[14.47072,41.50403],[14.47223,41.50369]]},"properties":{}},{"type":"Feature","geometry":{"type":"LineString","coordinates":[[14.49456,41.50558],[14.49474,41.50582],[14.49558,41.50674],[14.49567,41.50679],[14.49579,41.50681],[14.49687,41.50678],[14.49789,41.50659],[14.49816,41.50665]]},"properties":{}},{"type":"Feature","geometry":{"type":"LineString","coordinates":[[14.49258,41.5],[14.49291,41.50038],[14.49315,41.50055],[14.49385,41.50091],[14.49407,41.50107],[14.49418,41.50119],[14.49447,41.5017],[14.49466,41.50196],[14.49495,41.50228],[14.49518,41.50243],[14.49543,41.5025],[14.49599,41.50261],[14.49657,41.50259],[14.4967,41.50261],[14.49679,41.50268],[14.49728,41.50368],[14.49741,41.50405],[14.49747,41.50434],[14.4975,41.50498],[14.49753,41.50514],[14.49792,41.50592],[14.49812,41.5065],[14.49812,41.50658],[14.49844,41.50695],[14.49846,41.50704],[14.49844,41.50725],[14.4983,41.50763],[14.49846,41.50831],[14.49862,41.50861],[14.49885,41.50894],[14.49901,41.50911],[14.49917,41.50918],[14.49983,41.50927],[14.5,41.50939]]},"properties":{}},{"type":"Feature","geometry":{"type":"LineString","coordinates":[[14.48088,41.50644],[14.48074,41.5063],[14.48061,41.50624]]},"properties":{}},{"type":"Feature","geometry":{"type":"LineString","coordinates":[[14.49845,41.50698],[14.49873,41.50692],[14.5,41.5068]]},"properties":{}},{"type":"Feature","geometry":{"type":"LineString","coordinates":[[14.46562,41.507],[14.46628,41.50684],[14.46638,41.5068],[14.46637,41.50672],[14.46646,41.50669]]},"properties":{}},{"type":"Feature","geometry":{"type":"LineString","coordinates":[[14.4636,41.50694],[14.46551,41.50697],[14.46562,41.507]]},"properties":{}},{"type":"Feature","geometry":{"type":"LineString","coordinates":[[14.46562,41.507],[14.46565,41.50703],[14.46573,41.5074]]},"properties":{}},{"type":"Feature","geometry":{"type":"LineString","coordinates":[[14.48062,41.50716],[14.48037,41.50726]]},"properties":{}},{"type":"Feature","geometry":{"type":"LineString","coordinates":[[14.49905,41.50731],[14.49905,41.50726],[14.49844,41.50725]]},"properties":{}},{"type":"Feature","geometry":{"type":"LineString","coordinates":[[14.48238,41.50502],[14.48314,41.50614],[14.48321,41.50621],[14.48352,41.50622],[14.48363,41.50628],[14.48413,41.50679],[14.48439,41.50687],[14.48493,41.50748],[14.48515,41.5078],[14.48544,41.50814],[14.48575,41.50841],[14.48605,41.50844],[14.48617,41.50849],[14.48792,41.50964],[14.488,41.50967],[14.48809,41.50965],[14.48936,41.50902],[14.48963,41.50895],[14.4906,41.509],[14.49085,41.50899],[14.49117,41.50892],[14.49188,41.50859],[14.49273,41.50837],[14.49332,41.50806],[14.49395,41.50766]]},"properties":{}},{"type":"Feature","geometry":{"type":"LineString","coordinates":[[14.49832,41.50756],[14.49787,41.50779],[14.49772,41.50762]]},"properties":{}},{"type":"Feature","geometry":{"type":"LineString","coordinates":[[14.49887,41.50775],[14.49832,41.50777]]},"properties":{}},{"type":"Feature","geometry":{"type":"LineString","coordinates":[[14.49842,41.50729],[14.49772,41.50762],[14.49743,41.50773],[14.49749,41.50798],[14.49747,41.50807],[14.49752,41.50817],[14.49772,41.50821],[14.49788,41.50815],[14.498,41.50829],[14.49843,41.50823]]},"properties":{}},{"type":"Feature","geometry":{"type":"LineString","coordinates":[[14.48149,41.50899],[14.48112,41.50816],[14.48009,41.5069]]},"properties":{}},{"type":"Feature","geometry":{"type":"LineString","coordinates":[[14.49835,41.5079],[14.49783,41.50799],[14.49761,41.50807],[14.49748,41.50803]]},"properties":{}},{"type":"Feature","geometry":{"type":"LineString","coordinates":[[14.49908,41.50813],[14.49905,41.50804],[14.49841,41.50816]]},"properties":{}},{"type":"Feature","geometry":{"type":"LineString","coordinates":[[14.49906,41.50833],[14.4986,41.50857]]},"properties":{}},{"type":"Feature","geometry":{"type":"LineString","coordinates":[[14.47987,41.50786],[14.48015,41.50822],[14.48051,41.50923]]},"properties":{}},{"type":"Feature","geometry":{"type":"LineString","coordinates":[[14.49917,41.50918],[14.49945,41.50895],[14.49959,41.50888],[14.49996,41.50876]]},"properties":{}},{"type":"Feature","geometry":{"type":"LineString","coordinates":[[14.44166,41.5075],[14.43748,41.5096],[14.43744,41.50964],[14.43745,41.50969],[14.43757,41.50983]]},"properties":{}},{"type":"Feature","geometry":{"type":"LineString","coordinates":[[14.42647,41.50505],[14.42643,41.50529],[14.42646,41.50545],[14.42773,41.50679],[14.42854,41.50756],[14.42873,41.50779],[14.42918,41.50876],[14.42973,41.5096],[14.43005,41.51002],[14.43092,41.5109],[14.43127,41.51138],[14.43146,41.51172],[14.43187,41.51261],[14.43193,41.51269]]},"properties":{}},{"type":"Feature","geometry":{"type":"LineString","coordinates":[[14.45248,41.50947],[14.45447,41.50904],[14.45476,41.50903]]},"properties":{}},{"type":"Feature","geometry":{"type":"LineString","coordinates":[[14.45606,41.50456],[14.4578,41.50682],[14.45891,41.50841],[14.45968,41.50942],[14.46171,41.51341],[14.46178,41.51359],[14.46193,41.51443]]},"properties":{}},{"type":"Feature","geometry":{"type":"LineString","coordinates":[[14.42488,41.51621],[14.42511,41.51649],[14.42511,41.51655],[14.42525,41.51666],[14.42578,41.51687],[14.42659,41.51707],[14.4274,41.51723],[14.42799,41.51728],[14.42829,41.5174],[14.42841,41.51741],[14.42875,41.51735],[14.42932,41.51745],[14.43022,41.51777],[14.43083,41.51812],[14.43156,41.51833],[14.43178,41.51837],[14.43224,41.51833],[14.43286,41.51833],[14.43356,41.51821],[14.43366,41.51816],[14.4338,41.518],[14.43412,41.51725],[14.43447,41.51677],[14.43513,41.5153],[14.43631,41.51292],[14.43713,41.51107],[14.43868,41.51025],[14.4399,41.50965],[14.44143,41.50902],[14.44243,41.50856],[14.44339,41.50803],[14.44513,41.5072],[14.44571,41.50681],[14.44619,41.50642],[14.44634,41.50626],[14.44649,41.50598],[14.44665,41.5058],[14.44702,41.50552],[14.45013,41.504],[14.45484,41.50235]]},"properties":{}},{"type":"Feature","geometry":{"type":"LineString","coordinates":[[14.43607,41.51034],[14.43618,41.51044],[14.43618,41.5105],[14.43614,41.51057],[14.43605,41.51062],[14.43594,41.51063],[14.4358,41.51056],[14.43577,41.51045],[14.43582,41.51038],[14.43596,41.51032],[14.43607,41.51034]]},"properties":{}},{"type":"Feature","geometry":{"type":"LineString","coordinates":[[14.45204,41.51963],[14.45205,41.5191],[14.45201,41.51895],[14.45129,41.51785],[14.45122,41.51763],[14.45171,41.51637],[14.45156,41.51396],[14.45162,41.51347],[14.45213,41.5116],[14.45307,41.50595],[14.45318,41.50579],[14.45599,41.50481],[14.45608,41.50473],[14.4561,41.50466],[14.45551,41.50361],[14.45507,41.50273],[14.45436,41.50161]]},"properties":{}},{"type":"Feature","geometry":{"type":"LineString","coordinates":[[14.43594,41.51063],[14.43544,41.5109]]},"properties":{}},{"type":"Feature","geometry":{"type":"LineString","coordinates":[[14.43648,41.51066],[14.43667,41.51082],[14.43713,41.51107]]},"properties":{}},{"type":"Feature","geometry":{"type":"LineString","coordinates":[[14.45323,41.51261],[14.45318,41.51273],[14.45267,41.51277],[14.45248,41.5127],[14.45225,41.5127],[14.45202,41.51266],[14.45183,41.51269]]},"properties":{}},{"type":"Feature","geometry":{"type":"LineString","coordinates":[[14.48051,41.50923],[14.48071,41.50972],[14.48167,41.50948],[14.48149,41.50899]]},"properties":{}},{"type":"Feature","geometry":{"type":"LineString","coordinates":[[14.48637,41.5031],[14.48662,41.50328],[14.48765,41.50378],[14.48783,41.50395],[14.48855,41.50425],[14.48914,41.50462],[14.48924,41.50464],[14.48952,41.50459],[14.48967,41.50467],[14.49011,41.5051],[14.4904,41.50531],[14.49063,41.50567],[14.49077,41.50583],[14.49158,41.50635],[14.49312,41.50701],[14.49328,41.5072],[14.49357,41.50738],[14.4938,41.50748],[14.49405,41.50781],[14.49418,41.50824],[14.49422,41.50846],[14.49443,41.50889],[14.49451,41.50899],[14.49511,41.50933],[14.49528,41.50946],[14.49553,41.50986],[14.49543,41.51003],[14.49531,41.51038],[14.49508,41.51136],[14.49506,41.51165],[14.49511,41.51182],[14.49531,41.51211],[14.49533,41.51226],[14.49528,41.51245],[14.49465,41.51379],[14.49466,41.51389],[14.49492,41.51409],[14.49512,41.51442],[14.49528,41.5146],[14.49548,41.515],[14.49556,41.51524],[14.49551,41.51602],[14.49538,41.5162],[14.49505,41.51649],[14.49491,41.51669],[14.49488,41.51692],[14.49501,41.51722],[14.49502,41.51733],[14.49464,41.51779],[14.49433,41.51802],[14.49408,41.51833]]},"properties":{}},{"type":"Feature","geometry":{"type":"LineString","coordinates":[[14.46807,41.51109],[14.46834,41.51122]]},"properties":{}},{"type":"Feature","geometry":{"type":"LineString","coordinates":[[14.48025,41.51034],[14.48046,41.51058],[14.48097,41.51098],[14.48109,41.51113],[14.48112,41.51133],[14.48096,41.51151],[14.48018,41.51195],[14.48001,41.51209]]},"properties":{}},{"type":"Feature","geometry":{"type":"LineString","coordinates":[[14.49723,41.51171],[14.49715,41.51189]]},"properties":{}},{"type":"Feature","geometry":{"type":"LineString","coordinates":[[14.47,41.51201],[14.46994,41.51186],[14.46935,41.51201]]},"properties":{}},{"type":"Feature","geometry":{"type":"LineString","coordinates":[[14.49654,41.51214],[14.49666,41.5118]]},"properties":{}},{"type":"Feature","geometry":{"type":"LineString","coordinates":[[14.49515,41.51188],[14.49526,41.51183],[14.49541,41.51163],[14.49558,41.51158],[14.49866,41.51222],[14.49929,41.51241],[14.49976,41.51242],[14.49988,41.51244],[14.5,41.51251]]},"properties":{}},{"type":"Feature","geometry":{"type":"LineString","coordinates":[[14.4884,41.51293],[14.48857,41.51277],[14.4888,41.51265],[14.48926,41.51231],[14.48943,41.51227]]},"properties":{}},{"type":"Feature","geometry":{"type":"LineString","coordinates":[[14.46877,41.51285],[14.46873,41.51274],[14.46936,41.51261]]},"properties":{}},{"type":"Feature","geometry":{"type":"LineString","coordinates":[[14.48105,41.51324],[14.48109,41.51316],[14.48129,41.51321],[14.48134,41.51319],[14.48146,41.51297],[14.48118,41.51287],[14.48114,41.51293]]},"properties":{}},{"type":"Feature","geometry":{"type":"LineString","coordinates":[[14.47009,41.51348],[14.47003,41.51327],[14.46985,41.5133],[14.46973,41.51336],[14.46938,41.5134]]},"properties":{}},{"type":"Feature","geometry":{"type":"LineString","coordinates":[[14.46887,41.51401],[14.46884,41.51385]]},"properties":{}},{"type":"Feature","geometry":{"type":"LineString","coordinates":[[14.46897,41.51383],[14.4682,41.51396],[14.46811,41.51399],[14.468,41.51408],[14.4681,41.51415],[14.46882,41.51405],[14.46887,41.51401],[14.46911,41.51396],[14.46922,41.51386],[14.46939,41.51381]]},"properties":{}},{"type":"Feature","geometry":{"type":"LineString","coordinates":[[14.48275,41.51347],[14.48328,41.51364],[14.48371,41.51372],[14.48482,41.51424],[14.48484,41.51425],[14.48466,41.51451]]},"properties":{}},{"type":"Feature","geometry":{"type":"LineString","coordinates":[[14.47727,41.514],[14.47765,41.5136],[14.47775,41.51355],[14.47784,41.51355],[14.47973,41.51446],[14.47986,41.51446]]},"properties":{}},{"type":"Feature","geometry":{"type":"LineString","coordinates":[[14.48055,41.51418],[14.48066,41.51395],[14.48055,41.51388],[14.4801,41.51388],[14.48006,41.51394],[14.47981,41.51392]]},"properties":{}},{"type":"Feature","geometry":{"type":"LineString","coordinates":[[14.48002,41.51414],[14.48006,41.51394]]},"properties":{}},{"type":"Feature","geometry":{"type":"LineString","coordinates":[[14.48482,41.51424],[14.48489,41.51422],[14.48535,41.51379],[14.48569,41.51388],[14.48571,41.51391],[14.4857,41.51395],[14.48553,41.51402],[14.48524,41.51433],[14.48516,41.51434],[14.48484,41.51425]]},"properties":{}},{"type":"Feature","geometry":{"type":"LineString","coordinates":[[14.47707,41.51414],[14.47727,41.514]]},"properties":{}},{"type":"Feature","geometry":{"type":"LineString","coordinates":[[14.47983,41.51417],[14.48002,41.51414],[14.48025,41.51418],[14.48055,41.51418]]},"properties":{}},{"type":"Feature","geometry":{"type":"LineString","coordinates":[[14.47801,41.51445],[14.4779,41.5144],[14.4779,41.51435],[14.47797,41.51424],[14.47794,41.51419],[14.47741,41.51401],[14.47736,41.51392]]},"properties":{}},{"type":"Feature","geometry":{"type":"LineString","coordinates":[[14.47006,41.51473],[14.47044,41.51427],[14.47047,41.51415],[14.47045,41.51399]]},"properties":{}},{"type":"Feature","geometry":{"type":"LineString","coordinates":[[14.47965,41.51467],[14.47987,41.51466]]},"properties":{}},{"type":"Feature","geometry":{"type":"LineString","coordinates":[[14.48466,41.51451],[14.48425,41.51495],[14.48422,41.51508],[14.48425,41.51512],[14.48485,41.51517]]},"properties":{}},{"type":"Feature","geometry":{"type":"LineString","coordinates":[[14.47031,41.51496],[14.47082,41.51484]]},"properties":{}},{"type":"Feature","geometry":{"type":"LineString","coordinates":[[14.45214,41.51153],[14.45279,41.51154],[14.45283,41.51159],[14.45302,41.51201],[14.45316,41.5121],[14.45687,41.51248],[14.45697,41.51251],[14.45703,41.51263],[14.45721,41.51374],[14.45724,41.51413],[14.45729,41.51425],[14.45766,41.51471],[14.45786,41.51472],[14.45955,41.51435],[14.45976,41.51425],[14.45999,41.51406],[14.46014,41.51398],[14.46177,41.51356]]},"properties":{}},{"type":"Feature","geometry":{"type":"LineString","coordinates":[[14.43513,41.5153],[14.43434,41.51491],[14.43381,41.51454],[14.43239,41.51317],[14.43204,41.51287],[14.43193,41.51269]]},"properties":{}},{"type":"Feature","geometry":{"type":"LineString","coordinates":[[14.43723,41.51102],[14.43884,41.51191],[14.43969,41.51225],[14.4407,41.51257],[14.44309,41.51411],[14.44392,41.51477],[14.44454,41.51518],[14.44563,41.51583],[14.44638,41.5162],[14.44726,41.5168],[14.44805,41.51727],[14.44836,41.5174],[14.44907,41.51753],[14.4502,41.51766],[14.45061,41.51775],[14.45095,41.51778],[14.45123,41.51774]]},"properties":{}},{"type":"Feature","geometry":{"type":"LineString","coordinates":[[14.45116,41.51471],[14.4516,41.51462]]},"properties":{}},{"type":"Feature","geometry":{"type":"LineString","coordinates":[[14.45126,41.51604],[14.4513,41.51609],[14.45168,41.51594]]},"properties":{}},{"type":"Feature","geometry":{"type":"LineString","coordinates":[[14.45135,41.51725],[14.45088,41.51708],[14.45088,41.51705],[14.45119,41.51699],[14.45129,41.517]]},"properties":{}},{"type":"Feature","geometry":{"type":"LineString","coordinates":[[14.452,41.52083],[14.45303,41.52057],[14.4536,41.52053],[14.45416,41.52031],[14.45489,41.52014],[14.45675,41.51977],[14.45791,41.51961],[14.45975,41.51918],[14.46122,41.51878],[14.46364,41.5183],[14.46397,41.51819]]},"properties":{}},{"type":"Feature","geometry":{"type":"LineString","coordinates":[[14.39268,41.51992],[14.39268,41.52002],[14.39255,41.52025],[14.39283,41.52029],[14.39292,41.51996],[14.39268,41.51992]]},"properties":{}},{"type":"Feature","geometry":{"type":"LineString","coordinates":[[14.39199,41.52067],[14.39216,41.52078],[14.39241,41.52061],[14.39245,41.52064],[14.39249,41.52062],[14.39226,41.52059],[14.39228,41.52029],[14.39253,41.5203],[14.39264,41.5201],[14.3923,41.52008],[14.3923,41.52022],[14.39218,41.52021],[14.39218,41.52042],[14.3921,41.52043],[14.39201,41.52042],[14.39203,41.52007],[14.3919,41.52006],[14.39183,41.52035],[14.39184,41.52045],[14.39189,41.52055],[14.39191,41.52058],[14.39217,41.52056],[14.39216,41.52051],[14.39222,41.52051],[14.39223,41.52055],[14.39222,41.5206],[14.39213,41.52061],[14.39214,41.52065],[14.39199,41.52067]]},"properties":{}},{"type":"Feature","geometry":{"type":"LineString","coordinates":[[14.39248,41.5206],[14.39253,41.5203],[14.3925,41.5203],[14.39248,41.5206]]},"properties":{}},{"type":"Feature","geometry":{"type":"LineString","coordinates":[[14.47973,41.51292],[14.48241,41.51356],[14.48253,41.51357],[14.48275,41.51347],[14.48339,41.51274],[14.48414,41.51206],[14.48428,41.51197],[14.48491,41.51173],[14.48513,41.51173],[14.48559,41.51195],[14.48586,41.51203],[14.48652,41.51217],[14.48712,41.51225],[14.48803,41.51268],[14.48869,41.51312],[14.48916,41.51333],[14.48945,41.51352],[14.49048,41.51441],[14.49049,41.51451],[14.49004,41.51479],[14.48992,41.51495],[14.48993,41.51502],[14.49003,41.51516],[14.49211,41.51704],[14.49341,41.51772],[14.49361,41.51786],[14.4939,41.51818],[14.49404,41.5183]]},"properties":{}},{"type":"Feature","geometry":{"type":"LineString","coordinates":[[14.46944,41.51489],[14.47006,41.51473],[14.47054,41.51517],[14.47034,41.51526],[14.47026,41.51533],[14.47025,41.5154]]},"properties":{}},{"type":"Feature","geometry":{"type":"LineString","coordinates":[[14.47054,41.51517],[14.47072,41.51509],[14.47105,41.51508],[14.47112,41.51505],[14.47113,41.51498]]},"properties":{}},{"type":"Feature","geometry":{"type":"LineString","coordinates":[[14.48406,41.51533],[14.48415,41.51535]]},"properties":{}},{"type":"Feature","geometry":{"type":"LineString","coordinates":[[14.48396,41.51539],[14.48404,41.51541],[14.48421,41.51532]]},"properties":{}},{"type":"Feature","geometry":{"type":"LineString","coordinates":[[14.48388,41.5158],[14.48407,41.5158],[14.48411,41.51575],[14.48425,41.51512]]},"properties":{}},{"type":"Feature","geometry":{"type":"LineString","coordinates":[[14.47988,41.51563],[14.48036,41.51562],[14.48035,41.51572]]},"properties":{}},{"type":"Feature","geometry":{"type":"LineString","coordinates":[[14.47115,41.51567],[14.47046,41.51572]]},"properties":{}},{"type":"Feature","geometry":{"type":"LineString","coordinates":[[14.49446,41.51962],[14.49498,41.51955],[14.49528,41.51945],[14.49571,41.51919],[14.49614,41.51886],[14.49638,41.51863],[14.4969,41.51828],[14.49712,41.51819],[14.49767,41.51806],[14.49789,41.51798],[14.49865,41.51743],[14.49932,41.51716],[14.49952,41.51691],[14.4998,41.51673],[14.5,41.51653]]},"properties":{}},{"type":"Feature","geometry":{"type":"LineString","coordinates":[[14.47123,41.51692],[14.47147,41.51687],[14.47158,41.51674],[14.47175,41.51674],[14.47181,41.51678]]},"properties":{}},{"type":"Feature","geometry":{"type":"LineString","coordinates":[[14.47025,41.5154],[14.47091,41.51641],[14.47132,41.51712],[14.4718,41.5197]]},"properties":{}},{"type":"Feature","geometry":{"type":"LineString","coordinates":[[14.47223,41.51752],[14.47142,41.51759]]},"properties":{}},{"type":"Feature","geometry":{"type":"LineString","coordinates":[[14.47897,41.51758],[14.47903,41.51751],[14.47955,41.51776]]},"properties":{}},{"type":"Feature","geometry":{"type":"LineString","coordinates":[[14.46202,41.51462],[14.46322,41.51709],[14.46371,41.51788],[14.4639,41.51815],[14.46397,41.51819],[14.46662,41.51835],[14.46705,41.51832],[14.46744,41.51834],[14.46814,41.51846],[14.46911,41.51888],[14.47372,41.52024],[14.47511,41.52041],[14.47632,41.52042],[14.47746,41.521],[14.47786,41.52113]]},"properties":{}},{"type":"Feature","geometry":{"type":"LineString","coordinates":[[14.47889,41.51796],[14.47936,41.51814]]},"properties":{}},{"type":"Feature","geometry":{"type":"LineString","coordinates":[[14.47754,41.51821],[14.47909,41.51859]]},"properties":{}},{"type":"Feature","geometry":{"type":"LineString","coordinates":[[14.47172,41.51921],[14.47185,41.51893],[14.47178,41.51827],[14.47271,41.51822],[14.47268,41.51772]]},"properties":{}},{"type":"Feature","geometry":{"type":"LineString","coordinates":[[14.49404,41.5183],[14.49424,41.51844],[14.49432,41.51857],[14.4944,41.51903],[14.4944,41.51946],[14.49446,41.51962]]},"properties":{}},{"type":"Feature","geometry":{"type":"LineString","coordinates":[[14.44948,41.52179],[14.45152,41.52124],[14.45189,41.52106],[14.452,41.52089],[14.45203,41.51987]]},"properties":{}},{"type":"Feature","geometry":{"type":"LineString","coordinates":[[14.39221,41.5208],[14.39267,41.52105],[14.3927,41.52099],[14.39266,41.52091],[14.39268,41.52076],[14.39249,41.52062],[14.39221,41.5208]]},"properties":{}},{"type":"Feature","geometry":{"type":"LineString","coordinates":[[14.39197,41.5208],[14.39189,41.52089],[14.39201,41.52097],[14.39211,41.52094],[14.39206,41.52084],[14.39197,41.5208]]},"properties":{}},{"type":"Feature","geometry":{"type":"LineString","coordinates":[[14.39338,41.52139],[14.3934,41.521],[14.39331,41.52099]]},"properties":{}},{"type":"Feature","geometry":{"type":"LineString","coordinates":[[14.39417,41.52143],[14.39456,41.52132]]},"properties":{}},{"type":"Feature","geometry":{"type":"LineString","coordinates":[[14.39426,41.52143],[14.39425,41.52141]]},"properties":{}},{"type":"Feature","geometry":{"type":"LineString","coordinates":[[14.39242,41.5214],[14.39232,41.52139],[14.39209,41.52145],[14.39212,41.52149],[14.39198,41.52155],[14.39206,41.52157],[14.39249,41.52153],[14.39242,41.5214]]},"properties":{}},{"type":"Feature","geometry":{"type":"LineString","coordinates":[[14.39341,41.52157],[14.39338,41.52139]]},"properties":{}},{"type":"Feature","geometry":{"type":"LineString","coordinates":[[14.39198,41.52155],[14.3919,41.52145],[14.39172,41.52153],[14.39178,41.52157],[14.39187,41.52171],[14.39208,41.52164],[14.39206,41.52157],[14.39198,41.52155]]},"properties":{}},{"type":"Feature","geometry":{"type":"LineString","coordinates":[[14.39367,41.52166],[14.39393,41.52182],[14.39398,41.5218],[14.39392,41.52169],[14.39367,41.52166]]},"properties":{}},{"type":"Feature","geometry":{"type":"LineString","coordinates":[[14.46692,41.51915],[14.46777,41.51909],[14.4679,41.5188]]},"properties":{}},{"type":"Feature","geometry":{"type":"LineString","coordinates":[[14.47264,41.51994],[14.47281,41.5196]]},"properties":{}},{"type":"Feature","geometry":{"type":"LineString","coordinates":[[14.47624,41.51961],[14.47722,41.52003],[14.47728,41.52014],[14.47776,41.52032]]},"properties":{}},{"type":"Feature","geometry":{"type":"LineString","coordinates":[[14.4764,41.52045],[14.47648,41.52037],[14.47717,41.52046],[14.47737,41.52046],[14.47755,41.52042],[14.47827,41.52009]]},"properties":{}},{"type":"Feature","geometry":{"type":"LineString","coordinates":[[14.47474,41.52018],[14.4752,41.52041]]},"properties":{}},{"type":"Feature","geometry":{"type":"LineString","coordinates":[[14.49446,41.51962],[14.49437,41.51975],[14.4943,41.51994],[14.49427,41.52031],[14.4942,41.52045],[14.49394,41.52078],[14.49386,41.52115],[14.49355,41.52182],[14.49332,41.52204],[14.49316,41.52214],[14.49304,41.52215],[14.49254,41.52201]]},"properties":{}},{"type":"Feature","geometry":{"type":"LineString","coordinates":[[14.48901,41.52099],[14.48909,41.52099],[14.48921,41.52089],[14.48939,41.52099],[14.4894,41.52107],[14.48937,41.52117],[14.48905,41.52142]]},"properties":{}},{"type":"Feature","geometry":{"type":"LineString","coordinates":[[14.48734,41.51978],[14.48778,41.51982],[14.48785,41.51986],[14.48863,41.52062],[14.48892,41.52079],[14.48896,41.52084],[14.48901,41.52099],[14.48886,41.52111],[14.48883,41.52118],[14.48886,41.52127],[14.48908,41.52145],[14.49021,41.5227],[14.4903,41.52285],[14.49056,41.5231],[14.49069,41.52318]]},"properties":{}},{"type":"Feature","geometry":{"type":"LineString","coordinates":[[14.5,41.51943],[14.49976,41.51952],[14.4996,41.51962],[14.49945,41.51976],[14.49936,41.51993],[14.49954,41.52057],[14.49955,41.52074],[14.49945,41.52135],[14.49943,41.5218],[14.49946,41.52208],[14.49957,41.52253],[14.4995,41.52288],[14.49975,41.52335],[14.49981,41.52368],[14.49981,41.52423],[14.4997,41.52457],[14.49942,41.52513],[14.49941,41.52529],[14.49977,41.52617],[14.5,41.52697]]},"properties":{}},{"type":"Feature","geometry":{"type":"LineString","coordinates":[[14.46738,41.52231],[14.46798,41.52235]]},"properties":{}},{"type":"Feature","geometry":{"type":"LineString","coordinates":[[14.49254,41.52201],[14.49235,41.52201],[14.4918,41.52216],[14.49167,41.52223],[14.49069,41.52318]]},"properties":{}},{"type":"Feature","geometry":{"type":"LineString","coordinates":[[14.46834,41.51122],[14.469,41.5115],[14.46918,41.51161],[14.46929,41.51174],[14.46934,41.51193],[14.46939,41.51389],[14.46945,41.51497],[14.46941,41.51518],[14.46932,41.51533],[14.46688,41.51822],[14.46682,41.51834],[14.46684,41.51875],[14.46695,41.51933],[14.46721,41.52013],[14.46748,41.52168],[14.46748,41.52188],[14.4674,41.52227],[14.46491,41.52912],[14.46491,41.52919],[14.46497,41.5293],[14.4651,41.52941],[14.46667,41.53016],[14.4675,41.53049],[14.47161,41.5319],[14.47203,41.5321],[14.47253,41.5324],[14.47296,41.53279],[14.47301,41.53298],[14.47296,41.53324],[14.47283,41.53341],[14.47199,41.53386],[14.47183,41.53405],[14.47181,41.53421],[14.4719,41.53434],[14.47251,41.53473],[14.47271,41.53479],[14.47336,41.53464],[14.4736,41.5347],[14.47414,41.53503],[14.47435,41.53508],[14.47453,41.535],[14.47516,41.53409],[14.47526,41.53403],[14.47542,41.534],[14.47583,41.53402]]},"properties":{}},{"type":"Feature","geometry":{"type":"LineString","coordinates":[[14.4873,41.52364],[14.48745,41.52345],[14.48751,41.52344],[14.48772,41.52351],[14.48778,41.52349],[14.48783,41.52341],[14.488,41.52336]]},"properties":{}},{"type":"Feature","geometry":{"type":"LineString","coordinates":[[14.48772,41.52351],[14.48773,41.52369]]},"properties":{}},{"type":"Feature","geometry":{"type":"LineString","coordinates":[[14.48653,41.52403],[14.487,41.52374],[14.48723,41.52363],[14.4873,41.52364],[14.48729,41.52385],[14.48723,41.52398],[14.48708,41.52408]]},"properties":{}},{"type":"Feature","geometry":{"type":"LineString","coordinates":[[14.47819,41.52033],[14.47843,41.52054],[14.47849,41.52077],[14.47844,41.52119],[14.47845,41.52145],[14.47858,41.5216],[14.47879,41.52164],[14.47904,41.52156],[14.47973,41.52108],[14.48022,41.52094],[14.48087,41.52081],[14.48116,41.52083],[14.48144,41.52096],[14.48161,41.52114],[14.48168,41.52137],[14.48161,41.52154],[14.48131,41.52187],[14.48105,41.52222],[14.4807,41.52277],[14.48068,41.52291],[14.48083,41.52301],[14.48104,41.52301],[14.48346,41.52275],[14.4837,41.5228],[14.48393,41.52293],[14.48461,41.52352],[14.4852,41.52425],[14.48547,41.5247],[14.48545,41.52484],[14.48539,41.52497],[14.48513,41.52531],[14.48514,41.52543],[14.48525,41.5255],[14.48547,41.52551],[14.48599,41.52534],[14.48608,41.52521],[14.4861,41.52504],[14.48607,41.52444],[14.48612,41.52429],[14.48628,41.52416],[14.48646,41.52405],[14.48667,41.52401],[14.48688,41.524],[14.48708,41.52408],[14.48716,41.52417],[14.48715,41.5243],[14.4871,41.52438],[14.48676,41.52466],[14.48673,41.52478],[14.4871,41.52586],[14.48712,41.52597],[14.48696,41.52663],[14.48701,41.52679],[14.48712,41.52694],[14.48754,41.52735],[14.48772,41.5274],[14.48788,41.52737]]},"properties":{}},{"type":"Feature","geometry":{"type":"LineString","coordinates":[[14.46529,41.52396],[14.4668,41.5239]]},"properties":{}},{"type":"Feature","geometry":{"type":"LineString","coordinates":[[14.46529,41.52406],[14.46558,41.52401],[14.46638,41.52399],[14.46675,41.52405]]},"properties":{}},{"type":"Feature","geometry":{"type":"LineString","coordinates":[[14.46527,41.52435],[14.46529,41.52396]]},"properties":{}},{"type":"Feature","geometry":{"type":"LineString","coordinates":[[14.3926,41.52193],[14.39217,41.522],[14.39218,41.52195],[14.39228,41.52194],[14.39228,41.5218],[14.39207,41.52177],[14.39241,41.52172],[14.39242,41.52177],[14.39249,41.52176],[14.39248,41.52171],[14.39255,41.5217],[14.39262,41.52193],[14.3926,41.52193]]},"properties":{}},{"type":"Feature","geometry":{"type":"LineString","coordinates":[[14.44888,41.52392],[14.44888,41.52384],[14.44876,41.52367],[14.44877,41.5233],[14.44903,41.52321],[14.44907,41.52301],[14.449,41.52282],[14.449,41.52249],[14.44888,41.52229],[14.44884,41.52214]]},"properties":{}},{"type":"Feature","geometry":{"type":"LineString","coordinates":[[14.45355,41.52053],[14.4535,41.5206],[14.45348,41.52085],[14.45369,41.52255],[14.45362,41.52274],[14.45343,41.52298],[14.45319,41.52338],[14.45313,41.52368],[14.45319,41.524],[14.45335,41.52445],[14.45357,41.52493],[14.4538,41.52528],[14.45399,41.52551],[14.45405,41.52575],[14.45405,41.52596]]},"properties":{}},{"type":"Feature","geometry":{"type":"LineString","coordinates":[[14.44093,41.52411],[14.44089,41.52426],[14.44062,41.52467],[14.44064,41.5248],[14.44077,41.52486]]},"properties":{}},{"type":"Feature","geometry":{"type":"LineString","coordinates":[[14.4416,41.52487],[14.44151,41.52471],[14.44155,41.52465],[14.44168,41.52462],[14.44176,41.52467],[14.44237,41.5242]]},"properties":{}},{"type":"Feature","geometry":{"type":"LineString","coordinates":[[14.46278,41.52471],[14.46325,41.52486]]},"properties":{}},{"type":"Feature","geometry":{"type":"LineString","coordinates":[[14.45906,41.52552],[14.4592,41.5245],[14.45923,41.52441],[14.45931,41.52436]]},"properties":{}},{"type":"Feature","geometry":{"type":"LineString","coordinates":[[14.45235,41.52541],[14.45282,41.52515],[14.45353,41.52485]]},"properties":{}},{"type":"Feature","geometry":{"type":"LineString","coordinates":[[14.46156,41.52709],[14.46142,41.52684],[14.46126,41.52637],[14.4612,41.52627],[14.46049,41.52543],[14.46007,41.52485],[14.45988,41.52465],[14.45948,41.52451],[14.45931,41.52436],[14.45902,41.52371],[14.45893,41.52358],[14.45885,41.52351]]},"properties":{}},{"type":"Feature","geometry":{"type":"LineString","coordinates":[[14.46436,41.52675],[14.46447,41.52673],[14.4646,41.5266],[14.46467,41.52643],[14.46468,41.52636],[14.4646,41.52606],[14.46468,41.52578],[14.4649,41.52566],[14.46502,41.52555],[14.46499,41.52537],[14.4648,41.52496],[14.46483,41.52417],[14.46474,41.52409],[14.46396,41.52411],[14.46337,41.52419],[14.46319,41.52427],[14.46307,41.52441],[14.46299,41.52458],[14.463,41.52466],[14.46304,41.52472],[14.46317,41.52478],[14.46332,41.52492],[14.46355,41.52523],[14.46356,41.52534],[14.46348,41.52573],[14.46349,41.52588],[14.4636,41.52602],[14.46393,41.52622],[14.46405,41.52632],[14.46417,41.52667],[14.46423,41.52673],[14.46436,41.52675]]},"properties":{}},{"type":"Feature","geometry":{"type":"LineString","coordinates":[[14.49069,41.52318],[14.49065,41.52325],[14.49063,41.52347],[14.49057,41.52356],[14.49004,41.524],[14.48952,41.5245],[14.48912,41.525],[14.48908,41.52511],[14.48915,41.52525]]},"properties":{}},{"type":"Feature","geometry":{"type":"LineString","coordinates":[[14.47954,41.5256],[14.47973,41.52565]]},"properties":{}},{"type":"Feature","geometry":{"type":"LineString","coordinates":[[14.47973,41.52565],[14.47989,41.5257],[14.48006,41.52567],[14.48021,41.5255],[14.48034,41.52516],[14.48008,41.5251],[14.48002,41.52514],[14.47988,41.52554],[14.47973,41.52565]]},"properties":{}},{"type":"Feature","geometry":{"type":"LineString","coordinates":[[14.48028,41.52535],[14.48042,41.52557]]},"properties":{}},{"type":"Feature","geometry":{"type":"LineString","coordinates":[[14.47918,41.52583],[14.47954,41.5256],[14.47958,41.5255],[14.47956,41.5254],[14.47946,41.52534],[14.4793,41.5253],[14.47899,41.52528]]},"properties":{}},{"type":"Feature","geometry":{"type":"LineString","coordinates":[[14.47164,41.51964],[14.47154,41.51972],[14.47147,41.51995],[14.47149,41.52014],[14.47201,41.52093],[14.47266,41.52226],[14.47287,41.52283],[14.47307,41.52367],[14.47363,41.52543],[14.47385,41.52631],[14.47426,41.52858],[14.47491,41.52936],[14.47505,41.52966],[14.47523,41.52992],[14.47569,41.53044],[14.47587,41.53056],[14.4764,41.53069],[14.47669,41.53099],[14.47682,41.53123],[14.47687,41.53142],[14.47684,41.53155],[14.47647,41.53223],[14.47647,41.53239],[14.47641,41.53254],[14.47641,41.53268]]},"properties":{}},{"type":"Feature","geometry":{"type":"LineString","coordinates":[[14.48788,41.52737],[14.488,41.52727],[14.48872,41.52632],[14.48915,41.52525]]},"properties":{}},{"type":"Feature","geometry":{"type":"LineString","coordinates":[[14.46544,41.52644],[14.46585,41.52652]]},"properties":{}},{"type":"Feature","geometry":{"type":"LineString","coordinates":[[14.46468,41.52784],[14.46475,41.5277],[14.4649,41.52692],[14.4648,41.52669],[14.46457,41.52663]]},"properties":{}},{"type":"Feature","geometry":{"type":"LineString","coordinates":[[14.46534,41.52876],[14.46533,41.52859],[14.46513,41.52852]]},"properties":{}},{"type":"Feature","geometry":{"type":"LineString","coordinates":[[14.46548,41.52908],[14.46557,41.52893]]},"properties":{}},{"type":"Feature","geometry":{"type":"LineString","coordinates":[[14.46143,41.52734],[14.46249,41.52533],[14.46288,41.52451],[14.463,41.52434],[14.46312,41.52424],[14.46345,41.52412],[14.46383,41.52407],[14.46529,41.52396]]},"properties":{}},{"type":"Feature","geometry":{"type":"LineString","coordinates":[[14.44907,41.52582],[14.44897,41.52585],[14.44901,41.52676],[14.44899,41.5274]]},"properties":{}},{"type":"Feature","geometry":{"type":"LineString","coordinates":[[14.44313,41.5244],[14.44338,41.5244],[14.44382,41.52454],[14.44451,41.52485],[14.44508,41.52518],[14.44592,41.52599],[14.44601,41.52613],[14.44655,41.52669],[14.44666,41.52675],[14.44779,41.52705],[14.44903,41.52742],[14.45028,41.52852],[14.45068,41.52878],[14.45106,41.52889],[14.45138,41.52891],[14.4525,41.52879],[14.45285,41.52878]]},"properties":{}},{"type":"Feature","geometry":{"type":"LineString","coordinates":[[14.41593,41.53196],[14.41621,41.53171],[14.41648,41.53114],[14.41667,41.53098],[14.41702,41.53083],[14.41754,41.53072],[14.41817,41.53074],[14.41914,41.53084],[14.41972,41.53085],[14.42159,41.5308],[14.42193,41.53073],[14.42337,41.53027],[14.42365,41.53022],[14.42411,41.5302],[14.42444,41.53013],[14.42602,41.52944],[14.42635,41.52932],[14.42908,41.52897],[14.42948,41.52889],[14.43076,41.52835],[14.43113,41.52817],[14.43199,41.52764],[14.43229,41.52751],[14.43447,41.52711],[14.43511,41.52678],[14.43718,41.52553],[14.43746,41.5254],[14.43784,41.52538],[14.43849,41.52545],[14.43877,41.52541],[14.43891,41.52534],[14.43933,41.5247],[14.43963,41.52454],[14.44095,41.52411],[14.44128,41.52403],[14.44163,41.52406],[14.44208,41.52417],[14.44248,41.52421],[14.44383,41.52382],[14.44523,41.52335],[14.44596,41.52317],[14.44763,41.5229],[14.44788,41.52279],[14.44916,41.52193],[14.44948,41.52179]]},"properties":{}},{"type":"Feature","geometry":{"type":"LineString","coordinates":[[14.46075,41.52821],[14.46087,41.52797],[14.46113,41.52789],[14.46143,41.52734]]},"properties":{}},{"type":"Feature","geometry":{"type":"LineString","coordinates":[[14.43577,41.52862],[14.43616,41.52849]]},"properties":{}},{"type":"Feature","geometry":{"type":"LineString","coordinates":[[14.46491,41.52916],[14.46383,41.52983],[14.46365,41.52979],[14.46327,41.52937],[14.46305,41.52918],[14.46301,41.52911],[14.463,41.52901],[14.46343,41.5285],[14.46354,41.52828],[14.46357,41.52818],[14.46355,41.52807],[14.46348,41.52798],[14.4634,41.5279],[14.46313,41.52775],[14.46171,41.52732],[14.46157,41.52731],[14.46143,41.52734]]},"properties":{}},{"type":"Feature","geometry":{"type":"LineString","coordinates":[[14.45417,41.52897],[14.45603,41.5288],[14.45749,41.52861],[14.45858,41.52871],[14.45875,41.52875],[14.45907,41.52891],[14.45931,41.52896],[14.45981,41.52899],[14.46031,41.52898],[14.46054,41.52902],[14.46079,41.52898],[14.462,41.52899],[14.46236,41.52891],[14.46277,41.52875],[14.46286,41.52877],[14.46293,41.52884],[14.463,41.52901]]},"properties":{}},{"type":"Feature","geometry":{"type":"LineString","coordinates":[[14.45411,41.52898],[14.45431,41.52887],[14.45466,41.52883],[14.45471,41.5288],[14.4547,41.52875],[14.45464,41.52873],[14.4543,41.52875]]},"properties":{}},{"type":"Feature","geometry":{"type":"LineString","coordinates":[[14.45287,41.52882],[14.45328,41.52891],[14.4538,41.52899],[14.45417,41.52897]]},"properties":{}},{"type":"Feature","geometry":{"type":"LineString","coordinates":[[14.46498,41.52894],[14.46548,41.52908],[14.46573,41.5291]]},"properties":{}},{"type":"Feature","geometry":{"type":"LineString","coordinates":[[14.46595,41.52981],[14.46595,41.52973],[14.46571,41.52938],[14.46568,41.52915],[14.46582,41.52904],[14.4663,41.52839],[14.46655,41.52826],[14.46685,41.5284]]},"properties":{}},{"type":"Feature","geometry":{"type":"LineString","coordinates":[[14.46622,41.52929],[14.46576,41.52908]]},"properties":{}},{"type":"Feature","geometry":{"type":"LineString","coordinates":[[14.47666,41.52885],[14.47723,41.52953]]},"properties":{}},{"type":"Feature","geometry":{"type":"LineString","coordinates":[[14.48915,41.52525],[14.48923,41.52518],[14.48941,41.52515],[14.49064,41.5252],[14.4921,41.52501],[14.4923,41.52501],[14.49314,41.52513],[14.49412,41.52519],[14.49437,41.52514],[14.49494,41.52483],[14.49511,41.52478],[14.49534,41.52481],[14.49575,41.52494],[14.49668,41.5249],[14.49687,41.52493],[14.497,41.52501],[14.49704,41.52514],[14.49703,41.52529],[14.49689,41.52595],[14.49692,41.52606],[14.49704,41.52619],[14.49717,41.52626],[14.49798,41.52651],[14.4984,41.52669],[14.5,41.52757]]},"properties":{}},{"type":"Feature","geometry":{"type":"LineString","coordinates":[[14.5,41.53053],[14.49882,41.53124],[14.4987,41.53135],[14.49868,41.53153],[14.49889,41.53218],[14.49888,41.53233],[14.49785,41.533],[14.49766,41.53349],[14.49743,41.53381]]},"properties":{}},{"type":"Feature","geometry":{"type":"LineString","coordinates":[[14.46479,41.52923],[14.46469,41.52951],[14.46449,41.52977],[14.46611,41.53044],[14.4667,41.53058]]},"properties":{}},{"type":"Feature","geometry":{"type":"LineString","coordinates":[[14.46636,41.5305],[14.46646,41.53027],[14.46651,41.53025],[14.46685,41.53029]]},"properties":{}},{"type":"Feature","geometry":{"type":"LineString","coordinates":[[14.46428,41.53036],[14.46608,41.53091]]},"properties":{}},{"type":"Feature","geometry":{"type":"LineString","coordinates":[[14.46799,41.5311],[14.46809,41.53094],[14.46715,41.53061],[14.46695,41.53065],[14.4667,41.53058]]},"properties":{}},{"type":"Feature","geometry":{"type":"LineString","coordinates":[[14.46838,41.53096],[14.46848,41.53083]]},"properties":{}},{"type":"Feature","geometry":{"type":"LineString","coordinates":[[14.43483,41.53102],[14.43501,41.53092],[14.43516,41.53079],[14.43567,41.53061],[14.43581,41.53052],[14.4359,41.53041],[14.43617,41.53019],[14.43633,41.52927],[14.43629,41.52915],[14.43619,41.52904],[14.4354,41.52829],[14.43496,41.52779],[14.43449,41.52737],[14.43436,41.52713]]},"properties":{}},{"type":"Feature","geometry":{"type":"LineString","coordinates":[[14.45387,41.52922],[14.45394,41.52899]]},"properties":{}},{"type":"Feature","geometry":{"type":"LineString","coordinates":[[14.45955,41.52927],[14.45953,41.52929],[14.45957,41.52932],[14.46038,41.52921],[14.46057,41.52909],[14.46076,41.52907],[14.46098,41.52897]]},"properties":{}},{"type":"Feature","geometry":{"type":"LineString","coordinates":[[14.4589,41.52941],[14.45898,41.52933],[14.45958,41.52926],[14.45986,41.52917],[14.46054,41.52902]]},"properties":{}},{"type":"Feature","geometry":{"type":"LineString","coordinates":[[14.46138,41.52967],[14.46129,41.5296],[14.46101,41.5295],[14.46095,41.52939]]},"properties":{}},{"type":"Feature","geometry":{"type":"LineString","coordinates":[[14.46182,41.52978],[14.46157,41.52988],[14.46138,41.52967],[14.46126,41.52974],[14.46112,41.52974],[14.46099,41.52981],[14.46074,41.52977],[14.4607,41.5297],[14.4605,41.52965],[14.46047,41.52962],[14.46047,41.52952],[14.4602,41.52958],[14.46006,41.52957],[14.46002,41.52952],[14.4601,41.52942],[14.46029,41.52931],[14.46038,41.52921]]},"properties":{}},{"type":"Feature","geometry":{"type":"LineString","coordinates":[[14.45993,41.53013],[14.46005,41.53009],[14.46035,41.52988],[14.46055,41.52979],[14.46073,41.52975]]},"properties":{}},{"type":"Feature","geometry":{"type":"LineString","coordinates":[[14.46443,41.53281],[14.4642,41.53269],[14.4636,41.53224],[14.4635,41.53222],[14.46318,41.53225],[14.46311,41.53219],[14.46307,41.53154],[14.46362,41.53033],[14.46368,41.53014],[14.46387,41.52981]]},"properties":{}},{"type":"Feature","geometry":{"type":"LineString","coordinates":[[14.42832,41.53366],[14.42844,41.53357],[14.429,41.53245],[14.4291,41.53232],[14.42973,41.53186],[14.42984,41.53175],[14.4299,41.53162],[14.42992,41.53149],[14.42963,41.53028],[14.42957,41.52987],[14.42944,41.52947],[14.42917,41.52895]]},"properties":{}},{"type":"Feature","geometry":{"type":"LineString","coordinates":[[14.41779,41.53073],[14.41786,41.53116],[14.41778,41.53147],[14.41782,41.53154],[14.41789,41.53156],[14.41779,41.53168],[14.41777,41.5318],[14.41771,41.53189]]},"properties":{}},{"type":"Feature","geometry":{"type":"LineString","coordinates":[[14.46846,41.53109],[14.46866,41.5309]]},"properties":{}},{"type":"Feature","geometry":{"type":"LineString","coordinates":[[14.46558,41.53157],[14.46571,41.53134]]},"properties":{}},{"type":"Feature","geometry":{"type":"LineString","coordinates":[[14.46544,41.53117],[14.46626,41.53146],[14.46631,41.53139],[14.46728,41.53176],[14.4672,41.5319]]},"properties":{}},{"type":"Feature","geometry":{"type":"LineString","coordinates":[[14.47054,41.53175],[14.47065,41.53156]]},"properties":{}},{"type":"Feature","geometry":{"type":"LineString","coordinates":[[14.46654,41.5331],[14.46592,41.53287],[14.46587,41.53293],[14.46555,41.53281],[14.46545,41.53269],[14.46492,41.53248],[14.46475,41.53239],[14.4647,41.53227],[14.46475,41.53216],[14.4649,41.53207],[14.46585,41.53185],[14.46593,41.53178],[14.46596,41.53162],[14.46588,41.53149],[14.46544,41.53117],[14.46549,41.53104],[14.46568,41.53093],[14.46659,41.53087],[14.46668,41.53079],[14.4667,41.53058],[14.46688,41.53024]]},"properties":{}},{"type":"Feature","geometry":{"type":"LineString","coordinates":[[14.47291,41.53273],[14.47298,41.53254],[14.4735,41.53154],[14.47369,41.53129]]},"properties":{}},{"type":"Feature","geometry":{"type":"LineString","coordinates":[[14.46553,41.53211],[14.46528,41.53198]]},"properties":{}},{"type":"Feature","geometry":{"type":"LineString","coordinates":[[14.46694,41.53231],[14.46703,41.53219],[14.46592,41.53179]]},"properties":{}},{"type":"Feature","geometry":{"type":"LineString","coordinates":[[14.46509,41.5323],[14.46478,41.53214]]},"properties":{}},{"type":"Feature","geometry":{"type":"LineString","coordinates":[[14.47496,41.53365],[14.47489,41.53372],[14.47499,41.53376],[14.47515,41.53373],[14.47522,41.53368],[14.47528,41.5335],[14.47536,41.53341],[14.47562,41.5333]]},"properties":{}},{"type":"Feature","geometry":{"type":"LineString","coordinates":[[14.45446,41.53202],[14.45465,41.53187],[14.4549,41.53155],[14.45527,41.53118],[14.45525,41.53112],[14.45538,41.53104],[14.45558,41.53108]]},"properties":{}},{"type":"Feature","geometry":{"type":"LineString","coordinates":[[14.43291,41.53382],[14.43274,41.53366],[14.43259,41.53359],[14.43219,41.53356],[14.43073,41.53363],[14.43005,41.53362],[14.42923,41.5338],[14.42859,41.53387],[14.42845,41.5338],[14.4282,41.53355],[14.42774,41.53323],[14.42743,41.53313],[14.42722,41.53311],[14.42682,41.53312],[14.42633,41.53333],[14.42541,41.53354],[14.42514,41.53355],[14.42488,41.53349],[14.42471,41.53338],[14.42429,41.53295],[14.42392,41.53277],[14.42384,41.53262],[14.42388,41.53256],[14.42389,41.5312],[14.42407,41.5302]]},"properties":{}},{"type":"Feature","geometry":{"type":"LineString","coordinates":[[14.45747,41.54384],[14.45742,41.54353],[14.45724,41.54298],[14.45722,41.54146],[14.45718,41.54118],[14.45692,41.53991],[14.45668,41.53925],[14.45658,41.53866],[14.4566,41.53845],[14.45652,41.53801],[14.45651,41.53758],[14.4563,41.53697],[14.45629,41.53679],[14.45638,41.53586],[14.45632,41.53561],[14.45623,41.53543],[14.45612,41.53488],[14.45586,41.53411],[14.45565,41.5337],[14.45512,41.53295],[14.45481,41.53237],[14.45464,41.53216],[14.45438,41.53197],[14.45415,41.53167],[14.45409,41.53152],[14.45401,41.53087],[14.45391,41.53053],[14.45314,41.52939],[14.45268,41.52839],[14.45262,41.52803],[14.45263,41.5277],[14.4527,41.52751],[14.45392,41.52607],[14.45415,41.52586],[14.45456,41.52563],[14.45494,41.52545],[14.45517,41.52539],[14.45654,41.52508],[14.45753,41.52491],[14.45809,41.52475],[14.45821,41.52464],[14.45882,41.5237],[14.45885,41.5236],[14.45885,41.5235],[14.4586,41.52298],[14.45854,41.5229],[14.45786,41.52241],[14.45773,41.52235],[14.45618,41.52194],[14.45471,41.52099],[14.45457,41.52077],[14.45436,41.52028]]},"properties":{}},{"type":"Feature","geometry":{"type":"LineString","coordinates":[[14.41699,41.53199],[14.4184,41.5318],[14.41964,41.53199],[14.42113,41.53228],[14.42158,41.53228],[14.42193,41.53232],[14.42331,41.53256],[14.42384,41.53262]]},"properties":{}},{"type":"Feature","geometry":{"type":"LineString","coordinates":[[14.42069,41.53221],[14.42068,41.53231],[14.42054,41.53256],[14.42063,41.53287],[14.42061,41.53301],[14.42064,41.53306],[14.42074,41.53313],[14.42098,41.53318]]},"properties":{}},{"type":"Feature","geometry":{"type":"LineString","coordinates":[[14.41593,41.53196],[14.41756,41.532],[14.41774,41.53202],[14.41805,41.53211],[14.41896,41.53272],[14.41903,41.53281],[14.41906,41.53291],[14.41903,41.53309],[14.41927,41.53312],[14.4198,41.53332],[14.42107,41.53368],[14.42134,41.5337],[14.42175,41.53368],[14.42319,41.53353],[14.42331,41.53346],[14.42339,41.53338],[14.42343,41.53327],[14.42342,41.53317],[14.42333,41.53297],[14.42337,41.53287],[14.42355,41.53282],[14.42383,41.53283],[14.42392,41.53277]]},"properties":{}},{"type":"Feature","geometry":{"type":"LineString","coordinates":[[14.42016,41.53343],[14.42028,41.53336],[14.42046,41.53317],[14.42059,41.5331],[14.42068,41.5331]]},"properties":{}},{"type":"Feature","geometry":{"type":"LineString","coordinates":[[14.44304,41.52407],[14.44428,41.52918],[14.44443,41.53004],[14.4453,41.53383],[14.44547,41.53478],[14.44543,41.53516],[14.44547,41.53566],[14.44567,41.53621],[14.44573,41.53682],[14.44633,41.53772],[14.44655,41.53893],[14.44699,41.54076],[14.44722,41.54144],[14.44721,41.54152],[14.44731,41.5418],[14.44739,41.54227],[14.44751,41.5427],[14.44749,41.54279]]},"properties":{}},{"type":"Feature","geometry":{"type":"LineString","coordinates":[[14.44571,41.53645],[14.44586,41.53641],[14.44635,41.53612],[14.44677,41.53595],[14.44804,41.5353],[14.44822,41.53525],[14.44926,41.53476]]},"properties":{}},{"type":"Feature","geometry":{"type":"LineString","coordinates":[[14.42672,41.53923],[14.42709,41.53907],[14.42719,41.53897],[14.42716,41.53883],[14.42707,41.53866],[14.42708,41.53856],[14.42712,41.53851],[14.42726,41.53848],[14.42782,41.53855],[14.42808,41.53854],[14.42819,41.53846],[14.42821,41.53839],[14.42814,41.53819],[14.42822,41.5381],[14.42881,41.53793],[14.42914,41.53772],[14.42956,41.53758],[14.42979,41.53738],[14.43029,41.53711],[14.43079,41.53671],[14.43102,41.53643],[14.43236,41.53434],[14.43244,41.53423],[14.43288,41.53387],[14.43291,41.53382]]},"properties":{}},{"type":"Feature","geometry":{"type":"LineString","coordinates":[[14.47719,41.53529],[14.47714,41.53433],[14.47712,41.53423],[14.47715,41.53394],[14.47696,41.53354],[14.47665,41.53322],[14.47651,41.53272]]},"properties":{}},{"type":"Feature","geometry":{"type":"LineString","coordinates":[[14.49743,41.53381],[14.49684,41.53459],[14.49676,41.53473]]},"properties":{}},{"type":"Feature","geometry":{"type":"LineString","coordinates":[[14.47887,41.53326],[14.47914,41.5335],[14.47944,41.53361],[14.47956,41.53388],[14.47965,41.53397],[14.47962,41.53406],[14.47968,41.53429],[14.4798,41.53448],[14.47997,41.53457],[14.48097,41.53499],[14.48123,41.53515],[14.48189,41.53572],[14.48238,41.5362],[14.4825,41.53636],[14.48257,41.53654],[14.48275,41.53671]]},"properties":{}},{"type":"Feature","geometry":{"type":"LineString","coordinates":[[14.47325,41.53533],[14.47324,41.53516],[14.47316,41.53506],[14.47283,41.53488],[14.47278,41.53478]]},"properties":{}},{"type":"Feature","geometry":{"type":"LineString","coordinates":[[14.4765,41.53523],[14.47656,41.53516],[14.4769,41.53504]]},"properties":{}},{"type":"Feature","geometry":{"type":"LineString","coordinates":[[14.49868,41.53568],[14.49858,41.53561],[14.49775,41.53537],[14.49676,41.53473]]},"properties":{}},{"type":"Feature","geometry":{"type":"LineString","coordinates":[[14.49549,41.53584],[14.49569,41.53545],[14.49596,41.53518],[14.49644,41.53488],[14.49676,41.53473]]},"properties":{}},{"type":"Feature","geometry":{"type":"LineString","coordinates":[[14.47354,41.53613],[14.47272,41.5355],[14.47217,41.53529],[14.47198,41.53514],[14.47171,41.53476],[14.4717,41.53467],[14.47175,41.53462],[14.47213,41.5345]]},"properties":{}},{"type":"Feature","geometry":{"type":"LineString","coordinates":[[14.49868,41.53568],[14.4989,41.53551]]},"properties":{}},{"type":"Feature","geometry":{"type":"LineString","coordinates":[[14.49936,41.5365],[14.49957,41.53654],[14.49962,41.5365],[14.49928,41.53619],[14.49898,41.53605],[14.49873,41.53582],[14.49868,41.53568]]},"properties":{}},{"type":"Feature","geometry":{"type":"LineString","coordinates":[[14.49517,41.53666],[14.49534,41.53638],[14.49539,41.53607],[14.49549,41.53584]]},"properties":{}},{"type":"Feature","geometry":{"type":"LineString","coordinates":[[14.47136,41.53688],[14.47354,41.53613]]},"properties":{}},{"type":"Feature","geometry":{"type":"LineString","coordinates":[[14.47771,41.53645],[14.47503,41.53705]]},"properties":{}},{"type":"Feature","geometry":{"type":"LineString","coordinates":[[14.48159,41.5389],[14.4815,41.53848],[14.48216,41.53816],[14.48221,41.53809],[14.48218,41.53772],[14.48222,41.53711],[14.48229,41.53687],[14.48254,41.53649]]},"properties":{}},{"type":"Feature","geometry":{"type":"LineString","coordinates":[[14.49743,41.53381],[14.49737,41.53378],[14.49734,41.5337],[14.49733,41.53315],[14.4972,41.53302],[14.49698,41.53297],[14.4968,41.53304],[14.49652,41.53341],[14.49636,41.53351],[14.4962,41.53353],[14.49539,41.53332],[14.4951,41.5333],[14.49321,41.53395],[14.49314,41.53403],[14.49311,41.53412],[14.49319,41.53455],[14.49317,41.53473],[14.49258,41.53584],[14.49243,41.53596],[14.49205,41.53612],[14.49094,41.5369],[14.49088,41.53698],[14.49088,41.53708],[14.49094,41.53717],[14.49128,41.53743],[14.49165,41.53793],[14.49173,41.53909],[14.49163,41.53932],[14.49147,41.53948],[14.49057,41.53988],[14.49042,41.54002],[14.49041,41.54012],[14.49045,41.54028],[14.49079,41.54095],[14.49152,41.54183],[14.4917,41.54196],[14.49217,41.54214],[14.49229,41.54227],[14.4923,41.54237],[14.4922,41.54244],[14.49204,41.54245],[14.49176,41.54237],[14.49117,41.54205],[14.48968,41.5406],[14.48943,41.54042],[14.4885,41.53993],[14.4874,41.5391],[14.48728,41.53906],[14.48715,41.53907],[14.48706,41.53912],[14.48701,41.53919],[14.48699,41.53932],[14.48724,41.54025],[14.48719,41.54042]]},"properties":{}},{"type":"Feature","geometry":{"type":"LineString","coordinates":[[14.48275,41.53671],[14.48317,41.53691],[14.48331,41.53702],[14.48337,41.5371],[14.48354,41.53752],[14.48395,41.53799],[14.48401,41.53811],[14.48394,41.53849],[14.48395,41.53879],[14.48389,41.53889],[14.48388,41.53906],[14.48398,41.5395],[14.48404,41.53953],[14.48447,41.53958],[14.4845,41.53963]]},"properties":{}},{"type":"Feature","geometry":{"type":"LineString","coordinates":[[14.47664,41.53891],[14.47644,41.53854]]},"properties":{}},{"type":"Feature","geometry":{"type":"LineString","coordinates":[[14.47505,41.53897],[14.47483,41.53862]]},"properties":{}},{"type":"Feature","geometry":{"type":"LineString","coordinates":[[14.4755,41.53897],[14.47534,41.53869]]},"properties":{}},{"type":"Feature","geometry":{"type":"LineString","coordinates":[[14.47367,41.53908],[14.47505,41.53897],[14.47618,41.53899],[14.47762,41.53868],[14.47941,41.53889],[14.48026,41.53903],[14.48039,41.53886]]},"properties":{}},{"type":"Feature","geometry":{"type":"LineString","coordinates":[[14.48026,41.53903],[14.4804,41.53915],[14.48057,41.53913],[14.48061,41.5391],[14.48074,41.53885]]},"properties":{}},{"type":"Feature","geometry":{"type":"LineString","coordinates":[[14.47018,41.53987],[14.47029,41.53969],[14.47056,41.53949],[14.47046,41.53931],[14.47014,41.53906]]},"properties":{}},{"type":"Feature","geometry":{"type":"LineString","coordinates":[[14.47218,41.53919],[14.4722,41.53926],[14.47178,41.53951]]},"properties":{}},{"type":"Feature","geometry":{"type":"LineString","coordinates":[[14.47178,41.53951],[14.47133,41.53955],[14.47135,41.53976],[14.47173,41.53974],[14.47178,41.53951]]},"properties":{}},{"type":"Feature","geometry":{"type":"LineString","coordinates":[[14.48061,41.5391],[14.48071,41.53909],[14.48078,41.53915],[14.48077,41.54],[14.48075,41.54019],[14.48069,41.54037]]},"properties":{}},{"type":"Feature","geometry":{"type":"LineString","coordinates":[[14.47722,41.54034],[14.47722,41.54031],[14.4775,41.54032],[14.478,41.54039]]},"properties":{}},{"type":"Feature","geometry":{"type":"LineString","coordinates":[[14.47742,41.53548],[14.47744,41.53575],[14.47767,41.53623],[14.47773,41.53668],[14.47799,41.53762],[14.47818,41.53958],[14.47811,41.54001],[14.478,41.54039],[14.47758,41.5415],[14.4775,41.54194],[14.47745,41.54261],[14.47772,41.54331],[14.47772,41.5435],[14.47746,41.54477],[14.47752,41.54488],[14.47772,41.54501],[14.47797,41.54509],[14.47866,41.54523],[14.47882,41.54533]]},"properties":{}},{"type":"Feature","geometry":{"type":"LineString","coordinates":[[14.46626,41.54127],[14.46621,41.54113],[14.46626,41.54092],[14.46617,41.54071],[14.46611,41.54048],[14.46604,41.54044],[14.46591,41.54043]]},"properties":{}},{"type":"Feature","geometry":{"type":"LineString","coordinates":[[14.48905,41.54022],[14.48917,41.54051],[14.48916,41.54057],[14.48887,41.5407],[14.48866,41.54084],[14.48848,41.54102],[14.488,41.54177],[14.48781,41.54196],[14.48766,41.54207],[14.48738,41.54219]]},"properties":{}},{"type":"Feature","geometry":{"type":"LineString","coordinates":[[14.40951,41.54146],[14.40962,41.54138],[14.40971,41.54118],[14.40988,41.54031],[14.40935,41.53861],[14.40937,41.5384],[14.40971,41.53764],[14.40992,41.53742],[14.41036,41.53714],[14.41073,41.53696],[14.41143,41.53687],[14.41164,41.53689],[14.41203,41.53718],[14.41219,41.53718],[14.41231,41.5371],[14.41244,41.53638],[14.41273,41.53579],[14.41264,41.53554],[14.41225,41.5348],[14.41224,41.53464],[14.41235,41.53447],[14.4144,41.53301],[14.41593,41.53196]]},"properties":{}},{"type":"Feature","geometry":{"type":"LineString","coordinates":[[14.41903,41.53309],[14.41898,41.53318],[14.41798,41.53408],[14.41793,41.53424],[14.41795,41.53432],[14.41802,41.53439],[14.41815,41.53445],[14.41924,41.53473],[14.41931,41.5348],[14.41939,41.53503],[14.41935,41.53554],[14.41928,41.53565],[14.41857,41.53637],[14.41844,41.53644],[14.41712,41.53691],[14.41693,41.537],[14.41654,41.5373],[14.4164,41.53748],[14.41639,41.53758],[14.41643,41.53766],[14.41741,41.53899],[14.41759,41.53946],[14.41765,41.53954],[14.41798,41.53973],[14.41807,41.53987],[14.41808,41.53994],[14.41799,41.54003],[14.41738,41.54017],[14.41731,41.5402],[14.41727,41.54026],[14.41727,41.54033],[14.41733,41.54038],[14.41775,41.54057],[14.41778,41.54069],[14.4177,41.54076],[14.41733,41.54076],[14.41681,41.54093],[14.41624,41.54099],[14.41544,41.54121],[14.4151,41.54138],[14.41485,41.54162],[14.41464,41.54207],[14.41463,41.54214],[14.41473,41.54223],[14.41518,41.54223],[14.41559,41.54229],[14.41591,41.54246],[14.41604,41.54264],[14.41608,41.54298],[14.41632,41.54349],[14.41651,41.54385],[14.41669,41.54399],[14.41705,41.54408],[14.41806,41.54409],[14.41825,41.54407],[14.41867,41.54395],[14.41875,41.54396],[14.41872,41.54405],[14.41824,41.54432],[14.41751,41.54483],[14.41741,41.54492],[14.41737,41.54501],[14.41737,41.54508],[14.41741,41.54515],[14.4181,41.54555],[14.41849,41.54562],[14.41861,41.54567],[14.41938,41.54633],[14.41968,41.5467],[14.41979,41.54691]]},"properties":{}},{"type":"Feature","geometry":{"type":"LineString","coordinates":[[14.44573,41.53682],[14.44567,41.53685],[14.44503,41.53763],[14.44473,41.53787],[14.4443,41.53815],[14.44381,41.53859],[14.44324,41.53945],[14.44294,41.54],[14.44285,41.54009],[14.44253,41.54028],[14.4421,41.54063],[14.4414,41.541],[14.44113,41.54121],[14.44024,41.54213],[14.43887,41.54316],[14.43838,41.54376],[14.43795,41.54412],[14.43783,41.54419],[14.43736,41.5443],[14.43711,41.54429],[14.43649,41.54416]]},"properties":{}},{"type":"Feature","geometry":{"type":"LineString","coordinates":[[14.40935,41.54476],[14.40974,41.54459],[14.40975,41.54452],[14.40972,41.54435],[14.40977,41.54427],[14.40995,41.54415],[14.41008,41.54411],[14.41047,41.5441],[14.41061,41.54405],[14.41066,41.54398],[14.41066,41.54391],[14.41057,41.54352],[14.4107,41.54304],[14.41069,41.54285],[14.41078,41.54274],[14.41137,41.5423],[14.41139,41.5422],[14.41129,41.54196],[14.41138,41.54172],[14.41168,41.5413],[14.41176,41.54123],[14.41232,41.54089],[14.41319,41.54027],[14.41408,41.54008],[14.41423,41.54008],[14.41476,41.54023],[14.41532,41.54018],[14.41555,41.54012],[14.41596,41.53993],[14.4163,41.53984],[14.41764,41.53972],[14.41786,41.53965]]},"properties":{}},{"type":"Feature","geometry":{"type":"LineString","coordinates":[[14.42126,41.5463],[14.42144,41.54586],[14.4215,41.54526],[14.42156,41.54504],[14.42168,41.54409],[14.42174,41.54398],[14.42244,41.54334],[14.42319,41.54293],[14.42383,41.54279],[14.42387,41.54273],[14.42387,41.54261],[14.42364,41.54233],[14.42362,41.54221],[14.42367,41.54216],[14.42413,41.54204],[14.42422,41.54196],[14.42423,41.54182],[14.42412,41.54151],[14.42415,41.54142],[14.42422,41.54134],[14.42446,41.54127],[14.42485,41.54131],[14.42501,41.54127],[14.4259,41.54025],[14.42612,41.54015],[14.42648,41.54011],[14.42652,41.54007],[14.4265,41.53999],[14.42641,41.53991],[14.42624,41.53985],[14.42618,41.53977],[14.42619,41.53971],[14.42627,41.53959],[14.42672,41.53923]]},"properties":{}},{"type":"Feature","geometry":{"type":"LineString","coordinates":[[14.41211,41.54101],[14.41227,41.54109],[14.41239,41.54121],[14.41248,41.54136],[14.41252,41.54163],[14.41258,41.54172],[14.41319,41.54217],[14.41323,41.54222],[14.41324,41.54242],[14.4133,41.5425],[14.41399,41.54305],[14.41426,41.5433],[14.41458,41.54372],[14.41477,41.5439],[14.41502,41.54404],[14.41578,41.54431],[14.41739,41.54511]]},"properties":{}},{"type":"Feature","geometry":{"type":"LineString","coordinates":[[14.39477,41.54187],[14.3957,41.54158],[14.39584,41.54158],[14.39605,41.54169],[14.39962,41.54503],[14.3998,41.54526],[14.39982,41.54536]]},"properties":{}},{"type":"Feature","geometry":{"type":"LineString","coordinates":[[14.44635,41.54906],[14.44643,41.54897],[14.44652,41.54875],[14.44662,41.54828],[14.44674,41.548],[14.44683,41.54789],[14.44695,41.54783],[14.44792,41.54762],[14.44839,41.54763],[14.4486,41.54757],[14.44933,41.54665],[14.45009,41.54602],[14.45021,41.54586],[14.45033,41.54556],[14.45067,41.54513],[14.45099,41.54437],[14.45105,41.54399],[14.45105,41.54314],[14.4511,41.54288],[14.45128,41.54243],[14.45133,41.54212],[14.45135,41.54155],[14.45133,41.54137],[14.45102,41.54088],[14.45102,41.54081],[14.45104,41.54073],[14.45112,41.54067],[14.45146,41.54057],[14.45153,41.54047],[14.45127,41.54],[14.45125,41.53987],[14.45131,41.53944],[14.45124,41.53913],[14.45118,41.53831]]},"properties":{}},{"type":"Feature","geometry":{"type":"LineString","coordinates":[[14.40874,41.54597],[14.41005,41.5463],[14.41017,41.5463],[14.41034,41.5462],[14.41059,41.54589],[14.41064,41.54571],[14.41063,41.54555],[14.41047,41.54541],[14.40839,41.54422],[14.40822,41.54402],[14.40825,41.5438],[14.40843,41.54366],[14.40912,41.54345],[14.40927,41.54336],[14.40928,41.54322],[14.40905,41.54279],[14.40913,41.54183],[14.40928,41.54162],[14.40951,41.54146]]},"properties":{}},{"type":"Feature","geometry":{"type":"LineString","coordinates":[[14.41578,41.54431],[14.41609,41.54375],[14.41618,41.54374],[14.41658,41.54392]]},"properties":{}},{"type":"Feature","geometry":{"type":"LineString","coordinates":[[14.45734,41.54387],[14.46054,41.54338],[14.46155,41.54275],[14.46245,41.54227],[14.46466,41.54163],[14.46553,41.54129],[14.46602,41.54125],[14.46646,41.54129],[14.46682,41.54128],[14.46754,41.54114],[14.46917,41.54053],[14.46972,41.54014],[14.47031,41.5398],[14.47083,41.53954],[14.47119,41.5394],[14.47218,41.53919],[14.47367,41.53908]]},"properties":{}},{"type":"Feature","geometry":{"type":"LineString","coordinates":[[14.49796,41.53544],[14.49811,41.53534],[14.49903,41.53505],[14.4993,41.53504],[14.49952,41.5351],[14.5,41.53537]]},"properties":{}},{"type":"Feature","geometry":{"type":"LineString","coordinates":[[14.46661,41.54209],[14.46661,41.54202],[14.4667,41.54196],[14.46693,41.54199],[14.46722,41.54217],[14.46737,41.54243]]},"properties":{}},{"type":"Feature","geometry":{"type":"LineString","coordinates":[[14.4875,41.54214],[14.48764,41.54212],[14.48776,41.54207],[14.48804,41.54206],[14.48808,41.54211],[14.4883,41.54215],[14.48837,41.54219],[14.4882,41.54261]]},"properties":{}},{"type":"Feature","geometry":{"type":"LineString","coordinates":[[14.48738,41.54219],[14.48723,41.54232],[14.48667,41.54312],[14.48653,41.54325],[14.48637,41.54329],[14.48632,41.54327],[14.48629,41.54321],[14.4863,41.54314],[14.48646,41.54289],[14.48667,41.54213]]},"properties":{}},{"type":"Feature","geometry":{"type":"LineString","coordinates":[[14.48764,41.54212],[14.48771,41.54217],[14.48754,41.54259],[14.48755,41.54333],[14.48734,41.54399]]},"properties":{}},{"type":"Feature","geometry":{"type":"LineString","coordinates":[[14.48768,41.54225],[14.48794,41.5423],[14.48792,41.54245],[14.48775,41.54284],[14.48772,41.54317],[14.48761,41.54373],[14.48747,41.54401]]},"properties":{}},{"type":"Feature","geometry":{"type":"LineString","coordinates":[[14.48738,41.54219],[14.48705,41.54267],[14.48693,41.54318],[14.48678,41.54358],[14.48686,41.54417],[14.48698,41.54427]]},"properties":{}},{"type":"Feature","geometry":{"type":"LineString","coordinates":[[14.4923,41.54237],[14.49226,41.54246],[14.49212,41.54252],[14.49184,41.54251],[14.49174,41.54253],[14.4914,41.54272],[14.4913,41.54274],[14.49087,41.54273],[14.49104,41.54284],[14.49133,41.54287],[14.49148,41.54293],[14.49177,41.54312],[14.492,41.54335],[14.49236,41.5435],[14.49251,41.5436],[14.49255,41.54368],[14.49253,41.54375],[14.49237,41.54403],[14.49199,41.54422],[14.49175,41.5444],[14.49151,41.54441],[14.49121,41.54438],[14.49013,41.54445],[14.48947,41.54444],[14.48915,41.54448],[14.48796,41.5448],[14.48758,41.54494],[14.48707,41.54462],[14.48684,41.54474]]},"properties":{}},{"type":"Feature","geometry":{"type":"LineString","coordinates":[[14.47721,41.54384],[14.47763,41.54392]]},"properties":{}},{"type":"Feature","geometry":{"type":"LineString","coordinates":[[14.4833,41.54272],[14.48341,41.54295],[14.48375,41.5435],[14.48388,41.54361],[14.48447,41.54397],[14.48466,41.54413],[14.48489,41.54454],[14.48501,41.54488],[14.48498,41.54515],[14.48501,41.54522],[14.48507,41.54525],[14.48519,41.5452]]},"properties":{}},{"type":"Feature","geometry":{"type":"LineString","coordinates":[[14.48745,41.5441],[14.48731,41.54407],[14.48734,41.54399],[14.48747,41.54401],[14.48745,41.5441]]},"properties":{}},{"type":"Feature","geometry":{"type":"LineString","coordinates":[[14.48745,41.5441],[14.4875,41.54411],[14.48747,41.54421],[14.48727,41.54438]]},"properties":{}},{"type":"Feature","geometry":{"type":"LineString","coordinates":[[14.47592,41.54423],[14.47604,41.54434],[14.47611,41.5446],[14.47612,41.54477],[14.47607,41.54488],[14.47598,41.54497],[14.47597,41.54503],[14.47601,41.54509]]},"properties":{}},{"type":"Feature","geometry":{"type":"LineString","coordinates":[[14.48884,41.54456],[14.48984,41.54529],[14.48993,41.54542]]},"properties":{}},{"type":"Feature","geometry":{"type":"LineString","coordinates":[[14.48767,41.54491],[14.48785,41.54501],[14.48813,41.54528],[14.48854,41.54557]]},"properties":{}},{"type":"Feature","geometry":{"type":"LineString","coordinates":[[14.48507,41.54525],[14.48523,41.54529],[14.48533,41.54539]]},"properties":{}},{"type":"Feature","geometry":{"type":"LineString","coordinates":[[14.42153,41.54468],[14.4216,41.54465]]},"properties":{}},{"type":"Feature","geometry":{"type":"LineString","coordinates":[[14.45293,41.54595],[14.45294,41.54584],[14.45353,41.54547],[14.45416,41.54522]]},"properties":{}},{"type":"Feature","geometry":{"type":"LineString","coordinates":[[14.44749,41.54279],[14.447,41.54339],[14.44707,41.5437],[14.44705,41.54378],[14.44698,41.54385],[14.44685,41.54389],[14.44656,41.54388],[14.44616,41.54373],[14.44606,41.54375],[14.446,41.5438],[14.44599,41.54388],[14.44601,41.5441],[14.44598,41.54419],[14.44589,41.54424],[14.4458,41.54424],[14.44547,41.54411],[14.44536,41.54411],[14.44528,41.54414],[14.44524,41.54421],[14.44521,41.54441],[14.44527,41.54459],[14.44525,41.54466],[14.44519,41.54472],[14.44461,41.54505],[14.44446,41.54516],[14.44437,41.54529],[14.44428,41.54551],[14.44392,41.54603],[14.44375,41.54622],[14.44342,41.54646],[14.44325,41.54669],[14.44318,41.54672],[14.44309,41.54671],[14.44272,41.54661],[14.44249,41.54666],[14.44245,41.54678],[14.44254,41.54691],[14.44251,41.54699],[14.44217,41.54702],[14.44194,41.54708],[14.44139,41.54734],[14.4411,41.54767],[14.44079,41.54792],[14.44062,41.548],[14.44019,41.54812],[14.43974,41.54836],[14.43928,41.54849],[14.43882,41.54855],[14.43871,41.54859],[14.43863,41.54866],[14.43851,41.54889]]},"properties":{}},{"type":"Feature","geometry":{"type":"LineString","coordinates":[[14.42275,41.54954],[14.42187,41.54926],[14.42144,41.54901],[14.42096,41.54859],[14.42043,41.54782],[14.41996,41.5474],[14.41981,41.54709],[14.41979,41.54691],[14.41984,41.54681],[14.42012,41.5465],[14.42079,41.54562],[14.42101,41.54519],[14.4215,41.54472],[14.42153,41.54468],[14.42149,41.54435],[14.42137,41.54428],[14.42127,41.54426],[14.42064,41.54426],[14.42011,41.54421],[14.41916,41.54391],[14.4189,41.54391],[14.41875,41.54396]]},"properties":{}},{"type":"Feature","geometry":{"type":"LineString","coordinates":[[14.43845,41.54893],[14.43859,41.54885],[14.43898,41.54876],[14.4402,41.54876],[14.44138,41.5486],[14.44169,41.54868],[14.44181,41.54875],[14.44219,41.54908],[14.44245,41.5492],[14.44293,41.54921],[14.44427,41.54905],[14.44455,41.54911],[14.44506,41.54939],[14.44524,41.54941],[14.44663,41.54896],[14.44699,41.54888],[14.44762,41.54881],[14.448,41.54881],[14.44831,41.54888],[14.44987,41.54956],[14.45005,41.5496],[14.45026,41.54958],[14.45048,41.54951],[14.45068,41.54939],[14.45092,41.54909],[14.45091,41.54893],[14.45074,41.54863],[14.45065,41.54835],[14.45073,41.54822],[14.45103,41.54801],[14.45124,41.54799],[14.45143,41.54803],[14.45173,41.54813],[14.45245,41.54844],[14.45266,41.54844],[14.45286,41.54834],[14.45308,41.54812],[14.45318,41.5479],[14.45314,41.5477],[14.45299,41.54751],[14.45215,41.54687],[14.45206,41.54676],[14.45206,41.54662],[14.4522,41.54642],[14.45274,41.54602],[14.45293,41.54595],[14.45316,41.54599],[14.45424,41.54641],[14.45447,41.54648],[14.45468,41.54646],[14.45482,41.54636],[14.45484,41.54619],[14.45409,41.54511],[14.45408,41.54496],[14.45423,41.54484],[14.45593,41.54438],[14.45734,41.54387]]},"properties":{}},{"type":"Feature","geometry":{"type":"LineString","coordinates":[[14.39982,41.54536],[14.39985,41.54555],[14.39982,41.54659],[14.39985,41.54683],[14.39981,41.54706],[14.39943,41.548],[14.39942,41.54821],[14.39958,41.54851],[14.39975,41.54871],[14.39984,41.54895]]},"properties":{}},{"type":"Feature","geometry":{"type":"LineString","coordinates":[[14.43419,41.55015],[14.43412,41.54998],[14.43381,41.54965],[14.43373,41.54951],[14.4337,41.54934],[14.43373,41.5492],[14.43404,41.54889],[14.4342,41.54867],[14.4342,41.54804],[14.43424,41.54789],[14.43436,41.54765],[14.43439,41.54749],[14.43434,41.54738],[14.43394,41.54693],[14.4337,41.54656],[14.43365,41.54644],[14.43362,41.54613],[14.43375,41.54597],[14.43411,41.54574],[14.43473,41.54557],[14.43538,41.54533],[14.43601,41.5452],[14.43624,41.54508],[14.43635,41.545],[14.43641,41.54487],[14.4364,41.54479],[14.43622,41.5444],[14.43622,41.54433],[14.43635,41.5442],[14.43649,41.54416]]},"properties":{}},{"type":"Feature","geometry":{"type":"LineString","coordinates":[[14.45316,41.5478],[14.45408,41.54739],[14.45421,41.54739],[14.45479,41.54715]]},"properties":{}},{"type":"Feature","geometry":{"type":"LineString","coordinates":[[14.40187,41.54917],[14.40382,41.54862],[14.4043,41.54862],[14.40537,41.5488],[14.40569,41.54876],[14.40961,41.54724],[14.40969,41.54717],[14.40971,41.54709],[14.4097,41.54702],[14.40964,41.54695],[14.40862,41.54664],[14.40813,41.54634],[14.40808,41.54623],[14.40809,41.5461],[14.40813,41.54602],[14.40824,41.54595],[14.40853,41.54593],[14.40874,41.54597]]},"properties":{}},{"type":"Feature","geometry":{"type":"LineString","coordinates":[[14.41059,41.54589],[14.41093,41.54598],[14.41226,41.54647],[14.41471,41.5476],[14.41617,41.54801],[14.41758,41.54864],[14.41801,41.54872],[14.41893,41.54868],[14.41929,41.54881],[14.42009,41.54924],[14.42166,41.54942],[14.42227,41.54945],[14.42258,41.54955],[14.42275,41.54954],[14.4237,41.54986]]},"properties":{}},{"type":"Feature","geometry":{"type":"LineString","coordinates":[[14.4237,41.54986],[14.42307,41.54935],[14.42281,41.54908],[14.42225,41.54846],[14.4221,41.54817],[14.42154,41.54749],[14.42143,41.54729],[14.42123,41.54671],[14.42121,41.54662],[14.42126,41.5463]]},"properties":{}},{"type":"Feature","geometry":{"type":"LineString","coordinates":[[14.45438,41.55364],[14.45475,41.55355],[14.45535,41.55325],[14.45551,41.5531],[14.45574,41.55265],[14.45621,41.55204],[14.45631,41.55181],[14.45639,41.55083],[14.45644,41.55059],[14.4565,41.55049],[14.45662,41.5504],[14.45719,41.5502],[14.45726,41.55013],[14.45734,41.5499],[14.45739,41.54955],[14.45735,41.54945],[14.45709,41.54914],[14.45702,41.54894],[14.45713,41.54834],[14.45712,41.54821],[14.45684,41.54751],[14.45684,41.54742],[14.45689,41.54734],[14.45718,41.54709],[14.45725,41.54699],[14.45728,41.54689],[14.45722,41.54653],[14.45725,41.54642],[14.45734,41.5463],[14.45764,41.54605],[14.45769,41.54596],[14.45771,41.54579],[14.45766,41.54462],[14.45734,41.54387]]},"properties":{}},{"type":"Feature","geometry":{"type":"LineString","coordinates":[[14.4509,41.54892],[14.45102,41.54883],[14.45116,41.5488],[14.45138,41.54882]]},"properties":{}},{"type":"Feature","geometry":{"type":"LineString","coordinates":[[14.44925,41.54928],[14.44931,41.54906]]},"properties":{}},{"type":"Feature","geometry":{"type":"LineString","coordinates":[[14.3996,41.5489],[14.39984,41.54895],[14.40009,41.54909],[14.40085,41.54962],[14.40092,41.54964],[14.40187,41.54917]]},"properties":{}},{"type":"Feature","geometry":{"type":"LineString","coordinates":[[14.43574,41.55019],[14.4368,41.5499],[14.43845,41.54893]]},"properties":{}},{"type":"Feature","geometry":{"type":"LineString","coordinates":[[14.45363,41.55011],[14.45284,41.55015],[14.45246,41.55021],[14.45223,41.55019],[14.45179,41.55022],[14.44986,41.55007],[14.44916,41.54998],[14.44857,41.54996],[14.44821,41.54991],[14.44735,41.54969],[14.44612,41.54934],[14.44584,41.54923]]},"properties":{}},{"type":"Feature","geometry":{"type":"LineString","coordinates":[[14.45847,41.54953],[14.45855,41.54946],[14.45874,41.54938],[14.46005,41.54906],[14.46031,41.54904],[14.46034,41.54905],[14.46053,41.54946],[14.46066,41.5498],[14.46073,41.55008],[14.4609,41.55043],[14.46105,41.55053],[14.4612,41.55053],[14.46264,41.55019],[14.46276,41.5502],[14.46284,41.55027],[14.46293,41.55058],[14.46301,41.55063]]},"properties":{}},{"type":"Feature","geometry":{"type":"LineString","coordinates":[[14.43845,41.54893],[14.43969,41.54926],[14.43979,41.54932],[14.43979,41.54944],[14.43971,41.54981],[14.43954,41.55023],[14.43954,41.5503],[14.43967,41.55038],[14.44077,41.55067],[14.44245,41.55092],[14.44315,41.55106],[14.44439,41.55161],[14.44571,41.55189],[14.4461,41.55202],[14.44704,41.55224],[14.44753,41.55217],[14.44778,41.55217],[14.44879,41.55245],[14.44901,41.55256],[14.44966,41.55272],[14.45027,41.55281],[14.45065,41.5528]]},"properties":{}},{"type":"Feature","geometry":{"type":"LineString","coordinates":[[14.45635,41.55161],[14.4566,41.55165],[14.45665,41.55157],[14.45694,41.55135],[14.45719,41.55121],[14.45736,41.55097],[14.45765,41.55071],[14.45781,41.55051],[14.45847,41.54953],[14.45855,41.54957],[14.45861,41.54977],[14.45866,41.55044],[14.45878,41.55104],[14.45884,41.55113],[14.45915,41.55141],[14.46003,41.55189],[14.46049,41.55226],[14.46063,41.55245],[14.46079,41.55254],[14.46133,41.55266],[14.46183,41.55291],[14.46266,41.55281],[14.46282,41.55281],[14.46335,41.55293],[14.4638,41.55295]]},"properties":{}},{"type":"Feature","geometry":{"type":"LineString","coordinates":[[14.49854,41.54655],[14.49781,41.54635],[14.49758,41.54631],[14.49734,41.54631],[14.49711,41.54637],[14.49635,41.54669],[14.49613,41.54673],[14.49591,41.54671],[14.49511,41.54646],[14.49459,41.54639],[14.49415,41.54624],[14.49395,41.54625],[14.49322,41.5465],[14.49263,41.54662],[14.49203,41.5468],[14.49184,41.54676],[14.49164,41.5466],[14.49058,41.54554],[14.49047,41.54548],[14.48937,41.54537],[14.48907,41.54538],[14.48878,41.54545],[14.48842,41.54567]]},"properties":{}},{"type":"Feature","geometry":{"type":"LineString","coordinates":[[14.47967,41.54732],[14.47959,41.54716],[14.47922,41.54677],[14.4783,41.54616],[14.47824,41.54605],[14.47821,41.54573],[14.47838,41.5455],[14.47862,41.54538],[14.47882,41.54533],[14.4794,41.54534],[14.48086,41.54546],[14.48203,41.54537],[14.48279,41.5454],[14.48302,41.54544],[14.4831,41.54551],[14.4836,41.54625],[14.48364,41.54636],[14.48358,41.54654],[14.48328,41.54689],[14.4833,41.54698],[14.48337,41.54705],[14.48351,41.54707],[14.48364,41.54703],[14.48469,41.54628],[14.48481,41.54613],[14.48502,41.54566],[14.48548,41.54524]]},"properties":{}},{"type":"Feature","geometry":{"type":"LineString","coordinates":[[14.49869,41.54671],[14.49854,41.54655]]},"properties":{}},{"type":"Feature","geometry":{"type":"LineString","coordinates":[[14.47772,41.54501],[14.47775,41.54521],[14.47743,41.54614],[14.47734,41.54629],[14.47704,41.54654],[14.47697,41.54664],[14.4769,41.54733],[14.47676,41.54772],[14.47666,41.54786],[14.47639,41.54812],[14.47593,41.54849],[14.47585,41.5486],[14.47581,41.54874],[14.47582,41.54892],[14.47586,41.54906],[14.47597,41.5492],[14.47623,41.54946],[14.47643,41.54958]]},"properties":{}},{"type":"Feature","geometry":{"type":"LineString","coordinates":[[14.46642,41.54762],[14.46661,41.54768],[14.46689,41.5477]]},"properties":{}},{"type":"Feature","geometry":{"type":"LineString","coordinates":[[14.5,41.54785],[14.49983,41.54764],[14.49959,41.54689],[14.49951,41.54679],[14.49941,41.54676],[14.49926,41.54679],[14.49892,41.5471],[14.49876,41.54719],[14.49864,41.5472],[14.49854,41.54716],[14.49851,41.54707],[14.49854,41.54698],[14.4987,41.54681],[14.49869,41.54671]]},"properties":{}},{"type":"Feature","geometry":{"type":"LineString","coordinates":[[14.49245,41.54909],[14.49329,41.54962],[14.49406,41.55026],[14.49423,41.55172],[14.49422,41.55201],[14.4941,41.55237],[14.49379,41.55258],[14.49359,41.55264],[14.49229,41.55204],[14.49208,41.552],[14.49181,41.55206],[14.49089,41.55295],[14.49024,41.55345],[14.48985,41.5536],[14.48935,41.55367],[14.48919,41.55362],[14.48835,41.5528],[14.48803,41.5528],[14.48789,41.55284],[14.48758,41.55313],[14.48735,41.55324],[14.48615,41.55335],[14.48578,41.55342],[14.48498,41.55373],[14.4814,41.5532],[14.48118,41.55319],[14.48036,41.55328],[14.48006,41.5532],[14.47994,41.5531],[14.47933,41.55159],[14.4792,41.5515],[14.479,41.55144],[14.47755,41.55121],[14.47694,41.55113],[14.47673,41.55103],[14.47666,41.55092],[14.47642,41.54979],[14.47643,41.54958],[14.47653,41.54933],[14.47663,41.54922],[14.47704,41.54896],[14.47722,41.54881],[14.47787,41.54814],[14.47967,41.54732]]},"properties":{}},{"type":"Feature","geometry":{"type":"LineString","coordinates":[[14.4945,41.54951],[14.49471,41.54954],[14.4951,41.54975],[14.49601,41.55017],[14.49731,41.55071],[14.4991,41.55198],[14.49975,41.55235],[14.5,41.55246]]},"properties":{}},{"type":"Feature","geometry":{"type":"LineString","coordinates":[[14.47313,41.55318],[14.47376,41.55289],[14.47466,41.5522],[14.47482,41.55201],[14.47502,41.55189],[14.47517,41.55186],[14.47596,41.55141],[14.47678,41.55107]]},"properties":{}},{"type":"Feature","geometry":{"type":"LineString","coordinates":[[14.48343,41.55218],[14.48429,41.55251],[14.48444,41.55265],[14.48446,41.55274]]},"properties":{}},{"type":"Feature","geometry":{"type":"LineString","coordinates":[[14.48677,41.54523],[14.48677,41.54565],[14.4864,41.54676],[14.48642,41.54711],[14.48624,41.54755],[14.48508,41.54903],[14.48507,41.54914],[14.48528,41.55104],[14.48527,41.55126],[14.48516,41.55155],[14.48454,41.55266],[14.48446,41.55274],[14.48444,41.55302],[14.48433,41.55317],[14.48265,41.55415],[14.48209,41.55461],[14.48198,41.55481],[14.48195,41.55532],[14.48218,41.5562],[14.4824,41.55653],[14.48246,41.55668],[14.4825,41.55704],[14.48247,41.55719],[14.4822,41.55774],[14.48207,41.55789],[14.48198,41.55795],[14.48153,41.55894],[14.48151,41.55908],[14.48153,41.55944],[14.48147,41.55976],[14.48148,41.55986],[14.48181,41.55998],[14.48304,41.56026],[14.48373,41.56055],[14.48397,41.56062],[14.48423,41.56066],[14.48478,41.56068],[14.48577,41.56096],[14.48616,41.56105],[14.48661,41.56109],[14.48689,41.56108],[14.48851,41.56079],[14.4888,41.56072],[14.48937,41.56051],[14.4898,41.56043],[14.49021,41.5604],[14.49114,41.56039],[14.49148,41.56022],[14.4916,41.56007],[14.49173,41.55998],[14.493,41.55961]]},"properties":{}},{"type":"Feature","geometry":{"type":"LineString","coordinates":[[14.42937,41.55397],[14.42939,41.55388],[14.42934,41.5538],[14.42835,41.55351],[14.42705,41.55329],[14.42668,41.55319],[14.42656,41.55312],[14.42635,41.55279],[14.42562,41.55219],[14.42532,41.55184],[14.42501,41.55165],[14.42488,41.55152],[14.42467,41.55107],[14.42456,41.55092],[14.42419,41.55059],[14.4237,41.54986]]},"properties":{}},{"type":"Feature","geometry":{"type":"LineString","coordinates":[[14.42951,41.55389],[14.42973,41.5539],[14.43034,41.55383],[14.43096,41.55382],[14.43195,41.5537],[14.43425,41.5531],[14.43457,41.55295],[14.4347,41.55284],[14.43514,41.55224],[14.43527,41.55189],[14.43529,41.55169],[14.43517,41.55085],[14.43518,41.55068],[14.43522,41.55055],[14.43534,41.55041],[14.43552,41.55029],[14.43574,41.55019]]},"properties":{}},{"type":"Feature","geometry":{"type":"LineString","coordinates":[[14.4566,41.55165],[14.45695,41.55166],[14.45738,41.55181],[14.45778,41.55182],[14.45797,41.5519],[14.45824,41.55208],[14.45888,41.55231],[14.45917,41.5524],[14.45971,41.5525],[14.46007,41.55261]]},"properties":{}},{"type":"Feature","geometry":{"type":"LineString","coordinates":[[14.43406,41.55314],[14.43422,41.55322],[14.43441,41.55326],[14.4361,41.55327],[14.43651,41.5532],[14.43697,41.55305],[14.43719,41.55288],[14.43744,41.5522],[14.43748,41.55213],[14.43758,41.55207]]},"properties":{}},{"type":"Feature","geometry":{"type":"LineString","coordinates":[[14.4566,41.55165],[14.45608,41.55263],[14.456,41.55296],[14.45585,41.55323],[14.45577,41.5537]]},"properties":{}},{"type":"Feature","geometry":{"type":"LineString","coordinates":[[14.45438,41.55364],[14.45444,41.55351],[14.45432,41.55333],[14.45422,41.55328],[14.45361,41.55318],[14.45316,41.55297],[14.45248,41.55274],[14.45202,41.55269],[14.45157,41.55269],[14.45065,41.5528],[14.45045,41.55346],[14.45002,41.55367],[14.44965,41.55361],[14.44907,41.5538],[14.44839,41.55394],[14.44774,41.55384],[14.44742,41.55397],[14.447,41.55399],[14.44559,41.55377],[14.44497,41.55375],[14.44448,41.55385],[14.44411,41.55401],[14.44415,41.55407],[14.44451,41.55417],[14.44505,41.55438]]},"properties":{}},{"type":"Feature","geometry":{"type":"LineString","coordinates":[[14.45577,41.5537],[14.45566,41.55382],[14.4556,41.55403],[14.45549,41.55418],[14.45543,41.55425],[14.45526,41.55429],[14.45488,41.55427],[14.45449,41.5543],[14.45421,41.55427],[14.454,41.55432],[14.45369,41.55451],[14.45355,41.55454],[14.45324,41.55451],[14.45294,41.55442],[14.45259,41.55447],[14.45223,41.55461],[14.45195,41.55463],[14.45151,41.55459],[14.45096,41.55469]]},"properties":{}},{"type":"Feature","geometry":{"type":"LineString","coordinates":[[14.4382,41.55414],[14.43883,41.554],[14.44043,41.55397],[14.44079,41.55401],[14.44126,41.554],[14.44181,41.55391],[14.4425,41.55411],[14.44303,41.55419],[14.44345,41.55416],[14.44369,41.55424],[14.4441,41.55431],[14.44505,41.55438],[14.44548,41.55444],[14.4458,41.55455],[14.44597,41.55464]]},"properties":{}},{"type":"Feature","geometry":{"type":"LineString","coordinates":[[14.4183,41.55873],[14.41897,41.55873],[14.41972,41.55878],[14.41998,41.55876],[14.42044,41.55864],[14.42076,41.55848],[14.4214,41.55806],[14.42264,41.55716],[14.42348,41.55672],[14.42408,41.55652],[14.4244,41.55637],[14.42521,41.55584],[14.42543,41.55573],[14.42592,41.55561],[14.42681,41.55547],[14.42714,41.55536],[14.42781,41.55491],[14.42834,41.55463],[14.42877,41.5543],[14.42969,41.55379],[14.43031,41.55317],[14.43041,41.55304],[14.43051,41.55277],[14.43053,41.5526],[14.43047,41.55198],[14.43047,41.55178],[14.43052,41.55159],[14.43061,41.55143],[14.43098,41.55109],[14.43116,41.55102],[14.43218,41.55078],[14.43304,41.55049],[14.43327,41.55047],[14.43397,41.55029],[14.43413,41.55021],[14.43419,41.55015]]},"properties":{}},{"type":"Feature","geometry":{"type":"LineString","coordinates":[[14.4437,41.55643],[14.44392,41.55634],[14.44416,41.55619],[14.44463,41.55606],[14.4451,41.55597],[14.4452,41.55591],[14.44533,41.55576],[14.44558,41.55506],[14.44578,41.55477],[14.44597,41.55464],[14.44623,41.55457],[14.44826,41.55438],[14.44842,41.55438],[14.44902,41.55452],[14.44954,41.55456],[14.44982,41.5545],[14.45037,41.55427],[14.45151,41.55391],[14.45247,41.55376],[14.45285,41.55376],[14.45363,41.55366],[14.4541,41.55368],[14.45438,41.55364]]},"properties":{}},{"type":"Feature","geometry":{"type":"LineString","coordinates":[[14.49653,41.55208],[14.49695,41.55296],[14.49707,41.55344],[14.4972,41.55383],[14.49795,41.55506],[14.49811,41.55553],[14.49832,41.55599],[14.49839,41.55631],[14.49817,41.55681]]},"properties":{}},{"type":"Feature","geometry":{"type":"LineString","coordinates":[[14.46917,41.54053],[14.46921,41.54084],[14.46918,41.54091],[14.46847,41.54116],[14.46815,41.54144],[14.46725,41.54257],[14.46696,41.54287],[14.46673,41.54319],[14.4666,41.54345],[14.46654,41.54382],[14.46693,41.54519],[14.46726,41.54567],[14.4673,41.54576],[14.46725,41.54608],[14.46708,41.54673],[14.46699,41.54689],[14.4662,41.54793],[14.46597,41.5481],[14.46574,41.54822],[14.4655,41.54828],[14.46494,41.54821],[14.4647,41.54822],[14.46448,41.54828],[14.46415,41.54849],[14.46409,41.54864],[14.46396,41.54918],[14.46381,41.54961],[14.46299,41.55067],[14.46317,41.55129],[14.4635,41.5521],[14.46379,41.55292],[14.46381,41.55304],[14.4638,41.55567],[14.46383,41.55599],[14.46408,41.55683],[14.46423,41.55756],[14.4643,41.55779],[14.4645,41.55814],[14.46482,41.55843],[14.46607,41.55934],[14.46627,41.55965],[14.46635,41.56],[14.46699,41.56087],[14.4671,41.56098],[14.46797,41.56167],[14.46864,41.56211],[14.4722,41.56478],[14.47254,41.56513],[14.47272,41.56538],[14.47326,41.56633],[14.47358,41.5667],[14.47416,41.56715],[14.4758,41.56798],[14.4763,41.56827],[14.47733,41.57006],[14.47756,41.57049],[14.47776,41.57097]]},"properties":{}},{"type":"Feature","geometry":{"type":"LineString","coordinates":[[14.47116,41.56401],[14.47185,41.56378],[14.47334,41.56354],[14.47429,41.56318],[14.47597,41.56302],[14.47768,41.56275],[14.47779,41.56268],[14.47792,41.56253],[14.47847,41.56149],[14.47858,41.56137],[14.47901,41.56104],[14.47915,41.56087],[14.47918,41.56076],[14.47906,41.5592],[14.47908,41.55905],[14.47923,41.55862],[14.47925,41.5585],[14.47922,41.55836],[14.47846,41.55668],[14.47839,41.55635],[14.4784,41.55539],[14.47824,41.55476],[14.47817,41.55412],[14.47786,41.55346],[14.47666,41.55111]]},"properties":{}},{"type":"Feature","geometry":{"type":"LineString","coordinates":[[14.49525,41.55914],[14.49681,41.55909],[14.49806,41.55914],[14.49827,41.55912],[14.49913,41.55896],[14.5,41.55858]]},"properties":{}},{"type":"Feature","geometry":{"type":"LineString","coordinates":[[14.493,41.55961],[14.49417,41.55943],[14.4947,41.55932],[14.49525,41.55914]]},"properties":{}},{"type":"Feature","geometry":{"type":"LineString","coordinates":[[14.47916,41.56046],[14.47934,41.56056]]},"properties":{}},{"type":"Feature","geometry":{"type":"LineString","coordinates":[[14.48148,41.55986],[14.48139,41.55992],[14.48126,41.56014],[14.48114,41.56044],[14.48111,41.56058],[14.48114,41.56089],[14.48129,41.56123],[14.48145,41.56149],[14.48183,41.56186],[14.48194,41.56202],[14.48202,41.56221],[14.48209,41.5626],[14.48215,41.56278],[14.4827,41.56367],[14.48288,41.56427],[14.48293,41.56467],[14.48299,41.5648],[14.48319,41.56502],[14.48334,41.56511],[14.48376,41.56527],[14.48409,41.56555],[14.48428,41.56566],[14.48475,41.56581],[14.48579,41.56597],[14.4871,41.56649],[14.48763,41.56674],[14.48824,41.56727],[14.48832,41.56732],[14.4884,41.56733],[14.4895,41.56707],[14.48959,41.56697],[14.48966,41.56679],[14.4898,41.56672],[14.49043,41.56679],[14.49056,41.56673],[14.49078,41.56645],[14.49085,41.56643],[14.49127,41.56647],[14.49164,41.56624],[14.49218,41.5662],[14.49235,41.56598],[14.49249,41.56571]]},"properties":{}},{"type":"Feature","geometry":{"type":"LineString","coordinates":[[14.47733,41.57006],[14.47801,41.56939],[14.47816,41.5692],[14.47822,41.56895],[14.47812,41.56868],[14.47812,41.56856],[14.47817,41.56841],[14.47847,41.56802],[14.47857,41.56775],[14.4786,41.56717],[14.47852,41.5667],[14.47862,41.56649],[14.4791,41.56611],[14.47921,41.566],[14.47928,41.56587],[14.47931,41.56571],[14.47929,41.56529],[14.47935,41.5649],[14.47974,41.56364],[14.47979,41.56316],[14.47971,41.56241],[14.4793,41.56093],[14.47929,41.56075],[14.47937,41.56044],[14.47944,41.56031],[14.47991,41.55978],[14.48012,41.55933],[14.48082,41.55861],[14.48137,41.55817],[14.48154,41.55806],[14.48198,41.55795]]},"properties":{}},{"type":"Feature","geometry":{"type":"LineString","coordinates":[[14.4755,41.57656],[14.47567,41.57625],[14.47571,41.5759],[14.4759,41.57559],[14.47602,41.57524],[14.47614,41.57511],[14.47631,41.57497],[14.47695,41.57465],[14.47716,41.5746],[14.47757,41.57444],[14.47771,41.57427],[14.47773,41.57408],[14.47767,41.57361],[14.4776,41.57223],[14.47758,41.57157],[14.47761,41.57111]]},"properties":{}},{"type":"Feature","geometry":{"type":"LineString","coordinates":[[14.43601,41.55427],[14.43631,41.5546],[14.43655,41.55506],[14.43729,41.55551],[14.43745,41.55577],[14.43803,41.55619],[14.43831,41.55649],[14.43939,41.55842],[14.43963,41.55921]]},"properties":{}},{"type":"Feature","geometry":{"type":"LineString","coordinates":[[14.42765,41.55987],[14.42778,41.55973],[14.42804,41.55905],[14.42832,41.55773],[14.42835,41.55717],[14.42833,41.55701],[14.42807,41.55629],[14.42722,41.55531]]},"properties":{}},{"type":"Feature","geometry":{"type":"LineString","coordinates":[[14.44336,41.56175],[14.44401,41.56166],[14.44496,41.5616],[14.44504,41.56155],[14.44505,41.56148],[14.44503,41.56141],[14.44466,41.56094],[14.44468,41.56081],[14.44475,41.56075],[14.44539,41.56028],[14.4457,41.56012],[14.44596,41.56004],[14.44685,41.55991],[14.44694,41.55986],[14.44698,41.5597],[14.44694,41.55964],[14.44685,41.55961],[14.44664,41.55962],[14.44638,41.55956],[14.44575,41.55929],[14.44484,41.5591],[14.4447,41.55904],[14.44449,41.55887],[14.44432,41.55857],[14.44412,41.55788],[14.44407,41.55779],[14.44353,41.55741],[14.44343,41.55729],[14.44334,41.55712],[14.44335,41.55698],[14.44368,41.55655],[14.44369,41.5564],[14.44349,41.55628],[14.44317,41.55615],[14.44264,41.5557],[14.44251,41.55547],[14.44229,41.5549],[14.44224,41.55485],[14.44216,41.55483],[14.44141,41.55489],[14.44119,41.55482],[14.44059,41.55436],[14.44046,41.55431],[14.43927,41.55414],[14.43883,41.55411],[14.4382,41.55414],[14.43771,41.55421],[14.43556,41.55428],[14.43324,41.55465],[14.43256,41.55489],[14.43232,41.55493],[14.43067,41.55479],[14.43034,41.55473],[14.42947,41.55443],[14.42895,41.5542]]},"properties":{}},{"type":"Feature","geometry":{"type":"LineString","coordinates":[[14.44732,41.55891],[14.44732,41.55881],[14.44751,41.5582],[14.44762,41.55814],[14.44793,41.55821],[14.44847,41.55853],[14.4486,41.55856],[14.44906,41.55849],[14.4496,41.55847],[14.45005,41.55837],[14.4502,41.55837],[14.45049,41.55845],[14.45095,41.55846],[14.45135,41.55832],[14.45154,41.55829],[14.45225,41.55833],[14.45283,41.55818],[14.45303,41.55817],[14.4533,41.55821],[14.45505,41.55898],[14.45537,41.55907]]},"properties":{}},{"type":"Feature","geometry":{"type":"LineString","coordinates":[[14.42579,41.55944],[14.42585,41.55941],[14.42596,41.55942],[14.42633,41.55963],[14.42693,41.55984],[14.42719,41.55989],[14.42824,41.55984],[14.42921,41.55995],[14.42951,41.55994],[14.43044,41.55974],[14.43094,41.55979],[14.43139,41.55996],[14.4315,41.56006],[14.43191,41.56087],[14.432,41.56094],[14.43211,41.56098],[14.43318,41.56105],[14.43338,41.56102],[14.43401,41.5607],[14.43423,41.56064],[14.43464,41.56057],[14.43565,41.5605],[14.43683,41.56009],[14.43796,41.55994],[14.43817,41.55994],[14.43907,41.56006],[14.43929,41.56013],[14.43981,41.56041],[14.44049,41.56084],[14.4411,41.56101],[14.4416,41.56128],[14.44244,41.56149],[14.44313,41.56172],[14.44336,41.56175]]},"properties":{}},{"type":"Feature","geometry":{"type":"LineString","coordinates":[[14.44336,41.56175],[14.44351,41.56191],[14.44354,41.56224],[14.44377,41.56256],[14.44444,41.56293],[14.44548,41.56371],[14.4457,41.56377],[14.44626,41.56373],[14.44671,41.56378]]},"properties":{}},{"type":"Feature","geometry":{"type":"LineString","coordinates":[[14.44982,41.5545],[14.45002,41.55457],[14.45147,41.55479],[14.4522,41.55497],[14.45246,41.55501],[14.45264,41.55508],[14.45464,41.55611],[14.45473,41.5562],[14.45479,41.55648],[14.45494,41.55675],[14.45508,41.55685],[14.45586,41.55725],[14.45592,41.55734],[14.45593,41.5575],[14.45558,41.55811],[14.45549,41.55835],[14.45541,41.55868],[14.4554,41.5589],[14.45537,41.559],[14.45552,41.55972],[14.45563,41.56005],[14.45647,41.56154],[14.45654,41.56162],[14.45735,41.56222],[14.45811,41.56317],[14.45835,41.56327],[14.45915,41.56337],[14.46183,41.56387],[14.46225,41.56428],[14.46254,41.5645],[14.46334,41.56497],[14.46419,41.56574],[14.46434,41.56585],[14.46491,41.56615],[14.46585,41.5664],[14.4661,41.56655],[14.46655,41.5673],[14.46665,41.56758],[14.46659,41.56787],[14.46632,41.56847],[14.46636,41.56877],[14.46645,41.569],[14.46637,41.56945],[14.46646,41.57001],[14.46642,41.57012],[14.466,41.57072],[14.46594,41.57091],[14.46614,41.57184],[14.46611,41.5726],[14.46598,41.57283],[14.46572,41.57316],[14.46552,41.57367],[14.46541,41.57383],[14.46529,41.57394],[14.46461,41.57432],[14.46452,41.57438],[14.46452,41.57446]]},"properties":{}},{"type":"Feature","geometry":{"type":"LineString","coordinates":[[14.43786,41.56551],[14.43881,41.56533],[14.43923,41.56518],[14.43939,41.56507],[14.43969,41.56477],[14.44011,41.56447],[14.44018,41.56435],[14.4402,41.56423],[14.44017,41.56394],[14.44026,41.56391]]},"properties":{}},{"type":"Feature","geometry":{"type":"LineString","coordinates":[[14.43861,41.56537],[14.43893,41.56514],[14.43916,41.56505],[14.43941,41.56489],[14.43948,41.56479],[14.43947,41.5647],[14.43926,41.56449]]},"properties":{}},{"type":"Feature","geometry":{"type":"LineString","coordinates":[[14.45849,41.56329],[14.45837,41.5637],[14.45801,41.56442],[14.45794,41.56473],[14.45782,41.56499],[14.45777,41.56519],[14.45768,41.56621],[14.45762,41.56635],[14.45749,41.56648],[14.4574,41.56689],[14.45747,41.5672],[14.45764,41.56751],[14.45834,41.56821],[14.45838,41.56828],[14.4584,41.56873]]},"properties":{}},{"type":"Feature","geometry":{"type":"LineString","coordinates":[[14.43781,41.56559],[14.43759,41.56555],[14.43676,41.56575],[14.43653,41.56588],[14.43639,41.56625],[14.43618,41.56623],[14.43596,41.56631],[14.43562,41.5663],[14.43504,41.56622],[14.43495,41.56612],[14.43439,41.5658],[14.43428,41.56578],[14.43393,41.56589],[14.43382,41.56596],[14.43365,41.56618],[14.43319,41.56601],[14.43307,41.56606],[14.43297,41.5662],[14.43276,41.56635],[14.43257,41.56656]]},"properties":{}},{"type":"Feature","geometry":{"type":"LineString","coordinates":[[14.43004,41.56754],[14.43018,41.56761],[14.43049,41.56792],[14.43065,41.56796],[14.43075,41.5679]]},"properties":{}},{"type":"Feature","geometry":{"type":"LineString","coordinates":[[14.44671,41.56378],[14.44732,41.56397],[14.44764,41.56411],[14.44812,41.56416],[14.4486,41.56433],[14.44879,41.56437],[14.44937,41.56443],[14.44962,41.56452],[14.45006,41.56475],[14.45045,41.56501],[14.45054,41.56512],[14.45073,41.56549],[14.45085,41.56587],[14.45095,41.56604],[14.45115,41.56621],[14.45198,41.56675],[14.45269,41.56709],[14.45275,41.56715],[14.4528,41.56786],[14.45282,41.56794],[14.45289,41.568],[14.45308,41.56803],[14.45374,41.56785],[14.45387,41.56784],[14.4545,41.56804],[14.45665,41.56832],[14.45796,41.56835],[14.45811,41.56839],[14.45821,41.56846],[14.45831,41.56859],[14.45847,41.56886],[14.45851,41.569],[14.45855,41.57098],[14.45865,41.57126],[14.45876,41.57145],[14.45905,41.57183],[14.45925,41.57199]]},"properties":{}},{"type":"Feature","geometry":{"type":"LineString","coordinates":[[14.44489,41.57059],[14.44562,41.57039],[14.4459,41.57022],[14.44684,41.56988],[14.44726,41.56985],[14.44747,41.56978],[14.44766,41.56944],[14.44785,41.5692],[14.448,41.56911],[14.44824,41.56888],[14.44892,41.5686],[14.44911,41.56848],[14.44937,41.56842],[14.45001,41.56835],[14.4501,41.56827],[14.45016,41.56816],[14.45015,41.56802],[14.45018,41.56794],[14.45036,41.56759],[14.45052,41.56736],[14.45092,41.56708],[14.45127,41.56702],[14.4518,41.56678],[14.4519,41.5667]]},"properties":{}},{"type":"Feature","geometry":{"type":"LineString","coordinates":[[14.45123,41.57403],[14.45136,41.57339],[14.45145,41.57319],[14.45163,41.57227],[14.45166,41.57218],[14.45183,41.57201],[14.45186,41.57187],[14.4517,41.57117],[14.45171,41.57099],[14.45261,41.5701],[14.45269,41.56998],[14.45316,41.5696],[14.45336,41.5696],[14.45423,41.56988],[14.45441,41.5699],[14.45456,41.56967],[14.45463,41.56962],[14.45461,41.56952],[14.45445,41.56937],[14.45461,41.56911],[14.45493,41.56896],[14.45502,41.56884],[14.45506,41.56832],[14.45512,41.56811]]},"properties":{}},{"type":"Feature","geometry":{"type":"LineString","coordinates":[[14.45851,41.56979],[14.45946,41.56979],[14.46053,41.56986],[14.461,41.56992],[14.46105,41.56996],[14.46081,41.57032],[14.46071,41.57037],[14.46065,41.5705],[14.46065,41.57066],[14.46048,41.57115],[14.46014,41.57124],[14.46005,41.57133],[14.45991,41.57164],[14.45993,41.57175],[14.46011,41.57199],[14.46015,41.57218],[14.46036,41.57248],[14.46048,41.57273]]},"properties":{}},{"type":"Feature","geometry":{"type":"LineString","coordinates":[[14.45186,41.57187],[14.45198,41.57144],[14.45203,41.57137],[14.45216,41.57127],[14.4526,41.57112]]},"properties":{}},{"type":"Feature","geometry":{"type":"LineString","coordinates":[[14.44559,41.57112],[14.44583,41.57124],[14.44646,41.57165],[14.4473,41.57241],[14.44798,41.57279]]},"properties":{}},{"type":"Feature","geometry":{"type":"LineString","coordinates":[[14.42991,41.56876],[14.4299,41.56888],[14.42955,41.56941],[14.4295,41.56954],[14.42945,41.56985],[14.4295,41.56999],[14.4295,41.57009],[14.42967,41.57037],[14.43005,41.57054],[14.43011,41.5706],[14.43011,41.57088],[14.43022,41.5713],[14.4302,41.57136],[14.42963,41.57169],[14.42955,41.57178],[14.4292,41.57201],[14.42884,41.57218],[14.4283,41.57265],[14.42815,41.57288],[14.42803,41.57297],[14.42773,41.57307],[14.42746,41.57324],[14.4273,41.57341],[14.4272,41.57368],[14.42715,41.57372],[14.4267,41.57376],[14.42587,41.57402],[14.42563,41.57416],[14.42516,41.57489],[14.42518,41.57503],[14.42503,41.57536],[14.42491,41.57553],[14.42489,41.5756],[14.42491,41.57567]]},"properties":{}},{"type":"Feature","geometry":{"type":"LineString","coordinates":[[14.45925,41.57199],[14.45955,41.57215],[14.45993,41.57244],[14.46012,41.57251],[14.46092,41.57297],[14.46194,41.57296],[14.46211,41.57299],[14.46253,41.57324]]},"properties":{}},{"type":"Feature","geometry":{"type":"LineString","coordinates":[[14.46253,41.57324],[14.46285,41.57341],[14.46389,41.57387],[14.46413,41.57412],[14.46431,41.57419],[14.46452,41.57446]]},"properties":{}},{"type":"Feature","geometry":{"type":"LineString","coordinates":[[14.45925,41.57199],[14.4598,41.57267],[14.46002,41.57301],[14.4604,41.57344],[14.46077,41.57376],[14.46089,41.57389],[14.46099,41.57406],[14.46117,41.57461],[14.46135,41.57474],[14.46172,41.57488],[14.46206,41.5752],[14.46246,41.57563],[14.46258,41.57572],[14.46289,41.57581],[14.46371,41.57592],[14.46393,41.57603],[14.46416,41.57622],[14.46438,41.57629],[14.46503,41.57621]]},"properties":{}},{"type":"Feature","geometry":{"type":"LineString","coordinates":[[14.45108,41.57459],[14.45117,41.57449],[14.45121,41.57406],[14.45129,41.57401],[14.45193,41.5744],[14.45219,41.57451],[14.45301,41.57425],[14.4532,41.57414],[14.45349,41.57389],[14.45378,41.57382],[14.45391,41.57382],[14.45411,41.574],[14.45424,41.57404],[14.4553,41.57395],[14.45567,41.57383]]},"properties":{}},{"type":"Feature","geometry":{"type":"LineString","coordinates":[[14.46178,41.57493],[14.46195,41.57485],[14.46238,41.5748],[14.46339,41.57455],[14.46355,41.57444],[14.46404,41.57426],[14.46423,41.57415]]},"properties":{}},{"type":"Feature","geometry":{"type":"LineString","coordinates":[[14.45539,41.57579],[14.45618,41.57568],[14.45622,41.57565],[14.45626,41.5755],[14.45627,41.57501],[14.45623,41.57489]]},"properties":{}},{"type":"Feature","geometry":{"type":"LineString","coordinates":[[14.45214,41.57451],[14.45297,41.57504],[14.45362,41.5756],[14.45381,41.57589],[14.45407,41.57616],[14.45414,41.57618],[14.4543,41.57615],[14.45483,41.57591],[14.4549,41.57583],[14.45484,41.57571],[14.45487,41.57565],[14.45492,41.57565],[14.45519,41.57578],[14.45539,41.57579]]},"properties":{}},{"type":"Feature","geometry":{"type":"LineString","coordinates":[[14.42715,41.57372],[14.42736,41.57374],[14.42769,41.57365],[14.42785,41.57365],[14.42828,41.57385],[14.42837,41.57403],[14.42844,41.57473],[14.42861,41.57511],[14.42858,41.5753],[14.42863,41.57564],[14.42862,41.57573],[14.42841,41.57589],[14.42832,41.57607],[14.42825,41.57629],[14.42816,41.57641],[14.42809,41.57662],[14.42807,41.5768],[14.42826,41.57727],[14.42826,41.57749],[14.42845,41.578],[14.42846,41.57817],[14.42828,41.57874],[14.42827,41.57889],[14.4282,41.57903],[14.42795,41.57937],[14.42783,41.57962],[14.42781,41.57993],[14.42788,41.58025]]},"properties":{}},{"type":"Feature","geometry":{"type":"LineString","coordinates":[[14.32595,41.58878],[14.32605,41.58884]]},"properties":{}},{"type":"Feature","geometry":{"type":"LineString","coordinates":[[14.33433,41.62691],[14.33435,41.62716],[14.33442,41.62726]]},"properties":{}},{"type":"Feature","geometry":{"type":"LineString","coordinates":[[14.31691,41.62732],[14.31753,41.62697]]},"properties":{}},{"type":"Feature","geometry":{"type":"LineString","coordinates":[[14.3342,41.62722],[14.33418,41.62715]]},"properties":{}},{"type":"Feature","geometry":{"type":"LineString","coordinates":[[14.31753,41.62697],[14.31716,41.62749]]},"properties":{}},{"type":"Feature","geometry":{"type":"LineString","coordinates":[[14.33412,41.62725],[14.3342,41.62722]]},"properties":{}},{"type":"Feature","geometry":{"type":"LineString","coordinates":[[14.3342,41.62722],[14.33442,41.62726]]},"properties":{}},{"type":"Feature","geometry":{"type":"LineString","coordinates":[[14.33444,41.62734],[14.3342,41.62722]]},"properties":{}},{"type":"Feature","geometry":{"type":"LineString","coordinates":[[14.33442,41.62726],[14.33469,41.62739]]},"properties":{}},{"type":"Feature","geometry":{"type":"LineString","coordinates":[[14.33469,41.62739],[14.33444,41.62734]]},"properties":{}},{"type":"Feature","geometry":{"type":"LineString","coordinates":[[14.33444,41.62734],[14.3342,41.62736],[14.33395,41.6275]]},"properties":{}},{"type":"Feature","geometry":{"type":"LineString","coordinates":[[14.31715,41.62743],[14.31716,41.62749],[14.31712,41.62759],[14.317,41.62765],[14.31685,41.62765],[14.31672,41.62753],[14.31673,41.62743],[14.31685,41.62734],[14.31705,41.62735],[14.31715,41.62743]]},"properties":{}},{"type":"Feature","geometry":{"type":"LineString","coordinates":[[14.31707,41.62763],[14.31697,41.6278]]},"properties":{}},{"type":"Feature","geometry":{"type":"LineString","coordinates":[[14.31697,41.6278],[14.31694,41.62772],[14.31685,41.62765]]},"properties":{}},{"type":"Feature","geometry":{"type":"LineString","coordinates":[[14.3202,41.62998],[14.32045,41.6297],[14.32079,41.62902]]},"properties":{}},{"type":"Feature","geometry":{"type":"LineString","coordinates":[[14.32077,41.63024],[14.32065,41.63006],[14.32046,41.62998],[14.3202,41.62998]]},"properties":{}},{"type":"Feature","geometry":{"type":"LineString","coordinates":[[14.31562,41.63253],[14.31588,41.63257],[14.31603,41.63257],[14.31626,41.6325]]},"properties":{}},{"type":"Feature","geometry":{"type":"LineString","coordinates":[[14.31626,41.6325],[14.3161,41.63273],[14.31607,41.63297],[14.31609,41.63309]]},"properties":{}},{"type":"Feature","geometry":{"type":"LineString","coordinates":[[14.32781,41.63921],[14.32777,41.64004]]},"properties":{}},{"type":"Feature","geometry":{"type":"LineString","coordinates":[[14.32755,41.63992],[14.3277,41.63997],[14.32777,41.64004]]},"properties":{}},{"type":"Feature","geometry":{"type":"LineString","coordinates":[[14.32787,41.64048],[14.32775,41.64031],[14.32755,41.63992]]},"properties":{}},{"type":"Feature","geometry":{"type":"LineString","coordinates":[[14.32777,41.64004],[14.32787,41.64048]]},"properties":{}},{"type":"Feature","geometry":{"type":"LineString","coordinates":[[14.46452,41.57446],[14.46464,41.57459],[14.4649,41.57472],[14.46597,41.57482],[14.4666,41.57511],[14.46694,41.57513],[14.46738,41.57498]]},"properties":{}}]}